geoid,state_fips,county_fips,tract,geography,attribute,category,estimate,source_table,source_lines,universe,vintage
14000US06089010100,06,089,010100,"Census Tract 010100, Shasta County, California",household_income,100000_124999,0,B19001,B19001 line 14,Households,2018
14000US06089010100,06,089,010100,"Census Tract 010100, Shasta County, California",household_income,10000_14999,189,B19001,B19001 line 3,Households,2018
14000US06089010100,06,089,010100,"Census Tract 010100, Shasta County, California",household_income,125000_149999,19,B19001,B19001 line 15,Households,2018
14000US06089010100,06,089,010100,"Census Tract 010100, Shasta County, California",household_income,150000_199999,12,B19001,B19001 line 16,Households,2018
14000US06089010100,06,089,010100,"Census Tract 010100, Shasta County, California",household_income,15000_19999,76,B19001,B19001 line 4,Households,2018
14000US06089010100,06,089,010100,"Census Tract 010100, Shasta County, California",household_income,200000_plus,0,B19001,B19001 line 17,Households,2018
14000US06089010100,06,089,010100,"Census Tract 010100, Shasta County, California",household_income,20000_24999,55,B19001,B19001 line 5,Households,2018
14000US06089010100,06,089,010100,"Census Tract 010100, Shasta County, California",household_income,25000_29999,74,B19001,B19001 line 6,Households,2018
14000US06089010100,06,089,010100,"Census Tract 010100, Shasta County, California",household_income,30000_34999,27,B19001,B19001 line 7,Households,2018
14000US06089010100,06,089,010100,"Census Tract 010100, Shasta County, California",household_income,35000_39999,19,B19001,B19001 line 8,Households,2018
14000US06089010100,06,089,010100,"Census Tract 010100, Shasta County, California",household_income,40000_44999,34,B19001,B19001 line 9,Households,2018
14000US06089010100,06,089,010100,"Census Tract 010100, Shasta County, California",household_income,45000_49999,13,B19001,B19001 line 10,Households,2018
14000US06089010100,06,089,010100,"Census Tract 010100, Shasta County, California",household_income,50000_59999,30,B19001,B19001 line 11,Households,2018
14000US06089010100,06,089,010100,"Census Tract 010100, Shasta County, California",household_income,60000_74999,34,B19001,B19001 line 12,Households,2018
14000US06089010100,06,089,010100,"Census Tract 010100, Shasta County, California",household_income,75000_99999,36,B19001,B19001 line 13,Households,2018
14000US06089010100,06,089,010100,"Census Tract 010100, Shasta County, California",household_income,lt_10000,115,B19001,B19001 line 2,Households,2018
14000US06089010100,06,089,010100,"Census Tract 010100, Shasta County, California",household_older_adult_presence,has_65_plus,202,B11007,B11007 line 2,Households,2018
14000US06089010100,06,089,010100,"Census Tract 010100, Shasta County, California",household_older_adult_presence,no_65_plus,531,B11007,B11007 line 7,Households,2018
14000US06089010100,06,089,010100,"Census Tract 010100, Shasta County, California",household_structure,married_couple,65,B11001,B11001 line 3,Households,2018
14000US06089010100,06,089,010100,"Census Tract 010100, Shasta County, California",household_structure,nonfamily_living_alone,529,B11001,B11001 line 8,Households,2018
14000US06089010100,06,089,010100,"Census Tract 010100, Shasta County, California",household_structure,nonfamily_not_living_alone,66,B11001,B11001 line 9,Households,2018
14000US06089010100,06,089,010100,"Census Tract 010100, Shasta County, California",household_structure,other_female_householder,41,B11001,B11001 line 6,Households,2018
14000US06089010100,06,089,010100,"Census Tract 010100, Shasta County, California",household_structure,other_male_householder,32,B11001,B11001 line 5,Households,2018
14000US06089010100,06,089,010100,"Census Tract 010100, Shasta County, California",person_age_group,0_17,125,B01001,"B01001 lines 3,4,5,6,27,28,29,30",Total population,2018
14000US06089010100,06,089,010100,"Census Tract 010100, Shasta County, California",person_age_group,18_34,249,B01001,"B01001 lines 7,8,9,10,11,31,32,33,34,35",Total population,2018
14000US06089010100,06,089,010100,"Census Tract 010100, Shasta County, California",person_age_group,35_64,901,B01001,"B01001 lines 12,13,14,15,16,17,18,19,36,37,38,39,40,41,42,43",Total population,2018
14000US06089010100,06,089,010100,"Census Tract 010100, Shasta County, California",person_age_group,65_plus,219,B01001,"B01001 lines 20,21,22,23,24,25,44,45,46,47,48,49",Total population,2018
14000US06089010100,06,089,010100,"Census Tract 010100, Shasta County, California",vehicle_count,0,243,B08201,B08201 line 2,Households,2018
14000US06089010100,06,089,010100,"Census Tract 010100, Shasta County, California",vehicle_count,1,362,B08201,B08201 line 3,Households,2018
14000US06089010100,06,089,010100,"Census Tract 010100, Shasta County, California",vehicle_count,2,82,B08201,B08201 line 4,Households,2018
14000US06089010100,06,089,010100,"Census Tract 010100, Shasta County, California",vehicle_count,3,26,B08201,B08201 line 5,Households,2018
14000US06089010100,06,089,010100,"Census Tract 010100, Shasta County, California",vehicle_count,4_plus,20,B08201,B08201 line 6,Households,2018
14000US06089010200,06,089,010200,"Census Tract 010200, Shasta County, California",household_income,100000_124999,27,B19001,B19001 line 14,Households,2018
14000US06089010200,06,089,010200,"Census Tract 010200, Shasta County, California",household_income,10000_14999,169,B19001,B19001 line 3,Households,2018
14000US06089010200,06,089,010200,"Census Tract 010200, Shasta County, California",household_income,125000_149999,29,B19001,B19001 line 15,Households,2018
14000US06089010200,06,089,010200,"Census Tract 010200, Shasta County, California",household_income,150000_199999,77,B19001,B19001 line 16,Households,2018
14000US06089010200,06,089,010200,"Census Tract 010200, Shasta County, California",household_income,15000_19999,95,B19001,B19001 line 4,Households,2018
14000US06089010200,06,089,010200,"Census Tract 010200, Shasta County, California",household_income,200000_plus,0,B19001,B19001 line 17,Households,2018
14000US06089010200,06,089,010200,"Census Tract 010200, Shasta County, California",household_income,20000_24999,111,B19001,B19001 line 5,Households,2018
14000US06089010200,06,089,010200,"Census Tract 010200, Shasta County, California",household_income,25000_29999,60,B19001,B19001 line 6,Households,2018
14000US06089010200,06,089,010200,"Census Tract 010200, Shasta County, California",household_income,30000_34999,39,B19001,B19001 line 7,Households,2018
14000US06089010200,06,089,010200,"Census Tract 010200, Shasta County, California",household_income,35000_39999,36,B19001,B19001 line 8,Households,2018
14000US06089010200,06,089,010200,"Census Tract 010200, Shasta County, California",household_income,40000_44999,30,B19001,B19001 line 9,Households,2018
14000US06089010200,06,089,010200,"Census Tract 010200, Shasta County, California",household_income,45000_49999,46,B19001,B19001 line 10,Households,2018
14000US06089010200,06,089,010200,"Census Tract 010200, Shasta County, California",household_income,50000_59999,87,B19001,B19001 line 11,Households,2018
14000US06089010200,06,089,010200,"Census Tract 010200, Shasta County, California",household_income,60000_74999,102,B19001,B19001 line 12,Households,2018
14000US06089010200,06,089,010200,"Census Tract 010200, Shasta County, California",household_income,75000_99999,122,B19001,B19001 line 13,Households,2018
14000US06089010200,06,089,010200,"Census Tract 010200, Shasta County, California",household_income,lt_10000,95,B19001,B19001 line 2,Households,2018
14000US06089010200,06,089,010200,"Census Tract 010200, Shasta County, California",household_older_adult_presence,has_65_plus,424,B11007,B11007 line 2,Households,2018
14000US06089010200,06,089,010200,"Census Tract 010200, Shasta County, California",household_older_adult_presence,no_65_plus,701,B11007,B11007 line 7,Households,2018
14000US06089010200,06,089,010200,"Census Tract 010200, Shasta County, California",household_structure,married_couple,294,B11001,B11001 line 3,Households,2018
14000US06089010200,06,089,010200,"Census Tract 010200, Shasta County, California",household_structure,nonfamily_living_alone,500,B11001,B11001 line 8,Households,2018
14000US06089010200,06,089,010200,"Census Tract 010200, Shasta County, California",household_structure,nonfamily_not_living_alone,189,B11001,B11001 line 9,Households,2018
14000US06089010200,06,089,010200,"Census Tract 010200, Shasta County, California",household_structure,other_female_householder,56,B11001,B11001 line 6,Households,2018
14000US06089010200,06,089,010200,"Census Tract 010200, Shasta County, California",household_structure,other_male_householder,86,B11001,B11001 line 5,Households,2018
14000US06089010200,06,089,010200,"Census Tract 010200, Shasta County, California",person_age_group,0_17,336,B01001,"B01001 lines 3,4,5,6,27,28,29,30",Total population,2018
14000US06089010200,06,089,010200,"Census Tract 010200, Shasta County, California",person_age_group,18_34,663,B01001,"B01001 lines 7,8,9,10,11,31,32,33,34,35",Total population,2018
14000US06089010200,06,089,010200,"Census Tract 010200, Shasta County, California",person_age_group,35_64,965,B01001,"B01001 lines 12,13,14,15,16,17,18,19,36,37,38,39,40,41,42,43",Total population,2018
14000US06089010200,06,089,010200,"Census Tract 010200, Shasta County, California",person_age_group,65_plus,500,B01001,"B01001 lines 20,21,22,23,24,25,44,45,46,47,48,49",Total population,2018
14000US06089010200,06,089,010200,"Census Tract 010200, Shasta County, California",vehicle_count,0,189,B08201,B08201 line 2,Households,2018
14000US06089010200,06,089,010200,"Census Tract 010200, Shasta County, California",vehicle_count,1,553,B08201,B08201 line 3,Households,2018
14000US06089010200,06,089,010200,"Census Tract 010200, Shasta County, California",vehicle_count,2,275,B08201,B08201 line 4,Households,2018
14000US06089010200,06,089,010200,"Census Tract 010200, Shasta County, California",vehicle_count,3,96,B08201,B08201 line 5,Households,2018
14000US06089010200,06,089,010200,"Census Tract 010200, Shasta County, California",vehicle_count,4_plus,12,B08201,B08201 line 6,Households,2018
14000US06089010300,06,089,010300,"Census Tract 010300, Shasta County, California",household_income,100000_124999,93,B19001,B19001 line 14,Households,2018
14000US06089010300,06,089,010300,"Census Tract 010300, Shasta County, California",household_income,10000_14999,120,B19001,B19001 line 3,Households,2018
14000US06089010300,06,089,010300,"Census Tract 010300, Shasta County, California",household_income,125000_149999,87,B19001,B19001 line 15,Households,2018
14000US06089010300,06,089,010300,"Census Tract 010300, Shasta County, California",household_income,150000_199999,33,B19001,B19001 line 16,Households,2018
14000US06089010300,06,089,010300,"Census Tract 010300, Shasta County, California",household_income,15000_19999,43,B19001,B19001 line 4,Households,2018
14000US06089010300,06,089,010300,"Census Tract 010300, Shasta County, California",household_income,200000_plus,50,B19001,B19001 line 17,Households,2018
14000US06089010300,06,089,010300,"Census Tract 010300, Shasta County, California",household_income,20000_24999,49,B19001,B19001 line 5,Households,2018
14000US06089010300,06,089,010300,"Census Tract 010300, Shasta County, California",household_income,25000_29999,100,B19001,B19001 line 6,Households,2018
14000US06089010300,06,089,010300,"Census Tract 010300, Shasta County, California",household_income,30000_34999,109,B19001,B19001 line 7,Households,2018
14000US06089010300,06,089,010300,"Census Tract 010300, Shasta County, California",household_income,35000_39999,44,B19001,B19001 line 8,Households,2018
14000US06089010300,06,089,010300,"Census Tract 010300, Shasta County, California",household_income,40000_44999,87,B19001,B19001 line 9,Households,2018
14000US06089010300,06,089,010300,"Census Tract 010300, Shasta County, California",household_income,45000_49999,135,B19001,B19001 line 10,Households,2018
14000US06089010300,06,089,010300,"Census Tract 010300, Shasta County, California",household_income,50000_59999,117,B19001,B19001 line 11,Households,2018
14000US06089010300,06,089,010300,"Census Tract 010300, Shasta County, California",household_income,60000_74999,230,B19001,B19001 line 12,Households,2018
14000US06089010300,06,089,010300,"Census Tract 010300, Shasta County, California",household_income,75000_99999,167,B19001,B19001 line 13,Households,2018
14000US06089010300,06,089,010300,"Census Tract 010300, Shasta County, California",household_income,lt_10000,68,B19001,B19001 line 2,Households,2018
14000US06089010300,06,089,010300,"Census Tract 010300, Shasta County, California",household_older_adult_presence,has_65_plus,459,B11007,B11007 line 2,Households,2018
14000US06089010300,06,089,010300,"Census Tract 010300, Shasta County, California",household_older_adult_presence,no_65_plus,1073,B11007,B11007 line 7,Households,2018
14000US06089010300,06,089,010300,"Census Tract 010300, Shasta County, California",household_structure,married_couple,665,B11001,B11001 line 3,Households,2018
14000US06089010300,06,089,010300,"Census Tract 010300, Shasta County, California",household_structure,nonfamily_living_alone,387,B11001,B11001 line 8,Households,2018
14000US06089010300,06,089,010300,"Census Tract 010300, Shasta County, California",household_structure,nonfamily_not_living_alone,207,B11001,B11001 line 9,Households,2018
14000US06089010300,06,089,010300,"Census Tract 010300, Shasta County, California",household_structure,other_female_householder,207,B11001,B11001 line 6,Households,2018
14000US06089010300,06,089,010300,"Census Tract 010300, Shasta County, California",household_structure,other_male_householder,66,B11001,B11001 line 5,Households,2018
14000US06089010300,06,089,010300,"Census Tract 010300, Shasta County, California",person_age_group,0_17,1018,B01001,"B01001 lines 3,4,5,6,27,28,29,30",Total population,2018
14000US06089010300,06,089,010300,"Census Tract 010300, Shasta County, California",person_age_group,18_34,950,B01001,"B01001 lines 7,8,9,10,11,31,32,33,34,35",Total population,2018
14000US06089010300,06,089,010300,"Census Tract 010300, Shasta County, California",person_age_group,35_64,1560,B01001,"B01001 lines 12,13,14,15,16,17,18,19,36,37,38,39,40,41,42,43",Total population,2018
14000US06089010300,06,089,010300,"Census Tract 010300, Shasta County, California",person_age_group,65_plus,658,B01001,"B01001 lines 20,21,22,23,24,25,44,45,46,47,48,49",Total population,2018
14000US06089010300,06,089,010300,"Census Tract 010300, Shasta County, California",vehicle_count,0,107,B08201,B08201 line 2,Households,2018
14000US06089010300,06,089,010300,"Census Tract 010300, Shasta County, California",vehicle_count,1,489,B08201,B08201 line 3,Households,2018
14000US06089010300,06,089,010300,"Census Tract 010300, Shasta County, California",vehicle_count,2,634,B08201,B08201 line 4,Households,2018
14000US06089010300,06,089,010300,"Census Tract 010300, Shasta County, California",vehicle_count,3,155,B08201,B08201 line 5,Households,2018
14000US06089010300,06,089,010300,"Census Tract 010300, Shasta County, California",vehicle_count,4_plus,147,B08201,B08201 line 6,Households,2018
14000US06089010400,06,089,010400,"Census Tract 010400, Shasta County, California",household_income,100000_124999,138,B19001,B19001 line 14,Households,2018
14000US06089010400,06,089,010400,"Census Tract 010400, Shasta County, California",household_income,10000_14999,83,B19001,B19001 line 3,Households,2018
14000US06089010400,06,089,010400,"Census Tract 010400, Shasta County, California",household_income,125000_149999,19,B19001,B19001 line 15,Households,2018
14000US06089010400,06,089,010400,"Census Tract 010400, Shasta County, California",household_income,150000_199999,37,B19001,B19001 line 16,Households,2018
14000US06089010400,06,089,010400,"Census Tract 010400, Shasta County, California",household_income,15000_19999,53,B19001,B19001 line 4,Households,2018
14000US06089010400,06,089,010400,"Census Tract 010400, Shasta County, California",household_income,200000_plus,58,B19001,B19001 line 17,Households,2018
14000US06089010400,06,089,010400,"Census Tract 010400, Shasta County, California",household_income,20000_24999,139,B19001,B19001 line 5,Households,2018
14000US06089010400,06,089,010400,"Census Tract 010400, Shasta County, California",household_income,25000_29999,145,B19001,B19001 line 6,Households,2018
14000US06089010400,06,089,010400,"Census Tract 010400, Shasta County, California",household_income,30000_34999,110,B19001,B19001 line 7,Households,2018
14000US06089010400,06,089,010400,"Census Tract 010400, Shasta County, California",household_income,35000_39999,126,B19001,B19001 line 8,Households,2018
14000US06089010400,06,089,010400,"Census Tract 010400, Shasta County, California",household_income,40000_44999,97,B19001,B19001 line 9,Households,2018
14000US06089010400,06,089,010400,"Census Tract 010400, Shasta County, California",household_income,45000_49999,58,B19001,B19001 line 10,Households,2018
14000US06089010400,06,089,010400,"Census Tract 010400, Shasta County, California",household_income,50000_59999,114,B19001,B19001 line 11,Households,2018
14000US06089010400,06,089,010400,"Census Tract 010400, Shasta County, California",household_income,60000_74999,135,B19001,B19001 line 12,Households,2018
14000US06089010400,06,089,010400,"Census Tract 010400, Shasta County, California",household_income,75000_99999,202,B19001,B19001 line 13,Households,2018
14000US06089010400,06,089,010400,"Census Tract 010400, Shasta County, California",household_income,lt_10000,96,B19001,B19001 line 2,Households,2018
14000US06089010400,06,089,010400,"Census Tract 010400, Shasta County, California",household_older_adult_presence,has_65_plus,456,B11007,B11007 line 2,Households,2018
14000US06089010400,06,089,010400,"Census Tract 010400, Shasta County, California",household_older_adult_presence,no_65_plus,1154,B11007,B11007 line 7,Households,2018
14000US06089010400,06,089,010400,"Census Tract 010400, Shasta County, California",household_structure,married_couple,663,B11001,B11001 line 3,Households,2018
14000US06089010400,06,089,010400,"Census Tract 010400, Shasta County, California",household_structure,nonfamily_living_alone,465,B11001,B11001 line 8,Households,2018
14000US06089010400,06,089,010400,"Census Tract 010400, Shasta County, California",household_structure,nonfamily_not_living_alone,111,B11001,B11001 line 9,Households,2018
14000US06089010400,06,089,010400,"Census Tract 010400, Shasta County, California",household_structure,other_female_householder,295,B11001,B11001 line 6,Households,2018
14000US06089010400,06,089,010400,"Census Tract 010400, Shasta County, California",household_structure,other_male_householder,76,B11001,B11001 line 5,Households,2018
14000US06089010400,06,089,010400,"Census Tract 010400, Shasta County, California",person_age_group,0_17,841,B01001,"B01001 lines 3,4,5,6,27,28,29,30",Total population,2018
14000US06089010400,06,089,010400,"Census Tract 010400, Shasta County, California",person_age_group,18_34,641,B01001,"B01001 lines 7,8,9,10,11,31,32,33,34,35",Total population,2018
14000US06089010400,06,089,010400,"Census Tract 010400, Shasta County, California",person_age_group,35_64,2035,B01001,"B01001 lines 12,13,14,15,16,17,18,19,36,37,38,39,40,41,42,43",Total population,2018
14000US06089010400,06,089,010400,"Census Tract 010400, Shasta County, California",person_age_group,65_plus,688,B01001,"B01001 lines 20,21,22,23,24,25,44,45,46,47,48,49",Total population,2018
14000US06089010400,06,089,010400,"Census Tract 010400, Shasta County, California",vehicle_count,0,154,B08201,B08201 line 2,Households,2018
14000US06089010400,06,089,010400,"Census Tract 010400, Shasta County, California",vehicle_count,1,511,B08201,B08201 line 3,Households,2018
14000US06089010400,06,089,010400,"Census Tract 010400, Shasta County, California",vehicle_count,2,665,B08201,B08201 line 4,Households,2018
14000US06089010400,06,089,010400,"Census Tract 010400, Shasta County, California",vehicle_count,3,161,B08201,B08201 line 5,Households,2018
14000US06089010400,06,089,010400,"Census Tract 010400, Shasta County, California",vehicle_count,4_plus,119,B08201,B08201 line 6,Households,2018
14000US06089010500,06,089,010500,"Census Tract 010500, Shasta County, California",household_income,100000_124999,112,B19001,B19001 line 14,Households,2018
14000US06089010500,06,089,010500,"Census Tract 010500, Shasta County, California",household_income,10000_14999,231,B19001,B19001 line 3,Households,2018
14000US06089010500,06,089,010500,"Census Tract 010500, Shasta County, California",household_income,125000_149999,99,B19001,B19001 line 15,Households,2018
14000US06089010500,06,089,010500,"Census Tract 010500, Shasta County, California",household_income,150000_199999,40,B19001,B19001 line 16,Households,2018
14000US06089010500,06,089,010500,"Census Tract 010500, Shasta County, California",household_income,15000_19999,113,B19001,B19001 line 4,Households,2018
14000US06089010500,06,089,010500,"Census Tract 010500, Shasta County, California",household_income,200000_plus,57,B19001,B19001 line 17,Households,2018
14000US06089010500,06,089,010500,"Census Tract 010500, Shasta County, California",household_income,20000_24999,78,B19001,B19001 line 5,Households,2018
14000US06089010500,06,089,010500,"Census Tract 010500, Shasta County, California",household_income,25000_29999,106,B19001,B19001 line 6,Households,2018
14000US06089010500,06,089,010500,"Census Tract 010500, Shasta County, California",household_income,30000_34999,120,B19001,B19001 line 7,Households,2018
14000US06089010500,06,089,010500,"Census Tract 010500, Shasta County, California",household_income,35000_39999,245,B19001,B19001 line 8,Households,2018
14000US06089010500,06,089,010500,"Census Tract 010500, Shasta County, California",household_income,40000_44999,191,B19001,B19001 line 9,Households,2018
14000US06089010500,06,089,010500,"Census Tract 010500, Shasta County, California",household_income,45000_49999,43,B19001,B19001 line 10,Households,2018
14000US06089010500,06,089,010500,"Census Tract 010500, Shasta County, California",household_income,50000_59999,95,B19001,B19001 line 11,Households,2018
14000US06089010500,06,089,010500,"Census Tract 010500, Shasta County, California",household_income,60000_74999,167,B19001,B19001 line 12,Households,2018
14000US06089010500,06,089,010500,"Census Tract 010500, Shasta County, California",household_income,75000_99999,252,B19001,B19001 line 13,Households,2018
14000US06089010500,06,089,010500,"Census Tract 010500, Shasta County, California",household_income,lt_10000,196,B19001,B19001 line 2,Households,2018
14000US06089010500,06,089,010500,"Census Tract 010500, Shasta County, California",household_older_adult_presence,has_65_plus,428,B11007,B11007 line 2,Households,2018
14000US06089010500,06,089,010500,"Census Tract 010500, Shasta County, California",household_older_adult_presence,no_65_plus,1717,B11007,B11007 line 7,Households,2018
14000US06089010500,06,089,010500,"Census Tract 010500, Shasta County, California",household_structure,married_couple,779,B11001,B11001 line 3,Households,2018
14000US06089010500,06,089,010500,"Census Tract 010500, Shasta County, California",household_structure,nonfamily_living_alone,702,B11001,B11001 line 8,Households,2018
14000US06089010500,06,089,010500,"Census Tract 010500, Shasta County, California",household_structure,nonfamily_not_living_alone,188,B11001,B11001 line 9,Households,2018
14000US06089010500,06,089,010500,"Census Tract 010500, Shasta County, California",household_structure,other_female_householder,376,B11001,B11001 line 6,Households,2018
14000US06089010500,06,089,010500,"Census Tract 010500, Shasta County, California",household_structure,other_male_householder,100,B11001,B11001 line 5,Households,2018
14000US06089010500,06,089,010500,"Census Tract 010500, Shasta County, California",person_age_group,0_17,1110,B01001,"B01001 lines 3,4,5,6,27,28,29,30",Total population,2018
14000US06089010500,06,089,010500,"Census Tract 010500, Shasta County, California",person_age_group,18_34,1360,B01001,"B01001 lines 7,8,9,10,11,31,32,33,34,35",Total population,2018
14000US06089010500,06,089,010500,"Census Tract 010500, Shasta County, California",person_age_group,35_64,2429,B01001,"B01001 lines 12,13,14,15,16,17,18,19,36,37,38,39,40,41,42,43",Total population,2018
14000US06089010500,06,089,010500,"Census Tract 010500, Shasta County, California",person_age_group,65_plus,708,B01001,"B01001 lines 20,21,22,23,24,25,44,45,46,47,48,49",Total population,2018
14000US06089010500,06,089,010500,"Census Tract 010500, Shasta County, California",vehicle_count,0,208,B08201,B08201 line 2,Households,2018
14000US06089010500,06,089,010500,"Census Tract 010500, Shasta County, California",vehicle_count,1,1014,B08201,B08201 line 3,Households,2018
14000US06089010500,06,089,010500,"Census Tract 010500, Shasta County, California",vehicle_count,2,599,B08201,B08201 line 4,Households,2018
14000US06089010500,06,089,010500,"Census Tract 010500, Shasta County, California",vehicle_count,3,295,B08201,B08201 line 5,Households,2018
14000US06089010500,06,089,010500,"Census Tract 010500, Shasta County, California",vehicle_count,4_plus,29,B08201,B08201 line 6,Households,2018
14000US06089010601,06,089,010601,"Census Tract 010601, Shasta County, California",household_income,100000_124999,108,B19001,B19001 line 14,Households,2018
14000US06089010601,06,089,010601,"Census Tract 010601, Shasta County, California",household_income,10000_14999,5,B19001,B19001 line 3,Households,2018
14000US06089010601,06,089,010601,"Census Tract 010601, Shasta County, California",household_income,125000_149999,79,B19001,B19001 line 15,Households,2018
14000US06089010601,06,089,010601,"Census Tract 010601, Shasta County, California",household_income,150000_199999,83,B19001,B19001 line 16,Households,2018
14000US06089010601,06,089,010601,"Census Tract 010601, Shasta County, California",household_income,15000_19999,24,B19001,B19001 line 4,Households,2018
14000US06089010601,06,089,010601,"Census Tract 010601, Shasta County, California",household_income,200000_plus,115,B19001,B19001 line 17,Households,2018
14000US06089010601,06,089,010601,"Census Tract 010601, Shasta County, California",household_income,20000_24999,10,B19001,B19001 line 5,Households,2018
14000US06089010601,06,089,010601,"Census Tract 010601, Shasta County, California",household_income,25000_29999,20,B19001,B19001 line 6,Households,2018
14000US06089010601,06,089,010601,"Census Tract 010601, Shasta County, California",household_income,30000_34999,39,B19001,B19001 line 7,Households,2018
14000US06089010601,06,089,010601,"Census Tract 010601, Shasta County, California",household_income,35000_39999,51,B19001,B19001 line 8,Households,2018
14000US06089010601,06,089,010601,"Census Tract 010601, Shasta County, California",household_income,40000_44999,14,B19001,B19001 line 9,Households,2018
14000US06089010601,06,089,010601,"Census Tract 010601, Shasta County, California",household_income,45000_49999,17,B19001,B19001 line 10,Households,2018
14000US06089010601,06,089,010601,"Census Tract 010601, Shasta County, California",household_income,50000_59999,58,B19001,B19001 line 11,Households,2018
14000US06089010601,06,089,010601,"Census Tract 010601, Shasta County, California",household_income,60000_74999,167,B19001,B19001 line 12,Households,2018
14000US06089010601,06,089,010601,"Census Tract 010601, Shasta County, California",household_income,75000_99999,140,B19001,B19001 line 13,Households,2018
14000US06089010601,06,089,010601,"Census Tract 010601, Shasta County, California",household_income,lt_10000,18,B19001,B19001 line 2,Households,2018
14000US06089010601,06,089,010601,"Census Tract 010601, Shasta County, California",household_older_adult_presence,has_65_plus,392,B11007,B11007 line 2,Households,2018
14000US06089010601,06,089,010601,"Census Tract 010601, Shasta County, California",household_older_adult_presence,no_65_plus,556,B11007,B11007 line 7,Households,2018
14000US06089010601,06,089,010601,"Census Tract 010601, Shasta County, California",household_structure,married_couple,599,B11001,B11001 line 3,Households,2018
14000US06089010601,06,089,010601,"Census Tract 010601, Shasta County, California",household_structure,nonfamily_living_alone,192,B11001,B11001 line 8,Households,2018
14000US06089010601,06,089,010601,"Census Tract 010601, Shasta County, California",household_structure,nonfamily_not_living_alone,42,B11001,B11001 line 9,Households,2018
14000US06089010601,06,089,010601,"Census Tract 010601, Shasta County, California",household_structure,other_female_householder,84,B11001,B11001 line 6,Households,2018
14000US06089010601,06,089,010601,"Census Tract 010601, Shasta County, California",household_structure,other_male_householder,31,B11001,B11001 line 5,Households,2018
14000US06089010601,06,089,010601,"Census Tract 010601, Shasta County, California",person_age_group,0_17,541,B01001,"B01001 lines 3,4,5,6,27,28,29,30",Total population,2018
14000US06089010601,06,089,010601,"Census Tract 010601, Shasta County, California",person_age_group,18_34,183,B01001,"B01001 lines 7,8,9,10,11,31,32,33,34,35",Total population,2018
14000US06089010601,06,089,010601,"Census Tract 010601, Shasta County, California",person_age_group,35_64,1143,B01001,"B01001 lines 12,13,14,15,16,17,18,19,36,37,38,39,40,41,42,43",Total population,2018
14000US06089010601,06,089,010601,"Census Tract 010601, Shasta County, California",person_age_group,65_plus,587,B01001,"B01001 lines 20,21,22,23,24,25,44,45,46,47,48,49",Total population,2018
14000US06089010601,06,089,010601,"Census Tract 010601, Shasta County, California",vehicle_count,0,16,B08201,B08201 line 2,Households,2018
14000US06089010601,06,089,010601,"Census Tract 010601, Shasta County, California",vehicle_count,1,228,B08201,B08201 line 3,Households,2018
14000US06089010601,06,089,010601,"Census Tract 010601, Shasta County, California",vehicle_count,2,439,B08201,B08201 line 4,Households,2018
14000US06089010601,06,089,010601,"Census Tract 010601, Shasta County, California",vehicle_count,3,198,B08201,B08201 line 5,Households,2018
14000US06089010601,06,089,010601,"Census Tract 010601, Shasta County, California",vehicle_count,4_plus,67,B08201,B08201 line 6,Households,2018
14000US06089010602,06,089,010602,"Census Tract 010602, Shasta County, California",household_income,100000_124999,129,B19001,B19001 line 14,Households,2018
14000US06089010602,06,089,010602,"Census Tract 010602, Shasta County, California",household_income,10000_14999,194,B19001,B19001 line 3,Households,2018
14000US06089010602,06,089,010602,"Census Tract 010602, Shasta County, California",household_income,125000_149999,157,B19001,B19001 line 15,Households,2018
14000US06089010602,06,089,010602,"Census Tract 010602, Shasta County, California",household_income,150000_199999,248,B19001,B19001 line 16,Households,2018
14000US06089010602,06,089,010602,"Census Tract 010602, Shasta County, California",household_income,15000_19999,65,B19001,B19001 line 4,Households,2018
14000US06089010602,06,089,010602,"Census Tract 010602, Shasta County, California",household_income,200000_plus,265,B19001,B19001 line 17,Households,2018
14000US06089010602,06,089,010602,"Census Tract 010602, Shasta County, California",household_income,20000_24999,124,B19001,B19001 line 5,Households,2018
14000US06089010602,06,089,010602,"Census Tract 010602, Shasta County, California",household_income,25000_29999,79,B19001,B19001 line 6,Households,2018
14000US06089010602,06,089,010602,"Census Tract 010602, Shasta County, California",household_income,30000_34999,36,B19001,B19001 line 7,Households,2018
14000US06089010602,06,089,010602,"Census Tract 010602, Shasta County, California",household_income,35000_39999,195,B19001,B19001 line 8,Households,2018
14000US06089010602,06,089,010602,"Census Tract 010602, Shasta County, California",household_income,40000_44999,162,B19001,B19001 line 9,Households,2018
14000US06089010602,06,089,010602,"Census Tract 010602, Shasta County, California",household_income,45000_49999,144,B19001,B19001 line 10,Households,2018
14000US06089010602,06,089,010602,"Census Tract 010602, Shasta County, California",household_income,50000_59999,105,B19001,B19001 line 11,Households,2018
14000US06089010602,06,089,010602,"Census Tract 010602, Shasta County, California",household_income,60000_74999,156,B19001,B19001 line 12,Households,2018
14000US06089010602,06,089,010602,"Census Tract 010602, Shasta County, California",household_income,75000_99999,237,B19001,B19001 line 13,Households,2018
14000US06089010602,06,089,010602,"Census Tract 010602, Shasta County, California",household_income,lt_10000,127,B19001,B19001 line 2,Households,2018
14000US06089010602,06,089,010602,"Census Tract 010602, Shasta County, California",household_older_adult_presence,has_65_plus,972,B11007,B11007 line 2,Households,2018
14000US06089010602,06,089,010602,"Census Tract 010602, Shasta County, California",household_older_adult_presence,no_65_plus,1451,B11007,B11007 line 7,Households,2018
14000US06089010602,06,089,010602,"Census Tract 010602, Shasta County, California",household_structure,married_couple,1080,B11001,B11001 line 3,Households,2018
14000US06089010602,06,089,010602,"Census Tract 010602, Shasta County, California",household_structure,nonfamily_living_alone,820,B11001,B11001 line 8,Households,2018
14000US06089010602,06,089,010602,"Census Tract 010602, Shasta County, California",household_structure,nonfamily_not_living_alone,84,B11001,B11001 line 9,Households,2018
14000US06089010602,06,089,010602,"Census Tract 010602, Shasta County, California",household_structure,other_female_householder,294,B11001,B11001 line 6,Households,2018
14000US06089010602,06,089,010602,"Census Tract 010602, Shasta County, California",household_structure,other_male_householder,145,B11001,B11001 line 5,Households,2018
14000US06089010602,06,089,010602,"Census Tract 010602, Shasta County, California",person_age_group,0_17,1289,B01001,"B01001 lines 3,4,5,6,27,28,29,30",Total population,2018
14000US06089010602,06,089,010602,"Census Tract 010602, Shasta County, California",person_age_group,18_34,598,B01001,"B01001 lines 7,8,9,10,11,31,32,33,34,35",Total population,2018
14000US06089010602,06,089,010602,"Census Tract 010602, Shasta County, California",person_age_group,35_64,2447,B01001,"B01001 lines 12,13,14,15,16,17,18,19,36,37,38,39,40,41,42,43",Total population,2018
14000US06089010602,06,089,010602,"Census Tract 010602, Shasta County, California",person_age_group,65_plus,1245,B01001,"B01001 lines 20,21,22,23,24,25,44,45,46,47,48,49",Total population,2018
14000US06089010602,06,089,010602,"Census Tract 010602, Shasta County, California",vehicle_count,0,163,B08201,B08201 line 2,Households,2018
14000US06089010602,06,089,010602,"Census Tract 010602, Shasta County, California",vehicle_count,1,812,B08201,B08201 line 3,Households,2018
14000US06089010602,06,089,010602,"Census Tract 010602, Shasta County, California",vehicle_count,2,763,B08201,B08201 line 4,Households,2018
14000US06089010602,06,089,010602,"Census Tract 010602, Shasta County, California",vehicle_count,3,384,B08201,B08201 line 5,Households,2018
14000US06089010602,06,089,010602,"Census Tract 010602, Shasta County, California",vehicle_count,4_plus,301,B08201,B08201 line 6,Households,2018
14000US06089010603,06,089,010603,"Census Tract 010603, Shasta County, California",household_income,100000_124999,66,B19001,B19001 line 14,Households,2018
14000US06089010603,06,089,010603,"Census Tract 010603, Shasta County, California",household_income,10000_14999,63,B19001,B19001 line 3,Households,2018
14000US06089010603,06,089,010603,"Census Tract 010603, Shasta County, California",household_income,125000_149999,26,B19001,B19001 line 15,Households,2018
14000US06089010603,06,089,010603,"Census Tract 010603, Shasta County, California",household_income,150000_199999,31,B19001,B19001 line 16,Households,2018
14000US06089010603,06,089,010603,"Census Tract 010603, Shasta County, California",household_income,15000_19999,6,B19001,B19001 line 4,Households,2018
14000US06089010603,06,089,010603,"Census Tract 010603, Shasta County, California",household_income,200000_plus,56,B19001,B19001 line 17,Households,2018
14000US06089010603,06,089,010603,"Census Tract 010603, Shasta County, California",household_income,20000_24999,15,B19001,B19001 line 5,Households,2018
14000US06089010603,06,089,010603,"Census Tract 010603, Shasta County, California",household_income,25000_29999,8,B19001,B19001 line 6,Households,2018
14000US06089010603,06,089,010603,"Census Tract 010603, Shasta County, California",household_income,30000_34999,21,B19001,B19001 line 7,Households,2018
14000US06089010603,06,089,010603,"Census Tract 010603, Shasta County, California",household_income,35000_39999,7,B19001,B19001 line 8,Households,2018
14000US06089010603,06,089,010603,"Census Tract 010603, Shasta County, California",household_income,40000_44999,10,B19001,B19001 line 9,Households,2018
14000US06089010603,06,089,010603,"Census Tract 010603, Shasta County, California",household_income,45000_49999,10,B19001,B19001 line 10,Households,2018
14000US06089010603,06,089,010603,"Census Tract 010603, Shasta County, California",household_income,50000_59999,81,B19001,B19001 line 11,Households,2018
14000US06089010603,06,089,010603,"Census Tract 010603, Shasta County, California",household_income,60000_74999,86,B19001,B19001 line 12,Households,2018
14000US06089010603,06,089,010603,"Census Tract 010603, Shasta County, California",household_income,75000_99999,54,B19001,B19001 line 13,Households,2018
14000US06089010603,06,089,010603,"Census Tract 010603, Shasta County, California",household_income,lt_10000,26,B19001,B19001 line 2,Households,2018
14000US06089010603,06,089,010603,"Census Tract 010603, Shasta County, California",household_older_adult_presence,has_65_plus,241,B11007,B11007 line 2,Households,2018
14000US06089010603,06,089,010603,"Census Tract 010603, Shasta County, California",household_older_adult_presence,no_65_plus,325,B11007,B11007 line 7,Households,2018
14000US06089010603,06,089,010603,"Census Tract 010603, Shasta County, California",household_structure,married_couple,356,B11001,B11001 line 3,Households,2018
14000US06089010603,06,089,010603,"Census Tract 010603, Shasta County, California",household_structure,nonfamily_living_alone,111,B11001,B11001 line 8,Households,2018
14000US06089010603,06,089,010603,"Census Tract 010603, Shasta County, California",household_structure,nonfamily_not_living_alone,27,B11001,B11001 line 9,Households,2018
14000US06089010603,06,089,010603,"Census Tract 010603, Shasta County, California",household_structure,other_female_householder,49,B11001,B11001 line 6,Households,2018
14000US06089010603,06,089,010603,"Census Tract 010603, Shasta County, California",household_structure,other_male_householder,23,B11001,B11001 line 5,Households,2018
14000US06089010603,06,089,010603,"Census Tract 010603, Shasta County, California",person_age_group,0_17,404,B01001,"B01001 lines 3,4,5,6,27,28,29,30",Total population,2018
14000US06089010603,06,089,010603,"Census Tract 010603, Shasta County, California",person_age_group,18_34,190,B01001,"B01001 lines 7,8,9,10,11,31,32,33,34,35",Total population,2018
14000US06089010603,06,089,010603,"Census Tract 010603, Shasta County, California",person_age_group,35_64,679,B01001,"B01001 lines 12,13,14,15,16,17,18,19,36,37,38,39,40,41,42,43",Total population,2018
14000US06089010603,06,089,010603,"Census Tract 010603, Shasta County, California",person_age_group,65_plus,343,B01001,"B01001 lines 20,21,22,23,24,25,44,45,46,47,48,49",Total population,2018
14000US06089010603,06,089,010603,"Census Tract 010603, Shasta County, California",vehicle_count,0,22,B08201,B08201 line 2,Households,2018
14000US06089010603,06,089,010603,"Census Tract 010603, Shasta County, California",vehicle_count,1,114,B08201,B08201 line 3,Households,2018
14000US06089010603,06,089,010603,"Census Tract 010603, Shasta County, California",vehicle_count,2,190,B08201,B08201 line 4,Households,2018
14000US06089010603,06,089,010603,"Census Tract 010603, Shasta County, California",vehicle_count,3,150,B08201,B08201 line 5,Households,2018
14000US06089010603,06,089,010603,"Census Tract 010603, Shasta County, California",vehicle_count,4_plus,90,B08201,B08201 line 6,Households,2018
14000US06089010702,06,089,010702,"Census Tract 010702, Shasta County, California",household_income,100000_124999,147,B19001,B19001 line 14,Households,2018
14000US06089010702,06,089,010702,"Census Tract 010702, Shasta County, California",household_income,10000_14999,214,B19001,B19001 line 3,Households,2018
14000US06089010702,06,089,010702,"Census Tract 010702, Shasta County, California",household_income,125000_149999,120,B19001,B19001 line 15,Households,2018
14000US06089010702,06,089,010702,"Census Tract 010702, Shasta County, California",household_income,150000_199999,138,B19001,B19001 line 16,Households,2018
14000US06089010702,06,089,010702,"Census Tract 010702, Shasta County, California",household_income,15000_19999,116,B19001,B19001 line 4,Households,2018
14000US06089010702,06,089,010702,"Census Tract 010702, Shasta County, California",household_income,200000_plus,127,B19001,B19001 line 17,Households,2018
14000US06089010702,06,089,010702,"Census Tract 010702, Shasta County, California",household_income,20000_24999,71,B19001,B19001 line 5,Households,2018
14000US06089010702,06,089,010702,"Census Tract 010702, Shasta County, California",household_income,25000_29999,10,B19001,B19001 line 6,Households,2018
14000US06089010702,06,089,010702,"Census Tract 010702, Shasta County, California",household_income,30000_34999,31,B19001,B19001 line 7,Households,2018
14000US06089010702,06,089,010702,"Census Tract 010702, Shasta County, California",household_income,35000_39999,15,B19001,B19001 line 8,Households,2018
14000US06089010702,06,089,010702,"Census Tract 010702, Shasta County, California",household_income,40000_44999,51,B19001,B19001 line 9,Households,2018
14000US06089010702,06,089,010702,"Census Tract 010702, Shasta County, California",household_income,45000_49999,37,B19001,B19001 line 10,Households,2018
14000US06089010702,06,089,010702,"Census Tract 010702, Shasta County, California",household_income,50000_59999,89,B19001,B19001 line 11,Households,2018
14000US06089010702,06,089,010702,"Census Tract 010702, Shasta County, California",household_income,60000_74999,143,B19001,B19001 line 12,Households,2018
14000US06089010702,06,089,010702,"Census Tract 010702, Shasta County, California",household_income,75000_99999,188,B19001,B19001 line 13,Households,2018
14000US06089010702,06,089,010702,"Census Tract 010702, Shasta County, California",household_income,lt_10000,76,B19001,B19001 line 2,Households,2018
14000US06089010702,06,089,010702,"Census Tract 010702, Shasta County, California",household_older_adult_presence,has_65_plus,546,B11007,B11007 line 2,Households,2018
14000US06089010702,06,089,010702,"Census Tract 010702, Shasta County, California",household_older_adult_presence,no_65_plus,1027,B11007,B11007 line 7,Households,2018
14000US06089010702,06,089,010702,"Census Tract 010702, Shasta County, California",household_structure,married_couple,683,B11001,B11001 line 3,Households,2018
14000US06089010702,06,089,010702,"Census Tract 010702, Shasta County, California",household_structure,nonfamily_living_alone,557,B11001,B11001 line 8,Households,2018
14000US06089010702,06,089,010702,"Census Tract 010702, Shasta County, California",household_structure,nonfamily_not_living_alone,108,B11001,B11001 line 9,Households,2018
14000US06089010702,06,089,010702,"Census Tract 010702, Shasta County, California",household_structure,other_female_householder,176,B11001,B11001 line 6,Households,2018
14000US06089010702,06,089,010702,"Census Tract 010702, Shasta County, California",household_structure,other_male_householder,49,B11001,B11001 line 5,Households,2018
14000US06089010702,06,089,010702,"Census Tract 010702, Shasta County, California",person_age_group,0_17,764,B01001,"B01001 lines 3,4,5,6,27,28,29,30",Total population,2018
14000US06089010702,06,089,010702,"Census Tract 010702, Shasta County, California",person_age_group,18_34,480,B01001,"B01001 lines 7,8,9,10,11,31,32,33,34,35",Total population,2018
14000US06089010702,06,089,010702,"Census Tract 010702, Shasta County, California",person_age_group,35_64,1679,B01001,"B01001 lines 12,13,14,15,16,17,18,19,36,37,38,39,40,41,42,43",Total population,2018
14000US06089010702,06,089,010702,"Census Tract 010702, Shasta County, California",person_age_group,65_plus,695,B01001,"B01001 lines 20,21,22,23,24,25,44,45,46,47,48,49",Total population,2018
14000US06089010702,06,089,010702,"Census Tract 010702, Shasta County, California",vehicle_count,0,257,B08201,B08201 line 2,Households,2018
14000US06089010702,06,089,010702,"Census Tract 010702, Shasta County, California",vehicle_count,1,406,B08201,B08201 line 3,Households,2018
14000US06089010702,06,089,010702,"Census Tract 010702, Shasta County, California",vehicle_count,2,537,B08201,B08201 line 4,Households,2018
14000US06089010702,06,089,010702,"Census Tract 010702, Shasta County, California",vehicle_count,3,234,B08201,B08201 line 5,Households,2018
14000US06089010702,06,089,010702,"Census Tract 010702, Shasta County, California",vehicle_count,4_plus,139,B08201,B08201 line 6,Households,2018
14000US06089010703,06,089,010703,"Census Tract 010703, Shasta County, California",household_income,100000_124999,123,B19001,B19001 line 14,Households,2018
14000US06089010703,06,089,010703,"Census Tract 010703, Shasta County, California",household_income,10000_14999,120,B19001,B19001 line 3,Households,2018
14000US06089010703,06,089,010703,"Census Tract 010703, Shasta County, California",household_income,125000_149999,57,B19001,B19001 line 15,Households,2018
14000US06089010703,06,089,010703,"Census Tract 010703, Shasta County, California",household_income,150000_199999,23,B19001,B19001 line 16,Households,2018
14000US06089010703,06,089,010703,"Census Tract 010703, Shasta County, California",household_income,15000_19999,115,B19001,B19001 line 4,Households,2018
14000US06089010703,06,089,010703,"Census Tract 010703, Shasta County, California",household_income,200000_plus,35,B19001,B19001 line 17,Households,2018
14000US06089010703,06,089,010703,"Census Tract 010703, Shasta County, California",household_income,20000_24999,77,B19001,B19001 line 5,Households,2018
14000US06089010703,06,089,010703,"Census Tract 010703, Shasta County, California",household_income,25000_29999,154,B19001,B19001 line 6,Households,2018
14000US06089010703,06,089,010703,"Census Tract 010703, Shasta County, California",household_income,30000_34999,67,B19001,B19001 line 7,Households,2018
14000US06089010703,06,089,010703,"Census Tract 010703, Shasta County, California",household_income,35000_39999,103,B19001,B19001 line 8,Households,2018
14000US06089010703,06,089,010703,"Census Tract 010703, Shasta County, California",household_income,40000_44999,117,B19001,B19001 line 9,Households,2018
14000US06089010703,06,089,010703,"Census Tract 010703, Shasta County, California",household_income,45000_49999,104,B19001,B19001 line 10,Households,2018
14000US06089010703,06,089,010703,"Census Tract 010703, Shasta County, California",household_income,50000_59999,180,B19001,B19001 line 11,Households,2018
14000US06089010703,06,089,010703,"Census Tract 010703, Shasta County, California",household_income,60000_74999,175,B19001,B19001 line 12,Households,2018
14000US06089010703,06,089,010703,"Census Tract 010703, Shasta County, California",household_income,75000_99999,162,B19001,B19001 line 13,Households,2018
14000US06089010703,06,089,010703,"Census Tract 010703, Shasta County, California",household_income,lt_10000,59,B19001,B19001 line 2,Households,2018
14000US06089010703,06,089,010703,"Census Tract 010703, Shasta County, California",household_older_adult_presence,has_65_plus,587,B11007,B11007 line 2,Households,2018
14000US06089010703,06,089,010703,"Census Tract 010703, Shasta County, California",household_older_adult_presence,no_65_plus,1084,B11007,B11007 line 7,Households,2018
14000US06089010703,06,089,010703,"Census Tract 010703, Shasta County, California",household_structure,married_couple,531,B11001,B11001 line 3,Households,2018
14000US06089010703,06,089,010703,"Census Tract 010703, Shasta County, California",household_structure,nonfamily_living_alone,824,B11001,B11001 line 8,Households,2018
14000US06089010703,06,089,010703,"Census Tract 010703, Shasta County, California",household_structure,nonfamily_not_living_alone,114,B11001,B11001 line 9,Households,2018
14000US06089010703,06,089,010703,"Census Tract 010703, Shasta County, California",household_structure,other_female_householder,174,B11001,B11001 line 6,Households,2018
14000US06089010703,06,089,010703,"Census Tract 010703, Shasta County, California",household_structure,other_male_householder,28,B11001,B11001 line 5,Households,2018
14000US06089010703,06,089,010703,"Census Tract 010703, Shasta County, California",person_age_group,0_17,505,B01001,"B01001 lines 3,4,5,6,27,28,29,30",Total population,2018
14000US06089010703,06,089,010703,"Census Tract 010703, Shasta County, California",person_age_group,18_34,819,B01001,"B01001 lines 7,8,9,10,11,31,32,33,34,35",Total population,2018
14000US06089010703,06,089,010703,"Census Tract 010703, Shasta County, California",person_age_group,35_64,1240,B01001,"B01001 lines 12,13,14,15,16,17,18,19,36,37,38,39,40,41,42,43",Total population,2018
14000US06089010703,06,089,010703,"Census Tract 010703, Shasta County, California",person_age_group,65_plus,719,B01001,"B01001 lines 20,21,22,23,24,25,44,45,46,47,48,49",Total population,2018
14000US06089010703,06,089,010703,"Census Tract 010703, Shasta County, California",vehicle_count,0,154,B08201,B08201 line 2,Households,2018
14000US06089010703,06,089,010703,"Census Tract 010703, Shasta County, California",vehicle_count,1,928,B08201,B08201 line 3,Households,2018
14000US06089010703,06,089,010703,"Census Tract 010703, Shasta County, California",vehicle_count,2,484,B08201,B08201 line 4,Households,2018
14000US06089010703,06,089,010703,"Census Tract 010703, Shasta County, California",vehicle_count,3,49,B08201,B08201 line 5,Households,2018
14000US06089010703,06,089,010703,"Census Tract 010703, Shasta County, California",vehicle_count,4_plus,56,B08201,B08201 line 6,Households,2018
14000US06089010704,06,089,010704,"Census Tract 010704, Shasta County, California",household_income,100000_124999,59,B19001,B19001 line 14,Households,2018
14000US06089010704,06,089,010704,"Census Tract 010704, Shasta County, California",household_income,10000_14999,273,B19001,B19001 line 3,Households,2018
14000US06089010704,06,089,010704,"Census Tract 010704, Shasta County, California",household_income,125000_149999,6,B19001,B19001 line 15,Households,2018
14000US06089010704,06,089,010704,"Census Tract 010704, Shasta County, California",household_income,150000_199999,50,B19001,B19001 line 16,Households,2018
14000US06089010704,06,089,010704,"Census Tract 010704, Shasta County, California",household_income,15000_19999,168,B19001,B19001 line 4,Households,2018
14000US06089010704,06,089,010704,"Census Tract 010704, Shasta County, California",household_income,200000_plus,42,B19001,B19001 line 17,Households,2018
14000US06089010704,06,089,010704,"Census Tract 010704, Shasta County, California",household_income,20000_24999,186,B19001,B19001 line 5,Households,2018
14000US06089010704,06,089,010704,"Census Tract 010704, Shasta County, California",household_income,25000_29999,80,B19001,B19001 line 6,Households,2018
14000US06089010704,06,089,010704,"Census Tract 010704, Shasta County, California",household_income,30000_34999,100,B19001,B19001 line 7,Households,2018
14000US06089010704,06,089,010704,"Census Tract 010704, Shasta County, California",household_income,35000_39999,101,B19001,B19001 line 8,Households,2018
14000US06089010704,06,089,010704,"Census Tract 010704, Shasta County, California",household_income,40000_44999,130,B19001,B19001 line 9,Households,2018
14000US06089010704,06,089,010704,"Census Tract 010704, Shasta County, California",household_income,45000_49999,62,B19001,B19001 line 10,Households,2018
14000US06089010704,06,089,010704,"Census Tract 010704, Shasta County, California",household_income,50000_59999,123,B19001,B19001 line 11,Households,2018
14000US06089010704,06,089,010704,"Census Tract 010704, Shasta County, California",household_income,60000_74999,149,B19001,B19001 line 12,Households,2018
14000US06089010704,06,089,010704,"Census Tract 010704, Shasta County, California",household_income,75000_99999,169,B19001,B19001 line 13,Households,2018
14000US06089010704,06,089,010704,"Census Tract 010704, Shasta County, California",household_income,lt_10000,141,B19001,B19001 line 2,Households,2018
14000US06089010704,06,089,010704,"Census Tract 010704, Shasta County, California",household_older_adult_presence,has_65_plus,782,B11007,B11007 line 2,Households,2018
14000US06089010704,06,089,010704,"Census Tract 010704, Shasta County, California",household_older_adult_presence,no_65_plus,1057,B11007,B11007 line 7,Households,2018
14000US06089010704,06,089,010704,"Census Tract 010704, Shasta County, California",household_structure,married_couple,511,B11001,B11001 line 3,Households,2018
14000US06089010704,06,089,010704,"Census Tract 010704, Shasta County, California",household_structure,nonfamily_living_alone,734,B11001,B11001 line 8,Households,2018
14000US06089010704,06,089,010704,"Census Tract 010704, Shasta County, California",household_structure,nonfamily_not_living_alone,190,B11001,B11001 line 9,Households,2018
14000US06089010704,06,089,010704,"Census Tract 010704, Shasta County, California",household_structure,other_female_householder,243,B11001,B11001 line 6,Households,2018
14000US06089010704,06,089,010704,"Census Tract 010704, Shasta County, California",household_structure,other_male_householder,161,B11001,B11001 line 5,Households,2018
14000US06089010704,06,089,010704,"Census Tract 010704, Shasta County, California",person_age_group,0_17,657,B01001,"B01001 lines 3,4,5,6,27,28,29,30",Total population,2018
14000US06089010704,06,089,010704,"Census Tract 010704, Shasta County, California",person_age_group,18_34,658,B01001,"B01001 lines 7,8,9,10,11,31,32,33,34,35",Total population,2018
14000US06089010704,06,089,010704,"Census Tract 010704, Shasta County, California",person_age_group,35_64,1549,B01001,"B01001 lines 12,13,14,15,16,17,18,19,36,37,38,39,40,41,42,43",Total population,2018
14000US06089010704,06,089,010704,"Census Tract 010704, Shasta County, California",person_age_group,65_plus,1040,B01001,"B01001 lines 20,21,22,23,24,25,44,45,46,47,48,49",Total population,2018
14000US06089010704,06,089,010704,"Census Tract 010704, Shasta County, California",vehicle_count,0,338,B08201,B08201 line 2,Households,2018
14000US06089010704,06,089,010704,"Census Tract 010704, Shasta County, California",vehicle_count,1,718,B08201,B08201 line 3,Households,2018
14000US06089010704,06,089,010704,"Census Tract 010704, Shasta County, California",vehicle_count,2,585,B08201,B08201 line 4,Households,2018
14000US06089010704,06,089,010704,"Census Tract 010704, Shasta County, California",vehicle_count,3,155,B08201,B08201 line 5,Households,2018
14000US06089010704,06,089,010704,"Census Tract 010704, Shasta County, California",vehicle_count,4_plus,43,B08201,B08201 line 6,Households,2018
14000US06089010803,06,089,010803,"Census Tract 010803, Shasta County, California",household_income,100000_124999,156,B19001,B19001 line 14,Households,2018
14000US06089010803,06,089,010803,"Census Tract 010803, Shasta County, California",household_income,10000_14999,69,B19001,B19001 line 3,Households,2018
14000US06089010803,06,089,010803,"Census Tract 010803, Shasta County, California",household_income,125000_149999,79,B19001,B19001 line 15,Households,2018
14000US06089010803,06,089,010803,"Census Tract 010803, Shasta County, California",household_income,150000_199999,146,B19001,B19001 line 16,Households,2018
14000US06089010803,06,089,010803,"Census Tract 010803, Shasta County, California",household_income,15000_19999,95,B19001,B19001 line 4,Households,2018
14000US06089010803,06,089,010803,"Census Tract 010803, Shasta County, California",household_income,200000_plus,57,B19001,B19001 line 17,Households,2018
14000US06089010803,06,089,010803,"Census Tract 010803, Shasta County, California",household_income,20000_24999,243,B19001,B19001 line 5,Households,2018
14000US06089010803,06,089,010803,"Census Tract 010803, Shasta County, California",household_income,25000_29999,106,B19001,B19001 line 6,Households,2018
14000US06089010803,06,089,010803,"Census Tract 010803, Shasta County, California",household_income,30000_34999,118,B19001,B19001 line 7,Households,2018
14000US06089010803,06,089,010803,"Census Tract 010803, Shasta County, California",household_income,35000_39999,180,B19001,B19001 line 8,Households,2018
14000US06089010803,06,089,010803,"Census Tract 010803, Shasta County, California",household_income,40000_44999,91,B19001,B19001 line 9,Households,2018
14000US06089010803,06,089,010803,"Census Tract 010803, Shasta County, California",household_income,45000_49999,0,B19001,B19001 line 10,Households,2018
14000US06089010803,06,089,010803,"Census Tract 010803, Shasta County, California",household_income,50000_59999,162,B19001,B19001 line 11,Households,2018
14000US06089010803,06,089,010803,"Census Tract 010803, Shasta County, California",household_income,60000_74999,235,B19001,B19001 line 12,Households,2018
14000US06089010803,06,089,010803,"Census Tract 010803, Shasta County, California",household_income,75000_99999,344,B19001,B19001 line 13,Households,2018
14000US06089010803,06,089,010803,"Census Tract 010803, Shasta County, California",household_income,lt_10000,234,B19001,B19001 line 2,Households,2018
14000US06089010803,06,089,010803,"Census Tract 010803, Shasta County, California",household_older_adult_presence,has_65_plus,705,B11007,B11007 line 2,Households,2018
14000US06089010803,06,089,010803,"Census Tract 010803, Shasta County, California",household_older_adult_presence,no_65_plus,1610,B11007,B11007 line 7,Households,2018
14000US06089010803,06,089,010803,"Census Tract 010803, Shasta County, California",household_structure,married_couple,871,B11001,B11001 line 3,Households,2018
14000US06089010803,06,089,010803,"Census Tract 010803, Shasta County, California",household_structure,nonfamily_living_alone,748,B11001,B11001 line 8,Households,2018
14000US06089010803,06,089,010803,"Census Tract 010803, Shasta County, California",household_structure,nonfamily_not_living_alone,176,B11001,B11001 line 9,Households,2018
14000US06089010803,06,089,010803,"Census Tract 010803, Shasta County, California",household_structure,other_female_householder,425,B11001,B11001 line 6,Households,2018
14000US06089010803,06,089,010803,"Census Tract 010803, Shasta County, California",household_structure,other_male_householder,95,B11001,B11001 line 5,Households,2018
14000US06089010803,06,089,010803,"Census Tract 010803, Shasta County, California",person_age_group,0_17,1564,B01001,"B01001 lines 3,4,5,6,27,28,29,30",Total population,2018
14000US06089010803,06,089,010803,"Census Tract 010803, Shasta County, California",person_age_group,18_34,1121,B01001,"B01001 lines 7,8,9,10,11,31,32,33,34,35",Total population,2018
14000US06089010803,06,089,010803,"Census Tract 010803, Shasta County, California",person_age_group,35_64,2312,B01001,"B01001 lines 12,13,14,15,16,17,18,19,36,37,38,39,40,41,42,43",Total population,2018
14000US06089010803,06,089,010803,"Census Tract 010803, Shasta County, California",person_age_group,65_plus,935,B01001,"B01001 lines 20,21,22,23,24,25,44,45,46,47,48,49",Total population,2018
14000US06089010803,06,089,010803,"Census Tract 010803, Shasta County, California",vehicle_count,0,159,B08201,B08201 line 2,Households,2018
14000US06089010803,06,089,010803,"Census Tract 010803, Shasta County, California",vehicle_count,1,1173,B08201,B08201 line 3,Households,2018
14000US06089010803,06,089,010803,"Census Tract 010803, Shasta County, California",vehicle_count,2,669,B08201,B08201 line 4,Households,2018
14000US06089010803,06,089,010803,"Census Tract 010803, Shasta County, California",vehicle_count,3,239,B08201,B08201 line 5,Households,2018
14000US06089010803,06,089,010803,"Census Tract 010803, Shasta County, California",vehicle_count,4_plus,75,B08201,B08201 line 6,Households,2018
14000US06089010804,06,089,010804,"Census Tract 010804, Shasta County, California",household_income,100000_124999,102,B19001,B19001 line 14,Households,2018
14000US06089010804,06,089,010804,"Census Tract 010804, Shasta County, California",household_income,10000_14999,65,B19001,B19001 line 3,Households,2018
14000US06089010804,06,089,010804,"Census Tract 010804, Shasta County, California",household_income,125000_149999,45,B19001,B19001 line 15,Households,2018
14000US06089010804,06,089,010804,"Census Tract 010804, Shasta County, California",household_income,150000_199999,36,B19001,B19001 line 16,Households,2018
14000US06089010804,06,089,010804,"Census Tract 010804, Shasta County, California",household_income,15000_19999,18,B19001,B19001 line 4,Households,2018
14000US06089010804,06,089,010804,"Census Tract 010804, Shasta County, California",household_income,200000_plus,71,B19001,B19001 line 17,Households,2018
14000US06089010804,06,089,010804,"Census Tract 010804, Shasta County, California",household_income,20000_24999,48,B19001,B19001 line 5,Households,2018
14000US06089010804,06,089,010804,"Census Tract 010804, Shasta County, California",household_income,25000_29999,45,B19001,B19001 line 6,Households,2018
14000US06089010804,06,089,010804,"Census Tract 010804, Shasta County, California",household_income,30000_34999,45,B19001,B19001 line 7,Households,2018
14000US06089010804,06,089,010804,"Census Tract 010804, Shasta County, California",household_income,35000_39999,40,B19001,B19001 line 8,Households,2018
14000US06089010804,06,089,010804,"Census Tract 010804, Shasta County, California",household_income,40000_44999,32,B19001,B19001 line 9,Households,2018
14000US06089010804,06,089,010804,"Census Tract 010804, Shasta County, California",household_income,45000_49999,36,B19001,B19001 line 10,Households,2018
14000US06089010804,06,089,010804,"Census Tract 010804, Shasta County, California",household_income,50000_59999,56,B19001,B19001 line 11,Households,2018
14000US06089010804,06,089,010804,"Census Tract 010804, Shasta County, California",household_income,60000_74999,103,B19001,B19001 line 12,Households,2018
14000US06089010804,06,089,010804,"Census Tract 010804, Shasta County, California",household_income,75000_99999,111,B19001,B19001 line 13,Households,2018
14000US06089010804,06,089,010804,"Census Tract 010804, Shasta County, California",household_income,lt_10000,23,B19001,B19001 line 2,Households,2018
14000US06089010804,06,089,010804,"Census Tract 010804, Shasta County, California",household_older_adult_presence,has_65_plus,398,B11007,B11007 line 2,Households,2018
14000US06089010804,06,089,010804,"Census Tract 010804, Shasta County, California",household_older_adult_presence,no_65_plus,478,B11007,B11007 line 7,Households,2018
14000US06089010804,06,089,010804,"Census Tract 010804, Shasta County, California",household_structure,married_couple,425,B11001,B11001 line 3,Households,2018
14000US06089010804,06,089,010804,"Census Tract 010804, Shasta County, California",household_structure,nonfamily_living_alone,258,B11001,B11001 line 8,Households,2018
14000US06089010804,06,089,010804,"Census Tract 010804, Shasta County, California",household_structure,nonfamily_not_living_alone,127,B11001,B11001 line 9,Households,2018
14000US06089010804,06,089,010804,"Census Tract 010804, Shasta County, California",household_structure,other_female_householder,45,B11001,B11001 line 6,Households,2018
14000US06089010804,06,089,010804,"Census Tract 010804, Shasta County, California",household_structure,other_male_householder,21,B11001,B11001 line 5,Households,2018
14000US06089010804,06,089,010804,"Census Tract 010804, Shasta County, California",person_age_group,0_17,400,B01001,"B01001 lines 3,4,5,6,27,28,29,30",Total population,2018
14000US06089010804,06,089,010804,"Census Tract 010804, Shasta County, California",person_age_group,18_34,836,B01001,"B01001 lines 7,8,9,10,11,31,32,33,34,35",Total population,2018
14000US06089010804,06,089,010804,"Census Tract 010804, Shasta County, California",person_age_group,35_64,898,B01001,"B01001 lines 12,13,14,15,16,17,18,19,36,37,38,39,40,41,42,43",Total population,2018
14000US06089010804,06,089,010804,"Census Tract 010804, Shasta County, California",person_age_group,65_plus,526,B01001,"B01001 lines 20,21,22,23,24,25,44,45,46,47,48,49",Total population,2018
14000US06089010804,06,089,010804,"Census Tract 010804, Shasta County, California",vehicle_count,0,67,B08201,B08201 line 2,Households,2018
14000US06089010804,06,089,010804,"Census Tract 010804, Shasta County, California",vehicle_count,1,206,B08201,B08201 line 3,Households,2018
14000US06089010804,06,089,010804,"Census Tract 010804, Shasta County, California",vehicle_count,2,420,B08201,B08201 line 4,Households,2018
14000US06089010804,06,089,010804,"Census Tract 010804, Shasta County, California",vehicle_count,3,123,B08201,B08201 line 5,Households,2018
14000US06089010804,06,089,010804,"Census Tract 010804, Shasta County, California",vehicle_count,4_plus,60,B08201,B08201 line 6,Households,2018
14000US06089010805,06,089,010805,"Census Tract 010805, Shasta County, California",household_income,100000_124999,190,B19001,B19001 line 14,Households,2018
14000US06089010805,06,089,010805,"Census Tract 010805, Shasta County, California",household_income,10000_14999,49,B19001,B19001 line 3,Households,2018
14000US06089010805,06,089,010805,"Census Tract 010805, Shasta County, California",household_income,125000_149999,84,B19001,B19001 line 15,Households,2018
14000US06089010805,06,089,010805,"Census Tract 010805, Shasta County, California",household_income,150000_199999,102,B19001,B19001 line 16,Households,2018
14000US06089010805,06,089,010805,"Census Tract 010805, Shasta County, California",household_income,15000_19999,87,B19001,B19001 line 4,Households,2018
14000US06089010805,06,089,010805,"Census Tract 010805, Shasta County, California",household_income,200000_plus,84,B19001,B19001 line 17,Households,2018
14000US06089010805,06,089,010805,"Census Tract 010805, Shasta County, California",household_income,20000_24999,116,B19001,B19001 line 5,Households,2018
14000US06089010805,06,089,010805,"Census Tract 010805, Shasta County, California",household_income,25000_29999,145,B19001,B19001 line 6,Households,2018
14000US06089010805,06,089,010805,"Census Tract 010805, Shasta County, California",household_income,30000_34999,29,B19001,B19001 line 7,Households,2018
14000US06089010805,06,089,010805,"Census Tract 010805, Shasta County, California",household_income,35000_39999,67,B19001,B19001 line 8,Households,2018
14000US06089010805,06,089,010805,"Census Tract 010805, Shasta County, California",household_income,40000_44999,79,B19001,B19001 line 9,Households,2018
14000US06089010805,06,089,010805,"Census Tract 010805, Shasta County, California",household_income,45000_49999,79,B19001,B19001 line 10,Households,2018
14000US06089010805,06,089,010805,"Census Tract 010805, Shasta County, California",household_income,50000_59999,229,B19001,B19001 line 11,Households,2018
14000US06089010805,06,089,010805,"Census Tract 010805, Shasta County, California",household_income,60000_74999,195,B19001,B19001 line 12,Households,2018
14000US06089010805,06,089,010805,"Census Tract 010805, Shasta County, California",household_income,75000_99999,236,B19001,B19001 line 13,Households,2018
14000US06089010805,06,089,010805,"Census Tract 010805, Shasta County, California",household_income,lt_10000,112,B19001,B19001 line 2,Households,2018
14000US06089010805,06,089,010805,"Census Tract 010805, Shasta County, California",household_older_adult_presence,has_65_plus,621,B11007,B11007 line 2,Households,2018
14000US06089010805,06,089,010805,"Census Tract 010805, Shasta County, California",household_older_adult_presence,no_65_plus,1262,B11007,B11007 line 7,Households,2018
14000US06089010805,06,089,010805,"Census Tract 010805, Shasta County, California",household_structure,married_couple,1007,B11001,B11001 line 3,Households,2018
14000US06089010805,06,089,010805,"Census Tract 010805, Shasta County, California",household_structure,nonfamily_living_alone,449,B11001,B11001 line 8,Households,2018
14000US06089010805,06,089,010805,"Census Tract 010805, Shasta County, California",household_structure,nonfamily_not_living_alone,141,B11001,B11001 line 9,Households,2018
14000US06089010805,06,089,010805,"Census Tract 010805, Shasta County, California",household_structure,other_female_householder,206,B11001,B11001 line 6,Households,2018
14000US06089010805,06,089,010805,"Census Tract 010805, Shasta County, California",household_structure,other_male_householder,80,B11001,B11001 line 5,Households,2018
14000US06089010805,06,089,010805,"Census Tract 010805, Shasta County, California",person_age_group,0_17,1045,B01001,"B01001 lines 3,4,5,6,27,28,29,30",Total population,2018
14000US06089010805,06,089,010805,"Census Tract 010805, Shasta County, California",person_age_group,18_34,699,B01001,"B01001 lines 7,8,9,10,11,31,32,33,34,35",Total population,2018
14000US06089010805,06,089,010805,"Census Tract 010805, Shasta County, California",person_age_group,35_64,2316,B01001,"B01001 lines 12,13,14,15,16,17,18,19,36,37,38,39,40,41,42,43",Total population,2018
14000US06089010805,06,089,010805,"Census Tract 010805, Shasta County, California",person_age_group,65_plus,813,B01001,"B01001 lines 20,21,22,23,24,25,44,45,46,47,48,49",Total population,2018
14000US06089010805,06,089,010805,"Census Tract 010805, Shasta County, California",vehicle_count,0,49,B08201,B08201 line 2,Households,2018
14000US06089010805,06,089,010805,"Census Tract 010805, Shasta County, California",vehicle_count,1,556,B08201,B08201 line 3,Households,2018
14000US06089010805,06,089,010805,"Census Tract 010805, Shasta County, California",vehicle_count,2,729,B08201,B08201 line 4,Households,2018
14000US06089010805,06,089,010805,"Census Tract 010805, Shasta County, California",vehicle_count,3,422,B08201,B08201 line 5,Households,2018
14000US06089010805,06,089,010805,"Census Tract 010805, Shasta County, California",vehicle_count,4_plus,127,B08201,B08201 line 6,Households,2018
14000US06089010806,06,089,010806,"Census Tract 010806, Shasta County, California",household_income,100000_124999,43,B19001,B19001 line 14,Households,2018
14000US06089010806,06,089,010806,"Census Tract 010806, Shasta County, California",household_income,10000_14999,152,B19001,B19001 line 3,Households,2018
14000US06089010806,06,089,010806,"Census Tract 010806, Shasta County, California",household_income,125000_149999,18,B19001,B19001 line 15,Households,2018
14000US06089010806,06,089,010806,"Census Tract 010806, Shasta County, California",household_income,150000_199999,19,B19001,B19001 line 16,Households,2018
14000US06089010806,06,089,010806,"Census Tract 010806, Shasta County, California",household_income,15000_19999,65,B19001,B19001 line 4,Households,2018
14000US06089010806,06,089,010806,"Census Tract 010806, Shasta County, California",household_income,200000_plus,40,B19001,B19001 line 17,Households,2018
14000US06089010806,06,089,010806,"Census Tract 010806, Shasta County, California",household_income,20000_24999,101,B19001,B19001 line 5,Households,2018
14000US06089010806,06,089,010806,"Census Tract 010806, Shasta County, California",household_income,25000_29999,108,B19001,B19001 line 6,Households,2018
14000US06089010806,06,089,010806,"Census Tract 010806, Shasta County, California",household_income,30000_34999,94,B19001,B19001 line 7,Households,2018
14000US06089010806,06,089,010806,"Census Tract 010806, Shasta County, California",household_income,35000_39999,109,B19001,B19001 line 8,Households,2018
14000US06089010806,06,089,010806,"Census Tract 010806, Shasta County, California",household_income,40000_44999,19,B19001,B19001 line 9,Households,2018
14000US06089010806,06,089,010806,"Census Tract 010806, Shasta County, California",household_income,45000_49999,37,B19001,B19001 line 10,Households,2018
14000US06089010806,06,089,010806,"Census Tract 010806, Shasta County, California",household_income,50000_59999,123,B19001,B19001 line 11,Households,2018
14000US06089010806,06,089,010806,"Census Tract 010806, Shasta County, California",household_income,60000_74999,147,B19001,B19001 line 12,Households,2018
14000US06089010806,06,089,010806,"Census Tract 010806, Shasta County, California",household_income,75000_99999,172,B19001,B19001 line 13,Households,2018
14000US06089010806,06,089,010806,"Census Tract 010806, Shasta County, California",household_income,lt_10000,154,B19001,B19001 line 2,Households,2018
14000US06089010806,06,089,010806,"Census Tract 010806, Shasta County, California",household_older_adult_presence,has_65_plus,462,B11007,B11007 line 2,Households,2018
14000US06089010806,06,089,010806,"Census Tract 010806, Shasta County, California",household_older_adult_presence,no_65_plus,939,B11007,B11007 line 7,Households,2018
14000US06089010806,06,089,010806,"Census Tract 010806, Shasta County, California",household_structure,married_couple,550,B11001,B11001 line 3,Households,2018
14000US06089010806,06,089,010806,"Census Tract 010806, Shasta County, California",household_structure,nonfamily_living_alone,595,B11001,B11001 line 8,Households,2018
14000US06089010806,06,089,010806,"Census Tract 010806, Shasta County, California",household_structure,nonfamily_not_living_alone,58,B11001,B11001 line 9,Households,2018
14000US06089010806,06,089,010806,"Census Tract 010806, Shasta County, California",household_structure,other_female_householder,113,B11001,B11001 line 6,Households,2018
14000US06089010806,06,089,010806,"Census Tract 010806, Shasta County, California",household_structure,other_male_householder,85,B11001,B11001 line 5,Households,2018
14000US06089010806,06,089,010806,"Census Tract 010806, Shasta County, California",person_age_group,0_17,501,B01001,"B01001 lines 3,4,5,6,27,28,29,30",Total population,2018
14000US06089010806,06,089,010806,"Census Tract 010806, Shasta County, California",person_age_group,18_34,398,B01001,"B01001 lines 7,8,9,10,11,31,32,33,34,35",Total population,2018
14000US06089010806,06,089,010806,"Census Tract 010806, Shasta County, California",person_age_group,35_64,1357,B01001,"B01001 lines 12,13,14,15,16,17,18,19,36,37,38,39,40,41,42,43",Total population,2018
14000US06089010806,06,089,010806,"Census Tract 010806, Shasta County, California",person_age_group,65_plus,650,B01001,"B01001 lines 20,21,22,23,24,25,44,45,46,47,48,49",Total population,2018
14000US06089010806,06,089,010806,"Census Tract 010806, Shasta County, California",vehicle_count,0,174,B08201,B08201 line 2,Households,2018
14000US06089010806,06,089,010806,"Census Tract 010806, Shasta County, California",vehicle_count,1,581,B08201,B08201 line 3,Households,2018
14000US06089010806,06,089,010806,"Census Tract 010806, Shasta County, California",vehicle_count,2,476,B08201,B08201 line 4,Households,2018
14000US06089010806,06,089,010806,"Census Tract 010806, Shasta County, California",vehicle_count,3,90,B08201,B08201 line 5,Households,2018
14000US06089010806,06,089,010806,"Census Tract 010806, Shasta County, California",vehicle_count,4_plus,80,B08201,B08201 line 6,Households,2018
14000US06089010807,06,089,010807,"Census Tract 010807, Shasta County, California",household_income,100000_124999,164,B19001,B19001 line 14,Households,2018
14000US06089010807,06,089,010807,"Census Tract 010807, Shasta County, California",household_income,10000_14999,10,B19001,B19001 line 3,Households,2018
14000US06089010807,06,089,010807,"Census Tract 010807, Shasta County, California",household_income,125000_149999,166,B19001,B19001 line 15,Households,2018
14000US06089010807,06,089,010807,"Census Tract 010807, Shasta County, California",household_income,150000_199999,127,B19001,B19001 line 16,Households,2018
14000US06089010807,06,089,010807,"Census Tract 010807, Shasta County, California",household_income,15000_19999,74,B19001,B19001 line 4,Households,2018
14000US06089010807,06,089,010807,"Census Tract 010807, Shasta County, California",household_income,200000_plus,103,B19001,B19001 line 17,Households,2018
14000US06089010807,06,089,010807,"Census Tract 010807, Shasta County, California",household_income,20000_24999,110,B19001,B19001 line 5,Households,2018
14000US06089010807,06,089,010807,"Census Tract 010807, Shasta County, California",household_income,25000_29999,10,B19001,B19001 line 6,Households,2018
14000US06089010807,06,089,010807,"Census Tract 010807, Shasta County, California",household_income,30000_34999,76,B19001,B19001 line 7,Households,2018
14000US06089010807,06,089,010807,"Census Tract 010807, Shasta County, California",household_income,35000_39999,84,B19001,B19001 line 8,Households,2018
14000US06089010807,06,089,010807,"Census Tract 010807, Shasta County, California",household_income,40000_44999,49,B19001,B19001 line 9,Households,2018
14000US06089010807,06,089,010807,"Census Tract 010807, Shasta County, California",household_income,45000_49999,74,B19001,B19001 line 10,Households,2018
14000US06089010807,06,089,010807,"Census Tract 010807, Shasta County, California",household_income,50000_59999,183,B19001,B19001 line 11,Households,2018
14000US06089010807,06,089,010807,"Census Tract 010807, Shasta County, California",household_income,60000_74999,141,B19001,B19001 line 12,Households,2018
14000US06089010807,06,089,010807,"Census Tract 010807, Shasta County, California",household_income,75000_99999,260,B19001,B19001 line 13,Households,2018
14000US06089010807,06,089,010807,"Census Tract 010807, Shasta County, California",household_income,lt_10000,72,B19001,B19001 line 2,Households,2018
14000US06089010807,06,089,010807,"Census Tract 010807, Shasta County, California",household_older_adult_presence,has_65_plus,766,B11007,B11007 line 2,Households,2018
14000US06089010807,06,089,010807,"Census Tract 010807, Shasta County, California",household_older_adult_presence,no_65_plus,937,B11007,B11007 line 7,Households,2018
14000US06089010807,06,089,010807,"Census Tract 010807, Shasta County, California",household_structure,married_couple,1062,B11001,B11001 line 3,Households,2018
14000US06089010807,06,089,010807,"Census Tract 010807, Shasta County, California",household_structure,nonfamily_living_alone,395,B11001,B11001 line 8,Households,2018
14000US06089010807,06,089,010807,"Census Tract 010807, Shasta County, California",household_structure,nonfamily_not_living_alone,69,B11001,B11001 line 9,Households,2018
14000US06089010807,06,089,010807,"Census Tract 010807, Shasta County, California",household_structure,other_female_householder,136,B11001,B11001 line 6,Households,2018
14000US06089010807,06,089,010807,"Census Tract 010807, Shasta County, California",household_structure,other_male_householder,41,B11001,B11001 line 5,Households,2018
14000US06089010807,06,089,010807,"Census Tract 010807, Shasta County, California",person_age_group,0_17,870,B01001,"B01001 lines 3,4,5,6,27,28,29,30",Total population,2018
14000US06089010807,06,089,010807,"Census Tract 010807, Shasta County, California",person_age_group,18_34,808,B01001,"B01001 lines 7,8,9,10,11,31,32,33,34,35",Total population,2018
14000US06089010807,06,089,010807,"Census Tract 010807, Shasta County, California",person_age_group,35_64,1738,B01001,"B01001 lines 12,13,14,15,16,17,18,19,36,37,38,39,40,41,42,43",Total population,2018
14000US06089010807,06,089,010807,"Census Tract 010807, Shasta County, California",person_age_group,65_plus,1179,B01001,"B01001 lines 20,21,22,23,24,25,44,45,46,47,48,49",Total population,2018
14000US06089010807,06,089,010807,"Census Tract 010807, Shasta County, California",vehicle_count,0,150,B08201,B08201 line 2,Households,2018
14000US06089010807,06,089,010807,"Census Tract 010807, Shasta County, California",vehicle_count,1,415,B08201,B08201 line 3,Households,2018
14000US06089010807,06,089,010807,"Census Tract 010807, Shasta County, California",vehicle_count,2,752,B08201,B08201 line 4,Households,2018
14000US06089010807,06,089,010807,"Census Tract 010807, Shasta County, California",vehicle_count,3,233,B08201,B08201 line 5,Households,2018
14000US06089010807,06,089,010807,"Census Tract 010807, Shasta County, California",vehicle_count,4_plus,153,B08201,B08201 line 6,Households,2018
14000US06089010900,06,089,010900,"Census Tract 010900, Shasta County, California",household_income,100000_124999,53,B19001,B19001 line 14,Households,2018
14000US06089010900,06,089,010900,"Census Tract 010900, Shasta County, California",household_income,10000_14999,90,B19001,B19001 line 3,Households,2018
14000US06089010900,06,089,010900,"Census Tract 010900, Shasta County, California",household_income,125000_149999,27,B19001,B19001 line 15,Households,2018
14000US06089010900,06,089,010900,"Census Tract 010900, Shasta County, California",household_income,150000_199999,32,B19001,B19001 line 16,Households,2018
14000US06089010900,06,089,010900,"Census Tract 010900, Shasta County, California",household_income,15000_19999,269,B19001,B19001 line 4,Households,2018
14000US06089010900,06,089,010900,"Census Tract 010900, Shasta County, California",household_income,200000_plus,110,B19001,B19001 line 17,Households,2018
14000US06089010900,06,089,010900,"Census Tract 010900, Shasta County, California",household_income,20000_24999,104,B19001,B19001 line 5,Households,2018
14000US06089010900,06,089,010900,"Census Tract 010900, Shasta County, California",household_income,25000_29999,118,B19001,B19001 line 6,Households,2018
14000US06089010900,06,089,010900,"Census Tract 010900, Shasta County, California",household_income,30000_34999,38,B19001,B19001 line 7,Households,2018
14000US06089010900,06,089,010900,"Census Tract 010900, Shasta County, California",household_income,35000_39999,66,B19001,B19001 line 8,Households,2018
14000US06089010900,06,089,010900,"Census Tract 010900, Shasta County, California",household_income,40000_44999,83,B19001,B19001 line 9,Households,2018
14000US06089010900,06,089,010900,"Census Tract 010900, Shasta County, California",household_income,45000_49999,67,B19001,B19001 line 10,Households,2018
14000US06089010900,06,089,010900,"Census Tract 010900, Shasta County, California",household_income,50000_59999,148,B19001,B19001 line 11,Households,2018
14000US06089010900,06,089,010900,"Census Tract 010900, Shasta County, California",household_income,60000_74999,184,B19001,B19001 line 12,Households,2018
14000US06089010900,06,089,010900,"Census Tract 010900, Shasta County, California",household_income,75000_99999,165,B19001,B19001 line 13,Households,2018
14000US06089010900,06,089,010900,"Census Tract 010900, Shasta County, California",household_income,lt_10000,152,B19001,B19001 line 2,Households,2018
14000US06089010900,06,089,010900,"Census Tract 010900, Shasta County, California",household_older_adult_presence,has_65_plus,627,B11007,B11007 line 2,Households,2018
14000US06089010900,06,089,010900,"Census Tract 010900, Shasta County, California",household_older_adult_presence,no_65_plus,1079,B11007,B11007 line 7,Households,2018
14000US06089010900,06,089,010900,"Census Tract 010900, Shasta County, California",household_structure,married_couple,630,B11001,B11001 line 3,Households,2018
14000US06089010900,06,089,010900,"Census Tract 010900, Shasta County, California",household_structure,nonfamily_living_alone,540,B11001,B11001 line 8,Households,2018
14000US06089010900,06,089,010900,"Census Tract 010900, Shasta County, California",household_structure,nonfamily_not_living_alone,151,B11001,B11001 line 9,Households,2018
14000US06089010900,06,089,010900,"Census Tract 010900, Shasta County, California",household_structure,other_female_householder,283,B11001,B11001 line 6,Households,2018
14000US06089010900,06,089,010900,"Census Tract 010900, Shasta County, California",household_structure,other_male_householder,102,B11001,B11001 line 5,Households,2018
14000US06089010900,06,089,010900,"Census Tract 010900, Shasta County, California",person_age_group,0_17,1108,B01001,"B01001 lines 3,4,5,6,27,28,29,30",Total population,2018
14000US06089010900,06,089,010900,"Census Tract 010900, Shasta County, California",person_age_group,18_34,520,B01001,"B01001 lines 7,8,9,10,11,31,32,33,34,35",Total population,2018
14000US06089010900,06,089,010900,"Census Tract 010900, Shasta County, California",person_age_group,35_64,1620,B01001,"B01001 lines 12,13,14,15,16,17,18,19,36,37,38,39,40,41,42,43",Total population,2018
14000US06089010900,06,089,010900,"Census Tract 010900, Shasta County, California",person_age_group,65_plus,988,B01001,"B01001 lines 20,21,22,23,24,25,44,45,46,47,48,49",Total population,2018
14000US06089010900,06,089,010900,"Census Tract 010900, Shasta County, California",vehicle_count,0,199,B08201,B08201 line 2,Households,2018
14000US06089010900,06,089,010900,"Census Tract 010900, Shasta County, California",vehicle_count,1,748,B08201,B08201 line 3,Households,2018
14000US06089010900,06,089,010900,"Census Tract 010900, Shasta County, California",vehicle_count,2,454,B08201,B08201 line 4,Households,2018
14000US06089010900,06,089,010900,"Census Tract 010900, Shasta County, California",vehicle_count,3,252,B08201,B08201 line 5,Households,2018
14000US06089010900,06,089,010900,"Census Tract 010900, Shasta County, California",vehicle_count,4_plus,53,B08201,B08201 line 6,Households,2018
14000US06089011001,06,089,011001,"Census Tract 011001, Shasta County, California",household_income,100000_124999,76,B19001,B19001 line 14,Households,2018
14000US06089011001,06,089,011001,"Census Tract 011001, Shasta County, California",household_income,10000_14999,41,B19001,B19001 line 3,Households,2018
14000US06089011001,06,089,011001,"Census Tract 011001, Shasta County, California",household_income,125000_149999,57,B19001,B19001 line 15,Households,2018
14000US06089011001,06,089,011001,"Census Tract 011001, Shasta County, California",household_income,150000_199999,59,B19001,B19001 line 16,Households,2018
14000US06089011001,06,089,011001,"Census Tract 011001, Shasta County, California",household_income,15000_19999,5,B19001,B19001 line 4,Households,2018
14000US06089011001,06,089,011001,"Census Tract 011001, Shasta County, California",household_income,200000_plus,87,B19001,B19001 line 17,Households,2018
14000US06089011001,06,089,011001,"Census Tract 011001, Shasta County, California",household_income,20000_24999,30,B19001,B19001 line 5,Households,2018
14000US06089011001,06,089,011001,"Census Tract 011001, Shasta County, California",household_income,25000_29999,35,B19001,B19001 line 6,Households,2018
14000US06089011001,06,089,011001,"Census Tract 011001, Shasta County, California",household_income,30000_34999,17,B19001,B19001 line 7,Households,2018
14000US06089011001,06,089,011001,"Census Tract 011001, Shasta County, California",household_income,35000_39999,14,B19001,B19001 line 8,Households,2018
14000US06089011001,06,089,011001,"Census Tract 011001, Shasta County, California",household_income,40000_44999,13,B19001,B19001 line 9,Households,2018
14000US06089011001,06,089,011001,"Census Tract 011001, Shasta County, California",household_income,45000_49999,9,B19001,B19001 line 10,Households,2018
14000US06089011001,06,089,011001,"Census Tract 011001, Shasta County, California",household_income,50000_59999,37,B19001,B19001 line 11,Households,2018
14000US06089011001,06,089,011001,"Census Tract 011001, Shasta County, California",household_income,60000_74999,54,B19001,B19001 line 12,Households,2018
14000US06089011001,06,089,011001,"Census Tract 011001, Shasta County, California",household_income,75000_99999,78,B19001,B19001 line 13,Households,2018
14000US06089011001,06,089,011001,"Census Tract 011001, Shasta County, California",household_income,lt_10000,19,B19001,B19001 line 2,Households,2018
14000US06089011001,06,089,011001,"Census Tract 011001, Shasta County, California",household_older_adult_presence,has_65_plus,232,B11007,B11007 line 2,Households,2018
14000US06089011001,06,089,011001,"Census Tract 011001, Shasta County, California",household_older_adult_presence,no_65_plus,399,B11007,B11007 line 7,Households,2018
14000US06089011001,06,089,011001,"Census Tract 011001, Shasta County, California",household_structure,married_couple,441,B11001,B11001 line 3,Households,2018
14000US06089011001,06,089,011001,"Census Tract 011001, Shasta County, California",household_structure,nonfamily_living_alone,97,B11001,B11001 line 8,Households,2018
14000US06089011001,06,089,011001,"Census Tract 011001, Shasta County, California",household_structure,nonfamily_not_living_alone,26,B11001,B11001 line 9,Households,2018
14000US06089011001,06,089,011001,"Census Tract 011001, Shasta County, California",household_structure,other_female_householder,17,B11001,B11001 line 6,Households,2018
14000US06089011001,06,089,011001,"Census Tract 011001, Shasta County, California",household_structure,other_male_householder,50,B11001,B11001 line 5,Households,2018
14000US06089011001,06,089,011001,"Census Tract 011001, Shasta County, California",person_age_group,0_17,381,B01001,"B01001 lines 3,4,5,6,27,28,29,30",Total population,2018
14000US06089011001,06,089,011001,"Census Tract 011001, Shasta County, California",person_age_group,18_34,171,B01001,"B01001 lines 7,8,9,10,11,31,32,33,34,35",Total population,2018
14000US06089011001,06,089,011001,"Census Tract 011001, Shasta County, California",person_age_group,35_64,809,B01001,"B01001 lines 12,13,14,15,16,17,18,19,36,37,38,39,40,41,42,43",Total population,2018
14000US06089011001,06,089,011001,"Census Tract 011001, Shasta County, California",person_age_group,65_plus,348,B01001,"B01001 lines 20,21,22,23,24,25,44,45,46,47,48,49",Total population,2018
14000US06089011001,06,089,011001,"Census Tract 011001, Shasta County, California",vehicle_count,0,10,B08201,B08201 line 2,Households,2018
14000US06089011001,06,089,011001,"Census Tract 011001, Shasta County, California",vehicle_count,1,64,B08201,B08201 line 3,Households,2018
14000US06089011001,06,089,011001,"Census Tract 011001, Shasta County, California",vehicle_count,2,301,B08201,B08201 line 4,Households,2018
14000US06089011001,06,089,011001,"Census Tract 011001, Shasta County, California",vehicle_count,3,191,B08201,B08201 line 5,Households,2018
14000US06089011001,06,089,011001,"Census Tract 011001, Shasta County, California",vehicle_count,4_plus,65,B08201,B08201 line 6,Households,2018
14000US06089011002,06,089,011002,"Census Tract 011002, Shasta County, California",household_income,100000_124999,172,B19001,B19001 line 14,Households,2018
14000US06089011002,06,089,011002,"Census Tract 011002, Shasta County, California",household_income,10000_14999,122,B19001,B19001 line 3,Households,2018
14000US06089011002,06,089,011002,"Census Tract 011002, Shasta County, California",household_income,125000_149999,119,B19001,B19001 line 15,Households,2018
14000US06089011002,06,089,011002,"Census Tract 011002, Shasta County, California",household_income,150000_199999,154,B19001,B19001 line 16,Households,2018
14000US06089011002,06,089,011002,"Census Tract 011002, Shasta County, California",household_income,15000_19999,56,B19001,B19001 line 4,Households,2018
14000US06089011002,06,089,011002,"Census Tract 011002, Shasta County, California",household_income,200000_plus,52,B19001,B19001 line 17,Households,2018
14000US06089011002,06,089,011002,"Census Tract 011002, Shasta County, California",household_income,20000_24999,114,B19001,B19001 line 5,Households,2018
14000US06089011002,06,089,011002,"Census Tract 011002, Shasta County, California",household_income,25000_29999,123,B19001,B19001 line 6,Households,2018
14000US06089011002,06,089,011002,"Census Tract 011002, Shasta County, California",household_income,30000_34999,77,B19001,B19001 line 7,Households,2018
14000US06089011002,06,089,011002,"Census Tract 011002, Shasta County, California",household_income,35000_39999,180,B19001,B19001 line 8,Households,2018
14000US06089011002,06,089,011002,"Census Tract 011002, Shasta County, California",household_income,40000_44999,105,B19001,B19001 line 9,Households,2018
14000US06089011002,06,089,011002,"Census Tract 011002, Shasta County, California",household_income,45000_49999,73,B19001,B19001 line 10,Households,2018
14000US06089011002,06,089,011002,"Census Tract 011002, Shasta County, California",household_income,50000_59999,121,B19001,B19001 line 11,Households,2018
14000US06089011002,06,089,011002,"Census Tract 011002, Shasta County, California",household_income,60000_74999,196,B19001,B19001 line 12,Households,2018
14000US06089011002,06,089,011002,"Census Tract 011002, Shasta County, California",household_income,75000_99999,234,B19001,B19001 line 13,Households,2018
14000US06089011002,06,089,011002,"Census Tract 011002, Shasta County, California",household_income,lt_10000,162,B19001,B19001 line 2,Households,2018
14000US06089011002,06,089,011002,"Census Tract 011002, Shasta County, California",household_older_adult_presence,has_65_plus,845,B11007,B11007 line 2,Households,2018
14000US06089011002,06,089,011002,"Census Tract 011002, Shasta County, California",household_older_adult_presence,no_65_plus,1215,B11007,B11007 line 7,Households,2018
14000US06089011002,06,089,011002,"Census Tract 011002, Shasta County, California",household_structure,married_couple,1013,B11001,B11001 line 3,Households,2018
14000US06089011002,06,089,011002,"Census Tract 011002, Shasta County, California",household_structure,nonfamily_living_alone,536,B11001,B11001 line 8,Households,2018
14000US06089011002,06,089,011002,"Census Tract 011002, Shasta County, California",household_structure,nonfamily_not_living_alone,119,B11001,B11001 line 9,Households,2018
14000US06089011002,06,089,011002,"Census Tract 011002, Shasta County, California",household_structure,other_female_householder,294,B11001,B11001 line 6,Households,2018
14000US06089011002,06,089,011002,"Census Tract 011002, Shasta County, California",household_structure,other_male_householder,98,B11001,B11001 line 5,Households,2018
14000US06089011002,06,089,011002,"Census Tract 011002, Shasta County, California",person_age_group,0_17,1072,B01001,"B01001 lines 3,4,5,6,27,28,29,30",Total population,2018
14000US06089011002,06,089,011002,"Census Tract 011002, Shasta County, California",person_age_group,18_34,627,B01001,"B01001 lines 7,8,9,10,11,31,32,33,34,35",Total population,2018
14000US06089011002,06,089,011002,"Census Tract 011002, Shasta County, California",person_age_group,35_64,2195,B01001,"B01001 lines 12,13,14,15,16,17,18,19,36,37,38,39,40,41,42,43",Total population,2018
14000US06089011002,06,089,011002,"Census Tract 011002, Shasta County, California",person_age_group,65_plus,1200,B01001,"B01001 lines 20,21,22,23,24,25,44,45,46,47,48,49",Total population,2018
14000US06089011002,06,089,011002,"Census Tract 011002, Shasta County, California",vehicle_count,0,99,B08201,B08201 line 2,Households,2018
14000US06089011002,06,089,011002,"Census Tract 011002, Shasta County, California",vehicle_count,1,579,B08201,B08201 line 3,Households,2018
14000US06089011002,06,089,011002,"Census Tract 011002, Shasta County, California",vehicle_count,2,844,B08201,B08201 line 4,Households,2018
14000US06089011002,06,089,011002,"Census Tract 011002, Shasta County, California",vehicle_count,3,377,B08201,B08201 line 5,Households,2018
14000US06089011002,06,089,011002,"Census Tract 011002, Shasta County, California",vehicle_count,4_plus,161,B08201,B08201 line 6,Households,2018
14000US06089011100,06,089,011100,"Census Tract 011100, Shasta County, California",household_income,100000_124999,94,B19001,B19001 line 14,Households,2018
14000US06089011100,06,089,011100,"Census Tract 011100, Shasta County, California",household_income,10000_14999,56,B19001,B19001 line 3,Households,2018
14000US06089011100,06,089,011100,"Census Tract 011100, Shasta County, California",household_income,125000_149999,147,B19001,B19001 line 15,Households,2018
14000US06089011100,06,089,011100,"Census Tract 011100, Shasta County, California",household_income,150000_199999,80,B19001,B19001 line 16,Households,2018
14000US06089011100,06,089,011100,"Census Tract 011100, Shasta County, California",household_income,15000_19999,50,B19001,B19001 line 4,Households,2018
14000US06089011100,06,089,011100,"Census Tract 011100, Shasta County, California",household_income,200000_plus,24,B19001,B19001 line 17,Households,2018
14000US06089011100,06,089,011100,"Census Tract 011100, Shasta County, California",household_income,20000_24999,19,B19001,B19001 line 5,Households,2018
14000US06089011100,06,089,011100,"Census Tract 011100, Shasta County, California",household_income,25000_29999,50,B19001,B19001 line 6,Households,2018
14000US06089011100,06,089,011100,"Census Tract 011100, Shasta County, California",household_income,30000_34999,75,B19001,B19001 line 7,Households,2018
14000US06089011100,06,089,011100,"Census Tract 011100, Shasta County, California",household_income,35000_39999,9,B19001,B19001 line 8,Households,2018
14000US06089011100,06,089,011100,"Census Tract 011100, Shasta County, California",household_income,40000_44999,9,B19001,B19001 line 9,Households,2018
14000US06089011100,06,089,011100,"Census Tract 011100, Shasta County, California",household_income,45000_49999,90,B19001,B19001 line 10,Households,2018
14000US06089011100,06,089,011100,"Census Tract 011100, Shasta County, California",household_income,50000_59999,64,B19001,B19001 line 11,Households,2018
14000US06089011100,06,089,011100,"Census Tract 011100, Shasta County, California",household_income,60000_74999,156,B19001,B19001 line 12,Households,2018
14000US06089011100,06,089,011100,"Census Tract 011100, Shasta County, California",household_income,75000_99999,192,B19001,B19001 line 13,Households,2018
14000US06089011100,06,089,011100,"Census Tract 011100, Shasta County, California",household_income,lt_10000,95,B19001,B19001 line 2,Households,2018
14000US06089011100,06,089,011100,"Census Tract 011100, Shasta County, California",household_older_adult_presence,has_65_plus,426,B11007,B11007 line 2,Households,2018
14000US06089011100,06,089,011100,"Census Tract 011100, Shasta County, California",household_older_adult_presence,no_65_plus,784,B11007,B11007 line 7,Households,2018
14000US06089011100,06,089,011100,"Census Tract 011100, Shasta County, California",household_structure,married_couple,729,B11001,B11001 line 3,Households,2018
14000US06089011100,06,089,011100,"Census Tract 011100, Shasta County, California",household_structure,nonfamily_living_alone,364,B11001,B11001 line 8,Households,2018
14000US06089011100,06,089,011100,"Census Tract 011100, Shasta County, California",household_structure,nonfamily_not_living_alone,12,B11001,B11001 line 9,Households,2018
14000US06089011100,06,089,011100,"Census Tract 011100, Shasta County, California",household_structure,other_female_householder,51,B11001,B11001 line 6,Households,2018
14000US06089011100,06,089,011100,"Census Tract 011100, Shasta County, California",household_structure,other_male_householder,54,B11001,B11001 line 5,Households,2018
14000US06089011100,06,089,011100,"Census Tract 011100, Shasta County, California",person_age_group,0_17,810,B01001,"B01001 lines 3,4,5,6,27,28,29,30",Total population,2018
14000US06089011100,06,089,011100,"Census Tract 011100, Shasta County, California",person_age_group,18_34,194,B01001,"B01001 lines 7,8,9,10,11,31,32,33,34,35",Total population,2018
14000US06089011100,06,089,011100,"Census Tract 011100, Shasta County, California",person_age_group,35_64,1547,B01001,"B01001 lines 12,13,14,15,16,17,18,19,36,37,38,39,40,41,42,43",Total population,2018
14000US06089011100,06,089,011100,"Census Tract 011100, Shasta County, California",person_age_group,65_plus,575,B01001,"B01001 lines 20,21,22,23,24,25,44,45,46,47,48,49",Total population,2018
14000US06089011100,06,089,011100,"Census Tract 011100, Shasta County, California",vehicle_count,0,78,B08201,B08201 line 2,Households,2018
14000US06089011100,06,089,011100,"Census Tract 011100, Shasta County, California",vehicle_count,1,282,B08201,B08201 line 3,Households,2018
14000US06089011100,06,089,011100,"Census Tract 011100, Shasta County, California",vehicle_count,2,478,B08201,B08201 line 4,Households,2018
14000US06089011100,06,089,011100,"Census Tract 011100, Shasta County, California",vehicle_count,3,248,B08201,B08201 line 5,Households,2018
14000US06089011100,06,089,011100,"Census Tract 011100, Shasta County, California",vehicle_count,4_plus,124,B08201,B08201 line 6,Households,2018
14000US06089011209,06,089,011209,"Census Tract 011209, Shasta County, California",household_income,100000_124999,103,B19001,B19001 line 14,Households,2018
14000US06089011209,06,089,011209,"Census Tract 011209, Shasta County, California",household_income,10000_14999,194,B19001,B19001 line 3,Households,2018
14000US06089011209,06,089,011209,"Census Tract 011209, Shasta County, California",household_income,125000_149999,109,B19001,B19001 line 15,Households,2018
14000US06089011209,06,089,011209,"Census Tract 011209, Shasta County, California",household_income,150000_199999,72,B19001,B19001 line 16,Households,2018
14000US06089011209,06,089,011209,"Census Tract 011209, Shasta County, California",household_income,15000_19999,196,B19001,B19001 line 4,Households,2018
14000US06089011209,06,089,011209,"Census Tract 011209, Shasta County, California",household_income,200000_plus,36,B19001,B19001 line 17,Households,2018
14000US06089011209,06,089,011209,"Census Tract 011209, Shasta County, California",household_income,20000_24999,223,B19001,B19001 line 5,Households,2018
14000US06089011209,06,089,011209,"Census Tract 011209, Shasta County, California",household_income,25000_29999,179,B19001,B19001 line 6,Households,2018
14000US06089011209,06,089,011209,"Census Tract 011209, Shasta County, California",household_income,30000_34999,107,B19001,B19001 line 7,Households,2018
14000US06089011209,06,089,011209,"Census Tract 011209, Shasta County, California",household_income,35000_39999,208,B19001,B19001 line 8,Households,2018
14000US06089011209,06,089,011209,"Census Tract 011209, Shasta County, California",household_income,40000_44999,174,B19001,B19001 line 9,Households,2018
14000US06089011209,06,089,011209,"Census Tract 011209, Shasta County, California",household_income,45000_49999,139,B19001,B19001 line 10,Households,2018
14000US06089011209,06,089,011209,"Census Tract 011209, Shasta County, California",household_income,50000_59999,97,B19001,B19001 line 11,Households,2018
14000US06089011209,06,089,011209,"Census Tract 011209, Shasta County, California",household_income,60000_74999,149,B19001,B19001 line 12,Households,2018
14000US06089011209,06,089,011209,"Census Tract 011209, Shasta County, California",household_income,75000_99999,179,B19001,B19001 line 13,Households,2018
14000US06089011209,06,089,011209,"Census Tract 011209, Shasta County, California",household_income,lt_10000,13,B19001,B19001 line 2,Households,2018
14000US06089011209,06,089,011209,"Census Tract 011209, Shasta County, California",household_older_adult_presence,has_65_plus,441,B11007,B11007 line 2,Households,2018
14000US06089011209,06,089,011209,"Census Tract 011209, Shasta County, California",household_older_adult_presence,no_65_plus,1737,B11007,B11007 line 7,Households,2018
14000US06089011209,06,089,011209,"Census Tract 011209, Shasta County, California",household_structure,married_couple,832,B11001,B11001 line 3,Households,2018
14000US06089011209,06,089,011209,"Census Tract 011209, Shasta County, California",household_structure,nonfamily_living_alone,549,B11001,B11001 line 8,Households,2018
14000US06089011209,06,089,011209,"Census Tract 011209, Shasta County, California",household_structure,nonfamily_not_living_alone,181,B11001,B11001 line 9,Households,2018
14000US06089011209,06,089,011209,"Census Tract 011209, Shasta County, California",household_structure,other_female_householder,414,B11001,B11001 line 6,Households,2018
14000US06089011209,06,089,011209,"Census Tract 011209, Shasta County, California",household_structure,other_male_householder,202,B11001,B11001 line 5,Households,2018
14000US06089011209,06,089,011209,"Census Tract 011209, Shasta County, California",person_age_group,0_17,1837,B01001,"B01001 lines 3,4,5,6,27,28,29,30",Total population,2018
14000US06089011209,06,089,011209,"Census Tract 011209, Shasta County, California",person_age_group,18_34,1442,B01001,"B01001 lines 7,8,9,10,11,31,32,33,34,35",Total population,2018
14000US06089011209,06,089,011209,"Census Tract 011209, Shasta County, California",person_age_group,35_64,2315,B01001,"B01001 lines 12,13,14,15,16,17,18,19,36,37,38,39,40,41,42,43",Total population,2018
14000US06089011209,06,089,011209,"Census Tract 011209, Shasta County, California",person_age_group,65_plus,783,B01001,"B01001 lines 20,21,22,23,24,25,44,45,46,47,48,49",Total population,2018
14000US06089011209,06,089,011209,"Census Tract 011209, Shasta County, California",vehicle_count,0,138,B08201,B08201 line 2,Households,2018
14000US06089011209,06,089,011209,"Census Tract 011209, Shasta County, California",vehicle_count,1,923,B08201,B08201 line 3,Households,2018
14000US06089011209,06,089,011209,"Census Tract 011209, Shasta County, California",vehicle_count,2,746,B08201,B08201 line 4,Households,2018
14000US06089011209,06,089,011209,"Census Tract 011209, Shasta County, California",vehicle_count,3,310,B08201,B08201 line 5,Households,2018
14000US06089011209,06,089,011209,"Census Tract 011209, Shasta County, California",vehicle_count,4_plus,61,B08201,B08201 line 6,Households,2018
14000US06089011300,06,089,011300,"Census Tract 011300, Shasta County, California",household_income,100000_124999,103,B19001,B19001 line 14,Households,2018
14000US06089011300,06,089,011300,"Census Tract 011300, Shasta County, California",household_income,10000_14999,126,B19001,B19001 line 3,Households,2018
14000US06089011300,06,089,011300,"Census Tract 011300, Shasta County, California",household_income,125000_149999,83,B19001,B19001 line 15,Households,2018
14000US06089011300,06,089,011300,"Census Tract 011300, Shasta County, California",household_income,150000_199999,49,B19001,B19001 line 16,Households,2018
14000US06089011300,06,089,011300,"Census Tract 011300, Shasta County, California",household_income,15000_19999,81,B19001,B19001 line 4,Households,2018
14000US06089011300,06,089,011300,"Census Tract 011300, Shasta County, California",household_income,200000_plus,23,B19001,B19001 line 17,Households,2018
14000US06089011300,06,089,011300,"Census Tract 011300, Shasta County, California",household_income,20000_24999,104,B19001,B19001 line 5,Households,2018
14000US06089011300,06,089,011300,"Census Tract 011300, Shasta County, California",household_income,25000_29999,133,B19001,B19001 line 6,Households,2018
14000US06089011300,06,089,011300,"Census Tract 011300, Shasta County, California",household_income,30000_34999,149,B19001,B19001 line 7,Households,2018
14000US06089011300,06,089,011300,"Census Tract 011300, Shasta County, California",household_income,35000_39999,87,B19001,B19001 line 8,Households,2018
14000US06089011300,06,089,011300,"Census Tract 011300, Shasta County, California",household_income,40000_44999,118,B19001,B19001 line 9,Households,2018
14000US06089011300,06,089,011300,"Census Tract 011300, Shasta County, California",household_income,45000_49999,116,B19001,B19001 line 10,Households,2018
14000US06089011300,06,089,011300,"Census Tract 011300, Shasta County, California",household_income,50000_59999,160,B19001,B19001 line 11,Households,2018
14000US06089011300,06,089,011300,"Census Tract 011300, Shasta County, California",household_income,60000_74999,243,B19001,B19001 line 12,Households,2018
14000US06089011300,06,089,011300,"Census Tract 011300, Shasta County, California",household_income,75000_99999,217,B19001,B19001 line 13,Households,2018
14000US06089011300,06,089,011300,"Census Tract 011300, Shasta County, California",household_income,lt_10000,71,B19001,B19001 line 2,Households,2018
14000US06089011300,06,089,011300,"Census Tract 011300, Shasta County, California",household_older_adult_presence,has_65_plus,450,B11007,B11007 line 2,Households,2018
14000US06089011300,06,089,011300,"Census Tract 011300, Shasta County, California",household_older_adult_presence,no_65_plus,1413,B11007,B11007 line 7,Households,2018
14000US06089011300,06,089,011300,"Census Tract 011300, Shasta County, California",household_structure,married_couple,607,B11001,B11001 line 3,Households,2018
14000US06089011300,06,089,011300,"Census Tract 011300, Shasta County, California",household_structure,nonfamily_living_alone,387,B11001,B11001 line 8,Households,2018
14000US06089011300,06,089,011300,"Census Tract 011300, Shasta County, California",household_structure,nonfamily_not_living_alone,204,B11001,B11001 line 9,Households,2018
14000US06089011300,06,089,011300,"Census Tract 011300, Shasta County, California",household_structure,other_female_householder,480,B11001,B11001 line 6,Households,2018
14000US06089011300,06,089,011300,"Census Tract 011300, Shasta County, California",household_structure,other_male_householder,185,B11001,B11001 line 5,Households,2018
14000US06089011300,06,089,011300,"Census Tract 011300, Shasta County, California",person_age_group,0_17,1228,B01001,"B01001 lines 3,4,5,6,27,28,29,30",Total population,2018
14000US06089011300,06,089,011300,"Census Tract 011300, Shasta County, California",person_age_group,18_34,877,B01001,"B01001 lines 7,8,9,10,11,31,32,33,34,35",Total population,2018
14000US06089011300,06,089,011300,"Census Tract 011300, Shasta County, California",person_age_group,35_64,2146,B01001,"B01001 lines 12,13,14,15,16,17,18,19,36,37,38,39,40,41,42,43",Total population,2018
14000US06089011300,06,089,011300,"Census Tract 011300, Shasta County, California",person_age_group,65_plus,622,B01001,"B01001 lines 20,21,22,23,24,25,44,45,46,47,48,49",Total population,2018
14000US06089011300,06,089,011300,"Census Tract 011300, Shasta County, California",vehicle_count,0,106,B08201,B08201 line 2,Households,2018
14000US06089011300,06,089,011300,"Census Tract 011300, Shasta County, California",vehicle_count,1,636,B08201,B08201 line 3,Households,2018
14000US06089011300,06,089,011300,"Census Tract 011300, Shasta County, California",vehicle_count,2,791,B08201,B08201 line 4,Households,2018
14000US06089011300,06,089,011300,"Census Tract 011300, Shasta County, California",vehicle_count,3,302,B08201,B08201 line 5,Households,2018
14000US06089011300,06,089,011300,"Census Tract 011300, Shasta County, California",vehicle_count,4_plus,28,B08201,B08201 line 6,Households,2018
14000US06089011401,06,089,011401,"Census Tract 011401, Shasta County, California",household_income,100000_124999,174,B19001,B19001 line 14,Households,2018
14000US06089011401,06,089,011401,"Census Tract 011401, Shasta County, California",household_income,10000_14999,55,B19001,B19001 line 3,Households,2018
14000US06089011401,06,089,011401,"Census Tract 011401, Shasta County, California",household_income,125000_149999,63,B19001,B19001 line 15,Households,2018
14000US06089011401,06,089,011401,"Census Tract 011401, Shasta County, California",household_income,150000_199999,48,B19001,B19001 line 16,Households,2018
14000US06089011401,06,089,011401,"Census Tract 011401, Shasta County, California",household_income,15000_19999,73,B19001,B19001 line 4,Households,2018
14000US06089011401,06,089,011401,"Census Tract 011401, Shasta County, California",household_income,200000_plus,31,B19001,B19001 line 17,Households,2018
14000US06089011401,06,089,011401,"Census Tract 011401, Shasta County, California",household_income,20000_24999,70,B19001,B19001 line 5,Households,2018
14000US06089011401,06,089,011401,"Census Tract 011401, Shasta County, California",household_income,25000_29999,0,B19001,B19001 line 6,Households,2018
14000US06089011401,06,089,011401,"Census Tract 011401, Shasta County, California",household_income,30000_34999,169,B19001,B19001 line 7,Households,2018
14000US06089011401,06,089,011401,"Census Tract 011401, Shasta County, California",household_income,35000_39999,18,B19001,B19001 line 8,Households,2018
14000US06089011401,06,089,011401,"Census Tract 011401, Shasta County, California",household_income,40000_44999,108,B19001,B19001 line 9,Households,2018
14000US06089011401,06,089,011401,"Census Tract 011401, Shasta County, California",household_income,45000_49999,21,B19001,B19001 line 10,Households,2018
14000US06089011401,06,089,011401,"Census Tract 011401, Shasta County, California",household_income,50000_59999,226,B19001,B19001 line 11,Households,2018
14000US06089011401,06,089,011401,"Census Tract 011401, Shasta County, California",household_income,60000_74999,171,B19001,B19001 line 12,Households,2018
14000US06089011401,06,089,011401,"Census Tract 011401, Shasta County, California",household_income,75000_99999,213,B19001,B19001 line 13,Households,2018
14000US06089011401,06,089,011401,"Census Tract 011401, Shasta County, California",household_income,lt_10000,61,B19001,B19001 line 2,Households,2018
14000US06089011401,06,089,011401,"Census Tract 011401, Shasta County, California",household_older_adult_presence,has_65_plus,550,B11007,B11007 line 2,Households,2018
14000US06089011401,06,089,011401,"Census Tract 011401, Shasta County, California",household_older_adult_presence,no_65_plus,951,B11007,B11007 line 7,Households,2018
14000US06089011401,06,089,011401,"Census Tract 011401, Shasta County, California",household_structure,married_couple,860,B11001,B11001 line 3,Households,2018
14000US06089011401,06,089,011401,"Census Tract 011401, Shasta County, California",household_structure,nonfamily_living_alone,314,B11001,B11001 line 8,Households,2018
14000US06089011401,06,089,011401,"Census Tract 011401, Shasta County, California",household_structure,nonfamily_not_living_alone,78,B11001,B11001 line 9,Households,2018
14000US06089011401,06,089,011401,"Census Tract 011401, Shasta County, California",household_structure,other_female_householder,214,B11001,B11001 line 6,Households,2018
14000US06089011401,06,089,011401,"Census Tract 011401, Shasta County, California",household_structure,other_male_householder,35,B11001,B11001 line 5,Households,2018
14000US06089011401,06,089,011401,"Census Tract 011401, Shasta County, California",person_age_group,0_17,829,B01001,"B01001 lines 3,4,5,6,27,28,29,30",Total population,2018
14000US06089011401,06,089,011401,"Census Tract 011401, Shasta County, California",person_age_group,18_34,426,B01001,"B01001 lines 7,8,9,10,11,31,32,33,34,35",Total population,2018
14000US06089011401,06,089,011401,"Census Tract 011401, Shasta County, California",person_age_group,35_64,1827,B01001,"B01001 lines 12,13,14,15,16,17,18,19,36,37,38,39,40,41,42,43",Total population,2018
14000US06089011401,06,089,011401,"Census Tract 011401, Shasta County, California",person_age_group,65_plus,802,B01001,"B01001 lines 20,21,22,23,24,25,44,45,46,47,48,49",Total population,2018
14000US06089011401,06,089,011401,"Census Tract 011401, Shasta County, California",vehicle_count,0,56,B08201,B08201 line 2,Households,2018
14000US06089011401,06,089,011401,"Census Tract 011401, Shasta County, California",vehicle_count,1,507,B08201,B08201 line 3,Households,2018
14000US06089011401,06,089,011401,"Census Tract 011401, Shasta County, California",vehicle_count,2,613,B08201,B08201 line 4,Households,2018
14000US06089011401,06,089,011401,"Census Tract 011401, Shasta County, California",vehicle_count,3,265,B08201,B08201 line 5,Households,2018
14000US06089011401,06,089,011401,"Census Tract 011401, Shasta County, California",vehicle_count,4_plus,60,B08201,B08201 line 6,Households,2018
14000US06089011402,06,089,011402,"Census Tract 011402, Shasta County, California",household_income,100000_124999,201,B19001,B19001 line 14,Households,2018
14000US06089011402,06,089,011402,"Census Tract 011402, Shasta County, California",household_income,10000_14999,11,B19001,B19001 line 3,Households,2018
14000US06089011402,06,089,011402,"Census Tract 011402, Shasta County, California",household_income,125000_149999,68,B19001,B19001 line 15,Households,2018
14000US06089011402,06,089,011402,"Census Tract 011402, Shasta County, California",household_income,150000_199999,153,B19001,B19001 line 16,Households,2018
14000US06089011402,06,089,011402,"Census Tract 011402, Shasta County, California",household_income,15000_19999,31,B19001,B19001 line 4,Households,2018
14000US06089011402,06,089,011402,"Census Tract 011402, Shasta County, California",household_income,200000_plus,80,B19001,B19001 line 17,Households,2018
14000US06089011402,06,089,011402,"Census Tract 011402, Shasta County, California",household_income,20000_24999,9,B19001,B19001 line 5,Households,2018
14000US06089011402,06,089,011402,"Census Tract 011402, Shasta County, California",household_income,25000_29999,20,B19001,B19001 line 6,Households,2018
14000US06089011402,06,089,011402,"Census Tract 011402, Shasta County, California",household_income,30000_34999,93,B19001,B19001 line 7,Households,2018
14000US06089011402,06,089,011402,"Census Tract 011402, Shasta County, California",household_income,35000_39999,48,B19001,B19001 line 8,Households,2018
14000US06089011402,06,089,011402,"Census Tract 011402, Shasta County, California",household_income,40000_44999,10,B19001,B19001 line 9,Households,2018
14000US06089011402,06,089,011402,"Census Tract 011402, Shasta County, California",household_income,45000_49999,20,B19001,B19001 line 10,Households,2018
14000US06089011402,06,089,011402,"Census Tract 011402, Shasta County, California",household_income,50000_59999,39,B19001,B19001 line 11,Households,2018
14000US06089011402,06,089,011402,"Census Tract 011402, Shasta County, California",household_income,60000_74999,194,B19001,B19001 line 12,Households,2018
14000US06089011402,06,089,011402,"Census Tract 011402, Shasta County, California",household_income,75000_99999,135,B19001,B19001 line 13,Households,2018
14000US06089011402,06,089,011402,"Census Tract 011402, Shasta County, California",household_income,lt_10000,39,B19001,B19001 line 2,Households,2018
14000US06089011402,06,089,011402,"Census Tract 011402, Shasta County, California",household_older_adult_presence,has_65_plus,346,B11007,B11007 line 2,Households,2018
14000US06089011402,06,089,011402,"Census Tract 011402, Shasta County, California",household_older_adult_presence,no_65_plus,805,B11007,B11007 line 7,Households,2018
14000US06089011402,06,089,011402,"Census Tract 011402, Shasta County, California",household_structure,married_couple,868,B11001,B11001 line 3,Households,2018
14000US06089011402,06,089,011402,"Census Tract 011402, Shasta County, California",household_structure,nonfamily_living_alone,136,B11001,B11001 line 8,Households,2018
14000US06089011402,06,089,011402,"Census Tract 011402, Shasta County, California",household_structure,nonfamily_not_living_alone,21,B11001,B11001 line 9,Households,2018
14000US06089011402,06,089,011402,"Census Tract 011402, Shasta County, California",household_structure,other_female_householder,87,B11001,B11001 line 6,Households,2018
14000US06089011402,06,089,011402,"Census Tract 011402, Shasta County, California",household_structure,other_male_householder,39,B11001,B11001 line 5,Households,2018
14000US06089011402,06,089,011402,"Census Tract 011402, Shasta County, California",person_age_group,0_17,703,B01001,"B01001 lines 3,4,5,6,27,28,29,30",Total population,2018
14000US06089011402,06,089,011402,"Census Tract 011402, Shasta County, California",person_age_group,18_34,461,B01001,"B01001 lines 7,8,9,10,11,31,32,33,34,35",Total population,2018
14000US06089011402,06,089,011402,"Census Tract 011402, Shasta County, California",person_age_group,35_64,1561,B01001,"B01001 lines 12,13,14,15,16,17,18,19,36,37,38,39,40,41,42,43",Total population,2018
14000US06089011402,06,089,011402,"Census Tract 011402, Shasta County, California",person_age_group,65_plus,568,B01001,"B01001 lines 20,21,22,23,24,25,44,45,46,47,48,49",Total population,2018
14000US06089011402,06,089,011402,"Census Tract 011402, Shasta County, California",vehicle_count,0,16,B08201,B08201 line 2,Households,2018
14000US06089011402,06,089,011402,"Census Tract 011402, Shasta County, California",vehicle_count,1,204,B08201,B08201 line 3,Households,2018
14000US06089011402,06,089,011402,"Census Tract 011402, Shasta County, California",vehicle_count,2,479,B08201,B08201 line 4,Households,2018
14000US06089011402,06,089,011402,"Census Tract 011402, Shasta County, California",vehicle_count,3,333,B08201,B08201 line 5,Households,2018
14000US06089011402,06,089,011402,"Census Tract 011402, Shasta County, California",vehicle_count,4_plus,119,B08201,B08201 line 6,Households,2018
14000US06089011403,06,089,011403,"Census Tract 011403, Shasta County, California",household_income,100000_124999,111,B19001,B19001 line 14,Households,2018
14000US06089011403,06,089,011403,"Census Tract 011403, Shasta County, California",household_income,10000_14999,8,B19001,B19001 line 3,Households,2018
14000US06089011403,06,089,011403,"Census Tract 011403, Shasta County, California",household_income,125000_149999,65,B19001,B19001 line 15,Households,2018
14000US06089011403,06,089,011403,"Census Tract 011403, Shasta County, California",household_income,150000_199999,86,B19001,B19001 line 16,Households,2018
14000US06089011403,06,089,011403,"Census Tract 011403, Shasta County, California",household_income,15000_19999,50,B19001,B19001 line 4,Households,2018
14000US06089011403,06,089,011403,"Census Tract 011403, Shasta County, California",household_income,200000_plus,69,B19001,B19001 line 17,Households,2018
14000US06089011403,06,089,011403,"Census Tract 011403, Shasta County, California",household_income,20000_24999,56,B19001,B19001 line 5,Households,2018
14000US06089011403,06,089,011403,"Census Tract 011403, Shasta County, California",household_income,25000_29999,17,B19001,B19001 line 6,Households,2018
14000US06089011403,06,089,011403,"Census Tract 011403, Shasta County, California",household_income,30000_34999,45,B19001,B19001 line 7,Households,2018
14000US06089011403,06,089,011403,"Census Tract 011403, Shasta County, California",household_income,35000_39999,49,B19001,B19001 line 8,Households,2018
14000US06089011403,06,089,011403,"Census Tract 011403, Shasta County, California",household_income,40000_44999,16,B19001,B19001 line 9,Households,2018
14000US06089011403,06,089,011403,"Census Tract 011403, Shasta County, California",household_income,45000_49999,103,B19001,B19001 line 10,Households,2018
14000US06089011403,06,089,011403,"Census Tract 011403, Shasta County, California",household_income,50000_59999,42,B19001,B19001 line 11,Households,2018
14000US06089011403,06,089,011403,"Census Tract 011403, Shasta County, California",household_income,60000_74999,114,B19001,B19001 line 12,Households,2018
14000US06089011403,06,089,011403,"Census Tract 011403, Shasta County, California",household_income,75000_99999,208,B19001,B19001 line 13,Households,2018
14000US06089011403,06,089,011403,"Census Tract 011403, Shasta County, California",household_income,lt_10000,18,B19001,B19001 line 2,Households,2018
14000US06089011403,06,089,011403,"Census Tract 011403, Shasta County, California",household_older_adult_presence,has_65_plus,310,B11007,B11007 line 2,Households,2018
14000US06089011403,06,089,011403,"Census Tract 011403, Shasta County, California",household_older_adult_presence,no_65_plus,747,B11007,B11007 line 7,Households,2018
14000US06089011403,06,089,011403,"Census Tract 011403, Shasta County, California",household_structure,married_couple,611,B11001,B11001 line 3,Households,2018
14000US06089011403,06,089,011403,"Census Tract 011403, Shasta County, California",household_structure,nonfamily_living_alone,190,B11001,B11001 line 8,Households,2018
14000US06089011403,06,089,011403,"Census Tract 011403, Shasta County, California",household_structure,nonfamily_not_living_alone,65,B11001,B11001 line 9,Households,2018
14000US06089011403,06,089,011403,"Census Tract 011403, Shasta County, California",household_structure,other_female_householder,151,B11001,B11001 line 6,Households,2018
14000US06089011403,06,089,011403,"Census Tract 011403, Shasta County, California",household_structure,other_male_householder,40,B11001,B11001 line 5,Households,2018
14000US06089011403,06,089,011403,"Census Tract 011403, Shasta County, California",person_age_group,0_17,832,B01001,"B01001 lines 3,4,5,6,27,28,29,30",Total population,2018
14000US06089011403,06,089,011403,"Census Tract 011403, Shasta County, California",person_age_group,18_34,222,B01001,"B01001 lines 7,8,9,10,11,31,32,33,34,35",Total population,2018
14000US06089011403,06,089,011403,"Census Tract 011403, Shasta County, California",person_age_group,35_64,1379,B01001,"B01001 lines 12,13,14,15,16,17,18,19,36,37,38,39,40,41,42,43",Total population,2018
14000US06089011403,06,089,011403,"Census Tract 011403, Shasta County, California",person_age_group,65_plus,472,B01001,"B01001 lines 20,21,22,23,24,25,44,45,46,47,48,49",Total population,2018
14000US06089011403,06,089,011403,"Census Tract 011403, Shasta County, California",vehicle_count,0,56,B08201,B08201 line 2,Households,2018
14000US06089011403,06,089,011403,"Census Tract 011403, Shasta County, California",vehicle_count,1,227,B08201,B08201 line 3,Households,2018
14000US06089011403,06,089,011403,"Census Tract 011403, Shasta County, California",vehicle_count,2,486,B08201,B08201 line 4,Households,2018
14000US06089011403,06,089,011403,"Census Tract 011403, Shasta County, California",vehicle_count,3,225,B08201,B08201 line 5,Households,2018
14000US06089011403,06,089,011403,"Census Tract 011403, Shasta County, California",vehicle_count,4_plus,63,B08201,B08201 line 6,Households,2018
14000US06089011500,06,089,011500,"Census Tract 011500, Shasta County, California",household_income,100000_124999,185,B19001,B19001 line 14,Households,2018
14000US06089011500,06,089,011500,"Census Tract 011500, Shasta County, California",household_income,10000_14999,108,B19001,B19001 line 3,Households,2018
14000US06089011500,06,089,011500,"Census Tract 011500, Shasta County, California",household_income,125000_149999,131,B19001,B19001 line 15,Households,2018
14000US06089011500,06,089,011500,"Census Tract 011500, Shasta County, California",household_income,150000_199999,154,B19001,B19001 line 16,Households,2018
14000US06089011500,06,089,011500,"Census Tract 011500, Shasta County, California",household_income,15000_19999,130,B19001,B19001 line 4,Households,2018
14000US06089011500,06,089,011500,"Census Tract 011500, Shasta County, California",household_income,200000_plus,31,B19001,B19001 line 17,Households,2018
14000US06089011500,06,089,011500,"Census Tract 011500, Shasta County, California",household_income,20000_24999,79,B19001,B19001 line 5,Households,2018
14000US06089011500,06,089,011500,"Census Tract 011500, Shasta County, California",household_income,25000_29999,89,B19001,B19001 line 6,Households,2018
14000US06089011500,06,089,011500,"Census Tract 011500, Shasta County, California",household_income,30000_34999,48,B19001,B19001 line 7,Households,2018
14000US06089011500,06,089,011500,"Census Tract 011500, Shasta County, California",household_income,35000_39999,171,B19001,B19001 line 8,Households,2018
14000US06089011500,06,089,011500,"Census Tract 011500, Shasta County, California",household_income,40000_44999,160,B19001,B19001 line 9,Households,2018
14000US06089011500,06,089,011500,"Census Tract 011500, Shasta County, California",household_income,45000_49999,73,B19001,B19001 line 10,Households,2018
14000US06089011500,06,089,011500,"Census Tract 011500, Shasta County, California",household_income,50000_59999,79,B19001,B19001 line 11,Households,2018
14000US06089011500,06,089,011500,"Census Tract 011500, Shasta County, California",household_income,60000_74999,475,B19001,B19001 line 12,Households,2018
14000US06089011500,06,089,011500,"Census Tract 011500, Shasta County, California",household_income,75000_99999,146,B19001,B19001 line 13,Households,2018
14000US06089011500,06,089,011500,"Census Tract 011500, Shasta County, California",household_income,lt_10000,117,B19001,B19001 line 2,Households,2018
14000US06089011500,06,089,011500,"Census Tract 011500, Shasta County, California",household_older_adult_presence,has_65_plus,925,B11007,B11007 line 2,Households,2018
14000US06089011500,06,089,011500,"Census Tract 011500, Shasta County, California",household_older_adult_presence,no_65_plus,1251,B11007,B11007 line 7,Households,2018
14000US06089011500,06,089,011500,"Census Tract 011500, Shasta County, California",household_structure,married_couple,1399,B11001,B11001 line 3,Households,2018
14000US06089011500,06,089,011500,"Census Tract 011500, Shasta County, California",household_structure,nonfamily_living_alone,468,B11001,B11001 line 8,Households,2018
14000US06089011500,06,089,011500,"Census Tract 011500, Shasta County, California",household_structure,nonfamily_not_living_alone,76,B11001,B11001 line 9,Households,2018
14000US06089011500,06,089,011500,"Census Tract 011500, Shasta County, California",household_structure,other_female_householder,130,B11001,B11001 line 6,Households,2018
14000US06089011500,06,089,011500,"Census Tract 011500, Shasta County, California",household_structure,other_male_householder,103,B11001,B11001 line 5,Households,2018
14000US06089011500,06,089,011500,"Census Tract 011500, Shasta County, California",person_age_group,0_17,1176,B01001,"B01001 lines 3,4,5,6,27,28,29,30",Total population,2018
14000US06089011500,06,089,011500,"Census Tract 011500, Shasta County, California",person_age_group,18_34,454,B01001,"B01001 lines 7,8,9,10,11,31,32,33,34,35",Total population,2018
14000US06089011500,06,089,011500,"Census Tract 011500, Shasta County, California",person_age_group,35_64,2527,B01001,"B01001 lines 12,13,14,15,16,17,18,19,36,37,38,39,40,41,42,43",Total population,2018
14000US06089011500,06,089,011500,"Census Tract 011500, Shasta County, California",person_age_group,65_plus,1452,B01001,"B01001 lines 20,21,22,23,24,25,44,45,46,47,48,49",Total population,2018
14000US06089011500,06,089,011500,"Census Tract 011500, Shasta County, California",vehicle_count,0,74,B08201,B08201 line 2,Households,2018
14000US06089011500,06,089,011500,"Census Tract 011500, Shasta County, California",vehicle_count,1,771,B08201,B08201 line 3,Households,2018
14000US06089011500,06,089,011500,"Census Tract 011500, Shasta County, California",vehicle_count,2,772,B08201,B08201 line 4,Households,2018
14000US06089011500,06,089,011500,"Census Tract 011500, Shasta County, California",vehicle_count,3,370,B08201,B08201 line 5,Households,2018
14000US06089011500,06,089,011500,"Census Tract 011500, Shasta County, California",vehicle_count,4_plus,189,B08201,B08201 line 6,Households,2018
14000US06089011600,06,089,011600,"Census Tract 011600, Shasta County, California",household_income,100000_124999,118,B19001,B19001 line 14,Households,2018
14000US06089011600,06,089,011600,"Census Tract 011600, Shasta County, California",household_income,10000_14999,84,B19001,B19001 line 3,Households,2018
14000US06089011600,06,089,011600,"Census Tract 011600, Shasta County, California",household_income,125000_149999,38,B19001,B19001 line 15,Households,2018
14000US06089011600,06,089,011600,"Census Tract 011600, Shasta County, California",household_income,150000_199999,26,B19001,B19001 line 16,Households,2018
14000US06089011600,06,089,011600,"Census Tract 011600, Shasta County, California",household_income,15000_19999,45,B19001,B19001 line 4,Households,2018
14000US06089011600,06,089,011600,"Census Tract 011600, Shasta County, California",household_income,200000_plus,36,B19001,B19001 line 17,Households,2018
14000US06089011600,06,089,011600,"Census Tract 011600, Shasta County, California",household_income,20000_24999,119,B19001,B19001 line 5,Households,2018
14000US06089011600,06,089,011600,"Census Tract 011600, Shasta County, California",household_income,25000_29999,53,B19001,B19001 line 6,Households,2018
14000US06089011600,06,089,011600,"Census Tract 011600, Shasta County, California",household_income,30000_34999,73,B19001,B19001 line 7,Households,2018
14000US06089011600,06,089,011600,"Census Tract 011600, Shasta County, California",household_income,35000_39999,35,B19001,B19001 line 8,Households,2018
14000US06089011600,06,089,011600,"Census Tract 011600, Shasta County, California",household_income,40000_44999,84,B19001,B19001 line 9,Households,2018
14000US06089011600,06,089,011600,"Census Tract 011600, Shasta County, California",household_income,45000_49999,64,B19001,B19001 line 10,Households,2018
14000US06089011600,06,089,011600,"Census Tract 011600, Shasta County, California",household_income,50000_59999,189,B19001,B19001 line 11,Households,2018
14000US06089011600,06,089,011600,"Census Tract 011600, Shasta County, California",household_income,60000_74999,117,B19001,B19001 line 12,Households,2018
14000US06089011600,06,089,011600,"Census Tract 011600, Shasta County, California",household_income,75000_99999,144,B19001,B19001 line 13,Households,2018
14000US06089011600,06,089,011600,"Census Tract 011600, Shasta County, California",household_income,lt_10000,230,B19001,B19001 line 2,Households,2018
14000US06089011600,06,089,011600,"Census Tract 011600, Shasta County, California",household_older_adult_presence,has_65_plus,571,B11007,B11007 line 2,Households,2018
14000US06089011600,06,089,011600,"Census Tract 011600, Shasta County, California",household_older_adult_presence,no_65_plus,884,B11007,B11007 line 7,Households,2018
14000US06089011600,06,089,011600,"Census Tract 011600, Shasta County, California",household_structure,married_couple,622,B11001,B11001 line 3,Households,2018
14000US06089011600,06,089,011600,"Census Tract 011600, Shasta County, California",household_structure,nonfamily_living_alone,450,B11001,B11001 line 8,Households,2018
14000US06089011600,06,089,011600,"Census Tract 011600, Shasta County, California",household_structure,nonfamily_not_living_alone,145,B11001,B11001 line 9,Households,2018
14000US06089011600,06,089,011600,"Census Tract 011600, Shasta County, California",household_structure,other_female_householder,173,B11001,B11001 line 6,Households,2018
14000US06089011600,06,089,011600,"Census Tract 011600, Shasta County, California",household_structure,other_male_householder,65,B11001,B11001 line 5,Households,2018
14000US06089011600,06,089,011600,"Census Tract 011600, Shasta County, California",person_age_group,0_17,783,B01001,"B01001 lines 3,4,5,6,27,28,29,30",Total population,2018
14000US06089011600,06,089,011600,"Census Tract 011600, Shasta County, California",person_age_group,18_34,670,B01001,"B01001 lines 7,8,9,10,11,31,32,33,34,35",Total population,2018
14000US06089011600,06,089,011600,"Census Tract 011600, Shasta County, California",person_age_group,35_64,1562,B01001,"B01001 lines 12,13,14,15,16,17,18,19,36,37,38,39,40,41,42,43",Total population,2018
14000US06089011600,06,089,011600,"Census Tract 011600, Shasta County, California",person_age_group,65_plus,818,B01001,"B01001 lines 20,21,22,23,24,25,44,45,46,47,48,49",Total population,2018
14000US06089011600,06,089,011600,"Census Tract 011600, Shasta County, California",vehicle_count,0,43,B08201,B08201 line 2,Households,2018
14000US06089011600,06,089,011600,"Census Tract 011600, Shasta County, California",vehicle_count,1,500,B08201,B08201 line 3,Households,2018
14000US06089011600,06,089,011600,"Census Tract 011600, Shasta County, California",vehicle_count,2,566,B08201,B08201 line 4,Households,2018
14000US06089011600,06,089,011600,"Census Tract 011600, Shasta County, California",vehicle_count,3,211,B08201,B08201 line 5,Households,2018
14000US06089011600,06,089,011600,"Census Tract 011600, Shasta County, California",vehicle_count,4_plus,135,B08201,B08201 line 6,Households,2018
14000US06089011701,06,089,011701,"Census Tract 011701, Shasta County, California",household_income,100000_124999,78,B19001,B19001 line 14,Households,2018
14000US06089011701,06,089,011701,"Census Tract 011701, Shasta County, California",household_income,10000_14999,46,B19001,B19001 line 3,Households,2018
14000US06089011701,06,089,011701,"Census Tract 011701, Shasta County, California",household_income,125000_149999,80,B19001,B19001 line 15,Households,2018
14000US06089011701,06,089,011701,"Census Tract 011701, Shasta County, California",household_income,150000_199999,101,B19001,B19001 line 16,Households,2018
14000US06089011701,06,089,011701,"Census Tract 011701, Shasta County, California",household_income,15000_19999,40,B19001,B19001 line 4,Households,2018
14000US06089011701,06,089,011701,"Census Tract 011701, Shasta County, California",household_income,200000_plus,21,B19001,B19001 line 17,Households,2018
14000US06089011701,06,089,011701,"Census Tract 011701, Shasta County, California",household_income,20000_24999,9,B19001,B19001 line 5,Households,2018
14000US06089011701,06,089,011701,"Census Tract 011701, Shasta County, California",household_income,25000_29999,53,B19001,B19001 line 6,Households,2018
14000US06089011701,06,089,011701,"Census Tract 011701, Shasta County, California",household_income,30000_34999,5,B19001,B19001 line 7,Households,2018
14000US06089011701,06,089,011701,"Census Tract 011701, Shasta County, California",household_income,35000_39999,31,B19001,B19001 line 8,Households,2018
14000US06089011701,06,089,011701,"Census Tract 011701, Shasta County, California",household_income,40000_44999,46,B19001,B19001 line 9,Households,2018
14000US06089011701,06,089,011701,"Census Tract 011701, Shasta County, California",household_income,45000_49999,74,B19001,B19001 line 10,Households,2018
14000US06089011701,06,089,011701,"Census Tract 011701, Shasta County, California",household_income,50000_59999,22,B19001,B19001 line 11,Households,2018
14000US06089011701,06,089,011701,"Census Tract 011701, Shasta County, California",household_income,60000_74999,129,B19001,B19001 line 12,Households,2018
14000US06089011701,06,089,011701,"Census Tract 011701, Shasta County, California",household_income,75000_99999,108,B19001,B19001 line 13,Households,2018
14000US06089011701,06,089,011701,"Census Tract 011701, Shasta County, California",household_income,lt_10000,10,B19001,B19001 line 2,Households,2018
14000US06089011701,06,089,011701,"Census Tract 011701, Shasta County, California",household_older_adult_presence,has_65_plus,279,B11007,B11007 line 2,Households,2018
14000US06089011701,06,089,011701,"Census Tract 011701, Shasta County, California",household_older_adult_presence,no_65_plus,574,B11007,B11007 line 7,Households,2018
14000US06089011701,06,089,011701,"Census Tract 011701, Shasta County, California",household_structure,married_couple,482,B11001,B11001 line 3,Households,2018
14000US06089011701,06,089,011701,"Census Tract 011701, Shasta County, California",household_structure,nonfamily_living_alone,167,B11001,B11001 line 8,Households,2018
14000US06089011701,06,089,011701,"Census Tract 011701, Shasta County, California",household_structure,nonfamily_not_living_alone,54,B11001,B11001 line 9,Households,2018
14000US06089011701,06,089,011701,"Census Tract 011701, Shasta County, California",household_structure,other_female_householder,105,B11001,B11001 line 6,Households,2018
14000US06089011701,06,089,011701,"Census Tract 011701, Shasta County, California",household_structure,other_male_householder,45,B11001,B11001 line 5,Households,2018
14000US06089011701,06,089,011701,"Census Tract 011701, Shasta County, California",person_age_group,0_17,729,B01001,"B01001 lines 3,4,5,6,27,28,29,30",Total population,2018
14000US06089011701,06,089,011701,"Census Tract 011701, Shasta County, California",person_age_group,18_34,316,B01001,"B01001 lines 7,8,9,10,11,31,32,33,34,35",Total population,2018
14000US06089011701,06,089,011701,"Census Tract 011701, Shasta County, California",person_age_group,35_64,1004,B01001,"B01001 lines 12,13,14,15,16,17,18,19,36,37,38,39,40,41,42,43",Total population,2018
14000US06089011701,06,089,011701,"Census Tract 011701, Shasta County, California",person_age_group,65_plus,401,B01001,"B01001 lines 20,21,22,23,24,25,44,45,46,47,48,49",Total population,2018
14000US06089011701,06,089,011701,"Census Tract 011701, Shasta County, California",vehicle_count,0,31,B08201,B08201 line 2,Households,2018
14000US06089011701,06,089,011701,"Census Tract 011701, Shasta County, California",vehicle_count,1,202,B08201,B08201 line 3,Households,2018
14000US06089011701,06,089,011701,"Census Tract 011701, Shasta County, California",vehicle_count,2,355,B08201,B08201 line 4,Households,2018
14000US06089011701,06,089,011701,"Census Tract 011701, Shasta County, California",vehicle_count,3,206,B08201,B08201 line 5,Households,2018
14000US06089011701,06,089,011701,"Census Tract 011701, Shasta County, California",vehicle_count,4_plus,59,B08201,B08201 line 6,Households,2018
14000US06089011702,06,089,011702,"Census Tract 011702, Shasta County, California",household_income,100000_124999,73,B19001,B19001 line 14,Households,2018
14000US06089011702,06,089,011702,"Census Tract 011702, Shasta County, California",household_income,10000_14999,127,B19001,B19001 line 3,Households,2018
14000US06089011702,06,089,011702,"Census Tract 011702, Shasta County, California",household_income,125000_149999,43,B19001,B19001 line 15,Households,2018
14000US06089011702,06,089,011702,"Census Tract 011702, Shasta County, California",household_income,150000_199999,8,B19001,B19001 line 16,Households,2018
14000US06089011702,06,089,011702,"Census Tract 011702, Shasta County, California",household_income,15000_19999,109,B19001,B19001 line 4,Households,2018
14000US06089011702,06,089,011702,"Census Tract 011702, Shasta County, California",household_income,200000_plus,0,B19001,B19001 line 17,Households,2018
14000US06089011702,06,089,011702,"Census Tract 011702, Shasta County, California",household_income,20000_24999,11,B19001,B19001 line 5,Households,2018
14000US06089011702,06,089,011702,"Census Tract 011702, Shasta County, California",household_income,25000_29999,124,B19001,B19001 line 6,Households,2018
14000US06089011702,06,089,011702,"Census Tract 011702, Shasta County, California",household_income,30000_34999,147,B19001,B19001 line 7,Households,2018
14000US06089011702,06,089,011702,"Census Tract 011702, Shasta County, California",household_income,35000_39999,14,B19001,B19001 line 8,Households,2018
14000US06089011702,06,089,011702,"Census Tract 011702, Shasta County, California",household_income,40000_44999,80,B19001,B19001 line 9,Households,2018
14000US06089011702,06,089,011702,"Census Tract 011702, Shasta County, California",household_income,45000_49999,0,B19001,B19001 line 10,Households,2018
14000US06089011702,06,089,011702,"Census Tract 011702, Shasta County, California",household_income,50000_59999,73,B19001,B19001 line 11,Households,2018
14000US06089011702,06,089,011702,"Census Tract 011702, Shasta County, California",household_income,60000_74999,156,B19001,B19001 line 12,Households,2018
14000US06089011702,06,089,011702,"Census Tract 011702, Shasta County, California",household_income,75000_99999,219,B19001,B19001 line 13,Households,2018
14000US06089011702,06,089,011702,"Census Tract 011702, Shasta County, California",household_income,lt_10000,116,B19001,B19001 line 2,Households,2018
14000US06089011702,06,089,011702,"Census Tract 011702, Shasta County, California",household_older_adult_presence,has_65_plus,375,B11007,B11007 line 2,Households,2018
14000US06089011702,06,089,011702,"Census Tract 011702, Shasta County, California",household_older_adult_presence,no_65_plus,925,B11007,B11007 line 7,Households,2018
14000US06089011702,06,089,011702,"Census Tract 011702, Shasta County, California",household_structure,married_couple,455,B11001,B11001 line 3,Households,2018
14000US06089011702,06,089,011702,"Census Tract 011702, Shasta County, California",household_structure,nonfamily_living_alone,326,B11001,B11001 line 8,Households,2018
14000US06089011702,06,089,011702,"Census Tract 011702, Shasta County, California",household_structure,nonfamily_not_living_alone,90,B11001,B11001 line 9,Households,2018
14000US06089011702,06,089,011702,"Census Tract 011702, Shasta County, California",household_structure,other_female_householder,398,B11001,B11001 line 6,Households,2018
14000US06089011702,06,089,011702,"Census Tract 011702, Shasta County, California",household_structure,other_male_householder,31,B11001,B11001 line 5,Households,2018
14000US06089011702,06,089,011702,"Census Tract 011702, Shasta County, California",person_age_group,0_17,774,B01001,"B01001 lines 3,4,5,6,27,28,29,30",Total population,2018
14000US06089011702,06,089,011702,"Census Tract 011702, Shasta County, California",person_age_group,18_34,644,B01001,"B01001 lines 7,8,9,10,11,31,32,33,34,35",Total population,2018
14000US06089011702,06,089,011702,"Census Tract 011702, Shasta County, California",person_age_group,35_64,1573,B01001,"B01001 lines 12,13,14,15,16,17,18,19,36,37,38,39,40,41,42,43",Total population,2018
14000US06089011702,06,089,011702,"Census Tract 011702, Shasta County, California",person_age_group,65_plus,485,B01001,"B01001 lines 20,21,22,23,24,25,44,45,46,47,48,49",Total population,2018
14000US06089011702,06,089,011702,"Census Tract 011702, Shasta County, California",vehicle_count,0,152,B08201,B08201 line 2,Households,2018
14000US06089011702,06,089,011702,"Census Tract 011702, Shasta County, California",vehicle_count,1,378,B08201,B08201 line 3,Households,2018
14000US06089011702,06,089,011702,"Census Tract 011702, Shasta County, California",vehicle_count,2,468,B08201,B08201 line 4,Households,2018
14000US06089011702,06,089,011702,"Census Tract 011702, Shasta County, California",vehicle_count,3,241,B08201,B08201 line 5,Households,2018
14000US06089011702,06,089,011702,"Census Tract 011702, Shasta County, California",vehicle_count,4_plus,61,B08201,B08201 line 6,Households,2018
14000US06089011703,06,089,011703,"Census Tract 011703, Shasta County, California",household_income,100000_124999,67,B19001,B19001 line 14,Households,2018
14000US06089011703,06,089,011703,"Census Tract 011703, Shasta County, California",household_income,10000_14999,96,B19001,B19001 line 3,Households,2018
14000US06089011703,06,089,011703,"Census Tract 011703, Shasta County, California",household_income,125000_149999,42,B19001,B19001 line 15,Households,2018
14000US06089011703,06,089,011703,"Census Tract 011703, Shasta County, California",household_income,150000_199999,30,B19001,B19001 line 16,Households,2018
14000US06089011703,06,089,011703,"Census Tract 011703, Shasta County, California",household_income,15000_19999,88,B19001,B19001 line 4,Households,2018
14000US06089011703,06,089,011703,"Census Tract 011703, Shasta County, California",household_income,200000_plus,29,B19001,B19001 line 17,Households,2018
14000US06089011703,06,089,011703,"Census Tract 011703, Shasta County, California",household_income,20000_24999,81,B19001,B19001 line 5,Households,2018
14000US06089011703,06,089,011703,"Census Tract 011703, Shasta County, California",household_income,25000_29999,24,B19001,B19001 line 6,Households,2018
14000US06089011703,06,089,011703,"Census Tract 011703, Shasta County, California",household_income,30000_34999,78,B19001,B19001 line 7,Households,2018
14000US06089011703,06,089,011703,"Census Tract 011703, Shasta County, California",household_income,35000_39999,20,B19001,B19001 line 8,Households,2018
14000US06089011703,06,089,011703,"Census Tract 011703, Shasta County, California",household_income,40000_44999,64,B19001,B19001 line 9,Households,2018
14000US06089011703,06,089,011703,"Census Tract 011703, Shasta County, California",household_income,45000_49999,64,B19001,B19001 line 10,Households,2018
14000US06089011703,06,089,011703,"Census Tract 011703, Shasta County, California",household_income,50000_59999,94,B19001,B19001 line 11,Households,2018
14000US06089011703,06,089,011703,"Census Tract 011703, Shasta County, California",household_income,60000_74999,190,B19001,B19001 line 12,Households,2018
14000US06089011703,06,089,011703,"Census Tract 011703, Shasta County, California",household_income,75000_99999,196,B19001,B19001 line 13,Households,2018
14000US06089011703,06,089,011703,"Census Tract 011703, Shasta County, California",household_income,lt_10000,56,B19001,B19001 line 2,Households,2018
14000US06089011703,06,089,011703,"Census Tract 011703, Shasta County, California",household_older_adult_presence,has_65_plus,384,B11007,B11007 line 2,Households,2018
14000US06089011703,06,089,011703,"Census Tract 011703, Shasta County, California",household_older_adult_presence,no_65_plus,835,B11007,B11007 line 7,Households,2018
14000US06089011703,06,089,011703,"Census Tract 011703, Shasta County, California",household_structure,married_couple,530,B11001,B11001 line 3,Households,2018
14000US06089011703,06,089,011703,"Census Tract 011703, Shasta County, California",household_structure,nonfamily_living_alone,280,B11001,B11001 line 8,Households,2018
14000US06089011703,06,089,011703,"Census Tract 011703, Shasta County, California",household_structure,nonfamily_not_living_alone,75,B11001,B11001 line 9,Households,2018
14000US06089011703,06,089,011703,"Census Tract 011703, Shasta County, California",household_structure,other_female_householder,175,B11001,B11001 line 6,Households,2018
14000US06089011703,06,089,011703,"Census Tract 011703, Shasta County, California",household_structure,other_male_householder,159,B11001,B11001 line 5,Households,2018
14000US06089011703,06,089,011703,"Census Tract 011703, Shasta County, California",person_age_group,0_17,785,B01001,"B01001 lines 3,4,5,6,27,28,29,30",Total population,2018
14000US06089011703,06,089,011703,"Census Tract 011703, Shasta County, California",person_age_group,18_34,475,B01001,"B01001 lines 7,8,9,10,11,31,32,33,34,35",Total population,2018
14000US06089011703,06,089,011703,"Census Tract 011703, Shasta County, California",person_age_group,35_64,1579,B01001,"B01001 lines 12,13,14,15,16,17,18,19,36,37,38,39,40,41,42,43",Total population,2018
14000US06089011703,06,089,011703,"Census Tract 011703, Shasta County, California",person_age_group,65_plus,526,B01001,"B01001 lines 20,21,22,23,24,25,44,45,46,47,48,49",Total population,2018
14000US06089011703,06,089,011703,"Census Tract 011703, Shasta County, California",vehicle_count,0,68,B08201,B08201 line 2,Households,2018
14000US06089011703,06,089,011703,"Census Tract 011703, Shasta County, California",vehicle_count,1,330,B08201,B08201 line 3,Households,2018
14000US06089011703,06,089,011703,"Census Tract 011703, Shasta County, California",vehicle_count,2,537,B08201,B08201 line 4,Households,2018
14000US06089011703,06,089,011703,"Census Tract 011703, Shasta County, California",vehicle_count,3,252,B08201,B08201 line 5,Households,2018
14000US06089011703,06,089,011703,"Census Tract 011703, Shasta County, California",vehicle_count,4_plus,32,B08201,B08201 line 6,Households,2018
14000US06089011801,06,089,011801,"Census Tract 011801, Shasta County, California",household_income,100000_124999,82,B19001,B19001 line 14,Households,2018
14000US06089011801,06,089,011801,"Census Tract 011801, Shasta County, California",household_income,10000_14999,34,B19001,B19001 line 3,Households,2018
14000US06089011801,06,089,011801,"Census Tract 011801, Shasta County, California",household_income,125000_149999,33,B19001,B19001 line 15,Households,2018
14000US06089011801,06,089,011801,"Census Tract 011801, Shasta County, California",household_income,150000_199999,60,B19001,B19001 line 16,Households,2018
14000US06089011801,06,089,011801,"Census Tract 011801, Shasta County, California",household_income,15000_19999,34,B19001,B19001 line 4,Households,2018
14000US06089011801,06,089,011801,"Census Tract 011801, Shasta County, California",household_income,200000_plus,87,B19001,B19001 line 17,Households,2018
14000US06089011801,06,089,011801,"Census Tract 011801, Shasta County, California",household_income,20000_24999,48,B19001,B19001 line 5,Households,2018
14000US06089011801,06,089,011801,"Census Tract 011801, Shasta County, California",household_income,25000_29999,21,B19001,B19001 line 6,Households,2018
14000US06089011801,06,089,011801,"Census Tract 011801, Shasta County, California",household_income,30000_34999,51,B19001,B19001 line 7,Households,2018
14000US06089011801,06,089,011801,"Census Tract 011801, Shasta County, California",household_income,35000_39999,33,B19001,B19001 line 8,Households,2018
14000US06089011801,06,089,011801,"Census Tract 011801, Shasta County, California",household_income,40000_44999,37,B19001,B19001 line 9,Households,2018
14000US06089011801,06,089,011801,"Census Tract 011801, Shasta County, California",household_income,45000_49999,53,B19001,B19001 line 10,Households,2018
14000US06089011801,06,089,011801,"Census Tract 011801, Shasta County, California",household_income,50000_59999,82,B19001,B19001 line 11,Households,2018
14000US06089011801,06,089,011801,"Census Tract 011801, Shasta County, California",household_income,60000_74999,106,B19001,B19001 line 12,Households,2018
14000US06089011801,06,089,011801,"Census Tract 011801, Shasta County, California",household_income,75000_99999,103,B19001,B19001 line 13,Households,2018
14000US06089011801,06,089,011801,"Census Tract 011801, Shasta County, California",household_income,lt_10000,50,B19001,B19001 line 2,Households,2018
14000US06089011801,06,089,011801,"Census Tract 011801, Shasta County, California",household_older_adult_presence,has_65_plus,348,B11007,B11007 line 2,Households,2018
14000US06089011801,06,089,011801,"Census Tract 011801, Shasta County, California",household_older_adult_presence,no_65_plus,566,B11007,B11007 line 7,Households,2018
14000US06089011801,06,089,011801,"Census Tract 011801, Shasta County, California",household_structure,married_couple,541,B11001,B11001 line 3,Households,2018
14000US06089011801,06,089,011801,"Census Tract 011801, Shasta County, California",household_structure,nonfamily_living_alone,208,B11001,B11001 line 8,Households,2018
14000US06089011801,06,089,011801,"Census Tract 011801, Shasta County, California",household_structure,nonfamily_not_living_alone,64,B11001,B11001 line 9,Households,2018
14000US06089011801,06,089,011801,"Census Tract 011801, Shasta County, California",household_structure,other_female_householder,44,B11001,B11001 line 6,Households,2018
14000US06089011801,06,089,011801,"Census Tract 011801, Shasta County, California",household_structure,other_male_householder,57,B11001,B11001 line 5,Households,2018
14000US06089011801,06,089,011801,"Census Tract 011801, Shasta County, California",person_age_group,0_17,454,B01001,"B01001 lines 3,4,5,6,27,28,29,30",Total population,2018
14000US06089011801,06,089,011801,"Census Tract 011801, Shasta County, California",person_age_group,18_34,301,B01001,"B01001 lines 7,8,9,10,11,31,32,33,34,35",Total population,2018
14000US06089011801,06,089,011801,"Census Tract 011801, Shasta County, California",person_age_group,35_64,1087,B01001,"B01001 lines 12,13,14,15,16,17,18,19,36,37,38,39,40,41,42,43",Total population,2018
14000US06089011801,06,089,011801,"Census Tract 011801, Shasta County, California",person_age_group,65_plus,513,B01001,"B01001 lines 20,21,22,23,24,25,44,45,46,47,48,49",Total population,2018
14000US06089011801,06,089,011801,"Census Tract 011801, Shasta County, California",vehicle_count,0,20,B08201,B08201 line 2,Households,2018
14000US06089011801,06,089,011801,"Census Tract 011801, Shasta County, California",vehicle_count,1,205,B08201,B08201 line 3,Households,2018
14000US06089011801,06,089,011801,"Census Tract 011801, Shasta County, California",vehicle_count,2,314,B08201,B08201 line 4,Households,2018
14000US06089011801,06,089,011801,"Census Tract 011801, Shasta County, California",vehicle_count,3,220,B08201,B08201 line 5,Households,2018
14000US06089011801,06,089,011801,"Census Tract 011801, Shasta County, California",vehicle_count,4_plus,155,B08201,B08201 line 6,Households,2018
14000US06089011802,06,089,011802,"Census Tract 011802, Shasta County, California",household_income,100000_124999,137,B19001,B19001 line 14,Households,2018
14000US06089011802,06,089,011802,"Census Tract 011802, Shasta County, California",household_income,10000_14999,16,B19001,B19001 line 3,Households,2018
14000US06089011802,06,089,011802,"Census Tract 011802, Shasta County, California",household_income,125000_149999,113,B19001,B19001 line 15,Households,2018
14000US06089011802,06,089,011802,"Census Tract 011802, Shasta County, California",household_income,150000_199999,63,B19001,B19001 line 16,Households,2018
14000US06089011802,06,089,011802,"Census Tract 011802, Shasta County, California",household_income,15000_19999,17,B19001,B19001 line 4,Households,2018
14000US06089011802,06,089,011802,"Census Tract 011802, Shasta County, California",household_income,200000_plus,70,B19001,B19001 line 17,Households,2018
14000US06089011802,06,089,011802,"Census Tract 011802, Shasta County, California",household_income,20000_24999,19,B19001,B19001 line 5,Households,2018
14000US06089011802,06,089,011802,"Census Tract 011802, Shasta County, California",household_income,25000_29999,32,B19001,B19001 line 6,Households,2018
14000US06089011802,06,089,011802,"Census Tract 011802, Shasta County, California",household_income,30000_34999,19,B19001,B19001 line 7,Households,2018
14000US06089011802,06,089,011802,"Census Tract 011802, Shasta County, California",household_income,35000_39999,90,B19001,B19001 line 8,Households,2018
14000US06089011802,06,089,011802,"Census Tract 011802, Shasta County, California",household_income,40000_44999,33,B19001,B19001 line 9,Households,2018
14000US06089011802,06,089,011802,"Census Tract 011802, Shasta County, California",household_income,45000_49999,55,B19001,B19001 line 10,Households,2018
14000US06089011802,06,089,011802,"Census Tract 011802, Shasta County, California",household_income,50000_59999,53,B19001,B19001 line 11,Households,2018
14000US06089011802,06,089,011802,"Census Tract 011802, Shasta County, California",household_income,60000_74999,107,B19001,B19001 line 12,Households,2018
14000US06089011802,06,089,011802,"Census Tract 011802, Shasta County, California",household_income,75000_99999,94,B19001,B19001 line 13,Households,2018
14000US06089011802,06,089,011802,"Census Tract 011802, Shasta County, California",household_income,lt_10000,43,B19001,B19001 line 2,Households,2018
14000US06089011802,06,089,011802,"Census Tract 011802, Shasta County, California",household_older_adult_presence,has_65_plus,370,B11007,B11007 line 2,Households,2018
14000US06089011802,06,089,011802,"Census Tract 011802, Shasta County, California",household_older_adult_presence,no_65_plus,591,B11007,B11007 line 7,Households,2018
14000US06089011802,06,089,011802,"Census Tract 011802, Shasta County, California",household_structure,married_couple,606,B11001,B11001 line 3,Households,2018
14000US06089011802,06,089,011802,"Census Tract 011802, Shasta County, California",household_structure,nonfamily_living_alone,164,B11001,B11001 line 8,Households,2018
14000US06089011802,06,089,011802,"Census Tract 011802, Shasta County, California",household_structure,nonfamily_not_living_alone,35,B11001,B11001 line 9,Households,2018
14000US06089011802,06,089,011802,"Census Tract 011802, Shasta County, California",household_structure,other_female_householder,76,B11001,B11001 line 6,Households,2018
14000US06089011802,06,089,011802,"Census Tract 011802, Shasta County, California",household_structure,other_male_householder,80,B11001,B11001 line 5,Households,2018
14000US06089011802,06,089,011802,"Census Tract 011802, Shasta County, California",person_age_group,0_17,544,B01001,"B01001 lines 3,4,5,6,27,28,29,30",Total population,2018
14000US06089011802,06,089,011802,"Census Tract 011802, Shasta County, California",person_age_group,18_34,330,B01001,"B01001 lines 7,8,9,10,11,31,32,33,34,35",Total population,2018
14000US06089011802,06,089,011802,"Census Tract 011802, Shasta County, California",person_age_group,35_64,1321,B01001,"B01001 lines 12,13,14,15,16,17,18,19,36,37,38,39,40,41,42,43",Total population,2018
14000US06089011802,06,089,011802,"Census Tract 011802, Shasta County, California",person_age_group,65_plus,614,B01001,"B01001 lines 20,21,22,23,24,25,44,45,46,47,48,49",Total population,2018
14000US06089011802,06,089,011802,"Census Tract 011802, Shasta County, California",vehicle_count,0,33,B08201,B08201 line 2,Households,2018
14000US06089011802,06,089,011802,"Census Tract 011802, Shasta County, California",vehicle_count,1,143,B08201,B08201 line 3,Households,2018
14000US06089011802,06,089,011802,"Census Tract 011802, Shasta County, California",vehicle_count,2,364,B08201,B08201 line 4,Households,2018
14000US06089011802,06,089,011802,"Census Tract 011802, Shasta County, California",vehicle_count,3,195,B08201,B08201 line 5,Households,2018
14000US06089011802,06,089,011802,"Census Tract 011802, Shasta County, California",vehicle_count,4_plus,226,B08201,B08201 line 6,Households,2018
14000US06089011803,06,089,011803,"Census Tract 011803, Shasta County, California",household_income,100000_124999,66,B19001,B19001 line 14,Households,2018
14000US06089011803,06,089,011803,"Census Tract 011803, Shasta County, California",household_income,10000_14999,82,B19001,B19001 line 3,Households,2018
14000US06089011803,06,089,011803,"Census Tract 011803, Shasta County, California",household_income,125000_149999,26,B19001,B19001 line 15,Households,2018
14000US06089011803,06,089,011803,"Census Tract 011803, Shasta County, California",household_income,150000_199999,33,B19001,B19001 line 16,Households,2018
14000US06089011803,06,089,011803,"Census Tract 011803, Shasta County, California",household_income,15000_19999,34,B19001,B19001 line 4,Households,2018
14000US06089011803,06,089,011803,"Census Tract 011803, Shasta County, California",household_income,200000_plus,62,B19001,B19001 line 17,Households,2018
14000US06089011803,06,089,011803,"Census Tract 011803, Shasta County, California",household_income,20000_24999,86,B19001,B19001 line 5,Households,2018
14000US06089011803,06,089,011803,"Census Tract 011803, Shasta County, California",household_income,25000_29999,82,B19001,B19001 line 6,Households,2018
14000US06089011803,06,089,011803,"Census Tract 011803, Shasta County, California",household_income,30000_34999,72,B19001,B19001 line 7,Households,2018
14000US06089011803,06,089,011803,"Census Tract 011803, Shasta County, California",household_income,35000_39999,70,B19001,B19001 line 8,Households,2018
14000US06089011803,06,089,011803,"Census Tract 011803, Shasta County, California",household_income,40000_44999,80,B19001,B19001 line 9,Households,2018
14000US06089011803,06,089,011803,"Census Tract 011803, Shasta County, California",household_income,45000_49999,52,B19001,B19001 line 10,Households,2018
14000US06089011803,06,089,011803,"Census Tract 011803, Shasta County, California",household_income,50000_59999,50,B19001,B19001 line 11,Households,2018
14000US06089011803,06,089,011803,"Census Tract 011803, Shasta County, California",household_income,60000_74999,67,B19001,B19001 line 12,Households,2018
14000US06089011803,06,089,011803,"Census Tract 011803, Shasta County, California",household_income,75000_99999,129,B19001,B19001 line 13,Households,2018
14000US06089011803,06,089,011803,"Census Tract 011803, Shasta County, California",household_income,lt_10000,76,B19001,B19001 line 2,Households,2018
14000US06089011803,06,089,011803,"Census Tract 011803, Shasta County, California",household_older_adult_presence,has_65_plus,435,B11007,B11007 line 2,Households,2018
14000US06089011803,06,089,011803,"Census Tract 011803, Shasta County, California",household_older_adult_presence,no_65_plus,632,B11007,B11007 line 7,Households,2018
14000US06089011803,06,089,011803,"Census Tract 011803, Shasta County, California",household_structure,married_couple,577,B11001,B11001 line 3,Households,2018
14000US06089011803,06,089,011803,"Census Tract 011803, Shasta County, California",household_structure,nonfamily_living_alone,248,B11001,B11001 line 8,Households,2018
14000US06089011803,06,089,011803,"Census Tract 011803, Shasta County, California",household_structure,nonfamily_not_living_alone,65,B11001,B11001 line 9,Households,2018
14000US06089011803,06,089,011803,"Census Tract 011803, Shasta County, California",household_structure,other_female_householder,75,B11001,B11001 line 6,Households,2018
14000US06089011803,06,089,011803,"Census Tract 011803, Shasta County, California",household_structure,other_male_householder,102,B11001,B11001 line 5,Households,2018
14000US06089011803,06,089,011803,"Census Tract 011803, Shasta County, California",person_age_group,0_17,358,B01001,"B01001 lines 3,4,5,6,27,28,29,30",Total population,2018
14000US06089011803,06,089,011803,"Census Tract 011803, Shasta County, California",person_age_group,18_34,310,B01001,"B01001 lines 7,8,9,10,11,31,32,33,34,35",Total population,2018
14000US06089011803,06,089,011803,"Census Tract 011803, Shasta County, California",person_age_group,35_64,1203,B01001,"B01001 lines 12,13,14,15,16,17,18,19,36,37,38,39,40,41,42,43",Total population,2018
14000US06089011803,06,089,011803,"Census Tract 011803, Shasta County, California",person_age_group,65_plus,638,B01001,"B01001 lines 20,21,22,23,24,25,44,45,46,47,48,49",Total population,2018
14000US06089011803,06,089,011803,"Census Tract 011803, Shasta County, California",vehicle_count,0,41,B08201,B08201 line 2,Households,2018
14000US06089011803,06,089,011803,"Census Tract 011803, Shasta County, California",vehicle_count,1,385,B08201,B08201 line 3,Households,2018
14000US06089011803,06,089,011803,"Census Tract 011803, Shasta County, California",vehicle_count,2,295,B08201,B08201 line 4,Households,2018
14000US06089011803,06,089,011803,"Census Tract 011803, Shasta County, California",vehicle_count,3,238,B08201,B08201 line 5,Households,2018
14000US06089011803,06,089,011803,"Census Tract 011803, Shasta County, California",vehicle_count,4_plus,108,B08201,B08201 line 6,Households,2018
14000US06089011900,06,089,011900,"Census Tract 011900, Shasta County, California",household_income,100000_124999,192,B19001,B19001 line 14,Households,2018
14000US06089011900,06,089,011900,"Census Tract 011900, Shasta County, California",household_income,10000_14999,39,B19001,B19001 line 3,Households,2018
14000US06089011900,06,089,011900,"Census Tract 011900, Shasta County, California",household_income,125000_149999,112,B19001,B19001 line 15,Households,2018
14000US06089011900,06,089,011900,"Census Tract 011900, Shasta County, California",household_income,150000_199999,183,B19001,B19001 line 16,Households,2018
14000US06089011900,06,089,011900,"Census Tract 011900, Shasta County, California",household_income,15000_19999,56,B19001,B19001 line 4,Households,2018
14000US06089011900,06,089,011900,"Census Tract 011900, Shasta County, California",household_income,200000_plus,131,B19001,B19001 line 17,Households,2018
14000US06089011900,06,089,011900,"Census Tract 011900, Shasta County, California",household_income,20000_24999,73,B19001,B19001 line 5,Households,2018
14000US06089011900,06,089,011900,"Census Tract 011900, Shasta County, California",household_income,25000_29999,52,B19001,B19001 line 6,Households,2018
14000US06089011900,06,089,011900,"Census Tract 011900, Shasta County, California",household_income,30000_34999,50,B19001,B19001 line 7,Households,2018
14000US06089011900,06,089,011900,"Census Tract 011900, Shasta County, California",household_income,35000_39999,29,B19001,B19001 line 8,Households,2018
14000US06089011900,06,089,011900,"Census Tract 011900, Shasta County, California",household_income,40000_44999,65,B19001,B19001 line 9,Households,2018
14000US06089011900,06,089,011900,"Census Tract 011900, Shasta County, California",household_income,45000_49999,48,B19001,B19001 line 10,Households,2018
14000US06089011900,06,089,011900,"Census Tract 011900, Shasta County, California",household_income,50000_59999,112,B19001,B19001 line 11,Households,2018
14000US06089011900,06,089,011900,"Census Tract 011900, Shasta County, California",household_income,60000_74999,265,B19001,B19001 line 12,Households,2018
14000US06089011900,06,089,011900,"Census Tract 011900, Shasta County, California",household_income,75000_99999,224,B19001,B19001 line 13,Households,2018
14000US06089011900,06,089,011900,"Census Tract 011900, Shasta County, California",household_income,lt_10000,52,B19001,B19001 line 2,Households,2018
14000US06089011900,06,089,011900,"Census Tract 011900, Shasta County, California",household_older_adult_presence,has_65_plus,659,B11007,B11007 line 2,Households,2018
14000US06089011900,06,089,011900,"Census Tract 011900, Shasta County, California",household_older_adult_presence,no_65_plus,1024,B11007,B11007 line 7,Households,2018
14000US06089011900,06,089,011900,"Census Tract 011900, Shasta County, California",household_structure,married_couple,1177,B11001,B11001 line 3,Households,2018
14000US06089011900,06,089,011900,"Census Tract 011900, Shasta County, California",household_structure,nonfamily_living_alone,352,B11001,B11001 line 8,Households,2018
14000US06089011900,06,089,011900,"Census Tract 011900, Shasta County, California",household_structure,nonfamily_not_living_alone,32,B11001,B11001 line 9,Households,2018
14000US06089011900,06,089,011900,"Census Tract 011900, Shasta County, California",household_structure,other_female_householder,50,B11001,B11001 line 6,Households,2018
14000US06089011900,06,089,011900,"Census Tract 011900, Shasta County, California",household_structure,other_male_householder,72,B11001,B11001 line 5,Households,2018
14000US06089011900,06,089,011900,"Census Tract 011900, Shasta County, California",person_age_group,0_17,815,B01001,"B01001 lines 3,4,5,6,27,28,29,30",Total population,2018
14000US06089011900,06,089,011900,"Census Tract 011900, Shasta County, California",person_age_group,18_34,456,B01001,"B01001 lines 7,8,9,10,11,31,32,33,34,35",Total population,2018
14000US06089011900,06,089,011900,"Census Tract 011900, Shasta County, California",person_age_group,35_64,2131,B01001,"B01001 lines 12,13,14,15,16,17,18,19,36,37,38,39,40,41,42,43",Total population,2018
14000US06089011900,06,089,011900,"Census Tract 011900, Shasta County, California",person_age_group,65_plus,979,B01001,"B01001 lines 20,21,22,23,24,25,44,45,46,47,48,49",Total population,2018
14000US06089011900,06,089,011900,"Census Tract 011900, Shasta County, California",vehicle_count,0,22,B08201,B08201 line 2,Households,2018
14000US06089011900,06,089,011900,"Census Tract 011900, Shasta County, California",vehicle_count,1,259,B08201,B08201 line 3,Households,2018
14000US06089011900,06,089,011900,"Census Tract 011900, Shasta County, California",vehicle_count,2,703,B08201,B08201 line 4,Households,2018
14000US06089011900,06,089,011900,"Census Tract 011900, Shasta County, California",vehicle_count,3,391,B08201,B08201 line 5,Households,2018
14000US06089011900,06,089,011900,"Census Tract 011900, Shasta County, California",vehicle_count,4_plus,308,B08201,B08201 line 6,Households,2018
14000US06089012000,06,089,012000,"Census Tract 012000, Shasta County, California",household_income,100000_124999,33,B19001,B19001 line 14,Households,2018
14000US06089012000,06,089,012000,"Census Tract 012000, Shasta County, California",household_income,10000_14999,247,B19001,B19001 line 3,Households,2018
14000US06089012000,06,089,012000,"Census Tract 012000, Shasta County, California",household_income,125000_149999,6,B19001,B19001 line 15,Households,2018
14000US06089012000,06,089,012000,"Census Tract 012000, Shasta County, California",household_income,150000_199999,39,B19001,B19001 line 16,Households,2018
14000US06089012000,06,089,012000,"Census Tract 012000, Shasta County, California",household_income,15000_19999,105,B19001,B19001 line 4,Households,2018
14000US06089012000,06,089,012000,"Census Tract 012000, Shasta County, California",household_income,200000_plus,6,B19001,B19001 line 17,Households,2018
14000US06089012000,06,089,012000,"Census Tract 012000, Shasta County, California",household_income,20000_24999,146,B19001,B19001 line 5,Households,2018
14000US06089012000,06,089,012000,"Census Tract 012000, Shasta County, California",household_income,25000_29999,168,B19001,B19001 line 6,Households,2018
14000US06089012000,06,089,012000,"Census Tract 012000, Shasta County, California",household_income,30000_34999,120,B19001,B19001 line 7,Households,2018
14000US06089012000,06,089,012000,"Census Tract 012000, Shasta County, California",household_income,35000_39999,106,B19001,B19001 line 8,Households,2018
14000US06089012000,06,089,012000,"Census Tract 012000, Shasta County, California",household_income,40000_44999,169,B19001,B19001 line 9,Households,2018
14000US06089012000,06,089,012000,"Census Tract 012000, Shasta County, California",household_income,45000_49999,61,B19001,B19001 line 10,Households,2018
14000US06089012000,06,089,012000,"Census Tract 012000, Shasta County, California",household_income,50000_59999,109,B19001,B19001 line 11,Households,2018
14000US06089012000,06,089,012000,"Census Tract 012000, Shasta County, California",household_income,60000_74999,157,B19001,B19001 line 12,Households,2018
14000US06089012000,06,089,012000,"Census Tract 012000, Shasta County, California",household_income,75000_99999,195,B19001,B19001 line 13,Households,2018
14000US06089012000,06,089,012000,"Census Tract 012000, Shasta County, California",household_income,lt_10000,109,B19001,B19001 line 2,Households,2018
14000US06089012000,06,089,012000,"Census Tract 012000, Shasta County, California",household_older_adult_presence,has_65_plus,455,B11007,B11007 line 2,Households,2018
14000US06089012000,06,089,012000,"Census Tract 012000, Shasta County, California",household_older_adult_presence,no_65_plus,1321,B11007,B11007 line 7,Households,2018
14000US06089012000,06,089,012000,"Census Tract 012000, Shasta County, California",household_structure,married_couple,607,B11001,B11001 line 3,Households,2018
14000US06089012000,06,089,012000,"Census Tract 012000, Shasta County, California",household_structure,nonfamily_living_alone,631,B11001,B11001 line 8,Households,2018
14000US06089012000,06,089,012000,"Census Tract 012000, Shasta County, California",household_structure,nonfamily_not_living_alone,109,B11001,B11001 line 9,Households,2018
14000US06089012000,06,089,012000,"Census Tract 012000, Shasta County, California",household_structure,other_female_householder,314,B11001,B11001 line 6,Households,2018
14000US06089012000,06,089,012000,"Census Tract 012000, Shasta County, California",household_structure,other_male_householder,115,B11001,B11001 line 5,Households,2018
14000US06089012000,06,089,012000,"Census Tract 012000, Shasta County, California",person_age_group,0_17,1334,B01001,"B01001 lines 3,4,5,6,27,28,29,30",Total population,2018
14000US06089012000,06,089,012000,"Census Tract 012000, Shasta County, California",person_age_group,18_34,675,B01001,"B01001 lines 7,8,9,10,11,31,32,33,34,35",Total population,2018
14000US06089012000,06,089,012000,"Census Tract 012000, Shasta County, California",person_age_group,35_64,2078,B01001,"B01001 lines 12,13,14,15,16,17,18,19,36,37,38,39,40,41,42,43",Total population,2018
14000US06089012000,06,089,012000,"Census Tract 012000, Shasta County, California",person_age_group,65_plus,584,B01001,"B01001 lines 20,21,22,23,24,25,44,45,46,47,48,49",Total population,2018
14000US06089012000,06,089,012000,"Census Tract 012000, Shasta County, California",vehicle_count,0,288,B08201,B08201 line 2,Households,2018
14000US06089012000,06,089,012000,"Census Tract 012000, Shasta County, California",vehicle_count,1,658,B08201,B08201 line 3,Households,2018
14000US06089012000,06,089,012000,"Census Tract 012000, Shasta County, California",vehicle_count,2,519,B08201,B08201 line 4,Households,2018
14000US06089012000,06,089,012000,"Census Tract 012000, Shasta County, California",vehicle_count,3,134,B08201,B08201 line 5,Households,2018
14000US06089012000,06,089,012000,"Census Tract 012000, Shasta County, California",vehicle_count,4_plus,177,B08201,B08201 line 6,Households,2018
14000US06089012101,06,089,012101,"Census Tract 012101, Shasta County, California",household_income,100000_124999,59,B19001,B19001 line 14,Households,2018
14000US06089012101,06,089,012101,"Census Tract 012101, Shasta County, California",household_income,10000_14999,142,B19001,B19001 line 3,Households,2018
14000US06089012101,06,089,012101,"Census Tract 012101, Shasta County, California",household_income,125000_149999,38,B19001,B19001 line 15,Households,2018
14000US06089012101,06,089,012101,"Census Tract 012101, Shasta County, California",household_income,150000_199999,106,B19001,B19001 line 16,Households,2018
14000US06089012101,06,089,012101,"Census Tract 012101, Shasta County, California",household_income,15000_19999,115,B19001,B19001 line 4,Households,2018
14000US06089012101,06,089,012101,"Census Tract 012101, Shasta County, California",household_income,200000_plus,11,B19001,B19001 line 17,Households,2018
14000US06089012101,06,089,012101,"Census Tract 012101, Shasta County, California",household_income,20000_24999,141,B19001,B19001 line 5,Households,2018
14000US06089012101,06,089,012101,"Census Tract 012101, Shasta County, California",household_income,25000_29999,90,B19001,B19001 line 6,Households,2018
14000US06089012101,06,089,012101,"Census Tract 012101, Shasta County, California",household_income,30000_34999,101,B19001,B19001 line 7,Households,2018
14000US06089012101,06,089,012101,"Census Tract 012101, Shasta County, California",household_income,35000_39999,71,B19001,B19001 line 8,Households,2018
14000US06089012101,06,089,012101,"Census Tract 012101, Shasta County, California",household_income,40000_44999,130,B19001,B19001 line 9,Households,2018
14000US06089012101,06,089,012101,"Census Tract 012101, Shasta County, California",household_income,45000_49999,107,B19001,B19001 line 10,Households,2018
14000US06089012101,06,089,012101,"Census Tract 012101, Shasta County, California",household_income,50000_59999,123,B19001,B19001 line 11,Households,2018
14000US06089012101,06,089,012101,"Census Tract 012101, Shasta County, California",household_income,60000_74999,262,B19001,B19001 line 12,Households,2018
14000US06089012101,06,089,012101,"Census Tract 012101, Shasta County, California",household_income,75000_99999,200,B19001,B19001 line 13,Households,2018
14000US06089012101,06,089,012101,"Census Tract 012101, Shasta County, California",household_income,lt_10000,60,B19001,B19001 line 2,Households,2018
14000US06089012101,06,089,012101,"Census Tract 012101, Shasta County, California",household_older_adult_presence,has_65_plus,517,B11007,B11007 line 2,Households,2018
14000US06089012101,06,089,012101,"Census Tract 012101, Shasta County, California",household_older_adult_presence,no_65_plus,1239,B11007,B11007 line 7,Households,2018
14000US06089012101,06,089,012101,"Census Tract 012101, Shasta County, California",household_structure,married_couple,885,B11001,B11001 line 3,Households,2018
14000US06089012101,06,089,012101,"Census Tract 012101, Shasta County, California",household_structure,nonfamily_living_alone,455,B11001,B11001 line 8,Households,2018
14000US06089012101,06,089,012101,"Census Tract 012101, Shasta County, California",household_structure,nonfamily_not_living_alone,148,B11001,B11001 line 9,Households,2018
14000US06089012101,06,089,012101,"Census Tract 012101, Shasta County, California",household_structure,other_female_householder,242,B11001,B11001 line 6,Households,2018
14000US06089012101,06,089,012101,"Census Tract 012101, Shasta County, California",household_structure,other_male_householder,26,B11001,B11001 line 5,Households,2018
14000US06089012101,06,089,012101,"Census Tract 012101, Shasta County, California",person_age_group,0_17,1207,B01001,"B01001 lines 3,4,5,6,27,28,29,30",Total population,2018
14000US06089012101,06,089,012101,"Census Tract 012101, Shasta County, California",person_age_group,18_34,1124,B01001,"B01001 lines 7,8,9,10,11,31,32,33,34,35",Total population,2018
14000US06089012101,06,089,012101,"Census Tract 012101, Shasta County, California",person_age_group,35_64,1621,B01001,"B01001 lines 12,13,14,15,16,17,18,19,36,37,38,39,40,41,42,43",Total population,2018
14000US06089012101,06,089,012101,"Census Tract 012101, Shasta County, California",person_age_group,65_plus,693,B01001,"B01001 lines 20,21,22,23,24,25,44,45,46,47,48,49",Total population,2018
14000US06089012101,06,089,012101,"Census Tract 012101, Shasta County, California",vehicle_count,0,58,B08201,B08201 line 2,Households,2018
14000US06089012101,06,089,012101,"Census Tract 012101, Shasta County, California",vehicle_count,1,610,B08201,B08201 line 3,Households,2018
14000US06089012101,06,089,012101,"Census Tract 012101, Shasta County, California",vehicle_count,2,782,B08201,B08201 line 4,Households,2018
14000US06089012101,06,089,012101,"Census Tract 012101, Shasta County, California",vehicle_count,3,291,B08201,B08201 line 5,Households,2018
14000US06089012101,06,089,012101,"Census Tract 012101, Shasta County, California",vehicle_count,4_plus,15,B08201,B08201 line 6,Households,2018
14000US06089012102,06,089,012102,"Census Tract 012102, Shasta County, California",household_income,100000_124999,20,B19001,B19001 line 14,Households,2018
14000US06089012102,06,089,012102,"Census Tract 012102, Shasta County, California",household_income,10000_14999,40,B19001,B19001 line 3,Households,2018
14000US06089012102,06,089,012102,"Census Tract 012102, Shasta County, California",household_income,125000_149999,38,B19001,B19001 line 15,Households,2018
14000US06089012102,06,089,012102,"Census Tract 012102, Shasta County, California",household_income,150000_199999,35,B19001,B19001 line 16,Households,2018
14000US06089012102,06,089,012102,"Census Tract 012102, Shasta County, California",household_income,15000_19999,92,B19001,B19001 line 4,Households,2018
14000US06089012102,06,089,012102,"Census Tract 012102, Shasta County, California",household_income,200000_plus,5,B19001,B19001 line 17,Households,2018
14000US06089012102,06,089,012102,"Census Tract 012102, Shasta County, California",household_income,20000_24999,126,B19001,B19001 line 5,Households,2018
14000US06089012102,06,089,012102,"Census Tract 012102, Shasta County, California",household_income,25000_29999,47,B19001,B19001 line 6,Households,2018
14000US06089012102,06,089,012102,"Census Tract 012102, Shasta County, California",household_income,30000_34999,94,B19001,B19001 line 7,Households,2018
14000US06089012102,06,089,012102,"Census Tract 012102, Shasta County, California",household_income,35000_39999,53,B19001,B19001 line 8,Households,2018
14000US06089012102,06,089,012102,"Census Tract 012102, Shasta County, California",household_income,40000_44999,46,B19001,B19001 line 9,Households,2018
14000US06089012102,06,089,012102,"Census Tract 012102, Shasta County, California",household_income,45000_49999,12,B19001,B19001 line 10,Households,2018
14000US06089012102,06,089,012102,"Census Tract 012102, Shasta County, California",household_income,50000_59999,83,B19001,B19001 line 11,Households,2018
14000US06089012102,06,089,012102,"Census Tract 012102, Shasta County, California",household_income,60000_74999,64,B19001,B19001 line 12,Households,2018
14000US06089012102,06,089,012102,"Census Tract 012102, Shasta County, California",household_income,75000_99999,81,B19001,B19001 line 13,Households,2018
14000US06089012102,06,089,012102,"Census Tract 012102, Shasta County, California",household_income,lt_10000,57,B19001,B19001 line 2,Households,2018
14000US06089012102,06,089,012102,"Census Tract 012102, Shasta County, California",household_older_adult_presence,has_65_plus,418,B11007,B11007 line 2,Households,2018
14000US06089012102,06,089,012102,"Census Tract 012102, Shasta County, California",household_older_adult_presence,no_65_plus,475,B11007,B11007 line 7,Households,2018
14000US06089012102,06,089,012102,"Census Tract 012102, Shasta County, California",household_structure,married_couple,363,B11001,B11001 line 3,Households,2018
14000US06089012102,06,089,012102,"Census Tract 012102, Shasta County, California",household_structure,nonfamily_living_alone,363,B11001,B11001 line 8,Households,2018
14000US06089012102,06,089,012102,"Census Tract 012102, Shasta County, California",household_structure,nonfamily_not_living_alone,17,B11001,B11001 line 9,Households,2018
14000US06089012102,06,089,012102,"Census Tract 012102, Shasta County, California",household_structure,other_female_householder,118,B11001,B11001 line 6,Households,2018
14000US06089012102,06,089,012102,"Census Tract 012102, Shasta County, California",household_structure,other_male_householder,32,B11001,B11001 line 5,Households,2018
14000US06089012102,06,089,012102,"Census Tract 012102, Shasta County, California",person_age_group,0_17,367,B01001,"B01001 lines 3,4,5,6,27,28,29,30",Total population,2018
14000US06089012102,06,089,012102,"Census Tract 012102, Shasta County, California",person_age_group,18_34,189,B01001,"B01001 lines 7,8,9,10,11,31,32,33,34,35",Total population,2018
14000US06089012102,06,089,012102,"Census Tract 012102, Shasta County, California",person_age_group,35_64,851,B01001,"B01001 lines 12,13,14,15,16,17,18,19,36,37,38,39,40,41,42,43",Total population,2018
14000US06089012102,06,089,012102,"Census Tract 012102, Shasta County, California",person_age_group,65_plus,556,B01001,"B01001 lines 20,21,22,23,24,25,44,45,46,47,48,49",Total population,2018
14000US06089012102,06,089,012102,"Census Tract 012102, Shasta County, California",vehicle_count,0,116,B08201,B08201 line 2,Households,2018
14000US06089012102,06,089,012102,"Census Tract 012102, Shasta County, California",vehicle_count,1,334,B08201,B08201 line 3,Households,2018
14000US06089012102,06,089,012102,"Census Tract 012102, Shasta County, California",vehicle_count,2,309,B08201,B08201 line 4,Households,2018
14000US06089012102,06,089,012102,"Census Tract 012102, Shasta County, California",vehicle_count,3,70,B08201,B08201 line 5,Households,2018
14000US06089012102,06,089,012102,"Census Tract 012102, Shasta County, California",vehicle_count,4_plus,64,B08201,B08201 line 6,Households,2018
14000US06089012200,06,089,012200,"Census Tract 012200, Shasta County, California",household_income,100000_124999,69,B19001,B19001 line 14,Households,2018
14000US06089012200,06,089,012200,"Census Tract 012200, Shasta County, California",household_income,10000_14999,162,B19001,B19001 line 3,Households,2018
14000US06089012200,06,089,012200,"Census Tract 012200, Shasta County, California",household_income,125000_149999,67,B19001,B19001 line 15,Households,2018
14000US06089012200,06,089,012200,"Census Tract 012200, Shasta County, California",household_income,150000_199999,78,B19001,B19001 line 16,Households,2018
14000US06089012200,06,089,012200,"Census Tract 012200, Shasta County, California",household_income,15000_19999,84,B19001,B19001 line 4,Households,2018
14000US06089012200,06,089,012200,"Census Tract 012200, Shasta County, California",household_income,200000_plus,68,B19001,B19001 line 17,Households,2018
14000US06089012200,06,089,012200,"Census Tract 012200, Shasta County, California",household_income,20000_24999,183,B19001,B19001 line 5,Households,2018
14000US06089012200,06,089,012200,"Census Tract 012200, Shasta County, California",household_income,25000_29999,223,B19001,B19001 line 6,Households,2018
14000US06089012200,06,089,012200,"Census Tract 012200, Shasta County, California",household_income,30000_34999,174,B19001,B19001 line 7,Households,2018
14000US06089012200,06,089,012200,"Census Tract 012200, Shasta County, California",household_income,35000_39999,107,B19001,B19001 line 8,Households,2018
14000US06089012200,06,089,012200,"Census Tract 012200, Shasta County, California",household_income,40000_44999,145,B19001,B19001 line 9,Households,2018
14000US06089012200,06,089,012200,"Census Tract 012200, Shasta County, California",household_income,45000_49999,65,B19001,B19001 line 10,Households,2018
14000US06089012200,06,089,012200,"Census Tract 012200, Shasta County, California",household_income,50000_59999,165,B19001,B19001 line 11,Households,2018
14000US06089012200,06,089,012200,"Census Tract 012200, Shasta County, California",household_income,60000_74999,152,B19001,B19001 line 12,Households,2018
14000US06089012200,06,089,012200,"Census Tract 012200, Shasta County, California",household_income,75000_99999,242,B19001,B19001 line 13,Households,2018
14000US06089012200,06,089,012200,"Census Tract 012200, Shasta County, California",household_income,lt_10000,172,B19001,B19001 line 2,Households,2018
14000US06089012200,06,089,012200,"Census Tract 012200, Shasta County, California",household_older_adult_presence,has_65_plus,607,B11007,B11007 line 2,Households,2018
14000US06089012200,06,089,012200,"Census Tract 012200, Shasta County, California",household_older_adult_presence,no_65_plus,1549,B11007,B11007 line 7,Households,2018
14000US06089012200,06,089,012200,"Census Tract 012200, Shasta County, California",household_structure,married_couple,1028,B11001,B11001 line 3,Households,2018
14000US06089012200,06,089,012200,"Census Tract 012200, Shasta County, California",household_structure,nonfamily_living_alone,430,B11001,B11001 line 8,Households,2018
14000US06089012200,06,089,012200,"Census Tract 012200, Shasta County, California",household_structure,nonfamily_not_living_alone,241,B11001,B11001 line 9,Households,2018
14000US06089012200,06,089,012200,"Census Tract 012200, Shasta County, California",household_structure,other_female_householder,326,B11001,B11001 line 6,Households,2018
14000US06089012200,06,089,012200,"Census Tract 012200, Shasta County, California",household_structure,other_male_householder,131,B11001,B11001 line 5,Households,2018
14000US06089012200,06,089,012200,"Census Tract 012200, Shasta County, California",person_age_group,0_17,1636,B01001,"B01001 lines 3,4,5,6,27,28,29,30",Total population,2018
14000US06089012200,06,089,012200,"Census Tract 012200, Shasta County, California",person_age_group,18_34,987,B01001,"B01001 lines 7,8,9,10,11,31,32,33,34,35",Total population,2018
14000US06089012200,06,089,012200,"Census Tract 012200, Shasta County, California",person_age_group,35_64,2490,B01001,"B01001 lines 12,13,14,15,16,17,18,19,36,37,38,39,40,41,42,43",Total population,2018
14000US06089012200,06,089,012200,"Census Tract 012200, Shasta County, California",person_age_group,65_plus,824,B01001,"B01001 lines 20,21,22,23,24,25,44,45,46,47,48,49",Total population,2018
14000US06089012200,06,089,012200,"Census Tract 012200, Shasta County, California",vehicle_count,0,100,B08201,B08201 line 2,Households,2018
14000US06089012200,06,089,012200,"Census Tract 012200, Shasta County, California",vehicle_count,1,499,B08201,B08201 line 3,Households,2018
14000US06089012200,06,089,012200,"Census Tract 012200, Shasta County, California",vehicle_count,2,1041,B08201,B08201 line 4,Households,2018
14000US06089012200,06,089,012200,"Census Tract 012200, Shasta County, California",vehicle_count,3,367,B08201,B08201 line 5,Households,2018
14000US06089012200,06,089,012200,"Census Tract 012200, Shasta County, California",vehicle_count,4_plus,149,B08201,B08201 line 6,Households,2018
14000US06089012301,06,089,012301,"Census Tract 012301, Shasta County, California",household_income,100000_124999,8,B19001,B19001 line 14,Households,2018
14000US06089012301,06,089,012301,"Census Tract 012301, Shasta County, California",household_income,10000_14999,115,B19001,B19001 line 3,Households,2018
14000US06089012301,06,089,012301,"Census Tract 012301, Shasta County, California",household_income,125000_149999,13,B19001,B19001 line 15,Households,2018
14000US06089012301,06,089,012301,"Census Tract 012301, Shasta County, California",household_income,150000_199999,84,B19001,B19001 line 16,Households,2018
14000US06089012301,06,089,012301,"Census Tract 012301, Shasta County, California",household_income,15000_19999,45,B19001,B19001 line 4,Households,2018
14000US06089012301,06,089,012301,"Census Tract 012301, Shasta County, California",household_income,200000_plus,11,B19001,B19001 line 17,Households,2018
14000US06089012301,06,089,012301,"Census Tract 012301, Shasta County, California",household_income,20000_24999,61,B19001,B19001 line 5,Households,2018
14000US06089012301,06,089,012301,"Census Tract 012301, Shasta County, California",household_income,25000_29999,58,B19001,B19001 line 6,Households,2018
14000US06089012301,06,089,012301,"Census Tract 012301, Shasta County, California",household_income,30000_34999,142,B19001,B19001 line 7,Households,2018
14000US06089012301,06,089,012301,"Census Tract 012301, Shasta County, California",household_income,35000_39999,92,B19001,B19001 line 8,Households,2018
14000US06089012301,06,089,012301,"Census Tract 012301, Shasta County, California",household_income,40000_44999,27,B19001,B19001 line 9,Households,2018
14000US06089012301,06,089,012301,"Census Tract 012301, Shasta County, California",household_income,45000_49999,52,B19001,B19001 line 10,Households,2018
14000US06089012301,06,089,012301,"Census Tract 012301, Shasta County, California",household_income,50000_59999,49,B19001,B19001 line 11,Households,2018
14000US06089012301,06,089,012301,"Census Tract 012301, Shasta County, California",household_income,60000_74999,114,B19001,B19001 line 12,Households,2018
14000US06089012301,06,089,012301,"Census Tract 012301, Shasta County, California",household_income,75000_99999,111,B19001,B19001 line 13,Households,2018
14000US06089012301,06,089,012301,"Census Tract 012301, Shasta County, California",household_income,lt_10000,140,B19001,B19001 line 2,Households,2018
14000US06089012301,06,089,012301,"Census Tract 012301, Shasta County, California",household_older_adult_presence,has_65_plus,367,B11007,B11007 line 2,Households,2018
14000US06089012301,06,089,012301,"Census Tract 012301, Shasta County, California",household_older_adult_presence,no_65_plus,755,B11007,B11007 line 7,Households,2018
14000US06089012301,06,089,012301,"Census Tract 012301, Shasta County, California",household_structure,married_couple,520,B11001,B11001 line 3,Households,2018
14000US06089012301,06,089,012301,"Census Tract 012301, Shasta County, California",household_structure,nonfamily_living_alone,347,B11001,B11001 line 8,Households,2018
14000US06089012301,06,089,012301,"Census Tract 012301, Shasta County, California",household_structure,nonfamily_not_living_alone,56,B11001,B11001 line 9,Households,2018
14000US06089012301,06,089,012301,"Census Tract 012301, Shasta County, California",household_structure,other_female_householder,50,B11001,B11001 line 6,Households,2018
14000US06089012301,06,089,012301,"Census Tract 012301, Shasta County, California",household_structure,other_male_householder,149,B11001,B11001 line 5,Households,2018
14000US06089012301,06,089,012301,"Census Tract 012301, Shasta County, California",person_age_group,0_17,513,B01001,"B01001 lines 3,4,5,6,27,28,29,30",Total population,2018
14000US06089012301,06,089,012301,"Census Tract 012301, Shasta County, California",person_age_group,18_34,209,B01001,"B01001 lines 7,8,9,10,11,31,32,33,34,35",Total population,2018
14000US06089012301,06,089,012301,"Census Tract 012301, Shasta County, California",person_age_group,35_64,1387,B01001,"B01001 lines 12,13,14,15,16,17,18,19,36,37,38,39,40,41,42,43",Total population,2018
14000US06089012301,06,089,012301,"Census Tract 012301, Shasta County, California",person_age_group,65_plus,540,B01001,"B01001 lines 20,21,22,23,24,25,44,45,46,47,48,49",Total population,2018
14000US06089012301,06,089,012301,"Census Tract 012301, Shasta County, California",vehicle_count,0,30,B08201,B08201 line 2,Households,2018
14000US06089012301,06,089,012301,"Census Tract 012301, Shasta County, California",vehicle_count,1,310,B08201,B08201 line 3,Households,2018
14000US06089012301,06,089,012301,"Census Tract 012301, Shasta County, California",vehicle_count,2,546,B08201,B08201 line 4,Households,2018
14000US06089012301,06,089,012301,"Census Tract 012301, Shasta County, California",vehicle_count,3,209,B08201,B08201 line 5,Households,2018
14000US06089012301,06,089,012301,"Census Tract 012301, Shasta County, California",vehicle_count,4_plus,27,B08201,B08201 line 6,Households,2018
14000US06089012302,06,089,012302,"Census Tract 012302, Shasta County, California",household_income,100000_124999,317,B19001,B19001 line 14,Households,2018
14000US06089012302,06,089,012302,"Census Tract 012302, Shasta County, California",household_income,10000_14999,67,B19001,B19001 line 3,Households,2018
14000US06089012302,06,089,012302,"Census Tract 012302, Shasta County, California",household_income,125000_149999,39,B19001,B19001 line 15,Households,2018
14000US06089012302,06,089,012302,"Census Tract 012302, Shasta County, California",household_income,150000_199999,91,B19001,B19001 line 16,Households,2018
14000US06089012302,06,089,012302,"Census Tract 012302, Shasta County, California",household_income,15000_19999,201,B19001,B19001 line 4,Households,2018
14000US06089012302,06,089,012302,"Census Tract 012302, Shasta County, California",household_income,200000_plus,13,B19001,B19001 line 17,Households,2018
14000US06089012302,06,089,012302,"Census Tract 012302, Shasta County, California",household_income,20000_24999,29,B19001,B19001 line 5,Households,2018
14000US06089012302,06,089,012302,"Census Tract 012302, Shasta County, California",household_income,25000_29999,144,B19001,B19001 line 6,Households,2018
14000US06089012302,06,089,012302,"Census Tract 012302, Shasta County, California",household_income,30000_34999,4,B19001,B19001 line 7,Households,2018
14000US06089012302,06,089,012302,"Census Tract 012302, Shasta County, California",household_income,35000_39999,95,B19001,B19001 line 8,Households,2018
14000US06089012302,06,089,012302,"Census Tract 012302, Shasta County, California",household_income,40000_44999,89,B19001,B19001 line 9,Households,2018
14000US06089012302,06,089,012302,"Census Tract 012302, Shasta County, California",household_income,45000_49999,37,B19001,B19001 line 10,Households,2018
14000US06089012302,06,089,012302,"Census Tract 012302, Shasta County, California",household_income,50000_59999,209,B19001,B19001 line 11,Households,2018
14000US06089012302,06,089,012302,"Census Tract 012302, Shasta County, California",household_income,60000_74999,428,B19001,B19001 line 12,Households,2018
14000US06089012302,06,089,012302,"Census Tract 012302, Shasta County, California",household_income,75000_99999,248,B19001,B19001 line 13,Households,2018
14000US06089012302,06,089,012302,"Census Tract 012302, Shasta County, California",household_income,lt_10000,52,B19001,B19001 line 2,Households,2018
14000US06089012302,06,089,012302,"Census Tract 012302, Shasta County, California",household_older_adult_presence,has_65_plus,780,B11007,B11007 line 2,Households,2018
14000US06089012302,06,089,012302,"Census Tract 012302, Shasta County, California",household_older_adult_presence,no_65_plus,1283,B11007,B11007 line 7,Households,2018
14000US06089012302,06,089,012302,"Census Tract 012302, Shasta County, California",household_structure,married_couple,1418,B11001,B11001 line 3,Households,2018
14000US06089012302,06,089,012302,"Census Tract 012302, Shasta County, California",household_structure,nonfamily_living_alone,441,B11001,B11001 line 8,Households,2018
14000US06089012302,06,089,012302,"Census Tract 012302, Shasta County, California",household_structure,nonfamily_not_living_alone,29,B11001,B11001 line 9,Households,2018
14000US06089012302,06,089,012302,"Census Tract 012302, Shasta County, California",household_structure,other_female_householder,115,B11001,B11001 line 6,Households,2018
14000US06089012302,06,089,012302,"Census Tract 012302, Shasta County, California",household_structure,other_male_householder,60,B11001,B11001 line 5,Households,2018
14000US06089012302,06,089,012302,"Census Tract 012302, Shasta County, California",person_age_group,0_17,1208,B01001,"B01001 lines 3,4,5,6,27,28,29,30",Total population,2018
14000US06089012302,06,089,012302,"Census Tract 012302, Shasta County, California",person_age_group,18_34,478,B01001,"B01001 lines 7,8,9,10,11,31,32,33,34,35",Total population,2018
14000US06089012302,06,089,012302,"Census Tract 012302, Shasta County, California",person_age_group,35_64,2414,B01001,"B01001 lines 12,13,14,15,16,17,18,19,36,37,38,39,40,41,42,43",Total population,2018
14000US06089012302,06,089,012302,"Census Tract 012302, Shasta County, California",person_age_group,65_plus,1261,B01001,"B01001 lines 20,21,22,23,24,25,44,45,46,47,48,49",Total population,2018
14000US06089012302,06,089,012302,"Census Tract 012302, Shasta County, California",vehicle_count,0,83,B08201,B08201 line 2,Households,2018
14000US06089012302,06,089,012302,"Census Tract 012302, Shasta County, California",vehicle_count,1,441,B08201,B08201 line 3,Households,2018
14000US06089012302,06,089,012302,"Census Tract 012302, Shasta County, California",vehicle_count,2,674,B08201,B08201 line 4,Households,2018
14000US06089012302,06,089,012302,"Census Tract 012302, Shasta County, California",vehicle_count,3,603,B08201,B08201 line 5,Households,2018
14000US06089012302,06,089,012302,"Census Tract 012302, Shasta County, California",vehicle_count,4_plus,262,B08201,B08201 line 6,Households,2018
14000US06089012303,06,089,012303,"Census Tract 012303, Shasta County, California",household_income,100000_124999,168,B19001,B19001 line 14,Households,2018
14000US06089012303,06,089,012303,"Census Tract 012303, Shasta County, California",household_income,10000_14999,140,B19001,B19001 line 3,Households,2018
14000US06089012303,06,089,012303,"Census Tract 012303, Shasta County, California",household_income,125000_149999,66,B19001,B19001 line 15,Households,2018
14000US06089012303,06,089,012303,"Census Tract 012303, Shasta County, California",household_income,150000_199999,166,B19001,B19001 line 16,Households,2018
14000US06089012303,06,089,012303,"Census Tract 012303, Shasta County, California",household_income,15000_19999,17,B19001,B19001 line 4,Households,2018
14000US06089012303,06,089,012303,"Census Tract 012303, Shasta County, California",household_income,200000_plus,84,B19001,B19001 line 17,Households,2018
14000US06089012303,06,089,012303,"Census Tract 012303, Shasta County, California",household_income,20000_24999,102,B19001,B19001 line 5,Households,2018
14000US06089012303,06,089,012303,"Census Tract 012303, Shasta County, California",household_income,25000_29999,56,B19001,B19001 line 6,Households,2018
14000US06089012303,06,089,012303,"Census Tract 012303, Shasta County, California",household_income,30000_34999,102,B19001,B19001 line 7,Households,2018
14000US06089012303,06,089,012303,"Census Tract 012303, Shasta County, California",household_income,35000_39999,82,B19001,B19001 line 8,Households,2018
14000US06089012303,06,089,012303,"Census Tract 012303, Shasta County, California",household_income,40000_44999,32,B19001,B19001 line 9,Households,2018
14000US06089012303,06,089,012303,"Census Tract 012303, Shasta County, California",household_income,45000_49999,66,B19001,B19001 line 10,Households,2018
14000US06089012303,06,089,012303,"Census Tract 012303, Shasta County, California",household_income,50000_59999,112,B19001,B19001 line 11,Households,2018
14000US06089012303,06,089,012303,"Census Tract 012303, Shasta County, California",household_income,60000_74999,100,B19001,B19001 line 12,Households,2018
14000US06089012303,06,089,012303,"Census Tract 012303, Shasta County, California",household_income,75000_99999,181,B19001,B19001 line 13,Households,2018
14000US06089012303,06,089,012303,"Census Tract 012303, Shasta County, California",household_income,lt_10000,39,B19001,B19001 line 2,Households,2018
14000US06089012303,06,089,012303,"Census Tract 012303, Shasta County, California",household_older_adult_presence,has_65_plus,530,B11007,B11007 line 2,Households,2018
14000US06089012303,06,089,012303,"Census Tract 012303, Shasta County, California",household_older_adult_presence,no_65_plus,983,B11007,B11007 line 7,Households,2018
14000US06089012303,06,089,012303,"Census Tract 012303, Shasta County, California",household_structure,married_couple,899,B11001,B11001 line 3,Households,2018
14000US06089012303,06,089,012303,"Census Tract 012303, Shasta County, California",household_structure,nonfamily_living_alone,229,B11001,B11001 line 8,Households,2018
14000US06089012303,06,089,012303,"Census Tract 012303, Shasta County, California",household_structure,nonfamily_not_living_alone,167,B11001,B11001 line 9,Households,2018
14000US06089012303,06,089,012303,"Census Tract 012303, Shasta County, California",household_structure,other_female_householder,180,B11001,B11001 line 6,Households,2018
14000US06089012303,06,089,012303,"Census Tract 012303, Shasta County, California",household_structure,other_male_householder,38,B11001,B11001 line 5,Households,2018
14000US06089012303,06,089,012303,"Census Tract 012303, Shasta County, California",person_age_group,0_17,734,B01001,"B01001 lines 3,4,5,6,27,28,29,30",Total population,2018
14000US06089012303,06,089,012303,"Census Tract 012303, Shasta County, California",person_age_group,18_34,392,B01001,"B01001 lines 7,8,9,10,11,31,32,33,34,35",Total population,2018
14000US06089012303,06,089,012303,"Census Tract 012303, Shasta County, California",person_age_group,35_64,2058,B01001,"B01001 lines 12,13,14,15,16,17,18,19,36,37,38,39,40,41,42,43",Total population,2018
14000US06089012303,06,089,012303,"Census Tract 012303, Shasta County, California",person_age_group,65_plus,731,B01001,"B01001 lines 20,21,22,23,24,25,44,45,46,47,48,49",Total population,2018
14000US06089012303,06,089,012303,"Census Tract 012303, Shasta County, California",vehicle_count,0,22,B08201,B08201 line 2,Households,2018
14000US06089012303,06,089,012303,"Census Tract 012303, Shasta County, California",vehicle_count,1,358,B08201,B08201 line 3,Households,2018
14000US06089012303,06,089,012303,"Census Tract 012303, Shasta County, California",vehicle_count,2,610,B08201,B08201 line 4,Households,2018
14000US06089012303,06,089,012303,"Census Tract 012303, Shasta County, California",vehicle_count,3,293,B08201,B08201 line 5,Households,2018
14000US06089012303,06,089,012303,"Census Tract 012303, Shasta County, California",vehicle_count,4_plus,230,B08201,B08201 line 6,Households,2018
14000US06089012400,06,089,012400,"Census Tract 012400, Shasta County, California",household_income,100000_124999,120,B19001,B19001 line 14,Households,2018
14000US06089012400,06,089,012400,"Census Tract 012400, Shasta County, California",household_income,10000_14999,92,B19001,B19001 line 3,Households,2018
14000US06089012400,06,089,012400,"Census Tract 012400, Shasta County, California",household_income,125000_149999,81,B19001,B19001 line 15,Households,2018
14000US06089012400,06,089,012400,"Census Tract 012400, Shasta County, California",household_income,150000_199999,82,B19001,B19001 line 16,Households,2018
14000US06089012400,06,089,012400,"Census Tract 012400, Shasta County, California",household_income,15000_19999,65,B19001,B19001 line 4,Households,2018
14000US06089012400,06,089,012400,"Census Tract 012400, Shasta County, California",household_income,200000_plus,103,B19001,B19001 line 17,Households,2018
14000US06089012400,06,089,012400,"Census Tract 012400, Shasta County, California",household_income,20000_24999,87,B19001,B19001 line 5,Households,2018
14000US06089012400,06,089,012400,"Census Tract 012400, Shasta County, California",household_income,25000_29999,82,B19001,B19001 line 6,Households,2018
14000US06089012400,06,089,012400,"Census Tract 012400, Shasta County, California",household_income,30000_34999,110,B19001,B19001 line 7,Households,2018
14000US06089012400,06,089,012400,"Census Tract 012400, Shasta County, California",household_income,35000_39999,112,B19001,B19001 line 8,Households,2018
14000US06089012400,06,089,012400,"Census Tract 012400, Shasta County, California",household_income,40000_44999,65,B19001,B19001 line 9,Households,2018
14000US06089012400,06,089,012400,"Census Tract 012400, Shasta County, California",household_income,45000_49999,42,B19001,B19001 line 10,Households,2018
14000US06089012400,06,089,012400,"Census Tract 012400, Shasta County, California",household_income,50000_59999,106,B19001,B19001 line 11,Households,2018
14000US06089012400,06,089,012400,"Census Tract 012400, Shasta County, California",household_income,60000_74999,165,B19001,B19001 line 12,Households,2018
14000US06089012400,06,089,012400,"Census Tract 012400, Shasta County, California",household_income,75000_99999,156,B19001,B19001 line 13,Households,2018
14000US06089012400,06,089,012400,"Census Tract 012400, Shasta County, California",household_income,lt_10000,77,B19001,B19001 line 2,Households,2018
14000US06089012400,06,089,012400,"Census Tract 012400, Shasta County, California",household_older_adult_presence,has_65_plus,637,B11007,B11007 line 2,Households,2018
14000US06089012400,06,089,012400,"Census Tract 012400, Shasta County, California",household_older_adult_presence,no_65_plus,908,B11007,B11007 line 7,Households,2018
14000US06089012400,06,089,012400,"Census Tract 012400, Shasta County, California",household_structure,married_couple,890,B11001,B11001 line 3,Households,2018
14000US06089012400,06,089,012400,"Census Tract 012400, Shasta County, California",household_structure,nonfamily_living_alone,425,B11001,B11001 line 8,Households,2018
14000US06089012400,06,089,012400,"Census Tract 012400, Shasta County, California",household_structure,nonfamily_not_living_alone,67,B11001,B11001 line 9,Households,2018
14000US06089012400,06,089,012400,"Census Tract 012400, Shasta County, California",household_structure,other_female_householder,109,B11001,B11001 line 6,Households,2018
14000US06089012400,06,089,012400,"Census Tract 012400, Shasta County, California",household_structure,other_male_householder,54,B11001,B11001 line 5,Households,2018
14000US06089012400,06,089,012400,"Census Tract 012400, Shasta County, California",person_age_group,0_17,727,B01001,"B01001 lines 3,4,5,6,27,28,29,30",Total population,2018
14000US06089012400,06,089,012400,"Census Tract 012400, Shasta County, California",person_age_group,18_34,330,B01001,"B01001 lines 7,8,9,10,11,31,32,33,34,35",Total population,2018
14000US06089012400,06,089,012400,"Census Tract 012400, Shasta County, California",person_age_group,35_64,1859,B01001,"B01001 lines 12,13,14,15,16,17,18,19,36,37,38,39,40,41,42,43",Total population,2018
14000US06089012400,06,089,012400,"Census Tract 012400, Shasta County, California",person_age_group,65_plus,894,B01001,"B01001 lines 20,21,22,23,24,25,44,45,46,47,48,49",Total population,2018
14000US06089012400,06,089,012400,"Census Tract 012400, Shasta County, California",vehicle_count,0,34,B08201,B08201 line 2,Households,2018
14000US06089012400,06,089,012400,"Census Tract 012400, Shasta County, California",vehicle_count,1,357,B08201,B08201 line 3,Households,2018
14000US06089012400,06,089,012400,"Census Tract 012400, Shasta County, California",vehicle_count,2,640,B08201,B08201 line 4,Households,2018
14000US06089012400,06,089,012400,"Census Tract 012400, Shasta County, California",vehicle_count,3,325,B08201,B08201 line 5,Households,2018
14000US06089012400,06,089,012400,"Census Tract 012400, Shasta County, California",vehicle_count,4_plus,189,B08201,B08201 line 6,Households,2018
14000US06089012500,06,089,012500,"Census Tract 012500, Shasta County, California",household_income,100000_124999,61,B19001,B19001 line 14,Households,2018
14000US06089012500,06,089,012500,"Census Tract 012500, Shasta County, California",household_income,10000_14999,85,B19001,B19001 line 3,Households,2018
14000US06089012500,06,089,012500,"Census Tract 012500, Shasta County, California",household_income,125000_149999,27,B19001,B19001 line 15,Households,2018
14000US06089012500,06,089,012500,"Census Tract 012500, Shasta County, California",household_income,150000_199999,42,B19001,B19001 line 16,Households,2018
14000US06089012500,06,089,012500,"Census Tract 012500, Shasta County, California",household_income,15000_19999,55,B19001,B19001 line 4,Households,2018
14000US06089012500,06,089,012500,"Census Tract 012500, Shasta County, California",household_income,200000_plus,34,B19001,B19001 line 17,Households,2018
14000US06089012500,06,089,012500,"Census Tract 012500, Shasta County, California",household_income,20000_24999,38,B19001,B19001 line 5,Households,2018
14000US06089012500,06,089,012500,"Census Tract 012500, Shasta County, California",household_income,25000_29999,51,B19001,B19001 line 6,Households,2018
14000US06089012500,06,089,012500,"Census Tract 012500, Shasta County, California",household_income,30000_34999,12,B19001,B19001 line 7,Households,2018
14000US06089012500,06,089,012500,"Census Tract 012500, Shasta County, California",household_income,35000_39999,20,B19001,B19001 line 8,Households,2018
14000US06089012500,06,089,012500,"Census Tract 012500, Shasta County, California",household_income,40000_44999,24,B19001,B19001 line 9,Households,2018
14000US06089012500,06,089,012500,"Census Tract 012500, Shasta County, California",household_income,45000_49999,50,B19001,B19001 line 10,Households,2018
14000US06089012500,06,089,012500,"Census Tract 012500, Shasta County, California",household_income,50000_59999,43,B19001,B19001 line 11,Households,2018
14000US06089012500,06,089,012500,"Census Tract 012500, Shasta County, California",household_income,60000_74999,74,B19001,B19001 line 12,Households,2018
14000US06089012500,06,089,012500,"Census Tract 012500, Shasta County, California",household_income,75000_99999,28,B19001,B19001 line 13,Households,2018
14000US06089012500,06,089,012500,"Census Tract 012500, Shasta County, California",household_income,lt_10000,73,B19001,B19001 line 2,Households,2018
14000US06089012500,06,089,012500,"Census Tract 012500, Shasta County, California",household_older_adult_presence,has_65_plus,305,B11007,B11007 line 2,Households,2018
14000US06089012500,06,089,012500,"Census Tract 012500, Shasta County, California",household_older_adult_presence,no_65_plus,412,B11007,B11007 line 7,Households,2018
14000US06089012500,06,089,012500,"Census Tract 012500, Shasta County, California",household_structure,married_couple,325,B11001,B11001 line 3,Households,2018
14000US06089012500,06,089,012500,"Census Tract 012500, Shasta County, California",household_structure,nonfamily_living_alone,205,B11001,B11001 line 8,Households,2018
14000US06089012500,06,089,012500,"Census Tract 012500, Shasta County, California",household_structure,nonfamily_not_living_alone,72,B11001,B11001 line 9,Households,2018
14000US06089012500,06,089,012500,"Census Tract 012500, Shasta County, California",household_structure,other_female_householder,59,B11001,B11001 line 6,Households,2018
14000US06089012500,06,089,012500,"Census Tract 012500, Shasta County, California",household_structure,other_male_householder,56,B11001,B11001 line 5,Households,2018
14000US06089012500,06,089,012500,"Census Tract 012500, Shasta County, California",person_age_group,0_17,236,B01001,"B01001 lines 3,4,5,6,27,28,29,30",Total population,2018
14000US06089012500,06,089,012500,"Census Tract 012500, Shasta County, California",person_age_group,18_34,193,B01001,"B01001 lines 7,8,9,10,11,31,32,33,34,35",Total population,2018
14000US06089012500,06,089,012500,"Census Tract 012500, Shasta County, California",person_age_group,35_64,738,B01001,"B01001 lines 12,13,14,15,16,17,18,19,36,37,38,39,40,41,42,43",Total population,2018
14000US06089012500,06,089,012500,"Census Tract 012500, Shasta County, California",person_age_group,65_plus,456,B01001,"B01001 lines 20,21,22,23,24,25,44,45,46,47,48,49",Total population,2018
14000US06089012500,06,089,012500,"Census Tract 012500, Shasta County, California",vehicle_count,0,56,B08201,B08201 line 2,Households,2018
14000US06089012500,06,089,012500,"Census Tract 012500, Shasta County, California",vehicle_count,1,197,B08201,B08201 line 3,Households,2018
14000US06089012500,06,089,012500,"Census Tract 012500, Shasta County, California",vehicle_count,2,252,B08201,B08201 line 4,Households,2018
14000US06089012500,06,089,012500,"Census Tract 012500, Shasta County, California",vehicle_count,3,110,B08201,B08201 line 5,Households,2018
14000US06089012500,06,089,012500,"Census Tract 012500, Shasta County, California",vehicle_count,4_plus,102,B08201,B08201 line 6,Households,2018
14000US06089012601,06,089,012601,"Census Tract 012601, Shasta County, California",household_income,100000_124999,180,B19001,B19001 line 14,Households,2018
14000US06089012601,06,089,012601,"Census Tract 012601, Shasta County, California",household_income,10000_14999,191,B19001,B19001 line 3,Households,2018
14000US06089012601,06,089,012601,"Census Tract 012601, Shasta County, California",household_income,125000_149999,62,B19001,B19001 line 15,Households,2018
14000US06089012601,06,089,012601,"Census Tract 012601, Shasta County, California",household_income,150000_199999,142,B19001,B19001 line 16,Households,2018
14000US06089012601,06,089,012601,"Census Tract 012601, Shasta County, California",household_income,15000_19999,118,B19001,B19001 line 4,Households,2018
14000US06089012601,06,089,012601,"Census Tract 012601, Shasta County, California",household_income,200000_plus,93,B19001,B19001 line 17,Households,2018
14000US06089012601,06,089,012601,"Census Tract 012601, Shasta County, California",household_income,20000_24999,85,B19001,B19001 line 5,Households,2018
14000US06089012601,06,089,012601,"Census Tract 012601, Shasta County, California",household_income,25000_29999,68,B19001,B19001 line 6,Households,2018
14000US06089012601,06,089,012601,"Census Tract 012601, Shasta County, California",household_income,30000_34999,50,B19001,B19001 line 7,Households,2018
14000US06089012601,06,089,012601,"Census Tract 012601, Shasta County, California",household_income,35000_39999,64,B19001,B19001 line 8,Households,2018
14000US06089012601,06,089,012601,"Census Tract 012601, Shasta County, California",household_income,40000_44999,102,B19001,B19001 line 9,Households,2018
14000US06089012601,06,089,012601,"Census Tract 012601, Shasta County, California",household_income,45000_49999,74,B19001,B19001 line 10,Households,2018
14000US06089012601,06,089,012601,"Census Tract 012601, Shasta County, California",household_income,50000_59999,220,B19001,B19001 line 11,Households,2018
14000US06089012601,06,089,012601,"Census Tract 012601, Shasta County, California",household_income,60000_74999,247,B19001,B19001 line 12,Households,2018
14000US06089012601,06,089,012601,"Census Tract 012601, Shasta County, California",household_income,75000_99999,191,B19001,B19001 line 13,Households,2018
14000US06089012601,06,089,012601,"Census Tract 012601, Shasta County, California",household_income,lt_10000,103,B19001,B19001 line 2,Households,2018
14000US06089012601,06,089,012601,"Census Tract 012601, Shasta County, California",household_older_adult_presence,has_65_plus,781,B11007,B11007 line 2,Households,2018
14000US06089012601,06,089,012601,"Census Tract 012601, Shasta County, California",household_older_adult_presence,no_65_plus,1209,B11007,B11007 line 7,Households,2018
14000US06089012601,06,089,012601,"Census Tract 012601, Shasta County, California",household_structure,married_couple,1141,B11001,B11001 line 3,Households,2018
14000US06089012601,06,089,012601,"Census Tract 012601, Shasta County, California",household_structure,nonfamily_living_alone,418,B11001,B11001 line 8,Households,2018
14000US06089012601,06,089,012601,"Census Tract 012601, Shasta County, California",household_structure,nonfamily_not_living_alone,113,B11001,B11001 line 9,Households,2018
14000US06089012601,06,089,012601,"Census Tract 012601, Shasta County, California",household_structure,other_female_householder,238,B11001,B11001 line 6,Households,2018
14000US06089012601,06,089,012601,"Census Tract 012601, Shasta County, California",household_structure,other_male_householder,80,B11001,B11001 line 5,Households,2018
14000US06089012601,06,089,012601,"Census Tract 012601, Shasta County, California",person_age_group,0_17,930,B01001,"B01001 lines 3,4,5,6,27,28,29,30",Total population,2018
14000US06089012601,06,089,012601,"Census Tract 012601, Shasta County, California",person_age_group,18_34,381,B01001,"B01001 lines 7,8,9,10,11,31,32,33,34,35",Total population,2018
14000US06089012601,06,089,012601,"Census Tract 012601, Shasta County, California",person_age_group,35_64,2513,B01001,"B01001 lines 12,13,14,15,16,17,18,19,36,37,38,39,40,41,42,43",Total population,2018
14000US06089012601,06,089,012601,"Census Tract 012601, Shasta County, California",person_age_group,65_plus,1146,B01001,"B01001 lines 20,21,22,23,24,25,44,45,46,47,48,49",Total population,2018
14000US06089012601,06,089,012601,"Census Tract 012601, Shasta County, California",vehicle_count,0,39,B08201,B08201 line 2,Households,2018
14000US06089012601,06,089,012601,"Census Tract 012601, Shasta County, California",vehicle_count,1,588,B08201,B08201 line 3,Households,2018
14000US06089012601,06,089,012601,"Census Tract 012601, Shasta County, California",vehicle_count,2,705,B08201,B08201 line 4,Households,2018
14000US06089012601,06,089,012601,"Census Tract 012601, Shasta County, California",vehicle_count,3,438,B08201,B08201 line 5,Households,2018
14000US06089012601,06,089,012601,"Census Tract 012601, Shasta County, California",vehicle_count,4_plus,220,B08201,B08201 line 6,Households,2018
14000US06089012603,06,089,012603,"Census Tract 012603, Shasta County, California",household_income,100000_124999,85,B19001,B19001 line 14,Households,2018
14000US06089012603,06,089,012603,"Census Tract 012603, Shasta County, California",household_income,10000_14999,105,B19001,B19001 line 3,Households,2018
14000US06089012603,06,089,012603,"Census Tract 012603, Shasta County, California",household_income,125000_149999,48,B19001,B19001 line 15,Households,2018
14000US06089012603,06,089,012603,"Census Tract 012603, Shasta County, California",household_income,150000_199999,51,B19001,B19001 line 16,Households,2018
14000US06089012603,06,089,012603,"Census Tract 012603, Shasta County, California",household_income,15000_19999,90,B19001,B19001 line 4,Households,2018
14000US06089012603,06,089,012603,"Census Tract 012603, Shasta County, California",household_income,200000_plus,56,B19001,B19001 line 17,Households,2018
14000US06089012603,06,089,012603,"Census Tract 012603, Shasta County, California",household_income,20000_24999,117,B19001,B19001 line 5,Households,2018
14000US06089012603,06,089,012603,"Census Tract 012603, Shasta County, California",household_income,25000_29999,150,B19001,B19001 line 6,Households,2018
14000US06089012603,06,089,012603,"Census Tract 012603, Shasta County, California",household_income,30000_34999,94,B19001,B19001 line 7,Households,2018
14000US06089012603,06,089,012603,"Census Tract 012603, Shasta County, California",household_income,35000_39999,113,B19001,B19001 line 8,Households,2018
14000US06089012603,06,089,012603,"Census Tract 012603, Shasta County, California",household_income,40000_44999,86,B19001,B19001 line 9,Households,2018
14000US06089012603,06,089,012603,"Census Tract 012603, Shasta County, California",household_income,45000_49999,131,B19001,B19001 line 10,Households,2018
14000US06089012603,06,089,012603,"Census Tract 012603, Shasta County, California",household_income,50000_59999,115,B19001,B19001 line 11,Households,2018
14000US06089012603,06,089,012603,"Census Tract 012603, Shasta County, California",household_income,60000_74999,179,B19001,B19001 line 12,Households,2018
14000US06089012603,06,089,012603,"Census Tract 012603, Shasta County, California",household_income,75000_99999,272,B19001,B19001 line 13,Households,2018
14000US06089012603,06,089,012603,"Census Tract 012603, Shasta County, California",household_income,lt_10000,57,B19001,B19001 line 2,Households,2018
14000US06089012603,06,089,012603,"Census Tract 012603, Shasta County, California",household_older_adult_presence,has_65_plus,904,B11007,B11007 line 2,Households,2018
14000US06089012603,06,089,012603,"Census Tract 012603, Shasta County, California",household_older_adult_presence,no_65_plus,845,B11007,B11007 line 7,Households,2018
14000US06089012603,06,089,012603,"Census Tract 012603, Shasta County, California",household_structure,married_couple,1026,B11001,B11001 line 3,Households,2018
14000US06089012603,06,089,012603,"Census Tract 012603, Shasta County, California",household_structure,nonfamily_living_alone,500,B11001,B11001 line 8,Households,2018
14000US06089012603,06,089,012603,"Census Tract 012603, Shasta County, California",household_structure,nonfamily_not_living_alone,105,B11001,B11001 line 9,Households,2018
14000US06089012603,06,089,012603,"Census Tract 012603, Shasta County, California",household_structure,other_female_householder,74,B11001,B11001 line 6,Households,2018
14000US06089012603,06,089,012603,"Census Tract 012603, Shasta County, California",household_structure,other_male_householder,44,B11001,B11001 line 5,Households,2018
14000US06089012603,06,089,012603,"Census Tract 012603, Shasta County, California",person_age_group,0_17,548,B01001,"B01001 lines 3,4,5,6,27,28,29,30",Total population,2018
14000US06089012603,06,089,012603,"Census Tract 012603, Shasta County, California",person_age_group,18_34,283,B01001,"B01001 lines 7,8,9,10,11,31,32,33,34,35",Total population,2018
14000US06089012603,06,089,012603,"Census Tract 012603, Shasta County, California",person_age_group,35_64,1964,B01001,"B01001 lines 12,13,14,15,16,17,18,19,36,37,38,39,40,41,42,43",Total population,2018
14000US06089012603,06,089,012603,"Census Tract 012603, Shasta County, California",person_age_group,65_plus,1285,B01001,"B01001 lines 20,21,22,23,24,25,44,45,46,47,48,49",Total population,2018
14000US06089012603,06,089,012603,"Census Tract 012603, Shasta County, California",vehicle_count,0,67,B08201,B08201 line 2,Households,2018
14000US06089012603,06,089,012603,"Census Tract 012603, Shasta County, California",vehicle_count,1,459,B08201,B08201 line 3,Households,2018
14000US06089012603,06,089,012603,"Census Tract 012603, Shasta County, California",vehicle_count,2,803,B08201,B08201 line 4,Households,2018
14000US06089012603,06,089,012603,"Census Tract 012603, Shasta County, California",vehicle_count,3,316,B08201,B08201 line 5,Households,2018
14000US06089012603,06,089,012603,"Census Tract 012603, Shasta County, California",vehicle_count,4_plus,104,B08201,B08201 line 6,Households,2018
14000US06089012604,06,089,012604,"Census Tract 012604, Shasta County, California",household_income,100000_124999,96,B19001,B19001 line 14,Households,2018
14000US06089012604,06,089,012604,"Census Tract 012604, Shasta County, California",household_income,10000_14999,46,B19001,B19001 line 3,Households,2018
14000US06089012604,06,089,012604,"Census Tract 012604, Shasta County, California",household_income,125000_149999,51,B19001,B19001 line 15,Households,2018
14000US06089012604,06,089,012604,"Census Tract 012604, Shasta County, California",household_income,150000_199999,25,B19001,B19001 line 16,Households,2018
14000US06089012604,06,089,012604,"Census Tract 012604, Shasta County, California",household_income,15000_19999,75,B19001,B19001 line 4,Households,2018
14000US06089012604,06,089,012604,"Census Tract 012604, Shasta County, California",household_income,200000_plus,56,B19001,B19001 line 17,Households,2018
14000US06089012604,06,089,012604,"Census Tract 012604, Shasta County, California",household_income,20000_24999,49,B19001,B19001 line 5,Households,2018
14000US06089012604,06,089,012604,"Census Tract 012604, Shasta County, California",household_income,25000_29999,72,B19001,B19001 line 6,Households,2018
14000US06089012604,06,089,012604,"Census Tract 012604, Shasta County, California",household_income,30000_34999,46,B19001,B19001 line 7,Households,2018
14000US06089012604,06,089,012604,"Census Tract 012604, Shasta County, California",household_income,35000_39999,32,B19001,B19001 line 8,Households,2018
14000US06089012604,06,089,012604,"Census Tract 012604, Shasta County, California",household_income,40000_44999,29,B19001,B19001 line 9,Households,2018
14000US06089012604,06,089,012604,"Census Tract 012604, Shasta County, California",household_income,45000_49999,18,B19001,B19001 line 10,Households,2018
14000US06089012604,06,089,012604,"Census Tract 012604, Shasta County, California",household_income,50000_59999,117,B19001,B19001 line 11,Households,2018
14000US06089012604,06,089,012604,"Census Tract 012604, Shasta County, California",household_income,60000_74999,87,B19001,B19001 line 12,Households,2018
14000US06089012604,06,089,012604,"Census Tract 012604, Shasta County, California",household_income,75000_99999,99,B19001,B19001 line 13,Households,2018
14000US06089012604,06,089,012604,"Census Tract 012604, Shasta County, California",household_income,lt_10000,51,B19001,B19001 line 2,Households,2018
14000US06089012604,06,089,012604,"Census Tract 012604, Shasta County, California",household_older_adult_presence,has_65_plus,415,B11007,B11007 line 2,Households,2018
14000US06089012604,06,089,012604,"Census Tract 012604, Shasta County, California",household_older_adult_presence,no_65_plus,534,B11007,B11007 line 7,Households,2018
14000US06089012604,06,089,012604,"Census Tract 012604, Shasta County, California",household_structure,married_couple,556,B11001,B11001 line 3,Households,2018
14000US06089012604,06,089,012604,"Census Tract 012604, Shasta County, California",household_structure,nonfamily_living_alone,280,B11001,B11001 line 8,Households,2018
14000US06089012604,06,089,012604,"Census Tract 012604, Shasta County, California",household_structure,nonfamily_not_living_alone,46,B11001,B11001 line 9,Households,2018
14000US06089012604,06,089,012604,"Census Tract 012604, Shasta County, California",household_structure,other_female_householder,45,B11001,B11001 line 6,Households,2018
14000US06089012604,06,089,012604,"Census Tract 012604, Shasta County, California",household_structure,other_male_householder,22,B11001,B11001 line 5,Households,2018
14000US06089012604,06,089,012604,"Census Tract 012604, Shasta County, California",person_age_group,0_17,315,B01001,"B01001 lines 3,4,5,6,27,28,29,30",Total population,2018
14000US06089012604,06,089,012604,"Census Tract 012604, Shasta County, California",person_age_group,18_34,176,B01001,"B01001 lines 7,8,9,10,11,31,32,33,34,35",Total population,2018
14000US06089012604,06,089,012604,"Census Tract 012604, Shasta County, California",person_age_group,35_64,1045,B01001,"B01001 lines 12,13,14,15,16,17,18,19,36,37,38,39,40,41,42,43",Total population,2018
14000US06089012604,06,089,012604,"Census Tract 012604, Shasta County, California",person_age_group,65_plus,605,B01001,"B01001 lines 20,21,22,23,24,25,44,45,46,47,48,49",Total population,2018
14000US06089012604,06,089,012604,"Census Tract 012604, Shasta County, California",vehicle_count,0,35,B08201,B08201 line 2,Households,2018
14000US06089012604,06,089,012604,"Census Tract 012604, Shasta County, California",vehicle_count,1,251,B08201,B08201 line 3,Households,2018
14000US06089012604,06,089,012604,"Census Tract 012604, Shasta County, California",vehicle_count,2,289,B08201,B08201 line 4,Households,2018
14000US06089012604,06,089,012604,"Census Tract 012604, Shasta County, California",vehicle_count,3,192,B08201,B08201 line 5,Households,2018
14000US06089012604,06,089,012604,"Census Tract 012604, Shasta County, California",vehicle_count,4_plus,182,B08201,B08201 line 6,Households,2018
14000US06089012701,06,089,012701,"Census Tract 012701, Shasta County, California",household_income,100000_124999,95,B19001,B19001 line 14,Households,2018
14000US06089012701,06,089,012701,"Census Tract 012701, Shasta County, California",household_income,10000_14999,95,B19001,B19001 line 3,Households,2018
14000US06089012701,06,089,012701,"Census Tract 012701, Shasta County, California",household_income,125000_149999,23,B19001,B19001 line 15,Households,2018
14000US06089012701,06,089,012701,"Census Tract 012701, Shasta County, California",household_income,150000_199999,107,B19001,B19001 line 16,Households,2018
14000US06089012701,06,089,012701,"Census Tract 012701, Shasta County, California",household_income,15000_19999,116,B19001,B19001 line 4,Households,2018
14000US06089012701,06,089,012701,"Census Tract 012701, Shasta County, California",household_income,200000_plus,19,B19001,B19001 line 17,Households,2018
14000US06089012701,06,089,012701,"Census Tract 012701, Shasta County, California",household_income,20000_24999,37,B19001,B19001 line 5,Households,2018
14000US06089012701,06,089,012701,"Census Tract 012701, Shasta County, California",household_income,25000_29999,113,B19001,B19001 line 6,Households,2018
14000US06089012701,06,089,012701,"Census Tract 012701, Shasta County, California",household_income,30000_34999,235,B19001,B19001 line 7,Households,2018
14000US06089012701,06,089,012701,"Census Tract 012701, Shasta County, California",household_income,35000_39999,66,B19001,B19001 line 8,Households,2018
14000US06089012701,06,089,012701,"Census Tract 012701, Shasta County, California",household_income,40000_44999,61,B19001,B19001 line 9,Households,2018
14000US06089012701,06,089,012701,"Census Tract 012701, Shasta County, California",household_income,45000_49999,125,B19001,B19001 line 10,Households,2018
14000US06089012701,06,089,012701,"Census Tract 012701, Shasta County, California",household_income,50000_59999,133,B19001,B19001 line 11,Households,2018
14000US06089012701,06,089,012701,"Census Tract 012701, Shasta County, California",household_income,60000_74999,255,B19001,B19001 line 12,Households,2018
14000US06089012701,06,089,012701,"Census Tract 012701, Shasta County, California",household_income,75000_99999,165,B19001,B19001 line 13,Households,2018
14000US06089012701,06,089,012701,"Census Tract 012701, Shasta County, California",household_income,lt_10000,164,B19001,B19001 line 2,Households,2018
14000US06089012701,06,089,012701,"Census Tract 012701, Shasta County, California",household_older_adult_presence,has_65_plus,627,B11007,B11007 line 2,Households,2018
14000US06089012701,06,089,012701,"Census Tract 012701, Shasta County, California",household_older_adult_presence,no_65_plus,1182,B11007,B11007 line 7,Households,2018
14000US06089012701,06,089,012701,"Census Tract 012701, Shasta County, California",household_structure,married_couple,947,B11001,B11001 line 3,Households,2018
14000US06089012701,06,089,012701,"Census Tract 012701, Shasta County, California",household_structure,nonfamily_living_alone,499,B11001,B11001 line 8,Households,2018
14000US06089012701,06,089,012701,"Census Tract 012701, Shasta County, California",household_structure,nonfamily_not_living_alone,96,B11001,B11001 line 9,Households,2018
14000US06089012701,06,089,012701,"Census Tract 012701, Shasta County, California",household_structure,other_female_householder,169,B11001,B11001 line 6,Households,2018
14000US06089012701,06,089,012701,"Census Tract 012701, Shasta County, California",household_structure,other_male_householder,98,B11001,B11001 line 5,Households,2018
14000US06089012701,06,089,012701,"Census Tract 012701, Shasta County, California",person_age_group,0_17,1261,B01001,"B01001 lines 3,4,5,6,27,28,29,30",Total population,2018
14000US06089012701,06,089,012701,"Census Tract 012701, Shasta County, California",person_age_group,18_34,646,B01001,"B01001 lines 7,8,9,10,11,31,32,33,34,35",Total population,2018
14000US06089012701,06,089,012701,"Census Tract 012701, Shasta County, California",person_age_group,35_64,1965,B01001,"B01001 lines 12,13,14,15,16,17,18,19,36,37,38,39,40,41,42,43",Total population,2018
14000US06089012701,06,089,012701,"Census Tract 012701, Shasta County, California",person_age_group,65_plus,1057,B01001,"B01001 lines 20,21,22,23,24,25,44,45,46,47,48,49",Total population,2018
14000US06089012701,06,089,012701,"Census Tract 012701, Shasta County, California",vehicle_count,0,151,B08201,B08201 line 2,Households,2018
14000US06089012701,06,089,012701,"Census Tract 012701, Shasta County, California",vehicle_count,1,566,B08201,B08201 line 3,Households,2018
14000US06089012701,06,089,012701,"Census Tract 012701, Shasta County, California",vehicle_count,2,696,B08201,B08201 line 4,Households,2018
14000US06089012701,06,089,012701,"Census Tract 012701, Shasta County, California",vehicle_count,3,252,B08201,B08201 line 5,Households,2018
14000US06089012701,06,089,012701,"Census Tract 012701, Shasta County, California",vehicle_count,4_plus,144,B08201,B08201 line 6,Households,2018
14000US06089012702,06,089,012702,"Census Tract 012702, Shasta County, California",household_income,100000_124999,107,B19001,B19001 line 14,Households,2018
14000US06089012702,06,089,012702,"Census Tract 012702, Shasta County, California",household_income,10000_14999,67,B19001,B19001 line 3,Households,2018
14000US06089012702,06,089,012702,"Census Tract 012702, Shasta County, California",household_income,125000_149999,36,B19001,B19001 line 15,Households,2018
14000US06089012702,06,089,012702,"Census Tract 012702, Shasta County, California",household_income,150000_199999,81,B19001,B19001 line 16,Households,2018
14000US06089012702,06,089,012702,"Census Tract 012702, Shasta County, California",household_income,15000_19999,44,B19001,B19001 line 4,Households,2018
14000US06089012702,06,089,012702,"Census Tract 012702, Shasta County, California",household_income,200000_plus,20,B19001,B19001 line 17,Households,2018
14000US06089012702,06,089,012702,"Census Tract 012702, Shasta County, California",household_income,20000_24999,70,B19001,B19001 line 5,Households,2018
14000US06089012702,06,089,012702,"Census Tract 012702, Shasta County, California",household_income,25000_29999,59,B19001,B19001 line 6,Households,2018
14000US06089012702,06,089,012702,"Census Tract 012702, Shasta County, California",household_income,30000_34999,47,B19001,B19001 line 7,Households,2018
14000US06089012702,06,089,012702,"Census Tract 012702, Shasta County, California",household_income,35000_39999,18,B19001,B19001 line 8,Households,2018
14000US06089012702,06,089,012702,"Census Tract 012702, Shasta County, California",household_income,40000_44999,95,B19001,B19001 line 9,Households,2018
14000US06089012702,06,089,012702,"Census Tract 012702, Shasta County, California",household_income,45000_49999,95,B19001,B19001 line 10,Households,2018
14000US06089012702,06,089,012702,"Census Tract 012702, Shasta County, California",household_income,50000_59999,65,B19001,B19001 line 11,Households,2018
14000US06089012702,06,089,012702,"Census Tract 012702, Shasta County, California",household_income,60000_74999,113,B19001,B19001 line 12,Households,2018
14000US06089012702,06,089,012702,"Census Tract 012702, Shasta County, California",household_income,75000_99999,105,B19001,B19001 line 13,Households,2018
14000US06089012702,06,089,012702,"Census Tract 012702, Shasta County, California",household_income,lt_10000,85,B19001,B19001 line 2,Households,2018
14000US06089012702,06,089,012702,"Census Tract 012702, Shasta County, California",household_older_adult_presence,has_65_plus,511,B11007,B11007 line 2,Households,2018
14000US06089012702,06,089,012702,"Census Tract 012702, Shasta County, California",household_older_adult_presence,no_65_plus,596,B11007,B11007 line 7,Households,2018
14000US06089012702,06,089,012702,"Census Tract 012702, Shasta County, California",household_structure,married_couple,613,B11001,B11001 line 3,Households,2018
14000US06089012702,06,089,012702,"Census Tract 012702, Shasta County, California",household_structure,nonfamily_living_alone,388,B11001,B11001 line 8,Households,2018
14000US06089012702,06,089,012702,"Census Tract 012702, Shasta County, California",household_structure,nonfamily_not_living_alone,19,B11001,B11001 line 9,Households,2018
14000US06089012702,06,089,012702,"Census Tract 012702, Shasta County, California",household_structure,other_female_householder,54,B11001,B11001 line 6,Households,2018
14000US06089012702,06,089,012702,"Census Tract 012702, Shasta County, California",household_structure,other_male_householder,33,B11001,B11001 line 5,Households,2018
14000US06089012702,06,089,012702,"Census Tract 012702, Shasta County, California",person_age_group,0_17,469,B01001,"B01001 lines 3,4,5,6,27,28,29,30",Total population,2018
14000US06089012702,06,089,012702,"Census Tract 012702, Shasta County, California",person_age_group,18_34,283,B01001,"B01001 lines 7,8,9,10,11,31,32,33,34,35",Total population,2018
14000US06089012702,06,089,012702,"Census Tract 012702, Shasta County, California",person_age_group,35_64,1279,B01001,"B01001 lines 12,13,14,15,16,17,18,19,36,37,38,39,40,41,42,43",Total population,2018
14000US06089012702,06,089,012702,"Census Tract 012702, Shasta County, California",person_age_group,65_plus,700,B01001,"B01001 lines 20,21,22,23,24,25,44,45,46,47,48,49",Total population,2018
14000US06089012702,06,089,012702,"Census Tract 012702, Shasta County, California",vehicle_count,0,17,B08201,B08201 line 2,Households,2018
14000US06089012702,06,089,012702,"Census Tract 012702, Shasta County, California",vehicle_count,1,360,B08201,B08201 line 3,Households,2018
14000US06089012702,06,089,012702,"Census Tract 012702, Shasta County, California",vehicle_count,2,439,B08201,B08201 line 4,Households,2018
14000US06089012702,06,089,012702,"Census Tract 012702, Shasta County, California",vehicle_count,3,162,B08201,B08201 line 5,Households,2018
14000US06089012702,06,089,012702,"Census Tract 012702, Shasta County, California",vehicle_count,4_plus,129,B08201,B08201 line 6,Households,2018
