sample_id,source_puma,vintage,weight,household_size,household_income,vehicle_count,household_structure,household_older_adult_presence,householder_age_group,hincp_2018_dollars,vehicles_raw,hht_raw
pums_ca_08900_00001,0608900,2018,24,2,35000_39999,1,other_male_householder,has_65_plus,35_64,38600,1,2
pums_ca_08900_00002,0608900,2018,20,4,75000_99999,1,married_couple,no_65_plus,35_64,79000,1,1
pums_ca_08900_00003,0608900,2018,19,3,60000_74999,2,married_couple,no_65_plus,18_34,64000,2,1
pums_ca_08900_00004,0608900,2018,47,3,30000_34999,2,married_couple,no_65_plus,18_34,32000,2,1
pums_ca_08900_00005,0608900,2018,57,4,75000_99999,2,married_couple,no_65_plus,35_64,85000,2,1
pums_ca_08900_00006,0608900,2018,77,2,60000_74999,2,married_couple,has_65_plus,65_plus,68000,2,1
pums_ca_08900_00007,0608900,2018,16,2,100000_124999,1,married_couple,has_65_plus,65_plus,105300,1,1
pums_ca_08900_00008,0608900,2018,13,2,60000_74999,4_plus,married_couple,has_65_plus,65_plus,70800,5,1
pums_ca_08900_00009,0608900,2018,8,1,10000_14999,2,nonfamily_not_living_alone,has_65_plus,65_plus,12000,2,6
pums_ca_08900_00010,0608900,2018,3,2,75000_99999,2,married_couple,has_65_plus,35_64,88900,2,1
pums_ca_08900_00011,0608900,2018,34,4,25000_29999,1,other_female_householder,no_65_plus,35_64,25200,1,3
pums_ca_08900_00012,0608900,2018,31,3,60000_74999,2,married_couple,no_65_plus,35_64,65000,2,1
pums_ca_08900_00013,0608900,2018,13,2,10000_14999,1,other_female_householder,no_65_plus,35_64,12000,1,3
pums_ca_08900_00014,0608900,2018,6,4,60000_74999,2,married_couple,no_65_plus,18_34,72540,2,1
pums_ca_08900_00015,0608900,2018,14,5,30000_34999,3,married_couple,has_65_plus,18_34,32400,3,1
pums_ca_08900_00016,0608900,2018,20,3,150000_199999,3,married_couple,no_65_plus,35_64,189200,3,1
pums_ca_08900_00017,0608900,2018,13,2,50000_59999,1,other_male_householder,no_65_plus,35_64,56000,1,2
pums_ca_08900_00018,0608900,2018,13,2,60000_74999,3,married_couple,has_65_plus,35_64,61270,3,1
pums_ca_08900_00019,0608900,2018,25,3,50000_59999,1,other_female_householder,no_65_plus,35_64,50000,1,3
pums_ca_08900_00020,0608900,2018,11,3,30000_34999,3,other_female_householder,no_65_plus,35_64,34500,3,3
pums_ca_08900_00021,0608900,2018,12,1,lt_10000,1,nonfamily_living_alone,no_65_plus,35_64,30,1,4
pums_ca_08900_00022,0608900,2018,7,1,15000_19999,1,nonfamily_not_living_alone,has_65_plus,65_plus,19300,1,6
pums_ca_08900_00023,0608900,2018,22,1,lt_10000,1,nonfamily_not_living_alone,has_65_plus,65_plus,1304,1,6
pums_ca_08900_00024,0608900,2018,14,2,75000_99999,3,married_couple,no_65_plus,35_64,99000,3,1
pums_ca_08900_00025,0608900,2018,6,2,25000_29999,3,married_couple,has_65_plus,65_plus,28200,3,1
pums_ca_08900_00026,0608900,2018,20,2,125000_149999,2,married_couple,has_65_plus,65_plus,126200,2,1
pums_ca_08900_00027,0608900,2018,14,1,15000_19999,1,nonfamily_living_alone,no_65_plus,35_64,18000,1,4
pums_ca_08900_00028,0608900,2018,33,2,40000_44999,2,married_couple,has_65_plus,65_plus,43600,2,1
pums_ca_08900_00029,0608900,2018,19,1,20000_24999,1,nonfamily_living_alone,no_65_plus,18_34,20000,1,4
pums_ca_08900_00030,0608900,2018,13,2,60000_74999,2,married_couple,has_65_plus,65_plus,67080,2,1
pums_ca_08900_00031,0608900,2018,3,2,15000_19999,1,married_couple,no_65_plus,35_64,17600,1,1
pums_ca_08900_00032,0608900,2018,18,2,125000_149999,2,nonfamily_living_alone,no_65_plus,18_34,134700,2,5
pums_ca_08900_00033,0608900,2018,13,1,200000_plus,0,nonfamily_living_alone,no_65_plus,35_64,465500,0,4
pums_ca_08900_00034,0608900,2018,7,2,60000_74999,2,married_couple,has_65_plus,65_plus,67300,2,1
pums_ca_08900_00035,0608900,2018,9,1,75000_99999,1,nonfamily_not_living_alone,has_65_plus,65_plus,79600,1,6
pums_ca_08900_00036,0608900,2018,14,1,30000_34999,2,nonfamily_not_living_alone,has_65_plus,65_plus,33700,2,6
pums_ca_08900_00037,0608900,2018,12,2,lt_10000,4_plus,nonfamily_living_alone,no_65_plus,35_64,9008,4,5
pums_ca_08900_00038,0608900,2018,16,3,60000_74999,2,other_female_householder,no_65_plus,35_64,71600,2,3
pums_ca_08900_00039,0608900,2018,20,3,10000_14999,1,married_couple,no_65_plus,35_64,12400,1,1
pums_ca_08900_00040,0608900,2018,52,1,45000_49999,2,nonfamily_living_alone,has_65_plus,65_plus,46000,2,4
pums_ca_08900_00041,0608900,2018,7,2,60000_74999,1,married_couple,no_65_plus,35_64,67000,1,1
pums_ca_08900_00042,0608900,2018,57,2,20000_24999,0,other_male_householder,no_65_plus,35_64,20000,0,2
pums_ca_08900_00043,0608900,2018,14,4,150000_199999,3,married_couple,no_65_plus,35_64,150000,3,1
pums_ca_08900_00044,0608900,2018,38,3,60000_74999,1,other_female_householder,has_65_plus,65_plus,69900,1,3
pums_ca_08900_00045,0608900,2018,54,4,60000_74999,1,married_couple,no_65_plus,18_34,70000,1,1
pums_ca_08900_00046,0608900,2018,60,2,60000_74999,4_plus,married_couple,no_65_plus,35_64,60600,4,1
pums_ca_08900_00047,0608900,2018,11,1,lt_10000,1,nonfamily_not_living_alone,no_65_plus,35_64,3000,1,6
pums_ca_08900_00048,0608900,2018,14,4,75000_99999,4_plus,married_couple,no_65_plus,35_64,75000,4,1
pums_ca_08900_00049,0608900,2018,18,2,75000_99999,4_plus,married_couple,has_65_plus,65_plus,79800,4,1
pums_ca_08900_00050,0608900,2018,48,3,30000_34999,2,other_female_householder,no_65_plus,35_64,30000,2,3
pums_ca_08900_00051,0608900,2018,21,1,75000_99999,1,nonfamily_not_living_alone,has_65_plus,65_plus,77000,1,6
pums_ca_08900_00052,0608900,2018,13,2,75000_99999,2,married_couple,has_65_plus,65_plus,88800,2,1
pums_ca_08900_00053,0608900,2018,13,2,125000_149999,3,married_couple,has_65_plus,35_64,126200,3,1
pums_ca_08900_00054,0608900,2018,12,1,15000_19999,1,nonfamily_not_living_alone,has_65_plus,65_plus,15500,1,6
pums_ca_08900_00055,0608900,2018,6,2,lt_10000,3,other_male_householder,has_65_plus,65_plus,2500,3,2
pums_ca_08900_00056,0608900,2018,28,2,lt_10000,1,other_female_householder,no_65_plus,35_64,810,1,3
pums_ca_08900_00057,0608900,2018,7,2,150000_199999,2,married_couple,has_65_plus,65_plus,164200,2,1
pums_ca_08900_00058,0608900,2018,7,1,10000_14999,1,nonfamily_not_living_alone,has_65_plus,65_plus,14800,1,6
pums_ca_08900_00059,0608900,2018,13,2,200000_plus,1,other_male_householder,no_65_plus,18_34,455000,1,2
pums_ca_08900_00060,0608900,2018,7,2,40000_44999,2,married_couple,has_65_plus,65_plus,40010,2,1
pums_ca_08900_00061,0608900,2018,12,2,125000_149999,2,married_couple,has_65_plus,35_64,148400,2,1
pums_ca_08900_00062,0608900,2018,6,2,75000_99999,2,married_couple,has_65_plus,65_plus,89000,2,1
pums_ca_08900_00063,0608900,2018,17,2,60000_74999,1,married_couple,no_65_plus,35_64,74450,1,1
pums_ca_08900_00064,0608900,2018,27,1,45000_49999,1,nonfamily_not_living_alone,no_65_plus,35_64,47000,1,6
pums_ca_08900_00065,0608900,2018,22,2,40000_44999,2,other_female_householder,no_65_plus,35_64,43600,2,3
pums_ca_08900_00066,0608900,2018,11,2,60000_74999,4_plus,married_couple,no_65_plus,35_64,65200,4,1
pums_ca_08900_00067,0608900,2018,16,1,75000_99999,1,nonfamily_not_living_alone,no_65_plus,35_64,90000,1,6
pums_ca_08900_00068,0608900,2018,6,1,25000_29999,3,nonfamily_living_alone,has_65_plus,65_plus,28500,3,4
pums_ca_08900_00069,0608900,2018,11,2,15000_19999,1,other_female_householder,no_65_plus,18_34,15000,1,3
pums_ca_08900_00070,0608900,2018,3,1,lt_10000,2,nonfamily_not_living_alone,no_65_plus,35_64,0,2,6
pums_ca_08900_00071,0608900,2018,19,5,150000_199999,3,married_couple,has_65_plus,35_64,152000,3,1
pums_ca_08900_00072,0608900,2018,7,3,200000_plus,4_plus,married_couple,has_65_plus,65_plus,246800,5,1
pums_ca_08900_00073,0608900,2018,7,2,40000_44999,2,married_couple,has_65_plus,65_plus,42400,2,1
pums_ca_08900_00074,0608900,2018,36,1,20000_24999,1,nonfamily_living_alone,no_65_plus,18_34,20000,1,4
pums_ca_08900_00075,0608900,2018,2,1,50000_59999,2,nonfamily_living_alone,has_65_plus,65_plus,50000,2,4
pums_ca_08900_00076,0608900,2018,4,2,30000_34999,3,nonfamily_living_alone,no_65_plus,35_64,33000,3,5
pums_ca_08900_00077,0608900,2018,12,2,100000_124999,4_plus,other_male_householder,no_65_plus,35_64,105000,5,2
pums_ca_08900_00078,0608900,2018,11,2,50000_59999,1,married_couple,has_65_plus,65_plus,58000,1,1
pums_ca_08900_00079,0608900,2018,10,2,20000_24999,2,nonfamily_living_alone,no_65_plus,18_34,23000,2,5
pums_ca_08900_00080,0608900,2018,15,4,200000_plus,4_plus,married_couple,no_65_plus,35_64,280200,4,1
pums_ca_08900_00081,0608900,2018,59,2,40000_44999,2,married_couple,no_65_plus,35_64,42000,2,1
pums_ca_08900_00082,0608900,2018,62,3,35000_39999,1,other_female_householder,no_65_plus,18_34,36000,1,3
pums_ca_08900_00083,0608900,2018,9,2,40000_44999,2,married_couple,has_65_plus,65_plus,44000,2,1
pums_ca_08900_00084,0608900,2018,25,2,200000_plus,2,married_couple,no_65_plus,35_64,254000,2,1
pums_ca_08900_00085,0608900,2018,21,3,150000_199999,3,married_couple,no_65_plus,35_64,174880,3,1
pums_ca_08900_00086,0608900,2018,17,3,150000_199999,2,married_couple,no_65_plus,18_34,152000,2,1
pums_ca_08900_00087,0608900,2018,12,2,60000_74999,2,married_couple,has_65_plus,65_plus,72450,2,1
pums_ca_08900_00088,0608900,2018,56,1,50000_59999,1,nonfamily_not_living_alone,no_65_plus,35_64,51000,1,6
pums_ca_08900_00089,0608900,2018,3,2,100000_124999,2,married_couple,has_65_plus,35_64,118000,2,1
pums_ca_08900_00090,0608900,2018,3,1,60000_74999,2,nonfamily_living_alone,no_65_plus,35_64,60000,2,4
pums_ca_08900_00091,0608900,2018,13,1,30000_34999,1,nonfamily_living_alone,has_65_plus,65_plus,33400,1,4
pums_ca_08900_00092,0608900,2018,12,1,lt_10000,1,nonfamily_living_alone,no_65_plus,35_64,8900,1,4
pums_ca_08900_00093,0608900,2018,15,1,30000_34999,1,nonfamily_living_alone,has_65_plus,65_plus,32700,1,4
pums_ca_08900_00094,0608900,2018,5,2,60000_74999,3,married_couple,has_65_plus,65_plus,74960,3,1
pums_ca_08900_00095,0608900,2018,36,1,20000_24999,1,nonfamily_living_alone,no_65_plus,35_64,24000,1,4
pums_ca_08900_00096,0608900,2018,16,6,60000_74999,4_plus,married_couple,has_65_plus,65_plus,74200,5,1
pums_ca_08900_00097,0608900,2018,46,2,100000_124999,3,married_couple,has_65_plus,65_plus,109000,3,1
pums_ca_08900_00098,0608900,2018,4,4,75000_99999,4_plus,married_couple,no_65_plus,35_64,86000,4,1
pums_ca_08900_00099,0608900,2018,24,4,60000_74999,4_plus,married_couple,no_65_plus,35_64,62600,4,1
pums_ca_08900_00100,0608900,2018,8,1,125000_149999,1,nonfamily_not_living_alone,no_65_plus,35_64,130000,1,6
pums_ca_08900_00101,0608900,2018,8,1,30000_34999,1,nonfamily_living_alone,has_65_plus,65_plus,30050,1,4
pums_ca_08900_00102,0608900,2018,13,2,100000_124999,3,married_couple,has_65_plus,35_64,117700,3,1
pums_ca_08900_00103,0608900,2018,19,3,20000_24999,2,married_couple,no_65_plus,18_34,20200,2,1
pums_ca_08900_00104,0608900,2018,6,2,lt_10000,1,married_couple,no_65_plus,35_64,5000,1,1
pums_ca_08900_00105,0608900,2018,9,1,35000_39999,1,nonfamily_not_living_alone,has_65_plus,65_plus,37100,1,6
pums_ca_08900_00106,0608900,2018,13,6,200000_plus,3,married_couple,no_65_plus,35_64,334000,3,1
pums_ca_08900_00107,0608900,2018,10,2,60000_74999,3,married_couple,no_65_plus,35_64,72000,3,1
pums_ca_08900_00108,0608900,2018,13,2,40000_44999,2,married_couple,has_65_plus,65_plus,41400,2,1
pums_ca_08900_00109,0608900,2018,11,2,50000_59999,2,married_couple,no_65_plus,35_64,50000,2,1
pums_ca_08900_00110,0608900,2018,7,1,25000_29999,2,nonfamily_living_alone,has_65_plus,65_plus,25900,2,4
pums_ca_08900_00111,0608900,2018,12,1,100000_124999,1,nonfamily_not_living_alone,has_65_plus,65_plus,113000,1,6
pums_ca_08900_00112,0608900,2018,13,3,50000_59999,2,nonfamily_not_living_alone,no_65_plus,18_34,59000,2,7
pums_ca_08900_00113,0608900,2018,11,2,50000_59999,3,other_female_householder,has_65_plus,65_plus,59000,3,3
pums_ca_08900_00114,0608900,2018,6,2,35000_39999,1,married_couple,has_65_plus,65_plus,38400,1,1
pums_ca_08900_00115,0608900,2018,14,1,lt_10000,1,nonfamily_not_living_alone,has_65_plus,65_plus,7900,1,6
pums_ca_08900_00116,0608900,2018,10,4,75000_99999,2,married_couple,no_65_plus,35_64,80000,2,1
pums_ca_08900_00117,0608900,2018,13,4,lt_10000,0,married_couple,no_65_plus,35_64,7530,0,1
pums_ca_08900_00118,0608900,2018,12,3,200000_plus,2,married_couple,no_65_plus,35_64,298000,2,1
pums_ca_08900_00119,0608900,2018,9,3,75000_99999,3,married_couple,no_65_plus,35_64,91000,3,1
pums_ca_08900_00120,0608900,2018,6,3,50000_59999,2,married_couple,no_65_plus,35_64,55000,2,1
pums_ca_08900_00121,0608900,2018,12,2,lt_10000,4_plus,married_couple,no_65_plus,35_64,5300,4,1
pums_ca_08900_00122,0608900,2018,13,4,75000_99999,2,married_couple,no_65_plus,35_64,89800,2,1
pums_ca_08900_00123,0608900,2018,8,1,lt_10000,1,nonfamily_not_living_alone,has_65_plus,65_plus,0,1,6
pums_ca_08900_00124,0608900,2018,2,1,40000_44999,1,nonfamily_living_alone,no_65_plus,35_64,40300,1,4
pums_ca_08900_00125,0608900,2018,23,2,40000_44999,1,nonfamily_not_living_alone,no_65_plus,18_34,44000,1,7
pums_ca_08900_00126,0608900,2018,12,2,35000_39999,2,married_couple,has_65_plus,65_plus,36000,2,1
pums_ca_08900_00127,0608900,2018,8,4,150000_199999,2,married_couple,no_65_plus,35_64,160000,2,1
pums_ca_08900_00128,0608900,2018,13,1,25000_29999,2,nonfamily_living_alone,has_65_plus,65_plus,26400,2,4
pums_ca_08900_00129,0608900,2018,7,6,200000_plus,4_plus,married_couple,no_65_plus,35_64,488000,4,1
pums_ca_08900_00130,0608900,2018,12,1,lt_10000,1,nonfamily_not_living_alone,has_65_plus,65_plus,1500,1,6
pums_ca_08900_00131,0608900,2018,7,1,45000_49999,2,nonfamily_living_alone,no_65_plus,35_64,45000,2,4
pums_ca_08900_00132,0608900,2018,12,3,30000_34999,3,married_couple,no_65_plus,35_64,34000,3,1
pums_ca_08900_00133,0608900,2018,13,1,40000_44999,1,nonfamily_living_alone,no_65_plus,35_64,41400,1,4
pums_ca_08900_00134,0608900,2018,4,2,50000_59999,2,married_couple,has_65_plus,65_plus,56700,2,1
pums_ca_08900_00135,0608900,2018,11,2,75000_99999,2,married_couple,no_65_plus,35_64,78200,2,1
pums_ca_08900_00136,0608900,2018,14,2,60000_74999,1,nonfamily_living_alone,no_65_plus,35_64,60000,1,5
pums_ca_08900_00137,0608900,2018,12,2,50000_59999,3,married_couple,has_65_plus,65_plus,57700,3,1
pums_ca_08900_00138,0608900,2018,22,2,15000_19999,0,nonfamily_not_living_alone,no_65_plus,35_64,15000,0,7
pums_ca_08900_00139,0608900,2018,14,2,30000_34999,2,married_couple,has_65_plus,65_plus,32500,2,1
pums_ca_08900_00140,0608900,2018,7,2,45000_49999,2,married_couple,no_65_plus,35_64,47210,2,1
pums_ca_08900_00141,0608900,2018,14,1,15000_19999,2,nonfamily_living_alone,no_65_plus,35_64,15900,2,4
pums_ca_08900_00142,0608900,2018,33,2,100000_124999,2,married_couple,no_65_plus,35_64,110000,2,1
pums_ca_08900_00143,0608900,2018,15,4,25000_29999,4_plus,married_couple,no_65_plus,35_64,25000,4,1
pums_ca_08900_00144,0608900,2018,35,2,75000_99999,2,married_couple,has_65_plus,35_64,93000,2,1
pums_ca_08900_00145,0608900,2018,22,6,75000_99999,3,married_couple,no_65_plus,35_64,77100,3,1
pums_ca_08900_00146,0608900,2018,11,3,40000_44999,2,other_male_householder,no_65_plus,35_64,40300,2,2
pums_ca_08900_00147,0608900,2018,5,2,20000_24999,2,married_couple,no_65_plus,35_64,24600,2,1
pums_ca_08900_00148,0608900,2018,13,2,20000_24999,2,married_couple,no_65_plus,35_64,20400,2,1
pums_ca_08900_00149,0608900,2018,5,5,60000_74999,3,married_couple,no_65_plus,35_64,61000,3,1
pums_ca_08900_00150,0608900,2018,28,1,50000_59999,1,nonfamily_living_alone,no_65_plus,35_64,50000,1,4
pums_ca_08900_00151,0608900,2018,3,2,75000_99999,2,nonfamily_living_alone,no_65_plus,35_64,80540,2,5
pums_ca_08900_00152,0608900,2018,20,3,150000_199999,4_plus,married_couple,no_65_plus,35_64,172300,4,1
pums_ca_08900_00153,0608900,2018,11,2,75000_99999,2,married_couple,no_65_plus,35_64,96100,2,1
pums_ca_08900_00154,0608900,2018,13,2,75000_99999,2,married_couple,has_65_plus,65_plus,88100,2,1
pums_ca_08900_00155,0608900,2018,5,3,150000_199999,4_plus,married_couple,no_65_plus,35_64,194000,4,1
pums_ca_08900_00156,0608900,2018,23,4,150000_199999,4_plus,married_couple,has_65_plus,35_64,182000,4,1
pums_ca_08900_00157,0608900,2018,9,4,75000_99999,3,married_couple,no_65_plus,35_64,90000,3,1
pums_ca_08900_00158,0608900,2018,2,4,75000_99999,3,married_couple,no_65_plus,35_64,95100,3,1
pums_ca_08900_00159,0608900,2018,17,4,75000_99999,2,married_couple,has_65_plus,65_plus,82604,2,1
pums_ca_08900_00160,0608900,2018,4,2,50000_59999,3,other_female_householder,has_65_plus,65_plus,52100,3,3
pums_ca_08900_00161,0608900,2018,13,2,75000_99999,2,married_couple,no_65_plus,35_64,75000,2,1
pums_ca_08900_00162,0608900,2018,37,1,10000_14999,1,nonfamily_not_living_alone,has_65_plus,65_plus,13200,1,6
pums_ca_08900_00163,0608900,2018,11,1,lt_10000,0,nonfamily_living_alone,no_65_plus,35_64,1400,0,4
pums_ca_08900_00164,0608900,2018,22,2,150000_199999,4_plus,married_couple,no_65_plus,35_64,191300,4,1
pums_ca_08900_00165,0608900,2018,7,1,50000_59999,1,nonfamily_not_living_alone,no_65_plus,35_64,56000,1,6
pums_ca_08900_00166,0608900,2018,11,1,15000_19999,1,nonfamily_not_living_alone,no_65_plus,18_34,16700,1,6
pums_ca_08900_00167,0608900,2018,36,3,30000_34999,3,married_couple,has_65_plus,65_plus,32500,3,1
pums_ca_08900_00168,0608900,2018,2,1,10000_14999,1,nonfamily_not_living_alone,no_65_plus,35_64,10400,1,6
pums_ca_08900_00169,0608900,2018,15,4,60000_74999,2,married_couple,no_65_plus,18_34,65000,2,1
pums_ca_08900_00170,0608900,2018,10,3,200000_plus,3,married_couple,no_65_plus,35_64,294000,3,1
pums_ca_08900_00171,0608900,2018,15,1,15000_19999,0,nonfamily_living_alone,has_65_plus,65_plus,15500,0,4
pums_ca_08900_00172,0608900,2018,11,4,125000_149999,3,married_couple,has_65_plus,65_plus,135900,3,1
pums_ca_08900_00173,0608900,2018,38,2,30000_34999,2,other_female_householder,has_65_plus,65_plus,30000,2,3
pums_ca_08900_00174,0608900,2018,13,3,125000_149999,3,married_couple,no_65_plus,35_64,149600,3,1
pums_ca_08900_00175,0608900,2018,5,2,75000_99999,0,nonfamily_living_alone,no_65_plus,35_64,83500,0,5
pums_ca_08900_00176,0608900,2018,13,1,35000_39999,1,nonfamily_living_alone,no_65_plus,35_64,35000,1,4
pums_ca_08900_00177,0608900,2018,23,1,35000_39999,2,nonfamily_living_alone,no_65_plus,35_64,35000,2,4
pums_ca_08900_00178,0608900,2018,15,2,60000_74999,3,other_female_householder,has_65_plus,65_plus,60200,3,3
pums_ca_08900_00179,0608900,2018,8,2,25000_29999,3,married_couple,has_65_plus,65_plus,28000,3,1
pums_ca_08900_00180,0608900,2018,41,2,150000_199999,2,married_couple,no_65_plus,35_64,155000,2,1
pums_ca_08900_00181,0608900,2018,11,1,35000_39999,1,nonfamily_living_alone,no_65_plus,35_64,38160,1,4
pums_ca_08900_00182,0608900,2018,2,1,100000_124999,1,nonfamily_not_living_alone,has_65_plus,65_plus,107500,1,6
pums_ca_08900_00183,0608900,2018,5,3,40000_44999,1,other_female_householder,has_65_plus,65_plus,40700,1,3
pums_ca_08900_00184,0608900,2018,14,1,35000_39999,1,nonfamily_not_living_alone,has_65_plus,65_plus,37400,1,6
pums_ca_08900_00185,0608900,2018,14,2,15000_19999,2,other_female_householder,no_65_plus,35_64,15500,2,3
pums_ca_08900_00186,0608900,2018,7,2,45000_49999,2,other_female_householder,has_65_plus,65_plus,46600,2,3
pums_ca_08900_00187,0608900,2018,5,2,75000_99999,2,married_couple,has_65_plus,65_plus,93500,2,1
pums_ca_08900_00188,0608900,2018,6,3,20000_24999,3,nonfamily_not_living_alone,has_65_plus,35_64,20600,3,7
pums_ca_08900_00189,0608900,2018,12,1,15000_19999,1,nonfamily_not_living_alone,has_65_plus,65_plus,18700,1,6
pums_ca_08900_00190,0608900,2018,8,2,100000_124999,4_plus,married_couple,no_65_plus,35_64,123100,4,1
pums_ca_08900_00191,0608900,2018,14,5,75000_99999,1,married_couple,no_65_plus,35_64,88000,1,1
pums_ca_08900_00192,0608900,2018,33,4,200000_plus,1,married_couple,no_65_plus,35_64,283000,1,1
pums_ca_08900_00193,0608900,2018,33,1,75000_99999,1,nonfamily_not_living_alone,no_65_plus,35_64,88000,1,6
pums_ca_08900_00194,0608900,2018,27,1,10000_14999,1,nonfamily_not_living_alone,has_65_plus,65_plus,14700,1,6
pums_ca_08900_00195,0608900,2018,14,2,60000_74999,0,married_couple,no_65_plus,35_64,62000,0,1
pums_ca_08900_00196,0608900,2018,8,2,20000_24999,2,married_couple,has_65_plus,65_plus,21000,2,1
pums_ca_08900_00197,0608900,2018,9,6,35000_39999,1,other_male_householder,no_65_plus,35_64,39600,1,2
pums_ca_08900_00198,0608900,2018,22,1,lt_10000,1,nonfamily_not_living_alone,no_65_plus,18_34,0,1,6
pums_ca_08900_00199,0608900,2018,20,2,35000_39999,1,other_female_householder,no_65_plus,18_34,36000,1,3
pums_ca_08900_00200,0608900,2018,15,1,lt_10000,2,nonfamily_not_living_alone,has_65_plus,65_plus,3600,2,6
pums_ca_08900_00201,0608900,2018,13,2,75000_99999,2,married_couple,no_65_plus,18_34,88000,2,1
pums_ca_08900_00202,0608900,2018,11,2,150000_199999,3,married_couple,no_65_plus,35_64,153000,3,1
pums_ca_08900_00203,0608900,2018,8,5,150000_199999,3,married_couple,no_65_plus,35_64,181000,3,1
pums_ca_08900_00204,0608900,2018,37,1,20000_24999,1,nonfamily_living_alone,has_65_plus,65_plus,22000,1,4
pums_ca_08900_00205,0608900,2018,5,4,60000_74999,2,married_couple,has_65_plus,35_64,74600,2,1
pums_ca_08900_00206,0608900,2018,13,1,25000_29999,4_plus,nonfamily_living_alone,has_65_plus,65_plus,28900,4,4
pums_ca_08900_00207,0608900,2018,34,5,150000_199999,3,other_female_householder,has_65_plus,65_plus,184300,3,3
pums_ca_08900_00208,0608900,2018,12,1,100000_124999,1,nonfamily_living_alone,has_65_plus,65_plus,107200,1,4
pums_ca_08900_00209,0608900,2018,7,2,35000_39999,3,married_couple,has_65_plus,65_plus,35400,3,1
pums_ca_08900_00210,0608900,2018,12,2,50000_59999,2,married_couple,has_65_plus,65_plus,52000,2,1
pums_ca_08900_00211,0608900,2018,15,1,25000_29999,1,nonfamily_living_alone,has_65_plus,65_plus,25600,1,4
pums_ca_08900_00212,0608900,2018,33,2,15000_19999,2,nonfamily_living_alone,no_65_plus,18_34,18500,2,5
pums_ca_08900_00213,0608900,2018,35,3,25000_29999,2,nonfamily_not_living_alone,no_65_plus,18_34,27000,2,7
pums_ca_08900_00214,0608900,2018,13,2,75000_99999,3,nonfamily_living_alone,has_65_plus,65_plus,98000,3,5
pums_ca_08900_00215,0608900,2018,11,1,15000_19999,1,nonfamily_not_living_alone,has_65_plus,65_plus,19300,1,6
pums_ca_08900_00216,0608900,2018,72,1,20000_24999,1,nonfamily_living_alone,no_65_plus,35_64,22000,1,4
pums_ca_08900_00217,0608900,2018,21,2,30000_34999,3,married_couple,no_65_plus,35_64,32600,3,1
pums_ca_08900_00218,0608900,2018,19,1,75000_99999,1,nonfamily_not_living_alone,has_65_plus,65_plus,78300,1,6
pums_ca_08900_00219,0608900,2018,13,3,75000_99999,3,married_couple,no_65_plus,35_64,92000,3,1
pums_ca_08900_00220,0608900,2018,35,3,75000_99999,2,married_couple,has_65_plus,35_64,90000,2,1
pums_ca_08900_00221,0608900,2018,41,3,60000_74999,1,married_couple,no_65_plus,35_64,69000,1,1
pums_ca_08900_00222,0608900,2018,13,2,60000_74999,1,other_female_householder,no_65_plus,35_64,68000,1,3
pums_ca_08900_00223,0608900,2018,14,1,45000_49999,1,nonfamily_not_living_alone,has_65_plus,65_plus,49800,1,6
pums_ca_08900_00224,0608900,2018,7,2,20000_24999,3,married_couple,has_65_plus,65_plus,24510,3,1
pums_ca_08900_00225,0608900,2018,21,2,60000_74999,2,married_couple,has_65_plus,35_64,72000,2,1
pums_ca_08900_00226,0608900,2018,7,1,25000_29999,1,nonfamily_living_alone,has_65_plus,65_plus,29500,1,4
pums_ca_08900_00227,0608900,2018,33,4,30000_34999,1,other_female_householder,no_65_plus,35_64,34600,1,3
pums_ca_08900_00228,0608900,2018,3,2,60000_74999,3,married_couple,has_65_plus,65_plus,74570,3,1
pums_ca_08900_00229,0608900,2018,12,1,lt_10000,1,nonfamily_not_living_alone,has_65_plus,65_plus,6000,1,6
pums_ca_08900_00230,0608900,2018,16,2,75000_99999,3,married_couple,no_65_plus,35_64,84000,3,1
pums_ca_08900_00231,0608900,2018,1,1,75000_99999,1,nonfamily_living_alone,no_65_plus,0_17,75000,1,4
pums_ca_08900_00232,0608900,2018,38,1,10000_14999,0,nonfamily_living_alone,no_65_plus,35_64,10400,0,4
pums_ca_08900_00233,0608900,2018,13,1,50000_59999,2,nonfamily_living_alone,has_65_plus,65_plus,56200,2,4
pums_ca_08900_00234,0608900,2018,6,5,50000_59999,3,married_couple,no_65_plus,35_64,55000,3,1
pums_ca_08900_00235,0608900,2018,12,5,45000_49999,2,married_couple,no_65_plus,18_34,45700,2,1
pums_ca_08900_00236,0608900,2018,12,3,75000_99999,3,nonfamily_living_alone,no_65_plus,18_34,89600,3,5
pums_ca_08900_00237,0608900,2018,10,2,75000_99999,2,married_couple,has_65_plus,65_plus,80700,2,1
pums_ca_08900_00238,0608900,2018,12,2,60000_74999,2,married_couple,no_65_plus,35_64,64540,2,1
pums_ca_08900_00239,0608900,2018,15,2,30000_34999,2,married_couple,has_65_plus,65_plus,31200,2,1
pums_ca_08900_00240,0608900,2018,14,2,15000_19999,2,nonfamily_not_living_alone,no_65_plus,18_34,18500,2,7
pums_ca_08900_00241,0608900,2018,12,1,50000_59999,4_plus,nonfamily_living_alone,no_65_plus,35_64,59500,4,4
pums_ca_08900_00242,0608900,2018,14,1,35000_39999,1,nonfamily_living_alone,has_65_plus,65_plus,37800,1,4
pums_ca_08900_00243,0608900,2018,12,2,35000_39999,2,other_female_householder,no_65_plus,35_64,38200,2,3
pums_ca_08900_00244,0608900,2018,18,2,lt_10000,1,nonfamily_living_alone,no_65_plus,18_34,9500,1,5
pums_ca_08900_00245,0608900,2018,36,1,15000_19999,1,nonfamily_not_living_alone,no_65_plus,35_64,17000,1,6
pums_ca_08900_00246,0608900,2018,10,3,150000_199999,3,married_couple,no_65_plus,35_64,155000,3,1
pums_ca_08900_00247,0608900,2018,10,4,30000_34999,2,married_couple,no_65_plus,18_34,31000,2,1
pums_ca_08900_00248,0608900,2018,12,3,100000_124999,3,married_couple,no_65_plus,35_64,121400,3,1
pums_ca_08900_00249,0608900,2018,8,4,60000_74999,3,married_couple,no_65_plus,35_64,69200,3,1
pums_ca_08900_00250,0608900,2018,8,3,50000_59999,3,married_couple,has_65_plus,65_plus,50800,3,1
pums_ca_08900_00251,0608900,2018,9,1,40000_44999,2,nonfamily_not_living_alone,no_65_plus,35_64,40000,2,6
pums_ca_08900_00252,0608900,2018,10,1,75000_99999,2,nonfamily_not_living_alone,has_65_plus,65_plus,92500,2,6
pums_ca_08900_00253,0608900,2018,12,2,50000_59999,1,other_female_householder,has_65_plus,65_plus,52430,1,3
pums_ca_08900_00254,0608900,2018,52,2,50000_59999,2,married_couple,no_65_plus,35_64,58500,2,1
pums_ca_08900_00255,0608900,2018,12,1,35000_39999,0,nonfamily_living_alone,no_65_plus,35_64,36700,0,4
pums_ca_08900_00256,0608900,2018,13,5,60000_74999,3,married_couple,no_65_plus,18_34,63000,3,1
pums_ca_08900_00257,0608900,2018,9,1,lt_10000,1,nonfamily_living_alone,no_65_plus,35_64,9000,1,4
pums_ca_08900_00258,0608900,2018,3,2,15000_19999,4_plus,nonfamily_living_alone,has_65_plus,65_plus,15500,4,5
pums_ca_08900_00259,0608900,2018,14,1,lt_10000,1,nonfamily_not_living_alone,has_65_plus,65_plus,3830,1,6
pums_ca_08900_00260,0608900,2018,7,2,50000_59999,2,nonfamily_living_alone,no_65_plus,18_34,56000,2,5
pums_ca_08900_00261,0608900,2018,7,1,50000_59999,1,nonfamily_not_living_alone,no_65_plus,35_64,54000,1,6
pums_ca_08900_00262,0608900,2018,63,2,20000_24999,2,married_couple,no_65_plus,35_64,24000,2,1
pums_ca_08900_00263,0608900,2018,62,2,25000_29999,1,married_couple,no_65_plus,18_34,26500,1,1
pums_ca_08900_00264,0608900,2018,13,1,10000_14999,0,nonfamily_not_living_alone,no_65_plus,35_64,10200,0,6
pums_ca_08900_00265,0608900,2018,5,2,60000_74999,2,married_couple,has_65_plus,65_plus,66000,2,1
pums_ca_08900_00266,0608900,2018,33,2,75000_99999,2,married_couple,has_65_plus,65_plus,83500,2,1
pums_ca_08900_00267,0608900,2018,9,6,75000_99999,4_plus,married_couple,no_65_plus,18_34,90500,4,1
pums_ca_08900_00268,0608900,2018,8,3,100000_124999,3,married_couple,no_65_plus,35_64,110900,3,1
pums_ca_08900_00269,0608900,2018,14,2,50000_59999,2,other_female_householder,has_65_plus,65_plus,51200,2,3
pums_ca_08900_00270,0608900,2018,14,1,15000_19999,0,nonfamily_not_living_alone,has_65_plus,65_plus,16300,0,6
pums_ca_08900_00271,0608900,2018,17,2,25000_29999,3,married_couple,has_65_plus,65_plus,29510,3,1
pums_ca_08900_00272,0608900,2018,23,1,40000_44999,1,nonfamily_living_alone,no_65_plus,18_34,40000,1,4
pums_ca_08900_00273,0608900,2018,15,1,15000_19999,1,nonfamily_not_living_alone,no_65_plus,18_34,17000,1,6
pums_ca_08900_00274,0608900,2018,14,1,35000_39999,1,nonfamily_not_living_alone,no_65_plus,18_34,38000,1,6
pums_ca_08900_00275,0608900,2018,10,1,lt_10000,1,nonfamily_living_alone,has_65_plus,65_plus,2800,1,4
pums_ca_08900_00276,0608900,2018,10,3,75000_99999,3,other_female_householder,no_65_plus,35_64,96200,3,3
pums_ca_08900_00277,0608900,2018,24,2,125000_149999,2,married_couple,has_65_plus,65_plus,127400,2,1
pums_ca_08900_00278,0608900,2018,5,2,150000_199999,3,married_couple,has_65_plus,65_plus,167000,3,1
pums_ca_08900_00279,0608900,2018,7,3,200000_plus,3,married_couple,no_65_plus,35_64,343600,3,1
pums_ca_08900_00280,0608900,2018,8,2,100000_124999,2,married_couple,has_65_plus,65_plus,104000,2,1
pums_ca_08900_00281,0608900,2018,11,2,50000_59999,2,married_couple,has_65_plus,65_plus,56700,2,1
pums_ca_08900_00282,0608900,2018,15,1,20000_24999,4_plus,nonfamily_living_alone,no_65_plus,35_64,20000,6,4
pums_ca_08900_00283,0608900,2018,9,3,100000_124999,3,married_couple,no_65_plus,35_64,119900,3,1
pums_ca_08900_00284,0608900,2018,9,2,150000_199999,2,married_couple,has_65_plus,65_plus,167200,2,1
pums_ca_08900_00285,0608900,2018,14,3,15000_19999,3,other_female_householder,no_65_plus,35_64,15300,3,3
pums_ca_08900_00286,0608900,2018,13,3,20000_24999,0,nonfamily_not_living_alone,no_65_plus,35_64,20600,0,7
pums_ca_08900_00287,0608900,2018,8,2,10000_14999,1,other_female_householder,has_65_plus,35_64,10900,1,3
pums_ca_08900_00288,0608900,2018,9,5,10000_14999,3,married_couple,no_65_plus,35_64,12000,3,1
pums_ca_08900_00289,0608900,2018,25,2,10000_14999,1,other_female_householder,no_65_plus,35_64,11000,1,3
pums_ca_08900_00290,0608900,2018,60,3,35000_39999,2,other_female_householder,has_65_plus,18_34,36300,2,3
pums_ca_08900_00291,0608900,2018,24,3,25000_29999,1,other_female_householder,no_65_plus,18_34,28000,1,3
pums_ca_08900_00292,0608900,2018,13,2,10000_14999,2,married_couple,has_65_plus,35_64,14000,2,1
pums_ca_08900_00293,0608900,2018,5,2,150000_199999,2,nonfamily_living_alone,has_65_plus,65_plus,151100,2,5
pums_ca_08900_00294,0608900,2018,14,4,40000_44999,1,other_female_householder,no_65_plus,18_34,42000,1,3
pums_ca_08900_00295,0608900,2018,45,3,60000_74999,3,married_couple,no_65_plus,35_64,63000,3,1
pums_ca_08900_00296,0608900,2018,23,4,125000_149999,2,married_couple,no_65_plus,35_64,131000,2,1
pums_ca_08900_00297,0608900,2018,4,2,75000_99999,3,married_couple,no_65_plus,35_64,83800,3,1
pums_ca_08900_00298,0608900,2018,3,2,50000_59999,3,married_couple,has_65_plus,65_plus,50900,3,1
pums_ca_08900_00299,0608900,2018,10,1,60000_74999,1,nonfamily_not_living_alone,has_65_plus,65_plus,66600,1,6
pums_ca_08900_00300,0608900,2018,13,2,125000_149999,1,other_female_householder,has_65_plus,65_plus,130500,1,3
pums_ca_08900_00301,0608900,2018,4,2,100000_124999,2,married_couple,no_65_plus,35_64,104000,2,1
pums_ca_08900_00302,0608900,2018,5,2,20000_24999,2,other_female_householder,no_65_plus,35_64,20300,2,3
pums_ca_08900_00303,0608900,2018,21,4,150000_199999,3,other_male_householder,no_65_plus,35_64,179244,3,2
pums_ca_08900_00304,0608900,2018,12,7,125000_149999,0,other_female_householder,has_65_plus,65_plus,136870,0,3
pums_ca_08900_00305,0608900,2018,33,3,60000_74999,2,married_couple,no_65_plus,35_64,65000,2,1
pums_ca_08900_00306,0608900,2018,17,2,25000_29999,1,married_couple,no_65_plus,35_64,27200,1,1
pums_ca_08900_00307,0608900,2018,2,2,50000_59999,2,married_couple,no_65_plus,35_64,59200,2,1
pums_ca_08900_00308,0608900,2018,12,2,45000_49999,2,married_couple,has_65_plus,65_plus,47900,2,1
pums_ca_08900_00309,0608900,2018,2,2,100000_124999,4_plus,married_couple,has_65_plus,65_plus,100000,4,1
pums_ca_08900_00310,0608900,2018,11,2,60000_74999,3,other_female_householder,has_65_plus,65_plus,63300,3,3
pums_ca_08900_00311,0608900,2018,20,2,75000_99999,2,nonfamily_not_living_alone,no_65_plus,18_34,84000,2,7
pums_ca_08900_00312,0608900,2018,11,2,20000_24999,1,married_couple,has_65_plus,65_plus,22104,1,1
pums_ca_08900_00313,0608900,2018,8,2,35000_39999,3,married_couple,has_65_plus,65_plus,36000,3,1
pums_ca_08900_00314,0608900,2018,24,1,lt_10000,0,nonfamily_not_living_alone,no_65_plus,35_64,0,0,6
pums_ca_08900_00315,0608900,2018,47,1,40000_44999,1,nonfamily_not_living_alone,no_65_plus,35_64,40000,1,6
pums_ca_08900_00316,0608900,2018,23,3,10000_14999,3,other_male_householder,no_65_plus,35_64,11000,3,2
pums_ca_08900_00317,0608900,2018,20,2,15000_19999,3,married_couple,has_65_plus,65_plus,18600,3,1
pums_ca_08900_00318,0608900,2018,13,2,60000_74999,3,married_couple,no_65_plus,35_64,61000,3,1
pums_ca_08900_00319,0608900,2018,37,1,15000_19999,1,nonfamily_not_living_alone,no_65_plus,18_34,17000,1,6
pums_ca_08900_00320,0608900,2018,50,3,45000_49999,3,married_couple,no_65_plus,18_34,47600,3,1
pums_ca_08900_00321,0608900,2018,13,4,75000_99999,3,married_couple,no_65_plus,35_64,97400,3,1
pums_ca_08900_00322,0608900,2018,35,3,200000_plus,2,married_couple,no_65_plus,35_64,205000,2,1
pums_ca_08900_00323,0608900,2018,17,2,45000_49999,2,married_couple,has_65_plus,65_plus,45200,2,1
pums_ca_08900_00324,0608900,2018,46,2,35000_39999,2,married_couple,no_65_plus,35_64,35000,2,1
pums_ca_08900_00325,0608900,2018,20,2,75000_99999,1,other_female_householder,no_65_plus,35_64,80000,1,3
pums_ca_08900_00326,0608900,2018,14,1,10000_14999,2,nonfamily_living_alone,no_65_plus,35_64,10000,2,4
pums_ca_08900_00327,0608900,2018,8,5,60000_74999,1,married_couple,has_65_plus,65_plus,72600,1,1
pums_ca_08900_00328,0608900,2018,14,2,75000_99999,3,married_couple,has_65_plus,35_64,96700,3,1
pums_ca_08900_00329,0608900,2018,9,5,200000_plus,4_plus,married_couple,no_65_plus,35_64,226300,5,1
pums_ca_08900_00330,0608900,2018,12,2,100000_124999,4_plus,married_couple,has_65_plus,65_plus,122700,4,1
pums_ca_08900_00331,0608900,2018,8,1,20000_24999,1,nonfamily_not_living_alone,has_65_plus,65_plus,22900,1,6
pums_ca_08900_00332,0608900,2018,12,1,20000_24999,1,nonfamily_living_alone,has_65_plus,65_plus,20000,1,4
pums_ca_08900_00333,0608900,2018,9,1,20000_24999,1,nonfamily_living_alone,no_65_plus,18_34,21000,1,4
pums_ca_08900_00334,0608900,2018,57,1,40000_44999,1,nonfamily_living_alone,no_65_plus,35_64,40000,1,4
pums_ca_08900_00335,0608900,2018,10,4,75000_99999,2,married_couple,no_65_plus,18_34,99000,2,1
pums_ca_08900_00336,0608900,2018,15,2,25000_29999,2,married_couple,has_65_plus,35_64,29900,2,1
pums_ca_08900_00337,0608900,2018,15,1,10000_14999,1,nonfamily_not_living_alone,no_65_plus,35_64,12100,1,6
pums_ca_08900_00338,0608900,2018,8,2,35000_39999,2,married_couple,has_65_plus,65_plus,36500,2,1
pums_ca_08900_00339,0608900,2018,33,3,15000_19999,2,other_male_householder,no_65_plus,18_34,19800,2,2
pums_ca_08900_00340,0608900,2018,7,2,lt_10000,1,other_female_householder,has_65_plus,65_plus,7000,1,3
pums_ca_08900_00341,0608900,2018,12,2,45000_49999,2,married_couple,no_65_plus,35_64,48550,2,1
pums_ca_08900_00342,0608900,2018,5,1,10000_14999,1,nonfamily_not_living_alone,has_65_plus,65_plus,13400,1,6
pums_ca_08900_00343,0608900,2018,11,1,25000_29999,1,nonfamily_living_alone,no_65_plus,35_64,26004,1,4
pums_ca_08900_00344,0608900,2018,4,2,40000_44999,2,other_female_householder,has_65_plus,65_plus,41900,2,3
pums_ca_08900_00345,0608900,2018,44,1,40000_44999,1,nonfamily_not_living_alone,no_65_plus,35_64,42000,1,6
pums_ca_08900_00346,0608900,2018,14,4,50000_59999,2,married_couple,no_65_plus,35_64,53500,2,1
pums_ca_08900_00347,0608900,2018,12,1,lt_10000,1,nonfamily_not_living_alone,no_65_plus,35_64,8800,1,6
pums_ca_08900_00348,0608900,2018,14,6,125000_149999,1,nonfamily_not_living_alone,no_65_plus,35_64,128040,1,7
pums_ca_08900_00349,0608900,2018,17,2,150000_199999,3,married_couple,no_65_plus,35_64,197000,3,1
pums_ca_08900_00350,0608900,2018,8,2,50000_59999,2,married_couple,has_65_plus,65_plus,58700,2,1
pums_ca_08900_00351,0608900,2018,11,3,75000_99999,2,married_couple,has_65_plus,65_plus,88200,2,1
pums_ca_08900_00352,0608900,2018,15,7,60000_74999,2,married_couple,no_65_plus,35_64,68420,2,1
pums_ca_08900_00353,0608900,2018,5,2,10000_14999,2,married_couple,no_65_plus,35_64,13800,2,1
pums_ca_08900_00354,0608900,2018,7,2,50000_59999,3,married_couple,no_65_plus,35_64,52600,3,1
pums_ca_08900_00355,0608900,2018,13,1,40000_44999,2,nonfamily_not_living_alone,has_65_plus,65_plus,43700,2,6
pums_ca_08900_00356,0608900,2018,32,5,25000_29999,2,married_couple,no_65_plus,18_34,25000,2,1
pums_ca_08900_00357,0608900,2018,43,5,125000_149999,2,other_male_householder,no_65_plus,35_64,138650,2,2
pums_ca_08900_00358,0608900,2018,5,2,60000_74999,3,married_couple,has_65_plus,65_plus,66480,3,1
pums_ca_08900_00359,0608900,2018,9,5,150000_199999,2,married_couple,no_65_plus,35_64,185330,2,1
pums_ca_08900_00360,0608900,2018,4,6,150000_199999,4_plus,married_couple,no_65_plus,35_64,169100,5,1
pums_ca_08900_00361,0608900,2018,17,1,lt_10000,1,nonfamily_living_alone,has_65_plus,65_plus,6000,1,4
pums_ca_08900_00362,0608900,2018,25,1,15000_19999,0,nonfamily_not_living_alone,has_65_plus,65_plus,15000,0,6
pums_ca_08900_00363,0608900,2018,7,2,100000_124999,3,married_couple,no_65_plus,35_64,111500,3,1
pums_ca_08900_00364,0608900,2018,15,2,50000_59999,2,married_couple,has_65_plus,65_plus,52700,2,1
pums_ca_08900_00365,0608900,2018,13,4,100000_124999,2,married_couple,no_65_plus,35_64,106000,2,1
pums_ca_08900_00366,0608900,2018,9,2,100000_124999,2,married_couple,no_65_plus,35_64,112000,2,1
pums_ca_08900_00367,0608900,2018,21,2,60000_74999,2,married_couple,no_65_plus,35_64,69400,2,1
pums_ca_08900_00368,0608900,2018,20,3,150000_199999,3,married_couple,no_65_plus,35_64,152000,3,1
pums_ca_08900_00369,0608900,2018,36,3,60000_74999,4_plus,other_female_householder,no_65_plus,18_34,62000,4,3
pums_ca_08900_00370,0608900,2018,14,1,10000_14999,1,nonfamily_not_living_alone,has_65_plus,65_plus,10500,1,6
pums_ca_08900_00371,0608900,2018,7,1,50000_59999,1,nonfamily_not_living_alone,has_65_plus,65_plus,50000,1,6
pums_ca_08900_00372,0608900,2018,9,1,15000_19999,3,nonfamily_living_alone,has_65_plus,65_plus,15320,3,4
pums_ca_08900_00373,0608900,2018,21,1,10000_14999,0,nonfamily_not_living_alone,has_65_plus,65_plus,11880,0,6
pums_ca_08900_00374,0608900,2018,11,2,150000_199999,3,married_couple,has_65_plus,65_plus,163030,3,1
pums_ca_08900_00375,0608900,2018,15,6,45000_49999,3,married_couple,no_65_plus,18_34,48100,3,1
pums_ca_08900_00376,0608900,2018,12,4,75000_99999,2,married_couple,no_65_plus,35_64,95000,2,1
pums_ca_08900_00377,0608900,2018,5,1,50000_59999,2,nonfamily_not_living_alone,has_65_plus,65_plus,50400,2,6
pums_ca_08900_00378,0608900,2018,14,1,125000_149999,2,nonfamily_living_alone,no_65_plus,35_64,125000,2,4
pums_ca_08900_00379,0608900,2018,5,2,75000_99999,2,married_couple,has_65_plus,65_plus,99900,2,1
pums_ca_08900_00380,0608900,2018,7,2,60000_74999,3,married_couple,has_65_plus,65_plus,70700,3,1
pums_ca_08900_00381,0608900,2018,9,5,75000_99999,4_plus,married_couple,no_65_plus,35_64,99100,4,1
pums_ca_08900_00382,0608900,2018,14,3,15000_19999,1,other_female_householder,no_65_plus,18_34,19800,1,3
pums_ca_08900_00383,0608900,2018,12,3,125000_149999,2,married_couple,no_65_plus,35_64,144000,2,1
pums_ca_08900_00384,0608900,2018,12,2,lt_10000,1,other_female_householder,no_65_plus,35_64,0,1,3
pums_ca_08900_00385,0608900,2018,15,2,35000_39999,3,nonfamily_not_living_alone,no_65_plus,35_64,38000,3,7
pums_ca_08900_00386,0608900,2018,7,3,150000_199999,3,married_couple,no_65_plus,35_64,170000,3,1
pums_ca_08900_00387,0608900,2018,13,1,45000_49999,0,nonfamily_not_living_alone,has_65_plus,65_plus,48000,0,6
pums_ca_08900_00388,0608900,2018,39,1,lt_10000,1,nonfamily_not_living_alone,has_65_plus,65_plus,9600,1,6
pums_ca_08900_00389,0608900,2018,58,1,15000_19999,1,nonfamily_not_living_alone,has_65_plus,65_plus,19900,1,6
pums_ca_08900_00390,0608900,2018,14,1,10000_14999,0,nonfamily_not_living_alone,has_65_plus,65_plus,13800,0,6
pums_ca_08900_00391,0608900,2018,12,2,60000_74999,3,married_couple,no_65_plus,35_64,61400,3,1
pums_ca_08900_00392,0608900,2018,11,1,15000_19999,1,nonfamily_not_living_alone,no_65_plus,35_64,15020,1,6
pums_ca_08900_00393,0608900,2018,40,1,lt_10000,0,nonfamily_living_alone,no_65_plus,35_64,9500,0,4
pums_ca_08900_00394,0608900,2018,16,1,10000_14999,1,nonfamily_not_living_alone,has_65_plus,65_plus,12300,1,6
pums_ca_08900_00395,0608900,2018,24,2,35000_39999,1,other_female_householder,no_65_plus,35_64,38600,1,3
pums_ca_08900_00396,0608900,2018,94,1,lt_10000,1,nonfamily_not_living_alone,no_65_plus,35_64,0,1,6
pums_ca_08900_00397,0608900,2018,14,7,10000_14999,3,other_female_householder,no_65_plus,35_64,12700,3,3
pums_ca_08900_00398,0608900,2018,4,3,60000_74999,2,nonfamily_not_living_alone,no_65_plus,35_64,64100,2,7
pums_ca_08900_00399,0608900,2018,8,3,60000_74999,2,married_couple,no_65_plus,18_34,65000,2,1
pums_ca_08900_00400,0608900,2018,8,3,200000_plus,2,married_couple,has_65_plus,35_64,213000,2,1
pums_ca_08900_00401,0608900,2018,39,6,75000_99999,3,married_couple,no_65_plus,35_64,93800,3,1
pums_ca_08900_00402,0608900,2018,5,2,150000_199999,4_plus,married_couple,has_65_plus,35_64,157000,4,1
pums_ca_08900_00403,0608900,2018,12,2,40000_44999,1,married_couple,has_65_plus,65_plus,41600,1,1
pums_ca_08900_00404,0608900,2018,14,1,40000_44999,2,nonfamily_living_alone,no_65_plus,35_64,40000,2,4
pums_ca_08900_00405,0608900,2018,19,2,200000_plus,4_plus,married_couple,no_65_plus,35_64,312000,4,1
pums_ca_08900_00406,0608900,2018,39,2,50000_59999,2,other_female_householder,no_65_plus,35_64,55000,2,3
pums_ca_08900_00407,0608900,2018,12,2,50000_59999,3,married_couple,no_65_plus,35_64,57000,3,1
pums_ca_08900_00408,0608900,2018,21,1,lt_10000,0,nonfamily_living_alone,no_65_plus,18_34,9000,0,4
pums_ca_08900_00409,0608900,2018,13,3,125000_149999,4_plus,married_couple,no_65_plus,35_64,130000,4,1
pums_ca_08900_00410,0608900,2018,15,2,60000_74999,3,married_couple,has_65_plus,65_plus,74600,3,1
pums_ca_08900_00411,0608900,2018,34,2,25000_29999,2,married_couple,has_65_plus,65_plus,25000,2,1
pums_ca_08900_00412,0608900,2018,38,1,25000_29999,0,nonfamily_not_living_alone,has_65_plus,65_plus,25000,0,6
pums_ca_08900_00413,0608900,2018,10,2,lt_10000,2,nonfamily_living_alone,no_65_plus,18_34,4000,2,5
pums_ca_08900_00414,0608900,2018,18,5,100000_124999,3,married_couple,no_65_plus,35_64,100000,3,1
pums_ca_08900_00415,0608900,2018,10,2,10000_14999,2,married_couple,no_65_plus,35_64,13800,2,1
pums_ca_08900_00416,0608900,2018,12,3,100000_124999,3,nonfamily_living_alone,no_65_plus,35_64,116300,3,5
pums_ca_08900_00417,0608900,2018,12,5,50000_59999,2,married_couple,no_65_plus,35_64,55300,2,1
pums_ca_08900_00418,0608900,2018,90,3,60000_74999,2,married_couple,no_65_plus,35_64,72000,2,1
pums_ca_08900_00419,0608900,2018,4,2,60000_74999,2,married_couple,no_65_plus,35_64,65000,2,1
pums_ca_08900_00420,0608900,2018,7,2,45000_49999,4_plus,married_couple,has_65_plus,65_plus,46100,4,1
pums_ca_08900_00421,0608900,2018,20,1,50000_59999,1,nonfamily_not_living_alone,has_65_plus,65_plus,51000,1,6
pums_ca_08900_00422,0608900,2018,8,4,75000_99999,2,married_couple,no_65_plus,35_64,89700,2,1
pums_ca_08900_00423,0608900,2018,13,3,125000_149999,1,married_couple,no_65_plus,35_64,126000,1,1
pums_ca_08900_00424,0608900,2018,37,2,100000_124999,2,nonfamily_not_living_alone,no_65_plus,35_64,110000,2,7
pums_ca_08900_00425,0608900,2018,14,2,75000_99999,2,married_couple,has_65_plus,65_plus,86200,2,1
pums_ca_08900_00426,0608900,2018,6,2,125000_149999,3,married_couple,no_65_plus,35_64,138000,3,1
pums_ca_08900_00427,0608900,2018,21,3,100000_124999,2,married_couple,no_65_plus,35_64,102200,2,1
pums_ca_08900_00428,0608900,2018,7,1,75000_99999,1,nonfamily_living_alone,no_65_plus,35_64,90000,1,4
pums_ca_08900_00429,0608900,2018,14,2,10000_14999,1,other_female_householder,no_65_plus,18_34,12000,1,3
pums_ca_08900_00430,0608900,2018,9,1,10000_14999,1,nonfamily_not_living_alone,has_65_plus,65_plus,13800,1,6
pums_ca_08900_00431,0608900,2018,6,3,100000_124999,3,other_female_householder,has_65_plus,65_plus,105300,3,3
pums_ca_08900_00432,0608900,2018,5,2,60000_74999,3,married_couple,no_65_plus,35_64,72400,3,1
pums_ca_08900_00433,0608900,2018,3,3,45000_49999,2,married_couple,has_65_plus,65_plus,45700,2,1
pums_ca_08900_00434,0608900,2018,22,1,50000_59999,2,nonfamily_living_alone,has_65_plus,65_plus,59900,2,4
pums_ca_08900_00435,0608900,2018,14,1,125000_149999,4_plus,nonfamily_not_living_alone,no_65_plus,35_64,145900,4,6
pums_ca_08900_00436,0608900,2018,7,1,10000_14999,1,nonfamily_living_alone,no_65_plus,35_64,12000,1,4
pums_ca_08900_00437,0608900,2018,25,2,15000_19999,2,married_couple,no_65_plus,18_34,19000,2,1
pums_ca_08900_00438,0608900,2018,14,2,35000_39999,2,married_couple,has_65_plus,35_64,38800,2,1
pums_ca_08900_00439,0608900,2018,34,4,40000_44999,3,other_male_householder,no_65_plus,35_64,41000,3,2
pums_ca_08900_00440,0608900,2018,14,2,50000_59999,4_plus,married_couple,no_65_plus,18_34,54500,4,1
pums_ca_08900_00441,0608900,2018,17,2,30000_34999,2,married_couple,has_65_plus,65_plus,34500,2,1
pums_ca_08900_00442,0608900,2018,25,1,lt_10000,1,nonfamily_not_living_alone,no_65_plus,18_34,2900,1,6
pums_ca_08900_00443,0608900,2018,17,2,50000_59999,2,married_couple,has_65_plus,65_plus,56000,2,1
pums_ca_08900_00444,0608900,2018,12,1,35000_39999,0,nonfamily_not_living_alone,has_65_plus,65_plus,37100,0,6
pums_ca_08900_00445,0608900,2018,4,2,60000_74999,3,married_couple,no_65_plus,35_64,74350,3,1
pums_ca_08900_00446,0608900,2018,8,2,35000_39999,2,married_couple,has_65_plus,65_plus,35000,2,1
pums_ca_08900_00447,0608900,2018,40,2,45000_49999,2,married_couple,no_65_plus,35_64,47000,2,1
pums_ca_08900_00448,0608900,2018,7,1,10000_14999,1,nonfamily_living_alone,has_65_plus,65_plus,12400,1,4
pums_ca_08900_00449,0608900,2018,14,1,40000_44999,4_plus,nonfamily_living_alone,no_65_plus,35_64,41800,6,4
pums_ca_08900_00450,0608900,2018,13,5,100000_124999,4_plus,other_female_householder,no_65_plus,35_64,120500,4,3
pums_ca_08900_00451,0608900,2018,30,2,75000_99999,2,married_couple,has_65_plus,65_plus,90000,2,1
pums_ca_08900_00452,0608900,2018,12,1,15000_19999,2,nonfamily_living_alone,no_65_plus,35_64,18600,2,4
pums_ca_08900_00453,0608900,2018,21,3,45000_49999,2,married_couple,no_65_plus,18_34,46000,2,1
pums_ca_08900_00454,0608900,2018,13,1,20000_24999,1,nonfamily_not_living_alone,has_65_plus,65_plus,21300,1,6
pums_ca_08900_00455,0608900,2018,21,1,45000_49999,2,nonfamily_not_living_alone,no_65_plus,35_64,45000,2,6
pums_ca_08900_00456,0608900,2018,20,2,125000_149999,2,married_couple,no_65_plus,35_64,147000,2,1
pums_ca_08900_00457,0608900,2018,14,1,40000_44999,1,nonfamily_living_alone,has_65_plus,65_plus,42400,1,4
pums_ca_08900_00458,0608900,2018,24,4,50000_59999,2,other_female_householder,has_65_plus,65_plus,57400,2,3
pums_ca_08900_00459,0608900,2018,48,1,15000_19999,0,nonfamily_living_alone,has_65_plus,65_plus,15600,0,4
pums_ca_08900_00460,0608900,2018,37,1,15000_19999,2,nonfamily_living_alone,no_65_plus,35_64,17100,2,4
pums_ca_08900_00461,0608900,2018,21,2,75000_99999,2,married_couple,no_65_plus,35_64,81050,2,1
pums_ca_08900_00462,0608900,2018,14,1,10000_14999,0,nonfamily_living_alone,no_65_plus,35_64,10400,0,4
pums_ca_08900_00463,0608900,2018,18,2,20000_24999,1,nonfamily_living_alone,no_65_plus,18_34,20540,1,5
pums_ca_08900_00464,0608900,2018,15,1,15000_19999,1,nonfamily_not_living_alone,has_65_plus,65_plus,16000,1,6
pums_ca_08900_00465,0608900,2018,12,3,60000_74999,4_plus,married_couple,has_65_plus,65_plus,60001,5,1
pums_ca_08900_00466,0608900,2018,71,1,30000_34999,1,nonfamily_not_living_alone,no_65_plus,35_64,30000,1,6
pums_ca_08900_00467,0608900,2018,11,5,30000_34999,2,other_male_householder,no_65_plus,18_34,31000,2,2
pums_ca_08900_00468,0608900,2018,13,2,150000_199999,4_plus,married_couple,has_65_plus,65_plus,174000,4,1
pums_ca_08900_00469,0608900,2018,15,1,35000_39999,1,nonfamily_not_living_alone,no_65_plus,35_64,35900,1,6
pums_ca_08900_00470,0608900,2018,20,1,45000_49999,1,nonfamily_not_living_alone,has_65_plus,65_plus,45980,1,6
pums_ca_08900_00471,0608900,2018,5,2,25000_29999,1,other_male_householder,has_65_plus,35_64,25200,1,2
pums_ca_08900_00472,0608900,2018,8,2,45000_49999,2,nonfamily_living_alone,has_65_plus,65_plus,49800,2,5
pums_ca_08900_00473,0608900,2018,23,4,40000_44999,2,other_female_householder,no_65_plus,18_34,43000,2,3
pums_ca_08900_00474,0608900,2018,2,2,30000_34999,1,married_couple,no_65_plus,35_64,31000,1,1
pums_ca_08900_00475,0608900,2018,14,2,35000_39999,1,married_couple,has_65_plus,65_plus,37500,1,1
pums_ca_08900_00476,0608900,2018,8,3,75000_99999,3,other_female_householder,has_65_plus,65_plus,80600,3,3
pums_ca_08900_00477,0608900,2018,7,2,75000_99999,2,married_couple,no_65_plus,35_64,85500,2,1
pums_ca_08900_00478,0608900,2018,5,2,125000_149999,4_plus,married_couple,no_65_plus,35_64,145000,5,1
pums_ca_08900_00479,0608900,2018,12,2,150000_199999,2,married_couple,no_65_plus,35_64,165000,2,1
pums_ca_08900_00480,0608900,2018,6,4,125000_149999,4_plus,married_couple,no_65_plus,35_64,125420,4,1
pums_ca_08900_00481,0608900,2018,7,2,40000_44999,1,married_couple,has_65_plus,65_plus,41100,1,1
pums_ca_08900_00482,0608900,2018,2,7,45000_49999,1,other_male_householder,no_65_plus,35_64,45100,1,2
pums_ca_08900_00483,0608900,2018,10,2,35000_39999,3,married_couple,no_65_plus,35_64,35000,3,1
pums_ca_08900_00484,0608900,2018,20,4,100000_124999,4_plus,married_couple,no_65_plus,35_64,123080,4,1
pums_ca_08900_00485,0608900,2018,14,2,45000_49999,2,married_couple,has_65_plus,65_plus,47100,2,1
pums_ca_08900_00486,0608900,2018,7,1,200000_plus,2,nonfamily_not_living_alone,has_65_plus,65_plus,277400,2,6
pums_ca_08900_00487,0608900,2018,5,3,60000_74999,3,married_couple,no_65_plus,35_64,70200,3,1
pums_ca_08900_00488,0608900,2018,10,3,35000_39999,2,married_couple,no_65_plus,35_64,39000,2,1
pums_ca_08900_00489,0608900,2018,9,2,200000_plus,3,married_couple,no_65_plus,35_64,200000,3,1
pums_ca_08900_00490,0608900,2018,20,1,15000_19999,1,nonfamily_living_alone,has_65_plus,65_plus,18400,1,4
pums_ca_08900_00491,0608900,2018,47,2,lt_10000,0,other_female_householder,no_65_plus,35_64,3600,0,3
pums_ca_08900_00492,0608900,2018,36,1,20000_24999,0,nonfamily_not_living_alone,has_65_plus,65_plus,23200,0,6
pums_ca_08900_00493,0608900,2018,26,4,150000_199999,3,married_couple,no_65_plus,35_64,156000,3,1
pums_ca_08900_00494,0608900,2018,4,2,100000_124999,3,married_couple,no_65_plus,35_64,100000,3,1
pums_ca_08900_00495,0608900,2018,13,2,150000_199999,2,other_male_householder,no_65_plus,35_64,175000,2,2
pums_ca_08900_00496,0608900,2018,24,2,100000_124999,2,married_couple,no_65_plus,35_64,112000,2,1
pums_ca_08900_00497,0608900,2018,11,2,75000_99999,2,married_couple,no_65_plus,35_64,78000,2,1
pums_ca_08900_00498,0608900,2018,10,1,15000_19999,2,nonfamily_living_alone,has_65_plus,65_plus,18800,2,4
pums_ca_08900_00499,0608900,2018,7,2,45000_49999,3,married_couple,has_65_plus,65_plus,45000,3,1
pums_ca_08900_00500,0608900,2018,13,2,50000_59999,1,married_couple,has_65_plus,65_plus,58100,1,1
pums_ca_08900_00501,0608900,2018,7,4,100000_124999,2,married_couple,no_65_plus,35_64,122000,2,1
pums_ca_08900_00502,0608900,2018,13,5,75000_99999,3,other_male_householder,has_65_plus,65_plus,87800,3,2
pums_ca_08900_00503,0608900,2018,22,1,15000_19999,1,nonfamily_living_alone,has_65_plus,65_plus,15600,1,4
pums_ca_08900_00504,0608900,2018,14,2,15000_19999,2,married_couple,no_65_plus,18_34,17000,2,1
pums_ca_08900_00505,0608900,2018,39,2,50000_59999,2,married_couple,has_65_plus,65_plus,59400,2,1
pums_ca_08900_00506,0608900,2018,14,1,25000_29999,1,nonfamily_not_living_alone,no_65_plus,35_64,25000,1,6
pums_ca_08900_00507,0608900,2018,12,2,60000_74999,2,married_couple,has_65_plus,65_plus,61360,2,1
pums_ca_08900_00508,0608900,2018,12,1,15000_19999,1,nonfamily_not_living_alone,no_65_plus,35_64,16800,1,6
pums_ca_08900_00509,0608900,2018,13,1,30000_34999,1,nonfamily_living_alone,has_65_plus,65_plus,34900,1,4
pums_ca_08900_00510,0608900,2018,6,5,25000_29999,1,other_female_householder,no_65_plus,35_64,25500,1,3
pums_ca_08900_00511,0608900,2018,11,1,50000_59999,2,nonfamily_not_living_alone,has_65_plus,65_plus,52200,2,6
pums_ca_08900_00512,0608900,2018,20,2,125000_149999,2,married_couple,no_65_plus,35_64,143000,2,1
pums_ca_08900_00513,0608900,2018,11,2,75000_99999,1,married_couple,no_65_plus,35_64,84800,1,1
pums_ca_08900_00514,0608900,2018,13,3,25000_29999,1,other_female_householder,no_65_plus,35_64,25000,1,3
pums_ca_08900_00515,0608900,2018,35,1,lt_10000,0,nonfamily_living_alone,no_65_plus,35_64,9000,0,4
pums_ca_08900_00516,0608900,2018,18,1,lt_10000,2,nonfamily_not_living_alone,no_65_plus,35_64,5500,2,6
pums_ca_08900_00517,0608900,2018,15,1,50000_59999,1,nonfamily_not_living_alone,has_65_plus,65_plus,57700,1,6
pums_ca_08900_00518,0608900,2018,5,5,lt_10000,3,married_couple,no_65_plus,18_34,8500,3,1
pums_ca_08900_00519,0608900,2018,36,2,40000_44999,1,nonfamily_not_living_alone,no_65_plus,18_34,43800,1,7
pums_ca_08900_00520,0608900,2018,15,2,60000_74999,1,married_couple,no_65_plus,18_34,63300,1,1
pums_ca_08900_00521,0608900,2018,15,1,35000_39999,0,nonfamily_not_living_alone,has_65_plus,65_plus,39000,0,6
pums_ca_08900_00522,0608900,2018,13,3,60000_74999,2,married_couple,no_65_plus,35_64,71700,2,1
pums_ca_08900_00523,0608900,2018,11,5,lt_10000,3,other_male_householder,no_65_plus,18_34,8000,3,2
pums_ca_08900_00524,0608900,2018,13,2,60000_74999,2,married_couple,has_65_plus,65_plus,68200,2,1
pums_ca_08900_00525,0608900,2018,12,2,125000_149999,2,married_couple,no_65_plus,35_64,135100,2,1
pums_ca_08900_00526,0608900,2018,10,1,75000_99999,1,nonfamily_not_living_alone,no_65_plus,35_64,92000,1,6
pums_ca_08900_00527,0608900,2018,9,1,45000_49999,2,nonfamily_not_living_alone,no_65_plus,35_64,48000,2,6
pums_ca_08900_00528,0608900,2018,21,3,50000_59999,2,married_couple,no_65_plus,18_34,51000,2,1
pums_ca_08900_00529,0608900,2018,24,4,10000_14999,1,other_female_householder,no_65_plus,35_64,10700,1,3
pums_ca_08900_00530,0608900,2018,14,2,60000_74999,2,married_couple,has_65_plus,65_plus,69400,2,1
pums_ca_08900_00531,0608900,2018,11,5,75000_99999,3,married_couple,has_65_plus,65_plus,81800,3,1
pums_ca_08900_00532,0608900,2018,12,2,75000_99999,3,married_couple,has_65_plus,65_plus,78000,3,1
pums_ca_08900_00533,0608900,2018,14,3,75000_99999,3,other_male_householder,no_65_plus,35_64,80500,3,2
pums_ca_08900_00534,0608900,2018,7,2,40000_44999,2,married_couple,no_65_plus,35_64,44300,2,1
pums_ca_08900_00535,0608900,2018,17,3,25000_29999,2,other_male_householder,has_65_plus,65_plus,25000,2,2
pums_ca_08900_00536,0608900,2018,11,2,30000_34999,1,nonfamily_living_alone,has_65_plus,65_plus,32100,1,5
pums_ca_08900_00537,0608900,2018,18,2,75000_99999,3,married_couple,no_65_plus,35_64,84000,3,1
pums_ca_08900_00538,0608900,2018,13,3,45000_49999,1,other_male_householder,no_65_plus,35_64,48320,1,2
pums_ca_08900_00539,0608900,2018,12,1,lt_10000,1,nonfamily_not_living_alone,no_65_plus,35_64,9200,1,6
pums_ca_08900_00540,0608900,2018,25,2,15000_19999,2,other_male_householder,no_65_plus,35_64,19800,2,2
pums_ca_08900_00541,0608900,2018,7,3,200000_plus,2,married_couple,no_65_plus,35_64,482110,2,1
pums_ca_08900_00542,0608900,2018,22,1,60000_74999,1,nonfamily_living_alone,no_65_plus,35_64,68000,1,4
pums_ca_08900_00543,0608900,2018,19,2,10000_14999,3,other_male_householder,has_65_plus,65_plus,14800,3,2
pums_ca_08900_00544,0608900,2018,12,1,75000_99999,3,nonfamily_not_living_alone,no_65_plus,35_64,96000,3,6
pums_ca_08900_00545,0608900,2018,13,2,50000_59999,2,married_couple,no_65_plus,35_64,54940,2,1
pums_ca_08900_00546,0608900,2018,12,4,45000_49999,2,married_couple,no_65_plus,35_64,45000,2,1
pums_ca_08900_00547,0608900,2018,4,1,10000_14999,1,nonfamily_living_alone,no_65_plus,35_64,10700,1,4
pums_ca_08900_00548,0608900,2018,12,2,75000_99999,2,married_couple,has_65_plus,35_64,98900,2,1
pums_ca_08900_00549,0608900,2018,6,2,100000_124999,2,married_couple,no_65_plus,35_64,104500,2,1
pums_ca_08900_00550,0608900,2018,19,2,60000_74999,1,nonfamily_not_living_alone,no_65_plus,35_64,69500,1,7
pums_ca_08900_00551,0608900,2018,7,2,50000_59999,2,married_couple,no_65_plus,35_64,56000,2,1
pums_ca_08900_00552,0608900,2018,37,1,20000_24999,1,nonfamily_not_living_alone,has_65_plus,65_plus,21800,1,6
pums_ca_08900_00553,0608900,2018,6,5,150000_199999,3,married_couple,no_65_plus,35_64,156300,3,1
pums_ca_08900_00554,0608900,2018,8,3,60000_74999,3,married_couple,has_65_plus,65_plus,62000,3,1
pums_ca_08900_00555,0608900,2018,12,1,60000_74999,1,nonfamily_not_living_alone,no_65_plus,35_64,63300,1,6
pums_ca_08900_00556,0608900,2018,22,2,75000_99999,2,married_couple,no_65_plus,35_64,93700,2,1
pums_ca_08900_00557,0608900,2018,34,4,75000_99999,2,married_couple,no_65_plus,35_64,80800,2,1
pums_ca_08900_00558,0608900,2018,19,1,100000_124999,2,nonfamily_living_alone,has_65_plus,65_plus,113800,2,4
pums_ca_08900_00559,0608900,2018,10,5,75000_99999,2,married_couple,has_65_plus,35_64,94700,2,1
pums_ca_08900_00560,0608900,2018,22,4,40000_44999,2,married_couple,no_65_plus,18_34,40000,2,1
pums_ca_08900_00561,0608900,2018,20,1,10000_14999,0,nonfamily_living_alone,no_65_plus,35_64,12900,0,4
pums_ca_08900_00562,0608900,2018,11,1,35000_39999,1,nonfamily_not_living_alone,has_65_plus,65_plus,36000,1,6
pums_ca_08900_00563,0608900,2018,4,1,10000_14999,2,nonfamily_not_living_alone,has_65_plus,65_plus,13900,2,6
pums_ca_08900_00564,0608900,2018,13,2,35000_39999,1,other_female_householder,no_65_plus,18_34,35000,1,3
pums_ca_08900_00565,0608900,2018,5,1,35000_39999,1,nonfamily_living_alone,no_65_plus,35_64,35000,1,4
pums_ca_08900_00566,0608900,2018,14,1,10000_14999,1,nonfamily_living_alone,no_65_plus,35_64,12000,1,4
pums_ca_08900_00567,0608900,2018,8,2,20000_24999,2,married_couple,no_65_plus,35_64,20200,2,1
pums_ca_08900_00568,0608900,2018,7,1,45000_49999,1,nonfamily_not_living_alone,has_65_plus,65_plus,48000,1,6
pums_ca_08900_00569,0608900,2018,31,4,35000_39999,1,married_couple,no_65_plus,18_34,39000,1,1
pums_ca_08900_00570,0608900,2018,20,2,60000_74999,1,married_couple,has_65_plus,65_plus,70210,1,1
pums_ca_08900_00571,0608900,2018,10,3,50000_59999,2,married_couple,no_65_plus,18_34,51000,2,1
pums_ca_08900_00572,0608900,2018,22,2,75000_99999,2,married_couple,no_65_plus,35_64,82500,2,1
pums_ca_08900_00573,0608900,2018,12,1,60000_74999,2,nonfamily_living_alone,has_65_plus,65_plus,64900,2,4
pums_ca_08900_00574,0608900,2018,11,2,10000_14999,2,married_couple,no_65_plus,35_64,11000,2,1
pums_ca_08900_00575,0608900,2018,11,3,60000_74999,4_plus,other_female_householder,has_65_plus,65_plus,70900,4,3
pums_ca_08900_00576,0608900,2018,22,2,30000_34999,2,nonfamily_not_living_alone,has_65_plus,65_plus,34300,2,7
pums_ca_08900_00577,0608900,2018,40,3,50000_59999,2,married_couple,no_65_plus,35_64,54310,2,1
pums_ca_08900_00578,0608900,2018,19,2,60000_74999,2,married_couple,has_65_plus,65_plus,70200,2,1
pums_ca_08900_00579,0608900,2018,13,1,10000_14999,1,nonfamily_not_living_alone,has_65_plus,65_plus,11400,1,6
pums_ca_08900_00580,0608900,2018,7,2,45000_49999,1,married_couple,has_65_plus,65_plus,48650,1,1
pums_ca_08900_00581,0608900,2018,12,1,45000_49999,1,nonfamily_not_living_alone,no_65_plus,18_34,45700,1,6
pums_ca_08900_00582,0608900,2018,8,2,75000_99999,2,married_couple,has_65_plus,65_plus,89400,2,1
pums_ca_08900_00583,0608900,2018,38,4,100000_124999,2,married_couple,no_65_plus,18_34,105000,2,1
pums_ca_08900_00584,0608900,2018,16,6,75000_99999,2,married_couple,no_65_plus,35_64,84660,2,1
pums_ca_08900_00585,0608900,2018,2,1,35000_39999,1,nonfamily_not_living_alone,no_65_plus,35_64,35000,1,6
pums_ca_08900_00586,0608900,2018,14,4,125000_149999,2,married_couple,no_65_plus,18_34,130000,2,1
pums_ca_08900_00587,0608900,2018,15,2,25000_29999,2,married_couple,no_65_plus,35_64,27400,2,1
pums_ca_08900_00588,0608900,2018,12,1,15000_19999,1,nonfamily_living_alone,no_65_plus,35_64,16700,1,4
pums_ca_08900_00589,0608900,2018,8,2,25000_29999,2,nonfamily_not_living_alone,has_65_plus,65_plus,25900,2,7
pums_ca_08900_00590,0608900,2018,9,2,75000_99999,1,married_couple,no_65_plus,35_64,81400,1,1
pums_ca_08900_00591,0608900,2018,21,1,50000_59999,2,nonfamily_not_living_alone,has_65_plus,65_plus,52000,2,6
pums_ca_08900_00592,0608900,2018,7,1,15000_19999,0,nonfamily_not_living_alone,has_65_plus,65_plus,16800,0,6
pums_ca_08900_00593,0608900,2018,8,1,20000_24999,0,nonfamily_not_living_alone,no_65_plus,35_64,23700,0,6
pums_ca_08900_00594,0608900,2018,7,2,lt_10000,3,married_couple,no_65_plus,35_64,9850,3,1
pums_ca_08900_00595,0608900,2018,19,2,200000_plus,3,married_couple,has_65_plus,65_plus,223500,3,1
pums_ca_08900_00596,0608900,2018,14,3,60000_74999,3,married_couple,no_65_plus,35_64,72000,3,1
pums_ca_08900_00597,0608900,2018,4,2,45000_49999,2,married_couple,has_65_plus,65_plus,48900,2,1
pums_ca_08900_00598,0608900,2018,16,3,75000_99999,4_plus,married_couple,no_65_plus,35_64,88600,5,1
pums_ca_08900_00599,0608900,2018,12,1,10000_14999,1,nonfamily_not_living_alone,has_65_plus,65_plus,14400,1,6
pums_ca_08900_00600,0608900,2018,19,2,60000_74999,2,married_couple,has_65_plus,65_plus,71500,2,1
pums_ca_08900_00601,0608900,2018,8,1,10000_14999,2,nonfamily_not_living_alone,no_65_plus,35_64,12000,2,6
pums_ca_08900_00602,0608900,2018,38,3,100000_124999,4_plus,married_couple,no_65_plus,35_64,109200,4,1
pums_ca_08900_00603,0608900,2018,12,2,50000_59999,2,married_couple,has_65_plus,65_plus,56600,2,1
pums_ca_08900_00604,0608900,2018,31,1,lt_10000,1,nonfamily_living_alone,no_65_plus,18_34,0,1,4
pums_ca_08900_00605,0608900,2018,28,1,10000_14999,1,nonfamily_living_alone,no_65_plus,18_34,12000,1,4
pums_ca_08900_00606,0608900,2018,12,2,15000_19999,1,other_male_householder,has_65_plus,65_plus,18000,1,2
pums_ca_08900_00607,0608900,2018,11,3,10000_14999,0,other_female_householder,no_65_plus,35_64,11200,0,3
pums_ca_08900_00608,0608900,2018,3,1,15000_19999,4_plus,nonfamily_living_alone,no_65_plus,35_64,18200,4,4
pums_ca_08900_00609,0608900,2018,39,1,lt_10000,1,nonfamily_living_alone,no_65_plus,35_64,7200,1,4
pums_ca_08900_00610,0608900,2018,39,2,30000_34999,2,married_couple,has_65_plus,35_64,33950,2,1
pums_ca_08900_00611,0608900,2018,16,3,15000_19999,4_plus,married_couple,no_65_plus,35_64,15000,4,1
pums_ca_08900_00612,0608900,2018,5,4,50000_59999,2,married_couple,no_65_plus,18_34,59000,2,1
pums_ca_08900_00613,0608900,2018,20,2,45000_49999,1,other_male_householder,no_65_plus,35_64,45300,1,2
pums_ca_08900_00614,0608900,2018,13,5,200000_plus,2,married_couple,no_65_plus,35_64,380600,2,1
pums_ca_08900_00615,0608900,2018,40,1,lt_10000,0,nonfamily_living_alone,no_65_plus,35_64,4800,0,4
pums_ca_08900_00616,0608900,2018,15,5,75000_99999,2,married_couple,no_65_plus,35_64,83350,2,1
pums_ca_08900_00617,0608900,2018,24,2,20000_24999,2,other_female_householder,has_65_plus,65_plus,20300,2,3
pums_ca_08900_00618,0608900,2018,50,4,40000_44999,2,married_couple,no_65_plus,35_64,43000,2,1
pums_ca_08900_00619,0608900,2018,9,1,40000_44999,2,nonfamily_not_living_alone,has_65_plus,65_plus,44600,2,6
pums_ca_08900_00620,0608900,2018,18,2,20000_24999,2,other_female_householder,no_65_plus,35_64,21004,2,3
pums_ca_08900_00621,0608900,2018,5,1,10000_14999,0,nonfamily_living_alone,no_65_plus,18_34,12000,0,4
pums_ca_08900_00622,0608900,2018,13,3,75000_99999,2,married_couple,no_65_plus,35_64,95500,2,1
pums_ca_08900_00623,0608900,2018,7,1,15000_19999,1,nonfamily_living_alone,has_65_plus,65_plus,19500,1,4
pums_ca_08900_00624,0608900,2018,22,1,10000_14999,0,nonfamily_living_alone,no_65_plus,35_64,10500,0,4
pums_ca_08900_00625,0608900,2018,7,1,35000_39999,1,nonfamily_not_living_alone,has_65_plus,65_plus,37800,1,6
pums_ca_08900_00626,0608900,2018,18,1,200000_plus,1,nonfamily_not_living_alone,has_65_plus,65_plus,476000,1,6
pums_ca_08900_00627,0608900,2018,11,2,15000_19999,0,nonfamily_not_living_alone,no_65_plus,18_34,16700,0,7
pums_ca_08900_00628,0608900,2018,14,3,lt_10000,1,other_female_householder,no_65_plus,18_34,5200,1,3
pums_ca_08900_00629,0608900,2018,68,1,15000_19999,1,nonfamily_not_living_alone,no_65_plus,35_64,18000,1,6
pums_ca_08900_00630,0608900,2018,5,1,10000_14999,0,nonfamily_living_alone,no_65_plus,35_64,10600,0,4
pums_ca_08900_00631,0608900,2018,7,5,100000_124999,3,married_couple,has_65_plus,65_plus,102500,3,1
pums_ca_08900_00632,0608900,2018,10,2,60000_74999,1,married_couple,has_65_plus,65_plus,72300,1,1
pums_ca_08900_00633,0608900,2018,8,2,60000_74999,1,married_couple,has_65_plus,65_plus,70700,1,1
pums_ca_08900_00634,0608900,2018,4,2,20000_24999,2,married_couple,has_65_plus,35_64,21000,2,1
pums_ca_08900_00635,0608900,2018,14,2,100000_124999,3,married_couple,no_65_plus,35_64,115500,3,1
pums_ca_08900_00636,0608900,2018,12,2,100000_124999,3,married_couple,has_65_plus,65_plus,103800,3,1
pums_ca_08900_00637,0608900,2018,7,1,10000_14999,0,nonfamily_not_living_alone,has_65_plus,65_plus,14900,0,6
pums_ca_08900_00638,0608900,2018,14,3,75000_99999,3,married_couple,no_65_plus,35_64,98000,3,1
pums_ca_08900_00639,0608900,2018,23,3,125000_149999,2,married_couple,no_65_plus,35_64,125000,2,1
pums_ca_08900_00640,0608900,2018,9,5,40000_44999,4_plus,other_female_householder,has_65_plus,65_plus,41600,6,3
pums_ca_08900_00641,0608900,2018,9,2,125000_149999,4_plus,married_couple,has_65_plus,65_plus,131500,4,1
pums_ca_08900_00642,0608900,2018,12,1,10000_14999,1,nonfamily_not_living_alone,has_65_plus,65_plus,13800,1,6
pums_ca_08900_00643,0608900,2018,12,3,35000_39999,3,married_couple,has_65_plus,35_64,35800,3,1
pums_ca_08900_00644,0608900,2018,40,1,10000_14999,1,nonfamily_not_living_alone,no_65_plus,35_64,10400,1,6
pums_ca_08900_00645,0608900,2018,53,3,30000_34999,2,married_couple,no_65_plus,35_64,32500,2,1
pums_ca_08900_00646,0608900,2018,4,2,100000_124999,3,married_couple,has_65_plus,65_plus,100300,3,1
pums_ca_08900_00647,0608900,2018,7,3,60000_74999,2,married_couple,no_65_plus,35_64,63000,2,1
pums_ca_08900_00648,0608900,2018,40,5,10000_14999,1,married_couple,no_65_plus,18_34,13000,1,1
pums_ca_08900_00649,0608900,2018,12,2,40000_44999,1,married_couple,has_65_plus,65_plus,40000,1,1
pums_ca_08900_00650,0608900,2018,8,1,lt_10000,2,nonfamily_not_living_alone,no_65_plus,18_34,0,2,6
pums_ca_08900_00651,0608900,2018,2,3,125000_149999,2,married_couple,has_65_plus,65_plus,128900,2,1
pums_ca_08900_00652,0608900,2018,14,2,50000_59999,2,nonfamily_living_alone,no_65_plus,35_64,54000,2,5
pums_ca_08900_00653,0608900,2018,8,2,40000_44999,2,married_couple,no_65_plus,35_64,42900,2,1
pums_ca_08900_00654,0608900,2018,19,4,60000_74999,1,married_couple,no_65_plus,35_64,70000,1,1
pums_ca_08900_00655,0608900,2018,27,3,45000_49999,2,married_couple,has_65_plus,65_plus,47000,2,1
pums_ca_08900_00656,0608900,2018,9,5,50000_59999,2,married_couple,has_65_plus,35_64,59200,2,1
pums_ca_08900_00657,0608900,2018,22,2,30000_34999,3,married_couple,no_65_plus,35_64,34000,3,1
pums_ca_08900_00658,0608900,2018,9,1,35000_39999,2,nonfamily_not_living_alone,no_65_plus,35_64,39500,2,6
pums_ca_08900_00659,0608900,2018,7,1,lt_10000,0,nonfamily_living_alone,no_65_plus,35_64,4700,0,4
pums_ca_08900_00660,0608900,2018,13,1,60000_74999,1,nonfamily_not_living_alone,has_65_plus,65_plus,67000,1,6
pums_ca_08900_00661,0608900,2018,5,2,125000_149999,4_plus,married_couple,has_65_plus,65_plus,127210,5,1
pums_ca_08900_00662,0608900,2018,11,1,100000_124999,1,nonfamily_living_alone,no_65_plus,35_64,100200,1,4
pums_ca_08900_00663,0608900,2018,5,4,100000_124999,4_plus,married_couple,no_65_plus,35_64,117000,4,1
pums_ca_08900_00664,0608900,2018,19,2,45000_49999,4_plus,married_couple,has_65_plus,65_plus,46700,4,1
pums_ca_08900_00665,0608900,2018,12,2,60000_74999,2,married_couple,no_65_plus,35_64,60000,2,1
pums_ca_08900_00666,0608900,2018,15,2,60000_74999,2,married_couple,no_65_plus,35_64,60800,2,1
pums_ca_08900_00667,0608900,2018,14,3,lt_10000,2,other_female_householder,no_65_plus,18_34,7300,2,3
pums_ca_08900_00668,0608900,2018,12,2,40000_44999,3,married_couple,has_65_plus,65_plus,43000,3,1
pums_ca_08900_00669,0608900,2018,38,2,60000_74999,2,married_couple,has_65_plus,65_plus,73600,2,1
pums_ca_08900_00670,0608900,2018,8,1,25000_29999,2,nonfamily_living_alone,has_65_plus,65_plus,26400,2,4
pums_ca_08900_00671,0608900,2018,9,3,75000_99999,0,other_male_householder,has_65_plus,65_plus,93200,0,2
pums_ca_08900_00672,0608900,2018,9,2,50000_59999,2,married_couple,no_65_plus,35_64,51000,2,1
pums_ca_08900_00673,0608900,2018,23,1,20000_24999,1,nonfamily_not_living_alone,no_65_plus,18_34,21000,1,6
pums_ca_08900_00674,0608900,2018,13,2,45000_49999,1,married_couple,no_65_plus,35_64,48000,1,1
pums_ca_08900_00675,0608900,2018,24,2,60000_74999,1,married_couple,no_65_plus,18_34,60000,1,1
pums_ca_08900_00676,0608900,2018,4,2,75000_99999,4_plus,married_couple,has_65_plus,65_plus,83000,4,1
pums_ca_08900_00677,0608900,2018,35,2,20000_24999,1,other_female_householder,no_65_plus,35_64,22000,1,3
pums_ca_08900_00678,0608900,2018,10,2,60000_74999,4_plus,married_couple,has_65_plus,65_plus,66000,4,1
pums_ca_08900_00679,0608900,2018,23,2,25000_29999,2,married_couple,no_65_plus,35_64,26600,2,1
pums_ca_08900_00680,0608900,2018,7,2,50000_59999,2,nonfamily_living_alone,no_65_plus,35_64,54200,2,5
pums_ca_08900_00681,0608900,2018,34,1,lt_10000,1,nonfamily_living_alone,has_65_plus,65_plus,9500,1,4
pums_ca_08900_00682,0608900,2018,12,2,10000_14999,1,other_female_householder,has_65_plus,65_plus,12600,1,3
pums_ca_08900_00683,0608900,2018,17,4,100000_124999,1,other_female_householder,no_65_plus,18_34,100000,1,3
pums_ca_08900_00684,0608900,2018,12,2,60000_74999,2,married_couple,has_65_plus,65_plus,64400,2,1
pums_ca_08900_00685,0608900,2018,12,2,60000_74999,1,married_couple,no_65_plus,35_64,66000,1,1
pums_ca_08900_00686,0608900,2018,12,2,30000_34999,2,other_female_householder,no_65_plus,35_64,30000,2,3
pums_ca_08900_00687,0608900,2018,37,5,45000_49999,2,married_couple,no_65_plus,18_34,46500,2,1
pums_ca_08900_00688,0608900,2018,8,2,75000_99999,2,married_couple,no_65_plus,35_64,77000,2,1
pums_ca_08900_00689,0608900,2018,8,4,25000_29999,0,married_couple,no_65_plus,18_34,28000,0,1
pums_ca_08900_00690,0608900,2018,8,3,100000_124999,4_plus,married_couple,no_65_plus,35_64,102600,4,1
pums_ca_08900_00691,0608900,2018,13,4,40000_44999,2,married_couple,has_65_plus,35_64,43800,2,1
pums_ca_08900_00692,0608900,2018,68,2,125000_149999,1,married_couple,no_65_plus,35_64,140000,1,1
pums_ca_08900_00693,0608900,2018,49,3,25000_29999,2,other_female_householder,no_65_plus,35_64,28000,2,3
pums_ca_08900_00694,0608900,2018,11,1,75000_99999,1,nonfamily_not_living_alone,no_65_plus,18_34,87300,1,6
pums_ca_08900_00695,0608900,2018,19,2,15000_19999,3,married_couple,has_65_plus,65_plus,16900,3,1
pums_ca_08900_00696,0608900,2018,18,1,30000_34999,1,nonfamily_not_living_alone,no_65_plus,35_64,30000,1,6
pums_ca_08900_00697,0608900,2018,13,1,45000_49999,1,nonfamily_living_alone,has_65_plus,65_plus,49700,1,4
pums_ca_08900_00698,0608900,2018,14,2,30000_34999,2,nonfamily_living_alone,no_65_plus,35_64,32000,2,5
pums_ca_08900_00699,0608900,2018,16,1,60000_74999,2,nonfamily_living_alone,has_65_plus,65_plus,61450,2,4
pums_ca_08900_00700,0608900,2018,13,2,75000_99999,2,nonfamily_not_living_alone,no_65_plus,18_34,93000,2,7
pums_ca_08900_00701,0608900,2018,12,3,25000_29999,0,other_male_householder,has_65_plus,65_plus,28200,0,2
pums_ca_08900_00702,0608900,2018,11,1,15000_19999,1,nonfamily_not_living_alone,has_65_plus,65_plus,15400,1,6
pums_ca_08900_00703,0608900,2018,9,1,40000_44999,1,nonfamily_living_alone,no_65_plus,35_64,40000,1,4
pums_ca_08900_00704,0608900,2018,11,2,125000_149999,3,married_couple,no_65_plus,35_64,130600,3,1
pums_ca_08900_00705,0608900,2018,12,4,50000_59999,2,married_couple,no_65_plus,18_34,51200,2,1
pums_ca_08900_00706,0608900,2018,29,2,45000_49999,1,other_male_householder,no_65_plus,18_34,45000,1,2
pums_ca_08900_00707,0608900,2018,14,2,60000_74999,2,married_couple,has_65_plus,35_64,65000,2,1
pums_ca_08900_00708,0608900,2018,13,1,50000_59999,2,nonfamily_living_alone,no_65_plus,35_64,57000,2,4
pums_ca_08900_00709,0608900,2018,12,2,45000_49999,2,married_couple,no_65_plus,35_64,46700,2,1
pums_ca_08900_00710,0608900,2018,9,1,10000_14999,1,nonfamily_not_living_alone,no_65_plus,35_64,12000,1,6
pums_ca_08900_00711,0608900,2018,13,5,50000_59999,3,other_male_householder,no_65_plus,35_64,56000,3,2
pums_ca_08900_00712,0608900,2018,14,1,10000_14999,1,nonfamily_living_alone,no_65_plus,35_64,10700,1,4
pums_ca_08900_00713,0608900,2018,40,2,15000_19999,2,nonfamily_living_alone,no_65_plus,35_64,18000,2,5
pums_ca_08900_00714,0608900,2018,24,1,10000_14999,0,nonfamily_not_living_alone,has_65_plus,65_plus,14600,0,6
pums_ca_08900_00715,0608900,2018,25,5,60000_74999,2,married_couple,no_65_plus,35_64,60000,2,1
pums_ca_08900_00716,0608900,2018,5,2,150000_199999,2,married_couple,no_65_plus,35_64,160400,2,1
pums_ca_08900_00717,0608900,2018,22,2,10000_14999,2,nonfamily_not_living_alone,no_65_plus,18_34,14300,2,7
pums_ca_08900_00718,0608900,2018,12,2,50000_59999,3,married_couple,no_65_plus,35_64,51100,3,1
pums_ca_08900_00719,0608900,2018,12,1,60000_74999,1,nonfamily_not_living_alone,has_65_plus,65_plus,71000,1,6
pums_ca_08900_00720,0608900,2018,7,2,150000_199999,3,married_couple,has_65_plus,35_64,195300,3,1
pums_ca_08900_00721,0608900,2018,8,4,125000_149999,2,married_couple,no_65_plus,35_64,125200,2,1
pums_ca_08900_00722,0608900,2018,4,8,75000_99999,4_plus,married_couple,no_65_plus,35_64,85000,5,1
pums_ca_08900_00723,0608900,2018,13,1,lt_10000,0,nonfamily_not_living_alone,no_65_plus,35_64,1100,0,6
pums_ca_08900_00724,0608900,2018,9,6,100000_124999,4_plus,married_couple,no_65_plus,35_64,112900,4,1
pums_ca_08900_00725,0608900,2018,13,2,45000_49999,2,other_female_householder,no_65_plus,35_64,47000,2,3
pums_ca_08900_00726,0608900,2018,13,2,75000_99999,2,married_couple,no_65_plus,18_34,84600,2,1
pums_ca_08900_00727,0608900,2018,19,5,30000_34999,2,married_couple,no_65_plus,18_34,30000,2,1
pums_ca_08900_00728,0608900,2018,11,2,50000_59999,2,married_couple,no_65_plus,18_34,52000,2,1
pums_ca_08900_00729,0608900,2018,12,2,35000_39999,2,married_couple,no_65_plus,18_34,38400,2,1
pums_ca_08900_00730,0608900,2018,14,6,150000_199999,4_plus,married_couple,no_65_plus,35_64,170101,6,1
pums_ca_08900_00731,0608900,2018,11,2,40000_44999,2,married_couple,has_65_plus,65_plus,42300,2,1
pums_ca_08900_00732,0608900,2018,6,1,30000_34999,1,nonfamily_not_living_alone,has_65_plus,65_plus,32360,1,6
pums_ca_08900_00733,0608900,2018,42,1,15000_19999,2,nonfamily_living_alone,no_65_plus,35_64,19800,2,4
pums_ca_08900_00734,0608900,2018,8,1,25000_29999,4_plus,nonfamily_living_alone,has_65_plus,65_plus,25100,4,4
pums_ca_08900_00735,0608900,2018,16,3,100000_124999,4_plus,married_couple,has_65_plus,65_plus,107100,4,1
pums_ca_08900_00736,0608900,2018,6,2,30000_34999,2,other_female_householder,has_65_plus,65_plus,30000,2,3
pums_ca_08900_00737,0608900,2018,2,3,20000_24999,2,other_female_householder,no_65_plus,35_64,21600,2,3
pums_ca_08900_00738,0608900,2018,12,2,75000_99999,2,married_couple,no_65_plus,35_64,89600,2,1
pums_ca_08900_00739,0608900,2018,12,1,20000_24999,1,nonfamily_not_living_alone,has_65_plus,65_plus,23300,1,6
pums_ca_08900_00740,0608900,2018,13,4,60000_74999,3,married_couple,no_65_plus,35_64,74000,3,1
pums_ca_08900_00741,0608900,2018,7,5,75000_99999,3,married_couple,has_65_plus,65_plus,80000,3,1
pums_ca_08900_00742,0608900,2018,12,1,15000_19999,0,nonfamily_not_living_alone,has_65_plus,65_plus,19000,0,6
pums_ca_08900_00743,0608900,2018,15,1,25000_29999,1,nonfamily_living_alone,no_65_plus,35_64,25000,1,4
pums_ca_08900_00744,0608900,2018,13,6,60000_74999,2,married_couple,has_65_plus,65_plus,71000,2,1
pums_ca_08900_00745,0608900,2018,24,5,50000_59999,3,married_couple,no_65_plus,35_64,59000,3,1
pums_ca_08900_00746,0608900,2018,34,2,40000_44999,1,nonfamily_living_alone,no_65_plus,18_34,40000,1,5
pums_ca_08900_00747,0608900,2018,7,2,75000_99999,3,married_couple,no_65_plus,35_64,95000,3,1
pums_ca_08900_00748,0608900,2018,37,1,20000_24999,1,nonfamily_living_alone,no_65_plus,35_64,20000,1,4
pums_ca_08900_00749,0608900,2018,16,4,60000_74999,3,married_couple,no_65_plus,35_64,68000,3,1
pums_ca_08900_00750,0608900,2018,25,5,75000_99999,3,married_couple,no_65_plus,18_34,78000,3,1
pums_ca_08900_00751,0608900,2018,13,1,20000_24999,4_plus,nonfamily_not_living_alone,has_65_plus,65_plus,20100,4,6
pums_ca_08900_00752,0608900,2018,20,1,lt_10000,2,nonfamily_not_living_alone,has_65_plus,65_plus,8400,2,6
pums_ca_08900_00753,0608900,2018,13,2,25000_29999,2,other_male_householder,no_65_plus,18_34,28000,2,2
pums_ca_08900_00754,0608900,2018,43,1,25000_29999,1,nonfamily_not_living_alone,no_65_plus,18_34,25000,1,6
pums_ca_08900_00755,0608900,2018,5,2,20000_24999,3,married_couple,has_65_plus,65_plus,24002,3,1
pums_ca_08900_00756,0608900,2018,12,3,35000_39999,1,married_couple,no_65_plus,35_64,38950,1,1
pums_ca_08900_00757,0608900,2018,21,2,75000_99999,3,married_couple,has_65_plus,65_plus,77000,3,1
pums_ca_08900_00758,0608900,2018,8,2,50000_59999,2,other_male_householder,has_65_plus,65_plus,58000,2,2
pums_ca_08900_00759,0608900,2018,23,2,50000_59999,2,nonfamily_living_alone,no_65_plus,18_34,51000,2,5
pums_ca_08900_00760,0608900,2018,13,1,lt_10000,0,nonfamily_not_living_alone,no_65_plus,35_64,0,0,6
pums_ca_08900_00761,0608900,2018,13,1,15000_19999,2,nonfamily_living_alone,no_65_plus,35_64,18000,2,4
pums_ca_08900_00762,0608900,2018,12,3,lt_10000,3,married_couple,has_65_plus,65_plus,8500,3,1
pums_ca_08900_00763,0608900,2018,9,1,15000_19999,1,nonfamily_not_living_alone,has_65_plus,65_plus,17300,1,6
pums_ca_08900_00764,0608900,2018,12,2,50000_59999,1,other_female_householder,has_65_plus,65_plus,54200,1,3
pums_ca_08900_00765,0608900,2018,64,2,60000_74999,3,married_couple,no_65_plus,35_64,65000,3,1
pums_ca_08900_00766,0608900,2018,8,2,40000_44999,1,married_couple,has_65_plus,65_plus,44500,1,1
pums_ca_08900_00767,0608900,2018,9,3,100000_124999,3,married_couple,has_65_plus,35_64,108700,3,1
pums_ca_08900_00768,0608900,2018,11,1,100000_124999,2,nonfamily_living_alone,no_65_plus,35_64,108500,2,4
pums_ca_08900_00769,0608900,2018,8,2,30000_34999,4_plus,nonfamily_living_alone,has_65_plus,65_plus,34600,5,5
pums_ca_08900_00770,0608900,2018,7,2,lt_10000,3,married_couple,no_65_plus,35_64,0,3,1
pums_ca_08900_00771,0608900,2018,14,5,75000_99999,4_plus,other_female_householder,no_65_plus,35_64,95200,6,3
pums_ca_08900_00772,0608900,2018,23,3,30000_34999,2,married_couple,has_65_plus,65_plus,33300,2,1
pums_ca_08900_00773,0608900,2018,18,1,75000_99999,2,nonfamily_not_living_alone,no_65_plus,35_64,80000,2,6
pums_ca_08900_00774,0608900,2018,34,1,15000_19999,1,nonfamily_living_alone,has_65_plus,65_plus,18000,1,4
pums_ca_08900_00775,0608900,2018,11,2,150000_199999,3,other_male_householder,has_65_plus,65_plus,171200,3,2
pums_ca_08900_00776,0608900,2018,17,2,60000_74999,3,married_couple,has_65_plus,65_plus,69000,3,1
pums_ca_08900_00777,0608900,2018,12,2,20000_24999,2,married_couple,no_65_plus,35_64,22100,2,1
pums_ca_08900_00778,0608900,2018,14,4,100000_124999,4_plus,other_female_householder,no_65_plus,35_64,100100,4,3
pums_ca_08900_00779,0608900,2018,38,1,100000_124999,2,nonfamily_living_alone,no_65_plus,35_64,108500,2,4
pums_ca_08900_00780,0608900,2018,20,2,20000_24999,2,married_couple,no_65_plus,35_64,20000,2,1
pums_ca_08900_00781,0608900,2018,12,1,20000_24999,2,nonfamily_not_living_alone,no_65_plus,35_64,24600,2,6
pums_ca_08900_00782,0608900,2018,8,2,125000_149999,2,nonfamily_living_alone,no_65_plus,35_64,131600,2,5
pums_ca_08900_00783,0608900,2018,11,1,lt_10000,0,nonfamily_living_alone,no_65_plus,18_34,0,0,4
pums_ca_08900_00784,0608900,2018,21,1,10000_14999,1,nonfamily_not_living_alone,no_65_plus,18_34,12000,1,6
pums_ca_08900_00785,0608900,2018,26,1,20000_24999,1,nonfamily_not_living_alone,no_65_plus,35_64,20100,1,6
pums_ca_08900_00786,0608900,2018,6,4,125000_149999,4_plus,married_couple,no_65_plus,35_64,139000,4,1
pums_ca_08900_00787,0608900,2018,20,1,75000_99999,2,nonfamily_living_alone,has_65_plus,65_plus,78400,2,4
pums_ca_08900_00788,0608900,2018,14,4,60000_74999,2,married_couple,no_65_plus,35_64,68900,2,1
pums_ca_08900_00789,0608900,2018,12,2,25000_29999,2,married_couple,has_65_plus,35_64,28000,2,1
pums_ca_08900_00790,0608900,2018,16,4,75000_99999,2,married_couple,no_65_plus,35_64,80000,2,1
pums_ca_08900_00791,0608900,2018,23,1,lt_10000,0,nonfamily_not_living_alone,has_65_plus,65_plus,4200,0,6
pums_ca_08900_00792,0608900,2018,8,6,100000_124999,2,married_couple,no_65_plus,18_34,100000,2,1
pums_ca_08900_00793,0608900,2018,12,2,20000_24999,1,other_female_householder,no_65_plus,35_64,22200,1,3
pums_ca_08900_00794,0608900,2018,22,2,30000_34999,2,married_couple,no_65_plus,35_64,31200,2,1
pums_ca_08900_00795,0608900,2018,14,1,10000_14999,1,nonfamily_not_living_alone,no_65_plus,35_64,11400,1,6
pums_ca_08900_00796,0608900,2018,13,2,20000_24999,2,married_couple,no_65_plus,35_64,22230,2,1
pums_ca_08900_00797,0608900,2018,16,2,50000_59999,1,nonfamily_living_alone,has_65_plus,65_plus,52400,1,5
pums_ca_08900_00798,0608900,2018,12,1,25000_29999,1,nonfamily_not_living_alone,no_65_plus,35_64,25000,1,6
pums_ca_08900_00799,0608900,2018,14,4,50000_59999,2,married_couple,has_65_plus,65_plus,54800,2,1
pums_ca_08900_00800,0608900,2018,9,1,10000_14999,0,nonfamily_not_living_alone,no_65_plus,35_64,10200,0,6
pums_ca_08900_00801,0608900,2018,12,1,lt_10000,1,nonfamily_living_alone,no_65_plus,35_64,2400,1,4
pums_ca_08900_00802,0608900,2018,12,1,50000_59999,1,nonfamily_not_living_alone,has_65_plus,65_plus,52200,1,6
pums_ca_08900_00803,0608900,2018,36,2,40000_44999,2,married_couple,no_65_plus,18_34,41000,2,1
pums_ca_08900_00804,0608900,2018,7,1,10000_14999,1,nonfamily_not_living_alone,has_65_plus,65_plus,11200,1,6
pums_ca_08900_00805,0608900,2018,6,3,75000_99999,2,other_female_householder,has_65_plus,65_plus,90500,2,3
pums_ca_08900_00806,0608900,2018,26,2,100000_124999,1,other_female_householder,no_65_plus,35_64,110000,1,3
pums_ca_08900_00807,0608900,2018,12,6,45000_49999,2,married_couple,no_65_plus,35_64,48600,2,1
pums_ca_08900_00808,0608900,2018,8,3,40000_44999,4_plus,married_couple,no_65_plus,35_64,44900,4,1
pums_ca_08900_00809,0608900,2018,21,2,60000_74999,1,other_female_householder,no_65_plus,35_64,66500,1,3
pums_ca_08900_00810,0608900,2018,12,1,25000_29999,1,nonfamily_living_alone,has_65_plus,65_plus,29620,1,4
pums_ca_08900_00811,0608900,2018,23,2,45000_49999,2,married_couple,has_65_plus,65_plus,47200,2,1
pums_ca_08900_00812,0608900,2018,10,2,15000_19999,1,married_couple,has_65_plus,65_plus,19000,1,1
pums_ca_08900_00813,0608900,2018,10,2,20000_24999,1,other_female_householder,has_65_plus,65_plus,22800,1,3
pums_ca_08900_00814,0608900,2018,4,1,20000_24999,1,nonfamily_not_living_alone,no_65_plus,35_64,24800,1,6
pums_ca_08900_00815,0608900,2018,7,2,100000_124999,3,married_couple,has_65_plus,65_plus,110200,3,1
pums_ca_08900_00816,0608900,2018,10,3,45000_49999,4_plus,other_female_householder,no_65_plus,35_64,47700,4,3
pums_ca_08900_00817,0608900,2018,12,2,10000_14999,1,nonfamily_not_living_alone,no_65_plus,35_64,10500,1,7
pums_ca_08900_00818,0608900,2018,25,5,lt_10000,1,married_couple,no_65_plus,35_64,8000,1,1
pums_ca_08900_00819,0608900,2018,8,1,30000_34999,2,nonfamily_living_alone,has_65_plus,65_plus,33600,2,4
pums_ca_08900_00820,0608900,2018,13,1,10000_14999,1,nonfamily_not_living_alone,no_65_plus,35_64,10200,1,6
pums_ca_08900_00821,0608900,2018,2,2,25000_29999,1,other_female_householder,has_65_plus,65_plus,28900,1,3
pums_ca_08900_00822,0608900,2018,7,2,75000_99999,2,married_couple,has_65_plus,65_plus,89900,2,1
pums_ca_08900_00823,0608900,2018,9,2,60000_74999,0,married_couple,has_65_plus,65_plus,67400,0,1
pums_ca_08900_00824,0608900,2018,12,1,lt_10000,1,nonfamily_not_living_alone,no_65_plus,35_64,300,1,6
pums_ca_08900_00825,0608900,2018,9,1,lt_10000,2,nonfamily_not_living_alone,has_65_plus,65_plus,6750,2,6
pums_ca_08900_00826,0608900,2018,14,1,30000_34999,2,nonfamily_living_alone,no_65_plus,35_64,30000,2,4
pums_ca_08900_00827,0608900,2018,12,1,10000_14999,0,nonfamily_not_living_alone,no_65_plus,35_64,10500,0,6
pums_ca_08900_00828,0608900,2018,39,3,20000_24999,1,other_male_householder,no_65_plus,35_64,20000,1,2
pums_ca_08900_00829,0608900,2018,13,2,60000_74999,2,married_couple,has_65_plus,65_plus,63900,2,1
pums_ca_08900_00830,0608900,2018,11,5,75000_99999,2,married_couple,no_65_plus,35_64,93260,2,1
pums_ca_08900_00831,0608900,2018,4,4,200000_plus,0,married_couple,no_65_plus,35_64,294750,0,1
pums_ca_08900_00832,0608900,2018,7,5,150000_199999,4_plus,married_couple,has_65_plus,65_plus,174400,5,1
pums_ca_08900_00833,0608900,2018,8,1,60000_74999,1,nonfamily_living_alone,no_65_plus,35_64,61200,1,4
pums_ca_08900_00834,0608900,2018,7,1,10000_14999,1,nonfamily_living_alone,no_65_plus,18_34,10000,1,4
pums_ca_08900_00835,0608900,2018,13,7,50000_59999,1,other_female_householder,no_65_plus,35_64,54280,1,3
pums_ca_08900_00836,0608900,2018,31,3,30000_34999,3,other_male_householder,no_65_plus,18_34,31800,3,2
pums_ca_08900_00837,0608900,2018,4,3,200000_plus,4_plus,married_couple,no_65_plus,35_64,517000,4,1
pums_ca_08900_00838,0608900,2018,13,2,40000_44999,2,married_couple,has_65_plus,35_64,40300,2,1
pums_ca_08900_00839,0608900,2018,11,4,10000_14999,3,other_male_householder,no_65_plus,18_34,14600,3,2
pums_ca_08900_00840,0608900,2018,4,1,10000_14999,1,nonfamily_not_living_alone,no_65_plus,35_64,10500,1,6
pums_ca_08900_00841,0608900,2018,11,4,35000_39999,3,married_couple,no_65_plus,18_34,38600,3,1
pums_ca_08900_00842,0608900,2018,11,6,50000_59999,2,married_couple,no_65_plus,18_34,50000,2,1
pums_ca_08900_00843,0608900,2018,11,1,40000_44999,2,nonfamily_not_living_alone,has_65_plus,65_plus,40000,2,6
pums_ca_08900_00844,0608900,2018,14,2,100000_124999,3,married_couple,no_65_plus,35_64,119300,3,1
pums_ca_08900_00845,0608900,2018,8,2,30000_34999,3,other_male_householder,no_65_plus,35_64,31000,3,2
pums_ca_08900_00846,0608900,2018,14,2,200000_plus,3,married_couple,no_65_plus,35_64,213430,3,1
pums_ca_08900_00847,0608900,2018,11,3,50000_59999,0,married_couple,no_65_plus,35_64,52000,0,1
pums_ca_08900_00848,0608900,2018,8,2,25000_29999,2,other_male_householder,has_65_plus,65_plus,28800,2,2
pums_ca_08900_00849,0608900,2018,12,2,60000_74999,2,married_couple,no_65_plus,35_64,70000,2,1
pums_ca_08900_00850,0608900,2018,13,3,50000_59999,3,married_couple,no_65_plus,35_64,56000,3,1
pums_ca_08900_00851,0608900,2018,12,2,125000_149999,3,married_couple,has_65_plus,65_plus,145400,3,1
pums_ca_08900_00852,0608900,2018,13,2,50000_59999,4_plus,married_couple,no_65_plus,35_64,55300,4,1
pums_ca_08900_00853,0608900,2018,10,2,50000_59999,2,married_couple,has_65_plus,65_plus,59100,2,1
pums_ca_08900_00854,0608900,2018,7,2,125000_149999,2,married_couple,no_65_plus,35_64,125000,2,1
pums_ca_08900_00855,0608900,2018,7,6,200000_plus,4_plus,married_couple,has_65_plus,35_64,562350,5,1
pums_ca_08900_00856,0608900,2018,2,2,50000_59999,1,married_couple,has_65_plus,65_plus,53400,1,1
pums_ca_08900_00857,0608900,2018,7,3,150000_199999,3,other_male_householder,no_65_plus,35_64,150000,3,2
pums_ca_08900_00858,0608900,2018,7,5,75000_99999,4_plus,other_female_householder,has_65_plus,65_plus,81970,5,3
pums_ca_08900_00859,0608900,2018,5,1,20000_24999,1,nonfamily_not_living_alone,has_65_plus,65_plus,24000,1,6
pums_ca_08900_00860,0608900,2018,15,4,30000_34999,3,married_couple,no_65_plus,35_64,33000,3,1
pums_ca_08900_00861,0608900,2018,18,2,150000_199999,2,other_female_householder,no_65_plus,35_64,162000,2,3
pums_ca_08900_00862,0608900,2018,25,5,60000_74999,3,married_couple,no_65_plus,35_64,63000,3,1
pums_ca_08900_00863,0608900,2018,5,1,10000_14999,2,nonfamily_living_alone,has_65_plus,65_plus,10800,2,4
pums_ca_08900_00864,0608900,2018,22,3,75000_99999,1,other_female_householder,no_65_plus,35_64,93200,1,3
pums_ca_08900_00865,0608900,2018,41,5,45000_49999,2,other_female_householder,no_65_plus,35_64,45000,2,3
pums_ca_08900_00866,0608900,2018,11,1,50000_59999,0,nonfamily_not_living_alone,has_65_plus,65_plus,50000,0,6
pums_ca_08900_00867,0608900,2018,10,5,150000_199999,3,married_couple,has_65_plus,65_plus,192000,3,1
pums_ca_08900_00868,0608900,2018,8,2,50000_59999,2,married_couple,no_65_plus,35_64,51300,2,1
pums_ca_08900_00869,0608900,2018,8,2,60000_74999,2,married_couple,has_65_plus,65_plus,61000,2,1
pums_ca_08900_00870,0608900,2018,23,2,100000_124999,3,married_couple,has_65_plus,65_plus,122200,3,1
pums_ca_08900_00871,0608900,2018,4,1,100000_124999,1,nonfamily_not_living_alone,no_65_plus,35_64,107000,1,6
pums_ca_08900_00872,0608900,2018,14,2,60000_74999,3,married_couple,no_65_plus,35_64,64010,3,1
pums_ca_08900_00873,0608900,2018,17,2,100000_124999,3,nonfamily_living_alone,no_65_plus,35_64,115000,3,5
pums_ca_08900_00874,0608900,2018,16,2,35000_39999,2,married_couple,no_65_plus,18_34,35900,2,1
pums_ca_08900_00875,0608900,2018,17,1,10000_14999,2,nonfamily_not_living_alone,has_65_plus,65_plus,13800,2,6
pums_ca_08900_00876,0608900,2018,61,4,10000_14999,1,other_female_householder,no_65_plus,18_34,10350,1,3
pums_ca_08900_00877,0608900,2018,6,1,75000_99999,2,nonfamily_living_alone,no_65_plus,35_64,99000,2,4
pums_ca_08900_00878,0608900,2018,20,4,60000_74999,2,married_couple,no_65_plus,18_34,65140,2,1
pums_ca_08900_00879,0608900,2018,25,2,35000_39999,2,married_couple,no_65_plus,35_64,36000,2,1
pums_ca_08900_00880,0608900,2018,16,6,15000_19999,3,other_male_householder,no_65_plus,35_64,18940,3,2
pums_ca_08900_00881,0608900,2018,4,3,60000_74999,4_plus,married_couple,no_65_plus,35_64,70600,4,1
pums_ca_08900_00882,0608900,2018,2,5,150000_199999,4_plus,married_couple,has_65_plus,35_64,198700,4,1
pums_ca_08900_00883,0608900,2018,11,1,10000_14999,0,nonfamily_not_living_alone,no_65_plus,35_64,13000,0,6
pums_ca_08900_00884,0608900,2018,33,2,60000_74999,1,married_couple,has_65_plus,65_plus,65600,1,1
pums_ca_08900_00885,0608900,2018,12,5,50000_59999,2,married_couple,no_65_plus,18_34,54500,2,1
pums_ca_08900_00886,0608900,2018,19,3,75000_99999,2,married_couple,no_65_plus,18_34,91001,2,1
pums_ca_08900_00887,0608900,2018,14,3,60000_74999,2,nonfamily_not_living_alone,no_65_plus,35_64,63600,2,7
pums_ca_08900_00888,0608900,2018,30,2,25000_29999,1,other_female_householder,no_65_plus,18_34,25000,1,3
pums_ca_08900_00889,0608900,2018,41,2,50000_59999,2,married_couple,no_65_plus,35_64,50000,2,1
pums_ca_08900_00890,0608900,2018,10,1,lt_10000,2,nonfamily_living_alone,no_65_plus,35_64,8000,2,4
pums_ca_08900_00891,0608900,2018,8,1,10000_14999,4_plus,nonfamily_not_living_alone,no_65_plus,35_64,12900,4,6
pums_ca_08900_00892,0608900,2018,20,4,20000_24999,0,other_female_householder,no_65_plus,35_64,21300,0,3
pums_ca_08900_00893,0608900,2018,8,2,25000_29999,2,other_male_householder,no_65_plus,18_34,27000,2,2
pums_ca_08900_00894,0608900,2018,18,1,30000_34999,1,nonfamily_not_living_alone,has_65_plus,65_plus,30000,1,6
pums_ca_08900_00895,0608900,2018,17,2,15000_19999,1,other_female_householder,no_65_plus,35_64,18000,1,3
pums_ca_08900_00896,0608900,2018,34,2,100000_124999,4_plus,married_couple,no_65_plus,35_64,105000,5,1
pums_ca_08900_00897,0608900,2018,11,2,125000_149999,3,married_couple,no_65_plus,35_64,147000,3,1
pums_ca_08900_00898,0608900,2018,47,4,20000_24999,1,other_female_householder,no_65_plus,18_34,21000,1,3
pums_ca_08900_00899,0608900,2018,17,2,75000_99999,1,other_male_householder,no_65_plus,18_34,76900,1,2
pums_ca_08900_00900,0608900,2018,7,2,40000_44999,3,married_couple,has_65_plus,65_plus,43030,3,1
pums_ca_08900_00901,0608900,2018,4,1,lt_10000,1,nonfamily_not_living_alone,has_65_plus,65_plus,9900,1,6
pums_ca_08900_00902,0608900,2018,13,3,15000_19999,1,other_female_householder,no_65_plus,35_64,15440,1,3
pums_ca_08900_00903,0608900,2018,18,1,25000_29999,2,nonfamily_living_alone,has_65_plus,65_plus,27700,2,4
pums_ca_08900_00904,0608900,2018,13,1,10000_14999,0,nonfamily_not_living_alone,no_65_plus,35_64,11700,0,6
pums_ca_08900_00905,0608900,2018,9,4,200000_plus,2,other_female_householder,no_65_plus,18_34,208000,2,3
pums_ca_08900_00906,0608900,2018,39,1,20000_24999,0,nonfamily_living_alone,no_65_plus,35_64,20000,0,4
pums_ca_08900_00907,0608900,2018,22,2,25000_29999,1,married_couple,has_65_plus,65_plus,25600,1,1
pums_ca_08900_00908,0608900,2018,35,3,35000_39999,2,other_male_householder,no_65_plus,18_34,35000,2,2
pums_ca_08900_00909,0608900,2018,5,2,40000_44999,4_plus,married_couple,no_65_plus,35_64,41830,6,1
pums_ca_08900_00910,0608900,2018,7,2,125000_149999,2,married_couple,no_65_plus,35_64,132000,2,1
pums_ca_08900_00911,0608900,2018,9,2,200000_plus,2,married_couple,has_65_plus,65_plus,204220,2,1
pums_ca_08900_00912,0608900,2018,7,1,10000_14999,1,nonfamily_living_alone,has_65_plus,65_plus,10800,1,4
pums_ca_08900_00913,0608900,2018,9,2,60000_74999,2,married_couple,has_65_plus,65_plus,71200,2,1
pums_ca_08900_00914,0608900,2018,16,1,15000_19999,1,nonfamily_living_alone,has_65_plus,65_plus,18700,1,4
pums_ca_08900_00915,0608900,2018,11,1,lt_10000,0,nonfamily_not_living_alone,has_65_plus,65_plus,7200,0,6
pums_ca_08900_00916,0608900,2018,19,3,20000_24999,2,other_male_householder,no_65_plus,35_64,24000,2,2
pums_ca_08900_00917,0608900,2018,25,1,15000_19999,1,nonfamily_not_living_alone,no_65_plus,18_34,18000,1,6
pums_ca_08900_00918,0608900,2018,12,2,75000_99999,2,married_couple,has_65_plus,35_64,76600,2,1
pums_ca_08900_00919,0608900,2018,10,6,125000_149999,2,married_couple,no_65_plus,35_64,146050,2,1
pums_ca_08900_00920,0608900,2018,47,1,lt_10000,0,nonfamily_not_living_alone,no_65_plus,35_64,3600,0,6
pums_ca_08900_00921,0608900,2018,4,2,45000_49999,3,married_couple,has_65_plus,65_plus,46700,3,1
pums_ca_08900_00922,0608900,2018,20,1,50000_59999,3,nonfamily_living_alone,no_65_plus,35_64,50000,3,4
pums_ca_08900_00923,0608900,2018,12,4,45000_49999,2,other_female_householder,no_65_plus,18_34,49200,2,3
pums_ca_08900_00924,0608900,2018,11,4,75000_99999,2,married_couple,no_65_plus,35_64,94000,2,1
pums_ca_08900_00925,0608900,2018,17,2,75000_99999,3,married_couple,has_65_plus,65_plus,85100,3,1
pums_ca_08900_00926,0608900,2018,2,1,10000_14999,0,nonfamily_not_living_alone,has_65_plus,65_plus,12300,0,6
pums_ca_08900_00927,0608900,2018,10,4,20000_24999,2,married_couple,no_65_plus,18_34,21400,2,1
pums_ca_08900_00928,0608900,2018,7,2,100000_124999,4_plus,married_couple,no_65_plus,35_64,102000,4,1
pums_ca_08900_00929,0608900,2018,2,2,40000_44999,1,other_female_householder,has_65_plus,65_plus,42500,1,3
pums_ca_08900_00930,0608900,2018,11,3,50000_59999,4_plus,nonfamily_not_living_alone,no_65_plus,18_34,51500,4,7
pums_ca_08900_00931,0608900,2018,4,1,lt_10000,3,nonfamily_not_living_alone,has_65_plus,65_plus,4300,3,6
pums_ca_08900_00932,0608900,2018,64,2,150000_199999,1,married_couple,no_65_plus,35_64,155000,1,1
pums_ca_08900_00933,0608900,2018,12,4,60000_74999,4_plus,married_couple,no_65_plus,35_64,72940,4,1
pums_ca_08900_00934,0608900,2018,11,1,lt_10000,0,nonfamily_not_living_alone,no_65_plus,18_34,6100,0,6
pums_ca_08900_00935,0608900,2018,13,1,lt_10000,1,nonfamily_not_living_alone,no_65_plus,35_64,1700,1,6
pums_ca_08900_00936,0608900,2018,6,2,75000_99999,2,married_couple,has_65_plus,65_plus,79700,2,1
pums_ca_08900_00937,0608900,2018,12,1,35000_39999,1,nonfamily_living_alone,no_65_plus,35_64,37500,1,4
pums_ca_08900_00938,0608900,2018,13,2,30000_34999,1,married_couple,no_65_plus,35_64,32000,1,1
pums_ca_08900_00939,0608900,2018,10,2,150000_199999,1,married_couple,has_65_plus,65_plus,168600,1,1
pums_ca_08900_00940,0608900,2018,4,3,100000_124999,2,married_couple,no_65_plus,35_64,110000,2,1
pums_ca_08900_00941,0608900,2018,30,4,60000_74999,1,married_couple,no_65_plus,18_34,63000,1,1
pums_ca_08900_00942,0608900,2018,23,2,60000_74999,2,married_couple,has_65_plus,65_plus,72400,2,1
pums_ca_08900_00943,0608900,2018,11,2,150000_199999,2,nonfamily_living_alone,no_65_plus,35_64,160000,2,5
pums_ca_08900_00944,0608900,2018,15,2,200000_plus,2,married_couple,no_65_plus,35_64,220000,2,1
pums_ca_08900_00945,0608900,2018,25,1,10000_14999,2,nonfamily_not_living_alone,has_65_plus,65_plus,13000,2,6
pums_ca_08900_00946,0608900,2018,21,6,40000_44999,0,married_couple,no_65_plus,18_34,43200,0,1
pums_ca_08900_00947,0608900,2018,5,2,lt_10000,3,married_couple,no_65_plus,35_64,9200,3,1
pums_ca_08900_00948,0608900,2018,11,2,50000_59999,2,married_couple,has_65_plus,65_plus,55000,2,1
pums_ca_08900_00949,0608900,2018,7,2,75000_99999,2,married_couple,no_65_plus,35_64,97000,2,1
pums_ca_08900_00950,0608900,2018,14,3,20000_24999,2,other_female_householder,no_65_plus,35_64,21400,2,3
pums_ca_08900_00951,0608900,2018,13,1,25000_29999,1,nonfamily_not_living_alone,has_65_plus,65_plus,27900,1,6
pums_ca_08900_00952,0608900,2018,9,5,10000_14999,1,other_female_householder,no_65_plus,18_34,10800,1,3
pums_ca_08900_00953,0608900,2018,4,1,50000_59999,1,nonfamily_living_alone,has_65_plus,65_plus,58150,1,4
pums_ca_08900_00954,0608900,2018,16,1,75000_99999,1,nonfamily_not_living_alone,no_65_plus,35_64,90000,1,6
pums_ca_08900_00955,0608900,2018,14,4,100000_124999,4_plus,married_couple,no_65_plus,18_34,106000,4,1
pums_ca_08900_00956,0608900,2018,7,4,75000_99999,2,married_couple,no_65_plus,35_64,75000,2,1
pums_ca_08900_00957,0608900,2018,6,6,200000_plus,2,married_couple,no_65_plus,35_64,483000,2,1
pums_ca_08900_00958,0608900,2018,8,1,75000_99999,1,nonfamily_not_living_alone,no_65_plus,35_64,75000,1,6
pums_ca_08900_00959,0608900,2018,36,1,20000_24999,1,nonfamily_living_alone,has_65_plus,65_plus,20400,1,4
pums_ca_08900_00960,0608900,2018,29,2,75000_99999,3,married_couple,has_65_plus,65_plus,96000,3,1
pums_ca_08900_00961,0608900,2018,12,1,35000_39999,1,nonfamily_not_living_alone,no_65_plus,35_64,36000,1,6
pums_ca_08900_00962,0608900,2018,8,2,200000_plus,1,married_couple,has_65_plus,65_plus,217000,1,1
pums_ca_08900_00963,0608900,2018,19,2,25000_29999,2,other_male_householder,no_65_plus,35_64,26000,2,2
pums_ca_08900_00964,0608900,2018,13,2,30000_34999,2,married_couple,has_65_plus,35_64,31800,2,1
pums_ca_08900_00965,0608900,2018,37,1,20000_24999,2,nonfamily_not_living_alone,no_65_plus,35_64,20000,2,6
pums_ca_08900_00966,0608900,2018,13,3,20000_24999,1,married_couple,has_65_plus,65_plus,23700,1,1
pums_ca_08900_00967,0608900,2018,43,3,30000_34999,0,married_couple,has_65_plus,65_plus,32000,0,1
pums_ca_08900_00968,0608900,2018,8,2,100000_124999,2,married_couple,no_65_plus,35_64,123000,2,1
pums_ca_08900_00969,0608900,2018,10,2,150000_199999,3,married_couple,no_65_plus,35_64,165200,3,1
pums_ca_08900_00970,0608900,2018,18,2,15000_19999,0,other_female_householder,has_65_plus,65_plus,19000,0,3
pums_ca_08900_00971,0608900,2018,6,2,60000_74999,2,married_couple,no_65_plus,35_64,68400,2,1
pums_ca_08900_00972,0608900,2018,11,1,20000_24999,0,nonfamily_not_living_alone,has_65_plus,65_plus,21100,0,6
pums_ca_08900_00973,0608900,2018,5,2,100000_124999,2,married_couple,no_65_plus,35_64,107400,2,1
pums_ca_08900_00974,0608900,2018,11,1,50000_59999,1,nonfamily_not_living_alone,has_65_plus,65_plus,56000,1,6
pums_ca_08900_00975,0608900,2018,18,1,20000_24999,1,nonfamily_not_living_alone,has_65_plus,65_plus,22200,1,6
pums_ca_08900_00976,0608900,2018,12,1,20000_24999,1,nonfamily_not_living_alone,no_65_plus,35_64,21300,1,6
pums_ca_08900_00977,0608900,2018,39,2,35000_39999,1,nonfamily_not_living_alone,no_65_plus,18_34,35600,1,7
pums_ca_08900_00978,0608900,2018,8,2,50000_59999,2,married_couple,has_65_plus,35_64,51000,2,1
pums_ca_08900_00979,0608900,2018,20,1,15000_19999,1,nonfamily_not_living_alone,has_65_plus,65_plus,19200,1,6
pums_ca_08900_00980,0608900,2018,10,1,60000_74999,0,nonfamily_living_alone,no_65_plus,35_64,60000,0,4
pums_ca_08900_00981,0608900,2018,8,1,45000_49999,2,nonfamily_not_living_alone,has_65_plus,65_plus,45700,2,6
pums_ca_08900_00982,0608900,2018,25,5,125000_149999,2,married_couple,no_65_plus,18_34,125500,2,1
pums_ca_08900_00983,0608900,2018,11,3,30000_34999,3,other_female_householder,no_65_plus,18_34,32600,3,3
pums_ca_08900_00984,0608900,2018,6,2,100000_124999,4_plus,married_couple,no_65_plus,35_64,113800,4,1
pums_ca_08900_00985,0608900,2018,8,1,75000_99999,1,nonfamily_not_living_alone,no_65_plus,35_64,87300,1,6
pums_ca_08900_00986,0608900,2018,14,5,50000_59999,2,married_couple,no_65_plus,35_64,56900,2,1
pums_ca_08900_00987,0608900,2018,25,3,45000_49999,4_plus,married_couple,has_65_plus,65_plus,45400,4,1
pums_ca_08900_00988,0608900,2018,2,2,60000_74999,2,married_couple,has_65_plus,65_plus,68200,2,1
pums_ca_08900_00989,0608900,2018,7,2,45000_49999,2,married_couple,has_65_plus,65_plus,47930,2,1
pums_ca_08900_00990,0608900,2018,5,2,30000_34999,2,married_couple,no_65_plus,35_64,34200,2,1
pums_ca_08900_00991,0608900,2018,15,1,75000_99999,1,nonfamily_not_living_alone,has_65_plus,65_plus,75200,1,6
pums_ca_08900_00992,0608900,2018,23,1,40000_44999,2,nonfamily_living_alone,has_65_plus,65_plus,42000,2,4
pums_ca_08900_00993,0608900,2018,65,2,lt_10000,2,other_female_householder,no_65_plus,18_34,6000,2,3
pums_ca_08900_00994,0608900,2018,11,1,20000_24999,1,nonfamily_not_living_alone,no_65_plus,35_64,20000,1,6
pums_ca_08900_00995,0608900,2018,19,5,100000_124999,4_plus,nonfamily_not_living_alone,no_65_plus,35_64,113000,5,7
pums_ca_08900_00996,0608900,2018,7,2,60000_74999,3,nonfamily_living_alone,no_65_plus,18_34,63000,3,5
pums_ca_08900_00997,0608900,2018,7,3,125000_149999,3,married_couple,no_65_plus,35_64,130000,3,1
pums_ca_08900_00998,0608900,2018,11,1,45000_49999,1,nonfamily_not_living_alone,has_65_plus,65_plus,48200,1,6
pums_ca_08900_00999,0608900,2018,9,2,200000_plus,2,married_couple,no_65_plus,35_64,248000,2,1
pums_ca_08900_01000,0608900,2018,50,6,20000_24999,1,married_couple,no_65_plus,35_64,24500,1,1
pums_ca_08900_01001,0608900,2018,15,1,60000_74999,2,nonfamily_not_living_alone,no_65_plus,35_64,60000,2,6
pums_ca_08900_01002,0608900,2018,14,1,lt_10000,1,nonfamily_living_alone,no_65_plus,35_64,0,1,4
pums_ca_08900_01003,0608900,2018,34,1,lt_10000,0,nonfamily_living_alone,has_65_plus,65_plus,0,0,4
pums_ca_08900_01004,0608900,2018,10,2,20000_24999,2,married_couple,no_65_plus,35_64,21200,2,1
pums_ca_08900_01005,0608900,2018,10,4,60000_74999,2,married_couple,no_65_plus,35_64,69800,2,1
pums_ca_08900_01006,0608900,2018,7,4,200000_plus,3,married_couple,no_65_plus,35_64,239005,3,1
pums_ca_08900_01007,0608900,2018,12,2,100000_124999,2,married_couple,no_65_plus,35_64,100000,2,1
pums_ca_08900_01008,0608900,2018,12,2,30000_34999,3,married_couple,has_65_plus,65_plus,32700,3,1
pums_ca_08900_01009,0608900,2018,10,1,30000_34999,1,nonfamily_not_living_alone,has_65_plus,65_plus,31300,1,6
pums_ca_08900_01010,0608900,2018,9,1,10000_14999,1,nonfamily_not_living_alone,has_65_plus,65_plus,13600,1,6
pums_ca_08900_01011,0608900,2018,10,2,30000_34999,1,married_couple,has_65_plus,65_plus,34000,1,1
pums_ca_08900_01012,0608900,2018,3,5,50000_59999,2,married_couple,no_65_plus,35_64,58400,2,1
pums_ca_08900_01013,0608900,2018,12,2,75000_99999,2,married_couple,no_65_plus,35_64,95010,2,1
pums_ca_08900_01014,0608900,2018,16,2,60000_74999,2,other_female_householder,has_65_plus,35_64,70900,2,3
pums_ca_08900_01015,0608900,2018,18,2,30000_34999,1,nonfamily_living_alone,no_65_plus,18_34,32280,1,5
pums_ca_08900_01016,0608900,2018,13,2,60000_74999,2,married_couple,has_65_plus,35_64,62000,2,1
pums_ca_08900_01017,0608900,2018,24,2,45000_49999,2,married_couple,has_65_plus,65_plus,49600,2,1
pums_ca_08900_01018,0608900,2018,11,2,20000_24999,2,married_couple,has_65_plus,65_plus,21200,2,1
pums_ca_08900_01019,0608900,2018,14,1,45000_49999,2,nonfamily_not_living_alone,has_65_plus,65_plus,49100,2,6
pums_ca_08900_01020,0608900,2018,18,2,60000_74999,2,nonfamily_living_alone,no_65_plus,18_34,66000,2,5
pums_ca_08900_01021,0608900,2018,6,7,30000_34999,3,other_female_householder,has_65_plus,65_plus,34700,3,3
pums_ca_08900_01022,0608900,2018,11,5,75000_99999,3,married_couple,has_65_plus,35_64,85900,3,1
pums_ca_08900_01023,0608900,2018,27,1,lt_10000,0,nonfamily_not_living_alone,no_65_plus,35_64,8500,0,6
pums_ca_08900_01024,0608900,2018,11,3,35000_39999,1,other_female_householder,no_65_plus,35_64,35000,1,3
pums_ca_08900_01025,0608900,2018,49,3,50000_59999,2,married_couple,has_65_plus,35_64,57000,2,1
pums_ca_08900_01026,0608900,2018,4,3,60000_74999,4_plus,married_couple,no_65_plus,35_64,62000,5,1
pums_ca_08900_01027,0608900,2018,22,1,40000_44999,2,nonfamily_living_alone,has_65_plus,65_plus,41100,2,4
pums_ca_08900_01028,0608900,2018,12,4,150000_199999,4_plus,married_couple,no_65_plus,35_64,176000,5,1
pums_ca_08900_01029,0608900,2018,9,2,100000_124999,4_plus,married_couple,no_65_plus,35_64,100010,4,1
pums_ca_08900_01030,0608900,2018,11,1,10000_14999,2,nonfamily_living_alone,has_65_plus,65_plus,13100,2,4
pums_ca_08900_01031,0608900,2018,46,1,lt_10000,1,nonfamily_not_living_alone,no_65_plus,18_34,6000,1,6
pums_ca_08900_01032,0608900,2018,3,1,40000_44999,1,nonfamily_living_alone,no_65_plus,35_64,40000,1,4
pums_ca_08900_01033,0608900,2018,20,1,20000_24999,0,nonfamily_living_alone,has_65_plus,65_plus,23100,0,4
pums_ca_08900_01034,0608900,2018,12,4,35000_39999,2,other_female_householder,no_65_plus,35_64,36400,2,3
pums_ca_08900_01035,0608900,2018,12,1,10000_14999,1,nonfamily_not_living_alone,has_65_plus,65_plus,14300,1,6
pums_ca_08900_01036,0608900,2018,7,2,50000_59999,2,married_couple,no_65_plus,18_34,51500,2,1
pums_ca_08900_01037,0608900,2018,15,2,125000_149999,3,married_couple,has_65_plus,65_plus,129000,3,1
pums_ca_08900_01038,0608900,2018,4,2,100000_124999,3,married_couple,has_65_plus,65_plus,108800,3,1
pums_ca_08900_01039,0608900,2018,14,2,200000_plus,2,married_couple,no_65_plus,18_34,276000,2,1
pums_ca_08900_01040,0608900,2018,8,2,200000_plus,2,married_couple,no_65_plus,35_64,216000,2,1
pums_ca_08900_01041,0608900,2018,12,3,15000_19999,2,other_female_householder,no_65_plus,35_64,18500,2,3
pums_ca_08900_01042,0608900,2018,3,1,10000_14999,0,nonfamily_not_living_alone,has_65_plus,65_plus,11000,0,6
pums_ca_08900_01043,0608900,2018,3,3,25000_29999,1,married_couple,no_65_plus,35_64,25500,1,1
pums_ca_08900_01044,0608900,2018,12,1,50000_59999,1,nonfamily_not_living_alone,has_65_plus,65_plus,51100,1,6
pums_ca_08900_01045,0608900,2018,9,2,100000_124999,2,nonfamily_not_living_alone,has_65_plus,65_plus,102000,2,7
pums_ca_08900_01046,0608900,2018,8,1,60000_74999,1,nonfamily_not_living_alone,no_65_plus,35_64,68000,1,6
pums_ca_08900_01047,0608900,2018,5,2,60000_74999,2,married_couple,has_65_plus,65_plus,60000,2,1
pums_ca_08900_01048,0608900,2018,12,1,125000_149999,1,nonfamily_not_living_alone,no_65_plus,35_64,135500,1,6
pums_ca_08900_01049,0608900,2018,29,3,50000_59999,3,nonfamily_not_living_alone,no_65_plus,35_64,54000,3,7
pums_ca_08900_01050,0608900,2018,15,3,75000_99999,3,married_couple,has_65_plus,65_plus,81000,3,1
pums_ca_08900_01051,0608900,2018,16,1,10000_14999,1,nonfamily_not_living_alone,has_65_plus,65_plus,14000,1,6
pums_ca_08900_01052,0608900,2018,18,2,lt_10000,1,married_couple,no_65_plus,18_34,5000,1,1
pums_ca_08900_01053,0608900,2018,19,1,15000_19999,2,nonfamily_living_alone,has_65_plus,65_plus,18000,2,4
pums_ca_08900_01054,0608900,2018,17,2,75000_99999,2,married_couple,has_65_plus,65_plus,90000,2,1
pums_ca_08900_01055,0608900,2018,4,1,50000_59999,2,nonfamily_living_alone,no_65_plus,35_64,55000,2,4
pums_ca_08900_01056,0608900,2018,40,4,75000_99999,2,married_couple,no_65_plus,18_34,83000,2,1
pums_ca_08900_01057,0608900,2018,11,2,60000_74999,2,married_couple,no_65_plus,35_64,71000,2,1
pums_ca_08900_01058,0608900,2018,13,2,60000_74999,3,married_couple,no_65_plus,35_64,66500,3,1
pums_ca_08900_01059,0608900,2018,9,1,20000_24999,1,nonfamily_not_living_alone,has_65_plus,65_plus,22000,1,6
pums_ca_08900_01060,0608900,2018,12,4,60000_74999,2,married_couple,no_65_plus,35_64,73000,2,1
pums_ca_08900_01061,0608900,2018,20,1,30000_34999,1,nonfamily_not_living_alone,has_65_plus,65_plus,34500,1,6
pums_ca_08900_01062,0608900,2018,10,2,45000_49999,2,married_couple,has_65_plus,65_plus,47600,2,1
pums_ca_08900_01063,0608900,2018,11,3,125000_149999,4_plus,married_couple,has_65_plus,35_64,135300,4,1
pums_ca_08900_01064,0608900,2018,7,3,150000_199999,4_plus,married_couple,no_65_plus,35_64,191600,5,1
pums_ca_08900_01065,0608900,2018,16,1,50000_59999,1,nonfamily_living_alone,has_65_plus,65_plus,54000,1,4
pums_ca_08900_01066,0608900,2018,3,1,10000_14999,0,nonfamily_not_living_alone,has_65_plus,65_plus,12000,0,6
pums_ca_08900_01067,0608900,2018,5,4,lt_10000,1,other_female_householder,no_65_plus,35_64,0,1,3
pums_ca_08900_01068,0608900,2018,8,3,75000_99999,2,married_couple,no_65_plus,35_64,85000,2,1
pums_ca_08900_01069,0608900,2018,5,4,50000_59999,4_plus,other_female_householder,has_65_plus,65_plus,59200,6,3
pums_ca_08900_01070,0608900,2018,41,2,35000_39999,1,married_couple,no_65_plus,35_64,37600,1,1
pums_ca_08900_01071,0608900,2018,11,1,15000_19999,0,nonfamily_not_living_alone,has_65_plus,65_plus,18900,0,6
pums_ca_08900_01072,0608900,2018,8,2,125000_149999,2,married_couple,has_65_plus,65_plus,126800,2,1
pums_ca_08900_01073,0608900,2018,7,3,75000_99999,2,married_couple,no_65_plus,35_64,80000,2,1
pums_ca_08900_01074,0608900,2018,8,2,40000_44999,2,married_couple,has_65_plus,65_plus,40300,2,1
pums_ca_08900_01075,0608900,2018,23,6,25000_29999,2,married_couple,no_65_plus,35_64,28600,2,1
pums_ca_08900_01076,0608900,2018,11,3,200000_plus,2,married_couple,no_65_plus,35_64,200800,2,1
pums_ca_08900_01077,0608900,2018,22,1,25000_29999,1,nonfamily_not_living_alone,has_65_plus,65_plus,25000,1,6
pums_ca_08900_01078,0608900,2018,13,2,25000_29999,2,married_couple,has_65_plus,65_plus,29000,2,1
pums_ca_08900_01079,0608900,2018,12,2,125000_149999,4_plus,married_couple,no_65_plus,35_64,125200,4,1
pums_ca_08900_01080,0608900,2018,9,1,20000_24999,2,nonfamily_living_alone,no_65_plus,35_64,21000,2,4
pums_ca_08900_01081,0608900,2018,34,3,125000_149999,2,married_couple,no_65_plus,35_64,144000,2,1
pums_ca_08900_01082,0608900,2018,24,1,45000_49999,1,nonfamily_living_alone,no_65_plus,35_64,48000,1,4
pums_ca_08900_01083,0608900,2018,15,1,35000_39999,1,nonfamily_not_living_alone,has_65_plus,65_plus,39000,1,6
pums_ca_08900_01084,0608900,2018,25,2,75000_99999,2,married_couple,has_65_plus,65_plus,82300,2,1
pums_ca_08900_01085,0608900,2018,8,4,lt_10000,1,other_female_householder,no_65_plus,35_64,7800,1,3
pums_ca_08900_01086,0608900,2018,3,2,75000_99999,2,married_couple,no_65_plus,35_64,82404,2,1
pums_ca_08900_01087,0608900,2018,22,2,60000_74999,2,nonfamily_not_living_alone,no_65_plus,18_34,65000,2,7
pums_ca_08900_01088,0608900,2018,2,2,100000_124999,3,married_couple,no_65_plus,35_64,114000,3,1
pums_ca_08900_01089,0608900,2018,19,1,10000_14999,1,nonfamily_not_living_alone,has_65_plus,65_plus,12300,1,6
pums_ca_08900_01090,0608900,2018,11,1,25000_29999,1,nonfamily_not_living_alone,has_65_plus,65_plus,25900,1,6
pums_ca_08900_01091,0608900,2018,15,4,45000_49999,2,married_couple,no_65_plus,35_64,48000,2,1
pums_ca_08900_01092,0608900,2018,59,4,125000_149999,2,married_couple,no_65_plus,18_34,140600,2,1
pums_ca_08900_01093,0608900,2018,21,1,35000_39999,2,nonfamily_living_alone,no_65_plus,35_64,38600,2,4
pums_ca_08900_01094,0608900,2018,13,2,40000_44999,3,married_couple,has_65_plus,65_plus,41504,3,1
pums_ca_08900_01095,0608900,2018,14,3,75000_99999,2,married_couple,no_65_plus,35_64,96300,2,1
pums_ca_08900_01096,0608900,2018,4,2,25000_29999,2,married_couple,has_65_plus,65_plus,29000,2,1
pums_ca_08900_01097,0608900,2018,5,2,60000_74999,4_plus,married_couple,has_65_plus,65_plus,74100,4,1
pums_ca_08900_01098,0608900,2018,16,2,75000_99999,2,married_couple,has_65_plus,65_plus,79800,2,1
pums_ca_08900_01099,0608900,2018,13,2,100000_124999,3,married_couple,no_65_plus,35_64,122000,3,1
pums_ca_08900_01100,0608900,2018,12,1,15000_19999,1,nonfamily_living_alone,no_65_plus,35_64,15004,1,4
pums_ca_08900_01101,0608900,2018,7,8,100000_124999,4_plus,married_couple,no_65_plus,35_64,112700,4,1
pums_ca_08900_01102,0608900,2018,14,3,35000_39999,3,married_couple,no_65_plus,18_34,39000,3,1
pums_ca_08900_01103,0608900,2018,19,2,75000_99999,2,married_couple,has_65_plus,65_plus,82000,2,1
pums_ca_08900_01104,0608900,2018,14,1,30000_34999,1,nonfamily_living_alone,has_65_plus,65_plus,32000,1,4
pums_ca_08900_01105,0608900,2018,10,2,60000_74999,2,married_couple,no_65_plus,35_64,65000,2,1
pums_ca_08900_01106,0608900,2018,13,1,15000_19999,1,nonfamily_not_living_alone,has_65_plus,65_plus,17800,1,6
pums_ca_08900_01107,0608900,2018,17,3,100000_124999,3,married_couple,has_65_plus,65_plus,100000,3,1
pums_ca_08900_01108,0608900,2018,14,6,40000_44999,2,other_female_householder,no_65_plus,18_34,41600,2,3
pums_ca_08900_01109,0608900,2018,8,5,150000_199999,3,married_couple,no_65_plus,35_64,190000,3,1
pums_ca_08900_01110,0608900,2018,13,2,75000_99999,2,married_couple,has_65_plus,65_plus,86100,2,1
pums_ca_08900_01111,0608900,2018,16,1,10000_14999,1,nonfamily_not_living_alone,no_65_plus,35_64,13000,1,6
pums_ca_08900_01112,0608900,2018,15,1,25000_29999,1,nonfamily_not_living_alone,has_65_plus,65_plus,27300,1,6
pums_ca_08900_01113,0608900,2018,15,2,40000_44999,1,married_couple,has_65_plus,65_plus,44950,1,1
pums_ca_08900_01114,0608900,2018,18,3,60000_74999,2,married_couple,has_65_plus,65_plus,64000,2,1
pums_ca_08900_01115,0608900,2018,4,4,60000_74999,4_plus,married_couple,has_65_plus,35_64,70000,4,1
pums_ca_08900_01116,0608900,2018,38,2,60000_74999,2,other_male_householder,no_65_plus,35_64,74900,2,2
pums_ca_08900_01117,0608900,2018,13,4,60000_74999,2,married_couple,no_65_plus,35_64,62100,2,1
pums_ca_08900_01118,0608900,2018,4,1,25000_29999,2,nonfamily_living_alone,has_65_plus,65_plus,26400,2,4
pums_ca_08900_01119,0608900,2018,8,2,20000_24999,2,married_couple,no_65_plus,35_64,20000,2,1
pums_ca_08900_01120,0608900,2018,4,2,30000_34999,1,married_couple,has_65_plus,65_plus,31600,1,1
pums_ca_08900_01121,0608900,2018,10,1,15000_19999,1,nonfamily_not_living_alone,no_65_plus,35_64,17900,1,6
pums_ca_08900_01122,0608900,2018,9,5,60000_74999,2,married_couple,no_65_plus,35_64,70600,2,1
pums_ca_08900_01123,0608900,2018,12,2,35000_39999,1,married_couple,has_65_plus,65_plus,39200,1,1
pums_ca_08900_01124,0608900,2018,13,3,10000_14999,2,other_female_householder,no_65_plus,35_64,10200,2,3
pums_ca_08900_01125,0608900,2018,10,2,40000_44999,2,married_couple,has_65_plus,65_plus,41500,2,1
pums_ca_08900_01126,0608900,2018,12,2,60000_74999,2,nonfamily_not_living_alone,no_65_plus,18_34,60600,2,7
pums_ca_08900_01127,0608900,2018,28,1,lt_10000,1,nonfamily_living_alone,no_65_plus,35_64,200,1,4
pums_ca_08900_01128,0608900,2018,8,3,60000_74999,3,married_couple,has_65_plus,65_plus,65500,3,1
pums_ca_08900_01129,0608900,2018,17,2,40000_44999,1,married_couple,has_65_plus,35_64,42000,1,1
pums_ca_08900_01130,0608900,2018,16,2,50000_59999,2,married_couple,no_65_plus,35_64,53600,2,1
pums_ca_08900_01131,0608900,2018,7,4,40000_44999,3,married_couple,no_65_plus,35_64,42700,3,1
pums_ca_08900_01132,0608900,2018,3,1,45000_49999,2,nonfamily_living_alone,no_65_plus,35_64,49600,2,4
pums_ca_08900_01133,0608900,2018,23,3,150000_199999,2,married_couple,no_65_plus,18_34,184500,2,1
pums_ca_08900_01134,0608900,2018,9,2,75000_99999,4_plus,married_couple,has_65_plus,65_plus,77500,5,1
pums_ca_08900_01135,0608900,2018,14,2,200000_plus,2,married_couple,has_65_plus,65_plus,252000,2,1
pums_ca_08900_01136,0608900,2018,9,2,60000_74999,3,married_couple,no_65_plus,35_64,60700,3,1
pums_ca_08900_01137,0608900,2018,44,2,lt_10000,1,nonfamily_living_alone,no_65_plus,18_34,5500,1,5
pums_ca_08900_01138,0608900,2018,4,2,100000_124999,4_plus,married_couple,no_65_plus,35_64,111300,4,1
pums_ca_08900_01139,0608900,2018,12,4,75000_99999,2,married_couple,no_65_plus,35_64,82400,2,1
pums_ca_08900_01140,0608900,2018,11,6,125000_149999,4_plus,married_couple,no_65_plus,35_64,140000,5,1
pums_ca_08900_01141,0608900,2018,48,5,75000_99999,3,married_couple,no_65_plus,35_64,87000,3,1
pums_ca_08900_01142,0608900,2018,18,4,50000_59999,2,married_couple,no_65_plus,35_64,51000,2,1
pums_ca_08900_01143,0608900,2018,8,3,100000_124999,3,married_couple,no_65_plus,35_64,111000,3,1
pums_ca_08900_01144,0608900,2018,7,1,lt_10000,0,nonfamily_living_alone,no_65_plus,35_64,4430,0,4
pums_ca_08900_01145,0608900,2018,11,2,15000_19999,1,married_couple,has_65_plus,65_plus,17200,1,1
pums_ca_08900_01146,0608900,2018,10,1,15000_19999,1,nonfamily_living_alone,no_65_plus,35_64,15400,1,4
pums_ca_08900_01147,0608900,2018,9,3,200000_plus,3,married_couple,no_65_plus,35_64,326800,3,1
pums_ca_08900_01148,0608900,2018,8,2,75000_99999,2,married_couple,no_65_plus,35_64,81000,2,1
pums_ca_08900_01149,0608900,2018,12,1,35000_39999,2,nonfamily_living_alone,has_65_plus,65_plus,36000,2,4
pums_ca_08900_01150,0608900,2018,7,3,15000_19999,2,married_couple,no_65_plus,35_64,16040,2,1
pums_ca_08900_01151,0608900,2018,2,4,lt_10000,1,nonfamily_living_alone,no_65_plus,18_34,0,1,5
pums_ca_08900_01152,0608900,2018,13,4,100000_124999,3,married_couple,no_65_plus,35_64,119900,3,1
pums_ca_08900_01153,0608900,2018,8,2,lt_10000,1,married_couple,has_65_plus,65_plus,5000,1,1
pums_ca_08900_01154,0608900,2018,16,1,35000_39999,1,nonfamily_not_living_alone,no_65_plus,35_64,35600,1,6
pums_ca_08900_01155,0608900,2018,11,2,100000_124999,2,married_couple,no_65_plus,35_64,120000,2,1
pums_ca_08900_01156,0608900,2018,18,2,75000_99999,3,nonfamily_not_living_alone,has_65_plus,65_plus,83700,3,7
pums_ca_08900_01157,0608900,2018,24,4,60000_74999,2,married_couple,no_65_plus,35_64,65000,2,1
pums_ca_08900_01158,0608900,2018,8,2,75000_99999,2,married_couple,no_65_plus,35_64,95200,2,1
pums_ca_08900_01159,0608900,2018,8,1,10000_14999,1,nonfamily_not_living_alone,no_65_plus,35_64,10180,1,6
pums_ca_08900_01160,0608900,2018,10,2,150000_199999,3,married_couple,has_65_plus,65_plus,184000,3,1
pums_ca_08900_01161,0608900,2018,38,3,45000_49999,2,other_female_householder,no_65_plus,18_34,48000,2,3
pums_ca_08900_01162,0608900,2018,4,2,50000_59999,1,married_couple,has_65_plus,65_plus,53100,1,1
pums_ca_08900_01163,0608900,2018,24,2,15000_19999,2,nonfamily_not_living_alone,has_65_plus,65_plus,18700,2,7
pums_ca_08900_01164,0608900,2018,24,3,35000_39999,4_plus,married_couple,no_65_plus,35_64,35800,4,1
pums_ca_08900_01165,0608900,2018,6,2,60000_74999,3,married_couple,no_65_plus,35_64,65000,3,1
pums_ca_08900_01166,0608900,2018,10,2,40000_44999,3,nonfamily_living_alone,no_65_plus,35_64,44000,3,5
pums_ca_08900_01167,0608900,2018,13,3,100000_124999,4_plus,married_couple,has_65_plus,65_plus,116600,5,1
pums_ca_08900_01168,0608900,2018,15,3,150000_199999,4_plus,married_couple,has_65_plus,65_plus,178400,4,1
pums_ca_08900_01169,0608900,2018,14,1,lt_10000,0,nonfamily_not_living_alone,no_65_plus,35_64,9100,0,6
pums_ca_08900_01170,0608900,2018,14,4,50000_59999,3,married_couple,no_65_plus,35_64,58900,3,1
pums_ca_08900_01171,0608900,2018,56,2,100000_124999,1,other_male_householder,no_65_plus,35_64,120000,1,2
pums_ca_08900_01172,0608900,2018,20,1,lt_10000,1,nonfamily_not_living_alone,has_65_plus,65_plus,9600,1,6
pums_ca_08900_01173,0608900,2018,10,1,15000_19999,1,nonfamily_not_living_alone,has_65_plus,65_plus,17800,1,6
pums_ca_08900_01174,0608900,2018,12,2,60000_74999,2,married_couple,no_65_plus,35_64,74500,2,1
pums_ca_08900_01175,0608900,2018,18,2,75000_99999,2,married_couple,no_65_plus,35_64,83000,2,1
pums_ca_08900_01176,0608900,2018,20,1,10000_14999,1,nonfamily_not_living_alone,has_65_plus,65_plus,12000,1,6
pums_ca_08900_01177,0608900,2018,9,1,60000_74999,2,nonfamily_living_alone,has_65_plus,65_plus,74900,2,4
pums_ca_08900_01178,0608900,2018,2,3,150000_199999,4_plus,other_female_householder,no_65_plus,35_64,192000,4,3
pums_ca_08900_01179,0608900,2018,14,2,20000_24999,1,nonfamily_not_living_alone,no_65_plus,35_64,24900,1,7
pums_ca_08900_01180,0608900,2018,13,2,60000_74999,4_plus,married_couple,no_65_plus,35_64,63000,4,1
pums_ca_08900_01181,0608900,2018,12,2,50000_59999,2,nonfamily_living_alone,has_65_plus,65_plus,57300,2,5
pums_ca_08900_01182,0608900,2018,16,1,50000_59999,1,nonfamily_not_living_alone,has_65_plus,65_plus,57100,1,6
pums_ca_08900_01183,0608900,2018,5,2,150000_199999,3,married_couple,has_65_plus,65_plus,155700,3,1
pums_ca_08900_01184,0608900,2018,37,2,15000_19999,1,married_couple,no_65_plus,35_64,15000,1,1
pums_ca_08900_01185,0608900,2018,5,2,30000_34999,2,other_female_householder,has_65_plus,65_plus,34880,2,3
pums_ca_08900_01186,0608900,2018,12,2,125000_149999,2,nonfamily_not_living_alone,no_65_plus,18_34,131000,2,7
pums_ca_08900_01187,0608900,2018,10,2,20000_24999,3,married_couple,no_65_plus,35_64,22000,3,1
pums_ca_08900_01188,0608900,2018,6,3,75000_99999,2,married_couple,no_65_plus,35_64,78000,2,1
pums_ca_08900_01189,0608900,2018,26,2,75000_99999,3,married_couple,has_65_plus,65_plus,86240,3,1
pums_ca_08900_01190,0608900,2018,19,1,10000_14999,0,nonfamily_living_alone,has_65_plus,65_plus,10200,0,4
pums_ca_08900_01191,0608900,2018,25,2,75000_99999,2,nonfamily_not_living_alone,no_65_plus,18_34,86100,2,7
pums_ca_08900_01192,0608900,2018,25,1,60000_74999,1,nonfamily_not_living_alone,no_65_plus,35_64,60000,1,6
pums_ca_08900_01193,0608900,2018,3,3,200000_plus,3,married_couple,has_65_plus,65_plus,473960,3,1
pums_ca_08900_01194,0608900,2018,36,6,75000_99999,0,married_couple,no_65_plus,18_34,80000,0,1
pums_ca_08900_01195,0608900,2018,11,3,150000_199999,2,married_couple,has_65_plus,35_64,154700,2,1
pums_ca_08900_01196,0608900,2018,3,2,150000_199999,2,married_couple,no_65_plus,35_64,150000,2,1
pums_ca_08900_01197,0608900,2018,18,1,25000_29999,1,nonfamily_not_living_alone,has_65_plus,65_plus,25300,1,6
pums_ca_08900_01198,0608900,2018,12,5,lt_10000,2,other_female_householder,no_65_plus,35_64,5900,2,3
pums_ca_08900_01199,0608900,2018,22,2,25000_29999,0,other_male_householder,has_65_plus,65_plus,25600,0,2
pums_ca_08900_01200,0608900,2018,16,2,75000_99999,2,married_couple,has_65_plus,65_plus,82700,2,1
pums_ca_08900_01201,0608900,2018,7,3,150000_199999,2,married_couple,no_65_plus,35_64,177700,2,1
pums_ca_08900_01202,0608900,2018,37,2,20000_24999,2,nonfamily_living_alone,no_65_plus,35_64,21000,2,5
pums_ca_08900_01203,0608900,2018,55,1,60000_74999,3,nonfamily_living_alone,no_65_plus,35_64,64000,3,4
pums_ca_08900_01204,0608900,2018,5,2,60000_74999,2,married_couple,has_65_plus,65_plus,74900,2,1
pums_ca_08900_01205,0608900,2018,12,2,40000_44999,1,married_couple,has_65_plus,65_plus,43400,1,1
pums_ca_08900_01206,0608900,2018,11,2,75000_99999,4_plus,married_couple,has_65_plus,65_plus,84500,4,1
pums_ca_08900_01207,0608900,2018,11,1,15000_19999,1,nonfamily_living_alone,no_65_plus,35_64,15400,1,4
pums_ca_08900_01208,0608900,2018,8,3,100000_124999,2,married_couple,no_65_plus,35_64,103200,2,1
pums_ca_08900_01209,0608900,2018,13,2,75000_99999,1,married_couple,has_65_plus,65_plus,77000,1,1
pums_ca_08900_01210,0608900,2018,15,2,40000_44999,2,other_female_householder,has_65_plus,65_plus,42800,2,3
pums_ca_08900_01211,0608900,2018,35,5,50000_59999,1,married_couple,no_65_plus,35_64,50000,1,1
pums_ca_08900_01212,0608900,2018,16,2,60000_74999,2,married_couple,has_65_plus,65_plus,63000,2,1
pums_ca_08900_01213,0608900,2018,12,4,75000_99999,4_plus,married_couple,no_65_plus,35_64,89800,4,1
pums_ca_08900_01214,0608900,2018,20,2,60000_74999,3,married_couple,has_65_plus,65_plus,73400,3,1
pums_ca_08900_01215,0608900,2018,2,2,35000_39999,3,nonfamily_living_alone,has_65_plus,65_plus,35600,3,5
pums_ca_08900_01216,0608900,2018,13,2,40000_44999,3,other_male_householder,no_65_plus,35_64,42200,3,2
pums_ca_08900_01217,0608900,2018,2,2,60000_74999,2,married_couple,has_65_plus,65_plus,62800,2,1
pums_ca_08900_01218,0608900,2018,37,4,20000_24999,1,other_female_householder,no_65_plus,35_64,21700,1,3
pums_ca_08900_01219,0608900,2018,8,4,45000_49999,1,married_couple,has_65_plus,35_64,48300,1,1
pums_ca_08900_01220,0608900,2018,8,1,75000_99999,2,nonfamily_not_living_alone,has_65_plus,65_plus,82600,2,6
pums_ca_08900_01221,0608900,2018,13,1,75000_99999,2,nonfamily_not_living_alone,no_65_plus,35_64,78000,2,6
pums_ca_08900_01222,0608900,2018,10,1,15000_19999,0,nonfamily_not_living_alone,has_65_plus,65_plus,15000,0,6
pums_ca_08900_01223,0608900,2018,11,2,75000_99999,2,married_couple,has_65_plus,35_64,86200,2,1
pums_ca_08900_01224,0608900,2018,7,1,100000_124999,1,nonfamily_not_living_alone,no_65_plus,35_64,111300,1,6
pums_ca_08900_01225,0608900,2018,2,7,60000_74999,2,married_couple,no_65_plus,35_64,65000,2,1
pums_ca_08900_01226,0608900,2018,7,2,75000_99999,2,married_couple,no_65_plus,35_64,80000,2,1
pums_ca_08900_01227,0608900,2018,5,2,lt_10000,2,nonfamily_not_living_alone,no_65_plus,35_64,0,2,7
pums_ca_08900_01228,0608900,2018,52,2,15000_19999,0,nonfamily_living_alone,no_65_plus,18_34,15500,0,5
pums_ca_08900_01229,0608900,2018,4,1,45000_49999,2,nonfamily_not_living_alone,has_65_plus,65_plus,49700,2,6
pums_ca_08900_01230,0608900,2018,13,1,200000_plus,2,nonfamily_not_living_alone,has_65_plus,65_plus,355600,2,6
pums_ca_08900_01231,0608900,2018,8,1,45000_49999,1,nonfamily_living_alone,has_65_plus,65_plus,46000,1,4
pums_ca_08900_01232,0608900,2018,15,1,75000_99999,2,nonfamily_living_alone,no_65_plus,18_34,90000,2,4
pums_ca_08900_01233,0608900,2018,12,2,50000_59999,2,married_couple,has_65_plus,65_plus,59300,2,1
pums_ca_08900_01234,0608900,2018,10,1,25000_29999,1,nonfamily_not_living_alone,has_65_plus,65_plus,27100,1,6
pums_ca_08900_01235,0608900,2018,66,1,lt_10000,1,nonfamily_not_living_alone,no_65_plus,35_64,7000,1,6
pums_ca_08900_01236,0608900,2018,13,3,50000_59999,3,other_female_householder,no_65_plus,35_64,50004,3,3
pums_ca_08900_01237,0608900,2018,12,2,40000_44999,2,other_female_householder,has_65_plus,35_64,43500,2,3
pums_ca_08900_01238,0608900,2018,35,3,15000_19999,1,married_couple,no_65_plus,18_34,19700,1,1
pums_ca_08900_01239,0608900,2018,23,4,100000_124999,3,married_couple,has_65_plus,65_plus,106000,3,1
pums_ca_08900_01240,0608900,2018,6,4,75000_99999,2,married_couple,no_65_plus,35_64,76000,2,1
pums_ca_08900_01241,0608900,2018,7,2,45000_49999,1,married_couple,has_65_plus,35_64,45550,1,1
pums_ca_08900_01242,0608900,2018,6,1,30000_34999,2,nonfamily_not_living_alone,no_65_plus,35_64,33000,2,6
pums_ca_08900_01243,0608900,2018,23,3,125000_149999,3,married_couple,has_65_plus,35_64,149000,3,1
pums_ca_08900_01244,0608900,2018,14,2,50000_59999,3,nonfamily_not_living_alone,no_65_plus,35_64,53000,3,7
pums_ca_08900_01245,0608900,2018,18,2,50000_59999,3,married_couple,no_65_plus,35_64,57000,3,1
pums_ca_08900_01246,0608900,2018,13,6,40000_44999,2,married_couple,no_65_plus,18_34,40000,2,1
pums_ca_08900_01247,0608900,2018,8,5,75000_99999,3,married_couple,no_65_plus,35_64,93500,3,1
pums_ca_08900_01248,0608900,2018,12,5,25000_29999,0,married_couple,no_65_plus,35_64,29900,0,1
pums_ca_08900_01249,0608900,2018,11,1,lt_10000,1,nonfamily_living_alone,has_65_plus,65_plus,9900,1,4
pums_ca_08900_01250,0608900,2018,11,1,35000_39999,2,nonfamily_living_alone,no_65_plus,35_64,37800,2,4
pums_ca_08900_01251,0608900,2018,14,2,20000_24999,1,nonfamily_not_living_alone,no_65_plus,35_64,21200,1,7
pums_ca_08900_01252,0608900,2018,9,4,60000_74999,2,married_couple,no_65_plus,35_64,69400,2,1
pums_ca_08900_01253,0608900,2018,15,2,15000_19999,1,other_female_householder,no_65_plus,35_64,17200,1,3
pums_ca_08900_01254,0608900,2018,14,2,60000_74999,1,married_couple,has_65_plus,35_64,67200,1,1
pums_ca_08900_01255,0608900,2018,6,2,75000_99999,2,married_couple,has_65_plus,65_plus,78300,2,1
pums_ca_08900_01256,0608900,2018,45,5,60000_74999,4_plus,married_couple,no_65_plus,35_64,74500,5,1
pums_ca_08900_01257,0608900,2018,13,4,75000_99999,4_plus,married_couple,no_65_plus,35_64,76600,4,1
pums_ca_08900_01258,0608900,2018,8,2,60000_74999,2,married_couple,no_65_plus,35_64,70000,2,1
pums_ca_08900_01259,0608900,2018,14,1,35000_39999,1,nonfamily_not_living_alone,no_65_plus,35_64,39800,1,6
pums_ca_08900_01260,0608900,2018,46,1,30000_34999,1,nonfamily_not_living_alone,no_65_plus,18_34,30000,1,6
pums_ca_08900_01261,0608900,2018,15,1,15000_19999,1,nonfamily_not_living_alone,has_65_plus,65_plus,15300,1,6
pums_ca_08900_01262,0608900,2018,52,2,50000_59999,2,other_female_householder,no_65_plus,35_64,56000,2,3
pums_ca_08900_01263,0608900,2018,23,2,60000_74999,2,married_couple,has_65_plus,65_plus,61400,2,1
pums_ca_08900_01264,0608900,2018,17,4,30000_34999,2,other_female_householder,has_65_plus,65_plus,31320,2,3
pums_ca_08900_01265,0608900,2018,26,2,30000_34999,2,other_female_householder,no_65_plus,35_64,31000,2,3
pums_ca_08900_01266,0608900,2018,10,2,150000_199999,2,married_couple,no_65_plus,35_64,198000,2,1
pums_ca_08900_01267,0608900,2018,25,2,40000_44999,2,married_couple,has_65_plus,65_plus,42400,2,1
pums_ca_08900_01268,0608900,2018,5,3,60000_74999,1,other_female_householder,no_65_plus,35_64,71400,1,3
pums_ca_08900_01269,0608900,2018,15,4,15000_19999,1,other_female_householder,no_65_plus,18_34,19800,1,3
pums_ca_08900_01270,0608900,2018,9,2,60000_74999,1,nonfamily_living_alone,has_65_plus,35_64,66300,1,5
pums_ca_08900_01271,0608900,2018,2,1,15000_19999,1,nonfamily_living_alone,no_65_plus,35_64,18000,1,4
pums_ca_08900_01272,0608900,2018,13,1,20000_24999,0,nonfamily_not_living_alone,has_65_plus,65_plus,22000,0,6
pums_ca_08900_01273,0608900,2018,15,2,40000_44999,2,married_couple,has_65_plus,65_plus,44420,2,1
pums_ca_08900_01274,0608900,2018,19,3,50000_59999,2,married_couple,no_65_plus,35_64,54800,2,1
pums_ca_08900_01275,0608900,2018,8,4,60000_74999,2,married_couple,no_65_plus,35_64,73000,2,1
pums_ca_08900_01276,0608900,2018,7,2,50000_59999,2,married_couple,has_65_plus,65_plus,54300,2,1
pums_ca_08900_01277,0608900,2018,11,2,75000_99999,2,married_couple,has_65_plus,65_plus,92000,2,1
pums_ca_08900_01278,0608900,2018,13,3,75000_99999,3,other_male_householder,has_65_plus,35_64,80100,3,2
pums_ca_08900_01279,0608900,2018,5,1,10000_14999,1,nonfamily_not_living_alone,no_65_plus,35_64,14600,1,6
pums_ca_08900_01280,0608900,2018,7,2,20000_24999,2,married_couple,no_65_plus,35_64,23200,2,1
pums_ca_08900_01281,0608900,2018,9,4,125000_149999,4_plus,other_male_householder,has_65_plus,65_plus,136700,4,2
pums_ca_08900_01282,0608900,2018,12,2,20000_24999,1,married_couple,has_65_plus,65_plus,22300,1,1
pums_ca_08900_01283,0608900,2018,6,3,60000_74999,2,married_couple,has_65_plus,35_64,65300,2,1
pums_ca_08900_01284,0608900,2018,11,2,30000_34999,1,married_couple,has_65_plus,65_plus,32900,1,1
pums_ca_08900_01285,0608900,2018,12,6,60000_74999,2,married_couple,no_65_plus,35_64,67900,2,1
pums_ca_08900_01286,0608900,2018,28,1,10000_14999,1,nonfamily_living_alone,no_65_plus,18_34,12500,1,4
pums_ca_08900_01287,0608900,2018,10,1,lt_10000,1,nonfamily_not_living_alone,has_65_plus,65_plus,0,1,6
pums_ca_08900_01288,0608900,2018,23,1,10000_14999,0,nonfamily_not_living_alone,has_65_plus,65_plus,11200,0,6
pums_ca_08900_01289,0608900,2018,33,1,60000_74999,0,nonfamily_living_alone,has_65_plus,65_plus,70000,0,4
pums_ca_08900_01290,0608900,2018,2,4,40000_44999,3,married_couple,has_65_plus,65_plus,43800,3,1
pums_ca_08900_01291,0608900,2018,22,2,45000_49999,1,married_couple,has_65_plus,65_plus,49700,1,1
pums_ca_08900_01292,0608900,2018,12,7,40000_44999,3,married_couple,no_65_plus,18_34,40000,3,1
pums_ca_08900_01293,0608900,2018,5,3,60000_74999,2,married_couple,has_65_plus,65_plus,70300,2,1
pums_ca_08900_01294,0608900,2018,22,2,30000_34999,2,married_couple,no_65_plus,35_64,32400,2,1
pums_ca_08900_01295,0608900,2018,29,4,100000_124999,3,other_male_householder,no_65_plus,35_64,124800,3,2
pums_ca_08900_01296,0608900,2018,7,1,10000_14999,2,nonfamily_living_alone,no_65_plus,35_64,14600,2,4
pums_ca_08900_01297,0608900,2018,7,3,60000_74999,3,married_couple,no_65_plus,35_64,65000,3,1
pums_ca_08900_01298,0608900,2018,9,2,200000_plus,3,married_couple,has_65_plus,65_plus,244900,3,1
pums_ca_08900_01299,0608900,2018,6,3,75000_99999,2,other_male_householder,has_65_plus,65_plus,78000,2,2
pums_ca_08900_01300,0608900,2018,38,2,50000_59999,1,other_female_householder,no_65_plus,35_64,55000,1,3
pums_ca_08900_01301,0608900,2018,14,8,75000_99999,3,married_couple,no_65_plus,18_34,96530,3,1
pums_ca_08900_01302,0608900,2018,9,2,60000_74999,2,married_couple,has_65_plus,35_64,62600,2,1
pums_ca_08900_01303,0608900,2018,61,2,35000_39999,2,nonfamily_not_living_alone,no_65_plus,35_64,35000,2,7
pums_ca_08900_01304,0608900,2018,8,2,60000_74999,4_plus,nonfamily_not_living_alone,has_65_plus,65_plus,74300,5,7
pums_ca_08900_01305,0608900,2018,20,2,50000_59999,3,married_couple,has_65_plus,65_plus,58100,3,1
pums_ca_08900_01306,0608900,2018,11,1,30000_34999,1,nonfamily_living_alone,no_65_plus,35_64,30000,1,4
pums_ca_08900_01307,0608900,2018,13,2,60000_74999,3,married_couple,has_65_plus,35_64,63404,3,1
pums_ca_08900_01308,0608900,2018,12,1,15000_19999,1,nonfamily_living_alone,has_65_plus,65_plus,19100,1,4
pums_ca_08900_01309,0608900,2018,46,2,35000_39999,1,other_female_householder,no_65_plus,18_34,38780,1,3
pums_ca_08900_01310,0608900,2018,53,2,100000_124999,2,nonfamily_not_living_alone,no_65_plus,18_34,100000,2,7
pums_ca_08900_01311,0608900,2018,14,3,100000_124999,3,married_couple,no_65_plus,35_64,113900,3,1
pums_ca_08900_01312,0608900,2018,25,2,50000_59999,2,married_couple,has_65_plus,65_plus,53000,2,1
pums_ca_08900_01313,0608900,2018,23,2,15000_19999,1,other_female_householder,has_65_plus,65_plus,17800,1,3
pums_ca_08900_01314,0608900,2018,8,2,30000_34999,2,nonfamily_living_alone,has_65_plus,35_64,32900,2,5
pums_ca_08900_01315,0608900,2018,6,1,40000_44999,0,nonfamily_not_living_alone,has_65_plus,65_plus,42000,0,6
pums_ca_08900_01316,0608900,2018,10,4,50000_59999,3,other_male_householder,has_65_plus,65_plus,59400,3,2
pums_ca_08900_01317,0608900,2018,7,2,60000_74999,2,married_couple,has_65_plus,65_plus,74600,2,1
pums_ca_08900_01318,0608900,2018,11,3,125000_149999,1,married_couple,no_65_plus,35_64,139250,1,1
pums_ca_08900_01319,0608900,2018,27,2,25000_29999,2,nonfamily_not_living_alone,no_65_plus,18_34,25000,2,7
pums_ca_08900_01320,0608900,2018,14,1,20000_24999,0,nonfamily_not_living_alone,has_65_plus,65_plus,23200,0,6
pums_ca_08900_01321,0608900,2018,9,2,40000_44999,1,other_female_householder,no_65_plus,35_64,40000,1,3
pums_ca_08900_01322,0608900,2018,16,2,100000_124999,2,married_couple,no_65_plus,18_34,100000,2,1
pums_ca_08900_01323,0608900,2018,14,2,50000_59999,2,married_couple,has_65_plus,65_plus,54600,2,1
pums_ca_08900_01324,0608900,2018,10,2,60000_74999,2,married_couple,has_65_plus,65_plus,62800,2,1
pums_ca_08900_01325,0608900,2018,2,2,35000_39999,1,married_couple,no_65_plus,35_64,36100,1,1
pums_ca_08900_01326,0608900,2018,4,2,60000_74999,2,married_couple,no_65_plus,35_64,74200,2,1
pums_ca_08900_01327,0608900,2018,10,1,25000_29999,2,nonfamily_living_alone,has_65_plus,65_plus,29300,2,4
pums_ca_08900_01328,0608900,2018,118,3,100000_124999,2,other_male_householder,no_65_plus,18_34,106300,2,2
pums_ca_08900_01329,0608900,2018,16,1,30000_34999,1,nonfamily_not_living_alone,has_65_plus,65_plus,34680,1,6
pums_ca_08900_01330,0608900,2018,11,4,60000_74999,2,other_female_householder,no_65_plus,35_64,64500,2,3
pums_ca_08900_01331,0608900,2018,5,4,150000_199999,1,married_couple,no_65_plus,35_64,191000,1,1
pums_ca_08900_01332,0608900,2018,17,1,10000_14999,2,nonfamily_not_living_alone,has_65_plus,65_plus,12000,2,6
pums_ca_08900_01333,0608900,2018,10,1,10000_14999,1,nonfamily_living_alone,no_65_plus,35_64,12000,1,4
pums_ca_08900_01334,0608900,2018,9,2,30000_34999,1,other_male_householder,no_65_plus,35_64,30000,1,2
pums_ca_08900_01335,0608900,2018,5,1,lt_10000,3,nonfamily_living_alone,has_65_plus,65_plus,0,3,4
pums_ca_08900_01336,0608900,2018,19,3,30000_34999,2,other_female_householder,has_65_plus,65_plus,34000,2,3
pums_ca_08900_01337,0608900,2018,12,4,60000_74999,2,other_female_householder,no_65_plus,35_64,60500,2,3
pums_ca_08900_01338,0608900,2018,44,2,35000_39999,1,other_female_householder,no_65_plus,35_64,35000,1,3
pums_ca_08900_01339,0608900,2018,13,2,60000_74999,2,married_couple,no_65_plus,35_64,64000,2,1
pums_ca_08900_01340,0608900,2018,13,1,60000_74999,1,nonfamily_not_living_alone,no_65_plus,35_64,68000,1,6
pums_ca_08900_01341,0608900,2018,12,2,200000_plus,4_plus,married_couple,no_65_plus,35_64,210600,4,1
pums_ca_08900_01342,0608900,2018,26,1,10000_14999,0,nonfamily_not_living_alone,has_65_plus,65_plus,12100,0,6
pums_ca_08900_01343,0608900,2018,11,2,125000_149999,3,married_couple,no_65_plus,35_64,148400,3,1
pums_ca_08900_01344,0608900,2018,7,2,75000_99999,2,married_couple,no_65_plus,35_64,75800,2,1
pums_ca_08900_01345,0608900,2018,7,1,15000_19999,0,nonfamily_not_living_alone,has_65_plus,65_plus,16800,0,6
pums_ca_08900_01346,0608900,2018,23,5,60000_74999,1,other_female_householder,has_65_plus,65_plus,70000,1,3
pums_ca_08900_01347,0608900,2018,14,4,60000_74999,4_plus,married_couple,no_65_plus,35_64,63000,5,1
pums_ca_08900_01348,0608900,2018,5,5,75000_99999,2,married_couple,has_65_plus,65_plus,82970,2,1
pums_ca_08900_01349,0608900,2018,17,1,15000_19999,0,nonfamily_living_alone,has_65_plus,65_plus,16000,0,4
pums_ca_08900_01350,0608900,2018,47,4,100000_124999,2,married_couple,no_65_plus,35_64,120000,2,1
pums_ca_08900_01351,0608900,2018,11,2,75000_99999,3,married_couple,no_65_plus,35_64,88300,3,1
pums_ca_08900_01352,0608900,2018,13,6,25000_29999,3,married_couple,has_65_plus,65_plus,29300,3,1
pums_ca_08900_01353,0608900,2018,37,1,25000_29999,1,nonfamily_living_alone,has_65_plus,65_plus,29200,1,4
pums_ca_08900_01354,0608900,2018,43,1,60000_74999,1,nonfamily_not_living_alone,no_65_plus,35_64,60000,1,6
pums_ca_08900_01355,0608900,2018,3,3,60000_74999,0,married_couple,no_65_plus,35_64,66730,0,1
pums_ca_08900_01356,0608900,2018,43,2,125000_149999,4_plus,married_couple,no_65_plus,35_64,135000,4,1
pums_ca_08900_01357,0608900,2018,16,1,35000_39999,2,nonfamily_living_alone,no_65_plus,35_64,35000,2,4
pums_ca_08900_01358,0608900,2018,13,2,75000_99999,2,married_couple,has_65_plus,35_64,91500,2,1
pums_ca_08900_01359,0608900,2018,4,1,60000_74999,2,nonfamily_not_living_alone,has_65_plus,65_plus,70600,2,6
pums_ca_08900_01360,0608900,2018,9,2,200000_plus,3,married_couple,no_65_plus,35_64,213000,3,1
pums_ca_08900_01361,0608900,2018,37,1,25000_29999,2,nonfamily_living_alone,has_65_plus,65_plus,29200,2,4
pums_ca_08900_01362,0608900,2018,15,4,lt_10000,1,other_female_householder,has_65_plus,35_64,5000,1,3
pums_ca_08900_01363,0608900,2018,11,3,10000_14999,2,married_couple,no_65_plus,35_64,11500,2,1
pums_ca_08900_01364,0608900,2018,15,1,15000_19999,1,nonfamily_not_living_alone,has_65_plus,65_plus,19200,1,6
pums_ca_08900_01365,0608900,2018,11,2,35000_39999,1,nonfamily_living_alone,no_65_plus,35_64,36000,1,5
pums_ca_08900_01366,0608900,2018,4,2,75000_99999,2,married_couple,has_65_plus,65_plus,92010,2,1
pums_ca_08900_01367,0608900,2018,7,1,40000_44999,2,nonfamily_not_living_alone,no_65_plus,35_64,42230,2,6
pums_ca_08900_01368,0608900,2018,29,6,150000_199999,2,married_couple,no_65_plus,35_64,152000,2,1
pums_ca_08900_01369,0608900,2018,10,4,60000_74999,2,married_couple,no_65_plus,35_64,60000,2,1
pums_ca_08900_01370,0608900,2018,17,4,75000_99999,2,married_couple,no_65_plus,18_34,79800,2,1
pums_ca_08900_01371,0608900,2018,13,2,75000_99999,2,nonfamily_living_alone,no_65_plus,35_64,84650,2,5
pums_ca_08900_01372,0608900,2018,4,2,20000_24999,2,nonfamily_living_alone,has_65_plus,65_plus,23400,2,5
pums_ca_08900_01373,0608900,2018,13,1,45000_49999,2,nonfamily_living_alone,no_65_plus,35_64,45000,2,4
pums_ca_08900_01374,0608900,2018,10,1,100000_124999,2,nonfamily_not_living_alone,no_65_plus,35_64,100000,2,6
pums_ca_08900_01375,0608900,2018,13,2,125000_149999,4_plus,married_couple,has_65_plus,65_plus,149440,4,1
pums_ca_08900_01376,0608900,2018,20,4,75000_99999,2,married_couple,has_65_plus,35_64,83700,2,1
pums_ca_08900_01377,0608900,2018,22,2,75000_99999,3,married_couple,no_65_plus,35_64,87000,3,1
pums_ca_08900_01378,0608900,2018,9,2,75000_99999,2,married_couple,no_65_plus,35_64,83000,2,1
pums_ca_08900_01379,0608900,2018,47,1,10000_14999,0,nonfamily_not_living_alone,no_65_plus,35_64,10800,0,6
pums_ca_08900_01380,0608900,2018,11,1,30000_34999,2,nonfamily_not_living_alone,has_65_plus,65_plus,31400,2,6
pums_ca_08900_01381,0608900,2018,11,6,125000_149999,2,married_couple,no_65_plus,35_64,126000,2,1
pums_ca_08900_01382,0608900,2018,12,2,20000_24999,1,married_couple,no_65_plus,35_64,20930,1,1
pums_ca_08900_01383,0608900,2018,21,2,lt_10000,0,other_female_householder,no_65_plus,35_64,8500,0,3
pums_ca_08900_01384,0608900,2018,8,1,25000_29999,1,nonfamily_not_living_alone,no_65_plus,35_64,26200,1,6
pums_ca_08900_01385,0608900,2018,14,2,50000_59999,2,married_couple,has_65_plus,65_plus,57420,2,1
pums_ca_08900_01386,0608900,2018,16,2,200000_plus,2,married_couple,has_65_plus,65_plus,357890,2,1
pums_ca_08900_01387,0608900,2018,12,2,75000_99999,2,married_couple,no_65_plus,35_64,75000,2,1
pums_ca_08900_01388,0608900,2018,9,1,25000_29999,1,nonfamily_not_living_alone,has_65_plus,65_plus,29000,1,6
pums_ca_08900_01389,0608900,2018,77,1,150000_199999,1,nonfamily_living_alone,has_65_plus,65_plus,150000,1,4
pums_ca_08900_01390,0608900,2018,63,2,20000_24999,2,other_male_householder,has_65_plus,65_plus,22200,2,2
pums_ca_08900_01391,0608900,2018,13,2,15000_19999,1,married_couple,has_65_plus,65_plus,19800,1,1
pums_ca_08900_01392,0608900,2018,6,2,60000_74999,2,married_couple,no_65_plus,35_64,71400,2,1
pums_ca_08900_01393,0608900,2018,48,3,20000_24999,2,other_female_householder,no_65_plus,18_34,22600,2,3
pums_ca_08900_01394,0608900,2018,7,6,100000_124999,4_plus,married_couple,no_65_plus,35_64,100000,4,1
pums_ca_08900_01395,0608900,2018,14,2,50000_59999,2,nonfamily_not_living_alone,no_65_plus,35_64,58690,2,7
pums_ca_08900_01396,0608900,2018,9,2,60000_74999,2,married_couple,no_65_plus,35_64,61850,2,1
pums_ca_08900_01397,0608900,2018,12,2,25000_29999,3,married_couple,no_65_plus,35_64,28800,3,1
pums_ca_08900_01398,0608900,2018,13,2,15000_19999,2,nonfamily_not_living_alone,no_65_plus,35_64,17300,2,7
pums_ca_08900_01399,0608900,2018,17,3,60000_74999,4_plus,nonfamily_living_alone,no_65_plus,35_64,68900,4,5
pums_ca_08900_01400,0608900,2018,23,1,lt_10000,1,nonfamily_living_alone,no_65_plus,35_64,0,1,4
pums_ca_08900_01401,0608900,2018,8,4,150000_199999,4_plus,other_female_householder,no_65_plus,35_64,186000,4,3
pums_ca_08900_01402,0608900,2018,17,5,125000_149999,3,married_couple,no_65_plus,18_34,127500,3,1
pums_ca_08900_01403,0608900,2018,7,2,20000_24999,2,married_couple,has_65_plus,35_64,22000,2,1
pums_ca_08900_01404,0608900,2018,14,1,30000_34999,1,nonfamily_not_living_alone,has_65_plus,65_plus,31300,1,6
pums_ca_08900_01405,0608900,2018,26,1,15000_19999,1,nonfamily_living_alone,no_65_plus,18_34,18000,1,4
pums_ca_08900_01406,0608900,2018,10,1,lt_10000,1,nonfamily_living_alone,no_65_plus,35_64,8800,1,4
pums_ca_08900_01407,0608900,2018,11,4,60000_74999,2,married_couple,no_65_plus,35_64,70000,2,1
pums_ca_08900_01408,0608900,2018,15,4,75000_99999,3,married_couple,has_65_plus,65_plus,85400,3,1
pums_ca_08900_01409,0608900,2018,21,4,35000_39999,0,married_couple,no_65_plus,35_64,36000,0,1
pums_ca_08900_01410,0608900,2018,7,1,75000_99999,2,nonfamily_living_alone,has_65_plus,65_plus,90000,2,4
pums_ca_08900_01411,0608900,2018,24,2,150000_199999,2,married_couple,no_65_plus,35_64,152500,2,1
pums_ca_08900_01412,0608900,2018,75,2,40000_44999,1,married_couple,has_65_plus,65_plus,42200,1,1
pums_ca_08900_01413,0608900,2018,20,4,lt_10000,0,married_couple,no_65_plus,35_64,9100,0,1
pums_ca_08900_01414,0608900,2018,56,4,lt_10000,0,nonfamily_living_alone,no_65_plus,18_34,5000,0,5
pums_ca_08900_01415,0608900,2018,6,2,25000_29999,1,married_couple,has_65_plus,65_plus,26400,1,1
pums_ca_08900_01416,0608900,2018,12,1,25000_29999,1,nonfamily_not_living_alone,has_65_plus,65_plus,25000,1,6
pums_ca_08900_01417,0608900,2018,17,1,30000_34999,1,nonfamily_living_alone,has_65_plus,65_plus,32000,1,4
pums_ca_08900_01418,0608900,2018,13,2,20000_24999,0,nonfamily_living_alone,no_65_plus,35_64,21800,0,5
pums_ca_08900_01419,0608900,2018,32,4,40000_44999,1,other_male_householder,no_65_plus,35_64,42400,1,2
pums_ca_08900_01420,0608900,2018,11,5,75000_99999,2,married_couple,has_65_plus,65_plus,78820,2,1
pums_ca_08900_01421,0608900,2018,17,1,15000_19999,1,nonfamily_living_alone,no_65_plus,18_34,17001,1,4
pums_ca_08900_01422,0608900,2018,12,1,lt_10000,2,nonfamily_not_living_alone,has_65_plus,65_plus,7800,2,6
pums_ca_08900_01423,0608900,2018,13,2,60000_74999,3,married_couple,has_65_plus,65_plus,63400,3,1
pums_ca_08900_01424,0608900,2018,4,2,100000_124999,2,married_couple,no_65_plus,35_64,100000,2,1
pums_ca_08900_01425,0608900,2018,20,1,20000_24999,0,nonfamily_living_alone,no_65_plus,18_34,24000,0,4
pums_ca_08900_01426,0608900,2018,32,2,20000_24999,2,nonfamily_not_living_alone,no_65_plus,18_34,24000,2,7
pums_ca_08900_01427,0608900,2018,12,2,50000_59999,2,married_couple,no_65_plus,35_64,50000,2,1
pums_ca_08900_01428,0608900,2018,7,3,125000_149999,4_plus,married_couple,no_65_plus,35_64,129600,4,1
pums_ca_08900_01429,0608900,2018,35,2,35000_39999,1,married_couple,has_65_plus,65_plus,36000,1,1
pums_ca_08900_01430,0608900,2018,4,2,25000_29999,3,married_couple,has_65_plus,35_64,25600,3,1
pums_ca_08900_01431,0608900,2018,20,2,lt_10000,2,married_couple,no_65_plus,35_64,500,2,1
pums_ca_08900_01432,0608900,2018,5,2,45000_49999,1,other_female_householder,no_65_plus,35_64,49600,1,3
pums_ca_08900_01433,0608900,2018,7,2,125000_149999,3,married_couple,no_65_plus,35_64,136000,3,1
pums_ca_08900_01434,0608900,2018,10,2,15000_19999,3,married_couple,has_65_plus,65_plus,19200,3,1
pums_ca_08900_01435,0608900,2018,37,1,50000_59999,1,nonfamily_living_alone,no_65_plus,35_64,50000,1,4
pums_ca_08900_01436,0608900,2018,23,3,45000_49999,4_plus,married_couple,no_65_plus,35_64,48500,4,1
pums_ca_08900_01437,0608900,2018,13,1,10000_14999,1,nonfamily_not_living_alone,has_65_plus,65_plus,12200,1,6
pums_ca_08900_01438,0608900,2018,4,2,150000_199999,2,married_couple,no_65_plus,35_64,198000,2,1
pums_ca_08900_01439,0608900,2018,62,2,50000_59999,2,married_couple,has_65_plus,65_plus,52600,2,1
pums_ca_08900_01440,0608900,2018,2,2,10000_14999,1,married_couple,has_65_plus,65_plus,12800,1,1
pums_ca_08900_01441,0608900,2018,4,2,100000_124999,3,married_couple,has_65_plus,65_plus,121900,3,1
pums_ca_08900_01442,0608900,2018,4,2,lt_10000,1,other_male_householder,no_65_plus,35_64,8020,1,2
pums_ca_08900_01443,0608900,2018,11,2,30000_34999,1,married_couple,has_65_plus,65_plus,30400,1,1
pums_ca_08900_01444,0608900,2018,12,2,20000_24999,2,married_couple,has_65_plus,35_64,23400,2,1
pums_ca_08900_01445,0608900,2018,22,3,10000_14999,1,other_female_householder,no_65_plus,35_64,14400,1,3
pums_ca_08900_01446,0608900,2018,9,3,lt_10000,1,nonfamily_living_alone,no_65_plus,35_64,9100,1,5
pums_ca_08900_01447,0608900,2018,10,4,150000_199999,4_plus,married_couple,no_65_plus,35_64,150500,5,1
pums_ca_08900_01448,0608900,2018,12,2,35000_39999,2,married_couple,has_65_plus,65_plus,36200,2,1
pums_ca_08900_01449,0608900,2018,8,1,15000_19999,1,nonfamily_not_living_alone,has_65_plus,65_plus,18000,1,6
pums_ca_08900_01450,0608900,2018,10,4,75000_99999,3,married_couple,no_65_plus,35_64,76800,3,1
pums_ca_08900_01451,0608900,2018,20,1,15000_19999,1,nonfamily_not_living_alone,has_65_plus,65_plus,19200,1,6
pums_ca_08900_01452,0608900,2018,17,2,75000_99999,0,nonfamily_not_living_alone,has_65_plus,65_plus,88200,0,7
pums_ca_08900_01453,0608900,2018,35,3,25000_29999,2,nonfamily_not_living_alone,no_65_plus,35_64,26300,2,7
pums_ca_08900_01454,0608900,2018,21,3,75000_99999,2,married_couple,has_65_plus,65_plus,84300,2,1
pums_ca_08900_01455,0608900,2018,12,2,150000_199999,2,married_couple,no_65_plus,35_64,157000,2,1
pums_ca_08900_01456,0608900,2018,41,6,35000_39999,3,other_female_householder,no_65_plus,18_34,39000,3,3
pums_ca_08900_01457,0608900,2018,13,2,lt_10000,2,married_couple,no_65_plus,35_64,0,2,1
pums_ca_08900_01458,0608900,2018,11,1,30000_34999,1,nonfamily_living_alone,has_65_plus,65_plus,30700,1,4
pums_ca_08900_01459,0608900,2018,5,3,50000_59999,2,married_couple,has_65_plus,65_plus,58000,2,1
pums_ca_08900_01460,0608900,2018,19,2,150000_199999,2,married_couple,no_65_plus,35_64,197200,2,1
pums_ca_08900_01461,0608900,2018,13,2,25000_29999,2,other_male_householder,no_65_plus,35_64,26000,2,2
pums_ca_08900_01462,0608900,2018,25,1,35000_39999,1,nonfamily_not_living_alone,no_65_plus,35_64,37600,1,6
pums_ca_08900_01463,0608900,2018,41,3,40000_44999,3,other_female_householder,has_65_plus,35_64,42500,3,3
pums_ca_08900_01464,0608900,2018,37,7,30000_34999,2,married_couple,no_65_plus,18_34,32000,2,1
pums_ca_08900_01465,0608900,2018,11,1,15000_19999,1,nonfamily_not_living_alone,has_65_plus,65_plus,15500,1,6
pums_ca_08900_01466,0608900,2018,10,2,40000_44999,2,married_couple,has_65_plus,65_plus,43000,2,1
pums_ca_08900_01467,0608900,2018,11,3,15000_19999,1,married_couple,no_65_plus,35_64,17201,1,1
pums_ca_08900_01468,0608900,2018,11,1,15000_19999,1,nonfamily_not_living_alone,has_65_plus,65_plus,16000,1,6
pums_ca_08900_01469,0608900,2018,8,2,lt_10000,2,married_couple,has_65_plus,65_plus,8400,2,1
pums_ca_08900_01470,0608900,2018,20,2,75000_99999,2,married_couple,no_65_plus,35_64,86200,2,1
pums_ca_08900_01471,0608900,2018,10,2,60000_74999,3,married_couple,no_65_plus,35_64,61000,3,1
pums_ca_08900_01472,0608900,2018,15,4,75000_99999,1,married_couple,has_65_plus,35_64,80150,1,1
pums_ca_08900_01473,0608900,2018,12,3,25000_29999,2,nonfamily_living_alone,no_65_plus,35_64,28900,2,5
pums_ca_08900_01474,0608900,2018,18,2,25000_29999,2,nonfamily_living_alone,has_65_plus,65_plus,26000,2,5
pums_ca_08900_01475,0608900,2018,5,2,125000_149999,4_plus,married_couple,no_65_plus,35_64,139000,6,1
pums_ca_08900_01476,0608900,2018,8,4,35000_39999,2,married_couple,no_65_plus,18_34,35950,2,1
pums_ca_08900_01477,0608900,2018,16,1,25000_29999,0,nonfamily_not_living_alone,no_65_plus,18_34,26000,0,6
pums_ca_08900_01478,0608900,2018,12,2,30000_34999,1,other_male_householder,no_65_plus,35_64,30000,1,2
pums_ca_08900_01479,0608900,2018,42,3,45000_49999,1,married_couple,has_65_plus,35_64,45800,1,1
pums_ca_08900_01480,0608900,2018,11,2,15000_19999,1,other_male_householder,no_65_plus,35_64,18900,1,2
pums_ca_08900_01481,0608900,2018,11,1,125000_149999,1,nonfamily_living_alone,no_65_plus,35_64,140000,1,4
pums_ca_08900_01482,0608900,2018,50,5,50000_59999,2,married_couple,no_65_plus,18_34,50500,2,1
pums_ca_08900_01483,0608900,2018,20,3,100000_124999,3,nonfamily_not_living_alone,no_65_plus,18_34,112800,3,7
pums_ca_08900_01484,0608900,2018,11,2,20000_24999,2,married_couple,has_65_plus,65_plus,21600,2,1
pums_ca_08900_01485,0608900,2018,8,3,60000_74999,2,married_couple,no_65_plus,35_64,67800,2,1
pums_ca_08900_01486,0608900,2018,34,5,10000_14999,2,married_couple,no_65_plus,18_34,14500,2,1
pums_ca_08900_01487,0608900,2018,14,4,60000_74999,2,married_couple,no_65_plus,35_64,72800,2,1
pums_ca_08900_01488,0608900,2018,13,3,150000_199999,3,married_couple,no_65_plus,35_64,160000,3,1
pums_ca_08900_01489,0608900,2018,11,1,15000_19999,1,nonfamily_living_alone,no_65_plus,35_64,18700,1,4
pums_ca_08900_01490,0608900,2018,14,2,100000_124999,2,married_couple,no_65_plus,35_64,105000,2,1
pums_ca_08900_01491,0608900,2018,27,2,40000_44999,1,nonfamily_living_alone,has_65_plus,65_plus,44800,1,5
pums_ca_08900_01492,0608900,2018,19,3,35000_39999,2,married_couple,no_65_plus,18_34,38000,2,1
pums_ca_08900_01493,0608900,2018,9,4,30000_34999,3,married_couple,no_65_plus,35_64,31600,3,1
pums_ca_08900_01494,0608900,2018,27,3,25000_29999,2,other_female_householder,no_65_plus,18_34,29400,2,3
pums_ca_08900_01495,0608900,2018,13,4,100000_124999,2,other_female_householder,no_65_plus,18_34,102400,2,3
pums_ca_08900_01496,0608900,2018,8,3,75000_99999,3,other_male_householder,has_65_plus,65_plus,97200,3,2
pums_ca_08900_01497,0608900,2018,98,1,100000_124999,2,nonfamily_not_living_alone,no_65_plus,18_34,100000,2,6
pums_ca_08900_01498,0608900,2018,12,2,40000_44999,3,married_couple,no_65_plus,35_64,41900,3,1
pums_ca_08900_01499,0608900,2018,14,5,40000_44999,1,married_couple,no_65_plus,18_34,42000,1,1
pums_ca_08900_01500,0608900,2018,13,1,50000_59999,2,nonfamily_not_living_alone,no_65_plus,35_64,57700,2,6
pums_ca_08900_01501,0608900,2018,10,1,30000_34999,3,nonfamily_living_alone,no_65_plus,35_64,34404,3,4
pums_ca_08900_01502,0608900,2018,10,4,30000_34999,2,other_female_householder,has_65_plus,65_plus,30900,2,3
pums_ca_08900_01503,0608900,2018,20,2,35000_39999,3,married_couple,no_65_plus,35_64,36600,3,1
pums_ca_08900_01504,0608900,2018,13,4,100000_124999,4_plus,other_female_householder,no_65_plus,35_64,103000,4,3
pums_ca_08900_01505,0608900,2018,13,2,40000_44999,1,married_couple,no_65_plus,35_64,42800,1,1
pums_ca_08900_01506,0608900,2018,26,1,30000_34999,1,nonfamily_not_living_alone,has_65_plus,65_plus,30500,1,6
pums_ca_08900_01507,0608900,2018,26,2,40000_44999,1,other_female_householder,no_65_plus,18_34,40000,1,3
pums_ca_08900_01508,0608900,2018,17,2,50000_59999,4_plus,married_couple,has_65_plus,65_plus,54700,4,1
pums_ca_08900_01509,0608900,2018,30,2,150000_199999,2,married_couple,no_65_plus,35_64,176000,2,1
pums_ca_08900_01510,0608900,2018,21,2,100000_124999,3,married_couple,has_65_plus,35_64,104300,3,1
pums_ca_08900_01511,0608900,2018,8,1,lt_10000,0,nonfamily_not_living_alone,has_65_plus,65_plus,1400,0,6
pums_ca_08900_01512,0608900,2018,13,3,75000_99999,4_plus,married_couple,no_65_plus,35_64,90500,5,1
pums_ca_08900_01513,0608900,2018,45,2,50000_59999,2,other_female_householder,has_65_plus,65_plus,50100,2,3
pums_ca_08900_01514,0608900,2018,35,1,10000_14999,1,nonfamily_living_alone,no_65_plus,35_64,10000,1,4
pums_ca_08900_01515,0608900,2018,13,4,75000_99999,2,married_couple,no_65_plus,35_64,95000,2,1
pums_ca_08900_01516,0608900,2018,2,1,lt_10000,1,nonfamily_not_living_alone,has_65_plus,65_plus,2900,1,6
pums_ca_08900_01517,0608900,2018,38,1,50000_59999,0,nonfamily_living_alone,has_65_plus,65_plus,50000,0,4
pums_ca_08900_01518,0608900,2018,25,2,60000_74999,2,nonfamily_living_alone,has_65_plus,65_plus,67860,2,5
pums_ca_08900_01519,0608900,2018,8,1,10000_14999,1,nonfamily_not_living_alone,has_65_plus,65_plus,12600,1,6
pums_ca_08900_01520,0608900,2018,3,2,100000_124999,1,married_couple,no_65_plus,35_64,103000,1,1
pums_ca_08900_01521,0608900,2018,12,5,75000_99999,2,other_male_householder,no_65_plus,35_64,75200,2,2
pums_ca_08900_01522,0608900,2018,16,2,35000_39999,2,nonfamily_not_living_alone,no_65_plus,18_34,36800,2,7
pums_ca_08900_01523,0608900,2018,7,2,60000_74999,3,married_couple,has_65_plus,65_plus,68860,3,1
pums_ca_08900_01524,0608900,2018,13,2,60000_74999,1,nonfamily_not_living_alone,no_65_plus,35_64,65520,1,7
pums_ca_08900_01525,0608900,2018,65,2,35000_39999,3,married_couple,no_65_plus,35_64,38200,3,1
pums_ca_08900_01526,0608900,2018,9,2,60000_74999,2,other_female_householder,no_65_plus,35_64,67600,2,3
pums_ca_08900_01527,0608900,2018,16,1,15000_19999,1,nonfamily_not_living_alone,has_65_plus,65_plus,15800,1,6
pums_ca_08900_01528,0608900,2018,6,1,20000_24999,1,nonfamily_living_alone,no_65_plus,35_64,22800,1,4
pums_ca_08900_01529,0608900,2018,23,4,lt_10000,2,married_couple,no_65_plus,35_64,7000,2,1
pums_ca_08900_01530,0608900,2018,13,2,35000_39999,1,married_couple,has_65_plus,65_plus,39300,1,1
pums_ca_08900_01531,0608900,2018,11,1,30000_34999,1,nonfamily_not_living_alone,no_65_plus,35_64,30000,1,6
pums_ca_08900_01532,0608900,2018,9,2,200000_plus,2,married_couple,no_65_plus,35_64,204000,2,1
pums_ca_08900_01533,0608900,2018,15,1,30000_34999,3,nonfamily_living_alone,has_65_plus,65_plus,32300,3,4
pums_ca_08900_01534,0608900,2018,11,2,45000_49999,0,married_couple,has_65_plus,65_plus,46000,0,1
pums_ca_08900_01535,0608900,2018,23,2,60000_74999,2,married_couple,has_65_plus,65_plus,63400,2,1
pums_ca_08900_01536,0608900,2018,26,5,100000_124999,3,married_couple,no_65_plus,35_64,105000,3,1
pums_ca_08900_01537,0608900,2018,20,2,15000_19999,1,married_couple,no_65_plus,18_34,15200,1,1
pums_ca_08900_01538,0608900,2018,20,5,100000_124999,2,married_couple,no_65_plus,35_64,109000,2,1
pums_ca_08900_01539,0608900,2018,13,3,45000_49999,1,married_couple,has_65_plus,65_plus,45600,1,1
pums_ca_08900_01540,0608900,2018,4,1,35000_39999,2,nonfamily_not_living_alone,no_65_plus,35_64,35000,2,6
pums_ca_08900_01541,0608900,2018,52,4,200000_plus,2,married_couple,has_65_plus,18_34,213000,2,1
pums_ca_08900_01542,0608900,2018,13,2,30000_34999,3,married_couple,has_65_plus,65_plus,30500,3,1
pums_ca_08900_01543,0608900,2018,14,2,30000_34999,2,married_couple,no_65_plus,35_64,32900,2,1
pums_ca_08900_01544,0608900,2018,14,2,60000_74999,2,married_couple,no_65_plus,35_64,60000,2,1
pums_ca_08900_01545,0608900,2018,25,1,lt_10000,0,nonfamily_living_alone,no_65_plus,35_64,0,0,4
pums_ca_08900_01546,0608900,2018,11,1,10000_14999,0,nonfamily_not_living_alone,has_65_plus,65_plus,11530,0,6
pums_ca_08900_01547,0608900,2018,23,1,20000_24999,1,nonfamily_not_living_alone,no_65_plus,35_64,20000,1,6
pums_ca_08900_01548,0608900,2018,11,2,75000_99999,2,married_couple,has_65_plus,65_plus,85500,2,1
pums_ca_08900_01549,0608900,2018,71,2,50000_59999,3,nonfamily_living_alone,no_65_plus,18_34,50000,3,5
pums_ca_08900_01550,0608900,2018,2,3,60000_74999,2,married_couple,no_65_plus,35_64,66540,2,1
pums_ca_08900_01551,0608900,2018,24,2,lt_10000,3,married_couple,no_65_plus,35_64,-200,3,1
pums_ca_08900_01552,0608900,2018,9,1,15000_19999,2,nonfamily_living_alone,has_65_plus,65_plus,18000,2,4
pums_ca_08900_01553,0608900,2018,37,1,lt_10000,1,nonfamily_living_alone,has_65_plus,65_plus,9600,1,4
pums_ca_08900_01554,0608900,2018,16,2,75000_99999,3,married_couple,has_65_plus,65_plus,86330,3,1
pums_ca_08900_01555,0608900,2018,15,4,lt_10000,1,other_female_householder,no_65_plus,35_64,50,1,3
pums_ca_08900_01556,0608900,2018,8,5,75000_99999,3,married_couple,no_65_plus,35_64,80000,3,1
pums_ca_08900_01557,0608900,2018,15,2,60000_74999,3,married_couple,has_65_plus,35_64,72400,3,1
pums_ca_08900_01558,0608900,2018,15,2,40000_44999,2,married_couple,has_65_plus,65_plus,44000,2,1
pums_ca_08900_01559,0608900,2018,12,4,150000_199999,3,married_couple,no_65_plus,35_64,169500,3,1
pums_ca_08900_01560,0608900,2018,2,2,100000_124999,2,nonfamily_not_living_alone,no_65_plus,35_64,118000,2,7
pums_ca_08900_01561,0608900,2018,12,2,60000_74999,3,married_couple,no_65_plus,35_64,72000,3,1
pums_ca_08900_01562,0608900,2018,15,1,40000_44999,1,nonfamily_living_alone,no_65_plus,35_64,42000,1,4
pums_ca_08900_01563,0608900,2018,42,4,75000_99999,2,married_couple,no_65_plus,18_34,82000,2,1
pums_ca_08900_01564,0608900,2018,14,3,50000_59999,3,other_male_householder,no_65_plus,18_34,50000,3,2
pums_ca_08900_01565,0608900,2018,23,2,75000_99999,3,married_couple,has_65_plus,65_plus,99800,3,1
pums_ca_08900_01566,0608900,2018,16,5,60000_74999,2,married_couple,no_65_plus,18_34,67500,2,1
pums_ca_08900_01567,0608900,2018,16,2,200000_plus,2,married_couple,has_65_plus,65_plus,228500,2,1
pums_ca_08900_01568,0608900,2018,24,2,45000_49999,3,married_couple,has_65_plus,65_plus,46800,3,1
pums_ca_08900_01569,0608900,2018,18,3,10000_14999,2,nonfamily_living_alone,no_65_plus,18_34,10500,2,5
pums_ca_08900_01570,0608900,2018,25,3,30000_34999,1,other_female_householder,no_65_plus,18_34,30000,1,3
pums_ca_08900_01571,0608900,2018,14,2,60000_74999,1,married_couple,has_65_plus,65_plus,64300,1,1
pums_ca_08900_01572,0608900,2018,17,2,60000_74999,2,married_couple,has_65_plus,65_plus,63600,2,1
pums_ca_08900_01573,0608900,2018,19,1,10000_14999,1,nonfamily_living_alone,no_65_plus,35_64,10600,1,4
pums_ca_08900_01574,0608900,2018,11,2,35000_39999,2,married_couple,has_65_plus,65_plus,39600,2,1
pums_ca_08900_01575,0608900,2018,15,2,75000_99999,2,married_couple,has_65_plus,65_plus,82130,2,1
pums_ca_08900_01576,0608900,2018,16,3,200000_plus,3,other_female_householder,no_65_plus,35_64,485800,3,3
pums_ca_08900_01577,0608900,2018,2,2,100000_124999,4_plus,married_couple,no_65_plus,35_64,119000,4,1
pums_ca_08900_01578,0608900,2018,12,4,100000_124999,4_plus,married_couple,no_65_plus,35_64,100000,4,1
pums_ca_08900_01579,0608900,2018,20,1,150000_199999,1,nonfamily_living_alone,no_65_plus,35_64,180000,1,4
pums_ca_08900_01580,0608900,2018,45,5,30000_34999,1,married_couple,no_65_plus,18_34,30000,1,1
pums_ca_08900_01581,0608900,2018,10,1,35000_39999,1,nonfamily_not_living_alone,has_65_plus,65_plus,36600,1,6
pums_ca_08900_01582,0608900,2018,13,2,75000_99999,2,married_couple,no_65_plus,35_64,75000,2,1
pums_ca_08900_01583,0608900,2018,14,2,35000_39999,2,other_female_householder,has_65_plus,65_plus,38000,2,3
pums_ca_08900_01584,0608900,2018,7,4,60000_74999,3,other_female_householder,has_65_plus,35_64,63600,3,3
pums_ca_08900_01585,0608900,2018,2,1,25000_29999,1,nonfamily_not_living_alone,no_65_plus,35_64,25000,1,6
pums_ca_08900_01586,0608900,2018,15,2,40000_44999,2,married_couple,has_65_plus,65_plus,42400,2,1
pums_ca_08900_01587,0608900,2018,21,4,125000_149999,4_plus,married_couple,has_65_plus,65_plus,129580,4,1
pums_ca_08900_01588,0608900,2018,12,1,10000_14999,1,nonfamily_not_living_alone,no_65_plus,35_64,13000,1,6
pums_ca_08900_01589,0608900,2018,69,1,40000_44999,1,nonfamily_living_alone,no_65_plus,18_34,40000,1,4
pums_ca_08900_01590,0608900,2018,3,2,75000_99999,3,married_couple,no_65_plus,35_64,82200,3,1
pums_ca_08900_01591,0608900,2018,18,2,60000_74999,0,nonfamily_not_living_alone,no_65_plus,35_64,70000,0,7
pums_ca_08900_01592,0608900,2018,11,2,40000_44999,4_plus,other_male_householder,has_65_plus,35_64,41600,4,2
pums_ca_08900_01593,0608900,2018,6,1,10000_14999,0,nonfamily_not_living_alone,no_65_plus,35_64,10800,0,6
pums_ca_08900_01594,0608900,2018,21,2,125000_149999,3,married_couple,no_65_plus,35_64,137800,3,1
pums_ca_08900_01595,0608900,2018,6,2,40000_44999,1,married_couple,has_65_plus,65_plus,42800,1,1
pums_ca_08900_01596,0608900,2018,6,1,25000_29999,1,nonfamily_not_living_alone,has_65_plus,65_plus,28560,1,6
pums_ca_08900_01597,0608900,2018,28,1,60000_74999,1,nonfamily_not_living_alone,has_65_plus,65_plus,70700,1,6
pums_ca_08900_01598,0608900,2018,8,2,75000_99999,3,married_couple,no_65_plus,35_64,75100,3,1
pums_ca_08900_01599,0608900,2018,20,2,50000_59999,2,married_couple,has_65_plus,65_plus,59890,2,1
pums_ca_08900_01600,0608900,2018,4,2,60000_74999,2,married_couple,no_65_plus,18_34,60800,2,1
pums_ca_08900_01601,0608900,2018,17,1,40000_44999,1,nonfamily_not_living_alone,no_65_plus,18_34,40000,1,6
pums_ca_08900_01602,0608900,2018,9,1,40000_44999,2,nonfamily_living_alone,has_65_plus,65_plus,42000,2,4
pums_ca_08900_01603,0608900,2018,12,2,125000_149999,2,nonfamily_living_alone,no_65_plus,35_64,135080,2,5
pums_ca_08900_01604,0608900,2018,14,1,10000_14999,1,nonfamily_not_living_alone,no_65_plus,35_64,11000,1,6
pums_ca_08900_01605,0608900,2018,15,2,125000_149999,4_plus,married_couple,has_65_plus,65_plus,141550,5,1
pums_ca_08900_01606,0608900,2018,6,1,10000_14999,1,nonfamily_not_living_alone,has_65_plus,65_plus,12200,1,6
pums_ca_08900_01607,0608900,2018,12,2,200000_plus,3,married_couple,no_65_plus,35_64,355000,3,1
pums_ca_08900_01608,0608900,2018,13,8,100000_124999,2,married_couple,no_65_plus,18_34,105000,2,1
pums_ca_08900_01609,0608900,2018,23,1,40000_44999,1,nonfamily_living_alone,has_65_plus,65_plus,40101,1,4
pums_ca_08900_01610,0608900,2018,8,3,30000_34999,4_plus,other_male_householder,has_65_plus,65_plus,31400,4,2
pums_ca_08900_01611,0608900,2018,14,3,60000_74999,3,married_couple,no_65_plus,35_64,62000,3,1
pums_ca_08900_01612,0608900,2018,9,1,30000_34999,2,nonfamily_living_alone,no_65_plus,35_64,30000,2,4
pums_ca_08900_01613,0608900,2018,15,2,60000_74999,2,married_couple,has_65_plus,65_plus,72300,2,1
pums_ca_08900_01614,0608900,2018,12,1,40000_44999,1,nonfamily_not_living_alone,no_65_plus,35_64,41200,1,6
pums_ca_08900_01615,0608900,2018,16,1,10000_14999,3,nonfamily_living_alone,has_65_plus,65_plus,10200,3,4
pums_ca_08900_01616,0608900,2018,9,2,75000_99999,3,married_couple,has_65_plus,65_plus,84100,3,1
pums_ca_08900_01617,0608900,2018,44,2,30000_34999,2,other_male_householder,no_65_plus,35_64,32700,2,2
pums_ca_08900_01618,0608900,2018,39,3,75000_99999,1,married_couple,no_65_plus,35_64,92500,1,1
pums_ca_08900_01619,0608900,2018,11,5,60000_74999,3,married_couple,no_65_plus,35_64,69140,3,1
pums_ca_08900_01620,0608900,2018,18,2,50000_59999,1,married_couple,has_65_plus,65_plus,57200,1,1
pums_ca_08900_01621,0608900,2018,48,1,20000_24999,1,nonfamily_living_alone,no_65_plus,35_64,23000,1,4
pums_ca_08900_01622,0608900,2018,3,1,35000_39999,1,nonfamily_living_alone,has_65_plus,65_plus,37200,1,4
pums_ca_08900_01623,0608900,2018,14,3,75000_99999,2,married_couple,no_65_plus,35_64,93000,2,1
pums_ca_08900_01624,0608900,2018,51,2,150000_199999,1,other_male_householder,no_65_plus,35_64,150000,1,2
pums_ca_08900_01625,0608900,2018,11,3,30000_34999,1,married_couple,has_65_plus,65_plus,30700,1,1
pums_ca_08900_01626,0608900,2018,19,1,75000_99999,4_plus,nonfamily_living_alone,no_65_plus,35_64,82600,4,4
pums_ca_08900_01627,0608900,2018,23,3,20000_24999,1,other_male_householder,no_65_plus,35_64,22200,1,2
pums_ca_08900_01628,0608900,2018,5,5,125000_149999,4_plus,other_female_householder,has_65_plus,65_plus,149000,6,3
pums_ca_08900_01629,0608900,2018,28,2,75000_99999,4_plus,married_couple,has_65_plus,65_plus,81500,4,1
pums_ca_08900_01630,0608900,2018,9,3,100000_124999,3,married_couple,no_65_plus,35_64,119850,3,1
pums_ca_08900_01631,0608900,2018,5,3,50000_59999,1,married_couple,no_65_plus,35_64,59900,1,1
pums_ca_08900_01632,0608900,2018,12,6,50000_59999,4_plus,married_couple,no_65_plus,35_64,53000,4,1
pums_ca_08900_01633,0608900,2018,26,2,30000_34999,2,married_couple,has_65_plus,65_plus,30900,2,1
pums_ca_08900_01634,0608900,2018,19,4,60000_74999,2,married_couple,no_65_plus,35_64,71000,2,1
pums_ca_08900_01635,0608900,2018,9,1,25000_29999,1,nonfamily_not_living_alone,no_65_plus,35_64,25000,1,6
pums_ca_08900_01636,0608900,2018,3,3,60000_74999,4_plus,married_couple,no_65_plus,35_64,65000,4,1
pums_ca_08900_01637,0608900,2018,14,3,60000_74999,4_plus,married_couple,has_65_plus,35_64,62200,5,1
pums_ca_08900_01638,0608900,2018,8,2,150000_199999,2,married_couple,has_65_plus,65_plus,193400,2,1
pums_ca_08900_01639,0608900,2018,7,2,50000_59999,4_plus,married_couple,no_65_plus,35_64,54420,4,1
pums_ca_08900_01640,0608900,2018,14,4,75000_99999,3,married_couple,no_65_plus,18_34,88400,3,1
pums_ca_08900_01641,0608900,2018,15,2,60000_74999,3,married_couple,has_65_plus,65_plus,63410,3,1
pums_ca_08900_01642,0608900,2018,20,4,35000_39999,3,married_couple,no_65_plus,18_34,35000,3,1
pums_ca_08900_01643,0608900,2018,6,2,25000_29999,1,married_couple,has_65_plus,65_plus,26060,1,1
pums_ca_08900_01644,0608900,2018,7,5,100000_124999,2,married_couple,no_65_plus,35_64,118100,2,1
pums_ca_08900_01645,0608900,2018,4,4,75000_99999,3,married_couple,has_65_plus,65_plus,76700,3,1
pums_ca_08900_01646,0608900,2018,41,3,15000_19999,1,other_female_householder,no_65_plus,18_34,18900,1,3
pums_ca_08900_01647,0608900,2018,8,4,10000_14999,1,married_couple,has_65_plus,35_64,14990,1,1
pums_ca_08900_01648,0608900,2018,8,2,40000_44999,2,married_couple,has_65_plus,65_plus,44900,2,1
pums_ca_08900_01649,0608900,2018,18,1,20000_24999,2,nonfamily_living_alone,no_65_plus,35_64,24900,2,4
pums_ca_08900_01650,0608900,2018,9,2,50000_59999,3,married_couple,has_65_plus,65_plus,57500,3,1
pums_ca_08900_01651,0608900,2018,18,2,125000_149999,2,married_couple,no_65_plus,35_64,143000,2,1
pums_ca_08900_01652,0608900,2018,20,3,40000_44999,1,married_couple,has_65_plus,65_plus,42600,1,1
pums_ca_08900_01653,0608900,2018,43,6,150000_199999,4_plus,married_couple,no_65_plus,35_64,184500,4,1
pums_ca_08900_01654,0608900,2018,21,2,50000_59999,4_plus,nonfamily_living_alone,no_65_plus,35_64,55000,5,5
pums_ca_08900_01655,0608900,2018,9,1,25000_29999,2,nonfamily_not_living_alone,no_65_plus,35_64,27000,2,6
pums_ca_08900_01656,0608900,2018,11,3,75000_99999,3,married_couple,no_65_plus,35_64,94000,3,1
pums_ca_08900_01657,0608900,2018,18,1,75000_99999,1,nonfamily_living_alone,no_65_plus,35_64,94000,1,4
pums_ca_08900_01658,0608900,2018,18,1,20000_24999,1,nonfamily_living_alone,no_65_plus,35_64,24000,1,4
pums_ca_08900_01659,0608900,2018,50,2,25000_29999,2,married_couple,no_65_plus,18_34,26000,2,1
pums_ca_08900_01660,0608900,2018,10,6,75000_99999,1,married_couple,no_65_plus,35_64,82900,1,1
pums_ca_08900_01661,0608900,2018,11,4,75000_99999,4_plus,married_couple,no_65_plus,35_64,93400,4,1
pums_ca_08900_01662,0608900,2018,28,4,20000_24999,1,other_female_householder,no_65_plus,18_34,24000,1,3
pums_ca_08900_01663,0608900,2018,35,5,40000_44999,2,married_couple,no_65_plus,18_34,43400,2,1
pums_ca_08900_01664,0608900,2018,9,2,200000_plus,1,nonfamily_not_living_alone,no_65_plus,35_64,200000,1,7
pums_ca_08900_01665,0608900,2018,16,2,60000_74999,4_plus,other_male_householder,no_65_plus,35_64,62900,4,2
pums_ca_08900_01666,0608900,2018,3,1,75000_99999,1,nonfamily_living_alone,has_65_plus,65_plus,90000,1,4
pums_ca_08900_01667,0608900,2018,32,3,15000_19999,2,other_female_householder,no_65_plus,35_64,16500,2,3
pums_ca_08900_01668,0608900,2018,7,2,75000_99999,3,married_couple,no_65_plus,35_64,95000,3,1
pums_ca_08900_01669,0608900,2018,11,2,150000_199999,3,married_couple,no_65_plus,35_64,195030,3,1
pums_ca_08900_01670,0608900,2018,29,3,40000_44999,1,married_couple,no_65_plus,18_34,41200,1,1
pums_ca_08900_01671,0608900,2018,12,2,125000_149999,2,married_couple,no_65_plus,35_64,131300,2,1
pums_ca_08900_01672,0608900,2018,15,1,lt_10000,0,nonfamily_living_alone,has_65_plus,65_plus,9900,0,4
pums_ca_08900_01673,0608900,2018,14,2,75000_99999,3,married_couple,no_65_plus,35_64,92100,3,1
pums_ca_08900_01674,0608900,2018,57,6,150000_199999,1,married_couple,no_65_plus,35_64,155000,1,1
pums_ca_08900_01675,0608900,2018,11,2,75000_99999,2,married_couple,no_65_plus,35_64,96900,2,1
pums_ca_08900_01676,0608900,2018,8,3,20000_24999,2,married_couple,has_65_plus,65_plus,24000,2,1
pums_ca_08900_01677,0608900,2018,13,1,45000_49999,1,nonfamily_living_alone,no_65_plus,35_64,49000,1,4
pums_ca_08900_01678,0608900,2018,56,1,15000_19999,1,nonfamily_not_living_alone,no_65_plus,18_34,15600,1,6
pums_ca_08900_01679,0608900,2018,21,6,40000_44999,3,other_female_householder,no_65_plus,35_64,43800,3,3
pums_ca_08900_01680,0608900,2018,15,1,40000_44999,1,nonfamily_not_living_alone,no_65_plus,35_64,42000,1,6
pums_ca_08900_01681,0608900,2018,20,5,10000_14999,2,married_couple,no_65_plus,35_64,11500,2,1
pums_ca_08900_01682,0608900,2018,15,1,lt_10000,1,nonfamily_living_alone,has_65_plus,65_plus,2400,1,4
pums_ca_08900_01683,0608900,2018,14,2,20000_24999,2,married_couple,has_65_plus,65_plus,23400,2,1
pums_ca_08900_01684,0608900,2018,4,2,45000_49999,2,married_couple,has_65_plus,65_plus,46500,2,1
pums_ca_08900_01685,0608900,2018,18,1,15000_19999,1,nonfamily_not_living_alone,has_65_plus,65_plus,19000,1,6
pums_ca_08900_01686,0608900,2018,11,1,60000_74999,1,nonfamily_not_living_alone,has_65_plus,65_plus,63700,1,6
pums_ca_08900_01687,0608900,2018,16,2,125000_149999,3,married_couple,has_65_plus,35_64,143500,3,1
pums_ca_08900_01688,0608900,2018,9,8,125000_149999,4_plus,nonfamily_not_living_alone,no_65_plus,18_34,139800,6,7
pums_ca_08900_01689,0608900,2018,20,2,40000_44999,2,married_couple,no_65_plus,18_34,40000,2,1
pums_ca_08900_01690,0608900,2018,6,3,20000_24999,1,other_male_householder,has_65_plus,65_plus,21500,1,2
pums_ca_08900_01691,0608900,2018,4,1,125000_149999,2,nonfamily_not_living_alone,has_65_plus,65_plus,133700,2,6
pums_ca_08900_01692,0608900,2018,3,2,75000_99999,4_plus,married_couple,has_65_plus,65_plus,81800,5,1
pums_ca_08900_01693,0608900,2018,8,2,150000_199999,4_plus,married_couple,no_65_plus,35_64,154400,4,1
pums_ca_08900_01694,0608900,2018,11,2,lt_10000,2,married_couple,no_65_plus,35_64,8100,2,1
pums_ca_08900_01695,0608900,2018,11,4,150000_199999,2,married_couple,no_65_plus,35_64,158500,2,1
pums_ca_08900_01696,0608900,2018,18,4,35000_39999,2,married_couple,no_65_plus,35_64,38000,2,1
pums_ca_08900_01697,0608900,2018,4,2,35000_39999,2,married_couple,no_65_plus,35_64,38900,2,1
pums_ca_08900_01698,0608900,2018,13,2,40000_44999,2,married_couple,has_65_plus,65_plus,42200,2,1
pums_ca_08900_01699,0608900,2018,4,3,75000_99999,4_plus,nonfamily_not_living_alone,no_65_plus,35_64,92100,5,7
pums_ca_08900_01700,0608900,2018,19,3,60000_74999,2,married_couple,no_65_plus,35_64,65600,2,1
pums_ca_08900_01701,0608900,2018,7,2,200000_plus,2,married_couple,no_65_plus,35_64,248000,2,1
pums_ca_08900_01702,0608900,2018,8,2,50000_59999,1,nonfamily_not_living_alone,no_65_plus,18_34,50400,1,7
pums_ca_08900_01703,0608900,2018,10,1,40000_44999,2,nonfamily_not_living_alone,has_65_plus,65_plus,41100,2,6
pums_ca_08900_01704,0608900,2018,37,2,40000_44999,3,married_couple,no_65_plus,35_64,40300,3,1
pums_ca_08900_01705,0608900,2018,5,2,15000_19999,2,nonfamily_not_living_alone,has_65_plus,65_plus,18600,2,7
pums_ca_08900_01706,0608900,2018,11,1,lt_10000,0,nonfamily_not_living_alone,has_65_plus,65_plus,8100,0,6
pums_ca_08900_01707,0608900,2018,12,1,15000_19999,1,nonfamily_living_alone,has_65_plus,65_plus,16900,1,4
pums_ca_08900_01708,0608900,2018,8,4,50000_59999,2,married_couple,no_65_plus,35_64,52800,2,1
pums_ca_08900_01709,0608900,2018,12,3,60000_74999,3,married_couple,no_65_plus,35_64,62000,3,1
pums_ca_08900_01710,0608900,2018,15,2,30000_34999,3,married_couple,no_65_plus,35_64,32950,3,1
pums_ca_08900_01711,0608900,2018,12,2,20000_24999,1,other_female_householder,has_65_plus,65_plus,21260,1,3
pums_ca_08900_01712,0608900,2018,13,1,100000_124999,1,nonfamily_living_alone,no_65_plus,35_64,100000,1,4
pums_ca_08900_01713,0608900,2018,11,1,40000_44999,1,nonfamily_not_living_alone,no_65_plus,35_64,40500,1,6
pums_ca_08900_01714,0608900,2018,20,2,50000_59999,3,married_couple,no_65_plus,35_64,56900,3,1
pums_ca_08900_01715,0608900,2018,25,1,10000_14999,0,nonfamily_living_alone,has_65_plus,65_plus,12600,0,4
pums_ca_08900_01716,0608900,2018,7,3,30000_34999,4_plus,married_couple,has_65_plus,65_plus,30800,4,1
pums_ca_08900_01717,0608900,2018,12,2,20000_24999,1,married_couple,has_65_plus,65_plus,21000,1,1
pums_ca_08900_01718,0608900,2018,26,5,200000_plus,2,married_couple,no_65_plus,18_34,269600,2,1
pums_ca_08900_01719,0608900,2018,13,3,60000_74999,2,married_couple,no_65_plus,35_64,71600,2,1
pums_ca_08900_01720,0608900,2018,18,3,15000_19999,3,married_couple,has_65_plus,65_plus,18500,3,1
pums_ca_08900_01721,0608900,2018,71,1,30000_34999,2,nonfamily_living_alone,no_65_plus,18_34,30900,2,4
pums_ca_08900_01722,0608900,2018,7,1,lt_10000,1,nonfamily_not_living_alone,no_65_plus,35_64,2200,1,6
pums_ca_08900_01723,0608900,2018,21,4,45000_49999,2,other_female_householder,no_65_plus,18_34,48000,2,3
pums_ca_08900_01724,0608900,2018,21,1,25000_29999,1,nonfamily_living_alone,has_65_plus,65_plus,28400,1,4
pums_ca_08900_01725,0608900,2018,10,4,60000_74999,2,other_female_householder,has_65_plus,65_plus,72500,2,3
pums_ca_08900_01726,0608900,2018,8,3,100000_124999,2,other_male_householder,no_65_plus,35_64,102000,2,2
pums_ca_08900_01727,0608900,2018,43,2,20000_24999,1,nonfamily_living_alone,no_65_plus,18_34,23700,1,5
pums_ca_08900_01728,0608900,2018,20,4,125000_149999,3,married_couple,has_65_plus,35_64,135900,3,1
pums_ca_08900_01729,0608900,2018,12,1,10000_14999,0,nonfamily_living_alone,has_65_plus,65_plus,13710,0,4
pums_ca_08900_01730,0608900,2018,31,3,lt_10000,1,other_female_householder,no_65_plus,18_34,8000,1,3
pums_ca_08900_01731,0608900,2018,35,1,50000_59999,3,nonfamily_not_living_alone,no_65_plus,35_64,55000,3,6
pums_ca_08900_01732,0608900,2018,4,3,30000_34999,3,married_couple,has_65_plus,65_plus,31200,3,1
pums_ca_08900_01733,0608900,2018,17,2,45000_49999,1,married_couple,no_65_plus,35_64,47000,1,1
pums_ca_08900_01734,0608900,2018,18,3,20000_24999,2,other_male_householder,has_65_plus,65_plus,22700,2,2
pums_ca_08900_01735,0608900,2018,14,1,60000_74999,1,nonfamily_not_living_alone,has_65_plus,65_plus,64000,1,6
pums_ca_08900_01736,0608900,2018,4,5,100000_124999,2,married_couple,no_65_plus,35_64,114300,2,1
pums_ca_08900_01737,0608900,2018,24,2,60000_74999,2,married_couple,has_65_plus,65_plus,63800,2,1
pums_ca_08900_01738,0608900,2018,13,1,10000_14999,1,nonfamily_living_alone,no_65_plus,35_64,10900,1,4
pums_ca_08900_01739,0608900,2018,9,1,30000_34999,1,nonfamily_not_living_alone,has_65_plus,65_plus,32300,1,6
pums_ca_08900_01740,0608900,2018,11,4,60000_74999,3,married_couple,no_65_plus,35_64,61354,3,1
pums_ca_08900_01741,0608900,2018,11,2,100000_124999,2,married_couple,has_65_plus,65_plus,101500,2,1
pums_ca_08900_01742,0608900,2018,15,3,200000_plus,4_plus,married_couple,no_65_plus,18_34,230000,4,1
pums_ca_08900_01743,0608900,2018,10,3,35000_39999,3,married_couple,has_65_plus,65_plus,37100,3,1
pums_ca_08900_01744,0608900,2018,16,1,lt_10000,1,nonfamily_not_living_alone,has_65_plus,65_plus,4200,1,6
pums_ca_08900_01745,0608900,2018,9,2,20000_24999,1,nonfamily_not_living_alone,has_65_plus,65_plus,24800,1,7
pums_ca_08900_01746,0608900,2018,8,2,25000_29999,1,married_couple,has_65_plus,65_plus,29000,1,1
pums_ca_08900_01747,0608900,2018,5,2,15000_19999,3,married_couple,no_65_plus,35_64,17100,3,1
pums_ca_08900_01748,0608900,2018,60,1,30000_34999,1,nonfamily_not_living_alone,no_65_plus,18_34,30000,1,6
pums_ca_08900_01749,0608900,2018,13,1,15000_19999,2,nonfamily_living_alone,has_65_plus,65_plus,15400,2,4
pums_ca_08900_01750,0608900,2018,10,1,150000_199999,0,nonfamily_living_alone,has_65_plus,65_plus,190000,0,4
pums_ca_08900_01751,0608900,2018,30,2,15000_19999,1,other_female_householder,no_65_plus,18_34,17000,1,3
pums_ca_08900_01752,0608900,2018,13,1,25000_29999,1,nonfamily_not_living_alone,has_65_plus,65_plus,25000,1,6
pums_ca_08900_01753,0608900,2018,4,2,75000_99999,4_plus,married_couple,has_65_plus,65_plus,98000,4,1
pums_ca_08900_01754,0608900,2018,9,4,60000_74999,2,married_couple,no_65_plus,35_64,74000,2,1
pums_ca_08900_01755,0608900,2018,14,1,45000_49999,2,nonfamily_living_alone,no_65_plus,35_64,47000,2,4
pums_ca_08900_01756,0608900,2018,8,4,150000_199999,2,married_couple,no_65_plus,35_64,165000,2,1
pums_ca_08900_01757,0608900,2018,13,2,20000_24999,1,other_female_householder,has_65_plus,65_plus,20200,1,3
pums_ca_08900_01758,0608900,2018,12,2,50000_59999,2,married_couple,has_65_plus,65_plus,56100,2,1
pums_ca_08900_01759,0608900,2018,10,1,150000_199999,1,nonfamily_living_alone,no_65_plus,35_64,160000,1,4
pums_ca_08900_01760,0608900,2018,10,1,45000_49999,1,nonfamily_not_living_alone,has_65_plus,65_plus,45350,1,6
pums_ca_08900_01761,0608900,2018,30,4,30000_34999,3,married_couple,no_65_plus,18_34,32200,3,1
pums_ca_08900_01762,0608900,2018,4,1,20000_24999,1,nonfamily_not_living_alone,has_65_plus,65_plus,22000,1,6
pums_ca_08900_01763,0608900,2018,7,2,60000_74999,3,nonfamily_living_alone,no_65_plus,18_34,73000,3,5
pums_ca_08900_01764,0608900,2018,25,3,150000_199999,4_plus,married_couple,no_65_plus,35_64,163900,5,1
pums_ca_08900_01765,0608900,2018,20,2,50000_59999,3,nonfamily_living_alone,no_65_plus,18_34,55000,3,5
pums_ca_08900_01766,0608900,2018,33,1,15000_19999,1,nonfamily_living_alone,no_65_plus,35_64,16900,1,4
pums_ca_08900_01767,0608900,2018,56,3,60000_74999,2,other_female_householder,no_65_plus,18_34,60000,2,3
pums_ca_08900_01768,0608900,2018,12,2,60000_74999,3,married_couple,has_65_plus,65_plus,69000,3,1
pums_ca_08900_01769,0608900,2018,19,1,15000_19999,2,nonfamily_living_alone,has_65_plus,65_plus,19000,2,4
pums_ca_08900_01770,0608900,2018,40,2,30000_34999,1,other_female_householder,no_65_plus,35_64,32900,1,3
pums_ca_08900_01771,0608900,2018,8,2,125000_149999,2,married_couple,has_65_plus,65_plus,138400,2,1
pums_ca_08900_01772,0608900,2018,15,2,10000_14999,2,married_couple,has_65_plus,65_plus,12500,2,1
pums_ca_08900_01773,0608900,2018,7,1,50000_59999,3,nonfamily_living_alone,no_65_plus,35_64,54000,3,4
pums_ca_08900_01774,0608900,2018,14,1,10000_14999,0,nonfamily_not_living_alone,has_65_plus,65_plus,10900,0,6
pums_ca_08900_01775,0608900,2018,3,2,75000_99999,3,married_couple,has_65_plus,65_plus,79300,3,1
pums_ca_08900_01776,0608900,2018,24,1,20000_24999,1,nonfamily_not_living_alone,no_65_plus,35_64,24000,1,6
pums_ca_08900_01777,0608900,2018,56,4,35000_39999,2,married_couple,no_65_plus,18_34,38000,2,1
pums_ca_08900_01778,0608900,2018,11,2,30000_34999,2,other_male_householder,has_65_plus,65_plus,32920,2,2
pums_ca_08900_01779,0608900,2018,14,1,30000_34999,1,nonfamily_not_living_alone,has_65_plus,65_plus,34400,1,6
pums_ca_08900_01780,0608900,2018,13,9,100000_124999,1,married_couple,no_65_plus,35_64,100000,1,1
pums_ca_08900_01781,0608900,2018,14,1,60000_74999,1,nonfamily_not_living_alone,has_65_plus,65_plus,68000,1,6
pums_ca_08900_01782,0608900,2018,3,2,125000_149999,1,married_couple,no_65_plus,35_64,146000,1,1
pums_ca_08900_01783,0608900,2018,12,2,200000_plus,3,married_couple,no_65_plus,35_64,598000,3,1
pums_ca_08900_01784,0608900,2018,11,1,30000_34999,1,nonfamily_living_alone,has_65_plus,65_plus,33300,1,4
pums_ca_08900_01785,0608900,2018,22,1,75000_99999,2,nonfamily_not_living_alone,no_65_plus,35_64,87600,2,6
pums_ca_08900_01786,0608900,2018,13,2,40000_44999,1,married_couple,has_65_plus,65_plus,42500,1,1
pums_ca_08900_01787,0608900,2018,6,2,200000_plus,2,married_couple,no_65_plus,35_64,255000,2,1
pums_ca_08900_01788,0608900,2018,8,3,60000_74999,4_plus,other_male_householder,has_65_plus,65_plus,65000,4,2
pums_ca_08900_01789,0608900,2018,12,1,75000_99999,2,nonfamily_living_alone,has_65_plus,65_plus,78300,2,4
pums_ca_08900_01790,0608900,2018,76,4,60000_74999,3,other_male_householder,no_65_plus,35_64,68800,3,2
pums_ca_08900_01791,0608900,2018,11,4,75000_99999,4_plus,other_female_householder,no_65_plus,35_64,89000,4,3
pums_ca_08900_01792,0608900,2018,62,2,75000_99999,2,married_couple,has_65_plus,35_64,75000,2,1
pums_ca_08900_01793,0608900,2018,7,1,30000_34999,1,nonfamily_not_living_alone,no_65_plus,35_64,32000,1,6
pums_ca_08900_01794,0608900,2018,35,1,30000_34999,3,nonfamily_not_living_alone,has_65_plus,65_plus,32700,3,6
pums_ca_08900_01795,0608900,2018,13,4,60000_74999,4_plus,married_couple,has_65_plus,65_plus,70320,4,1
pums_ca_08900_01796,0608900,2018,4,2,75000_99999,2,married_couple,has_65_plus,65_plus,97000,2,1
pums_ca_08900_01797,0608900,2018,2,2,40000_44999,2,married_couple,has_65_plus,65_plus,44000,2,1
pums_ca_08900_01798,0608900,2018,12,1,lt_10000,1,nonfamily_not_living_alone,has_65_plus,65_plus,9100,1,6
pums_ca_08900_01799,0608900,2018,38,2,lt_10000,2,nonfamily_living_alone,has_65_plus,65_plus,0,2,5
pums_ca_08900_01800,0608900,2018,22,1,35000_39999,1,nonfamily_not_living_alone,has_65_plus,65_plus,38800,1,6
pums_ca_08900_01801,0608900,2018,9,4,35000_39999,2,married_couple,no_65_plus,35_64,38300,2,1
pums_ca_08900_01802,0608900,2018,21,2,100000_124999,3,married_couple,no_65_plus,35_64,116000,3,1
pums_ca_08900_01803,0608900,2018,12,2,40000_44999,1,other_male_householder,no_65_plus,35_64,41200,1,2
pums_ca_08900_01804,0608900,2018,14,2,50000_59999,2,married_couple,has_65_plus,65_plus,59700,2,1
pums_ca_08900_01805,0608900,2018,19,1,15000_19999,2,nonfamily_living_alone,has_65_plus,65_plus,15200,2,4
pums_ca_08900_01806,0608900,2018,12,1,10000_14999,1,nonfamily_living_alone,no_65_plus,35_64,11400,1,4
pums_ca_08900_01807,0608900,2018,9,4,125000_149999,3,married_couple,no_65_plus,35_64,127000,3,1
pums_ca_08900_01808,0608900,2018,15,2,45000_49999,1,other_male_householder,no_65_plus,18_34,48900,1,2
pums_ca_08900_01809,0608900,2018,15,2,50000_59999,2,other_female_householder,has_65_plus,65_plus,57000,2,3
pums_ca_08900_01810,0608900,2018,43,1,10000_14999,1,nonfamily_not_living_alone,has_65_plus,65_plus,12000,1,6
pums_ca_08900_01811,0608900,2018,9,1,20000_24999,1,nonfamily_not_living_alone,has_65_plus,65_plus,22000,1,6
pums_ca_08900_01812,0608900,2018,10,2,40000_44999,1,other_female_householder,has_65_plus,65_plus,41600,1,3
pums_ca_08900_01813,0608900,2018,20,2,35000_39999,1,married_couple,has_65_plus,65_plus,36510,1,1
pums_ca_08900_01814,0608900,2018,55,3,50000_59999,1,other_female_householder,no_65_plus,35_64,51900,1,3
pums_ca_08900_01815,0608900,2018,8,2,200000_plus,3,married_couple,no_65_plus,35_64,321500,3,1
pums_ca_08900_01816,0608900,2018,12,2,125000_149999,2,married_couple,no_65_plus,35_64,144400,2,1
pums_ca_08900_01817,0608900,2018,42,1,10000_14999,0,nonfamily_living_alone,no_65_plus,18_34,10800,0,4
pums_ca_08900_01818,0608900,2018,15,5,50000_59999,2,married_couple,no_65_plus,35_64,51600,2,1
pums_ca_08900_01819,0608900,2018,12,5,125000_149999,1,married_couple,no_65_plus,35_64,142900,1,1
pums_ca_08900_01820,0608900,2018,17,2,60000_74999,2,married_couple,has_65_plus,65_plus,70800,2,1
pums_ca_08900_01821,0608900,2018,36,1,lt_10000,1,nonfamily_not_living_alone,no_65_plus,18_34,0,1,6
pums_ca_08900_01822,0608900,2018,7,1,10000_14999,1,nonfamily_not_living_alone,no_65_plus,35_64,11600,1,6
pums_ca_08900_01823,0608900,2018,7,2,75000_99999,2,married_couple,no_65_plus,35_64,89600,2,1
pums_ca_08900_01824,0608900,2018,11,1,15000_19999,1,nonfamily_not_living_alone,no_65_plus,35_64,15700,1,6
pums_ca_08900_01825,0608900,2018,15,3,35000_39999,3,married_couple,has_65_plus,65_plus,37900,3,1
pums_ca_08900_01826,0608900,2018,38,2,60000_74999,2,other_female_householder,no_65_plus,35_64,68000,2,3
pums_ca_08900_01827,0608900,2018,12,5,40000_44999,1,nonfamily_not_living_alone,no_65_plus,18_34,43100,1,7
pums_ca_08900_01828,0608900,2018,12,1,30000_34999,2,nonfamily_living_alone,has_65_plus,65_plus,33101,2,4
pums_ca_08900_01829,0608900,2018,18,5,75000_99999,4_plus,married_couple,no_65_plus,35_64,86400,5,1
pums_ca_08900_01830,0608900,2018,10,2,60000_74999,2,married_couple,has_65_plus,65_plus,64500,2,1
pums_ca_08900_01831,0608900,2018,5,2,100000_124999,2,married_couple,has_65_plus,65_plus,115200,2,1
pums_ca_08900_01832,0608900,2018,18,3,75000_99999,4_plus,married_couple,has_65_plus,65_plus,88808,4,1
pums_ca_08900_01833,0608900,2018,38,2,lt_10000,1,other_male_householder,no_65_plus,35_64,3980,1,2
pums_ca_08900_01834,0608900,2018,5,2,40000_44999,3,married_couple,no_65_plus,35_64,41400,3,1
pums_ca_08900_01835,0608900,2018,13,3,45000_49999,2,other_female_householder,has_65_plus,65_plus,48180,2,3
pums_ca_08900_01836,0608900,2018,16,1,15000_19999,1,nonfamily_not_living_alone,has_65_plus,65_plus,17000,1,6
pums_ca_08900_01837,0608900,2018,28,1,25000_29999,1,nonfamily_not_living_alone,has_65_plus,65_plus,25520,1,6
pums_ca_08900_01838,0608900,2018,40,5,30000_34999,1,married_couple,no_65_plus,18_34,30000,1,1
pums_ca_08900_01839,0608900,2018,5,2,125000_149999,2,married_couple,has_65_plus,35_64,146500,2,1
pums_ca_08900_01840,0608900,2018,5,1,35000_39999,1,nonfamily_not_living_alone,has_65_plus,65_plus,37800,1,6
pums_ca_08900_01841,0608900,2018,14,3,60000_74999,3,married_couple,no_65_plus,35_64,69400,3,1
pums_ca_08900_01842,0608900,2018,2,2,35000_39999,3,married_couple,has_65_plus,65_plus,36100,3,1
pums_ca_08900_01843,0608900,2018,11,1,60000_74999,1,nonfamily_not_living_alone,no_65_plus,35_64,68000,1,6
pums_ca_08900_01844,0608900,2018,42,7,35000_39999,2,other_male_householder,no_65_plus,35_64,36600,2,2
pums_ca_08900_01845,0608900,2018,14,5,30000_34999,2,married_couple,no_65_plus,18_34,34600,2,1
pums_ca_08900_01846,0608900,2018,4,1,20000_24999,1,nonfamily_living_alone,has_65_plus,65_plus,20200,1,4
pums_ca_08900_01847,0608900,2018,14,6,lt_10000,3,married_couple,no_65_plus,35_64,0,3,1
pums_ca_08900_01848,0608900,2018,21,1,50000_59999,1,nonfamily_not_living_alone,has_65_plus,65_plus,51300,1,6
pums_ca_08900_01849,0608900,2018,7,5,30000_34999,1,nonfamily_not_living_alone,no_65_plus,35_64,31600,1,7
pums_ca_08900_01850,0608900,2018,21,2,60000_74999,2,married_couple,no_65_plus,18_34,74000,2,1
pums_ca_08900_01851,0608900,2018,2,2,60000_74999,1,married_couple,has_65_plus,65_plus,64800,1,1
pums_ca_08900_01852,0608900,2018,75,2,20000_24999,2,married_couple,has_65_plus,65_plus,23400,2,1
pums_ca_08900_01853,0608900,2018,22,2,20000_24999,1,other_male_householder,has_65_plus,65_plus,24000,1,2
pums_ca_08900_01854,0608900,2018,11,2,15000_19999,1,married_couple,has_65_plus,35_64,19600,1,1
pums_ca_08900_01855,0608900,2018,5,2,50000_59999,3,married_couple,has_65_plus,65_plus,50300,3,1
pums_ca_08900_01856,0608900,2018,28,4,150000_199999,3,married_couple,no_65_plus,35_64,155000,3,1
pums_ca_08900_01857,0608900,2018,12,3,150000_199999,4_plus,married_couple,has_65_plus,35_64,160600,5,1
pums_ca_08900_01858,0608900,2018,49,2,60000_74999,3,married_couple,no_65_plus,18_34,70000,3,1
pums_ca_08900_01859,0608900,2018,14,1,30000_34999,1,nonfamily_living_alone,no_65_plus,35_64,30000,1,4
pums_ca_08900_01860,0608900,2018,12,6,75000_99999,2,married_couple,no_65_plus,35_64,93000,2,1
pums_ca_08900_01861,0608900,2018,12,2,150000_199999,2,married_couple,no_65_plus,35_64,165000,2,1
pums_ca_08900_01862,0608900,2018,12,2,15000_19999,1,nonfamily_living_alone,no_65_plus,35_64,18200,1,5
pums_ca_08900_01863,0608900,2018,11,1,25000_29999,3,nonfamily_living_alone,has_65_plus,65_plus,28300,3,4
pums_ca_08900_01864,0608900,2018,14,2,75000_99999,3,married_couple,has_65_plus,35_64,81300,3,1
pums_ca_08900_01865,0608900,2018,6,2,200000_plus,2,married_couple,has_65_plus,65_plus,243500,2,1
pums_ca_08900_01866,0608900,2018,8,2,75000_99999,3,married_couple,no_65_plus,35_64,85000,3,1
pums_ca_08900_01867,0608900,2018,12,2,60000_74999,2,married_couple,has_65_plus,65_plus,72600,2,1
pums_ca_08900_01868,0608900,2018,59,1,45000_49999,2,nonfamily_living_alone,no_65_plus,35_64,45000,2,4
pums_ca_08900_01869,0608900,2018,10,2,60000_74999,3,married_couple,has_65_plus,65_plus,68000,3,1
pums_ca_08900_01870,0608900,2018,23,2,50000_59999,4_plus,married_couple,no_65_plus,35_64,58800,4,1
pums_ca_08900_01871,0608900,2018,9,2,40000_44999,4_plus,married_couple,has_65_plus,65_plus,44800,4,1
pums_ca_08900_01872,0608900,2018,31,2,10000_14999,1,other_female_householder,no_65_plus,18_34,14500,1,3
pums_ca_08900_01873,0608900,2018,9,2,40000_44999,2,married_couple,no_65_plus,18_34,42500,2,1
pums_ca_08900_01874,0608900,2018,19,5,40000_44999,2,married_couple,no_65_plus,35_64,42900,2,1
pums_ca_08900_01875,0608900,2018,11,2,lt_10000,1,other_male_householder,no_65_plus,35_64,970,1,2
pums_ca_08900_01876,0608900,2018,12,5,150000_199999,3,married_couple,no_65_plus,18_34,160000,3,1
pums_ca_08900_01877,0608900,2018,19,1,20000_24999,1,nonfamily_living_alone,no_65_plus,35_64,23600,1,4
pums_ca_08900_01878,0608900,2018,15,1,100000_124999,0,nonfamily_not_living_alone,has_65_plus,65_plus,124000,0,6
pums_ca_08900_01879,0608900,2018,10,2,60000_74999,2,married_couple,no_65_plus,35_64,72020,2,1
pums_ca_08900_01880,0608900,2018,3,2,30000_34999,2,other_female_householder,has_65_plus,65_plus,32200,2,3
pums_ca_08900_01881,0608900,2018,3,4,60000_74999,2,married_couple,no_65_plus,18_34,72000,2,1
pums_ca_08900_01882,0608900,2018,7,6,75000_99999,2,married_couple,no_65_plus,35_64,80000,2,1
pums_ca_08900_01883,0608900,2018,11,2,100000_124999,2,married_couple,has_65_plus,65_plus,111900,2,1
pums_ca_08900_01884,0608900,2018,8,2,40000_44999,2,married_couple,has_65_plus,65_plus,42400,2,1
pums_ca_08900_01885,0608900,2018,13,2,35000_39999,1,married_couple,no_65_plus,35_64,35000,1,1
pums_ca_08900_01886,0608900,2018,3,2,150000_199999,2,married_couple,no_65_plus,35_64,170800,2,1
pums_ca_08900_01887,0608900,2018,6,3,200000_plus,1,married_couple,no_65_plus,35_64,504000,1,1
pums_ca_08900_01888,0608900,2018,13,2,60000_74999,3,married_couple,has_65_plus,65_plus,68430,3,1
pums_ca_08900_01889,0608900,2018,42,4,10000_14999,0,other_female_householder,no_65_plus,35_64,14400,0,3
pums_ca_08900_01890,0608900,2018,13,2,45000_49999,2,married_couple,has_65_plus,65_plus,48900,2,1
pums_ca_08900_01891,0608900,2018,90,2,75000_99999,2,nonfamily_living_alone,no_65_plus,18_34,81000,2,5
pums_ca_08900_01892,0608900,2018,14,1,15000_19999,2,nonfamily_not_living_alone,no_65_plus,35_64,19500,2,6
pums_ca_08900_01893,0608900,2018,24,1,10000_14999,1,nonfamily_not_living_alone,has_65_plus,65_plus,10900,1,6
pums_ca_08900_01894,0608900,2018,3,1,60000_74999,2,nonfamily_not_living_alone,no_65_plus,35_64,61000,2,6
pums_ca_08900_01895,0608900,2018,14,1,100000_124999,2,nonfamily_living_alone,no_65_plus,35_64,120000,2,4
pums_ca_08900_01896,0608900,2018,8,2,100000_124999,4_plus,married_couple,has_65_plus,65_plus,112101,4,1
pums_ca_08900_01897,0608900,2018,27,3,35000_39999,2,nonfamily_living_alone,no_65_plus,35_64,37570,2,5
pums_ca_08900_01898,0608900,2018,36,3,10000_14999,1,other_male_householder,no_65_plus,35_64,13000,1,2
pums_ca_08900_01899,0608900,2018,12,2,100000_124999,3,married_couple,has_65_plus,65_plus,111800,3,1
pums_ca_08900_01900,0608900,2018,18,4,125000_149999,3,other_female_householder,no_65_plus,35_64,138000,3,3
pums_ca_08900_01901,0608900,2018,15,1,25000_29999,1,nonfamily_not_living_alone,has_65_plus,65_plus,27200,1,6
pums_ca_08900_01902,0608900,2018,41,1,20000_24999,1,nonfamily_not_living_alone,no_65_plus,35_64,23000,1,6
pums_ca_08900_01903,0608900,2018,12,3,lt_10000,2,other_female_householder,no_65_plus,18_34,0,2,3
pums_ca_08900_01904,0608900,2018,33,2,60000_74999,2,married_couple,has_65_plus,65_plus,61100,2,1
pums_ca_08900_01905,0608900,2018,8,1,35000_39999,4_plus,nonfamily_living_alone,no_65_plus,35_64,37000,4,4
pums_ca_08900_01906,0608900,2018,9,2,100000_124999,4_plus,married_couple,has_65_plus,65_plus,113000,4,1
pums_ca_08900_01907,0608900,2018,13,3,35000_39999,1,married_couple,no_65_plus,35_64,36000,1,1
pums_ca_08900_01908,0608900,2018,10,1,10000_14999,1,nonfamily_not_living_alone,has_65_plus,65_plus,10000,1,6
pums_ca_08900_01909,0608900,2018,11,1,75000_99999,1,nonfamily_not_living_alone,no_65_plus,35_64,87200,1,6
pums_ca_08900_01910,0608900,2018,15,2,50000_59999,1,married_couple,has_65_plus,65_plus,52600,1,1
pums_ca_08900_01911,0608900,2018,31,9,35000_39999,2,married_couple,no_65_plus,18_34,36000,2,1
pums_ca_08900_01912,0608900,2018,11,3,30000_34999,3,nonfamily_not_living_alone,no_65_plus,18_34,32000,3,7
pums_ca_08900_01913,0608900,2018,13,2,10000_14999,2,married_couple,no_65_plus,18_34,13000,2,1
pums_ca_08900_01914,0608900,2018,7,3,45000_49999,4_plus,married_couple,has_65_plus,65_plus,47600,4,1
pums_ca_08900_01915,0608900,2018,8,1,15000_19999,1,nonfamily_not_living_alone,no_65_plus,18_34,16000,1,6
pums_ca_08900_01916,0608900,2018,11,2,35000_39999,2,other_female_householder,no_65_plus,18_34,38000,2,3
pums_ca_08900_01917,0608900,2018,21,6,60000_74999,2,married_couple,no_65_plus,35_64,72000,2,1
pums_ca_08900_01918,0608900,2018,12,2,150000_199999,1,married_couple,no_65_plus,35_64,178200,1,1
pums_ca_08900_01919,0608900,2018,16,4,75000_99999,2,married_couple,no_65_plus,35_64,84000,2,1
pums_ca_08900_01920,0608900,2018,6,2,60000_74999,3,other_male_householder,has_65_plus,35_64,67300,3,2
pums_ca_08900_01921,0608900,2018,21,3,100000_124999,3,other_female_householder,no_65_plus,35_64,109210,3,3
pums_ca_08900_01922,0608900,2018,14,3,lt_10000,3,married_couple,has_65_plus,65_plus,9500,3,1
pums_ca_08900_01923,0608900,2018,63,2,35000_39999,1,other_female_householder,no_65_plus,35_64,36300,1,3
pums_ca_08900_01924,0608900,2018,15,1,30000_34999,2,nonfamily_not_living_alone,no_65_plus,35_64,34400,2,6
pums_ca_08900_01925,0608900,2018,7,2,150000_199999,2,married_couple,has_65_plus,65_plus,160000,2,1
pums_ca_08900_01926,0608900,2018,11,2,75000_99999,2,married_couple,no_65_plus,35_64,90000,2,1
pums_ca_08900_01927,0608900,2018,19,1,15000_19999,1,nonfamily_living_alone,has_65_plus,65_plus,15700,1,4
pums_ca_08900_01928,0608900,2018,7,1,30000_34999,1,nonfamily_living_alone,no_65_plus,35_64,33800,1,4
pums_ca_08900_01929,0608900,2018,32,1,35000_39999,1,nonfamily_not_living_alone,no_65_plus,35_64,37000,1,6
pums_ca_08900_01930,0608900,2018,22,3,75000_99999,4_plus,married_couple,no_65_plus,35_64,80000,4,1
pums_ca_08900_01931,0608900,2018,7,1,20000_24999,1,nonfamily_living_alone,no_65_plus,35_64,22600,1,4
pums_ca_08900_01932,0608900,2018,9,2,20000_24999,2,married_couple,has_65_plus,65_plus,22700,2,1
pums_ca_08900_01933,0608900,2018,13,4,15000_19999,1,other_female_householder,no_65_plus,35_64,17300,1,3
pums_ca_08900_01934,0608900,2018,4,2,125000_149999,3,married_couple,has_65_plus,65_plus,145700,3,1
pums_ca_08900_01935,0608900,2018,4,2,10000_14999,3,other_female_householder,has_65_plus,65_plus,10700,3,3
pums_ca_08900_01936,0608900,2018,70,1,10000_14999,1,nonfamily_living_alone,no_65_plus,35_64,10000,1,4
pums_ca_08900_01937,0608900,2018,7,4,60000_74999,4_plus,married_couple,no_65_plus,35_64,74000,4,1
pums_ca_08900_01938,0608900,2018,7,2,75000_99999,2,married_couple,no_65_plus,35_64,99500,2,1
pums_ca_08900_01939,0608900,2018,33,5,15000_19999,2,married_couple,no_65_plus,35_64,15000,2,1
pums_ca_08900_01940,0608900,2018,9,3,75000_99999,3,married_couple,no_65_plus,35_64,76000,3,1
pums_ca_08900_01941,0608900,2018,2,4,40000_44999,3,married_couple,no_65_plus,18_34,40000,3,1
pums_ca_08900_01942,0608900,2018,48,3,75000_99999,2,married_couple,no_65_plus,35_64,90000,2,1
pums_ca_08900_01943,0608900,2018,79,2,60000_74999,2,married_couple,no_65_plus,35_64,60000,2,1
pums_ca_08900_01944,0608900,2018,14,3,200000_plus,2,married_couple,no_65_plus,18_34,310000,2,1
pums_ca_08900_01945,0608900,2018,46,3,45000_49999,0,other_male_householder,no_65_plus,35_64,45000,0,2
pums_ca_08900_01946,0608900,2018,10,1,150000_199999,4_plus,nonfamily_living_alone,has_65_plus,65_plus,181500,5,4
pums_ca_08900_01947,0608900,2018,18,1,10000_14999,0,nonfamily_not_living_alone,no_65_plus,35_64,10000,0,6
pums_ca_08900_01948,0608900,2018,22,1,100000_124999,3,nonfamily_living_alone,has_65_plus,65_plus,106000,3,4
pums_ca_08900_01949,0608900,2018,15,2,75000_99999,2,married_couple,no_65_plus,35_64,88000,2,1
pums_ca_08900_01950,0608900,2018,15,2,60000_74999,3,married_couple,has_65_plus,65_plus,66000,3,1
pums_ca_08900_01951,0608900,2018,12,2,50000_59999,2,married_couple,has_65_plus,35_64,51900,2,1
pums_ca_08900_01952,0608900,2018,12,3,75000_99999,1,married_couple,no_65_plus,35_64,91300,1,1
pums_ca_08900_01953,0608900,2018,13,2,60000_74999,2,married_couple,has_65_plus,65_plus,61200,2,1
pums_ca_08900_01954,0608900,2018,11,2,200000_plus,3,married_couple,no_65_plus,35_64,224900,3,1
pums_ca_08900_01955,0608900,2018,48,3,75000_99999,3,married_couple,no_65_plus,18_34,75000,3,1
pums_ca_08900_01956,0608900,2018,11,2,35000_39999,2,other_female_householder,has_65_plus,65_plus,38900,2,3
pums_ca_08900_01957,0608900,2018,11,1,lt_10000,2,nonfamily_living_alone,has_65_plus,65_plus,2130,2,4
pums_ca_08900_01958,0608900,2018,6,2,75000_99999,2,married_couple,no_65_plus,35_64,90000,2,1
pums_ca_08900_01959,0608900,2018,14,2,35000_39999,2,other_female_householder,has_65_plus,65_plus,37000,2,3
pums_ca_08900_01960,0608900,2018,8,5,200000_plus,4_plus,married_couple,no_65_plus,35_64,269700,4,1
pums_ca_08900_01961,0608900,2018,16,4,20000_24999,2,other_female_householder,has_65_plus,65_plus,24200,2,3
pums_ca_08900_01962,0608900,2018,15,1,20000_24999,1,nonfamily_not_living_alone,has_65_plus,65_plus,20400,1,6
pums_ca_08900_01963,0608900,2018,8,2,150000_199999,2,married_couple,no_65_plus,35_64,195000,2,1
pums_ca_08900_01964,0608900,2018,6,5,200000_plus,3,married_couple,no_65_plus,18_34,284000,3,1
pums_ca_08900_01965,0608900,2018,61,2,30000_34999,1,married_couple,no_65_plus,35_64,33400,1,1
pums_ca_08900_01966,0608900,2018,9,2,50000_59999,3,married_couple,has_65_plus,65_plus,51200,3,1
pums_ca_08900_01967,0608900,2018,18,2,75000_99999,2,married_couple,no_65_plus,18_34,91000,2,1
pums_ca_08900_01968,0608900,2018,8,4,75000_99999,4_plus,married_couple,no_65_plus,35_64,80480,4,1
pums_ca_08900_01969,0608900,2018,8,2,40000_44999,2,married_couple,has_65_plus,65_plus,44100,2,1
pums_ca_08900_01970,0608900,2018,7,4,lt_10000,1,married_couple,no_65_plus,35_64,7200,1,1
pums_ca_08900_01971,0608900,2018,15,2,45000_49999,2,married_couple,has_65_plus,65_plus,48200,2,1
pums_ca_08900_01972,0608900,2018,16,1,125000_149999,3,nonfamily_not_living_alone,has_65_plus,65_plus,145000,3,6
pums_ca_08900_01973,0608900,2018,13,3,45000_49999,2,other_female_householder,has_65_plus,65_plus,46400,2,3
pums_ca_08900_01974,0608900,2018,9,2,100000_124999,3,married_couple,has_65_plus,65_plus,117200,3,1
pums_ca_08900_01975,0608900,2018,11,2,100000_124999,2,married_couple,has_65_plus,65_plus,113800,2,1
pums_ca_08900_01976,0608900,2018,37,1,10000_14999,0,nonfamily_living_alone,no_65_plus,35_64,11500,0,4
pums_ca_08900_01977,0608900,2018,8,2,150000_199999,3,married_couple,no_65_plus,35_64,178000,3,1
pums_ca_08900_01978,0608900,2018,15,3,125000_149999,4_plus,other_female_householder,has_65_plus,65_plus,129500,4,3
pums_ca_08900_01979,0608900,2018,12,2,100000_124999,2,married_couple,has_65_plus,65_plus,121200,2,1
pums_ca_08900_01980,0608900,2018,9,5,60000_74999,1,other_male_householder,no_65_plus,35_64,63900,1,2
pums_ca_08900_01981,0608900,2018,11,4,100000_124999,4_plus,nonfamily_not_living_alone,no_65_plus,18_34,118000,4,7
pums_ca_08900_01982,0608900,2018,13,2,125000_149999,2,nonfamily_living_alone,no_65_plus,35_64,125050,2,5
pums_ca_08900_01983,0608900,2018,38,1,15000_19999,4_plus,nonfamily_living_alone,no_65_plus,35_64,18400,4,4
pums_ca_08900_01984,0608900,2018,11,2,100000_124999,2,married_couple,no_65_plus,35_64,102000,2,1
pums_ca_08900_01985,0608900,2018,22,2,75000_99999,2,married_couple,has_65_plus,65_plus,84200,2,1
pums_ca_08900_01986,0608900,2018,73,3,15000_19999,2,married_couple,no_65_plus,18_34,15000,2,1
pums_ca_08900_01987,0608900,2018,25,1,lt_10000,1,nonfamily_living_alone,no_65_plus,35_64,0,1,4
pums_ca_08900_01988,0608900,2018,19,4,60000_74999,2,married_couple,no_65_plus,35_64,61000,2,1
pums_ca_08900_01989,0608900,2018,23,2,75000_99999,2,married_couple,no_65_plus,35_64,90000,2,1
pums_ca_08900_01990,0608900,2018,12,1,60000_74999,1,nonfamily_living_alone,no_65_plus,35_64,61500,1,4
pums_ca_08900_01991,0608900,2018,8,5,150000_199999,4_plus,married_couple,no_65_plus,35_64,157300,5,1
pums_ca_08900_01992,0608900,2018,8,2,15000_19999,2,married_couple,has_65_plus,65_plus,19100,2,1
pums_ca_08900_01993,0608900,2018,42,4,40000_44999,1,other_female_householder,no_65_plus,35_64,41000,1,3
pums_ca_08900_01994,0608900,2018,8,2,100000_124999,2,nonfamily_living_alone,has_65_plus,65_plus,108000,2,5
pums_ca_08900_01995,0608900,2018,8,1,10000_14999,0,nonfamily_not_living_alone,has_65_plus,65_plus,12600,0,6
pums_ca_08900_01996,0608900,2018,3,3,100000_124999,3,other_male_householder,has_65_plus,65_plus,104300,3,2
pums_ca_08900_01997,0608900,2018,10,1,10000_14999,0,nonfamily_living_alone,no_65_plus,35_64,12390,0,4
pums_ca_08900_01998,0608900,2018,12,8,150000_199999,2,other_female_householder,has_65_plus,65_plus,164100,2,3
pums_ca_08900_01999,0608900,2018,37,6,35000_39999,2,married_couple,no_65_plus,18_34,38500,2,1
pums_ca_08900_02000,0608900,2018,10,2,100000_124999,2,married_couple,has_65_plus,65_plus,100600,2,1
pums_ca_08900_02001,0608900,2018,12,2,100000_124999,4_plus,married_couple,no_65_plus,35_64,100000,5,1
pums_ca_08900_02002,0608900,2018,14,3,60000_74999,2,other_female_householder,no_65_plus,35_64,72000,2,3
pums_ca_08900_02003,0608900,2018,43,5,25000_29999,2,married_couple,no_65_plus,35_64,25000,2,1
pums_ca_08900_02004,0608900,2018,6,2,60000_74999,2,married_couple,has_65_plus,35_64,69000,2,1
pums_ca_08900_02005,0608900,2018,19,1,10000_14999,1,nonfamily_not_living_alone,has_65_plus,65_plus,12700,1,6
pums_ca_08900_02006,0608900,2018,38,1,10000_14999,1,nonfamily_not_living_alone,has_65_plus,65_plus,14400,1,6
pums_ca_08900_02007,0608900,2018,12,4,150000_199999,4_plus,married_couple,no_65_plus,35_64,186500,4,1
pums_ca_08900_02008,0608900,2018,18,2,200000_plus,2,nonfamily_not_living_alone,no_65_plus,18_34,514000,2,7
pums_ca_08900_02009,0608900,2018,8,2,125000_149999,1,married_couple,no_65_plus,35_64,136200,1,1
pums_ca_08900_02010,0608900,2018,15,2,25000_29999,3,married_couple,has_65_plus,65_plus,26900,3,1
pums_ca_08900_02011,0608900,2018,12,3,75000_99999,2,married_couple,has_65_plus,35_64,89600,2,1
pums_ca_08900_02012,0608900,2018,57,2,60000_74999,2,married_couple,no_65_plus,35_64,70000,2,1
pums_ca_08900_02013,0608900,2018,11,2,30000_34999,1,married_couple,no_65_plus,18_34,32000,1,1
pums_ca_08900_02014,0608900,2018,43,2,lt_10000,2,other_female_householder,no_65_plus,35_64,9000,2,3
pums_ca_08900_02015,0608900,2018,4,2,200000_plus,2,married_couple,has_65_plus,35_64,200000,2,1
pums_ca_08900_02016,0608900,2018,25,2,20000_24999,2,nonfamily_not_living_alone,no_65_plus,18_34,22800,2,7
pums_ca_08900_02017,0608900,2018,9,2,lt_10000,1,married_couple,has_65_plus,65_plus,0,1,1
pums_ca_08900_02018,0608900,2018,7,1,60000_74999,1,nonfamily_living_alone,no_65_plus,35_64,68000,1,4
pums_ca_08900_02019,0608900,2018,9,2,lt_10000,2,married_couple,has_65_plus,65_plus,2800,2,1
pums_ca_08900_02020,0608900,2018,5,1,50000_59999,2,nonfamily_not_living_alone,has_65_plus,65_plus,52900,2,6
pums_ca_08900_02021,0608900,2018,27,1,30000_34999,1,nonfamily_not_living_alone,no_65_plus,18_34,30300,1,6
pums_ca_08900_02022,0608900,2018,13,4,15000_19999,1,other_female_householder,has_65_plus,65_plus,18000,1,3
pums_ca_08900_02023,0608900,2018,15,1,15000_19999,2,nonfamily_not_living_alone,has_65_plus,65_plus,15600,2,6
pums_ca_08900_02024,0608900,2018,10,1,15000_19999,1,nonfamily_not_living_alone,has_65_plus,65_plus,18000,1,6
pums_ca_08900_02025,0608900,2018,13,2,125000_149999,2,married_couple,no_65_plus,35_64,134000,2,1
pums_ca_08900_02026,0608900,2018,8,2,20000_24999,1,nonfamily_living_alone,has_65_plus,65_plus,23980,1,5
pums_ca_08900_02027,0608900,2018,13,1,40000_44999,1,nonfamily_living_alone,has_65_plus,65_plus,42400,1,4
pums_ca_08900_02028,0608900,2018,24,2,50000_59999,2,married_couple,has_65_plus,65_plus,58280,2,1
pums_ca_08900_02029,0608900,2018,2,2,15000_19999,2,married_couple,has_65_plus,65_plus,19000,2,1
pums_ca_08900_02030,0608900,2018,7,2,60000_74999,2,married_couple,no_65_plus,35_64,72100,2,1
pums_ca_08900_02031,0608900,2018,20,2,25000_29999,1,married_couple,has_65_plus,65_plus,25900,1,1
pums_ca_08900_02032,0608900,2018,7,2,75000_99999,3,married_couple,has_65_plus,65_plus,94400,3,1
pums_ca_08900_02033,0608900,2018,69,2,150000_199999,2,married_couple,has_65_plus,65_plus,150000,2,1
pums_ca_08900_02034,0608900,2018,16,2,lt_10000,1,married_couple,no_65_plus,18_34,9700,1,1
pums_ca_08900_02035,0608900,2018,15,2,45000_49999,1,married_couple,has_65_plus,65_plus,45100,1,1
pums_ca_08900_02036,0608900,2018,21,2,50000_59999,3,other_male_householder,no_65_plus,35_64,53200,3,2
pums_ca_08900_02037,0608900,2018,18,2,45000_49999,2,married_couple,has_65_plus,35_64,49000,2,1
pums_ca_08900_02038,0608900,2018,25,2,100000_124999,2,married_couple,no_65_plus,35_64,108430,2,1
pums_ca_08900_02039,0608900,2018,17,1,25000_29999,1,nonfamily_not_living_alone,has_65_plus,65_plus,26600,1,6
pums_ca_08900_02040,0608900,2018,11,1,150000_199999,2,nonfamily_living_alone,has_65_plus,65_plus,179000,2,4
pums_ca_08900_02041,0608900,2018,42,2,60000_74999,3,other_female_householder,no_65_plus,35_64,66000,3,3
pums_ca_08900_02042,0608900,2018,13,2,100000_124999,4_plus,married_couple,has_65_plus,65_plus,100000,4,1
pums_ca_08900_02043,0608900,2018,11,2,50000_59999,1,other_male_householder,no_65_plus,35_64,55800,1,2
pums_ca_08900_02044,0608900,2018,13,2,60000_74999,2,married_couple,has_65_plus,65_plus,68700,2,1
pums_ca_08900_02045,0608900,2018,6,1,10000_14999,1,nonfamily_living_alone,no_65_plus,35_64,12400,1,4
pums_ca_08900_02046,0608900,2018,12,1,10000_14999,1,nonfamily_living_alone,has_65_plus,65_plus,13400,1,4
pums_ca_08900_02047,0608900,2018,80,4,35000_39999,3,married_couple,no_65_plus,35_64,36200,3,1
pums_ca_08900_02048,0608900,2018,9,4,60000_74999,2,other_male_householder,has_65_plus,65_plus,72400,2,2
pums_ca_08900_02049,0608900,2018,12,2,60000_74999,2,nonfamily_not_living_alone,no_65_plus,18_34,65000,2,7
pums_ca_08900_02050,0608900,2018,11,3,15000_19999,1,married_couple,no_65_plus,35_64,17400,1,1
pums_ca_08900_02051,0608900,2018,10,1,10000_14999,2,nonfamily_not_living_alone,no_65_plus,35_64,14800,2,6
pums_ca_08900_02052,0608900,2018,6,4,lt_10000,2,married_couple,no_65_plus,35_64,0,2,1
pums_ca_08900_02053,0608900,2018,21,3,125000_149999,3,married_couple,no_65_plus,35_64,136600,3,1
pums_ca_08900_02054,0608900,2018,12,3,100000_124999,2,married_couple,no_65_plus,35_64,108100,2,1
pums_ca_08900_02055,0608900,2018,14,2,200000_plus,2,married_couple,has_65_plus,65_plus,205400,2,1
pums_ca_08900_02056,0608900,2018,11,1,60000_74999,2,nonfamily_living_alone,no_65_plus,35_64,62800,2,4
pums_ca_08900_02057,0608900,2018,11,2,125000_149999,3,married_couple,has_65_plus,35_64,133000,3,1
pums_ca_08900_02058,0608900,2018,64,1,25000_29999,1,nonfamily_living_alone,no_65_plus,18_34,26000,1,4
pums_ca_08900_02059,0608900,2018,10,1,20000_24999,1,nonfamily_living_alone,has_65_plus,65_plus,20500,1,4
pums_ca_08900_02060,0608900,2018,12,2,15000_19999,2,other_female_householder,no_65_plus,35_64,18000,2,3
pums_ca_08900_02061,0608900,2018,9,2,50000_59999,2,married_couple,no_65_plus,35_64,54000,2,1
pums_ca_08900_02062,0608900,2018,14,4,200000_plus,4_plus,married_couple,has_65_plus,35_64,225520,4,1
pums_ca_08900_02063,0608900,2018,6,3,75000_99999,3,married_couple,has_65_plus,35_64,84100,3,1
pums_ca_08900_02064,0608900,2018,14,2,50000_59999,2,married_couple,has_65_plus,65_plus,52500,2,1
pums_ca_08900_02065,0608900,2018,2,1,15000_19999,4_plus,nonfamily_living_alone,no_65_plus,35_64,16300,5,4
pums_ca_08900_02066,0608900,2018,22,2,30000_34999,2,married_couple,no_65_plus,35_64,31000,2,1
pums_ca_08900_02067,0608900,2018,11,2,40000_44999,1,married_couple,has_65_plus,65_plus,42700,1,1
pums_ca_08900_02068,0608900,2018,27,2,60000_74999,2,married_couple,has_65_plus,65_plus,64600,2,1
pums_ca_08900_02069,0608900,2018,13,2,45000_49999,2,married_couple,no_65_plus,35_64,47940,2,1
pums_ca_08900_02070,0608900,2018,17,2,50000_59999,2,married_couple,has_65_plus,65_plus,59800,2,1
pums_ca_08900_02071,0608900,2018,15,3,10000_14999,2,other_female_householder,no_65_plus,18_34,12000,2,3
pums_ca_08900_02072,0608900,2018,13,2,50000_59999,2,married_couple,has_65_plus,65_plus,54600,2,1
pums_ca_08900_02073,0608900,2018,7,2,200000_plus,2,married_couple,has_65_plus,35_64,436300,2,1
pums_ca_08900_02074,0608900,2018,31,2,10000_14999,1,married_couple,has_65_plus,65_plus,14800,1,1
pums_ca_08900_02075,0608900,2018,12,5,150000_199999,1,married_couple,has_65_plus,65_plus,190000,1,1
pums_ca_08900_02076,0608900,2018,6,2,10000_14999,2,married_couple,has_65_plus,65_plus,12400,2,1
pums_ca_08900_02077,0608900,2018,21,2,40000_44999,3,married_couple,no_65_plus,35_64,42000,3,1
pums_ca_08900_02078,0608900,2018,8,1,10000_14999,0,nonfamily_living_alone,no_65_plus,35_64,11900,0,4
pums_ca_08900_02079,0608900,2018,11,2,30000_34999,2,married_couple,no_65_plus,35_64,33500,2,1
pums_ca_08900_02080,0608900,2018,12,2,50000_59999,3,married_couple,no_65_plus,35_64,51000,3,1
pums_ca_08900_02081,0608900,2018,14,2,150000_199999,2,married_couple,no_65_plus,35_64,150000,2,1
pums_ca_08900_02082,0608900,2018,13,1,40000_44999,1,nonfamily_not_living_alone,has_65_plus,65_plus,43800,1,6
pums_ca_08900_02083,0608900,2018,9,1,15000_19999,0,nonfamily_not_living_alone,has_65_plus,65_plus,15000,0,6
pums_ca_08900_02084,0608900,2018,15,2,45000_49999,2,married_couple,no_65_plus,35_64,47600,2,1
pums_ca_08900_02085,0608900,2018,74,3,75000_99999,2,married_couple,no_65_plus,18_34,88000,2,1
pums_ca_08900_02086,0608900,2018,17,2,25000_29999,1,nonfamily_not_living_alone,no_65_plus,35_64,26000,1,7
pums_ca_08900_02087,0608900,2018,75,1,50000_59999,1,nonfamily_living_alone,no_65_plus,18_34,55000,1,4
pums_ca_08900_02088,0608900,2018,17,1,100000_124999,1,nonfamily_living_alone,no_65_plus,35_64,103000,1,4
pums_ca_08900_02089,0608900,2018,35,5,10000_14999,1,other_female_householder,no_65_plus,18_34,11200,1,3
pums_ca_08900_02090,0608900,2018,16,2,100000_124999,2,married_couple,has_65_plus,65_plus,102300,2,1
pums_ca_08900_02091,0608900,2018,12,1,40000_44999,0,nonfamily_living_alone,has_65_plus,65_plus,44600,0,4
pums_ca_08900_02092,0608900,2018,16,2,50000_59999,3,married_couple,has_65_plus,65_plus,50000,3,1
pums_ca_08900_02093,0608900,2018,9,4,200000_plus,4_plus,married_couple,no_65_plus,35_64,549000,4,1
pums_ca_08900_02094,0608900,2018,14,1,10000_14999,0,nonfamily_not_living_alone,has_65_plus,65_plus,12500,0,6
pums_ca_08900_02095,0608900,2018,3,2,lt_10000,1,married_couple,no_65_plus,35_64,0,1,1
pums_ca_08900_02096,0608900,2018,9,1,10000_14999,1,nonfamily_living_alone,no_65_plus,35_64,12000,1,4
pums_ca_08900_02097,0608900,2018,7,4,200000_plus,3,married_couple,no_65_plus,35_64,260000,3,1
pums_ca_08900_02098,0608900,2018,18,2,150000_199999,2,married_couple,no_65_plus,18_34,150000,2,1
pums_ca_08900_02099,0608900,2018,38,3,150000_199999,2,married_couple,no_65_plus,18_34,186000,2,1
pums_ca_08900_02100,0608900,2018,31,6,60000_74999,2,other_male_householder,no_65_plus,18_34,61000,2,2
pums_ca_08900_02101,0608900,2018,14,2,30000_34999,1,nonfamily_not_living_alone,no_65_plus,35_64,33100,1,7
pums_ca_08900_02102,0608900,2018,16,1,10000_14999,0,nonfamily_not_living_alone,has_65_plus,65_plus,11000,0,6
pums_ca_08900_02103,0608900,2018,26,1,75000_99999,4_plus,nonfamily_not_living_alone,no_65_plus,35_64,75000,4,6
pums_ca_08900_02104,0608900,2018,2,2,15000_19999,3,married_couple,has_65_plus,65_plus,15700,3,1
pums_ca_08900_02105,0608900,2018,16,1,25000_29999,0,nonfamily_not_living_alone,has_65_plus,65_plus,26080,0,6
pums_ca_08900_02106,0608900,2018,7,3,200000_plus,2,married_couple,no_65_plus,18_34,224000,2,1
pums_ca_08900_02107,0608900,2018,3,2,50000_59999,2,married_couple,no_65_plus,35_64,54040,2,1
pums_ca_08900_02108,0608900,2018,7,2,200000_plus,3,married_couple,no_65_plus,35_64,220000,3,1
pums_ca_08900_02109,0608900,2018,9,1,20000_24999,1,nonfamily_not_living_alone,has_65_plus,65_plus,22000,1,6
pums_ca_08900_02110,0608900,2018,9,1,20000_24999,4_plus,nonfamily_living_alone,has_65_plus,65_plus,20720,4,4
pums_ca_08900_02111,0608900,2018,6,2,50000_59999,3,married_couple,has_65_plus,65_plus,53400,3,1
pums_ca_08900_02112,0608900,2018,11,2,60000_74999,4_plus,married_couple,has_65_plus,35_64,64830,4,1
pums_ca_08900_02113,0608900,2018,13,1,25000_29999,1,nonfamily_not_living_alone,has_65_plus,65_plus,26800,1,6
pums_ca_08900_02114,0608900,2018,8,4,100000_124999,2,married_couple,no_65_plus,35_64,114700,2,1
pums_ca_08900_02115,0608900,2018,15,2,50000_59999,3,married_couple,has_65_plus,65_plus,50020,3,1
pums_ca_08900_02116,0608900,2018,11,2,150000_199999,2,married_couple,no_65_plus,35_64,150000,2,1
pums_ca_08900_02117,0608900,2018,3,2,40000_44999,3,married_couple,no_65_plus,35_64,44500,3,1
pums_ca_08900_02118,0608900,2018,9,1,15000_19999,1,nonfamily_not_living_alone,has_65_plus,65_plus,16000,1,6
pums_ca_08900_02119,0608900,2018,64,4,100000_124999,4_plus,married_couple,has_65_plus,35_64,118400,4,1
pums_ca_08900_02120,0608900,2018,16,3,75000_99999,4_plus,married_couple,no_65_plus,35_64,78900,4,1
pums_ca_08900_02121,0608900,2018,34,2,15000_19999,2,married_couple,has_65_plus,35_64,15460,2,1
pums_ca_08900_02122,0608900,2018,3,3,50000_59999,3,other_male_householder,no_65_plus,35_64,51000,3,2
pums_ca_08900_02123,0608900,2018,10,2,60000_74999,2,married_couple,has_65_plus,65_plus,64600,2,1
pums_ca_08900_02124,0608900,2018,8,1,40000_44999,0,nonfamily_not_living_alone,no_65_plus,35_64,40200,0,6
pums_ca_08900_02125,0608900,2018,9,2,40000_44999,2,married_couple,no_65_plus,35_64,40000,2,1
pums_ca_08900_02126,0608900,2018,6,1,lt_10000,2,nonfamily_not_living_alone,has_65_plus,65_plus,9700,2,6
pums_ca_08900_02127,0608900,2018,3,1,60000_74999,2,nonfamily_not_living_alone,no_65_plus,35_64,65000,2,6
pums_ca_08900_02128,0608900,2018,26,3,30000_34999,3,married_couple,no_65_plus,35_64,30000,3,1
pums_ca_08900_02129,0608900,2018,6,1,45000_49999,0,nonfamily_living_alone,no_65_plus,35_64,45600,0,4
pums_ca_08900_02130,0608900,2018,12,2,35000_39999,2,married_couple,has_65_plus,65_plus,35504,2,1
pums_ca_08900_02131,0608900,2018,17,4,50000_59999,4_plus,married_couple,has_65_plus,65_plus,57700,5,1
pums_ca_08900_02132,0608900,2018,23,1,25000_29999,1,nonfamily_not_living_alone,has_65_plus,65_plus,28800,1,6
pums_ca_08900_02133,0608900,2018,2,2,60000_74999,4_plus,nonfamily_living_alone,no_65_plus,35_64,73100,4,5
pums_ca_08900_02134,0608900,2018,13,2,60000_74999,2,married_couple,no_65_plus,35_64,61000,2,1
pums_ca_08900_02135,0608900,2018,19,3,200000_plus,3,married_couple,has_65_plus,35_64,240000,3,1
pums_ca_08900_02136,0608900,2018,13,5,20000_24999,2,married_couple,no_65_plus,35_64,20090,2,1
pums_ca_08900_02137,0608900,2018,3,2,60000_74999,4_plus,married_couple,no_65_plus,35_64,65010,4,1
pums_ca_08900_02138,0608900,2018,71,4,40000_44999,2,nonfamily_living_alone,no_65_plus,35_64,42300,2,5
pums_ca_08900_02139,0608900,2018,21,3,200000_plus,2,married_couple,no_65_plus,35_64,432000,2,1
pums_ca_08900_02140,0608900,2018,12,2,75000_99999,2,married_couple,has_65_plus,65_plus,88400,2,1
pums_ca_08900_02141,0608900,2018,14,1,100000_124999,3,nonfamily_living_alone,no_65_plus,35_64,100000,3,4
pums_ca_08900_02142,0608900,2018,4,8,150000_199999,4_plus,married_couple,no_65_plus,35_64,158450,6,1
pums_ca_08900_02143,0608900,2018,4,2,150000_199999,0,married_couple,no_65_plus,35_64,181300,0,1
pums_ca_08900_02144,0608900,2018,11,2,75000_99999,2,married_couple,no_65_plus,35_64,93000,2,1
pums_ca_08900_02145,0608900,2018,11,3,50000_59999,3,other_male_householder,no_65_plus,35_64,50000,3,2
pums_ca_08900_02146,0608900,2018,66,4,50000_59999,2,married_couple,no_65_plus,18_34,56000,2,1
pums_ca_08900_02147,0608900,2018,39,2,50000_59999,2,married_couple,no_65_plus,35_64,55000,2,1
pums_ca_08900_02148,0608900,2018,4,2,75000_99999,3,married_couple,no_65_plus,35_64,89000,3,1
pums_ca_08900_02149,0608900,2018,13,2,30000_34999,1,married_couple,no_65_plus,18_34,30000,1,1
pums_ca_08900_02150,0608900,2018,11,2,10000_14999,3,married_couple,no_65_plus,35_64,13600,3,1
pums_ca_08900_02151,0608900,2018,11,4,150000_199999,3,married_couple,no_65_plus,35_64,151000,3,1
pums_ca_08900_02152,0608900,2018,16,2,75000_99999,3,married_couple,no_65_plus,35_64,78100,3,1
pums_ca_08900_02153,0608900,2018,14,3,30000_34999,2,married_couple,has_65_plus,35_64,30904,2,1
pums_ca_08900_02154,0608900,2018,15,4,35000_39999,2,married_couple,no_65_plus,35_64,37000,2,1
pums_ca_08900_02155,0608900,2018,11,1,35000_39999,1,nonfamily_living_alone,has_65_plus,65_plus,38400,1,4
pums_ca_08900_02156,0608900,2018,18,1,50000_59999,1,nonfamily_not_living_alone,no_65_plus,35_64,58500,1,6
pums_ca_08900_02157,0608900,2018,17,2,35000_39999,2,married_couple,has_65_plus,65_plus,37200,2,1
pums_ca_08900_02158,0608900,2018,6,3,100000_124999,4_plus,married_couple,no_65_plus,35_64,105000,4,1
pums_ca_08900_02159,0608900,2018,12,2,60000_74999,2,married_couple,no_65_plus,18_34,71000,2,1
pums_ca_08900_02160,0608900,2018,35,2,60000_74999,2,married_couple,no_65_plus,35_64,67000,2,1
pums_ca_08900_02161,0608900,2018,12,2,50000_59999,3,married_couple,no_65_plus,35_64,56500,3,1
pums_ca_08900_02162,0608900,2018,11,8,100000_124999,3,married_couple,no_65_plus,35_64,101800,3,1
pums_ca_08900_02163,0608900,2018,11,1,10000_14999,1,nonfamily_not_living_alone,has_65_plus,65_plus,14400,1,6
pums_ca_08900_02164,0608900,2018,8,1,75000_99999,1,nonfamily_living_alone,no_65_plus,35_64,80000,1,4
pums_ca_08900_02165,0608900,2018,5,1,10000_14999,2,nonfamily_not_living_alone,has_65_plus,65_plus,10400,2,6
pums_ca_08900_02166,0608900,2018,7,2,50000_59999,2,married_couple,has_65_plus,65_plus,53700,2,1
pums_ca_08900_02167,0608900,2018,11,2,60000_74999,2,married_couple,no_65_plus,35_64,65500,2,1
pums_ca_08900_02168,0608900,2018,15,5,75000_99999,4_plus,married_couple,no_65_plus,35_64,98000,4,1
pums_ca_08900_02169,0608900,2018,52,2,45000_49999,2,other_male_householder,no_65_plus,35_64,46800,2,2
pums_ca_08900_02170,0608900,2018,22,2,200000_plus,2,married_couple,no_65_plus,35_64,320000,2,1
pums_ca_08900_02171,0608900,2018,10,1,35000_39999,1,nonfamily_not_living_alone,no_65_plus,18_34,38000,1,6
pums_ca_08900_02172,0608900,2018,5,4,75000_99999,2,other_female_householder,no_65_plus,18_34,81400,2,3
pums_ca_08900_02173,0608900,2018,6,5,20000_24999,3,married_couple,no_65_plus,35_64,24400,3,1
pums_ca_08900_02174,0608900,2018,9,2,200000_plus,1,married_couple,has_65_plus,65_plus,397000,1,1
pums_ca_08900_02175,0608900,2018,13,2,20000_24999,3,married_couple,has_65_plus,65_plus,20200,3,1
pums_ca_08900_02176,0608900,2018,8,2,60000_74999,3,married_couple,no_65_plus,35_64,73300,3,1
pums_ca_08900_02177,0608900,2018,15,3,25000_29999,2,married_couple,no_65_plus,18_34,29200,2,1
pums_ca_08900_02178,0608900,2018,4,3,125000_149999,4_plus,married_couple,has_65_plus,35_64,132450,4,1
pums_ca_08900_02179,0608900,2018,5,1,100000_124999,1,nonfamily_living_alone,no_65_plus,35_64,100000,1,4
pums_ca_08900_02180,0608900,2018,19,1,10000_14999,1,nonfamily_not_living_alone,has_65_plus,65_plus,11600,1,6
pums_ca_08900_02181,0608900,2018,8,2,200000_plus,2,married_couple,no_65_plus,35_64,342000,2,1
pums_ca_08900_02182,0608900,2018,7,2,20000_24999,3,married_couple,no_65_plus,35_64,24000,3,1
pums_ca_08900_02183,0608900,2018,21,1,lt_10000,1,nonfamily_not_living_alone,no_65_plus,35_64,0,1,6
pums_ca_08900_02184,0608900,2018,15,3,150000_199999,2,married_couple,no_65_plus,35_64,176000,2,1
pums_ca_08900_02185,0608900,2018,9,4,lt_10000,4_plus,married_couple,no_65_plus,35_64,8000,4,1
pums_ca_08900_02186,0608900,2018,3,2,40000_44999,2,married_couple,no_65_plus,35_64,44500,2,1
pums_ca_08900_02187,0608900,2018,45,2,75000_99999,2,married_couple,no_65_plus,18_34,75000,2,1
pums_ca_08900_02188,0608900,2018,11,4,15000_19999,1,other_female_householder,no_65_plus,18_34,18600,1,3
pums_ca_08900_02189,0608900,2018,24,7,15000_19999,1,married_couple,no_65_plus,18_34,18400,1,1
pums_ca_08900_02190,0608900,2018,10,3,100000_124999,3,other_male_householder,no_65_plus,35_64,102000,3,2
pums_ca_08900_02191,0608900,2018,32,2,25000_29999,2,married_couple,no_65_plus,35_64,28000,2,1
pums_ca_08900_02192,0608900,2018,3,3,25000_29999,3,married_couple,has_65_plus,65_plus,29200,3,1
pums_ca_08900_02193,0608900,2018,37,2,40000_44999,2,married_couple,no_65_plus,35_64,42600,2,1
pums_ca_08900_02194,0608900,2018,8,1,60000_74999,1,nonfamily_living_alone,has_65_plus,65_plus,63500,1,4
pums_ca_08900_02195,0608900,2018,28,2,75000_99999,1,nonfamily_living_alone,no_65_plus,35_64,89000,1,5
pums_ca_08900_02196,0608900,2018,6,2,100000_124999,2,married_couple,no_65_plus,35_64,101000,2,1
pums_ca_08900_02197,0608900,2018,12,2,40000_44999,2,married_couple,has_65_plus,65_plus,43200,2,1
pums_ca_08900_02198,0608900,2018,27,1,lt_10000,0,nonfamily_not_living_alone,has_65_plus,65_plus,7450,0,6
pums_ca_08900_02199,0608900,2018,12,1,lt_10000,1,nonfamily_living_alone,no_65_plus,35_64,-5800,1,4
pums_ca_08900_02200,0608900,2018,20,3,10000_14999,1,other_female_householder,no_65_plus,18_34,11200,1,3
pums_ca_08900_02201,0608900,2018,24,2,15000_19999,2,married_couple,no_65_plus,35_64,17000,2,1
pums_ca_08900_02202,0608900,2018,11,1,10000_14999,1,nonfamily_not_living_alone,no_65_plus,35_64,10000,1,6
pums_ca_08900_02203,0608900,2018,20,1,10000_14999,0,nonfamily_living_alone,no_65_plus,35_64,10600,0,4
pums_ca_08900_02204,0608900,2018,7,2,15000_19999,2,married_couple,no_65_plus,35_64,19100,2,1
pums_ca_08900_02205,0608900,2018,15,2,50000_59999,2,married_couple,has_65_plus,65_plus,53200,2,1
pums_ca_08900_02206,0608900,2018,8,3,100000_124999,1,married_couple,no_65_plus,35_64,120500,1,1
pums_ca_08900_02207,0608900,2018,17,2,10000_14999,1,other_female_householder,no_65_plus,35_64,10000,1,3
pums_ca_08900_02208,0608900,2018,13,2,150000_199999,3,married_couple,has_65_plus,65_plus,173000,3,1
pums_ca_08900_02209,0608900,2018,21,4,200000_plus,2,married_couple,no_65_plus,35_64,641000,2,1
pums_ca_08900_02210,0608900,2018,10,2,75000_99999,2,married_couple,no_65_plus,35_64,86000,2,1
pums_ca_08900_02211,0608900,2018,35,3,45000_49999,1,other_female_householder,no_65_plus,18_34,48200,1,3
pums_ca_08900_02212,0608900,2018,11,2,35000_39999,2,married_couple,no_65_plus,35_64,39000,2,1
pums_ca_08900_02213,0608900,2018,18,4,125000_149999,4_plus,married_couple,no_65_plus,35_64,137000,4,1
pums_ca_08900_02214,0608900,2018,22,1,10000_14999,1,nonfamily_not_living_alone,no_65_plus,35_64,11000,1,6
pums_ca_08900_02215,0608900,2018,7,3,60000_74999,1,other_male_householder,no_65_plus,35_64,64000,1,2
pums_ca_08900_02216,0608900,2018,13,1,30000_34999,2,nonfamily_living_alone,has_65_plus,65_plus,31200,2,4
pums_ca_08900_02217,0608900,2018,12,2,125000_149999,2,married_couple,no_65_plus,35_64,130000,2,1
pums_ca_08900_02218,0608900,2018,2,2,75000_99999,2,married_couple,no_65_plus,35_64,88000,2,1
pums_ca_08900_02219,0608900,2018,34,1,lt_10000,1,nonfamily_living_alone,no_65_plus,18_34,6000,1,4
pums_ca_08900_02220,0608900,2018,13,3,75000_99999,2,married_couple,no_65_plus,18_34,76000,2,1
pums_ca_08900_02221,0608900,2018,3,2,75000_99999,3,married_couple,has_65_plus,65_plus,85300,3,1
pums_ca_08900_02222,0608900,2018,16,4,75000_99999,2,married_couple,no_65_plus,35_64,90000,2,1
pums_ca_08900_02223,0608900,2018,11,1,lt_10000,3,nonfamily_not_living_alone,has_65_plus,65_plus,7600,3,6
pums_ca_08900_02224,0608900,2018,21,1,100000_124999,1,nonfamily_not_living_alone,no_65_plus,35_64,108000,1,6
pums_ca_08900_02225,0608900,2018,15,2,100000_124999,3,married_couple,has_65_plus,65_plus,104000,3,1
pums_ca_08900_02226,0608900,2018,5,8,50000_59999,2,married_couple,no_65_plus,35_64,55000,2,1
pums_ca_08900_02227,0608900,2018,9,2,100000_124999,2,married_couple,no_65_plus,35_64,116000,2,1
pums_ca_08900_02228,0608900,2018,14,1,60000_74999,1,nonfamily_living_alone,no_65_plus,35_64,60000,1,4
pums_ca_08900_02229,0608900,2018,18,2,25000_29999,2,married_couple,has_65_plus,65_plus,26900,2,1
pums_ca_08900_02230,0608900,2018,27,4,50000_59999,3,other_female_householder,no_65_plus,35_64,52000,3,3
pums_ca_08900_02231,0608900,2018,46,2,75000_99999,2,married_couple,no_65_plus,35_64,82100,2,1
pums_ca_08900_02232,0608900,2018,14,2,100000_124999,2,married_couple,no_65_plus,35_64,123200,2,1
pums_ca_08900_02233,0608900,2018,9,4,100000_124999,3,nonfamily_living_alone,no_65_plus,35_64,123000,3,5
pums_ca_08900_02234,0608900,2018,10,4,15000_19999,0,married_couple,no_65_plus,18_34,15590,0,1
pums_ca_08900_02235,0608900,2018,17,1,35000_39999,0,nonfamily_not_living_alone,no_65_plus,35_64,35000,0,6
pums_ca_08900_02236,0608900,2018,10,1,60000_74999,1,nonfamily_not_living_alone,no_65_plus,35_64,60800,1,6
pums_ca_08900_02237,0608900,2018,14,2,60000_74999,2,married_couple,has_65_plus,65_plus,61500,2,1
pums_ca_08900_02238,0608900,2018,8,1,lt_10000,1,nonfamily_not_living_alone,no_65_plus,35_64,4000,1,6
pums_ca_08900_02239,0608900,2018,21,2,10000_14999,2,married_couple,has_65_plus,65_plus,10400,2,1
pums_ca_08900_02240,0608900,2018,42,2,45000_49999,2,other_male_householder,no_65_plus,35_64,48900,2,2
pums_ca_08900_02241,0608900,2018,11,1,50000_59999,1,nonfamily_living_alone,no_65_plus,35_64,57000,1,4
pums_ca_08900_02242,0608900,2018,7,2,30000_34999,1,married_couple,has_65_plus,65_plus,32400,1,1
pums_ca_08900_02243,0608900,2018,16,3,75000_99999,2,other_female_householder,no_65_plus,35_64,94000,2,3
pums_ca_08900_02244,0608900,2018,9,1,25000_29999,1,nonfamily_not_living_alone,has_65_plus,65_plus,25200,1,6
pums_ca_08900_02245,0608900,2018,14,2,75000_99999,2,married_couple,has_65_plus,65_plus,85800,2,1
pums_ca_08900_02246,0608900,2018,23,5,60000_74999,2,other_male_householder,has_65_plus,65_plus,70600,2,2
pums_ca_08900_02247,0608900,2018,8,2,25000_29999,2,nonfamily_living_alone,has_65_plus,65_plus,26100,2,5
pums_ca_08900_02248,0608900,2018,14,3,45000_49999,2,other_female_householder,has_65_plus,65_plus,46300,2,3
pums_ca_08900_02249,0608900,2018,9,1,50000_59999,0,nonfamily_not_living_alone,has_65_plus,65_plus,50000,0,6
pums_ca_08900_02250,0608900,2018,13,2,25000_29999,2,married_couple,no_65_plus,35_64,29200,2,1
pums_ca_08900_02251,0608900,2018,6,2,35000_39999,2,married_couple,no_65_plus,35_64,39900,2,1
pums_ca_08900_02252,0608900,2018,8,2,45000_49999,2,married_couple,has_65_plus,65_plus,46800,2,1
pums_ca_08900_02253,0608900,2018,14,2,25000_29999,2,married_couple,no_65_plus,35_64,28200,2,1
pums_ca_08900_02254,0608900,2018,3,2,75000_99999,2,married_couple,has_65_plus,65_plus,78500,2,1
pums_ca_08900_02255,0608900,2018,13,1,15000_19999,0,nonfamily_not_living_alone,has_65_plus,65_plus,15810,0,6
pums_ca_08900_02256,0608900,2018,8,4,200000_plus,2,married_couple,no_65_plus,35_64,505500,2,1
pums_ca_08900_02257,0608900,2018,24,3,100000_124999,3,married_couple,no_65_plus,35_64,107000,3,1
pums_ca_08900_02258,0608900,2018,10,1,30000_34999,1,nonfamily_not_living_alone,has_65_plus,65_plus,33800,1,6
pums_ca_08900_02259,0608900,2018,20,2,200000_plus,0,married_couple,has_65_plus,65_plus,397700,0,1
pums_ca_08900_02260,0608900,2018,10,3,125000_149999,3,married_couple,no_65_plus,35_64,126000,3,1
pums_ca_08900_02261,0608900,2018,13,2,60000_74999,2,married_couple,has_65_plus,65_plus,68160,2,1
pums_ca_08900_02262,0608900,2018,7,1,60000_74999,2,nonfamily_living_alone,has_65_plus,65_plus,74000,2,4
pums_ca_08900_02263,0608900,2018,26,1,20000_24999,2,nonfamily_living_alone,no_65_plus,35_64,22000,2,4
pums_ca_08900_02264,0608900,2018,10,2,75000_99999,3,married_couple,no_65_plus,35_64,90000,3,1
pums_ca_08900_02265,0608900,2018,19,1,10000_14999,0,nonfamily_not_living_alone,has_65_plus,65_plus,12600,0,6
pums_ca_08900_02266,0608900,2018,10,4,150000_199999,4_plus,married_couple,no_65_plus,35_64,156504,4,1
pums_ca_08900_02267,0608900,2018,11,3,75000_99999,3,married_couple,no_65_plus,35_64,89500,3,1
pums_ca_08900_02268,0608900,2018,11,4,150000_199999,3,married_couple,no_65_plus,35_64,155920,3,1
pums_ca_08900_02269,0608900,2018,18,2,60000_74999,2,other_male_householder,no_65_plus,35_64,63200,2,2
pums_ca_08900_02270,0608900,2018,12,5,200000_plus,3,married_couple,no_65_plus,35_64,200000,3,1
pums_ca_08900_02271,0608900,2018,15,1,lt_10000,0,nonfamily_not_living_alone,has_65_plus,65_plus,8000,0,6
pums_ca_08900_02272,0608900,2018,35,1,10000_14999,0,nonfamily_not_living_alone,no_65_plus,35_64,10900,0,6
pums_ca_08900_02273,0608900,2018,43,2,75000_99999,2,nonfamily_living_alone,no_65_plus,18_34,91000,2,5
pums_ca_08900_02274,0608900,2018,2,5,60000_74999,2,married_couple,no_65_plus,35_64,71000,2,1
pums_ca_08900_02275,0608900,2018,5,2,75000_99999,2,married_couple,no_65_plus,35_64,90500,2,1
pums_ca_08900_02276,0608900,2018,9,4,75000_99999,2,married_couple,no_65_plus,35_64,97400,2,1
pums_ca_08900_02277,0608900,2018,38,2,125000_149999,2,married_couple,no_65_plus,35_64,147000,2,1
pums_ca_08900_02278,0608900,2018,21,1,100000_124999,2,nonfamily_not_living_alone,no_65_plus,35_64,120000,2,6
pums_ca_08900_02279,0608900,2018,8,1,15000_19999,0,nonfamily_not_living_alone,has_65_plus,65_plus,15900,0,6
pums_ca_08900_02280,0608900,2018,3,5,75000_99999,3,other_female_householder,no_65_plus,35_64,98800,3,3
pums_ca_08900_02281,0608900,2018,12,4,75000_99999,2,married_couple,no_65_plus,18_34,87000,2,1
pums_ca_08900_02282,0608900,2018,5,2,lt_10000,2,married_couple,has_65_plus,65_plus,0,2,1
pums_ca_08900_02283,0608900,2018,13,2,40000_44999,3,married_couple,has_65_plus,65_plus,44400,3,1
pums_ca_08900_02284,0608900,2018,11,2,45000_49999,2,married_couple,has_65_plus,65_plus,47000,2,1
pums_ca_08900_02285,0608900,2018,32,1,lt_10000,0,nonfamily_not_living_alone,no_65_plus,35_64,6000,0,6
pums_ca_08900_02286,0608900,2018,13,2,40000_44999,2,married_couple,has_65_plus,65_plus,40800,2,1
pums_ca_08900_02287,0608900,2018,17,2,45000_49999,2,married_couple,has_65_plus,65_plus,47600,2,1
pums_ca_08900_02288,0608900,2018,8,3,45000_49999,4_plus,other_male_householder,no_65_plus,35_64,48600,4,2
pums_ca_08900_02289,0608900,2018,5,1,lt_10000,1,nonfamily_not_living_alone,has_65_plus,65_plus,9600,1,6
pums_ca_08900_02290,0608900,2018,25,1,15000_19999,1,nonfamily_living_alone,no_65_plus,35_64,15850,1,4
pums_ca_08900_02291,0608900,2018,7,2,200000_plus,1,married_couple,has_65_plus,65_plus,208000,1,1
pums_ca_08900_02292,0608900,2018,7,1,15000_19999,2,nonfamily_not_living_alone,has_65_plus,65_plus,19300,2,6
pums_ca_08900_02293,0608900,2018,12,3,200000_plus,3,married_couple,no_65_plus,35_64,222600,3,1
pums_ca_08900_02294,0608900,2018,19,2,25000_29999,2,nonfamily_not_living_alone,has_65_plus,65_plus,27800,2,7
pums_ca_08900_02295,0608900,2018,11,3,40000_44999,2,other_female_householder,no_65_plus,35_64,42250,2,3
pums_ca_08900_02296,0608900,2018,15,7,60000_74999,4_plus,other_female_householder,no_65_plus,18_34,65000,4,3
pums_ca_08900_02297,0608900,2018,7,3,lt_10000,3,nonfamily_living_alone,no_65_plus,35_64,-5400,3,5
pums_ca_08900_02298,0608900,2018,12,2,10000_14999,1,other_female_householder,no_65_plus,18_34,12000,1,3
pums_ca_08900_02299,0608900,2018,10,1,30000_34999,1,nonfamily_living_alone,no_65_plus,18_34,34000,1,4
pums_ca_08900_02300,0608900,2018,23,3,200000_plus,3,married_couple,no_65_plus,35_64,242100,3,1
pums_ca_08900_02301,0608900,2018,5,2,20000_24999,2,other_female_householder,has_65_plus,65_plus,20000,2,3
pums_ca_08900_02302,0608900,2018,3,2,60000_74999,4_plus,other_female_householder,has_65_plus,65_plus,70900,4,3
pums_ca_08900_02303,0608900,2018,14,1,lt_10000,3,nonfamily_living_alone,no_65_plus,35_64,3900,3,4
pums_ca_08900_02304,0608900,2018,36,1,35000_39999,2,nonfamily_living_alone,no_65_plus,35_64,37000,2,4
pums_ca_08900_02305,0608900,2018,7,1,10000_14999,2,nonfamily_not_living_alone,no_65_plus,35_64,11800,2,6
pums_ca_08900_02306,0608900,2018,35,2,30000_34999,1,married_couple,has_65_plus,65_plus,30401,1,1
pums_ca_08900_02307,0608900,2018,10,4,40000_44999,2,nonfamily_not_living_alone,no_65_plus,18_34,40500,2,7
pums_ca_08900_02308,0608900,2018,2,1,15000_19999,1,nonfamily_living_alone,no_65_plus,35_64,15000,1,4
pums_ca_08900_02309,0608900,2018,7,3,125000_149999,4_plus,married_couple,no_65_plus,35_64,131000,4,1
pums_ca_08900_02310,0608900,2018,3,1,50000_59999,0,nonfamily_living_alone,no_65_plus,18_34,50000,0,4
pums_ca_08900_02311,0608900,2018,16,2,40000_44999,2,married_couple,no_65_plus,18_34,41000,2,1
pums_ca_08900_02312,0608900,2018,12,2,100000_124999,2,married_couple,no_65_plus,18_34,110000,2,1
pums_ca_08900_02313,0608900,2018,42,4,60000_74999,2,other_female_householder,no_65_plus,35_64,65000,2,3
pums_ca_08900_02314,0608900,2018,12,1,50000_59999,2,nonfamily_not_living_alone,no_65_plus,35_64,53000,2,6
pums_ca_08900_02315,0608900,2018,14,3,35000_39999,3,married_couple,has_65_plus,65_plus,35700,3,1
pums_ca_08900_02316,0608900,2018,7,2,25000_29999,0,other_female_householder,has_65_plus,65_plus,26300,0,3
pums_ca_08900_02317,0608900,2018,19,1,50000_59999,2,nonfamily_not_living_alone,has_65_plus,65_plus,55300,2,6
pums_ca_08900_02318,0608900,2018,21,1,45000_49999,2,nonfamily_living_alone,no_65_plus,18_34,46000,2,4
pums_ca_08900_02319,0608900,2018,33,4,15000_19999,2,other_female_householder,no_65_plus,18_34,16000,2,3
pums_ca_08900_02320,0608900,2018,21,2,40000_44999,2,married_couple,has_65_plus,65_plus,41400,2,1
pums_ca_08900_02321,0608900,2018,14,1,lt_10000,0,nonfamily_not_living_alone,no_65_plus,35_64,700,0,6
pums_ca_08900_02322,0608900,2018,30,2,35000_39999,2,married_couple,has_65_plus,35_64,37000,2,1
pums_ca_08900_02323,0608900,2018,12,2,50000_59999,2,married_couple,no_65_plus,35_64,55200,2,1
pums_ca_08900_02324,0608900,2018,2,1,45000_49999,1,nonfamily_not_living_alone,has_65_plus,65_plus,49200,1,6
pums_ca_08900_02325,0608900,2018,16,1,15000_19999,1,nonfamily_not_living_alone,has_65_plus,65_plus,16440,1,6
pums_ca_08900_02326,0608900,2018,41,2,20000_24999,1,married_couple,no_65_plus,35_64,24500,1,1
pums_ca_08900_02327,0608900,2018,4,2,25000_29999,2,married_couple,has_65_plus,65_plus,27220,2,1
pums_ca_08900_02328,0608900,2018,14,3,75000_99999,2,other_female_householder,no_65_plus,35_64,85000,2,3
pums_ca_08900_02329,0608900,2018,8,2,50000_59999,2,married_couple,no_65_plus,35_64,56000,2,1
pums_ca_08900_02330,0608900,2018,44,2,200000_plus,1,married_couple,has_65_plus,65_plus,355500,1,1
pums_ca_08900_02331,0608900,2018,19,4,30000_34999,2,married_couple,no_65_plus,18_34,33000,2,1
pums_ca_08900_02332,0608900,2018,30,2,100000_124999,2,married_couple,has_65_plus,65_plus,103900,2,1
pums_ca_08900_02333,0608900,2018,12,1,25000_29999,1,nonfamily_living_alone,has_65_plus,65_plus,25100,1,4
pums_ca_08900_02334,0608900,2018,11,2,lt_10000,1,married_couple,has_65_plus,65_plus,8000,1,1
pums_ca_08900_02335,0608900,2018,19,1,50000_59999,2,nonfamily_living_alone,has_65_plus,65_plus,53320,2,4
pums_ca_08900_02336,0608900,2018,14,3,30000_34999,3,married_couple,has_65_plus,65_plus,30500,3,1
pums_ca_08900_02337,0608900,2018,33,1,50000_59999,1,nonfamily_living_alone,no_65_plus,35_64,52000,1,4
pums_ca_08900_02338,0608900,2018,9,3,30000_34999,3,married_couple,has_65_plus,65_plus,31300,3,1
pums_ca_08900_02339,0608900,2018,15,4,125000_149999,2,married_couple,no_65_plus,35_64,132000,2,1
pums_ca_08900_02340,0608900,2018,15,2,40000_44999,3,married_couple,no_65_plus,35_64,43720,3,1
pums_ca_08900_02341,0608900,2018,11,1,20000_24999,2,nonfamily_not_living_alone,no_65_plus,35_64,22000,2,6
pums_ca_08900_02342,0608900,2018,19,2,35000_39999,2,married_couple,has_65_plus,35_64,36600,2,1
pums_ca_08900_02343,0608900,2018,6,1,60000_74999,1,nonfamily_not_living_alone,no_65_plus,35_64,69890,1,6
pums_ca_08900_02344,0608900,2018,7,2,50000_59999,2,married_couple,has_65_plus,65_plus,58850,2,1
pums_ca_08900_02345,0608900,2018,17,5,75000_99999,2,married_couple,no_65_plus,18_34,86000,2,1
pums_ca_08900_02346,0608900,2018,2,2,50000_59999,2,married_couple,no_65_plus,35_64,55000,2,1
pums_ca_08900_02347,0608900,2018,10,4,75000_99999,2,other_male_householder,no_65_plus,35_64,93000,2,2
pums_ca_08900_02348,0608900,2018,13,2,10000_14999,3,married_couple,has_65_plus,65_plus,11800,3,1
pums_ca_08900_02349,0608900,2018,7,2,60000_74999,3,married_couple,has_65_plus,65_plus,66700,3,1
pums_ca_08900_02350,0608900,2018,9,1,30000_34999,1,nonfamily_living_alone,has_65_plus,65_plus,33750,1,4
pums_ca_08900_02351,0608900,2018,13,3,25000_29999,1,other_male_householder,no_65_plus,18_34,28800,1,2
pums_ca_08900_02352,0608900,2018,10,2,100000_124999,3,married_couple,no_65_plus,35_64,107000,3,1
pums_ca_08900_02353,0608900,2018,27,4,40000_44999,2,married_couple,no_65_plus,35_64,41000,2,1
pums_ca_08900_02354,0608900,2018,14,2,60000_74999,3,married_couple,has_65_plus,65_plus,60500,3,1
pums_ca_08900_02355,0608900,2018,13,2,35000_39999,3,other_female_householder,has_65_plus,65_plus,36310,3,3
pums_ca_08900_02356,0608900,2018,8,3,200000_plus,2,married_couple,no_65_plus,18_34,350000,2,1
pums_ca_08900_02357,0608900,2018,47,1,10000_14999,1,nonfamily_living_alone,no_65_plus,35_64,10500,1,4
pums_ca_08900_02358,0608900,2018,7,1,20000_24999,1,nonfamily_not_living_alone,has_65_plus,65_plus,21700,1,6
pums_ca_08900_02359,0608900,2018,14,1,200000_plus,3,nonfamily_living_alone,no_65_plus,35_64,326300,3,4
pums_ca_08900_02360,0608900,2018,14,2,50000_59999,3,nonfamily_not_living_alone,no_65_plus,35_64,50000,3,7
pums_ca_08900_02361,0608900,2018,12,2,10000_14999,1,married_couple,no_65_plus,35_64,12700,1,1
pums_ca_08900_02362,0608900,2018,2,2,50000_59999,2,married_couple,has_65_plus,35_64,52300,2,1
pums_ca_08900_02363,0608900,2018,8,1,10000_14999,1,nonfamily_living_alone,has_65_plus,65_plus,14000,1,4
pums_ca_08900_02364,0608900,2018,7,1,50000_59999,1,nonfamily_living_alone,no_65_plus,35_64,51800,1,4
pums_ca_08900_02365,0608900,2018,12,2,35000_39999,2,married_couple,has_65_plus,65_plus,35700,2,1
pums_ca_08900_02366,0608900,2018,4,2,150000_199999,4_plus,other_male_householder,no_65_plus,35_64,190000,4,2
pums_ca_08900_02367,0608900,2018,8,2,50000_59999,4_plus,married_couple,no_65_plus,35_64,58400,6,1
pums_ca_08900_02368,0608900,2018,8,2,75000_99999,3,married_couple,has_65_plus,65_plus,81900,3,1
pums_ca_08900_02369,0608900,2018,12,2,60000_74999,2,married_couple,no_65_plus,35_64,62400,2,1
pums_ca_08900_02370,0608900,2018,21,2,75000_99999,2,married_couple,has_65_plus,65_plus,91100,2,1
pums_ca_08900_02371,0608900,2018,4,4,100000_124999,3,married_couple,no_65_plus,35_64,110000,3,1
pums_ca_08900_02372,0608900,2018,7,2,100000_124999,3,married_couple,no_65_plus,35_64,112040,3,1
pums_ca_08900_02373,0608900,2018,20,2,lt_10000,1,married_couple,no_65_plus,35_64,5740,1,1
pums_ca_08900_02374,0608900,2018,12,2,20000_24999,1,other_female_householder,no_65_plus,35_64,24000,1,3
pums_ca_08900_02375,0608900,2018,15,1,50000_59999,1,nonfamily_living_alone,no_65_plus,35_64,50000,1,4
pums_ca_08900_02376,0608900,2018,17,2,125000_149999,1,other_female_householder,has_65_plus,65_plus,149000,1,3
pums_ca_08900_02377,0608900,2018,8,7,125000_149999,4_plus,married_couple,no_65_plus,35_64,140000,4,1
pums_ca_08900_02378,0608900,2018,7,2,40000_44999,4_plus,nonfamily_not_living_alone,no_65_plus,35_64,44000,4,7
pums_ca_08900_02379,0608900,2018,5,2,50000_59999,2,married_couple,has_65_plus,65_plus,59000,2,1
pums_ca_08900_02380,0608900,2018,2,3,60000_74999,1,other_male_householder,has_65_plus,65_plus,61290,1,2
pums_ca_08900_02381,0608900,2018,5,3,200000_plus,4_plus,married_couple,no_65_plus,35_64,233210,5,1
pums_ca_08900_02382,0608900,2018,15,2,40000_44999,2,married_couple,has_65_plus,65_plus,40160,2,1
pums_ca_08900_02383,0608900,2018,17,6,15000_19999,1,married_couple,no_65_plus,18_34,16100,1,1
pums_ca_08900_02384,0608900,2018,6,2,100000_124999,2,married_couple,has_65_plus,65_plus,124300,2,1
pums_ca_08900_02385,0608900,2018,6,1,30000_34999,1,nonfamily_living_alone,no_65_plus,35_64,33800,1,4
pums_ca_08900_02386,0608900,2018,14,4,100000_124999,2,married_couple,no_65_plus,35_64,106500,2,1
pums_ca_08900_02387,0608900,2018,7,4,75000_99999,3,married_couple,no_65_plus,35_64,88000,3,1
pums_ca_08900_02388,0608900,2018,11,3,100000_124999,3,married_couple,has_65_plus,35_64,122600,3,1
pums_ca_08900_02389,0608900,2018,6,4,75000_99999,2,nonfamily_not_living_alone,no_65_plus,18_34,87000,2,7
pums_ca_08900_02390,0608900,2018,7,2,200000_plus,2,married_couple,no_65_plus,35_64,255000,2,1
pums_ca_08900_02391,0608900,2018,25,1,30000_34999,1,nonfamily_living_alone,no_65_plus,35_64,32800,1,4
pums_ca_08900_02392,0608900,2018,9,2,75000_99999,3,nonfamily_living_alone,no_65_plus,18_34,93000,3,5
pums_ca_08900_02393,0608900,2018,35,2,45000_49999,2,married_couple,no_65_plus,35_64,47200,2,1
pums_ca_08900_02394,0608900,2018,5,2,100000_124999,2,married_couple,has_65_plus,65_plus,100000,2,1
pums_ca_08900_02395,0608900,2018,13,2,100000_124999,2,other_female_householder,no_65_plus,35_64,103000,2,3
pums_ca_08900_02396,0608900,2018,14,1,50000_59999,1,nonfamily_living_alone,has_65_plus,65_plus,50000,1,4
pums_ca_08900_02397,0608900,2018,6,2,125000_149999,3,married_couple,no_65_plus,35_64,138000,3,1
pums_ca_08900_02398,0608900,2018,7,1,75000_99999,1,nonfamily_not_living_alone,no_65_plus,35_64,89900,1,6
pums_ca_08900_02399,0608900,2018,10,2,25000_29999,2,married_couple,has_65_plus,35_64,29000,2,1
pums_ca_08900_02400,0608900,2018,15,2,40000_44999,2,other_female_householder,has_65_plus,65_plus,41150,2,3
pums_ca_08900_02401,0608900,2018,7,2,20000_24999,3,married_couple,has_65_plus,65_plus,21500,3,1
pums_ca_08900_02402,0608900,2018,27,2,25000_29999,1,married_couple,has_65_plus,65_plus,29200,1,1
pums_ca_08900_02403,0608900,2018,22,4,75000_99999,2,married_couple,no_65_plus,18_34,98000,2,1
pums_ca_08900_02404,0608900,2018,5,2,60000_74999,3,married_couple,has_65_plus,65_plus,73300,3,1
pums_ca_08900_02405,0608900,2018,4,2,75000_99999,2,married_couple,has_65_plus,65_plus,95450,2,1
pums_ca_08900_02406,0608900,2018,11,1,15000_19999,0,nonfamily_not_living_alone,has_65_plus,65_plus,15100,0,6
pums_ca_08900_02407,0608900,2018,9,1,10000_14999,1,nonfamily_not_living_alone,has_65_plus,65_plus,11700,1,6
pums_ca_08900_02408,0608900,2018,9,2,75000_99999,3,married_couple,no_65_plus,35_64,94340,3,1
pums_ca_08900_02409,0608900,2018,33,3,25000_29999,2,other_female_householder,has_65_plus,35_64,29400,2,3
pums_ca_08900_02410,0608900,2018,26,2,75000_99999,2,nonfamily_living_alone,no_65_plus,18_34,95000,2,5
pums_ca_08900_02411,0608900,2018,14,2,60000_74999,2,married_couple,has_65_plus,65_plus,74800,2,1
pums_ca_08900_02412,0608900,2018,15,2,75000_99999,2,married_couple,no_65_plus,35_64,78400,2,1
pums_ca_08900_02413,0608900,2018,29,2,15000_19999,2,married_couple,has_65_plus,65_plus,19000,2,1
pums_ca_08900_02414,0608900,2018,11,1,lt_10000,0,nonfamily_living_alone,no_65_plus,35_64,960,0,4
pums_ca_08900_02415,0608900,2018,6,1,lt_10000,1,nonfamily_not_living_alone,has_65_plus,65_plus,0,1,6
pums_ca_08900_02416,0608900,2018,16,1,10000_14999,0,nonfamily_not_living_alone,has_65_plus,65_plus,12000,0,6
pums_ca_08900_02417,0608900,2018,17,2,45000_49999,1,other_female_householder,has_65_plus,65_plus,47600,1,3
pums_ca_08900_02418,0608900,2018,47,2,15000_19999,2,other_male_householder,has_65_plus,65_plus,18000,2,2
pums_ca_08900_02419,0608900,2018,20,4,100000_124999,4_plus,married_couple,no_65_plus,35_64,101300,4,1
pums_ca_08900_02420,0608900,2018,50,2,35000_39999,3,married_couple,no_65_plus,35_64,37000,3,1
pums_ca_08900_02421,0608900,2018,13,1,25000_29999,1,nonfamily_living_alone,has_65_plus,65_plus,25500,1,4
pums_ca_08900_02422,0608900,2018,10,1,60000_74999,1,nonfamily_living_alone,no_65_plus,35_64,70000,1,4
pums_ca_08900_02423,0608900,2018,12,3,200000_plus,3,married_couple,no_65_plus,35_64,209200,3,1
pums_ca_08900_02424,0608900,2018,27,3,20000_24999,1,other_female_householder,no_65_plus,18_34,20000,1,3
pums_ca_08900_02425,0608900,2018,61,2,150000_199999,2,nonfamily_not_living_alone,no_65_plus,35_64,151800,2,7
pums_ca_08900_02426,0608900,2018,14,1,50000_59999,0,nonfamily_not_living_alone,has_65_plus,65_plus,56400,0,6
pums_ca_08900_02427,0608900,2018,15,2,40000_44999,2,nonfamily_not_living_alone,has_65_plus,65_plus,40500,2,7
pums_ca_08900_02428,0608900,2018,12,3,30000_34999,1,married_couple,no_65_plus,35_64,33900,1,1
pums_ca_08900_02429,0608900,2018,15,4,60000_74999,4_plus,other_male_householder,no_65_plus,35_64,64700,4,2
pums_ca_08900_02430,0608900,2018,7,1,10000_14999,1,nonfamily_not_living_alone,has_65_plus,65_plus,13700,1,6
pums_ca_08900_02431,0608900,2018,39,2,40000_44999,1,married_couple,no_65_plus,35_64,43200,1,1
pums_ca_08900_02432,0608900,2018,16,2,100000_124999,2,other_female_householder,has_65_plus,65_plus,102400,2,3
pums_ca_08900_02433,0608900,2018,6,2,50000_59999,2,married_couple,has_65_plus,65_plus,51500,2,1
pums_ca_08900_02434,0608900,2018,12,3,40000_44999,1,married_couple,no_65_plus,35_64,44800,1,1
pums_ca_08900_02435,0608900,2018,11,3,200000_plus,2,married_couple,no_65_plus,35_64,504570,2,1
pums_ca_08900_02436,0608900,2018,8,2,100000_124999,3,married_couple,no_65_plus,35_64,112000,3,1
pums_ca_08900_02437,0608900,2018,13,2,30000_34999,2,married_couple,has_65_plus,35_64,32400,2,1
pums_ca_08900_02438,0608900,2018,13,1,15000_19999,1,nonfamily_not_living_alone,no_65_plus,35_64,15000,1,6
pums_ca_08900_02439,0608900,2018,19,1,15000_19999,1,nonfamily_not_living_alone,has_65_plus,65_plus,15800,1,6
pums_ca_08900_02440,0608900,2018,8,2,200000_plus,1,married_couple,has_65_plus,65_plus,489100,1,1
pums_ca_08900_02441,0608900,2018,12,1,lt_10000,1,nonfamily_not_living_alone,no_65_plus,35_64,0,1,6
pums_ca_08900_02442,0608900,2018,7,2,150000_199999,3,married_couple,has_65_plus,65_plus,193700,3,1
pums_ca_08900_02443,0608900,2018,8,1,60000_74999,2,nonfamily_not_living_alone,no_65_plus,35_64,62600,2,6
pums_ca_08900_02444,0608900,2018,15,1,75000_99999,0,nonfamily_living_alone,no_65_plus,18_34,75000,0,4
pums_ca_08900_02445,0608900,2018,14,1,60000_74999,1,nonfamily_not_living_alone,no_65_plus,35_64,63100,1,6
pums_ca_08900_02446,0608900,2018,8,1,75000_99999,1,nonfamily_not_living_alone,has_65_plus,65_plus,88100,1,6
pums_ca_08900_02447,0608900,2018,3,2,75000_99999,2,married_couple,no_65_plus,18_34,78000,2,1
pums_ca_08900_02448,0608900,2018,20,1,20000_24999,1,nonfamily_living_alone,has_65_plus,65_plus,22000,1,4
pums_ca_08900_02449,0608900,2018,27,1,lt_10000,1,nonfamily_not_living_alone,has_65_plus,65_plus,7000,1,6
pums_ca_08900_02450,0608900,2018,9,1,10000_14999,1,nonfamily_not_living_alone,has_65_plus,65_plus,13900,1,6
pums_ca_08900_02451,0608900,2018,13,2,35000_39999,1,married_couple,has_65_plus,65_plus,39300,1,1
pums_ca_08900_02452,0608900,2018,13,2,30000_34999,2,married_couple,has_65_plus,65_plus,34800,2,1
pums_ca_08900_02453,0608900,2018,12,2,100000_124999,2,married_couple,has_65_plus,65_plus,110200,2,1
pums_ca_08900_02454,0608900,2018,11,1,35000_39999,1,nonfamily_not_living_alone,has_65_plus,65_plus,36400,1,6
pums_ca_08900_02455,0608900,2018,2,4,30000_34999,2,married_couple,no_65_plus,35_64,32500,2,1
pums_ca_08900_02456,0608900,2018,14,1,15000_19999,2,nonfamily_living_alone,has_65_plus,65_plus,17000,2,4
pums_ca_08900_02457,0608900,2018,11,1,60000_74999,0,nonfamily_not_living_alone,has_65_plus,65_plus,68000,0,6
pums_ca_08900_02458,0608900,2018,4,1,25000_29999,2,nonfamily_not_living_alone,has_65_plus,65_plus,27600,2,6
pums_ca_08900_02459,0608900,2018,10,3,60000_74999,2,married_couple,has_65_plus,35_64,73800,2,1
pums_ca_08900_02460,0608900,2018,13,1,45000_49999,1,nonfamily_living_alone,no_65_plus,35_64,47500,1,4
pums_ca_08900_02461,0608900,2018,10,1,10000_14999,0,nonfamily_not_living_alone,no_65_plus,35_64,11100,0,6
pums_ca_08900_02462,0608900,2018,11,1,125000_149999,4_plus,nonfamily_living_alone,no_65_plus,35_64,144000,6,4
pums_ca_08900_02463,0608900,2018,5,1,25000_29999,3,nonfamily_living_alone,has_65_plus,65_plus,28400,3,4
pums_ca_08900_02464,0608900,2018,20,1,35000_39999,2,nonfamily_not_living_alone,has_65_plus,65_plus,37000,2,6
pums_ca_08900_02465,0608900,2018,59,1,50000_59999,1,nonfamily_living_alone,no_65_plus,35_64,50000,1,4
pums_ca_08900_02466,0608900,2018,9,1,25000_29999,1,nonfamily_not_living_alone,has_65_plus,65_plus,29400,1,6
pums_ca_08900_02467,0608900,2018,21,1,10000_14999,0,nonfamily_living_alone,has_65_plus,65_plus,11500,0,4
pums_ca_08900_02468,0608900,2018,41,6,150000_199999,4_plus,married_couple,no_65_plus,35_64,159100,6,1
pums_ca_08900_02469,0608900,2018,8,2,75000_99999,1,married_couple,has_65_plus,65_plus,78100,1,1
pums_ca_08900_02470,0608900,2018,8,2,60000_74999,2,married_couple,has_65_plus,35_64,66400,2,1
pums_ca_08900_02471,0608900,2018,13,3,100000_124999,3,married_couple,no_65_plus,35_64,110030,3,1
pums_ca_08900_02472,0608900,2018,8,2,125000_149999,2,married_couple,no_65_plus,35_64,142000,2,1
pums_ca_08900_02473,0608900,2018,3,2,20000_24999,3,married_couple,has_65_plus,35_64,22230,3,1
pums_ca_08900_02474,0608900,2018,11,1,60000_74999,1,nonfamily_not_living_alone,no_65_plus,35_64,62000,1,6
pums_ca_08900_02475,0608900,2018,7,1,lt_10000,1,nonfamily_not_living_alone,no_65_plus,35_64,4100,1,6
pums_ca_08900_02476,0608900,2018,24,1,25000_29999,1,nonfamily_not_living_alone,has_65_plus,65_plus,25700,1,6
pums_ca_08900_02477,0608900,2018,10,2,200000_plus,3,married_couple,no_65_plus,35_64,438000,3,1
pums_ca_08900_02478,0608900,2018,35,1,10000_14999,1,nonfamily_not_living_alone,no_65_plus,35_64,13600,1,6
pums_ca_08900_02479,0608900,2018,10,4,75000_99999,2,married_couple,no_65_plus,18_34,90000,2,1
pums_ca_08900_02480,0608900,2018,9,4,35000_39999,1,other_female_householder,no_65_plus,35_64,37000,1,3
pums_ca_08900_02481,0608900,2018,14,1,15000_19999,0,nonfamily_living_alone,no_65_plus,18_34,18200,0,4
pums_ca_08900_02482,0608900,2018,2,2,15000_19999,2,married_couple,has_65_plus,65_plus,16800,2,1
pums_ca_08900_02483,0608900,2018,11,2,200000_plus,2,nonfamily_not_living_alone,has_65_plus,35_64,231800,2,7
pums_ca_08900_02484,0608900,2018,38,1,40000_44999,1,nonfamily_living_alone,no_65_plus,35_64,40000,1,4
pums_ca_08900_02485,0608900,2018,10,3,60000_74999,3,married_couple,no_65_plus,35_64,61920,3,1
pums_ca_08900_02486,0608900,2018,10,4,35000_39999,2,married_couple,no_65_plus,35_64,35000,2,1
pums_ca_08900_02487,0608900,2018,15,1,60000_74999,2,nonfamily_not_living_alone,no_65_plus,35_64,65000,2,6
pums_ca_08900_02488,0608900,2018,8,3,75000_99999,3,other_male_householder,has_65_plus,65_plus,95510,3,2
pums_ca_08900_02489,0608900,2018,15,1,45000_49999,1,nonfamily_not_living_alone,has_65_plus,65_plus,46000,1,6
pums_ca_08900_02490,0608900,2018,29,2,45000_49999,1,married_couple,no_65_plus,35_64,45000,1,1
pums_ca_08900_02491,0608900,2018,13,1,30000_34999,1,nonfamily_not_living_alone,has_65_plus,65_plus,31940,1,6
pums_ca_08900_02492,0608900,2018,42,4,100000_124999,4_plus,married_couple,no_65_plus,35_64,105000,4,1
pums_ca_08900_02493,0608900,2018,44,1,50000_59999,1,nonfamily_not_living_alone,has_65_plus,65_plus,51000,1,6
pums_ca_08900_02494,0608900,2018,17,5,40000_44999,3,married_couple,has_65_plus,65_plus,43000,3,1
pums_ca_08900_02495,0608900,2018,48,1,25000_29999,1,nonfamily_not_living_alone,has_65_plus,65_plus,25600,1,6
pums_ca_08900_02496,0608900,2018,49,1,lt_10000,1,nonfamily_living_alone,no_65_plus,35_64,0,1,4
pums_ca_08900_02497,0608900,2018,22,2,25000_29999,2,married_couple,has_65_plus,35_64,26900,2,1
pums_ca_08900_02498,0608900,2018,2,3,125000_149999,4_plus,other_male_householder,no_65_plus,35_64,146000,4,2
pums_ca_08900_02499,0608900,2018,14,1,10000_14999,1,nonfamily_living_alone,no_65_plus,18_34,10000,1,4
pums_ca_08900_02500,0608900,2018,15,2,60000_74999,3,married_couple,has_65_plus,65_plus,74620,3,1
pums_ca_08900_02501,0608900,2018,4,2,30000_34999,2,married_couple,has_65_plus,65_plus,33000,2,1
pums_ca_08900_02502,0608900,2018,2,1,60000_74999,1,nonfamily_living_alone,has_65_plus,65_plus,62000,1,4
pums_ca_08900_02503,0608900,2018,14,2,25000_29999,2,married_couple,has_65_plus,65_plus,25100,2,1
pums_ca_08900_02504,0608900,2018,24,5,20000_24999,1,other_female_householder,no_65_plus,18_34,23000,1,3
pums_ca_08900_02505,0608900,2018,8,2,200000_plus,3,married_couple,no_65_plus,35_64,283001,3,1
pums_ca_08900_02506,0608900,2018,11,1,lt_10000,1,nonfamily_not_living_alone,has_65_plus,65_plus,5100,1,6
pums_ca_08900_02507,0608900,2018,10,2,10000_14999,4_plus,married_couple,has_65_plus,65_plus,11800,4,1
pums_ca_08900_02508,0608900,2018,21,5,125000_149999,1,married_couple,no_65_plus,35_64,145500,1,1
pums_ca_08900_02509,0608900,2018,9,1,15000_19999,1,nonfamily_living_alone,has_65_plus,65_plus,15100,1,4
pums_ca_08900_02510,0608900,2018,17,1,35000_39999,1,nonfamily_not_living_alone,has_65_plus,65_plus,38800,1,6
pums_ca_08900_02511,0608900,2018,35,2,100000_124999,2,married_couple,no_65_plus,35_64,118000,2,1
pums_ca_08900_02512,0608900,2018,57,4,35000_39999,2,nonfamily_not_living_alone,no_65_plus,18_34,36000,2,7
pums_ca_08900_02513,0608900,2018,34,2,lt_10000,0,other_female_householder,no_65_plus,35_64,0,0,3
pums_ca_08900_02514,0608900,2018,15,2,50000_59999,1,other_female_householder,no_65_plus,35_64,51600,1,3
pums_ca_08900_02515,0608900,2018,10,1,40000_44999,1,nonfamily_not_living_alone,no_65_plus,35_64,40000,1,6
pums_ca_08900_02516,0608900,2018,10,5,15000_19999,1,other_female_householder,no_65_plus,18_34,18600,1,3
pums_ca_08900_02517,0608900,2018,11,2,30000_34999,1,other_female_householder,has_65_plus,65_plus,32700,1,3
pums_ca_08900_02518,0608900,2018,17,1,lt_10000,2,nonfamily_not_living_alone,no_65_plus,35_64,0,2,6
pums_ca_08900_02519,0608900,2018,8,4,60000_74999,2,married_couple,no_65_plus,35_64,62000,2,1
pums_ca_08900_02520,0608900,2018,7,1,15000_19999,2,nonfamily_not_living_alone,no_65_plus,35_64,18200,2,6
pums_ca_08900_02521,0608900,2018,13,2,200000_plus,3,married_couple,no_65_plus,35_64,592000,3,1
pums_ca_08900_02522,0608900,2018,9,1,20000_24999,0,nonfamily_living_alone,has_65_plus,65_plus,23500,0,4
pums_ca_08900_02523,0608900,2018,14,1,40000_44999,1,nonfamily_living_alone,no_65_plus,35_64,40000,1,4
pums_ca_08900_02524,0608900,2018,42,4,50000_59999,2,married_couple,no_65_plus,35_64,55000,2,1
pums_ca_08900_02525,0608900,2018,24,3,25000_29999,2,married_couple,has_65_plus,65_plus,27800,2,1
pums_ca_08900_02526,0608900,2018,11,2,60000_74999,4_plus,married_couple,has_65_plus,65_plus,65000,4,1
pums_ca_08900_02527,0608900,2018,44,2,15000_19999,2,nonfamily_not_living_alone,no_65_plus,18_34,16000,2,7
pums_ca_08900_02528,0608900,2018,17,1,10000_14999,1,nonfamily_not_living_alone,has_65_plus,65_plus,10800,1,6
pums_ca_08900_02529,0608900,2018,9,1,10000_14999,1,nonfamily_living_alone,has_65_plus,65_plus,12000,1,4
pums_ca_08900_02530,0608900,2018,15,6,100000_124999,2,married_couple,no_65_plus,35_64,117700,2,1
pums_ca_08900_02531,0608900,2018,13,3,100000_124999,4_plus,nonfamily_living_alone,no_65_plus,35_64,105200,4,5
pums_ca_08900_02532,0608900,2018,22,3,10000_14999,2,other_male_householder,no_65_plus,18_34,13000,2,2
pums_ca_08900_02533,0608900,2018,8,2,75000_99999,2,married_couple,no_65_plus,35_64,86500,2,1
pums_ca_08900_02534,0608900,2018,75,1,10000_14999,1,nonfamily_living_alone,no_65_plus,35_64,10000,1,4
pums_ca_08900_02535,0608900,2018,18,1,50000_59999,1,nonfamily_not_living_alone,no_65_plus,35_64,52900,1,6
pums_ca_08900_02536,0608900,2018,1,2,75000_99999,4_plus,married_couple,no_65_plus,35_64,91810,6,1
pums_ca_08900_02537,0608900,2018,15,1,50000_59999,1,nonfamily_not_living_alone,has_65_plus,65_plus,51020,1,6
pums_ca_08900_02538,0608900,2018,32,2,45000_49999,2,married_couple,no_65_plus,18_34,46000,2,1
pums_ca_08900_02539,0608900,2018,26,4,50000_59999,3,married_couple,no_65_plus,35_64,52000,3,1
pums_ca_08900_02540,0608900,2018,8,2,60000_74999,3,nonfamily_living_alone,no_65_plus,35_64,63000,3,5
pums_ca_08900_02541,0608900,2018,7,3,60000_74999,3,married_couple,no_65_plus,35_64,60000,3,1
pums_ca_08900_02542,0608900,2018,14,3,100000_124999,3,married_couple,no_65_plus,35_64,109200,3,1
pums_ca_08900_02543,0608900,2018,13,2,60000_74999,1,other_female_householder,no_65_plus,35_64,65000,1,3
pums_ca_08900_02544,0608900,2018,14,2,15000_19999,1,married_couple,no_65_plus,35_64,18000,1,1
pums_ca_08900_02545,0608900,2018,10,1,10000_14999,0,nonfamily_not_living_alone,has_65_plus,65_plus,11000,0,6
pums_ca_08900_02546,0608900,2018,15,2,75000_99999,2,married_couple,no_65_plus,18_34,76000,2,1
pums_ca_08900_02547,0608900,2018,13,1,25000_29999,1,nonfamily_not_living_alone,has_65_plus,65_plus,26200,1,6
pums_ca_08900_02548,0608900,2018,13,7,50000_59999,3,married_couple,no_65_plus,18_34,57000,3,1
pums_ca_08900_02549,0608900,2018,7,1,15000_19999,2,nonfamily_living_alone,has_65_plus,65_plus,15300,2,4
pums_ca_08900_02550,0608900,2018,25,4,75000_99999,3,married_couple,no_65_plus,35_64,99400,3,1
pums_ca_08900_02551,0608900,2018,13,1,15000_19999,1,nonfamily_living_alone,has_65_plus,65_plus,17000,1,4
pums_ca_08900_02552,0608900,2018,11,2,150000_199999,2,married_couple,no_65_plus,35_64,183000,2,1
pums_ca_08900_02553,0608900,2018,13,4,25000_29999,2,married_couple,no_65_plus,35_64,27600,2,1
pums_ca_08900_02554,0608900,2018,13,2,100000_124999,2,married_couple,no_65_plus,35_64,108000,2,1
pums_ca_08900_02555,0608900,2018,20,1,10000_14999,1,nonfamily_living_alone,no_65_plus,35_64,14000,1,4
pums_ca_08900_02556,0608900,2018,6,1,10000_14999,1,nonfamily_living_alone,no_65_plus,35_64,10000,1,4
pums_ca_08900_02557,0608900,2018,5,2,200000_plus,3,married_couple,has_65_plus,65_plus,665100,3,1
pums_ca_08900_02558,0608900,2018,16,2,30000_34999,1,married_couple,has_65_plus,65_plus,32700,1,1
pums_ca_08900_02559,0608900,2018,11,3,20000_24999,2,married_couple,no_65_plus,35_64,20200,2,1
pums_ca_08900_02560,0608900,2018,15,3,45000_49999,2,married_couple,has_65_plus,65_plus,48400,2,1
pums_ca_08900_02561,0608900,2018,12,1,30000_34999,0,nonfamily_living_alone,has_65_plus,65_plus,32300,0,4
pums_ca_08900_02562,0608900,2018,9,6,100000_124999,3,married_couple,no_65_plus,35_64,100000,3,1
pums_ca_08900_02563,0608900,2018,7,2,50000_59999,1,married_couple,has_65_plus,65_plus,56400,1,1
pums_ca_08900_02564,0608900,2018,4,2,150000_199999,2,married_couple,has_65_plus,65_plus,153200,2,1
pums_ca_08900_02565,0608900,2018,18,1,40000_44999,1,nonfamily_not_living_alone,has_65_plus,65_plus,43000,1,6
pums_ca_08900_02566,0608900,2018,7,1,20000_24999,2,nonfamily_living_alone,no_65_plus,35_64,23300,2,4
pums_ca_08900_02567,0608900,2018,26,1,100000_124999,1,nonfamily_not_living_alone,has_65_plus,65_plus,105000,1,6
pums_ca_08900_02568,0608900,2018,22,1,30000_34999,1,nonfamily_living_alone,no_65_plus,35_64,32000,1,4
pums_ca_08900_02569,0608900,2018,22,2,60000_74999,1,other_male_householder,no_65_plus,35_64,72000,1,2
pums_ca_08900_02570,0608900,2018,19,2,30000_34999,3,married_couple,has_65_plus,65_plus,34800,3,1
pums_ca_08900_02571,0608900,2018,14,4,75000_99999,2,married_couple,no_65_plus,35_64,82360,2,1
pums_ca_08900_02572,0608900,2018,23,4,75000_99999,4_plus,married_couple,no_65_plus,35_64,81500,4,1
pums_ca_08900_02573,0608900,2018,10,4,125000_149999,4_plus,married_couple,no_65_plus,35_64,125000,4,1
pums_ca_08900_02574,0608900,2018,22,1,25000_29999,1,nonfamily_not_living_alone,has_65_plus,65_plus,28400,1,6
pums_ca_08900_02575,0608900,2018,4,2,150000_199999,3,married_couple,no_65_plus,35_64,150000,3,1
pums_ca_08900_02576,0608900,2018,11,3,75000_99999,3,married_couple,no_65_plus,35_64,82500,3,1
pums_ca_08900_02577,0608900,2018,14,3,20000_24999,1,other_female_householder,no_65_plus,35_64,20000,1,3
pums_ca_08900_02578,0608900,2018,2,4,20000_24999,3,other_female_householder,has_65_plus,65_plus,23450,3,3
pums_ca_08900_02579,0608900,2018,25,10,50000_59999,2,married_couple,has_65_plus,65_plus,53000,2,1
pums_ca_08900_02580,0608900,2018,13,1,10000_14999,2,nonfamily_not_living_alone,has_65_plus,65_plus,14000,2,6
pums_ca_08900_02581,0608900,2018,14,1,20000_24999,0,nonfamily_living_alone,has_65_plus,65_plus,23000,0,4
pums_ca_08900_02582,0608900,2018,49,2,30000_34999,2,married_couple,no_65_plus,35_64,30000,2,1
pums_ca_08900_02583,0608900,2018,12,2,40000_44999,3,other_male_householder,no_65_plus,35_64,40500,3,2
pums_ca_08900_02584,0608900,2018,9,1,50000_59999,3,nonfamily_living_alone,no_65_plus,35_64,59000,3,4
pums_ca_08900_02585,0608900,2018,31,1,lt_10000,0,nonfamily_living_alone,no_65_plus,35_64,0,0,4
pums_ca_08900_02586,0608900,2018,21,2,10000_14999,0,nonfamily_living_alone,no_65_plus,35_64,10000,0,5
pums_ca_08900_02587,0608900,2018,12,2,35000_39999,1,married_couple,no_65_plus,35_64,39000,1,1
pums_ca_08900_02588,0608900,2018,5,4,200000_plus,4_plus,married_couple,no_65_plus,35_64,210000,6,1
pums_ca_08900_02589,0608900,2018,18,6,75000_99999,2,married_couple,no_65_plus,35_64,91800,2,1
pums_ca_08900_02590,0608900,2018,33,1,lt_10000,1,nonfamily_not_living_alone,no_65_plus,35_64,9000,1,6
pums_ca_08900_02591,0608900,2018,7,4,150000_199999,4_plus,married_couple,no_65_plus,35_64,177000,4,1
pums_ca_08900_02592,0608900,2018,8,3,75000_99999,3,married_couple,no_65_plus,35_64,78300,3,1
pums_ca_08900_02593,0608900,2018,8,2,75000_99999,2,married_couple,has_65_plus,65_plus,80400,2,1
pums_ca_08900_02594,0608900,2018,20,2,lt_10000,2,married_couple,no_65_plus,35_64,0,2,1
pums_ca_08900_02595,0608900,2018,18,1,15000_19999,1,nonfamily_not_living_alone,has_65_plus,65_plus,15500,1,6
pums_ca_08900_02596,0608900,2018,20,2,75000_99999,3,married_couple,has_65_plus,35_64,95000,3,1
pums_ca_08900_02597,0608900,2018,14,2,10000_14999,1,other_female_householder,no_65_plus,35_64,10800,1,3
pums_ca_08900_02598,0608900,2018,26,4,35000_39999,2,other_female_householder,no_65_plus,35_64,36800,2,3
pums_ca_08900_02599,0608900,2018,12,2,15000_19999,0,other_female_householder,has_65_plus,35_64,17000,0,3
pums_ca_08900_02600,0608900,2018,13,2,125000_149999,2,married_couple,has_65_plus,65_plus,126000,2,1
pums_ca_08900_02601,0608900,2018,12,1,10000_14999,1,nonfamily_living_alone,has_65_plus,65_plus,10000,1,4
pums_ca_08900_02602,0608900,2018,12,2,75000_99999,3,married_couple,no_65_plus,35_64,93000,3,1
pums_ca_08900_02603,0608900,2018,13,2,25000_29999,1,nonfamily_living_alone,no_65_plus,35_64,28500,1,5
pums_ca_08900_02604,0608900,2018,4,2,150000_199999,1,married_couple,has_65_plus,65_plus,168500,1,1
pums_ca_08900_02605,0608900,2018,13,4,45000_49999,2,married_couple,no_65_plus,35_64,48000,2,1
pums_ca_08900_02606,0608900,2018,9,1,10000_14999,1,nonfamily_not_living_alone,has_65_plus,65_plus,10000,1,6
pums_ca_08900_02607,0608900,2018,4,2,30000_34999,3,married_couple,no_65_plus,35_64,33804,3,1
pums_ca_08900_02608,0608900,2018,32,3,10000_14999,1,other_female_householder,no_65_plus,35_64,13400,1,3
pums_ca_08900_02609,0608900,2018,7,3,lt_10000,3,other_female_householder,no_65_plus,35_64,6500,3,3
pums_ca_08900_02610,0608900,2018,16,1,25000_29999,2,nonfamily_living_alone,has_65_plus,65_plus,29000,2,4
pums_ca_08900_02611,0608900,2018,15,2,50000_59999,2,married_couple,has_65_plus,65_plus,56350,2,1
pums_ca_08900_02612,0608900,2018,16,2,100000_124999,2,married_couple,no_65_plus,35_64,110000,2,1
pums_ca_08900_02613,0608900,2018,15,1,30000_34999,4_plus,nonfamily_not_living_alone,has_65_plus,65_plus,32400,4,6
pums_ca_08900_02614,0608900,2018,14,2,45000_49999,1,other_female_householder,has_65_plus,65_plus,46800,1,3
pums_ca_08900_02615,0608900,2018,29,3,10000_14999,1,other_female_householder,no_65_plus,18_34,12000,1,3
pums_ca_08900_02616,0608900,2018,22,3,100000_124999,3,married_couple,no_65_plus,35_64,118700,3,1
pums_ca_08900_02617,0608900,2018,8,4,200000_plus,4_plus,married_couple,no_65_plus,35_64,348000,5,1
pums_ca_08900_02618,0608900,2018,16,2,15000_19999,1,married_couple,no_65_plus,18_34,16000,1,1
pums_ca_08900_02619,0608900,2018,13,2,60000_74999,2,married_couple,no_65_plus,18_34,65000,2,1
pums_ca_08900_02620,0608900,2018,31,5,45000_49999,2,married_couple,no_65_plus,18_34,48000,2,1
pums_ca_08900_02621,0608900,2018,11,2,35000_39999,2,other_male_householder,no_65_plus,35_64,39300,2,2
pums_ca_08900_02622,0608900,2018,16,2,200000_plus,2,married_couple,has_65_plus,65_plus,342000,2,1
pums_ca_08900_02623,0608900,2018,9,2,30000_34999,2,married_couple,has_65_plus,65_plus,33600,2,1
pums_ca_08900_02624,0608900,2018,70,1,lt_10000,0,nonfamily_not_living_alone,has_65_plus,65_plus,6000,0,6
pums_ca_08900_02625,0608900,2018,3,3,125000_149999,3,married_couple,no_65_plus,35_64,126200,3,1
pums_ca_08900_02626,0608900,2018,17,2,75000_99999,2,married_couple,has_65_plus,65_plus,86900,2,1
pums_ca_08900_02627,0608900,2018,13,2,60000_74999,2,other_female_householder,has_65_plus,65_plus,62530,2,3
pums_ca_08900_02628,0608900,2018,13,3,100000_124999,2,married_couple,no_65_plus,18_34,122000,2,1
pums_ca_08900_02629,0608900,2018,4,1,lt_10000,1,nonfamily_living_alone,no_65_plus,35_64,1600,1,4
pums_ca_08900_02630,0608900,2018,34,3,75000_99999,1,married_couple,has_65_plus,65_plus,77400,1,1
pums_ca_08900_02631,0608900,2018,13,2,125000_149999,2,married_couple,has_65_plus,65_plus,127680,2,1
pums_ca_08900_02632,0608900,2018,14,5,40000_44999,2,married_couple,no_65_plus,35_64,40800,2,1
pums_ca_08900_02633,0608900,2018,24,2,50000_59999,2,nonfamily_living_alone,no_65_plus,18_34,57000,2,5
pums_ca_08900_02634,0608900,2018,6,5,35000_39999,2,married_couple,no_65_plus,35_64,39700,2,1
pums_ca_08900_02635,0608900,2018,24,3,150000_199999,3,married_couple,no_65_plus,35_64,199000,3,1
pums_ca_08900_02636,0608900,2018,9,2,150000_199999,3,married_couple,no_65_plus,35_64,159000,3,1
pums_ca_08900_02637,0608900,2018,9,1,20000_24999,1,nonfamily_living_alone,no_65_plus,18_34,20000,1,4
pums_ca_08900_02638,0608900,2018,16,3,30000_34999,1,other_female_householder,no_65_plus,18_34,30000,1,3
pums_ca_08900_02639,0608900,2018,5,3,40000_44999,3,married_couple,no_65_plus,35_64,40400,3,1
pums_ca_08900_02640,0608900,2018,43,2,15000_19999,1,married_couple,has_65_plus,35_64,17100,1,1
pums_ca_08900_02641,0608900,2018,13,2,30000_34999,1,married_couple,has_65_plus,65_plus,30400,1,1
pums_ca_08900_02642,0608900,2018,7,3,100000_124999,2,married_couple,has_65_plus,35_64,108000,2,1
pums_ca_08900_02643,0608900,2018,17,1,10000_14999,1,nonfamily_living_alone,no_65_plus,35_64,10700,1,4
pums_ca_08900_02644,0608900,2018,18,6,125000_149999,1,married_couple,no_65_plus,18_34,125600,1,1
pums_ca_08900_02645,0608900,2018,17,2,200000_plus,3,married_couple,has_65_plus,35_64,209600,3,1
pums_ca_08900_02646,0608900,2018,21,5,60000_74999,2,married_couple,no_65_plus,35_64,62000,2,1
pums_ca_08900_02647,0608900,2018,22,1,30000_34999,1,nonfamily_not_living_alone,has_65_plus,65_plus,33000,1,6
pums_ca_08900_02648,0608900,2018,14,6,75000_99999,0,married_couple,no_65_plus,35_64,87000,0,1
pums_ca_08900_02649,0608900,2018,12,1,35000_39999,1,nonfamily_not_living_alone,has_65_plus,65_plus,35300,1,6
pums_ca_08900_02650,0608900,2018,14,1,20000_24999,2,nonfamily_not_living_alone,has_65_plus,65_plus,23000,2,6
pums_ca_08900_02651,0608900,2018,10,1,lt_10000,1,nonfamily_not_living_alone,has_65_plus,65_plus,2800,1,6
pums_ca_08900_02652,0608900,2018,24,1,25000_29999,1,nonfamily_not_living_alone,has_65_plus,65_plus,26400,1,6
pums_ca_08900_02653,0608900,2018,20,2,20000_24999,2,married_couple,has_65_plus,65_plus,24700,2,1
pums_ca_08900_02654,0608900,2018,9,3,35000_39999,2,married_couple,no_65_plus,35_64,36700,2,1
pums_ca_08900_02655,0608900,2018,19,1,10000_14999,0,nonfamily_living_alone,no_65_plus,35_64,10800,0,4
pums_ca_08900_02656,0608900,2018,7,1,25000_29999,2,nonfamily_living_alone,has_65_plus,65_plus,27500,2,4
pums_ca_08900_02657,0608900,2018,24,1,50000_59999,2,nonfamily_not_living_alone,no_65_plus,18_34,55000,2,6
pums_ca_08900_02658,0608900,2018,9,1,25000_29999,1,nonfamily_not_living_alone,has_65_plus,65_plus,26000,1,6
pums_ca_08900_02659,0608900,2018,17,4,50000_59999,4_plus,married_couple,no_65_plus,35_64,57400,4,1
pums_ca_08900_02660,0608900,2018,14,1,10000_14999,1,nonfamily_not_living_alone,no_65_plus,35_64,12000,1,6
pums_ca_08900_02661,0608900,2018,12,1,45000_49999,1,nonfamily_not_living_alone,has_65_plus,65_plus,47000,1,6
pums_ca_08900_02662,0608900,2018,14,2,75000_99999,2,married_couple,no_65_plus,35_64,78400,2,1
pums_ca_08900_02663,0608900,2018,8,2,25000_29999,2,married_couple,has_65_plus,65_plus,27000,2,1
pums_ca_08900_02664,0608900,2018,13,2,200000_plus,2,married_couple,has_65_plus,65_plus,702200,2,1
pums_ca_08900_02665,0608900,2018,16,5,20000_24999,2,married_couple,no_65_plus,18_34,22000,2,1
pums_ca_08900_02666,0608900,2018,4,2,60000_74999,2,married_couple,has_65_plus,65_plus,60810,2,1
pums_ca_08900_02667,0608900,2018,7,4,150000_199999,3,married_couple,no_65_plus,35_64,155000,3,1
pums_ca_08900_02668,0608900,2018,10,2,10000_14999,1,married_couple,no_65_plus,35_64,10800,1,1
pums_ca_08900_02669,0608900,2018,37,3,50000_59999,2,married_couple,has_65_plus,35_64,57000,2,1
pums_ca_08900_02670,0608900,2018,12,4,40000_44999,0,married_couple,no_65_plus,35_64,42300,0,1
pums_ca_08900_02671,0608900,2018,15,4,50000_59999,2,other_male_householder,has_65_plus,35_64,51700,2,2
pums_ca_08900_02672,0608900,2018,34,2,50000_59999,2,married_couple,no_65_plus,35_64,52000,2,1
pums_ca_08900_02673,0608900,2018,15,4,200000_plus,3,other_male_householder,no_65_plus,35_64,733000,3,2
pums_ca_08900_02674,0608900,2018,7,1,10000_14999,1,nonfamily_living_alone,no_65_plus,35_64,10600,1,4
pums_ca_08900_02675,0608900,2018,2,1,40000_44999,2,nonfamily_not_living_alone,has_65_plus,65_plus,41800,2,6
pums_ca_08900_02676,0608900,2018,5,1,10000_14999,0,nonfamily_not_living_alone,has_65_plus,65_plus,11000,0,6
pums_ca_08900_02677,0608900,2018,7,1,45000_49999,1,nonfamily_not_living_alone,no_65_plus,35_64,48700,1,6
pums_ca_08900_02678,0608900,2018,10,2,60000_74999,2,other_male_householder,no_65_plus,35_64,65000,2,2
pums_ca_08900_02679,0608900,2018,11,2,100000_124999,3,married_couple,has_65_plus,65_plus,100000,3,1
pums_ca_08900_02680,0608900,2018,10,2,50000_59999,1,married_couple,no_65_plus,35_64,50000,1,1
pums_ca_08900_02681,0608900,2018,11,1,20000_24999,1,nonfamily_living_alone,no_65_plus,35_64,24000,1,4
pums_ca_08900_02682,0608900,2018,13,2,10000_14999,0,other_female_householder,no_65_plus,35_64,10300,0,3
pums_ca_08900_02683,0608900,2018,12,4,75000_99999,2,other_female_householder,no_65_plus,35_64,88300,2,3
pums_ca_08900_02684,0608900,2018,2,1,lt_10000,2,nonfamily_living_alone,has_65_plus,65_plus,7110,2,4
pums_ca_08900_02685,0608900,2018,17,2,35000_39999,2,nonfamily_living_alone,no_65_plus,18_34,35800,2,5
pums_ca_08900_02686,0608900,2018,34,4,15000_19999,3,married_couple,has_65_plus,65_plus,17000,3,1
pums_ca_08900_02687,0608900,2018,4,4,150000_199999,3,nonfamily_not_living_alone,no_65_plus,35_64,174000,3,7
pums_ca_08900_02688,0608900,2018,71,2,60000_74999,2,married_couple,no_65_plus,35_64,64000,2,1
pums_ca_08900_02689,0608900,2018,2,2,125000_149999,2,married_couple,has_65_plus,65_plus,142500,2,1
pums_ca_08900_02690,0608900,2018,6,2,75000_99999,3,married_couple,has_65_plus,65_plus,87020,3,1
pums_ca_08900_02691,0608900,2018,36,3,50000_59999,3,other_female_householder,no_65_plus,35_64,52000,3,3
pums_ca_08900_02692,0608900,2018,27,2,50000_59999,2,nonfamily_not_living_alone,no_65_plus,35_64,50300,2,7
pums_ca_08900_02693,0608900,2018,19,1,lt_10000,1,nonfamily_not_living_alone,has_65_plus,65_plus,9600,1,6
pums_ca_08900_02694,0608900,2018,4,1,20000_24999,3,nonfamily_living_alone,has_65_plus,65_plus,23900,3,4
pums_ca_08900_02695,0608900,2018,15,1,45000_49999,2,nonfamily_living_alone,no_65_plus,35_64,45000,2,4
pums_ca_08900_02696,0608900,2018,29,3,60000_74999,2,nonfamily_living_alone,has_65_plus,65_plus,64000,2,5
pums_ca_08900_02697,0608900,2018,18,6,100000_124999,2,married_couple,no_65_plus,35_64,112000,2,1
pums_ca_08900_02698,0608900,2018,16,1,30000_34999,1,nonfamily_not_living_alone,has_65_plus,65_plus,34400,1,6
pums_ca_08900_02699,0608900,2018,14,1,50000_59999,2,nonfamily_living_alone,no_65_plus,35_64,55000,2,4
pums_ca_08900_02700,0608900,2018,14,4,125000_149999,3,married_couple,no_65_plus,35_64,138000,3,1
pums_ca_08900_02701,0608900,2018,9,2,50000_59999,4_plus,nonfamily_living_alone,has_65_plus,35_64,57200,4,5
pums_ca_08900_02702,0608900,2018,14,1,15000_19999,0,nonfamily_not_living_alone,no_65_plus,35_64,17500,0,6
pums_ca_08900_02703,0608900,2018,3,4,125000_149999,3,married_couple,has_65_plus,65_plus,135000,3,1
pums_ca_08900_02704,0608900,2018,10,2,50000_59999,4_plus,married_couple,has_65_plus,65_plus,56400,4,1
pums_ca_08900_02705,0608900,2018,6,2,200000_plus,3,married_couple,has_65_plus,65_plus,501400,3,1
pums_ca_08900_02706,0608900,2018,11,2,lt_10000,2,married_couple,has_65_plus,65_plus,9050,2,1
pums_ca_08900_02707,0608900,2018,8,2,60000_74999,3,married_couple,no_65_plus,35_64,72400,3,1
pums_ca_08900_02708,0608900,2018,14,4,75000_99999,4_plus,married_couple,no_65_plus,35_64,98000,6,1
pums_ca_08900_02709,0608900,2018,3,1,45000_49999,1,nonfamily_not_living_alone,has_65_plus,65_plus,47800,1,6
pums_ca_08900_02710,0608900,2018,25,2,15000_19999,2,nonfamily_not_living_alone,no_65_plus,18_34,15500,2,7
pums_ca_08900_02711,0608900,2018,42,3,125000_149999,3,married_couple,no_65_plus,35_64,137000,3,1
pums_ca_08900_02712,0608900,2018,12,3,75000_99999,2,married_couple,no_65_plus,18_34,90000,2,1
pums_ca_08900_02713,0608900,2018,46,4,150000_199999,3,married_couple,no_65_plus,35_64,198000,3,1
pums_ca_08900_02714,0608900,2018,20,4,45000_49999,2,other_female_householder,no_65_plus,35_64,48000,2,3
pums_ca_08900_02715,0608900,2018,81,4,50000_59999,2,other_female_householder,no_65_plus,18_34,50000,2,3
pums_ca_08900_02716,0608900,2018,2,1,60000_74999,2,nonfamily_living_alone,no_65_plus,35_64,62400,2,4
pums_ca_08900_02717,0608900,2018,8,4,150000_199999,2,married_couple,no_65_plus,35_64,189000,2,1
pums_ca_08900_02718,0608900,2018,24,3,40000_44999,4_plus,other_male_householder,no_65_plus,35_64,43650,4,2
pums_ca_08900_02719,0608900,2018,12,2,30000_34999,3,married_couple,has_65_plus,65_plus,33400,3,1
pums_ca_08900_02720,0608900,2018,38,2,75000_99999,2,married_couple,has_65_plus,65_plus,92500,2,1
pums_ca_08900_02721,0608900,2018,68,1,15000_19999,1,nonfamily_living_alone,no_65_plus,35_64,15000,1,4
pums_ca_08900_02722,0608900,2018,3,2,60000_74999,2,married_couple,has_65_plus,65_plus,61850,2,1
pums_ca_08900_02723,0608900,2018,22,1,10000_14999,1,nonfamily_living_alone,has_65_plus,65_plus,14400,1,4
pums_ca_08900_02724,0608900,2018,5,1,60000_74999,1,nonfamily_living_alone,no_65_plus,35_64,61500,1,4
pums_ca_08900_02725,0608900,2018,24,1,20000_24999,1,nonfamily_not_living_alone,has_65_plus,65_plus,22800,1,6
pums_ca_08900_02726,0608900,2018,11,1,20000_24999,0,nonfamily_not_living_alone,no_65_plus,35_64,23000,0,6
pums_ca_08900_02727,0608900,2018,20,1,60000_74999,1,nonfamily_not_living_alone,no_65_plus,35_64,65000,1,6
pums_ca_08900_02728,0608900,2018,40,1,10000_14999,1,nonfamily_not_living_alone,no_65_plus,35_64,10800,1,6
pums_ca_08900_02729,0608900,2018,14,1,10000_14999,1,nonfamily_not_living_alone,has_65_plus,65_plus,14700,1,6
pums_ca_08900_02730,0608900,2018,15,4,50000_59999,2,married_couple,no_65_plus,35_64,56000,2,1
pums_ca_08900_02731,0608900,2018,13,3,75000_99999,3,married_couple,no_65_plus,18_34,86000,3,1
pums_ca_08900_02732,0608900,2018,6,1,lt_10000,4_plus,nonfamily_living_alone,no_65_plus,18_34,0,4,4
pums_ca_08900_02733,0608900,2018,11,1,25000_29999,1,nonfamily_not_living_alone,has_65_plus,65_plus,25000,1,6
pums_ca_08900_02734,0608900,2018,18,1,10000_14999,0,nonfamily_not_living_alone,no_65_plus,35_64,10800,0,6
pums_ca_08900_02735,0608900,2018,8,2,150000_199999,4_plus,married_couple,no_65_plus,35_64,155000,4,1
pums_ca_08900_02736,0608900,2018,12,4,150000_199999,3,married_couple,no_65_plus,35_64,185500,3,1
pums_ca_08900_02737,0608900,2018,25,4,30000_34999,2,other_female_householder,no_65_plus,18_34,31000,2,3
pums_ca_08900_02738,0608900,2018,17,2,50000_59999,1,other_male_householder,no_65_plus,18_34,55000,1,2
pums_ca_08900_02739,0608900,2018,3,1,lt_10000,2,nonfamily_living_alone,no_65_plus,35_64,1400,2,4
pums_ca_08900_02740,0608900,2018,25,2,lt_10000,2,other_female_householder,no_65_plus,18_34,7850,2,3
pums_ca_08900_02741,0608900,2018,87,3,35000_39999,1,other_female_householder,no_65_plus,18_34,38400,1,3
pums_ca_08900_02742,0608900,2018,19,1,20000_24999,1,nonfamily_not_living_alone,has_65_plus,65_plus,20700,1,6
pums_ca_08900_02743,0608900,2018,16,2,125000_149999,4_plus,married_couple,has_65_plus,65_plus,135000,4,1
pums_ca_08900_02744,0608900,2018,10,2,45000_49999,4_plus,married_couple,no_65_plus,35_64,47000,5,1
pums_ca_08900_02745,0608900,2018,15,3,lt_10000,2,married_couple,no_65_plus,35_64,2480,2,1
pums_ca_08900_02746,0608900,2018,11,1,30000_34999,1,nonfamily_living_alone,no_65_plus,35_64,34000,1,4
pums_ca_08900_02747,0608900,2018,66,3,60000_74999,2,other_male_householder,no_65_plus,35_64,60000,2,2
pums_ca_08900_02748,0608900,2018,6,2,125000_149999,3,married_couple,has_65_plus,65_plus,130000,3,1
pums_ca_08900_02749,0608900,2018,15,1,10000_14999,0,nonfamily_not_living_alone,no_65_plus,35_64,12000,0,6
pums_ca_08900_02750,0608900,2018,75,7,35000_39999,1,married_couple,has_65_plus,65_plus,36700,1,1
pums_ca_08900_02751,0608900,2018,17,1,20000_24999,0,nonfamily_not_living_alone,has_65_plus,65_plus,20500,0,6
pums_ca_08900_02752,0608900,2018,14,1,50000_59999,1,nonfamily_not_living_alone,has_65_plus,65_plus,59300,1,6
pums_ca_08900_02753,0608900,2018,19,5,10000_14999,1,married_couple,no_65_plus,18_34,11370,1,1
pums_ca_08900_02754,0608900,2018,11,2,50000_59999,3,married_couple,has_65_plus,65_plus,52300,3,1
pums_ca_08900_02755,0608900,2018,11,2,50000_59999,2,nonfamily_not_living_alone,has_65_plus,65_plus,54500,2,7
pums_ca_08900_02756,0608900,2018,4,1,60000_74999,2,nonfamily_not_living_alone,no_65_plus,35_64,66800,2,6
pums_ca_08900_02757,0608900,2018,10,2,100000_124999,4_plus,married_couple,has_65_plus,35_64,108500,4,1
pums_ca_08900_02758,0608900,2018,5,4,200000_plus,2,married_couple,no_65_plus,35_64,236000,2,1
pums_ca_08900_02759,0608900,2018,16,2,100000_124999,4_plus,married_couple,no_65_plus,35_64,102500,4,1
pums_ca_08900_02760,0608900,2018,14,1,10000_14999,2,nonfamily_living_alone,has_65_plus,65_plus,12900,2,4
pums_ca_08900_02761,0608900,2018,7,2,100000_124999,3,married_couple,has_65_plus,65_plus,115300,3,1
pums_ca_08900_02762,0608900,2018,13,2,30000_34999,2,married_couple,has_65_plus,65_plus,34500,2,1
pums_ca_08900_02763,0608900,2018,19,2,200000_plus,2,married_couple,has_65_plus,65_plus,215030,2,1
pums_ca_08900_02764,0608900,2018,10,6,50000_59999,2,married_couple,no_65_plus,35_64,55200,2,1
pums_ca_08900_02765,0608900,2018,6,2,75000_99999,2,other_female_householder,no_65_plus,35_64,94500,2,3
pums_ca_08900_02766,0608900,2018,16,1,50000_59999,1,nonfamily_not_living_alone,no_65_plus,18_34,50000,1,6
pums_ca_08900_02767,0608900,2018,14,2,50000_59999,1,other_female_householder,no_65_plus,35_64,50470,1,3
pums_ca_08900_02768,0608900,2018,15,4,60000_74999,1,nonfamily_not_living_alone,no_65_plus,35_64,65110,1,7
pums_ca_08900_02769,0608900,2018,3,4,200000_plus,3,married_couple,no_65_plus,35_64,213000,3,1
pums_ca_08900_02770,0608900,2018,4,3,lt_10000,0,other_female_householder,no_65_plus,18_34,6500,0,3
pums_ca_08900_02771,0608900,2018,4,2,lt_10000,2,married_couple,has_65_plus,65_plus,8000,2,1
pums_ca_08900_02772,0608900,2018,14,1,15000_19999,2,nonfamily_living_alone,has_65_plus,65_plus,19540,2,4
pums_ca_08900_02773,0608900,2018,23,2,35000_39999,3,nonfamily_not_living_alone,no_65_plus,18_34,37000,3,7
pums_ca_08900_02774,0608900,2018,16,2,60000_74999,3,married_couple,no_65_plus,35_64,68700,3,1
pums_ca_08900_02775,0608900,2018,5,1,lt_10000,1,nonfamily_not_living_alone,no_65_plus,35_64,3800,1,6
pums_ca_08900_02776,0608900,2018,20,3,25000_29999,2,married_couple,no_65_plus,18_34,28000,2,1
pums_ca_08900_02777,0608900,2018,17,1,75000_99999,1,nonfamily_not_living_alone,has_65_plus,65_plus,84200,1,6
pums_ca_08900_02778,0608900,2018,15,4,200000_plus,4_plus,married_couple,no_65_plus,18_34,207000,4,1
pums_ca_08900_02779,0608900,2018,6,2,100000_124999,3,married_couple,no_65_plus,35_64,120300,3,1
pums_ca_08900_02780,0608900,2018,14,1,75000_99999,1,nonfamily_not_living_alone,no_65_plus,35_64,95000,1,6
pums_ca_08900_02781,0608900,2018,19,9,60000_74999,3,married_couple,no_65_plus,35_64,65000,3,1
pums_ca_08900_02782,0608900,2018,1,3,150000_199999,4_plus,married_couple,no_65_plus,35_64,192400,4,1
pums_ca_08900_02783,0608900,2018,50,3,35000_39999,1,other_male_householder,no_65_plus,18_34,38000,1,2
pums_ca_08900_02784,0608900,2018,7,3,100000_124999,4_plus,married_couple,no_65_plus,35_64,120000,4,1
pums_ca_08900_02785,0608900,2018,10,1,75000_99999,1,nonfamily_not_living_alone,no_65_plus,35_64,80000,1,6
pums_ca_08900_02786,0608900,2018,13,1,20000_24999,1,nonfamily_living_alone,no_65_plus,35_64,21600,1,4
pums_ca_08900_02787,0608900,2018,31,1,lt_10000,1,nonfamily_not_living_alone,no_65_plus,35_64,9900,1,6
pums_ca_08900_02788,0608900,2018,13,1,75000_99999,1,nonfamily_not_living_alone,no_65_plus,35_64,75000,1,6
pums_ca_08900_02789,0608900,2018,13,1,lt_10000,1,nonfamily_living_alone,no_65_plus,35_64,400,1,4
pums_ca_08900_02790,0608900,2018,3,3,35000_39999,2,other_female_householder,no_65_plus,18_34,36600,2,3
pums_ca_08900_02791,0608900,2018,13,1,lt_10000,2,nonfamily_living_alone,no_65_plus,35_64,3000,2,4
pums_ca_08900_02792,0608900,2018,17,2,150000_199999,2,married_couple,has_65_plus,35_64,164400,2,1
pums_ca_08900_02793,0608900,2018,4,2,200000_plus,2,married_couple,has_65_plus,65_plus,372700,2,1
pums_ca_08900_02794,0608900,2018,4,2,25000_29999,2,married_couple,has_65_plus,65_plus,27600,2,1
pums_ca_08900_02795,0608900,2018,11,2,150000_199999,2,married_couple,has_65_plus,65_plus,177200,2,1
pums_ca_08900_02796,0608900,2018,24,2,200000_plus,4_plus,married_couple,no_65_plus,18_34,370000,5,1
pums_ca_08900_02797,0608900,2018,17,5,75000_99999,2,other_male_householder,no_65_plus,35_64,87000,2,2
pums_ca_08900_02798,0608900,2018,9,2,125000_149999,2,married_couple,no_65_plus,35_64,130500,2,1
pums_ca_08900_02799,0608900,2018,8,2,200000_plus,2,married_couple,no_65_plus,35_64,205000,2,1
pums_ca_08900_02800,0608900,2018,8,2,60000_74999,1,nonfamily_living_alone,no_65_plus,35_64,60000,1,5
pums_ca_08900_02801,0608900,2018,43,1,35000_39999,0,nonfamily_living_alone,no_65_plus,35_64,35000,0,4
pums_ca_08900_02802,0608900,2018,14,4,lt_10000,1,other_female_householder,no_65_plus,18_34,6000,1,3
pums_ca_08900_02803,0608900,2018,61,2,200000_plus,1,other_female_householder,has_65_plus,65_plus,369000,1,3
pums_ca_08900_02804,0608900,2018,9,2,lt_10000,0,other_female_householder,no_65_plus,35_64,920,0,3
pums_ca_08900_02805,0608900,2018,12,2,15000_19999,2,married_couple,has_65_plus,65_plus,15260,2,1
pums_ca_08900_02806,0608900,2018,18,2,75000_99999,2,nonfamily_not_living_alone,no_65_plus,35_64,76700,2,7
pums_ca_08900_02807,0608900,2018,7,2,125000_149999,2,married_couple,has_65_plus,65_plus,127200,2,1
pums_ca_08900_02808,0608900,2018,7,1,15000_19999,1,nonfamily_not_living_alone,has_65_plus,65_plus,17200,1,6
pums_ca_08900_02809,0608900,2018,23,2,25000_29999,1,married_couple,no_65_plus,35_64,26500,1,1
pums_ca_08900_02810,0608900,2018,12,2,100000_124999,2,nonfamily_living_alone,has_65_plus,65_plus,100100,2,5
pums_ca_08900_02811,0608900,2018,4,5,100000_124999,4_plus,married_couple,no_65_plus,35_64,112500,5,1
pums_ca_08900_02812,0608900,2018,9,2,60000_74999,0,other_female_householder,has_65_plus,65_plus,71950,0,3
pums_ca_08900_02813,0608900,2018,14,1,75000_99999,1,nonfamily_not_living_alone,no_65_plus,35_64,91700,1,6
pums_ca_08900_02814,0608900,2018,56,5,75000_99999,2,other_female_householder,no_65_plus,18_34,80000,2,3
pums_ca_08900_02815,0608900,2018,20,2,75000_99999,3,married_couple,has_65_plus,65_plus,95000,3,1
pums_ca_08900_02816,0608900,2018,45,2,60000_74999,3,married_couple,no_65_plus,35_64,63000,3,1
pums_ca_08900_02817,0608900,2018,12,1,30000_34999,1,nonfamily_not_living_alone,has_65_plus,65_plus,31900,1,6
pums_ca_08900_02818,0608900,2018,17,1,75000_99999,2,nonfamily_living_alone,no_65_plus,35_64,80000,2,4
pums_ca_08900_02819,0608900,2018,4,3,40000_44999,3,married_couple,has_65_plus,65_plus,43000,3,1
pums_ca_08900_02820,0608900,2018,13,3,75000_99999,2,married_couple,no_65_plus,35_64,75000,2,1
pums_ca_08900_02821,0608900,2018,6,2,40000_44999,2,married_couple,no_65_plus,35_64,43200,2,1
pums_ca_08900_02822,0608900,2018,13,2,60000_74999,2,married_couple,has_65_plus,65_plus,65200,2,1
pums_ca_08900_02823,0608900,2018,15,2,150000_199999,2,married_couple,has_65_plus,65_plus,150000,2,1
pums_ca_08900_02824,0608900,2018,11,1,lt_10000,1,nonfamily_living_alone,has_65_plus,65_plus,1600,1,4
pums_ca_08900_02825,0608900,2018,15,2,75000_99999,2,married_couple,no_65_plus,18_34,77000,2,1
pums_ca_08900_02826,0608900,2018,17,3,150000_199999,2,other_male_householder,no_65_plus,35_64,150000,2,2
pums_ca_08900_02827,0608900,2018,13,3,25000_29999,2,nonfamily_not_living_alone,no_65_plus,35_64,29800,2,7
pums_ca_08900_02828,0608900,2018,13,3,125000_149999,3,married_couple,no_65_plus,35_64,141500,3,1
pums_ca_08900_02829,0608900,2018,26,2,20000_24999,0,other_female_householder,no_65_plus,35_64,21400,0,3
pums_ca_08900_02830,0608900,2018,16,2,35000_39999,1,nonfamily_not_living_alone,has_65_plus,65_plus,37700,1,7
pums_ca_08900_02831,0608900,2018,8,2,60000_74999,1,married_couple,has_65_plus,65_plus,63220,1,1
pums_ca_08900_02832,0608900,2018,8,4,75000_99999,2,married_couple,no_65_plus,35_64,82000,2,1
pums_ca_08900_02833,0608900,2018,17,4,lt_10000,3,nonfamily_living_alone,no_65_plus,18_34,0,3,5
pums_ca_08900_02834,0608900,2018,4,1,60000_74999,2,nonfamily_not_living_alone,no_65_plus,35_64,72000,2,6
pums_ca_08900_02835,0608900,2018,16,1,15000_19999,1,nonfamily_not_living_alone,has_65_plus,65_plus,18000,1,6
pums_ca_08900_02836,0608900,2018,2,1,10000_14999,1,nonfamily_not_living_alone,no_65_plus,35_64,11200,1,6
pums_ca_08900_02837,0608900,2018,7,2,60000_74999,4_plus,married_couple,has_65_plus,65_plus,72550,4,1
pums_ca_08900_02838,0608900,2018,24,1,150000_199999,2,nonfamily_living_alone,no_65_plus,35_64,160000,2,4
pums_ca_08900_02839,0608900,2018,8,1,35000_39999,1,nonfamily_not_living_alone,no_65_plus,35_64,35800,1,6
pums_ca_08900_02840,0608900,2018,25,2,200000_plus,3,married_couple,has_65_plus,65_plus,393300,3,1
pums_ca_08900_02841,0608900,2018,15,2,50000_59999,1,married_couple,has_65_plus,65_plus,55600,1,1
pums_ca_08900_02842,0608900,2018,24,1,25000_29999,1,nonfamily_not_living_alone,has_65_plus,65_plus,25000,1,6
pums_ca_08900_02843,0608900,2018,18,2,150000_199999,3,married_couple,has_65_plus,65_plus,199800,3,1
pums_ca_08900_02844,0608900,2018,8,2,75000_99999,2,married_couple,has_65_plus,65_plus,97800,2,1
pums_ca_08900_02845,0608900,2018,7,1,lt_10000,0,nonfamily_living_alone,no_65_plus,35_64,9000,0,4
pums_ca_08900_02846,0608900,2018,15,4,100000_124999,2,married_couple,no_65_plus,35_64,101400,2,1
pums_ca_08900_02847,0608900,2018,17,3,60000_74999,3,married_couple,no_65_plus,35_64,62000,3,1
pums_ca_08900_02848,0608900,2018,9,2,75000_99999,3,married_couple,has_65_plus,65_plus,83900,3,1
pums_ca_08900_02849,0608900,2018,12,2,75000_99999,2,married_couple,has_65_plus,65_plus,75800,2,1
pums_ca_08900_02850,0608900,2018,41,1,10000_14999,0,nonfamily_living_alone,no_65_plus,18_34,11200,0,4
pums_ca_08900_02851,0608900,2018,5,4,50000_59999,4_plus,married_couple,has_65_plus,35_64,53100,4,1
pums_ca_08900_02852,0608900,2018,9,1,60000_74999,1,nonfamily_not_living_alone,has_65_plus,65_plus,60500,1,6
pums_ca_08900_02853,0608900,2018,14,1,45000_49999,0,nonfamily_not_living_alone,no_65_plus,35_64,48000,0,6
pums_ca_08900_02854,0608900,2018,31,4,100000_124999,2,married_couple,has_65_plus,65_plus,113400,2,1
pums_ca_08900_02855,0608900,2018,109,5,75000_99999,2,married_couple,no_65_plus,18_34,80000,2,1
pums_ca_08900_02856,0608900,2018,20,2,75000_99999,2,married_couple,has_65_plus,65_plus,75200,2,1
pums_ca_08900_02857,0608900,2018,31,1,45000_49999,1,nonfamily_not_living_alone,no_65_plus,35_64,49400,1,6
pums_ca_08900_02858,0608900,2018,6,2,60000_74999,3,nonfamily_living_alone,has_65_plus,65_plus,64200,3,5
pums_ca_08900_02859,0608900,2018,4,2,200000_plus,2,married_couple,has_65_plus,35_64,360000,2,1
pums_ca_08900_02860,0608900,2018,15,1,75000_99999,1,nonfamily_not_living_alone,no_65_plus,35_64,79000,1,6
pums_ca_08900_02861,0608900,2018,18,2,125000_149999,2,married_couple,has_65_plus,65_plus,130300,2,1
pums_ca_08900_02862,0608900,2018,16,1,75000_99999,1,nonfamily_not_living_alone,no_65_plus,35_64,89100,1,6
pums_ca_08900_02863,0608900,2018,12,2,75000_99999,2,nonfamily_not_living_alone,no_65_plus,35_64,76000,2,7
pums_ca_08900_02864,0608900,2018,30,1,lt_10000,0,nonfamily_not_living_alone,has_65_plus,65_plus,9500,0,6
pums_ca_08900_02865,0608900,2018,21,2,60000_74999,2,married_couple,no_65_plus,35_64,60000,2,1
pums_ca_08900_02866,0608900,2018,15,1,15000_19999,1,nonfamily_not_living_alone,has_65_plus,65_plus,18800,1,6
pums_ca_08900_02867,0608900,2018,11,1,30000_34999,4_plus,nonfamily_living_alone,has_65_plus,65_plus,30000,5,4
pums_ca_08900_02868,0608900,2018,2,1,60000_74999,2,nonfamily_living_alone,no_65_plus,35_64,70000,2,4
pums_ca_08900_02869,0608900,2018,6,2,150000_199999,2,married_couple,no_65_plus,35_64,171000,2,1
pums_ca_08900_02870,0608900,2018,16,1,35000_39999,1,nonfamily_living_alone,no_65_plus,18_34,35000,1,4
pums_ca_08900_02871,0608900,2018,13,1,50000_59999,1,nonfamily_living_alone,no_65_plus,35_64,56000,1,4
pums_ca_08900_02872,0608900,2018,8,2,50000_59999,2,married_couple,has_65_plus,65_plus,53000,2,1
pums_ca_08900_02873,0608900,2018,16,4,75000_99999,3,married_couple,no_65_plus,18_34,82800,3,1
pums_ca_08900_02874,0608900,2018,15,1,25000_29999,1,nonfamily_not_living_alone,has_65_plus,65_plus,26100,1,6
pums_ca_08900_02875,0608900,2018,45,3,100000_124999,3,married_couple,has_65_plus,35_64,101600,3,1
pums_ca_08900_02876,0608900,2018,9,2,75000_99999,2,married_couple,has_65_plus,35_64,82400,2,1
pums_ca_08900_02877,0608900,2018,6,2,100000_124999,3,nonfamily_not_living_alone,has_65_plus,65_plus,102000,3,7
pums_ca_08900_02878,0608900,2018,15,4,150000_199999,3,married_couple,no_65_plus,35_64,163240,3,1
pums_ca_08900_02879,0608900,2018,12,2,60000_74999,1,married_couple,has_65_plus,65_plus,68300,1,1
pums_ca_08900_02880,0608900,2018,4,2,100000_124999,2,married_couple,has_65_plus,35_64,123000,2,1
pums_ca_08900_02881,0608900,2018,10,2,60000_74999,3,nonfamily_living_alone,has_65_plus,65_plus,60300,3,5
pums_ca_08900_02882,0608900,2018,16,5,60000_74999,4_plus,other_female_householder,no_65_plus,35_64,69000,4,3
pums_ca_08900_02883,0608900,2018,7,1,30000_34999,1,nonfamily_living_alone,has_65_plus,65_plus,31000,1,4
pums_ca_08900_02884,0608900,2018,40,4,75000_99999,2,married_couple,no_65_plus,18_34,96000,2,1
pums_ca_08900_02885,0608900,2018,17,2,30000_34999,3,married_couple,has_65_plus,65_plus,30600,3,1
pums_ca_08900_02886,0608900,2018,30,2,200000_plus,3,married_couple,has_65_plus,35_64,433840,3,1
pums_ca_08900_02887,0608900,2018,17,1,35000_39999,4_plus,nonfamily_living_alone,no_65_plus,35_64,39700,4,4
pums_ca_08900_02888,0608900,2018,4,2,30000_34999,2,married_couple,has_65_plus,65_plus,30300,2,1
pums_ca_08900_02889,0608900,2018,16,2,75000_99999,1,nonfamily_living_alone,no_65_plus,18_34,84000,1,5
pums_ca_08900_02890,0608900,2018,20,2,50000_59999,1,married_couple,has_65_plus,65_plus,57100,1,1
pums_ca_08900_02891,0608900,2018,7,2,60000_74999,4_plus,other_male_householder,no_65_plus,35_64,62300,5,2
pums_ca_08900_02892,0608900,2018,13,2,45000_49999,3,married_couple,no_65_plus,35_64,47600,3,1
pums_ca_08900_02893,0608900,2018,16,2,20000_24999,1,other_female_householder,has_65_plus,65_plus,21700,1,3
pums_ca_08900_02894,0608900,2018,11,2,lt_10000,1,married_couple,no_65_plus,35_64,8000,1,1
pums_ca_08900_02895,0608900,2018,12,1,200000_plus,2,nonfamily_living_alone,no_65_plus,35_64,250000,2,4
pums_ca_08900_02896,0608900,2018,102,1,10000_14999,0,nonfamily_living_alone,no_65_plus,18_34,10000,0,4
pums_ca_08900_02897,0608900,2018,6,2,75000_99999,2,married_couple,no_65_plus,35_64,86400,2,1
pums_ca_08900_02898,0608900,2018,6,5,100000_124999,4_plus,married_couple,no_65_plus,35_64,116000,4,1
pums_ca_08900_02899,0608900,2018,3,1,35000_39999,2,nonfamily_living_alone,has_65_plus,65_plus,38300,2,4
pums_ca_08900_02900,0608900,2018,10,2,200000_plus,1,married_couple,has_65_plus,65_plus,357300,1,1
pums_ca_08900_02901,0608900,2018,8,3,60000_74999,4_plus,married_couple,has_65_plus,65_plus,65650,4,1
pums_ca_08900_02902,0608900,2018,8,1,150000_199999,2,nonfamily_not_living_alone,has_65_plus,65_plus,157700,2,6
pums_ca_08900_02903,0608900,2018,16,2,45000_49999,2,other_male_householder,has_65_plus,65_plus,46600,2,2
pums_ca_08900_02904,0608900,2018,7,5,75000_99999,3,married_couple,no_65_plus,35_64,88200,3,1
pums_ca_08900_02905,0608900,2018,23,2,60000_74999,2,married_couple,no_65_plus,35_64,61000,2,1
pums_ca_08900_02906,0608900,2018,8,2,125000_149999,3,married_couple,has_65_plus,65_plus,144000,3,1
pums_ca_08900_02907,0608900,2018,33,5,15000_19999,1,other_female_householder,no_65_plus,35_64,19900,1,3
pums_ca_08900_02908,0608900,2018,20,1,25000_29999,1,nonfamily_living_alone,has_65_plus,65_plus,29300,1,4
pums_ca_08900_02909,0608900,2018,24,5,150000_199999,4_plus,other_female_householder,no_65_plus,35_64,167000,5,3
pums_ca_08900_02910,0608900,2018,4,2,40000_44999,3,other_female_householder,has_65_plus,65_plus,41780,3,3
pums_ca_08900_02911,0608900,2018,24,5,200000_plus,3,married_couple,no_65_plus,35_64,362300,3,1
pums_ca_08900_02912,0608900,2018,18,4,45000_49999,3,other_male_householder,has_65_plus,18_34,46800,3,2
pums_ca_08900_02913,0608900,2018,9,1,50000_59999,2,nonfamily_living_alone,has_65_plus,65_plus,59000,2,4
pums_ca_08900_02914,0608900,2018,14,2,60000_74999,3,married_couple,no_65_plus,35_64,68000,3,1
pums_ca_08900_02915,0608900,2018,8,1,50000_59999,1,nonfamily_living_alone,has_65_plus,65_plus,53000,1,4
pums_ca_08900_02916,0608900,2018,15,2,100000_124999,2,married_couple,no_65_plus,35_64,110000,2,1
pums_ca_08900_02917,0608900,2018,9,2,75000_99999,2,married_couple,has_65_plus,65_plus,85300,2,1
pums_ca_08900_02918,0608900,2018,14,1,45000_49999,1,nonfamily_not_living_alone,has_65_plus,65_plus,49000,1,6
pums_ca_08900_02919,0608900,2018,13,2,75000_99999,2,other_female_householder,no_65_plus,35_64,78000,2,3
pums_ca_08900_02920,0608900,2018,13,1,125000_149999,1,nonfamily_living_alone,has_65_plus,65_plus,146000,1,4
pums_ca_08900_02921,0608900,2018,9,2,45000_49999,4_plus,married_couple,has_65_plus,35_64,45600,4,1
pums_ca_08900_02922,0608900,2018,12,3,60000_74999,2,married_couple,has_65_plus,35_64,73500,2,1
pums_ca_08900_02923,0608900,2018,5,2,25000_29999,1,married_couple,has_65_plus,65_plus,25000,1,1
pums_ca_08900_02924,0608900,2018,24,1,30000_34999,2,nonfamily_not_living_alone,no_65_plus,18_34,33000,2,6
pums_ca_08900_02925,0608900,2018,3,2,35000_39999,2,other_female_householder,has_65_plus,65_plus,36000,2,3
pums_ca_08900_02926,0608900,2018,6,2,20000_24999,1,married_couple,no_65_plus,35_64,23700,1,1
pums_ca_08900_02927,0608900,2018,9,2,125000_149999,4_plus,nonfamily_living_alone,has_65_plus,65_plus,130000,4,5
pums_ca_08900_02928,0608900,2018,7,2,20000_24999,0,other_female_householder,has_65_plus,65_plus,22800,0,3
pums_ca_08900_02929,0608900,2018,16,2,50000_59999,1,married_couple,has_65_plus,35_64,55800,1,1
pums_ca_08900_02930,0608900,2018,24,2,40000_44999,3,married_couple,has_65_plus,65_plus,40900,3,1
pums_ca_08900_02931,0608900,2018,9,2,100000_124999,2,married_couple,no_65_plus,35_64,100000,2,1
pums_ca_08900_02932,0608900,2018,14,3,25000_29999,2,married_couple,no_65_plus,35_64,26800,2,1
pums_ca_08900_02933,0608900,2018,9,2,60000_74999,3,nonfamily_not_living_alone,no_65_plus,35_64,62500,3,7
pums_ca_08900_02934,0608900,2018,10,1,15000_19999,2,nonfamily_living_alone,has_65_plus,65_plus,18300,2,4
pums_ca_08900_02935,0608900,2018,5,1,10000_14999,2,nonfamily_not_living_alone,no_65_plus,35_64,13000,2,6
pums_ca_08900_02936,0608900,2018,12,4,125000_149999,4_plus,married_couple,no_65_plus,35_64,145160,4,1
pums_ca_08900_02937,0608900,2018,8,2,75000_99999,2,married_couple,no_65_plus,18_34,80000,2,1
pums_ca_08900_02938,0608900,2018,42,1,45000_49999,1,nonfamily_living_alone,no_65_plus,35_64,45000,1,4
pums_ca_08900_02939,0608900,2018,16,2,40000_44999,2,married_couple,no_65_plus,18_34,44200,2,1
pums_ca_08900_02940,0608900,2018,24,2,100000_124999,2,married_couple,no_65_plus,35_64,124000,2,1
pums_ca_08900_02941,0608900,2018,101,1,20000_24999,0,nonfamily_living_alone,no_65_plus,35_64,20600,0,4
pums_ca_08900_02942,0608900,2018,15,2,40000_44999,2,nonfamily_not_living_alone,no_65_plus,18_34,43200,2,7
pums_ca_08900_02943,0608900,2018,41,2,75000_99999,2,other_male_householder,no_65_plus,35_64,75000,2,2
pums_ca_08900_02944,0608900,2018,13,1,40000_44999,1,nonfamily_not_living_alone,has_65_plus,65_plus,40700,1,6
pums_ca_08900_02945,0608900,2018,70,1,60000_74999,1,nonfamily_not_living_alone,has_65_plus,65_plus,65100,1,6
pums_ca_08900_02946,0608900,2018,14,2,60000_74999,2,married_couple,no_65_plus,35_64,64000,2,1
pums_ca_08900_02947,0608900,2018,14,2,75000_99999,1,married_couple,has_65_plus,65_plus,84060,1,1
pums_ca_08900_02948,0608900,2018,14,3,35000_39999,4_plus,other_female_householder,no_65_plus,35_64,36600,4,3
pums_ca_08900_02949,0608900,2018,78,4,60000_74999,3,other_female_householder,no_65_plus,18_34,68900,3,3
pums_ca_08900_02950,0608900,2018,6,2,60000_74999,2,married_couple,has_65_plus,65_plus,61700,2,1
pums_ca_08900_02951,0608900,2018,13,2,60000_74999,2,married_couple,no_65_plus,35_64,62000,2,1
pums_ca_08900_02952,0608900,2018,36,3,75000_99999,2,other_female_householder,has_65_plus,65_plus,88000,2,3
pums_ca_08900_02953,0608900,2018,42,2,60000_74999,2,other_male_householder,no_65_plus,18_34,70000,2,2
pums_ca_08900_02954,0608900,2018,14,2,30000_34999,1,nonfamily_not_living_alone,no_65_plus,35_64,32400,1,7
pums_ca_08900_02955,0608900,2018,43,6,60000_74999,2,married_couple,has_65_plus,35_64,73000,2,1
pums_ca_08900_02956,0608900,2018,14,3,60000_74999,2,married_couple,has_65_plus,35_64,60600,2,1
pums_ca_08900_02957,0608900,2018,21,5,35000_39999,3,other_female_householder,has_65_plus,65_plus,39500,3,3
pums_ca_08900_02958,0608900,2018,7,3,30000_34999,1,other_female_householder,no_65_plus,35_64,34000,1,3
pums_ca_08900_02959,0608900,2018,2,2,50000_59999,2,married_couple,no_65_plus,35_64,58000,2,1
pums_ca_08900_02960,0608900,2018,7,2,25000_29999,1,married_couple,has_65_plus,65_plus,28900,1,1
pums_ca_08900_02961,0608900,2018,13,2,35000_39999,0,other_female_householder,no_65_plus,35_64,36400,0,3
pums_ca_08900_02962,0608900,2018,9,4,150000_199999,2,married_couple,no_65_plus,35_64,182000,2,1
pums_ca_08900_02963,0608900,2018,23,1,50000_59999,2,nonfamily_living_alone,no_65_plus,35_64,50000,2,4
pums_ca_08900_02964,0608900,2018,14,4,75000_99999,3,married_couple,no_65_plus,35_64,98000,3,1
pums_ca_08900_02965,0608900,2018,11,1,lt_10000,1,nonfamily_not_living_alone,has_65_plus,65_plus,1520,1,6
pums_ca_08900_02966,0608900,2018,13,4,50000_59999,2,married_couple,no_65_plus,35_64,54800,2,1
pums_ca_08900_02967,0608900,2018,24,2,75000_99999,2,married_couple,no_65_plus,35_64,89800,2,1
pums_ca_08900_02968,0608900,2018,11,1,15000_19999,1,nonfamily_not_living_alone,has_65_plus,65_plus,19600,1,6
pums_ca_08900_02969,0608900,2018,12,3,25000_29999,2,married_couple,no_65_plus,35_64,28000,2,1
pums_ca_08900_02970,0608900,2018,17,2,75000_99999,2,nonfamily_not_living_alone,no_65_plus,18_34,78800,2,7
pums_ca_08900_02971,0608900,2018,5,2,lt_10000,2,married_couple,no_65_plus,35_64,0,2,1
pums_ca_08900_02972,0608900,2018,15,4,100000_124999,2,married_couple,has_65_plus,65_plus,107200,2,1
pums_ca_08900_02973,0608900,2018,15,2,40000_44999,2,married_couple,has_65_plus,65_plus,44300,2,1
pums_ca_08900_02974,0608900,2018,21,3,75000_99999,2,married_couple,no_65_plus,18_34,90000,2,1
pums_ca_08900_02975,0608900,2018,15,2,100000_124999,1,married_couple,has_65_plus,65_plus,107430,1,1
pums_ca_08900_02976,0608900,2018,20,1,60000_74999,1,nonfamily_not_living_alone,has_65_plus,65_plus,69900,1,6
pums_ca_08900_02977,0608900,2018,17,1,60000_74999,1,nonfamily_not_living_alone,has_65_plus,65_plus,70230,1,6
pums_ca_08900_02978,0608900,2018,10,3,125000_149999,2,married_couple,has_65_plus,35_64,133500,2,1
pums_ca_08900_02979,0608900,2018,17,1,10000_14999,1,nonfamily_not_living_alone,no_65_plus,35_64,12570,1,6
pums_ca_08900_02980,0608900,2018,60,2,100000_124999,4_plus,married_couple,no_65_plus,35_64,100000,4,1
pums_ca_08900_02981,0608900,2018,10,1,15000_19999,1,nonfamily_not_living_alone,has_65_plus,65_plus,16800,1,6
pums_ca_08900_02982,0608900,2018,17,1,lt_10000,2,nonfamily_not_living_alone,has_65_plus,65_plus,1900,2,6
pums_ca_08900_02983,0608900,2018,2,2,100000_124999,2,married_couple,has_65_plus,65_plus,117450,2,1
pums_ca_08900_02984,0608900,2018,14,1,lt_10000,1,nonfamily_not_living_alone,no_65_plus,35_64,2400,1,6
pums_ca_08900_02985,0608900,2018,16,8,25000_29999,2,other_female_householder,no_65_plus,18_34,25200,2,3
pums_ca_08900_02986,0608900,2018,20,2,60000_74999,2,other_female_householder,no_65_plus,35_64,70000,2,3
pums_ca_08900_02987,0608900,2018,20,4,100000_124999,2,married_couple,no_65_plus,18_34,110000,2,1
pums_ca_08900_02988,0608900,2018,25,1,30000_34999,2,nonfamily_not_living_alone,no_65_plus,35_64,34000,2,6
pums_ca_08900_02989,0608900,2018,7,2,45000_49999,2,other_female_householder,has_65_plus,65_plus,48440,2,3
pums_ca_08900_02990,0608900,2018,15,1,10000_14999,0,nonfamily_not_living_alone,has_65_plus,65_plus,14700,0,6
pums_ca_08900_02991,0608900,2018,10,1,10000_14999,0,nonfamily_not_living_alone,has_65_plus,65_plus,11100,0,6
pums_ca_08900_02992,0608900,2018,60,1,45000_49999,1,nonfamily_not_living_alone,has_65_plus,65_plus,45000,1,6
pums_ca_08900_02993,0608900,2018,4,2,100000_124999,2,married_couple,has_65_plus,65_plus,113300,2,1
pums_ca_08900_02994,0608900,2018,19,4,60000_74999,3,married_couple,has_65_plus,35_64,71100,3,1
pums_ca_08900_02995,0608900,2018,13,10,40000_44999,2,married_couple,no_65_plus,35_64,41600,2,1
pums_ca_08900_02996,0608900,2018,16,4,125000_149999,4_plus,married_couple,no_65_plus,35_64,128000,4,1
pums_ca_08900_02997,0608900,2018,43,3,60000_74999,1,married_couple,has_65_plus,65_plus,70400,1,1
pums_ca_08900_02998,0608900,2018,34,2,lt_10000,2,married_couple,has_65_plus,65_plus,6100,2,1
pums_ca_08900_02999,0608900,2018,14,2,60000_74999,1,nonfamily_not_living_alone,no_65_plus,35_64,60000,1,7
pums_ca_08900_03000,0608900,2018,12,1,45000_49999,1,nonfamily_living_alone,has_65_plus,65_plus,45300,1,4
pums_ca_08900_03001,0608900,2018,29,3,25000_29999,1,married_couple,no_65_plus,18_34,25000,1,1
pums_ca_08900_03002,0608900,2018,10,4,150000_199999,4_plus,married_couple,no_65_plus,35_64,163000,4,1
pums_ca_08900_03003,0608900,2018,16,5,150000_199999,3,married_couple,no_65_plus,35_64,170200,3,1
pums_ca_08900_03004,0608900,2018,2,2,100000_124999,1,married_couple,has_65_plus,65_plus,102100,1,1
pums_ca_08900_03005,0608900,2018,11,1,10000_14999,1,nonfamily_living_alone,has_65_plus,65_plus,14800,1,4
pums_ca_08900_03006,0608900,2018,59,2,100000_124999,2,nonfamily_living_alone,no_65_plus,35_64,119000,2,5
pums_ca_08900_03007,0608900,2018,7,2,50000_59999,2,married_couple,has_65_plus,65_plus,57500,2,1
pums_ca_08900_03008,0608900,2018,20,4,150000_199999,4_plus,married_couple,no_65_plus,35_64,176000,4,1
pums_ca_08900_03009,0608900,2018,13,1,lt_10000,1,nonfamily_living_alone,no_65_plus,18_34,9600,1,4
pums_ca_08900_03010,0608900,2018,60,3,100000_124999,3,nonfamily_not_living_alone,no_65_plus,18_34,121800,3,7
pums_ca_08900_03011,0608900,2018,23,1,20000_24999,1,nonfamily_living_alone,no_65_plus,35_64,24540,1,4
pums_ca_08900_03012,0608900,2018,13,2,60000_74999,2,married_couple,has_65_plus,65_plus,74200,2,1
pums_ca_08900_03013,0608900,2018,28,3,200000_plus,3,married_couple,no_65_plus,35_64,257460,3,1
pums_ca_08900_03014,0608900,2018,7,2,45000_49999,2,married_couple,has_65_plus,65_plus,49400,2,1
pums_ca_08900_03015,0608900,2018,5,2,40000_44999,4_plus,married_couple,no_65_plus,35_64,42100,4,1
pums_ca_08900_03016,0608900,2018,31,1,15000_19999,1,nonfamily_living_alone,has_65_plus,65_plus,15000,1,4
pums_ca_08900_03017,0608900,2018,63,3,150000_199999,2,married_couple,no_65_plus,18_34,150000,2,1
pums_ca_08900_03018,0608900,2018,13,1,20000_24999,2,nonfamily_not_living_alone,has_65_plus,65_plus,23400,2,6
pums_ca_08900_03019,0608900,2018,11,2,20000_24999,2,married_couple,has_65_plus,65_plus,21700,2,1
pums_ca_08900_03020,0608900,2018,13,5,100000_124999,3,married_couple,no_65_plus,35_64,114750,3,1
pums_ca_08900_03021,0608900,2018,84,5,150000_199999,4_plus,married_couple,no_65_plus,35_64,162000,4,1
pums_ca_08900_03022,0608900,2018,2,1,20000_24999,3,nonfamily_living_alone,has_65_plus,65_plus,24000,3,4
pums_ca_08900_03023,0608900,2018,3,4,45000_49999,3,married_couple,has_65_plus,35_64,46000,3,1
pums_ca_08900_03024,0608900,2018,3,1,50000_59999,1,nonfamily_living_alone,has_65_plus,65_plus,57840,1,4
pums_ca_08900_03025,0608900,2018,2,4,75000_99999,1,married_couple,no_65_plus,35_64,87900,1,1
pums_ca_08900_03026,0608900,2018,4,5,50000_59999,4_plus,married_couple,no_65_plus,35_64,55800,6,1
pums_ca_08900_03027,0608900,2018,5,2,60000_74999,2,married_couple,has_65_plus,65_plus,64200,2,1
pums_ca_08900_03028,0608900,2018,14,2,100000_124999,2,married_couple,no_65_plus,35_64,112000,2,1
pums_ca_08900_03029,0608900,2018,6,2,75000_99999,3,married_couple,no_65_plus,35_64,94000,3,1
pums_ca_08900_03030,0608900,2018,43,4,150000_199999,2,married_couple,no_65_plus,35_64,161000,2,1
pums_ca_08900_03031,0608900,2018,16,2,15000_19999,2,married_couple,has_65_plus,65_plus,15300,2,1
pums_ca_08900_03032,0608900,2018,14,2,75000_99999,2,other_female_householder,has_65_plus,65_plus,99300,2,3
pums_ca_08900_03033,0608900,2018,5,2,20000_24999,3,married_couple,no_65_plus,35_64,24200,3,1
pums_ca_08900_03034,0608900,2018,9,2,150000_199999,3,married_couple,has_65_plus,65_plus,153500,3,1
pums_ca_08900_03035,0608900,2018,12,1,10000_14999,1,nonfamily_living_alone,has_65_plus,65_plus,13000,1,4
pums_ca_08900_03036,0608900,2018,13,3,25000_29999,1,other_female_householder,no_65_plus,35_64,26400,1,3
pums_ca_08900_03037,0608900,2018,18,2,30000_34999,2,nonfamily_not_living_alone,no_65_plus,18_34,34600,2,7
pums_ca_08900_03038,0608900,2018,16,2,100000_124999,2,married_couple,has_65_plus,65_plus,104000,2,1
pums_ca_08900_03039,0608900,2018,54,2,100000_124999,3,married_couple,has_65_plus,65_plus,124000,3,1
pums_ca_08900_03040,0608900,2018,45,1,10000_14999,0,nonfamily_not_living_alone,has_65_plus,65_plus,14400,0,6
pums_ca_08900_03041,0608900,2018,10,1,40000_44999,0,nonfamily_living_alone,has_65_plus,65_plus,42100,0,4
pums_ca_08900_03042,0608900,2018,11,2,200000_plus,2,married_couple,has_65_plus,65_plus,204200,2,1
pums_ca_08900_03043,0608900,2018,16,4,50000_59999,3,other_female_householder,has_65_plus,35_64,59100,3,3
pums_ca_08900_03044,0608900,2018,8,2,60000_74999,1,married_couple,has_65_plus,35_64,61200,1,1
pums_ca_08900_03045,0608900,2018,9,2,100000_124999,2,married_couple,no_65_plus,35_64,120000,2,1
pums_ca_08900_03046,0608900,2018,14,2,50000_59999,3,married_couple,has_65_plus,65_plus,56600,3,1
pums_ca_08900_03047,0608900,2018,8,1,60000_74999,1,nonfamily_not_living_alone,no_65_plus,35_64,71600,1,6
pums_ca_08900_03048,0608900,2018,7,2,100000_124999,3,married_couple,has_65_plus,65_plus,107000,3,1
pums_ca_08900_03049,0608900,2018,21,5,100000_124999,2,married_couple,no_65_plus,35_64,120000,2,1
pums_ca_08900_03050,0608900,2018,12,1,10000_14999,1,nonfamily_not_living_alone,has_65_plus,65_plus,11000,1,6
pums_ca_08900_03051,0608900,2018,18,3,200000_plus,3,married_couple,no_65_plus,35_64,215000,3,1
pums_ca_08900_03052,0608900,2018,15,3,60000_74999,4_plus,married_couple,no_65_plus,35_64,67300,4,1
pums_ca_08900_03053,0608900,2018,13,2,100000_124999,2,married_couple,has_65_plus,65_plus,110800,2,1
pums_ca_08900_03054,0608900,2018,41,5,40000_44999,3,married_couple,no_65_plus,35_64,40000,3,1
pums_ca_08900_03055,0608900,2018,14,2,45000_49999,2,married_couple,no_65_plus,18_34,45000,2,1
pums_ca_08900_03056,0608900,2018,8,2,35000_39999,2,married_couple,no_65_plus,35_64,35000,2,1
pums_ca_08900_03057,0608900,2018,16,1,10000_14999,1,nonfamily_not_living_alone,no_65_plus,35_64,10000,1,6
pums_ca_08900_03058,0608900,2018,13,2,10000_14999,1,married_couple,no_65_plus,35_64,14900,1,1
pums_ca_08900_03059,0608900,2018,10,2,125000_149999,2,married_couple,no_65_plus,18_34,129800,2,1
pums_ca_08900_03060,0608900,2018,9,3,200000_plus,4_plus,married_couple,no_65_plus,35_64,305200,4,1
pums_ca_08900_03061,0608900,2018,7,1,10000_14999,1,nonfamily_not_living_alone,has_65_plus,65_plus,11700,1,6
pums_ca_08900_03062,0608900,2018,21,4,200000_plus,2,married_couple,no_65_plus,35_64,229000,2,1
pums_ca_08900_03063,0608900,2018,4,2,100000_124999,1,other_female_householder,has_65_plus,35_64,104200,1,3
pums_ca_08900_03064,0608900,2018,9,5,60000_74999,1,other_female_householder,has_65_plus,65_plus,73310,1,3
pums_ca_08900_03065,0608900,2018,14,6,25000_29999,3,other_female_householder,no_65_plus,18_34,27500,3,3
pums_ca_08900_03066,0608900,2018,4,2,60000_74999,4_plus,nonfamily_living_alone,no_65_plus,35_64,74200,4,5
pums_ca_08900_03067,0608900,2018,18,1,35000_39999,3,nonfamily_living_alone,no_65_plus,35_64,35000,3,4
pums_ca_08900_03068,0608900,2018,17,3,50000_59999,1,other_female_householder,has_65_plus,35_64,50000,1,3
pums_ca_08900_03069,0608900,2018,16,5,45000_49999,2,other_male_householder,no_65_plus,35_64,48400,2,2
pums_ca_08900_03070,0608900,2018,12,3,35000_39999,1,other_female_householder,no_65_plus,35_64,35000,1,3
pums_ca_08900_03071,0608900,2018,12,1,50000_59999,2,nonfamily_living_alone,has_65_plus,65_plus,56900,2,4
pums_ca_08900_03072,0608900,2018,9,3,100000_124999,2,married_couple,no_65_plus,35_64,111100,2,1
pums_ca_08900_03073,0608900,2018,11,2,50000_59999,4_plus,married_couple,has_65_plus,65_plus,52000,4,1
pums_ca_08900_03074,0608900,2018,12,5,60000_74999,2,married_couple,no_65_plus,18_34,69000,2,1
pums_ca_08900_03075,0608900,2018,8,1,lt_10000,1,nonfamily_not_living_alone,has_65_plus,65_plus,6000,1,6
pums_ca_08900_03076,0608900,2018,12,2,25000_29999,2,married_couple,has_65_plus,65_plus,27100,2,1
pums_ca_08900_03077,0608900,2018,14,1,45000_49999,2,nonfamily_not_living_alone,has_65_plus,65_plus,47000,2,6
pums_ca_08900_03078,0608900,2018,11,1,20000_24999,1,nonfamily_not_living_alone,has_65_plus,65_plus,23500,1,6
pums_ca_08900_03079,0608900,2018,17,2,40000_44999,2,nonfamily_living_alone,no_65_plus,18_34,43000,2,5
pums_ca_08900_03080,0608900,2018,9,3,20000_24999,2,nonfamily_living_alone,no_65_plus,18_34,24700,2,5
pums_ca_08900_03081,0608900,2018,15,1,75000_99999,2,nonfamily_living_alone,no_65_plus,35_64,78000,2,4
pums_ca_08900_03082,0608900,2018,16,2,lt_10000,2,married_couple,has_65_plus,35_64,9900,2,1
pums_ca_08900_03083,0608900,2018,9,4,125000_149999,4_plus,married_couple,no_65_plus,35_64,136500,4,1
pums_ca_08900_03084,0608900,2018,14,1,15000_19999,0,nonfamily_not_living_alone,has_65_plus,65_plus,19000,0,6
pums_ca_08900_03085,0608900,2018,12,4,60000_74999,2,other_female_householder,has_65_plus,65_plus,61200,2,3
pums_ca_08900_03086,0608900,2018,14,3,125000_149999,2,married_couple,has_65_plus,65_plus,132400,2,1
pums_ca_08900_03087,0608900,2018,20,3,100000_124999,2,married_couple,no_65_plus,18_34,120000,2,1
pums_ca_08900_03088,0608900,2018,29,2,50000_59999,3,nonfamily_living_alone,no_65_plus,35_64,54500,3,5
pums_ca_08900_03089,0608900,2018,17,2,50000_59999,2,married_couple,has_65_plus,65_plus,51500,2,1
pums_ca_08900_03090,0608900,2018,14,4,75000_99999,2,married_couple,no_65_plus,35_64,80000,2,1
pums_ca_08900_03091,0608900,2018,26,3,100000_124999,3,nonfamily_not_living_alone,no_65_plus,18_34,116000,3,7
pums_ca_08900_03092,0608900,2018,13,2,150000_199999,2,married_couple,no_65_plus,35_64,160000,2,1
pums_ca_08900_03093,0608900,2018,37,2,75000_99999,1,married_couple,no_65_plus,35_64,90000,1,1
pums_ca_08900_03094,0608900,2018,13,2,45000_49999,2,nonfamily_not_living_alone,no_65_plus,35_64,49400,2,7
pums_ca_08900_03095,0608900,2018,98,4,60000_74999,2,married_couple,no_65_plus,35_64,63000,2,1
pums_ca_08900_03096,0608900,2018,14,4,100000_124999,4_plus,married_couple,no_65_plus,18_34,116400,4,1
pums_ca_08900_03097,0608900,2018,12,2,15000_19999,3,other_male_householder,has_65_plus,35_64,16400,3,2
pums_ca_08900_03098,0608900,2018,26,2,75000_99999,2,married_couple,has_65_plus,35_64,88000,2,1
pums_ca_08900_03099,0608900,2018,11,2,200000_plus,3,married_couple,has_65_plus,35_64,529900,3,1
pums_ca_08900_03100,0608900,2018,17,5,60000_74999,2,married_couple,no_65_plus,35_64,64600,2,1
pums_ca_08900_03101,0608900,2018,14,2,125000_149999,2,married_couple,has_65_plus,65_plus,126500,2,1
pums_ca_08900_03102,0608900,2018,8,1,40000_44999,1,nonfamily_living_alone,has_65_plus,65_plus,44300,1,4
pums_ca_08900_03103,0608900,2018,11,2,60000_74999,3,married_couple,no_65_plus,35_64,62000,3,1
pums_ca_08900_03104,0608900,2018,45,2,75000_99999,2,married_couple,no_65_plus,35_64,85000,2,1
pums_ca_08900_03105,0608900,2018,17,2,75000_99999,3,married_couple,has_65_plus,65_plus,91000,3,1
pums_ca_08900_03106,0608900,2018,28,3,75000_99999,1,other_male_householder,no_65_plus,35_64,97700,1,2
pums_ca_08900_03107,0608900,2018,17,2,35000_39999,1,married_couple,has_65_plus,65_plus,38200,1,1
pums_ca_08900_03108,0608900,2018,14,2,60000_74999,3,nonfamily_living_alone,no_65_plus,35_64,70000,3,5
pums_ca_08900_03109,0608900,2018,25,2,lt_10000,1,other_male_householder,no_65_plus,35_64,3800,1,2
pums_ca_08900_03110,0608900,2018,13,2,50000_59999,2,married_couple,has_65_plus,65_plus,55700,2,1
pums_ca_08900_03111,0608900,2018,13,1,lt_10000,1,nonfamily_not_living_alone,no_65_plus,35_64,600,1,6
pums_ca_08900_03112,0608900,2018,17,4,75000_99999,2,married_couple,no_65_plus,18_34,93000,2,1
pums_ca_08900_03113,0608900,2018,35,2,25000_29999,1,married_couple,has_65_plus,65_plus,27520,1,1
pums_ca_08900_03114,0608900,2018,15,1,150000_199999,1,nonfamily_living_alone,no_65_plus,35_64,150000,1,4
pums_ca_08900_03115,0608900,2018,4,1,20000_24999,1,nonfamily_not_living_alone,has_65_plus,65_plus,23300,1,6
pums_ca_08900_03116,0608900,2018,17,4,125000_149999,3,married_couple,no_65_plus,35_64,145000,3,1
pums_ca_08900_03117,0608900,2018,26,1,40000_44999,1,nonfamily_not_living_alone,has_65_plus,65_plus,41300,1,6
pums_ca_08900_03118,0608900,2018,15,2,lt_10000,1,other_female_householder,no_65_plus,18_34,6000,1,3
pums_ca_08900_03119,0608900,2018,15,2,50000_59999,1,married_couple,has_65_plus,65_plus,59200,1,1
pums_ca_08900_03120,0608900,2018,4,2,lt_10000,1,other_male_householder,no_65_plus,35_64,600,1,2
pums_ca_08900_03121,0608900,2018,19,2,40000_44999,2,married_couple,has_65_plus,65_plus,41900,2,1
pums_ca_08900_03122,0608900,2018,22,2,125000_149999,1,married_couple,no_65_plus,35_64,134000,1,1
pums_ca_08900_03123,0608900,2018,15,4,75000_99999,2,married_couple,no_65_plus,35_64,97000,2,1
pums_ca_08900_03124,0608900,2018,11,3,125000_149999,2,married_couple,no_65_plus,35_64,130000,2,1
pums_ca_08900_03125,0608900,2018,20,2,200000_plus,2,married_couple,has_65_plus,65_plus,303000,2,1
pums_ca_08900_03126,0608900,2018,9,2,125000_149999,2,married_couple,no_65_plus,35_64,130000,2,1
pums_ca_08900_03127,0608900,2018,70,1,10000_14999,1,nonfamily_not_living_alone,no_65_plus,35_64,11000,1,6
pums_ca_08900_03128,0608900,2018,8,2,60000_74999,3,married_couple,has_65_plus,65_plus,66600,3,1
pums_ca_08900_03129,0608900,2018,13,3,40000_44999,3,other_female_householder,no_65_plus,18_34,43960,3,3
pums_ca_08900_03130,0608900,2018,14,1,15000_19999,0,nonfamily_not_living_alone,has_65_plus,65_plus,17500,0,6
pums_ca_08900_03131,0608900,2018,6,4,200000_plus,3,married_couple,no_65_plus,35_64,259000,3,1
pums_ca_08900_03132,0608900,2018,10,3,100000_124999,4_plus,married_couple,has_65_plus,65_plus,101450,4,1
pums_ca_08900_03133,0608900,2018,29,1,150000_199999,2,nonfamily_living_alone,no_65_plus,18_34,170300,2,4
pums_ca_08900_03134,0608900,2018,22,4,25000_29999,2,married_couple,no_65_plus,35_64,29900,2,1
pums_ca_08900_03135,0608900,2018,17,2,200000_plus,2,married_couple,has_65_plus,65_plus,348500,2,1
pums_ca_08900_03136,0608900,2018,22,2,35000_39999,2,other_male_householder,has_65_plus,35_64,36500,2,2
pums_ca_08900_03137,0608900,2018,14,1,60000_74999,0,nonfamily_living_alone,has_65_plus,65_plus,64000,0,4
pums_ca_08900_03138,0608900,2018,13,4,75000_99999,2,married_couple,no_65_plus,35_64,84000,2,1
pums_ca_08900_03139,0608900,2018,38,2,45000_49999,0,married_couple,has_65_plus,65_plus,45800,0,1
pums_ca_08900_03140,0608900,2018,15,4,40000_44999,2,married_couple,no_65_plus,35_64,43000,2,1
pums_ca_08900_03141,0608900,2018,2,1,30000_34999,2,nonfamily_living_alone,has_65_plus,65_plus,34000,2,4
pums_ca_08900_03142,0608900,2018,18,2,150000_199999,1,other_male_householder,no_65_plus,35_64,162850,1,2
pums_ca_08900_03143,0608900,2018,12,1,25000_29999,1,nonfamily_living_alone,has_65_plus,65_plus,27600,1,4
pums_ca_08900_03144,0608900,2018,8,5,10000_14999,0,other_male_householder,no_65_plus,18_34,11320,0,2
pums_ca_08900_03145,0608900,2018,16,2,lt_10000,2,nonfamily_living_alone,no_65_plus,35_64,7200,2,5
pums_ca_08900_03146,0608900,2018,10,2,40000_44999,1,married_couple,has_65_plus,65_plus,40500,1,1
pums_ca_08900_03147,0608900,2018,17,4,15000_19999,2,married_couple,no_65_plus,18_34,15300,2,1
pums_ca_08900_03148,0608900,2018,16,2,lt_10000,1,married_couple,no_65_plus,35_64,0,1,1
pums_ca_08900_03149,0608900,2018,46,2,35000_39999,1,nonfamily_living_alone,no_65_plus,18_34,36000,1,5
pums_ca_08900_03150,0608900,2018,25,2,50000_59999,2,married_couple,no_65_plus,35_64,54200,2,1
pums_ca_08900_03151,0608900,2018,19,1,15000_19999,0,nonfamily_not_living_alone,has_65_plus,65_plus,19000,0,6
pums_ca_08900_03152,0608900,2018,47,1,40000_44999,1,nonfamily_not_living_alone,has_65_plus,65_plus,43000,1,6
pums_ca_08900_03153,0608900,2018,4,2,100000_124999,3,nonfamily_not_living_alone,has_65_plus,65_plus,112420,3,7
pums_ca_08900_03154,0608900,2018,22,2,15000_19999,1,other_female_householder,no_65_plus,18_34,16500,1,3
pums_ca_08900_03155,0608900,2018,3,1,75000_99999,2,nonfamily_not_living_alone,has_65_plus,65_plus,94000,2,6
pums_ca_08900_03156,0608900,2018,17,2,100000_124999,4_plus,married_couple,no_65_plus,35_64,116000,4,1
pums_ca_08900_03157,0608900,2018,13,2,lt_10000,1,other_female_householder,no_65_plus,18_34,550,1,3
pums_ca_08900_03158,0608900,2018,7,2,45000_49999,2,married_couple,has_65_plus,65_plus,49400,2,1
pums_ca_08900_03159,0608900,2018,14,2,50000_59999,2,married_couple,has_65_plus,65_plus,55000,2,1
pums_ca_08900_03160,0608900,2018,14,1,10000_14999,2,nonfamily_not_living_alone,has_65_plus,65_plus,13400,2,6
pums_ca_08900_03161,0608900,2018,74,3,15000_19999,1,other_female_householder,no_65_plus,18_34,15000,1,3
pums_ca_08900_03162,0608900,2018,6,3,150000_199999,4_plus,other_female_householder,has_65_plus,65_plus,179700,4,3
pums_ca_08900_03163,0608900,2018,32,5,30000_34999,2,married_couple,no_65_plus,18_34,31900,2,1
pums_ca_08900_03164,0608900,2018,24,1,10000_14999,0,nonfamily_living_alone,has_65_plus,65_plus,14700,0,4
pums_ca_08900_03165,0608900,2018,12,2,200000_plus,2,nonfamily_not_living_alone,no_65_plus,35_64,530000,2,7
pums_ca_08900_03166,0608900,2018,3,1,45000_49999,2,nonfamily_living_alone,has_65_plus,65_plus,48000,2,4
pums_ca_08900_03167,0608900,2018,16,3,200000_plus,4_plus,married_couple,no_65_plus,35_64,538900,6,1
pums_ca_08900_03168,0608900,2018,7,1,60000_74999,1,nonfamily_living_alone,has_65_plus,65_plus,63700,1,4
pums_ca_08900_03169,0608900,2018,15,3,35000_39999,3,nonfamily_living_alone,no_65_plus,18_34,35800,3,5
pums_ca_08900_03170,0608900,2018,11,2,10000_14999,2,married_couple,no_65_plus,35_64,12700,2,1
pums_ca_08900_03171,0608900,2018,29,2,30000_34999,3,other_female_householder,no_65_plus,35_64,32600,3,3
pums_ca_08900_03172,0608900,2018,28,2,75000_99999,2,married_couple,has_65_plus,35_64,79900,2,1
pums_ca_08900_03173,0608900,2018,14,1,10000_14999,1,nonfamily_not_living_alone,has_65_plus,65_plus,13500,1,6
pums_ca_08900_03174,0608900,2018,1,2,75000_99999,4_plus,married_couple,has_65_plus,65_plus,79000,5,1
pums_ca_08900_03175,0608900,2018,5,1,40000_44999,1,nonfamily_not_living_alone,has_65_plus,65_plus,43200,1,6
pums_ca_08900_03176,0608900,2018,24,2,45000_49999,2,married_couple,has_65_plus,65_plus,45400,2,1
pums_ca_08900_03177,0608900,2018,20,1,25000_29999,3,nonfamily_living_alone,has_65_plus,65_plus,28100,3,4
pums_ca_08900_03178,0608900,2018,17,2,lt_10000,1,other_female_householder,no_65_plus,18_34,0,1,3
pums_ca_08900_03179,0608900,2018,9,2,45000_49999,2,married_couple,has_65_plus,65_plus,45000,2,1
pums_ca_08900_03180,0608900,2018,27,1,100000_124999,1,nonfamily_not_living_alone,no_65_plus,35_64,105000,1,6
pums_ca_08900_03181,0608900,2018,6,4,125000_149999,4_plus,married_couple,has_65_plus,65_plus,141400,4,1
pums_ca_08900_03182,0608900,2018,16,2,60000_74999,3,married_couple,has_65_plus,65_plus,64300,3,1
pums_ca_08900_03183,0608900,2018,9,1,75000_99999,1,nonfamily_living_alone,no_65_plus,35_64,82000,1,4
pums_ca_08900_03184,0608900,2018,12,5,30000_34999,2,other_female_householder,no_65_plus,18_34,31400,2,3
pums_ca_08900_03185,0608900,2018,13,1,150000_199999,1,nonfamily_not_living_alone,no_65_plus,35_64,190000,1,6
pums_ca_08900_03186,0608900,2018,12,2,35000_39999,0,married_couple,has_65_plus,65_plus,38600,0,1
pums_ca_08900_03187,0608900,2018,10,2,10000_14999,3,married_couple,has_65_plus,65_plus,13300,3,1
pums_ca_08900_03188,0608900,2018,15,1,30000_34999,0,nonfamily_not_living_alone,has_65_plus,65_plus,32400,0,6
pums_ca_08900_03189,0608900,2018,24,3,100000_124999,3,other_female_householder,has_65_plus,35_64,115400,3,3
pums_ca_08900_03190,0608900,2018,10,1,10000_14999,1,nonfamily_not_living_alone,has_65_plus,65_plus,10000,1,6
pums_ca_08900_03191,0608900,2018,25,2,45000_49999,1,married_couple,no_65_plus,35_64,49600,1,1
pums_ca_08900_03192,0608900,2018,8,3,150000_199999,3,married_couple,no_65_plus,35_64,152700,3,1
pums_ca_08900_03193,0608900,2018,8,2,10000_14999,3,married_couple,has_65_plus,65_plus,13000,3,1
pums_ca_08900_03194,0608900,2018,15,4,100000_124999,2,married_couple,no_65_plus,35_64,106700,2,1
pums_ca_08900_03195,0608900,2018,17,1,75000_99999,1,nonfamily_living_alone,has_65_plus,65_plus,87800,1,4
pums_ca_08900_03196,0608900,2018,12,2,150000_199999,2,other_female_householder,has_65_plus,35_64,152100,2,3
pums_ca_08900_03197,0608900,2018,26,4,75000_99999,4_plus,married_couple,no_65_plus,35_64,77000,5,1
pums_ca_08900_03198,0608900,2018,11,2,45000_49999,3,other_male_householder,has_65_plus,65_plus,48400,3,2
pums_ca_08900_03199,0608900,2018,5,3,75000_99999,2,married_couple,no_65_plus,18_34,79900,2,1
pums_ca_08900_03200,0608900,2018,18,1,125000_149999,1,nonfamily_living_alone,no_65_plus,35_64,129030,1,4
pums_ca_08900_03201,0608900,2018,7,2,200000_plus,2,married_couple,has_65_plus,65_plus,371900,2,1
pums_ca_08900_03202,0608900,2018,16,2,60000_74999,3,married_couple,has_65_plus,65_plus,65200,3,1
pums_ca_08900_03203,0608900,2018,15,2,60000_74999,3,married_couple,has_65_plus,65_plus,70900,3,1
pums_ca_08900_03204,0608900,2018,10,1,15000_19999,2,nonfamily_living_alone,has_65_plus,65_plus,17000,2,4
pums_ca_08900_03205,0608900,2018,4,4,125000_149999,2,married_couple,no_65_plus,18_34,128000,2,1
pums_ca_08900_03206,0608900,2018,10,2,35000_39999,1,married_couple,has_65_plus,65_plus,39100,1,1
pums_ca_08900_03207,0608900,2018,2,1,10000_14999,2,nonfamily_not_living_alone,has_65_plus,65_plus,14800,2,6
pums_ca_08900_03208,0608900,2018,13,1,lt_10000,1,nonfamily_not_living_alone,no_65_plus,18_34,0,1,6
pums_ca_08900_03209,0608900,2018,6,2,150000_199999,4_plus,married_couple,no_65_plus,35_64,170000,4,1
pums_ca_08900_03210,0608900,2018,12,1,20000_24999,1,nonfamily_not_living_alone,no_65_plus,35_64,23000,1,6
pums_ca_08900_03211,0608900,2018,10,1,15000_19999,2,nonfamily_living_alone,has_65_plus,65_plus,18200,2,4
pums_ca_08900_03212,0608900,2018,14,2,100000_124999,3,married_couple,no_65_plus,35_64,114000,3,1
pums_ca_08900_03213,0608900,2018,13,1,10000_14999,1,nonfamily_not_living_alone,no_65_plus,35_64,14300,1,6
pums_ca_08900_03214,0608900,2018,11,2,50000_59999,1,married_couple,has_65_plus,65_plus,59000,1,1
pums_ca_08900_03215,0608900,2018,14,2,25000_29999,1,married_couple,no_65_plus,35_64,29550,1,1
pums_ca_08900_03216,0608900,2018,23,2,60000_74999,1,other_female_householder,has_65_plus,65_plus,70000,1,3
pums_ca_08900_03217,0608900,2018,3,1,lt_10000,1,nonfamily_living_alone,no_65_plus,35_64,4900,1,4
pums_ca_08900_03218,0608900,2018,10,2,75000_99999,2,married_couple,has_65_plus,35_64,86400,2,1
pums_ca_08900_03219,0608900,2018,10,2,60000_74999,3,married_couple,has_65_plus,65_plus,65820,3,1
pums_ca_08900_03220,0608900,2018,25,2,75000_99999,4_plus,married_couple,has_65_plus,65_plus,94800,4,1
pums_ca_08900_03221,0608900,2018,16,5,150000_199999,4_plus,married_couple,no_65_plus,35_64,194500,5,1
pums_ca_08900_03222,0608900,2018,18,1,75000_99999,3,nonfamily_living_alone,no_65_plus,35_64,75000,3,4
pums_ca_08900_03223,0608900,2018,47,2,60000_74999,2,married_couple,no_65_plus,18_34,70800,2,1
pums_ca_08900_03224,0608900,2018,63,4,35000_39999,1,married_couple,no_65_plus,35_64,38500,1,1
pums_ca_08900_03225,0608900,2018,4,4,75000_99999,1,other_male_householder,no_65_plus,35_64,89400,1,2
pums_ca_08900_03226,0608900,2018,8,2,100000_124999,3,married_couple,no_65_plus,35_64,117200,3,1
pums_ca_08900_03227,0608900,2018,10,2,100000_124999,3,married_couple,has_65_plus,65_plus,100400,3,1
pums_ca_08900_03228,0608900,2018,16,2,200000_plus,0,nonfamily_not_living_alone,no_65_plus,35_64,320000,0,7
pums_ca_08900_03229,0608900,2018,5,2,15000_19999,2,married_couple,has_65_plus,65_plus,15400,2,1
pums_ca_08900_03230,0608900,2018,9,1,45000_49999,1,nonfamily_living_alone,no_65_plus,35_64,48000,1,4
pums_ca_08900_03231,0608900,2018,4,1,lt_10000,1,nonfamily_living_alone,has_65_plus,65_plus,9600,1,4
pums_ca_08900_03232,0608900,2018,8,3,75000_99999,2,married_couple,has_65_plus,65_plus,78160,2,1
pums_ca_08900_03233,0608900,2018,6,2,35000_39999,3,nonfamily_not_living_alone,has_65_plus,65_plus,35700,3,7
pums_ca_08900_03234,0608900,2018,15,3,75000_99999,3,other_female_householder,no_65_plus,18_34,92000,3,3
pums_ca_08900_03235,0608900,2018,12,3,50000_59999,1,other_female_householder,no_65_plus,35_64,57000,1,3
pums_ca_08900_03236,0608900,2018,12,3,75000_99999,3,married_couple,no_65_plus,35_64,85300,3,1
pums_ca_08900_03237,0608900,2018,22,1,40000_44999,1,nonfamily_not_living_alone,no_65_plus,35_64,43000,1,6
pums_ca_08900_03238,0608900,2018,15,3,125000_149999,0,married_couple,no_65_plus,35_64,127050,0,1
pums_ca_08900_03239,0608900,2018,22,1,lt_10000,1,nonfamily_living_alone,no_65_plus,35_64,3000,1,4
pums_ca_08900_03240,0608900,2018,17,2,10000_14999,1,nonfamily_living_alone,no_65_plus,35_64,11800,1,5
pums_ca_08900_03241,0608900,2018,13,1,60000_74999,1,nonfamily_not_living_alone,no_65_plus,35_64,68000,1,6
pums_ca_08900_03242,0608900,2018,56,5,15000_19999,0,married_couple,no_65_plus,35_64,16000,0,1
pums_ca_08900_03243,0608900,2018,11,2,60000_74999,2,married_couple,has_65_plus,65_plus,64300,2,1
pums_ca_08900_03244,0608900,2018,12,2,50000_59999,2,married_couple,has_65_plus,65_plus,53300,2,1
pums_ca_08900_03245,0608900,2018,17,4,150000_199999,3,other_female_householder,no_65_plus,18_34,175000,3,3
pums_ca_08900_03246,0608900,2018,9,3,20000_24999,2,other_female_householder,no_65_plus,35_64,21000,2,3
pums_ca_08900_03247,0608900,2018,15,1,60000_74999,1,nonfamily_not_living_alone,has_65_plus,65_plus,72000,1,6
pums_ca_08900_03248,0608900,2018,34,2,45000_49999,2,married_couple,no_65_plus,18_34,46500,2,1
pums_ca_08900_03249,0608900,2018,3,3,40000_44999,1,married_couple,no_65_plus,35_64,41000,1,1
pums_ca_08900_03250,0608900,2018,16,2,75000_99999,2,married_couple,no_65_plus,18_34,84000,2,1
pums_ca_08900_03251,0608900,2018,8,2,100000_124999,2,married_couple,no_65_plus,35_64,117000,2,1
pums_ca_08900_03252,0608900,2018,10,2,45000_49999,2,married_couple,has_65_plus,65_plus,48000,2,1
pums_ca_08900_03253,0608900,2018,12,6,50000_59999,2,married_couple,no_65_plus,35_64,56000,2,1
pums_ca_08900_03254,0608900,2018,76,2,20000_24999,2,married_couple,no_65_plus,35_64,20000,2,1
pums_ca_08900_03255,0608900,2018,14,1,lt_10000,0,nonfamily_not_living_alone,no_65_plus,35_64,0,0,6
pums_ca_08900_03256,0608900,2018,16,6,75000_99999,4_plus,other_female_householder,has_65_plus,35_64,87400,4,3
pums_ca_08900_03257,0608900,2018,6,2,75000_99999,2,married_couple,no_65_plus,35_64,82000,2,1
pums_ca_08900_03258,0608900,2018,7,1,15000_19999,0,nonfamily_living_alone,has_65_plus,65_plus,15000,0,4
pums_ca_08900_03259,0608900,2018,14,1,lt_10000,1,nonfamily_not_living_alone,no_65_plus,35_64,1200,1,6
pums_ca_08900_03260,0608900,2018,5,4,150000_199999,4_plus,married_couple,no_65_plus,35_64,166900,6,1
pums_ca_08900_03261,0608900,2018,12,1,15000_19999,1,nonfamily_not_living_alone,no_65_plus,35_64,15800,1,6
pums_ca_08900_03262,0608900,2018,8,5,60000_74999,3,married_couple,no_65_plus,35_64,74000,3,1
pums_ca_08900_03263,0608900,2018,9,4,15000_19999,2,other_female_householder,no_65_plus,35_64,18300,2,3
pums_ca_08900_03264,0608900,2018,11,12,45000_49999,2,married_couple,no_65_plus,35_64,46500,2,1
pums_ca_08900_03265,0608900,2018,12,3,100000_124999,4_plus,married_couple,no_65_plus,35_64,100000,4,1
pums_ca_08900_03266,0608900,2018,20,2,10000_14999,0,other_male_householder,no_65_plus,35_64,11700,0,2
pums_ca_08900_03267,0608900,2018,7,2,30000_34999,1,married_couple,has_65_plus,65_plus,32400,1,1
pums_ca_08900_03268,0608900,2018,34,4,20000_24999,3,married_couple,no_65_plus,35_64,21000,3,1
pums_ca_08900_03269,0608900,2018,32,1,lt_10000,1,nonfamily_not_living_alone,no_65_plus,35_64,5000,1,6
pums_ca_08900_03270,0608900,2018,4,2,35000_39999,1,married_couple,has_65_plus,65_plus,37400,1,1
pums_ca_08900_03271,0608900,2018,14,5,75000_99999,4_plus,other_female_householder,no_65_plus,35_64,80000,5,3
pums_ca_08900_03272,0608900,2018,6,2,60000_74999,1,married_couple,has_65_plus,65_plus,74500,1,1
pums_ca_08900_03273,0608900,2018,8,2,100000_124999,3,married_couple,no_65_plus,35_64,114700,3,1
pums_ca_08900_03274,0608900,2018,10,2,25000_29999,1,married_couple,has_65_plus,65_plus,28550,1,1
pums_ca_08900_03275,0608900,2018,33,1,30000_34999,2,nonfamily_not_living_alone,no_65_plus,35_64,30000,2,6
pums_ca_08900_03276,0608900,2018,2,1,15000_19999,2,nonfamily_living_alone,has_65_plus,65_plus,18000,2,4
pums_ca_08900_03277,0608900,2018,12,1,15000_19999,1,nonfamily_not_living_alone,no_65_plus,35_64,16000,1,6
pums_ca_08900_03278,0608900,2018,22,2,30000_34999,2,married_couple,no_65_plus,35_64,31300,2,1
pums_ca_08900_03279,0608900,2018,39,3,30000_34999,0,married_couple,no_65_plus,35_64,30000,0,1
pums_ca_08900_03280,0608900,2018,14,1,10000_14999,1,nonfamily_not_living_alone,has_65_plus,65_plus,12000,1,6
pums_ca_08900_03281,0608900,2018,13,2,35000_39999,2,married_couple,has_65_plus,65_plus,37000,2,1
pums_ca_08900_03282,0608900,2018,44,1,125000_149999,2,nonfamily_living_alone,has_65_plus,65_plus,126900,2,4
pums_ca_08900_03283,0608900,2018,15,2,10000_14999,1,other_female_householder,has_65_plus,65_plus,14300,1,3
pums_ca_08900_03284,0608900,2018,22,7,45000_49999,3,married_couple,no_65_plus,18_34,45500,3,1
pums_ca_08900_03285,0608900,2018,11,2,100000_124999,2,other_male_householder,has_65_plus,65_plus,101100,2,2
pums_ca_08900_03286,0608900,2018,50,3,45000_49999,2,married_couple,no_65_plus,35_64,47750,2,1
pums_ca_08900_03287,0608900,2018,25,2,20000_24999,2,married_couple,no_65_plus,35_64,24230,2,1
pums_ca_08900_03288,0608900,2018,10,1,lt_10000,1,nonfamily_not_living_alone,has_65_plus,65_plus,0,1,6
pums_ca_08900_03289,0608900,2018,41,2,lt_10000,1,nonfamily_not_living_alone,no_65_plus,35_64,9500,1,7
pums_ca_08900_03290,0608900,2018,6,4,150000_199999,4_plus,married_couple,no_65_plus,35_64,198000,5,1
pums_ca_08900_03291,0608900,2018,23,5,150000_199999,0,nonfamily_not_living_alone,no_65_plus,18_34,189500,0,7
pums_ca_08900_03292,0608900,2018,17,5,15000_19999,4_plus,married_couple,no_65_plus,35_64,16100,4,1
pums_ca_08900_03293,0608900,2018,2,5,60000_74999,2,married_couple,has_65_plus,65_plus,61500,2,1
pums_ca_08900_03294,0608900,2018,11,2,10000_14999,2,married_couple,has_65_plus,65_plus,10400,2,1
pums_ca_08900_03295,0608900,2018,11,2,20000_24999,4_plus,nonfamily_living_alone,no_65_plus,35_64,23000,4,5
pums_ca_08900_03296,0608900,2018,13,2,150000_199999,3,married_couple,no_65_plus,35_64,190200,3,1
pums_ca_08900_03297,0608900,2018,12,2,50000_59999,2,married_couple,has_65_plus,65_plus,50600,2,1
pums_ca_08900_03298,0608900,2018,6,2,75000_99999,2,married_couple,has_65_plus,65_plus,91500,2,1
pums_ca_08900_03299,0608900,2018,13,3,30000_34999,3,married_couple,has_65_plus,65_plus,34800,3,1
pums_ca_08900_03300,0608900,2018,51,2,lt_10000,3,nonfamily_not_living_alone,has_65_plus,35_64,9600,3,7
pums_ca_08900_03301,0608900,2018,15,2,200000_plus,3,married_couple,no_65_plus,35_64,322200,3,1
pums_ca_08900_03302,0608900,2018,25,3,35000_39999,3,other_male_householder,no_65_plus,35_64,38000,3,2
pums_ca_08900_03303,0608900,2018,21,2,60000_74999,1,other_female_householder,no_65_plus,35_64,60000,1,3
pums_ca_08900_03304,0608900,2018,27,2,30000_34999,2,married_couple,has_65_plus,65_plus,33600,2,1
pums_ca_08900_03305,0608900,2018,12,4,75000_99999,2,married_couple,no_65_plus,35_64,80700,2,1
pums_ca_08900_03306,0608900,2018,6,4,200000_plus,4_plus,married_couple,has_65_plus,65_plus,299300,5,1
pums_ca_08900_03307,0608900,2018,3,3,10000_14999,1,other_female_householder,no_65_plus,18_34,12700,1,3
pums_ca_08900_03308,0608900,2018,14,2,45000_49999,2,married_couple,has_65_plus,65_plus,47000,2,1
pums_ca_08900_03309,0608900,2018,40,3,25000_29999,0,other_female_householder,no_65_plus,35_64,27800,0,3
pums_ca_08900_03310,0608900,2018,10,1,25000_29999,1,nonfamily_living_alone,no_65_plus,35_64,28000,1,4
pums_ca_08900_03311,0608900,2018,5,3,40000_44999,1,married_couple,no_65_plus,35_64,40560,1,1
pums_ca_08900_03312,0608900,2018,21,3,150000_199999,3,married_couple,no_65_plus,18_34,150000,3,1
pums_ca_08900_03313,0608900,2018,10,5,35000_39999,3,married_couple,no_65_plus,35_64,36340,3,1
pums_ca_08900_03314,0608900,2018,67,4,200000_plus,4_plus,married_couple,has_65_plus,35_64,206000,4,1
pums_ca_08900_03315,0608900,2018,25,3,35000_39999,2,married_couple,no_65_plus,18_34,38000,2,1
pums_ca_08900_03316,0608900,2018,22,3,60000_74999,4_plus,married_couple,no_65_plus,18_34,60000,4,1
pums_ca_08900_03317,0608900,2018,15,1,50000_59999,1,nonfamily_living_alone,no_65_plus,35_64,57000,1,4
pums_ca_08900_03318,0608900,2018,14,4,75000_99999,2,married_couple,no_65_plus,35_64,81000,2,1
pums_ca_08900_03319,0608900,2018,12,2,150000_199999,3,married_couple,no_65_plus,35_64,170000,3,1
pums_ca_08900_03320,0608900,2018,13,4,200000_plus,3,married_couple,no_65_plus,35_64,493600,3,1
pums_ca_08900_03321,0608900,2018,8,7,60000_74999,4_plus,married_couple,no_65_plus,35_64,67460,4,1
pums_ca_08900_03322,0608900,2018,18,2,75000_99999,4_plus,married_couple,no_65_plus,35_64,76400,6,1
pums_ca_08900_03323,0608900,2018,9,2,150000_199999,3,married_couple,no_65_plus,35_64,151840,3,1
pums_ca_08900_03324,0608900,2018,5,2,50000_59999,2,married_couple,no_65_plus,35_64,51000,2,1
pums_ca_08900_03325,0608900,2018,43,3,45000_49999,2,married_couple,no_65_plus,35_64,47000,2,1
pums_ca_08900_03326,0608900,2018,10,2,100000_124999,4_plus,married_couple,has_65_plus,35_64,115400,4,1
pums_ca_08900_03327,0608900,2018,31,3,40000_44999,3,other_female_householder,has_65_plus,65_plus,43300,3,3
pums_ca_08900_03328,0608900,2018,17,2,10000_14999,0,married_couple,no_65_plus,35_64,10400,0,1
pums_ca_08900_03329,0608900,2018,7,2,30000_34999,2,married_couple,has_65_plus,65_plus,33100,2,1
pums_ca_08900_03330,0608900,2018,15,2,lt_10000,3,married_couple,no_65_plus,35_64,6000,3,1
pums_ca_08900_03331,0608900,2018,12,2,20000_24999,2,married_couple,has_65_plus,65_plus,21000,2,1
pums_ca_08900_03332,0608900,2018,13,4,75000_99999,2,married_couple,no_65_plus,35_64,88000,2,1
pums_ca_08900_03333,0608900,2018,16,1,25000_29999,1,nonfamily_not_living_alone,no_65_plus,18_34,25400,1,6
pums_ca_08900_03334,0608900,2018,9,1,15000_19999,1,nonfamily_not_living_alone,has_65_plus,65_plus,16800,1,6
pums_ca_08900_03335,0608900,2018,10,2,75000_99999,2,nonfamily_not_living_alone,no_65_plus,18_34,84900,2,7
pums_ca_08900_03336,0608900,2018,34,1,15000_19999,1,nonfamily_living_alone,has_65_plus,65_plus,15200,1,4
pums_ca_08900_03337,0608900,2018,7,7,60000_74999,4_plus,other_female_householder,no_65_plus,35_64,60700,6,3
pums_ca_08900_03338,0608900,2018,13,2,75000_99999,2,married_couple,has_65_plus,65_plus,77600,2,1
pums_ca_08900_03339,0608900,2018,8,2,125000_149999,2,married_couple,no_65_plus,35_64,130700,2,1
pums_ca_08900_03340,0608900,2018,35,2,75000_99999,3,married_couple,has_65_plus,65_plus,77200,3,1
pums_ca_08900_03341,0608900,2018,14,2,30000_34999,2,other_female_householder,no_65_plus,35_64,32000,2,3
pums_ca_08900_03342,0608900,2018,12,4,150000_199999,4_plus,married_couple,no_65_plus,35_64,198000,6,1
pums_ca_08900_03343,0608900,2018,15,2,75000_99999,2,married_couple,no_65_plus,35_64,80000,2,1
pums_ca_08900_03344,0608900,2018,4,2,30000_34999,4_plus,married_couple,has_65_plus,65_plus,30100,4,1
pums_ca_08900_03345,0608900,2018,10,3,125000_149999,4_plus,married_couple,no_65_plus,35_64,131500,4,1
pums_ca_08900_03346,0608900,2018,6,2,125000_149999,2,married_couple,has_65_plus,65_plus,133200,2,1
pums_ca_08900_03347,0608900,2018,60,1,15000_19999,0,nonfamily_not_living_alone,has_65_plus,65_plus,18000,0,6
pums_ca_08900_03348,0608900,2018,21,3,125000_149999,3,married_couple,no_65_plus,35_64,138500,3,1
pums_ca_08900_03349,0608900,2018,8,3,150000_199999,4_plus,married_couple,has_65_plus,35_64,161000,5,1
pums_ca_08900_03350,0608900,2018,5,4,200000_plus,4_plus,married_couple,no_65_plus,35_64,269900,4,1
pums_ca_08900_03351,0608900,2018,7,2,45000_49999,2,married_couple,has_65_plus,65_plus,46000,2,1
pums_ca_08900_03352,0608900,2018,32,1,150000_199999,1,nonfamily_living_alone,no_65_plus,35_64,168000,1,4
pums_ca_08900_03353,0608900,2018,20,2,30000_34999,1,married_couple,has_65_plus,65_plus,33650,1,1
pums_ca_08900_03354,0608900,2018,6,2,30000_34999,1,married_couple,has_65_plus,35_64,31000,1,1
pums_ca_08900_03355,0608900,2018,12,5,60000_74999,3,married_couple,no_65_plus,35_64,65000,3,1
pums_ca_08900_03356,0608900,2018,40,3,200000_plus,3,nonfamily_not_living_alone,has_65_plus,65_plus,375300,3,7
pums_ca_08900_03357,0608900,2018,35,2,150000_199999,3,nonfamily_living_alone,no_65_plus,18_34,157000,3,5
pums_ca_08900_03358,0608900,2018,10,3,75000_99999,3,married_couple,has_65_plus,65_plus,80000,3,1
pums_ca_08900_03359,0608900,2018,23,2,15000_19999,2,married_couple,has_65_plus,65_plus,18200,2,1
pums_ca_08900_03360,0608900,2018,50,4,10000_14999,2,married_couple,no_65_plus,35_64,14000,2,1
pums_ca_08900_03361,0608900,2018,13,5,50000_59999,3,married_couple,no_65_plus,35_64,51380,3,1
pums_ca_08900_03362,0608900,2018,15,3,35000_39999,4_plus,other_male_householder,no_65_plus,35_64,39600,4,2
pums_ca_08900_03363,0608900,2018,23,1,30000_34999,1,nonfamily_not_living_alone,no_65_plus,35_64,33100,1,6
pums_ca_08900_03364,0608900,2018,17,1,20000_24999,1,nonfamily_not_living_alone,has_65_plus,65_plus,24600,1,6
pums_ca_08900_03365,0608900,2018,9,2,125000_149999,2,married_couple,no_65_plus,35_64,136200,2,1
pums_ca_08900_03366,0608900,2018,24,3,100000_124999,3,married_couple,no_65_plus,35_64,123000,3,1
pums_ca_08900_03367,0608900,2018,15,1,20000_24999,1,nonfamily_living_alone,no_65_plus,35_64,24000,1,4
pums_ca_08900_03368,0608900,2018,16,2,75000_99999,3,married_couple,no_65_plus,35_64,82000,3,1
pums_ca_08900_03369,0608900,2018,19,4,200000_plus,4_plus,married_couple,has_65_plus,35_64,396000,4,1
pums_ca_08900_03370,0608900,2018,3,1,20000_24999,2,nonfamily_living_alone,no_65_plus,35_64,24000,2,4
pums_ca_08900_03371,0608900,2018,8,2,50000_59999,2,married_couple,has_65_plus,65_plus,50900,2,1
pums_ca_08900_03372,0608900,2018,9,3,75000_99999,4_plus,married_couple,no_65_plus,35_64,83000,4,1
pums_ca_08900_03373,0608900,2018,6,2,100000_124999,0,married_couple,has_65_plus,65_plus,122400,0,1
pums_ca_08900_03374,0608900,2018,18,2,60000_74999,4_plus,married_couple,no_65_plus,35_64,64300,4,1
pums_ca_08900_03375,0608900,2018,12,1,10000_14999,1,nonfamily_not_living_alone,has_65_plus,65_plus,12800,1,6
pums_ca_08900_03376,0608900,2018,3,1,75000_99999,0,nonfamily_not_living_alone,has_65_plus,65_plus,83000,0,6
pums_ca_08900_03377,0608900,2018,5,2,20000_24999,1,married_couple,has_65_plus,65_plus,21100,1,1
pums_ca_08900_03378,0608900,2018,4,2,125000_149999,2,married_couple,no_65_plus,35_64,141400,2,1
pums_ca_08900_03379,0608900,2018,14,2,60000_74999,3,married_couple,no_65_plus,35_64,65000,3,1
pums_ca_08900_03380,0608900,2018,15,1,10000_14999,1,nonfamily_living_alone,no_65_plus,35_64,14000,1,4
pums_ca_08900_03381,0608900,2018,10,1,20000_24999,2,nonfamily_living_alone,no_65_plus,35_64,20000,2,4
pums_ca_08900_03382,0608900,2018,4,2,30000_34999,2,married_couple,no_65_plus,35_64,31200,2,1
pums_ca_08900_03383,0608900,2018,6,2,60000_74999,3,married_couple,has_65_plus,65_plus,69000,3,1
pums_ca_08900_03384,0608900,2018,8,4,100000_124999,2,other_male_householder,no_65_plus,35_64,115000,2,2
pums_ca_08900_03385,0608900,2018,22,1,10000_14999,0,nonfamily_not_living_alone,no_65_plus,35_64,10800,0,6
pums_ca_08900_03386,0608900,2018,9,2,200000_plus,3,married_couple,no_65_plus,35_64,487000,3,1
pums_ca_08900_03387,0608900,2018,45,2,lt_10000,0,other_female_householder,no_65_plus,35_64,6500,0,3
pums_ca_08900_03388,0608900,2018,14,2,35000_39999,1,nonfamily_not_living_alone,no_65_plus,35_64,37000,1,7
pums_ca_08900_03389,0608900,2018,14,2,20000_24999,2,married_couple,has_65_plus,35_64,24400,2,1
pums_ca_08900_03390,0608900,2018,15,2,25000_29999,4_plus,married_couple,no_65_plus,18_34,28000,5,1
pums_ca_08900_03391,0608900,2018,16,2,25000_29999,1,married_couple,has_65_plus,65_plus,29300,1,1
pums_ca_08900_03392,0608900,2018,19,1,lt_10000,1,nonfamily_not_living_alone,no_65_plus,35_64,3700,1,6
pums_ca_08900_03393,0608900,2018,14,1,20000_24999,2,nonfamily_living_alone,has_65_plus,65_plus,20800,2,4
pums_ca_08900_03394,0608900,2018,23,4,60000_74999,2,other_male_householder,no_65_plus,18_34,70000,2,2
pums_ca_08900_03395,0608900,2018,9,3,100000_124999,1,other_male_householder,no_65_plus,18_34,112640,1,2
pums_ca_08900_03396,0608900,2018,26,2,75000_99999,2,married_couple,has_65_plus,35_64,82260,2,1
pums_ca_08900_03397,0608900,2018,13,2,150000_199999,1,married_couple,has_65_plus,65_plus,191100,1,1
pums_ca_08900_03398,0608900,2018,14,2,60000_74999,3,married_couple,has_65_plus,65_plus,70880,3,1
pums_ca_08900_03399,0608900,2018,14,4,100000_124999,4_plus,married_couple,no_65_plus,35_64,116500,6,1
pums_ca_08900_03400,0608900,2018,13,4,125000_149999,3,married_couple,no_65_plus,35_64,126800,3,1
pums_ca_08900_03401,0608900,2018,3,2,40000_44999,3,married_couple,has_65_plus,65_plus,43730,3,1
pums_ca_08900_03402,0608900,2018,17,2,50000_59999,2,nonfamily_not_living_alone,no_65_plus,18_34,52000,2,7
pums_ca_08900_03403,0608900,2018,8,1,40000_44999,1,nonfamily_not_living_alone,has_65_plus,65_plus,42300,1,6
pums_ca_08900_03404,0608900,2018,6,1,lt_10000,1,nonfamily_not_living_alone,has_65_plus,65_plus,6000,1,6
pums_ca_08900_03405,0608900,2018,9,2,75000_99999,3,married_couple,has_65_plus,35_64,75700,3,1
pums_ca_08900_03406,0608900,2018,13,5,40000_44999,3,married_couple,no_65_plus,35_64,44400,3,1
pums_ca_08900_03407,0608900,2018,13,2,50000_59999,2,married_couple,no_65_plus,18_34,53400,2,1
pums_ca_08900_03408,0608900,2018,21,2,25000_29999,1,married_couple,no_65_plus,35_64,27800,1,1
pums_ca_08900_03409,0608900,2018,9,2,30000_34999,3,nonfamily_living_alone,no_65_plus,35_64,32400,3,5
pums_ca_08900_03410,0608900,2018,13,2,45000_49999,3,married_couple,has_65_plus,65_plus,49000,3,1
pums_ca_08900_03411,0608900,2018,33,4,25000_29999,1,other_female_householder,no_65_plus,35_64,26500,1,3
pums_ca_08900_03412,0608900,2018,5,1,20000_24999,3,nonfamily_not_living_alone,has_65_plus,65_plus,24100,3,6
pums_ca_08900_03413,0608900,2018,13,1,75000_99999,3,nonfamily_living_alone,no_65_plus,35_64,75000,3,4
pums_ca_08900_03414,0608900,2018,15,2,50000_59999,3,married_couple,no_65_plus,35_64,50400,3,1
pums_ca_08900_03415,0608900,2018,9,1,10000_14999,1,nonfamily_living_alone,has_65_plus,65_plus,13600,1,4
pums_ca_08900_03416,0608900,2018,3,1,lt_10000,1,nonfamily_living_alone,no_65_plus,35_64,0,1,4
pums_ca_08900_03417,0608900,2018,29,2,50000_59999,2,married_couple,has_65_plus,65_plus,53000,2,1
pums_ca_08900_03418,0608900,2018,19,2,75000_99999,3,nonfamily_living_alone,has_65_plus,65_plus,97200,3,5
pums_ca_08900_03419,0608900,2018,11,3,50000_59999,2,other_female_householder,has_65_plus,65_plus,53900,2,3
pums_ca_08900_03420,0608900,2018,36,1,10000_14999,0,nonfamily_not_living_alone,no_65_plus,35_64,13000,0,6
pums_ca_08900_03421,0608900,2018,5,2,35000_39999,2,married_couple,has_65_plus,65_plus,37000,2,1
pums_ca_08900_03422,0608900,2018,14,2,60000_74999,2,married_couple,no_65_plus,35_64,60000,2,1
pums_ca_08900_03423,0608900,2018,1,2,75000_99999,3,married_couple,no_65_plus,35_64,99700,3,1
pums_ca_08900_03424,0608900,2018,11,2,25000_29999,1,nonfamily_living_alone,no_65_plus,35_64,26000,1,5
pums_ca_08900_03425,0608900,2018,45,2,45000_49999,2,married_couple,no_65_plus,18_34,45000,2,1
pums_ca_08900_03426,0608900,2018,5,3,125000_149999,3,married_couple,no_65_plus,35_64,131000,3,1
pums_ca_08900_03427,0608900,2018,10,1,lt_10000,0,nonfamily_living_alone,has_65_plus,65_plus,1440,0,4
pums_ca_08900_03428,0608900,2018,21,3,75000_99999,4_plus,married_couple,has_65_plus,65_plus,85100,4,1
pums_ca_08900_03429,0608900,2018,4,2,40000_44999,2,married_couple,has_65_plus,65_plus,40300,2,1
pums_ca_08900_03430,0608900,2018,14,2,40000_44999,4_plus,married_couple,has_65_plus,65_plus,41000,4,1
pums_ca_08900_03431,0608900,2018,24,2,25000_29999,1,other_female_householder,no_65_plus,18_34,28000,1,3
pums_ca_08900_03432,0608900,2018,11,1,20000_24999,1,nonfamily_living_alone,no_65_plus,35_64,22570,1,4
pums_ca_08900_03433,0608900,2018,39,2,40000_44999,2,married_couple,no_65_plus,18_34,40000,2,1
pums_ca_08900_03434,0608900,2018,14,1,100000_124999,1,nonfamily_living_alone,no_65_plus,35_64,108000,1,4
pums_ca_08900_03435,0608900,2018,15,4,100000_124999,3,married_couple,no_65_plus,35_64,104000,3,1
pums_ca_08900_03436,0608900,2018,9,2,35000_39999,1,married_couple,has_65_plus,65_plus,35600,1,1
pums_ca_08900_03437,0608900,2018,18,1,15000_19999,0,nonfamily_living_alone,no_65_plus,35_64,17000,0,4
pums_ca_08900_03438,0608900,2018,30,2,150000_199999,3,married_couple,no_65_plus,35_64,196000,3,1
pums_ca_08900_03439,0608900,2018,40,1,10000_14999,1,nonfamily_not_living_alone,no_65_plus,35_64,13700,1,6
pums_ca_08900_03440,0608900,2018,42,3,50000_59999,2,other_female_householder,no_65_plus,18_34,50000,2,3
pums_ca_08900_03441,0608900,2018,8,1,50000_59999,2,nonfamily_not_living_alone,has_65_plus,65_plus,56560,2,6
pums_ca_08900_03442,0608900,2018,20,1,75000_99999,1,nonfamily_not_living_alone,has_65_plus,65_plus,93700,1,6
pums_ca_08900_03443,0608900,2018,11,2,25000_29999,2,married_couple,no_65_plus,35_64,27900,2,1
pums_ca_08900_03444,0608900,2018,15,3,30000_34999,2,married_couple,no_65_plus,35_64,30000,2,1
pums_ca_08900_03445,0608900,2018,12,1,45000_49999,1,nonfamily_not_living_alone,has_65_plus,65_plus,48500,1,6
pums_ca_08900_03446,0608900,2018,12,3,75000_99999,2,other_male_householder,has_65_plus,35_64,95600,2,2
pums_ca_08900_03447,0608900,2018,5,2,45000_49999,3,married_couple,no_65_plus,35_64,45700,3,1
pums_ca_08900_03448,0608900,2018,3,2,15000_19999,1,other_male_householder,has_65_plus,35_64,19000,1,2
pums_ca_08900_03449,0608900,2018,43,3,35000_39999,2,other_male_householder,has_65_plus,35_64,38800,2,2
pums_ca_08900_03450,0608900,2018,4,3,50000_59999,2,married_couple,has_65_plus,65_plus,59200,2,1
pums_ca_08900_03451,0608900,2018,13,1,30000_34999,1,nonfamily_not_living_alone,no_65_plus,35_64,30800,1,6
pums_ca_08900_03452,0608900,2018,7,5,150000_199999,4_plus,married_couple,no_65_plus,35_64,173800,6,1
pums_ca_08900_03453,0608900,2018,16,3,200000_plus,4_plus,married_couple,no_65_plus,35_64,211700,4,1
pums_ca_08900_03454,0608900,2018,42,4,75000_99999,2,married_couple,no_65_plus,35_64,76000,2,1
pums_ca_08900_03455,0608900,2018,37,7,75000_99999,4_plus,married_couple,no_65_plus,35_64,89700,4,1
pums_ca_08900_03456,0608900,2018,10,1,60000_74999,1,nonfamily_living_alone,has_65_plus,65_plus,60000,1,4
pums_ca_08900_03457,0608900,2018,12,1,10000_14999,1,nonfamily_living_alone,has_65_plus,65_plus,10400,1,4
pums_ca_08900_03458,0608900,2018,16,3,125000_149999,2,married_couple,no_65_plus,35_64,135000,2,1
pums_ca_08900_03459,0608900,2018,11,3,200000_plus,4_plus,married_couple,no_65_plus,35_64,238000,4,1
pums_ca_08900_03460,0608900,2018,16,3,200000_plus,4_plus,other_female_householder,no_65_plus,35_64,366300,5,3
pums_ca_08900_03461,0608900,2018,9,1,10000_14999,0,nonfamily_not_living_alone,no_65_plus,35_64,13700,0,6
pums_ca_08900_03462,0608900,2018,28,2,150000_199999,2,married_couple,no_65_plus,35_64,158500,2,1
pums_ca_08900_03463,0608900,2018,13,3,lt_10000,3,other_male_householder,no_65_plus,18_34,6600,3,2
pums_ca_08900_03464,0608900,2018,12,6,35000_39999,3,married_couple,no_65_plus,35_64,38200,3,1
pums_ca_08900_03465,0608900,2018,8,6,30000_34999,4_plus,married_couple,has_65_plus,65_plus,33600,4,1
pums_ca_08900_03466,0608900,2018,15,2,150000_199999,2,married_couple,no_65_plus,35_64,183100,2,1
pums_ca_08900_03467,0608900,2018,9,2,25000_29999,1,married_couple,has_65_plus,65_plus,25000,1,1
pums_ca_08900_03468,0608900,2018,8,2,75000_99999,3,married_couple,no_65_plus,35_64,85700,3,1
pums_ca_08900_03469,0608900,2018,7,2,100000_124999,2,married_couple,no_65_plus,35_64,120000,2,1
pums_ca_08900_03470,0608900,2018,15,4,60000_74999,4_plus,married_couple,no_65_plus,18_34,71000,4,1
pums_ca_08900_03471,0608900,2018,23,2,75000_99999,2,married_couple,has_65_plus,65_plus,86030,2,1
pums_ca_08900_03472,0608900,2018,9,1,30000_34999,3,nonfamily_living_alone,no_65_plus,35_64,30000,3,4
pums_ca_08900_03473,0608900,2018,19,4,15000_19999,2,other_female_householder,no_65_plus,35_64,17000,2,3
pums_ca_08900_03474,0608900,2018,4,2,50000_59999,2,nonfamily_not_living_alone,no_65_plus,35_64,59600,2,7
pums_ca_08900_03475,0608900,2018,9,1,100000_124999,1,nonfamily_living_alone,no_65_plus,35_64,100000,1,4
pums_ca_08900_03476,0608900,2018,9,2,100000_124999,2,married_couple,no_65_plus,18_34,120000,2,1
pums_ca_08900_03477,0608900,2018,12,2,60000_74999,4_plus,married_couple,has_65_plus,65_plus,70500,4,1
pums_ca_08900_03478,0608900,2018,15,2,35000_39999,3,married_couple,has_65_plus,65_plus,35300,3,1
pums_ca_08900_03479,0608900,2018,19,3,50000_59999,1,other_female_householder,no_65_plus,35_64,52000,1,3
pums_ca_08900_03480,0608900,2018,45,1,10000_14999,0,nonfamily_living_alone,no_65_plus,35_64,11400,0,4
pums_ca_08900_03481,0608900,2018,50,3,45000_49999,1,other_female_householder,no_65_plus,35_64,49800,1,3
pums_ca_08900_03482,0608900,2018,6,1,lt_10000,1,nonfamily_living_alone,no_65_plus,35_64,650,1,4
pums_ca_08900_03483,0608900,2018,6,2,30000_34999,1,married_couple,has_65_plus,65_plus,34900,1,1
pums_ca_08900_03484,0608900,2018,14,2,150000_199999,3,married_couple,has_65_plus,65_plus,157400,3,1
pums_ca_08900_03485,0608900,2018,18,5,10000_14999,1,married_couple,no_65_plus,35_64,10400,1,1
pums_ca_08900_03486,0608900,2018,12,1,75000_99999,2,nonfamily_not_living_alone,no_65_plus,35_64,95100,2,6
pums_ca_08900_03487,0608900,2018,16,2,40000_44999,2,nonfamily_living_alone,no_65_plus,18_34,41000,2,5
pums_ca_08900_03488,0608900,2018,8,1,10000_14999,2,nonfamily_not_living_alone,no_65_plus,35_64,12000,2,6
pums_ca_08900_03489,0608900,2018,12,2,100000_124999,3,married_couple,no_65_plus,35_64,113500,3,1
pums_ca_08900_03490,0608900,2018,9,2,75000_99999,2,married_couple,has_65_plus,65_plus,84900,2,1
pums_ca_08900_03491,0608900,2018,4,2,20000_24999,0,other_male_householder,has_65_plus,65_plus,24600,0,2
pums_ca_08900_03492,0608900,2018,14,2,60000_74999,2,nonfamily_not_living_alone,no_65_plus,18_34,60000,2,7
pums_ca_08900_03493,0608900,2018,9,1,75000_99999,2,nonfamily_not_living_alone,no_65_plus,35_64,88000,2,6
pums_ca_08900_03494,0608900,2018,68,4,40000_44999,3,married_couple,no_65_plus,35_64,44500,3,1
pums_ca_08900_03495,0608900,2018,17,1,60000_74999,2,nonfamily_living_alone,no_65_plus,35_64,65040,2,4
pums_ca_08900_03496,0608900,2018,36,1,10000_14999,0,nonfamily_not_living_alone,no_65_plus,35_64,11000,0,6
pums_ca_08900_03497,0608900,2018,14,1,30000_34999,1,nonfamily_living_alone,has_65_plus,65_plus,33400,1,4
pums_ca_08900_03498,0608900,2018,13,1,15000_19999,1,nonfamily_not_living_alone,no_65_plus,18_34,16000,1,6
pums_ca_08900_03499,0608900,2018,17,2,50000_59999,1,nonfamily_not_living_alone,no_65_plus,18_34,53000,1,7
pums_ca_08900_03500,0608900,2018,13,3,100000_124999,1,other_male_householder,no_65_plus,35_64,111730,1,2
pums_ca_08900_03501,0608900,2018,11,2,lt_10000,2,married_couple,no_65_plus,35_64,0,2,1
pums_ca_08900_03502,0608900,2018,15,3,50000_59999,2,other_female_householder,no_65_plus,35_64,56000,2,3
pums_ca_08900_03503,0608900,2018,15,2,125000_149999,2,married_couple,no_65_plus,35_64,144000,2,1
pums_ca_08900_03504,0608900,2018,10,1,100000_124999,1,nonfamily_not_living_alone,no_65_plus,35_64,124000,1,6
pums_ca_08900_03505,0608900,2018,14,1,45000_49999,2,nonfamily_living_alone,has_65_plus,65_plus,48200,2,4
pums_ca_08900_03506,0608900,2018,8,4,200000_plus,3,other_female_householder,has_65_plus,65_plus,236100,3,3
pums_ca_08900_03507,0608900,2018,13,5,150000_199999,4_plus,married_couple,no_65_plus,35_64,185000,4,1
pums_ca_08900_03508,0608900,2018,50,1,20000_24999,2,nonfamily_living_alone,no_65_plus,35_64,20000,2,4
pums_ca_08900_03509,0608900,2018,7,2,50000_59999,2,married_couple,has_65_plus,65_plus,51400,2,1
pums_ca_08900_03510,0608900,2018,14,2,20000_24999,0,married_couple,has_65_plus,65_plus,22700,0,1
pums_ca_08900_03511,0608900,2018,7,2,200000_plus,3,married_couple,no_65_plus,35_64,200000,3,1
pums_ca_08900_03512,0608900,2018,12,4,75000_99999,2,married_couple,no_65_plus,35_64,84300,2,1
pums_ca_08900_03513,0608900,2018,11,3,20000_24999,1,other_female_householder,no_65_plus,18_34,23000,1,3
pums_ca_08900_03514,0608900,2018,16,1,10000_14999,1,nonfamily_living_alone,no_65_plus,35_64,12000,1,4
pums_ca_08900_03515,0608900,2018,30,2,60000_74999,3,married_couple,has_65_plus,65_plus,65000,3,1
pums_ca_08900_03516,0608900,2018,9,2,200000_plus,4_plus,married_couple,has_65_plus,65_plus,269000,4,1
pums_ca_08900_03517,0608900,2018,12,1,15000_19999,1,nonfamily_living_alone,no_65_plus,35_64,18600,1,4
pums_ca_08900_03518,0608900,2018,14,1,lt_10000,1,nonfamily_not_living_alone,has_65_plus,65_plus,3900,1,6
pums_ca_08900_03519,0608900,2018,7,3,75000_99999,2,married_couple,no_65_plus,35_64,99000,2,1
pums_ca_08900_03520,0608900,2018,10,2,50000_59999,1,married_couple,has_65_plus,65_plus,57700,1,1
pums_ca_08900_03521,0608900,2018,52,1,35000_39999,4_plus,nonfamily_living_alone,has_65_plus,65_plus,35000,5,4
pums_ca_08900_03522,0608900,2018,16,4,75000_99999,3,married_couple,no_65_plus,35_64,89000,3,1
pums_ca_08900_03523,0608900,2018,30,1,lt_10000,1,nonfamily_not_living_alone,has_65_plus,65_plus,7200,1,6
pums_ca_08900_03524,0608900,2018,6,2,200000_plus,2,married_couple,has_65_plus,65_plus,388300,2,1
pums_ca_08900_03525,0608900,2018,15,3,75000_99999,2,married_couple,no_65_plus,35_64,85200,2,1
pums_ca_08900_03526,0608900,2018,6,1,60000_74999,1,nonfamily_living_alone,has_65_plus,65_plus,69400,1,4
pums_ca_08900_03527,0608900,2018,6,3,lt_10000,1,other_male_householder,no_65_plus,35_64,6000,1,2
pums_ca_08900_03528,0608900,2018,1,2,60000_74999,2,married_couple,has_65_plus,65_plus,61100,2,1
pums_ca_08900_03529,0608900,2018,12,3,60000_74999,3,married_couple,no_65_plus,35_64,63000,3,1
pums_ca_08900_03530,0608900,2018,3,1,30000_34999,1,nonfamily_living_alone,no_65_plus,35_64,34400,1,4
pums_ca_08900_03531,0608900,2018,17,2,75000_99999,3,married_couple,no_65_plus,35_64,86000,3,1
pums_ca_08900_03532,0608900,2018,6,2,40000_44999,3,married_couple,no_65_plus,35_64,40000,3,1
pums_ca_08900_03533,0608900,2018,13,2,75000_99999,1,other_female_householder,no_65_plus,35_64,92000,1,3
pums_ca_08900_03534,0608900,2018,5,2,20000_24999,3,married_couple,no_65_plus,35_64,21150,3,1
pums_ca_08900_03535,0608900,2018,7,2,100000_124999,0,married_couple,no_65_plus,35_64,120000,0,1
pums_ca_08900_03536,0608900,2018,7,2,25000_29999,2,other_female_householder,has_65_plus,65_plus,25500,2,3
pums_ca_08900_03537,0608900,2018,4,3,75000_99999,4_plus,other_male_householder,no_65_plus,35_64,88800,4,2
pums_ca_08900_03538,0608900,2018,14,4,30000_34999,4_plus,other_female_householder,no_65_plus,35_64,33300,4,3
pums_ca_08900_03539,0608900,2018,12,2,60000_74999,2,married_couple,has_65_plus,65_plus,64700,2,1
pums_ca_08900_03540,0608900,2018,10,1,75000_99999,2,nonfamily_living_alone,has_65_plus,65_plus,90000,2,4
pums_ca_08900_03541,0608900,2018,11,1,40000_44999,1,nonfamily_not_living_alone,no_65_plus,35_64,40800,1,6
pums_ca_08900_03542,0608900,2018,22,4,45000_49999,1,married_couple,no_65_plus,35_64,47000,1,1
pums_ca_08900_03543,0608900,2018,12,3,75000_99999,4_plus,other_male_householder,has_65_plus,65_plus,92800,5,2
pums_ca_08900_03544,0608900,2018,8,2,60000_74999,2,married_couple,has_65_plus,35_64,70900,2,1
pums_ca_08900_03545,0608900,2018,13,1,60000_74999,1,nonfamily_not_living_alone,no_65_plus,35_64,60000,1,6
pums_ca_08900_03546,0608900,2018,10,4,100000_124999,2,married_couple,no_65_plus,35_64,113200,2,1
pums_ca_08900_03547,0608900,2018,13,3,200000_plus,3,married_couple,no_65_plus,35_64,370000,3,1
pums_ca_08900_03548,0608900,2018,6,2,45000_49999,3,other_male_householder,has_65_plus,35_64,45200,3,2
pums_ca_08900_03549,0608900,2018,3,3,75000_99999,1,other_female_householder,no_65_plus,18_34,75000,1,3
pums_ca_08900_03550,0608900,2018,10,7,100000_124999,2,married_couple,no_65_plus,35_64,113000,2,1
pums_ca_08900_03551,0608900,2018,13,2,100000_124999,2,married_couple,has_65_plus,65_plus,114100,2,1
pums_ca_08900_03552,0608900,2018,13,2,50000_59999,3,married_couple,has_65_plus,65_plus,53300,3,1
pums_ca_08900_03553,0608900,2018,10,2,100000_124999,2,married_couple,no_65_plus,18_34,103000,2,1
pums_ca_08900_03554,0608900,2018,10,2,75000_99999,3,married_couple,has_65_plus,65_plus,89100,3,1
pums_ca_08900_03555,0608900,2018,14,2,50000_59999,1,other_female_householder,has_65_plus,65_plus,51500,1,3
pums_ca_08900_03556,0608900,2018,14,2,15000_19999,3,married_couple,has_65_plus,65_plus,17600,3,1
pums_ca_08900_03557,0608900,2018,11,2,40000_44999,2,married_couple,has_65_plus,65_plus,43260,2,1
pums_ca_08900_03558,0608900,2018,15,3,75000_99999,1,nonfamily_living_alone,has_65_plus,65_plus,76800,1,5
pums_ca_08900_03559,0608900,2018,15,2,75000_99999,2,married_couple,has_65_plus,65_plus,82700,2,1
pums_ca_08900_03560,0608900,2018,13,2,100000_124999,3,married_couple,has_65_plus,65_plus,116600,3,1
pums_ca_08900_03561,0608900,2018,19,2,45000_49999,2,married_couple,has_65_plus,65_plus,47600,2,1
pums_ca_08900_03562,0608900,2018,5,1,50000_59999,1,nonfamily_not_living_alone,has_65_plus,65_plus,52000,1,6
pums_ca_08900_03563,0608900,2018,41,1,lt_10000,2,nonfamily_living_alone,has_65_plus,65_plus,2000,2,4
pums_ca_08900_03564,0608900,2018,11,5,75000_99999,4_plus,married_couple,no_65_plus,35_64,97700,5,1
pums_ca_08900_03565,0608900,2018,14,1,40000_44999,2,nonfamily_living_alone,has_65_plus,65_plus,42500,2,4
pums_ca_08900_03566,0608900,2018,15,3,50000_59999,3,married_couple,has_65_plus,35_64,53300,3,1
pums_ca_08900_03567,0608900,2018,60,1,10000_14999,1,nonfamily_not_living_alone,no_65_plus,18_34,10000,1,6
pums_ca_08900_03568,0608900,2018,12,1,10000_14999,1,nonfamily_not_living_alone,has_65_plus,65_plus,12500,1,6
pums_ca_08900_03569,0608900,2018,10,1,15000_19999,3,nonfamily_living_alone,has_65_plus,65_plus,18000,3,4
pums_ca_08900_03570,0608900,2018,2,2,25000_29999,1,married_couple,no_65_plus,35_64,26800,1,1
pums_ca_08900_03571,0608900,2018,6,3,100000_124999,3,other_female_householder,has_65_plus,65_plus,112000,3,3
pums_ca_08900_03572,0608900,2018,9,1,20000_24999,1,nonfamily_not_living_alone,has_65_plus,65_plus,20590,1,6
pums_ca_08900_03573,0608900,2018,12,2,75000_99999,2,married_couple,has_65_plus,65_plus,81600,2,1
pums_ca_08900_03574,0608900,2018,10,4,75000_99999,4_plus,other_male_householder,has_65_plus,35_64,80600,4,2
pums_ca_08900_03575,0608900,2018,20,6,125000_149999,3,other_female_householder,has_65_plus,35_64,133800,3,3
pums_ca_08900_03576,0608900,2018,23,1,35000_39999,1,nonfamily_not_living_alone,no_65_plus,18_34,35000,1,6
pums_ca_08900_03577,0608900,2018,14,2,10000_14999,1,nonfamily_not_living_alone,has_65_plus,65_plus,14400,1,7
pums_ca_08900_03578,0608900,2018,5,2,100000_124999,3,married_couple,has_65_plus,65_plus,106400,3,1
pums_ca_08900_03579,0608900,2018,9,4,100000_124999,3,married_couple,no_65_plus,35_64,121000,3,1
pums_ca_08900_03580,0608900,2018,14,1,15000_19999,0,nonfamily_not_living_alone,has_65_plus,65_plus,16800,0,6
pums_ca_08900_03581,0608900,2018,32,1,lt_10000,1,nonfamily_not_living_alone,no_65_plus,35_64,0,1,6
pums_ca_08900_03582,0608900,2018,14,5,100000_124999,2,married_couple,no_65_plus,18_34,112000,2,1
pums_ca_08900_03583,0608900,2018,13,1,25000_29999,2,nonfamily_living_alone,has_65_plus,65_plus,29500,2,4
pums_ca_08900_03584,0608900,2018,7,3,15000_19999,2,married_couple,has_65_plus,65_plus,17300,2,1
pums_ca_08900_03585,0608900,2018,14,5,150000_199999,4_plus,married_couple,no_65_plus,35_64,189200,4,1
pums_ca_08900_03586,0608900,2018,13,1,15000_19999,3,nonfamily_not_living_alone,no_65_plus,35_64,17900,3,6
pums_ca_08900_03587,0608900,2018,12,2,30000_34999,2,married_couple,has_65_plus,65_plus,33300,2,1
pums_ca_08900_03588,0608900,2018,21,1,20000_24999,1,nonfamily_living_alone,has_65_plus,65_plus,21200,1,4
pums_ca_08900_03589,0608900,2018,17,1,100000_124999,1,nonfamily_living_alone,has_65_plus,65_plus,104000,1,4
pums_ca_08900_03590,0608900,2018,16,1,25000_29999,1,nonfamily_not_living_alone,has_65_plus,65_plus,25600,1,6
pums_ca_08900_03591,0608900,2018,15,2,45000_49999,1,married_couple,no_65_plus,18_34,49000,1,1
pums_ca_08900_03592,0608900,2018,10,4,125000_149999,3,married_couple,no_65_plus,35_64,129000,3,1
pums_ca_08900_03593,0608900,2018,16,4,45000_49999,2,married_couple,no_65_plus,35_64,45000,2,1
pums_ca_08900_03594,0608900,2018,7,2,30000_34999,1,married_couple,has_65_plus,65_plus,30700,1,1
pums_ca_08900_03595,0608900,2018,25,2,35000_39999,2,married_couple,has_65_plus,65_plus,35960,2,1
pums_ca_08900_03596,0608900,2018,13,2,60000_74999,2,married_couple,has_65_plus,65_plus,69300,2,1
pums_ca_08900_03597,0608900,2018,6,2,10000_14999,1,other_female_householder,no_65_plus,35_64,10800,1,3
pums_ca_08900_03598,0608900,2018,23,3,150000_199999,4_plus,married_couple,no_65_plus,35_64,158500,4,1
pums_ca_08900_03599,0608900,2018,34,4,50000_59999,3,married_couple,no_65_plus,18_34,58000,3,1
pums_ca_08900_03600,0608900,2018,7,1,200000_plus,1,nonfamily_living_alone,no_65_plus,35_64,242000,1,4
pums_ca_08900_03601,0608900,2018,11,2,75000_99999,2,other_male_householder,has_65_plus,65_plus,77000,2,2
pums_ca_08900_03602,0608900,2018,21,2,125000_149999,4_plus,married_couple,has_65_plus,65_plus,131400,4,1
pums_ca_08900_03603,0608900,2018,12,3,200000_plus,3,married_couple,has_65_plus,35_64,244780,3,1
pums_ca_08900_03604,0608900,2018,9,2,60000_74999,2,married_couple,has_65_plus,65_plus,63800,2,1
pums_ca_08900_03605,0608900,2018,9,3,150000_199999,2,married_couple,no_65_plus,35_64,179200,2,1
pums_ca_08900_03606,0608900,2018,9,4,200000_plus,3,married_couple,no_65_plus,35_64,336000,3,1
pums_ca_08900_03607,0608900,2018,16,4,100000_124999,2,married_couple,no_65_plus,18_34,110000,2,1
pums_ca_08900_03608,0608900,2018,4,3,75000_99999,3,married_couple,no_65_plus,35_64,77260,3,1
pums_ca_08900_03609,0608900,2018,15,4,50000_59999,3,other_male_householder,no_65_plus,18_34,57900,3,2
pums_ca_08900_03610,0608900,2018,19,1,45000_49999,0,nonfamily_not_living_alone,has_65_plus,65_plus,47200,0,6
pums_ca_08900_03611,0608900,2018,16,3,20000_24999,3,nonfamily_not_living_alone,no_65_plus,18_34,24000,3,7
pums_ca_08900_03612,0608900,2018,37,3,15000_19999,2,other_female_householder,has_65_plus,65_plus,16800,2,3
pums_ca_08900_03613,0608900,2018,41,2,60000_74999,1,married_couple,no_65_plus,35_64,60000,1,1
pums_ca_08900_03614,0608900,2018,10,1,60000_74999,0,nonfamily_not_living_alone,has_65_plus,65_plus,62000,0,6
pums_ca_08900_03615,0608900,2018,29,4,45000_49999,3,other_male_householder,no_65_plus,35_64,45400,3,2
pums_ca_08900_03616,0608900,2018,14,2,60000_74999,2,married_couple,no_65_plus,35_64,69600,2,1
pums_ca_08900_03617,0608900,2018,9,2,50000_59999,3,married_couple,has_65_plus,65_plus,53800,3,1
pums_ca_08900_03618,0608900,2018,49,3,100000_124999,2,other_male_householder,no_65_plus,35_64,111000,2,2
pums_ca_08900_03619,0608900,2018,12,2,60000_74999,2,married_couple,has_65_plus,65_plus,69600,2,1
pums_ca_08900_03620,0608900,2018,17,2,200000_plus,2,married_couple,has_65_plus,65_plus,408000,2,1
pums_ca_08900_03621,0608900,2018,21,4,200000_plus,2,married_couple,no_65_plus,35_64,200000,2,1
pums_ca_08900_03622,0608900,2018,10,4,35000_39999,3,married_couple,no_65_plus,35_64,35300,3,1
pums_ca_08900_03623,0608900,2018,12,1,10000_14999,0,nonfamily_not_living_alone,has_65_plus,65_plus,10600,0,6
pums_ca_08900_03624,0608900,2018,13,4,20000_24999,3,married_couple,no_65_plus,35_64,24000,3,1
pums_ca_08900_03625,0608900,2018,16,4,100000_124999,3,married_couple,no_65_plus,35_64,117000,3,1
pums_ca_08900_03626,0608900,2018,17,2,lt_10000,1,married_couple,no_65_plus,35_64,3400,1,1
pums_ca_08900_03627,0608900,2018,12,1,15000_19999,1,nonfamily_living_alone,no_65_plus,35_64,19000,1,4
pums_ca_08900_03628,0608900,2018,14,1,10000_14999,1,nonfamily_not_living_alone,no_65_plus,35_64,13000,1,6
pums_ca_08900_03629,0608900,2018,8,1,35000_39999,1,nonfamily_living_alone,has_65_plus,65_plus,35300,1,4
pums_ca_08900_03630,0608900,2018,15,2,75000_99999,2,married_couple,has_65_plus,65_plus,76300,2,1
pums_ca_08900_03631,0608900,2018,13,2,75000_99999,3,married_couple,has_65_plus,65_plus,97500,3,1
pums_ca_08900_03632,0608900,2018,7,1,30000_34999,1,nonfamily_not_living_alone,has_65_plus,65_plus,30300,1,6
pums_ca_08900_03633,0608900,2018,15,3,60000_74999,2,married_couple,no_65_plus,18_34,67400,2,1
pums_ca_08900_03634,0608900,2018,31,4,150000_199999,3,married_couple,no_65_plus,35_64,165000,3,1
pums_ca_08900_03635,0608900,2018,10,3,30000_34999,2,other_male_householder,no_65_plus,18_34,32600,2,2
pums_ca_08900_03636,0608900,2018,24,4,75000_99999,4_plus,married_couple,no_65_plus,35_64,92000,4,1
pums_ca_08900_03637,0608900,2018,24,2,15000_19999,2,married_couple,no_65_plus,35_64,18000,2,1
pums_ca_08900_03638,0608900,2018,21,1,25000_29999,2,nonfamily_not_living_alone,no_65_plus,35_64,25000,2,6
pums_ca_08900_03639,0608900,2018,23,2,25000_29999,2,married_couple,has_65_plus,65_plus,27040,2,1
pums_ca_08900_03640,0608900,2018,7,2,125000_149999,3,married_couple,no_65_plus,35_64,142000,3,1
pums_ca_08900_03641,0608900,2018,10,2,30000_34999,1,married_couple,has_65_plus,65_plus,31200,1,1
pums_ca_08900_03642,0608900,2018,9,2,75000_99999,2,married_couple,has_65_plus,35_64,92700,2,1
pums_ca_08900_03643,0608900,2018,11,2,45000_49999,3,married_couple,has_65_plus,65_plus,48500,3,1
pums_ca_08900_03644,0608900,2018,13,3,125000_149999,3,married_couple,no_65_plus,35_64,127000,3,1
pums_ca_08900_03645,0608900,2018,12,4,30000_34999,2,married_couple,no_65_plus,35_64,30000,2,1
pums_ca_08900_03646,0608900,2018,24,2,125000_149999,3,married_couple,no_65_plus,35_64,138500,3,1
pums_ca_08900_03647,0608900,2018,6,2,50000_59999,2,other_male_householder,no_65_plus,35_64,52000,2,2
pums_ca_08900_03648,0608900,2018,11,2,125000_149999,2,married_couple,no_65_plus,35_64,128000,2,1
pums_ca_08900_03649,0608900,2018,6,1,10000_14999,1,nonfamily_not_living_alone,has_65_plus,65_plus,12000,1,6
pums_ca_08900_03650,0608900,2018,8,1,60000_74999,1,nonfamily_not_living_alone,has_65_plus,65_plus,68000,1,6
pums_ca_08900_03651,0608900,2018,12,3,200000_plus,4_plus,married_couple,no_65_plus,35_64,268500,6,1
pums_ca_08900_03652,0608900,2018,13,3,20000_24999,2,nonfamily_living_alone,no_65_plus,18_34,22200,2,5
pums_ca_08900_03653,0608900,2018,6,2,150000_199999,3,nonfamily_not_living_alone,no_65_plus,35_64,172000,3,7
pums_ca_08900_03654,0608900,2018,14,4,100000_124999,3,other_female_householder,has_65_plus,65_plus,101100,3,3
pums_ca_08900_03655,0608900,2018,10,1,lt_10000,1,nonfamily_living_alone,no_65_plus,35_64,7800,1,4
pums_ca_08900_03656,0608900,2018,18,2,45000_49999,1,other_female_householder,has_65_plus,35_64,48900,1,3
pums_ca_08900_03657,0608900,2018,34,1,lt_10000,1,nonfamily_not_living_alone,has_65_plus,65_plus,0,1,6
pums_ca_08900_03658,0608900,2018,33,3,100000_124999,3,married_couple,no_65_plus,18_34,109100,3,1
pums_ca_08900_03659,0608900,2018,16,3,100000_124999,3,married_couple,no_65_plus,18_34,102700,3,1
pums_ca_08900_03660,0608900,2018,11,4,50000_59999,4_plus,married_couple,no_65_plus,35_64,52000,4,1
pums_ca_08900_03661,0608900,2018,50,1,40000_44999,1,nonfamily_living_alone,has_65_plus,65_plus,40000,1,4
pums_ca_08900_03662,0608900,2018,14,1,lt_10000,1,nonfamily_not_living_alone,has_65_plus,65_plus,1300,1,6
pums_ca_08900_03663,0608900,2018,20,2,50000_59999,2,married_couple,no_65_plus,35_64,50000,2,1
pums_ca_08900_03664,0608900,2018,16,2,50000_59999,1,married_couple,has_65_plus,65_plus,52100,1,1
pums_ca_08900_03665,0608900,2018,44,3,60000_74999,1,other_female_householder,has_65_plus,35_64,73300,1,3
pums_ca_08900_03666,0608900,2018,15,5,75000_99999,3,married_couple,no_65_plus,35_64,85000,3,1
pums_ca_08900_03667,0608900,2018,11,1,15000_19999,0,nonfamily_not_living_alone,has_65_plus,65_plus,17100,0,6
pums_ca_08900_03668,0608900,2018,36,2,100000_124999,2,other_female_householder,no_65_plus,35_64,118000,2,3
pums_ca_08900_03669,0608900,2018,7,1,10000_14999,1,nonfamily_living_alone,has_65_plus,65_plus,11000,1,4
pums_ca_08900_03670,0608900,2018,11,2,35000_39999,2,married_couple,has_65_plus,65_plus,36100,2,1
pums_ca_08900_03671,0608900,2018,42,2,40000_44999,2,other_female_householder,has_65_plus,35_64,40600,2,3
pums_ca_08900_03672,0608900,2018,14,1,40000_44999,3,nonfamily_living_alone,has_65_plus,65_plus,44020,3,4
pums_ca_08900_03673,0608900,2018,19,2,150000_199999,2,married_couple,has_65_plus,65_plus,150500,2,1
pums_ca_08900_03674,0608900,2018,14,2,45000_49999,2,married_couple,no_65_plus,35_64,46200,2,1
pums_ca_08900_03675,0608900,2018,5,3,100000_124999,3,married_couple,has_65_plus,65_plus,106600,3,1
pums_ca_08900_03676,0608900,2018,21,2,150000_199999,2,married_couple,no_65_plus,35_64,155000,2,1
pums_ca_08900_03677,0608900,2018,3,5,10000_14999,2,married_couple,no_65_plus,35_64,10500,2,1
pums_ca_08900_03678,0608900,2018,3,2,75000_99999,3,married_couple,no_65_plus,35_64,89000,3,1
pums_ca_08900_03679,0608900,2018,6,4,200000_plus,0,married_couple,no_65_plus,35_64,249000,0,1
pums_ca_08900_03680,0608900,2018,11,2,50000_59999,2,married_couple,no_65_plus,35_64,59000,2,1
pums_ca_08900_03681,0608900,2018,6,2,60000_74999,2,married_couple,has_65_plus,65_plus,64000,2,1
pums_ca_08900_03682,0608900,2018,24,1,lt_10000,1,nonfamily_not_living_alone,no_65_plus,35_64,1600,1,6
pums_ca_08900_03683,0608900,2018,18,2,125000_149999,2,married_couple,has_65_plus,65_plus,128600,2,1
pums_ca_08900_03684,0608900,2018,18,1,60000_74999,1,nonfamily_living_alone,no_65_plus,35_64,60000,1,4
pums_ca_08900_03685,0608900,2018,7,2,30000_34999,1,married_couple,has_65_plus,65_plus,32750,1,1
pums_ca_08900_03686,0608900,2018,12,2,200000_plus,2,married_couple,no_65_plus,35_64,205250,2,1
pums_ca_08900_03687,0608900,2018,24,1,25000_29999,0,nonfamily_living_alone,no_65_plus,35_64,25000,0,4
pums_ca_08900_03688,0608900,2018,16,2,100000_124999,2,married_couple,has_65_plus,65_plus,112600,2,1
pums_ca_08900_03689,0608900,2018,8,2,10000_14999,2,nonfamily_not_living_alone,no_65_plus,35_64,13900,2,7
pums_ca_08900_03690,0608900,2018,34,2,60000_74999,2,married_couple,has_65_plus,65_plus,72900,2,1
pums_ca_08900_03691,0608900,2018,12,3,75000_99999,3,other_female_householder,has_65_plus,65_plus,80300,3,3
pums_ca_08900_03692,0608900,2018,22,3,20000_24999,0,married_couple,no_65_plus,18_34,20600,0,1
pums_ca_08900_03693,0608900,2018,5,4,75000_99999,4_plus,married_couple,has_65_plus,65_plus,76800,4,1
pums_ca_08900_03694,0608900,2018,14,2,50000_59999,2,married_couple,has_65_plus,65_plus,54000,2,1
pums_ca_08900_03695,0608900,2018,16,5,25000_29999,1,other_female_householder,no_65_plus,18_34,29600,1,3
pums_ca_08900_03696,0608900,2018,15,2,40000_44999,2,married_couple,has_65_plus,65_plus,43200,2,1
pums_ca_08900_03697,0608900,2018,47,1,15000_19999,1,nonfamily_living_alone,has_65_plus,65_plus,15600,1,4
pums_ca_08900_03698,0608900,2018,7,2,50000_59999,2,married_couple,has_65_plus,65_plus,50500,2,1
pums_ca_08900_03699,0608900,2018,7,1,15000_19999,1,nonfamily_not_living_alone,no_65_plus,35_64,16500,1,6
pums_ca_08900_03700,0608900,2018,12,1,10000_14999,2,nonfamily_not_living_alone,no_65_plus,35_64,12190,2,6
pums_ca_08900_03701,0608900,2018,10,2,25000_29999,2,married_couple,has_65_plus,65_plus,29500,2,1
pums_ca_08900_03702,0608900,2018,16,2,125000_149999,3,married_couple,has_65_plus,65_plus,125700,3,1
pums_ca_08900_03703,0608900,2018,14,6,50000_59999,3,other_female_householder,no_65_plus,35_64,52400,3,3
pums_ca_08900_03704,0608900,2018,15,3,125000_149999,1,married_couple,no_65_plus,35_64,149100,1,1
pums_ca_08900_03705,0608900,2018,5,1,35000_39999,3,nonfamily_not_living_alone,has_65_plus,65_plus,36000,3,6
pums_ca_08900_03706,0608900,2018,10,1,25000_29999,1,nonfamily_living_alone,has_65_plus,65_plus,26250,1,4
pums_ca_08900_03707,0608900,2018,14,1,75000_99999,1,nonfamily_not_living_alone,has_65_plus,65_plus,95000,1,6
pums_ca_08900_03708,0608900,2018,12,2,100000_124999,2,married_couple,has_65_plus,65_plus,114930,2,1
pums_ca_08900_03709,0608900,2018,9,1,50000_59999,1,nonfamily_not_living_alone,has_65_plus,65_plus,50900,1,6
pums_ca_08900_03710,0608900,2018,15,3,60000_74999,3,nonfamily_not_living_alone,no_65_plus,35_64,68410,3,7
pums_ca_08900_03711,0608900,2018,4,2,100000_124999,4_plus,married_couple,has_65_plus,65_plus,120700,6,1
pums_ca_08900_03712,0608900,2018,24,2,35000_39999,1,other_male_householder,has_65_plus,65_plus,37100,1,2
pums_ca_08900_03713,0608900,2018,13,2,75000_99999,3,other_female_householder,has_65_plus,35_64,97300,3,3
pums_ca_08900_03714,0608900,2018,3,1,lt_10000,3,nonfamily_living_alone,no_65_plus,35_64,6600,3,4
pums_ca_08900_03715,0608900,2018,15,1,40000_44999,1,nonfamily_living_alone,has_65_plus,65_plus,43400,1,4
pums_ca_08900_03716,0608900,2018,32,1,lt_10000,1,nonfamily_not_living_alone,no_65_plus,35_64,1900,1,6
pums_ca_08900_03717,0608900,2018,20,2,50000_59999,1,other_female_householder,no_65_plus,18_34,57000,1,3
pums_ca_08900_03718,0608900,2018,61,2,60000_74999,3,married_couple,no_65_plus,35_64,64000,3,1
pums_ca_08900_03719,0608900,2018,14,3,200000_plus,2,married_couple,no_65_plus,35_64,262500,2,1
pums_ca_08900_03720,0608900,2018,10,2,35000_39999,2,married_couple,has_65_plus,65_plus,37400,2,1
pums_ca_08900_03721,0608900,2018,19,1,200000_plus,1,nonfamily_living_alone,no_65_plus,35_64,372000,1,4
pums_ca_08900_03722,0608900,2018,42,3,75000_99999,2,other_male_householder,no_65_plus,18_34,93800,2,2
pums_ca_08900_03723,0608900,2018,11,2,75000_99999,2,married_couple,has_65_plus,65_plus,88000,2,1
pums_ca_08900_03724,0608900,2018,8,2,45000_49999,2,married_couple,has_65_plus,65_plus,49900,2,1
pums_ca_08900_03725,0608900,2018,17,3,10000_14999,0,married_couple,no_65_plus,18_34,14400,0,1
pums_ca_08900_03726,0608900,2018,22,2,75000_99999,4_plus,married_couple,has_65_plus,65_plus,98700,4,1
pums_ca_08900_03727,0608900,2018,11,1,lt_10000,0,nonfamily_living_alone,no_65_plus,35_64,5500,0,4
pums_ca_08900_03728,0608900,2018,13,5,30000_34999,3,married_couple,no_65_plus,18_34,34200,3,1
pums_ca_08900_03729,0608900,2018,3,1,20000_24999,1,nonfamily_not_living_alone,no_65_plus,35_64,23000,1,6
pums_ca_08900_03730,0608900,2018,17,2,25000_29999,1,other_female_householder,has_65_plus,65_plus,29000,1,3
pums_ca_08900_03731,0608900,2018,10,2,150000_199999,2,married_couple,no_65_plus,35_64,150000,2,1
pums_ca_08900_03732,0608900,2018,13,4,75000_99999,3,married_couple,no_65_plus,35_64,84900,3,1
pums_ca_08900_03733,0608900,2018,19,2,40000_44999,1,other_female_householder,has_65_plus,65_plus,40400,1,3
pums_ca_08900_03734,0608900,2018,22,1,10000_14999,1,nonfamily_not_living_alone,has_65_plus,65_plus,11600,1,6
pums_ca_08900_03735,0608900,2018,9,2,25000_29999,2,other_male_householder,has_65_plus,65_plus,27600,2,2
pums_ca_08900_03736,0608900,2018,15,1,10000_14999,1,nonfamily_not_living_alone,no_65_plus,35_64,14000,1,6
pums_ca_08900_03737,0608900,2018,2,3,50000_59999,2,other_male_householder,has_65_plus,65_plus,57600,2,2
pums_ca_08900_03738,0608900,2018,26,1,75000_99999,1,nonfamily_living_alone,has_65_plus,65_plus,99900,1,4
pums_ca_08900_03739,0608900,2018,12,1,60000_74999,1,nonfamily_living_alone,no_65_plus,35_64,66000,1,4
pums_ca_08900_03740,0608900,2018,13,1,20000_24999,2,nonfamily_living_alone,no_65_plus,35_64,24000,2,4
pums_ca_08900_03741,0608900,2018,9,2,150000_199999,2,married_couple,no_65_plus,35_64,151000,2,1
pums_ca_08900_03742,0608900,2018,29,7,100000_124999,4_plus,other_female_householder,has_65_plus,65_plus,114600,4,3
pums_ca_08900_03743,0608900,2018,14,2,30000_34999,2,nonfamily_living_alone,no_65_plus,35_64,31000,2,5
pums_ca_08900_03744,0608900,2018,13,2,45000_49999,4_plus,married_couple,no_65_plus,35_64,48100,4,1
pums_ca_08900_03745,0608900,2018,14,1,50000_59999,3,nonfamily_living_alone,has_65_plus,65_plus,54600,3,4
pums_ca_08900_03746,0608900,2018,19,2,35000_39999,1,married_couple,has_65_plus,65_plus,39300,1,1
pums_ca_08900_03747,0608900,2018,5,2,100000_124999,3,nonfamily_living_alone,no_65_plus,35_64,101500,3,5
pums_ca_08900_03748,0608900,2018,9,1,45000_49999,2,nonfamily_living_alone,no_65_plus,18_34,47000,2,4
pums_ca_08900_03749,0608900,2018,37,3,20000_24999,1,other_female_householder,no_65_plus,35_64,21300,1,3
pums_ca_08900_03750,0608900,2018,20,4,15000_19999,1,married_couple,no_65_plus,18_34,18000,1,1
pums_ca_08900_03751,0608900,2018,13,3,10000_14999,0,married_couple,has_65_plus,65_plus,10100,0,1
pums_ca_08900_03752,0608900,2018,17,2,50000_59999,4_plus,married_couple,has_65_plus,65_plus,54100,4,1
pums_ca_08900_03753,0608900,2018,11,2,150000_199999,2,married_couple,no_65_plus,18_34,151400,2,1
pums_ca_08900_03754,0608900,2018,16,1,35000_39999,4_plus,nonfamily_living_alone,has_65_plus,65_plus,37700,4,4
pums_ca_08900_03755,0608900,2018,15,1,lt_10000,2,nonfamily_living_alone,no_65_plus,35_64,1800,2,4
pums_ca_08900_03756,0608900,2018,16,7,150000_199999,3,married_couple,has_65_plus,65_plus,162900,3,1
pums_ca_08900_03757,0608900,2018,15,2,20000_24999,1,other_female_householder,has_65_plus,65_plus,24000,1,3
pums_ca_08900_03758,0608900,2018,15,2,15000_19999,1,married_couple,has_65_plus,65_plus,18200,1,1
pums_ca_08900_03759,0608900,2018,17,3,75000_99999,3,other_female_householder,has_65_plus,35_64,94300,3,3
pums_ca_08900_03760,0608900,2018,30,3,100000_124999,1,other_male_householder,no_65_plus,35_64,115000,1,2
pums_ca_08900_03761,0608900,2018,20,1,10000_14999,1,nonfamily_not_living_alone,no_65_plus,35_64,13600,1,6
pums_ca_08900_03762,0608900,2018,20,5,60000_74999,3,other_female_householder,has_65_plus,35_64,65700,3,3
pums_ca_08900_03763,0608900,2018,19,1,10000_14999,2,nonfamily_not_living_alone,has_65_plus,65_plus,11000,2,6
pums_ca_08900_03764,0608900,2018,22,2,15000_19999,1,married_couple,has_65_plus,65_plus,16400,1,1
pums_ca_08900_03765,0608900,2018,11,2,lt_10000,3,married_couple,has_65_plus,35_64,9900,3,1
pums_ca_08900_03766,0608900,2018,4,2,125000_149999,0,married_couple,no_65_plus,35_64,136240,0,1
pums_ca_08900_03767,0608900,2018,25,5,40000_44999,2,married_couple,no_65_plus,35_64,40400,2,1
pums_ca_08900_03768,0608900,2018,20,2,45000_49999,3,married_couple,has_65_plus,65_plus,47900,3,1
pums_ca_08900_03769,0608900,2018,4,2,125000_149999,4_plus,married_couple,has_65_plus,65_plus,148200,4,1
pums_ca_08900_03770,0608900,2018,12,6,60000_74999,2,married_couple,no_65_plus,35_64,71900,2,1
pums_ca_08900_03771,0608900,2018,3,2,75000_99999,2,married_couple,has_65_plus,65_plus,91400,2,1
pums_ca_08900_03772,0608900,2018,5,1,10000_14999,1,nonfamily_living_alone,no_65_plus,35_64,13000,1,4
pums_ca_08900_03773,0608900,2018,9,2,200000_plus,3,married_couple,no_65_plus,35_64,231200,3,1
pums_ca_08900_03774,0608900,2018,19,2,40000_44999,2,married_couple,has_65_plus,65_plus,41900,2,1
pums_ca_08900_03775,0608900,2018,11,2,50000_59999,2,married_couple,has_65_plus,65_plus,55300,2,1
pums_ca_08900_03776,0608900,2018,13,1,30000_34999,1,nonfamily_not_living_alone,has_65_plus,65_plus,31400,1,6
pums_ca_08900_03777,0608900,2018,14,3,100000_124999,2,other_female_householder,no_65_plus,35_64,117300,2,3
pums_ca_08900_03778,0608900,2018,14,2,35000_39999,2,nonfamily_not_living_alone,no_65_plus,35_64,37000,2,7
pums_ca_08900_03779,0608900,2018,12,6,150000_199999,3,other_female_householder,no_65_plus,35_64,180100,3,3
pums_ca_08900_03780,0608900,2018,14,2,125000_149999,3,nonfamily_not_living_alone,no_65_plus,35_64,133800,3,7
pums_ca_08900_03781,0608900,2018,38,3,20000_24999,1,other_female_householder,no_65_plus,18_34,20000,1,3
pums_ca_08900_03782,0608900,2018,14,1,75000_99999,1,nonfamily_living_alone,no_65_plus,35_64,77500,1,4
pums_ca_08900_03783,0608900,2018,7,1,15000_19999,2,nonfamily_not_living_alone,has_65_plus,65_plus,16500,2,6
pums_ca_08900_03784,0608900,2018,15,1,10000_14999,1,nonfamily_not_living_alone,no_65_plus,18_34,10900,1,6
pums_ca_08900_03785,0608900,2018,2,2,30000_34999,2,married_couple,has_65_plus,65_plus,32800,2,1
pums_ca_08900_03786,0608900,2018,2,2,40000_44999,2,married_couple,has_65_plus,65_plus,40500,2,1
pums_ca_08900_03787,0608900,2018,12,4,100000_124999,3,married_couple,no_65_plus,35_64,111000,3,1
pums_ca_08900_03788,0608900,2018,16,4,45000_49999,2,other_female_householder,no_65_plus,18_34,48400,2,3
pums_ca_08900_03789,0608900,2018,13,2,100000_124999,2,other_female_householder,no_65_plus,35_64,110000,2,3
pums_ca_08900_03790,0608900,2018,12,2,60000_74999,3,married_couple,no_65_plus,18_34,74500,3,1
pums_ca_08900_03791,0608900,2018,4,2,150000_199999,4_plus,married_couple,has_65_plus,65_plus,180300,4,1
pums_ca_08900_03792,0608900,2018,14,1,40000_44999,1,nonfamily_not_living_alone,has_65_plus,65_plus,44000,1,6
pums_ca_08900_03793,0608900,2018,18,5,45000_49999,4_plus,nonfamily_living_alone,no_65_plus,18_34,49500,4,5
pums_ca_08900_03794,0608900,2018,13,1,30000_34999,1,nonfamily_not_living_alone,has_65_plus,65_plus,34400,1,6
pums_ca_08900_03795,0608900,2018,7,2,75000_99999,2,married_couple,has_65_plus,35_64,98200,2,1
pums_ca_08900_03796,0608900,2018,19,2,50000_59999,2,married_couple,has_65_plus,65_plus,54500,2,1
pums_ca_08900_03797,0608900,2018,8,2,50000_59999,2,married_couple,has_65_plus,65_plus,50000,2,1
pums_ca_08900_03798,0608900,2018,13,2,60000_74999,2,married_couple,has_65_plus,35_64,63000,2,1
pums_ca_08900_03799,0608900,2018,13,2,75000_99999,3,nonfamily_not_living_alone,has_65_plus,65_plus,87700,3,7
pums_ca_08900_03800,0608900,2018,11,2,45000_49999,2,other_female_householder,no_65_plus,35_64,45000,2,3
pums_ca_08900_03801,0608900,2018,15,2,60000_74999,2,married_couple,has_65_plus,65_plus,64300,2,1
pums_ca_08900_03802,0608900,2018,5,2,10000_14999,1,other_female_householder,no_65_plus,35_64,14100,1,3
pums_ca_08900_03803,0608900,2018,15,2,75000_99999,4_plus,nonfamily_living_alone,no_65_plus,35_64,90600,4,5
pums_ca_08900_03804,0608900,2018,13,2,125000_149999,4_plus,married_couple,has_65_plus,65_plus,134500,5,1
pums_ca_08900_03805,0608900,2018,20,2,100000_124999,4_plus,married_couple,no_65_plus,35_64,118500,4,1
pums_ca_08900_03806,0608900,2018,11,2,20000_24999,1,married_couple,no_65_plus,35_64,24200,1,1
pums_ca_08900_03807,0608900,2018,20,3,30000_34999,2,married_couple,no_65_plus,35_64,30000,2,1
pums_ca_08900_03808,0608900,2018,27,2,100000_124999,2,married_couple,no_65_plus,18_34,110000,2,1
pums_ca_08900_03809,0608900,2018,15,2,200000_plus,3,married_couple,no_65_plus,35_64,265600,3,1
pums_ca_08900_03810,0608900,2018,18,6,200000_plus,4_plus,married_couple,no_65_plus,35_64,203000,6,1
pums_ca_08900_03811,0608900,2018,2,2,45000_49999,2,married_couple,has_65_plus,65_plus,48200,2,1
pums_ca_08900_03812,0608900,2018,64,4,100000_124999,2,other_female_householder,no_65_plus,18_34,115700,2,3
pums_ca_08900_03813,0608900,2018,8,2,75000_99999,2,married_couple,no_65_plus,35_64,95000,2,1
pums_ca_08900_03814,0608900,2018,22,4,125000_149999,2,married_couple,no_65_plus,35_64,135000,2,1
pums_ca_08900_03815,0608900,2018,14,3,50000_59999,2,other_female_householder,no_65_plus,18_34,53000,2,3
pums_ca_08900_03816,0608900,2018,23,3,75000_99999,3,married_couple,no_65_plus,35_64,80000,3,1
pums_ca_08900_03817,0608900,2018,2,1,30000_34999,2,nonfamily_not_living_alone,has_65_plus,65_plus,34500,2,6
pums_ca_08900_03818,0608900,2018,22,2,60000_74999,3,other_female_householder,has_65_plus,35_64,60200,3,3
pums_ca_08900_03819,0608900,2018,13,4,60000_74999,2,married_couple,no_65_plus,35_64,61000,2,1
pums_ca_08900_03820,0608900,2018,5,1,200000_plus,1,nonfamily_not_living_alone,has_65_plus,65_plus,377200,1,6
pums_ca_08900_03821,0608900,2018,3,2,50000_59999,2,married_couple,has_65_plus,65_plus,51900,2,1
pums_ca_08900_03822,0608900,2018,15,1,75000_99999,1,nonfamily_not_living_alone,has_65_plus,65_plus,75100,1,6
pums_ca_08900_03823,0608900,2018,14,3,75000_99999,3,other_female_householder,has_65_plus,65_plus,82000,3,3
pums_ca_08900_03824,0608900,2018,12,1,45000_49999,1,nonfamily_not_living_alone,has_65_plus,65_plus,45000,1,6
pums_ca_08900_03825,0608900,2018,7,2,lt_10000,2,married_couple,has_65_plus,65_plus,850,2,1
pums_ca_08900_03826,0608900,2018,14,3,60000_74999,2,other_male_householder,no_65_plus,35_64,65000,2,2
pums_ca_08900_03827,0608900,2018,37,2,75000_99999,1,married_couple,has_65_plus,65_plus,91000,1,1
pums_ca_08900_03828,0608900,2018,28,2,125000_149999,3,married_couple,no_65_plus,18_34,126000,3,1
pums_ca_08900_03829,0608900,2018,11,2,60000_74999,2,married_couple,no_65_plus,35_64,60000,2,1
pums_ca_08900_03830,0608900,2018,15,8,75000_99999,2,married_couple,no_65_plus,35_64,75000,2,1
pums_ca_08900_03831,0608900,2018,46,2,125000_149999,2,other_male_householder,has_65_plus,35_64,130000,2,2
pums_ca_08900_03832,0608900,2018,13,2,25000_29999,3,married_couple,no_65_plus,35_64,26100,3,1
pums_ca_08900_03833,0608900,2018,17,2,30000_34999,3,married_couple,has_65_plus,65_plus,33460,3,1
pums_ca_08900_03834,0608900,2018,22,2,125000_149999,2,married_couple,no_65_plus,35_64,126900,2,1
pums_ca_08900_03835,0608900,2018,11,2,125000_149999,2,married_couple,no_65_plus,35_64,136000,2,1
pums_ca_08900_03836,0608900,2018,8,3,125000_149999,3,married_couple,no_65_plus,35_64,130000,3,1
pums_ca_08900_03837,0608900,2018,9,2,lt_10000,1,nonfamily_living_alone,no_65_plus,35_64,940,1,5
pums_ca_08900_03838,0608900,2018,16,1,25000_29999,1,nonfamily_living_alone,no_65_plus,35_64,27000,1,4
pums_ca_08900_03839,0608900,2018,17,2,75000_99999,3,married_couple,has_65_plus,65_plus,80800,3,1
pums_ca_08900_03840,0608900,2018,12,2,40000_44999,2,married_couple,no_65_plus,35_64,43000,2,1
pums_ca_08900_03841,0608900,2018,16,2,100000_124999,4_plus,married_couple,no_65_plus,35_64,100000,4,1
pums_ca_08900_03842,0608900,2018,2,2,60000_74999,3,married_couple,has_65_plus,65_plus,65400,3,1
pums_ca_08900_03843,0608900,2018,11,1,20000_24999,1,nonfamily_not_living_alone,has_65_plus,65_plus,24160,1,6
pums_ca_08900_03844,0608900,2018,11,1,lt_10000,1,nonfamily_not_living_alone,no_65_plus,35_64,9000,1,6
pums_ca_08900_03845,0608900,2018,61,4,50000_59999,2,other_female_householder,has_65_plus,65_plus,51800,2,3
pums_ca_08900_03846,0608900,2018,17,1,40000_44999,2,nonfamily_living_alone,no_65_plus,35_64,40000,2,4
pums_ca_08900_03847,0608900,2018,14,1,10000_14999,1,nonfamily_not_living_alone,no_65_plus,35_64,10000,1,6
pums_ca_08900_03848,0608900,2018,13,1,25000_29999,0,nonfamily_living_alone,no_65_plus,35_64,29800,0,4
pums_ca_08900_03849,0608900,2018,10,2,60000_74999,2,married_couple,has_65_plus,65_plus,61300,2,1
pums_ca_08900_03850,0608900,2018,4,1,15000_19999,1,nonfamily_not_living_alone,has_65_plus,65_plus,18000,1,6
pums_ca_08900_03851,0608900,2018,15,2,100000_124999,3,nonfamily_living_alone,has_65_plus,65_plus,104600,3,5
pums_ca_08900_03852,0608900,2018,15,4,125000_149999,2,married_couple,has_65_plus,65_plus,127200,2,1
pums_ca_08900_03853,0608900,2018,12,2,125000_149999,2,married_couple,has_65_plus,65_plus,128000,2,1
pums_ca_08900_03854,0608900,2018,39,1,10000_14999,2,nonfamily_living_alone,no_65_plus,35_64,10000,2,4
pums_ca_08900_03855,0608900,2018,10,6,40000_44999,2,other_female_householder,no_65_plus,35_64,44000,2,3
pums_ca_08900_03856,0608900,2018,12,2,75000_99999,2,married_couple,has_65_plus,65_plus,86400,2,1
pums_ca_08900_03857,0608900,2018,12,1,15000_19999,1,nonfamily_not_living_alone,no_65_plus,35_64,19000,1,6
pums_ca_08900_03858,0608900,2018,45,2,lt_10000,3,other_male_householder,no_65_plus,35_64,5700,3,2
pums_ca_08900_03859,0608900,2018,6,2,60000_74999,3,married_couple,no_65_plus,35_64,63000,3,1
pums_ca_08900_03860,0608900,2018,13,2,60000_74999,3,other_male_householder,no_65_plus,35_64,74000,3,2
pums_ca_08900_03861,0608900,2018,3,7,200000_plus,2,married_couple,has_65_plus,65_plus,218100,2,1
pums_ca_08900_03862,0608900,2018,38,3,75000_99999,2,other_female_householder,no_65_plus,18_34,98700,2,3
pums_ca_08900_03863,0608900,2018,18,2,125000_149999,3,married_couple,no_65_plus,35_64,128100,3,1
pums_ca_08900_03864,0608900,2018,13,1,100000_124999,1,nonfamily_not_living_alone,has_65_plus,65_plus,109100,1,6
pums_ca_08900_03865,0608900,2018,14,2,75000_99999,2,married_couple,has_65_plus,65_plus,93100,2,1
pums_ca_08900_03866,0608900,2018,3,2,25000_29999,1,married_couple,no_65_plus,35_64,28800,1,1
pums_ca_08900_03867,0608900,2018,11,2,25000_29999,1,married_couple,has_65_plus,65_plus,29060,1,1
pums_ca_08900_03868,0608900,2018,44,4,30000_34999,2,married_couple,no_65_plus,35_64,30000,2,1
pums_ca_08900_03869,0608900,2018,9,6,125000_149999,4_plus,other_male_householder,no_65_plus,35_64,144000,6,2
pums_ca_08900_03870,0608900,2018,4,2,20000_24999,2,married_couple,has_65_plus,65_plus,21500,2,1
pums_ca_08900_03871,0608900,2018,9,3,40000_44999,3,married_couple,no_65_plus,35_64,43000,3,1
pums_ca_08900_03872,0608900,2018,19,2,60000_74999,2,married_couple,has_65_plus,65_plus,70000,2,1
pums_ca_08900_03873,0608900,2018,8,2,75000_99999,2,other_male_householder,has_65_plus,65_plus,76000,2,2
pums_ca_08900_03874,0608900,2018,17,1,20000_24999,1,nonfamily_not_living_alone,no_65_plus,35_64,22000,1,6
pums_ca_08900_03875,0608900,2018,19,1,100000_124999,2,nonfamily_not_living_alone,no_65_plus,35_64,112000,2,6
pums_ca_08900_03876,0608900,2018,10,2,200000_plus,3,married_couple,no_65_plus,35_64,243800,3,1
pums_ca_08900_03877,0608900,2018,5,2,35000_39999,1,other_female_householder,has_65_plus,35_64,37600,1,3
pums_ca_08900_03878,0608900,2018,15,2,lt_10000,2,other_female_householder,has_65_plus,35_64,1500,2,3
pums_ca_08900_03879,0608900,2018,17,5,75000_99999,3,married_couple,no_65_plus,18_34,77000,3,1
pums_ca_08900_03880,0608900,2018,3,3,30000_34999,2,other_female_householder,has_65_plus,35_64,34000,2,3
pums_ca_08900_03881,0608900,2018,18,2,20000_24999,1,married_couple,no_65_plus,35_64,24000,1,1
pums_ca_08900_03882,0608900,2018,9,1,10000_14999,1,nonfamily_living_alone,no_65_plus,35_64,13000,1,4
pums_ca_08900_03883,0608900,2018,78,5,20000_24999,1,married_couple,no_65_plus,18_34,24000,1,1
pums_ca_08900_03884,0608900,2018,13,1,25000_29999,1,nonfamily_not_living_alone,has_65_plus,65_plus,29800,1,6
pums_ca_08900_03885,0608900,2018,10,2,45000_49999,1,other_female_householder,has_65_plus,65_plus,47600,1,3
pums_ca_08900_03886,0608900,2018,12,1,10000_14999,1,nonfamily_not_living_alone,has_65_plus,65_plus,10800,1,6
pums_ca_08900_03887,0608900,2018,11,1,60000_74999,2,nonfamily_living_alone,has_65_plus,65_plus,72500,2,4
pums_ca_08900_03888,0608900,2018,23,1,40000_44999,2,nonfamily_living_alone,has_65_plus,65_plus,44000,2,4
pums_ca_08900_03889,0608900,2018,15,4,100000_124999,2,married_couple,no_65_plus,35_64,124000,2,1
pums_ca_08900_03890,0608900,2018,16,3,35000_39999,3,married_couple,no_65_plus,18_34,37400,3,1
pums_ca_08900_03891,0608900,2018,20,2,75000_99999,3,nonfamily_not_living_alone,no_65_plus,35_64,78000,3,7
pums_ca_08900_03892,0608900,2018,19,7,200000_plus,3,married_couple,no_65_plus,35_64,204800,3,1
pums_ca_08900_03893,0608900,2018,14,3,35000_39999,2,married_couple,has_65_plus,65_plus,35000,2,1
pums_ca_08900_03894,0608900,2018,20,1,75000_99999,1,nonfamily_not_living_alone,no_65_plus,35_64,77600,1,6
pums_ca_08900_03895,0608900,2018,14,3,30000_34999,2,other_male_householder,no_65_plus,18_34,34000,2,2
pums_ca_08900_03896,0608900,2018,14,2,30000_34999,4_plus,married_couple,has_65_plus,65_plus,33000,5,1
pums_ca_08900_03897,0608900,2018,13,2,150000_199999,2,married_couple,has_65_plus,65_plus,169920,2,1
pums_ca_08900_03898,0608900,2018,5,2,50000_59999,3,nonfamily_living_alone,has_65_plus,65_plus,55970,3,5
pums_ca_08900_03899,0608900,2018,14,3,75000_99999,3,married_couple,has_65_plus,65_plus,75500,3,1
pums_ca_08900_03900,0608900,2018,11,2,60000_74999,1,nonfamily_living_alone,no_65_plus,35_64,70000,1,5
pums_ca_08900_03901,0608900,2018,6,2,100000_124999,2,other_female_householder,has_65_plus,65_plus,107300,2,3
pums_ca_08900_03902,0608900,2018,50,5,100000_124999,2,married_couple,no_65_plus,35_64,104000,2,1
pums_ca_08900_03903,0608900,2018,28,2,10000_14999,1,other_male_householder,has_65_plus,65_plus,14400,1,2
pums_ca_08900_03904,0608900,2018,34,2,30000_34999,2,other_female_householder,no_65_plus,35_64,31000,2,3
pums_ca_08900_03905,0608900,2018,20,2,45000_49999,1,other_female_householder,has_65_plus,65_plus,48400,1,3
pums_ca_08900_03906,0608900,2018,28,2,75000_99999,4_plus,married_couple,no_65_plus,35_64,94570,5,1
pums_ca_08900_03907,0608900,2018,10,5,150000_199999,4_plus,married_couple,no_65_plus,35_64,157600,6,1
pums_ca_08900_03908,0608900,2018,11,5,200000_plus,2,married_couple,no_65_plus,35_64,283900,2,1
pums_ca_08900_03909,0608900,2018,41,3,30000_34999,2,other_male_householder,no_65_plus,18_34,32900,2,2
pums_ca_08900_03910,0608900,2018,19,3,50000_59999,4_plus,other_female_householder,has_65_plus,65_plus,59000,4,3
pums_ca_08900_03911,0608900,2018,20,2,60000_74999,2,married_couple,no_65_plus,35_64,68000,2,1
pums_ca_08900_03912,0608900,2018,52,1,60000_74999,1,nonfamily_living_alone,no_65_plus,35_64,61000,1,4
pums_ca_08900_03913,0608900,2018,4,2,35000_39999,1,married_couple,has_65_plus,65_plus,37980,1,1
pums_ca_08900_03914,0608900,2018,15,5,200000_plus,4_plus,married_couple,no_65_plus,35_64,326800,5,1
pums_ca_08900_03915,0608900,2018,9,2,75000_99999,3,married_couple,no_65_plus,35_64,85200,3,1
pums_ca_08900_03916,0608900,2018,15,3,40000_44999,1,other_female_householder,no_65_plus,18_34,42200,1,3
pums_ca_08900_03917,0608900,2018,20,1,40000_44999,1,nonfamily_not_living_alone,has_65_plus,65_plus,40700,1,6
pums_ca_08900_03918,0608900,2018,13,2,60000_74999,2,married_couple,no_65_plus,35_64,61000,2,1
pums_ca_08900_03919,0608900,2018,18,2,75000_99999,2,married_couple,no_65_plus,35_64,82000,2,1
pums_ca_08900_03920,0608900,2018,14,1,40000_44999,0,nonfamily_living_alone,no_65_plus,35_64,44200,0,4
pums_ca_08900_03921,0608900,2018,15,2,lt_10000,2,married_couple,no_65_plus,18_34,5000,2,1
pums_ca_08900_03922,0608900,2018,11,1,25000_29999,3,nonfamily_living_alone,has_65_plus,65_plus,25100,3,4
pums_ca_08900_03923,0608900,2018,9,2,200000_plus,2,married_couple,has_65_plus,65_plus,210000,2,1
pums_ca_08900_03924,0608900,2018,16,2,60000_74999,3,married_couple,has_65_plus,65_plus,73500,3,1
pums_ca_08900_03925,0608900,2018,4,2,40000_44999,3,married_couple,no_65_plus,35_64,40000,3,1
pums_ca_08900_03926,0608900,2018,22,2,lt_10000,2,other_male_householder,no_65_plus,35_64,2700,2,2
pums_ca_08900_03927,0608900,2018,56,1,20000_24999,1,nonfamily_living_alone,no_65_plus,35_64,20000,1,4
pums_ca_08900_03928,0608900,2018,16,3,20000_24999,1,other_male_householder,no_65_plus,35_64,21100,1,2
pums_ca_08900_03929,0608900,2018,51,1,lt_10000,1,nonfamily_not_living_alone,no_65_plus,35_64,0,1,6
pums_ca_08900_03930,0608900,2018,22,1,60000_74999,1,nonfamily_not_living_alone,has_65_plus,65_plus,63000,1,6
pums_ca_08900_03931,0608900,2018,13,1,lt_10000,1,nonfamily_not_living_alone,has_65_plus,65_plus,2400,1,6
pums_ca_08900_03932,0608900,2018,13,2,40000_44999,1,married_couple,has_65_plus,65_plus,44600,1,1
pums_ca_08900_03933,0608900,2018,11,1,10000_14999,1,nonfamily_living_alone,no_65_plus,35_64,11800,1,4
pums_ca_08900_03934,0608900,2018,7,1,10000_14999,1,nonfamily_not_living_alone,has_65_plus,65_plus,14400,1,6
pums_ca_08900_03935,0608900,2018,11,2,20000_24999,2,married_couple,has_65_plus,65_plus,20200,2,1
pums_ca_08900_03936,0608900,2018,18,3,200000_plus,3,married_couple,has_65_plus,35_64,377600,3,1
pums_ca_08900_03937,0608900,2018,10,2,25000_29999,2,married_couple,has_65_plus,65_plus,26000,2,1
pums_ca_08900_03938,0608900,2018,11,3,45000_49999,1,married_couple,has_65_plus,65_plus,48000,1,1
pums_ca_08900_03939,0608900,2018,15,4,40000_44999,1,married_couple,no_65_plus,18_34,41000,1,1
pums_ca_08900_03940,0608900,2018,14,1,10000_14999,1,nonfamily_not_living_alone,no_65_plus,35_64,10500,1,6
pums_ca_08900_03941,0608900,2018,14,2,60000_74999,2,married_couple,has_65_plus,65_plus,73700,2,1
pums_ca_08900_03942,0608900,2018,8,1,lt_10000,1,nonfamily_living_alone,no_65_plus,35_64,100,1,4
pums_ca_08900_03943,0608900,2018,21,2,25000_29999,2,married_couple,has_65_plus,65_plus,29300,2,1
pums_ca_08900_03944,0608900,2018,16,1,50000_59999,1,nonfamily_living_alone,has_65_plus,65_plus,59400,1,4
pums_ca_08900_03945,0608900,2018,11,1,25000_29999,1,nonfamily_not_living_alone,has_65_plus,65_plus,27600,1,6
pums_ca_08900_03946,0608900,2018,10,5,75000_99999,3,married_couple,no_65_plus,35_64,95400,3,1
pums_ca_08900_03947,0608900,2018,6,4,75000_99999,1,married_couple,no_65_plus,18_34,85000,1,1
pums_ca_08900_03948,0608900,2018,58,4,25000_29999,1,married_couple,no_65_plus,18_34,25900,1,1
pums_ca_08900_03949,0608900,2018,15,1,50000_59999,1,nonfamily_not_living_alone,has_65_plus,65_plus,50700,1,6
pums_ca_08900_03950,0608900,2018,28,2,100000_124999,3,married_couple,no_65_plus,35_64,115000,3,1
pums_ca_08900_03951,0608900,2018,10,2,35000_39999,2,married_couple,has_65_plus,65_plus,38200,2,1
pums_ca_08900_03952,0608900,2018,18,1,lt_10000,1,nonfamily_not_living_alone,has_65_plus,65_plus,8200,1,6
pums_ca_08900_03953,0608900,2018,11,2,60000_74999,0,other_female_householder,no_65_plus,35_64,63200,0,3
pums_ca_08900_03954,0608900,2018,15,2,200000_plus,2,married_couple,no_65_plus,35_64,240000,2,1
pums_ca_08900_03955,0608900,2018,24,4,150000_199999,2,other_female_householder,no_65_plus,35_64,190000,2,3
pums_ca_08900_03956,0608900,2018,12,1,lt_10000,1,nonfamily_living_alone,no_65_plus,35_64,1400,1,4
pums_ca_08900_03957,0608900,2018,14,5,125000_149999,4_plus,married_couple,no_65_plus,35_64,131000,5,1
pums_ca_08900_03958,0608900,2018,20,2,100000_124999,2,married_couple,has_65_plus,65_plus,114400,2,1
pums_ca_08900_03959,0608900,2018,8,4,100000_124999,3,married_couple,no_65_plus,35_64,100000,3,1
pums_ca_08900_03960,0608900,2018,45,2,15000_19999,0,other_female_householder,no_65_plus,35_64,15700,0,3
pums_ca_08900_03961,0608900,2018,4,3,60000_74999,4_plus,other_female_householder,has_65_plus,35_64,64750,6,3
pums_ca_08900_03962,0608900,2018,19,5,10000_14999,2,other_female_householder,no_65_plus,18_34,12700,2,3
pums_ca_08900_03963,0608900,2018,13,2,125000_149999,3,married_couple,no_65_plus,35_64,138200,3,1
pums_ca_08900_03964,0608900,2018,33,2,10000_14999,1,other_female_householder,no_65_plus,35_64,11000,1,3
pums_ca_08900_03965,0608900,2018,35,2,60000_74999,2,married_couple,no_65_plus,18_34,64500,2,1
pums_ca_08900_03966,0608900,2018,7,1,50000_59999,2,nonfamily_not_living_alone,has_65_plus,65_plus,51780,2,6
pums_ca_08900_03967,0608900,2018,31,4,125000_149999,4_plus,married_couple,no_65_plus,35_64,146000,6,1
pums_ca_08900_03968,0608900,2018,5,2,125000_149999,4_plus,married_couple,has_65_plus,65_plus,147800,4,1
pums_ca_08900_03969,0608900,2018,4,1,15000_19999,1,nonfamily_not_living_alone,has_65_plus,65_plus,15700,1,6
pums_ca_08900_03970,0608900,2018,12,1,60000_74999,1,nonfamily_not_living_alone,no_65_plus,35_64,70900,1,6
pums_ca_08900_03971,0608900,2018,11,1,10000_14999,1,nonfamily_living_alone,has_65_plus,65_plus,13000,1,4
pums_ca_08900_03972,0608900,2018,40,4,150000_199999,2,married_couple,no_65_plus,35_64,190000,2,1
pums_ca_08900_03973,0608900,2018,3,2,50000_59999,4_plus,married_couple,has_65_plus,65_plus,58700,4,1
pums_ca_08900_03974,0608900,2018,26,2,40000_44999,2,nonfamily_not_living_alone,no_65_plus,18_34,40300,2,7
pums_ca_08900_03975,0608900,2018,19,1,60000_74999,1,nonfamily_not_living_alone,has_65_plus,65_plus,74300,1,6
pums_ca_08900_03976,0608900,2018,17,2,75000_99999,2,married_couple,no_65_plus,18_34,76000,2,1
pums_ca_08900_03977,0608900,2018,8,4,60000_74999,2,married_couple,no_65_plus,35_64,61000,2,1
pums_ca_08900_03978,0608900,2018,9,2,100000_124999,2,married_couple,no_65_plus,35_64,101000,2,1
pums_ca_08900_03979,0608900,2018,6,2,35000_39999,1,nonfamily_living_alone,no_65_plus,35_64,36900,1,5
pums_ca_08900_03980,0608900,2018,16,1,10000_14999,1,nonfamily_living_alone,has_65_plus,65_plus,11100,1,4
pums_ca_08900_03981,0608900,2018,15,1,45000_49999,1,nonfamily_not_living_alone,no_65_plus,35_64,47200,1,6
pums_ca_08900_03982,0608900,2018,2,2,40000_44999,1,married_couple,has_65_plus,65_plus,43700,1,1
pums_ca_08900_03983,0608900,2018,15,2,20000_24999,2,married_couple,has_65_plus,65_plus,23300,2,1
pums_ca_08900_03984,0608900,2018,31,5,lt_10000,1,married_couple,no_65_plus,35_64,0,1,1
pums_ca_08900_03985,0608900,2018,10,4,125000_149999,4_plus,married_couple,no_65_plus,18_34,132000,5,1
pums_ca_08900_03986,0608900,2018,9,2,60000_74999,2,married_couple,no_65_plus,35_64,71010,2,1
pums_ca_08900_03987,0608900,2018,18,5,100000_124999,2,married_couple,no_65_plus,35_64,120000,2,1
pums_ca_08900_03988,0608900,2018,12,3,50000_59999,3,other_female_householder,no_65_plus,35_64,53600,3,3
pums_ca_08900_03989,0608900,2018,6,1,60000_74999,4_plus,nonfamily_living_alone,no_65_plus,35_64,60000,4,4
pums_ca_08900_03990,0608900,2018,14,2,100000_124999,2,married_couple,no_65_plus,35_64,109500,2,1
pums_ca_08900_03991,0608900,2018,14,1,20000_24999,1,nonfamily_not_living_alone,has_65_plus,65_plus,22400,1,6
pums_ca_08900_03992,0608900,2018,28,2,100000_124999,2,married_couple,no_65_plus,35_64,100000,2,1
pums_ca_08900_03993,0608900,2018,37,1,lt_10000,1,nonfamily_living_alone,has_65_plus,65_plus,9600,1,4
pums_ca_08900_03994,0608900,2018,4,1,25000_29999,1,nonfamily_not_living_alone,has_65_plus,65_plus,25100,1,6
pums_ca_08900_03995,0608900,2018,18,4,150000_199999,3,other_female_householder,has_65_plus,65_plus,156000,3,3
pums_ca_08900_03996,0608900,2018,12,2,75000_99999,3,married_couple,no_65_plus,35_64,99600,3,1
pums_ca_08900_03997,0608900,2018,8,2,50000_59999,3,married_couple,has_65_plus,65_plus,56900,3,1
pums_ca_08900_03998,0608900,2018,11,1,15000_19999,1,nonfamily_not_living_alone,has_65_plus,65_plus,17400,1,6
pums_ca_08900_03999,0608900,2018,37,6,60000_74999,2,married_couple,no_65_plus,35_64,68200,2,1
pums_ca_08900_04000,0608900,2018,24,5,40000_44999,2,married_couple,no_65_plus,35_64,43000,2,1
pums_ca_08900_04001,0608900,2018,16,3,150000_199999,1,married_couple,has_65_plus,65_plus,180000,1,1
pums_ca_08900_04002,0608900,2018,41,2,50000_59999,1,other_female_householder,no_65_plus,35_64,55000,1,3
pums_ca_08900_04003,0608900,2018,9,1,10000_14999,0,nonfamily_not_living_alone,has_65_plus,65_plus,14300,0,6
pums_ca_08900_04004,0608900,2018,7,1,60000_74999,1,nonfamily_not_living_alone,has_65_plus,65_plus,69000,1,6
pums_ca_08900_04005,0608900,2018,5,2,50000_59999,2,married_couple,has_65_plus,35_64,52100,2,1
pums_ca_08900_04006,0608900,2018,7,2,60000_74999,4_plus,married_couple,has_65_plus,65_plus,64300,4,1
pums_ca_08900_04007,0608900,2018,6,1,100000_124999,2,nonfamily_not_living_alone,has_65_plus,65_plus,119500,2,6
pums_ca_08900_04008,0608900,2018,11,1,10000_14999,0,nonfamily_not_living_alone,no_65_plus,35_64,10700,0,6
pums_ca_08900_04009,0608900,2018,23,2,75000_99999,3,married_couple,no_65_plus,35_64,96000,3,1
pums_ca_08900_04010,0608900,2018,9,5,40000_44999,3,married_couple,has_65_plus,35_64,42900,3,1
pums_ca_08900_04011,0608900,2018,15,1,35000_39999,1,nonfamily_not_living_alone,has_65_plus,65_plus,39200,1,6
pums_ca_08900_04012,0608900,2018,22,4,60000_74999,2,other_male_householder,no_65_plus,18_34,69600,2,2
pums_ca_08900_04013,0608900,2018,14,2,150000_199999,0,married_couple,no_65_plus,35_64,172000,0,1
pums_ca_08900_04014,0608900,2018,8,1,50000_59999,3,nonfamily_not_living_alone,no_65_plus,35_64,51600,3,6
pums_ca_08900_04015,0608900,2018,14,3,60000_74999,3,married_couple,no_65_plus,18_34,74000,3,1
pums_ca_08900_04016,0608900,2018,13,1,30000_34999,0,nonfamily_not_living_alone,has_65_plus,65_plus,31400,0,6
pums_ca_08900_04017,0608900,2018,8,6,200000_plus,2,married_couple,has_65_plus,65_plus,237900,2,1
pums_ca_08900_04018,0608900,2018,4,4,60000_74999,2,married_couple,no_65_plus,35_64,60000,2,1
pums_ca_08900_04019,0608900,2018,13,1,75000_99999,1,nonfamily_not_living_alone,no_65_plus,35_64,84000,1,6
pums_ca_08900_04020,0608900,2018,13,2,75000_99999,2,married_couple,no_65_plus,35_64,87400,2,1
pums_ca_08900_04021,0608900,2018,14,2,50000_59999,1,nonfamily_living_alone,no_65_plus,35_64,50000,1,5
pums_ca_08900_04022,0608900,2018,17,3,75000_99999,2,married_couple,no_65_plus,35_64,90400,2,1
pums_ca_08900_04023,0608900,2018,15,1,75000_99999,1,nonfamily_not_living_alone,no_65_plus,35_64,95700,1,6
pums_ca_08900_04024,0608900,2018,17,3,30000_34999,3,married_couple,no_65_plus,35_64,34000,3,1
pums_ca_08900_04025,0608900,2018,18,2,100000_124999,1,other_male_householder,no_65_plus,35_64,114000,1,2
pums_ca_08900_04026,0608900,2018,41,1,lt_10000,0,nonfamily_not_living_alone,no_65_plus,35_64,2400,0,6
pums_ca_08900_04027,0608900,2018,8,1,30000_34999,2,nonfamily_living_alone,has_65_plus,65_plus,33100,2,4
pums_ca_08900_04028,0608900,2018,13,1,lt_10000,2,nonfamily_living_alone,no_65_plus,35_64,1800,2,4
pums_ca_08900_04029,0608900,2018,23,4,50000_59999,2,married_couple,no_65_plus,18_34,58500,2,1
pums_ca_08900_04030,0608900,2018,13,2,50000_59999,1,other_female_householder,no_65_plus,35_64,50000,1,3
pums_ca_08900_04031,0608900,2018,24,2,150000_199999,3,married_couple,no_65_plus,35_64,173000,3,1
pums_ca_08900_04032,0608900,2018,14,2,15000_19999,2,other_male_householder,no_65_plus,18_34,16700,2,2
pums_ca_08900_04033,0608900,2018,13,2,100000_124999,2,nonfamily_not_living_alone,no_65_plus,18_34,122000,2,7
pums_ca_08900_04034,0608900,2018,10,4,75000_99999,4_plus,married_couple,has_65_plus,65_plus,92500,5,1
pums_ca_08900_04035,0608900,2018,12,1,75000_99999,2,nonfamily_not_living_alone,no_65_plus,35_64,77800,2,6
pums_ca_08900_04036,0608900,2018,8,4,40000_44999,2,married_couple,no_65_plus,35_64,40000,2,1
pums_ca_08900_04037,0608900,2018,13,3,75000_99999,2,married_couple,no_65_plus,18_34,98800,2,1
pums_ca_08900_04038,0608900,2018,11,3,60000_74999,3,married_couple,no_65_plus,35_64,60000,3,1
pums_ca_08900_04039,0608900,2018,16,4,75000_99999,2,married_couple,has_65_plus,65_plus,98500,2,1
pums_ca_08900_04040,0608900,2018,14,1,10000_14999,2,nonfamily_living_alone,has_65_plus,65_plus,11400,2,4
pums_ca_08900_04041,0608900,2018,14,2,150000_199999,2,nonfamily_not_living_alone,no_65_plus,35_64,192000,2,7
pums_ca_08900_04042,0608900,2018,36,2,75000_99999,1,other_male_householder,no_65_plus,35_64,75000,1,2
pums_ca_08900_04043,0608900,2018,8,2,40000_44999,1,married_couple,has_65_plus,65_plus,44100,1,1
pums_ca_08900_04044,0608900,2018,30,4,60000_74999,2,married_couple,no_65_plus,35_64,62000,2,1
pums_ca_08900_04045,0608900,2018,2,2,60000_74999,2,married_couple,has_65_plus,65_plus,73500,2,1
pums_ca_08900_04046,0608900,2018,5,4,125000_149999,3,married_couple,has_65_plus,65_plus,131900,3,1
pums_ca_08900_04047,0608900,2018,4,2,60000_74999,2,married_couple,no_65_plus,35_64,63000,2,1
pums_ca_08900_04048,0608900,2018,36,3,40000_44999,0,married_couple,no_65_plus,35_64,41400,0,1
pums_ca_08900_04049,0608900,2018,16,2,200000_plus,2,married_couple,no_65_plus,35_64,235800,2,1
pums_ca_08900_04050,0608900,2018,2,2,30000_34999,0,married_couple,has_65_plus,65_plus,32700,0,1
pums_ca_08900_04051,0608900,2018,13,3,100000_124999,3,married_couple,no_65_plus,35_64,103040,3,1
pums_ca_08900_04052,0608900,2018,12,1,lt_10000,1,nonfamily_not_living_alone,has_65_plus,65_plus,1300,1,6
pums_ca_08900_04053,0608900,2018,4,5,150000_199999,3,married_couple,no_65_plus,35_64,182200,3,1
pums_ca_08900_04054,0608900,2018,20,2,100000_124999,3,married_couple,no_65_plus,35_64,114000,3,1
pums_ca_08900_04055,0608900,2018,16,4,75000_99999,4_plus,other_female_householder,has_65_plus,65_plus,76900,4,3
pums_ca_08900_04056,0608900,2018,15,2,25000_29999,2,married_couple,has_65_plus,65_plus,26000,2,1
pums_ca_08900_04057,0608900,2018,16,1,20000_24999,1,nonfamily_living_alone,has_65_plus,65_plus,23400,1,4
pums_ca_08900_04058,0608900,2018,25,5,60000_74999,3,married_couple,no_65_plus,35_64,60000,3,1
pums_ca_08900_04059,0608900,2018,17,2,30000_34999,2,married_couple,has_65_plus,65_plus,31700,2,1
pums_ca_08900_04060,0608900,2018,8,2,200000_plus,4_plus,married_couple,has_65_plus,35_64,201000,5,1
pums_ca_08900_04061,0608900,2018,11,4,100000_124999,3,married_couple,no_65_plus,35_64,109900,3,1
pums_ca_08900_04062,0608900,2018,8,4,50000_59999,2,married_couple,no_65_plus,35_64,50000,2,1
pums_ca_08900_04063,0608900,2018,13,2,50000_59999,3,married_couple,has_65_plus,65_plus,51400,3,1
pums_ca_08900_04064,0608900,2018,3,2,lt_10000,1,other_male_householder,has_65_plus,18_34,4200,1,2
pums_ca_08900_04065,0608900,2018,10,1,30000_34999,1,nonfamily_living_alone,has_65_plus,65_plus,33000,1,4
pums_ca_08900_04066,0608900,2018,7,2,45000_49999,2,married_couple,has_65_plus,65_plus,46700,2,1
pums_ca_08900_04067,0608900,2018,12,1,25000_29999,1,nonfamily_living_alone,has_65_plus,65_plus,26200,1,4
pums_ca_08900_04068,0608900,2018,8,1,20000_24999,2,nonfamily_not_living_alone,no_65_plus,35_64,23900,2,6
pums_ca_08900_04069,0608900,2018,48,4,60000_74999,2,married_couple,no_65_plus,35_64,71000,2,1
pums_ca_08900_04070,0608900,2018,16,5,100000_124999,2,married_couple,no_65_plus,18_34,118400,2,1
pums_ca_08900_04071,0608900,2018,34,3,125000_149999,3,other_male_householder,no_65_plus,35_64,143800,3,2
pums_ca_08900_04072,0608900,2018,7,3,150000_199999,3,married_couple,no_65_plus,35_64,172000,3,1
pums_ca_08900_04073,0608900,2018,7,4,60000_74999,2,married_couple,no_65_plus,18_34,65000,2,1
pums_ca_08900_04074,0608900,2018,31,1,50000_59999,1,nonfamily_living_alone,no_65_plus,35_64,53000,1,4
pums_ca_08900_04075,0608900,2018,13,2,40000_44999,2,married_couple,has_65_plus,65_plus,44600,2,1
pums_ca_08900_04076,0608900,2018,12,5,75000_99999,2,married_couple,no_65_plus,18_34,75000,2,1
pums_ca_08900_04077,0608900,2018,18,1,15000_19999,0,nonfamily_living_alone,has_65_plus,65_plus,18700,0,4
pums_ca_08900_04078,0608900,2018,18,1,lt_10000,0,nonfamily_not_living_alone,no_65_plus,35_64,9700,0,6
pums_ca_08900_04079,0608900,2018,12,2,25000_29999,4_plus,married_couple,has_65_plus,65_plus,28900,6,1
pums_ca_08900_04080,0608900,2018,5,2,60000_74999,3,married_couple,has_65_plus,35_64,70300,3,1
pums_ca_08900_04081,0608900,2018,18,7,200000_plus,4_plus,married_couple,no_65_plus,35_64,214600,5,1
pums_ca_08900_04082,0608900,2018,12,3,30000_34999,1,married_couple,has_65_plus,65_plus,31570,1,1
pums_ca_08900_04083,0608900,2018,2,1,10000_14999,1,nonfamily_not_living_alone,no_65_plus,35_64,14000,1,6
pums_ca_08900_04084,0608900,2018,8,1,20000_24999,1,nonfamily_not_living_alone,has_65_plus,65_plus,21200,1,6
pums_ca_08900_04085,0608900,2018,7,1,15000_19999,1,nonfamily_living_alone,has_65_plus,65_plus,16900,1,4
pums_ca_08900_04086,0608900,2018,4,2,100000_124999,4_plus,married_couple,has_65_plus,65_plus,118600,4,1
pums_ca_08900_04087,0608900,2018,14,2,35000_39999,2,married_couple,has_65_plus,65_plus,38700,2,1
pums_ca_08900_04088,0608900,2018,3,1,20000_24999,1,nonfamily_living_alone,has_65_plus,65_plus,22000,1,4
pums_ca_08900_04089,0608900,2018,12,2,30000_34999,2,nonfamily_living_alone,has_65_plus,65_plus,32100,2,5
pums_ca_08900_04090,0608900,2018,13,2,200000_plus,2,married_couple,no_65_plus,35_64,235000,2,1
pums_ca_08900_04091,0608900,2018,18,2,45000_49999,3,married_couple,has_65_plus,35_64,49000,3,1
pums_ca_08900_04092,0608900,2018,19,1,lt_10000,1,nonfamily_not_living_alone,no_65_plus,35_64,0,1,6
pums_ca_08900_04093,0608900,2018,16,1,35000_39999,2,nonfamily_not_living_alone,no_65_plus,35_64,39500,2,6
pums_ca_08900_04094,0608900,2018,7,1,75000_99999,2,nonfamily_not_living_alone,has_65_plus,65_plus,93400,2,6
pums_ca_08900_04095,0608900,2018,5,2,45000_49999,2,married_couple,has_65_plus,65_plus,49100,2,1
pums_ca_08900_04096,0608900,2018,12,1,50000_59999,1,nonfamily_not_living_alone,has_65_plus,65_plus,50000,1,6
pums_ca_08900_04097,0608900,2018,14,2,lt_10000,2,married_couple,no_65_plus,18_34,3200,2,1
pums_ca_08900_04098,0608900,2018,14,3,150000_199999,4_plus,married_couple,no_65_plus,35_64,183000,5,1
pums_ca_08900_04099,0608900,2018,11,2,30000_34999,2,married_couple,has_65_plus,65_plus,33800,2,1
pums_ca_08900_04100,0608900,2018,5,2,50000_59999,3,married_couple,has_65_plus,65_plus,57600,3,1
pums_ca_08900_04101,0608900,2018,8,2,100000_124999,3,married_couple,has_65_plus,65_plus,121200,3,1
pums_ca_08900_04102,0608900,2018,6,1,15000_19999,2,nonfamily_not_living_alone,no_65_plus,35_64,17700,2,6
pums_ca_08900_04103,0608900,2018,18,2,35000_39999,3,married_couple,has_65_plus,65_plus,39000,3,1
pums_ca_08900_04104,0608900,2018,16,1,lt_10000,2,nonfamily_not_living_alone,no_65_plus,35_64,50,2,6
pums_ca_08900_04105,0608900,2018,20,4,50000_59999,4_plus,married_couple,has_65_plus,35_64,57600,5,1
pums_ca_08900_04106,0608900,2018,12,2,35000_39999,2,married_couple,has_65_plus,65_plus,36400,2,1
pums_ca_08900_04107,0608900,2018,12,1,20000_24999,2,nonfamily_not_living_alone,has_65_plus,65_plus,20000,2,6
pums_ca_08900_04108,0608900,2018,12,1,100000_124999,2,nonfamily_not_living_alone,no_65_plus,35_64,105100,2,6
pums_ca_08900_04109,0608900,2018,15,3,75000_99999,0,other_female_householder,has_65_plus,65_plus,76100,0,3
pums_ca_08900_04110,0608900,2018,25,3,50000_59999,1,other_female_householder,no_65_plus,35_64,50440,1,3
pums_ca_08900_04111,0608900,2018,17,2,100000_124999,2,married_couple,has_65_plus,65_plus,117200,2,1
pums_ca_08900_04112,0608900,2018,14,1,60000_74999,2,nonfamily_living_alone,has_65_plus,65_plus,72000,2,4
pums_ca_08900_04113,0608900,2018,15,2,150000_199999,1,married_couple,has_65_plus,35_64,164000,1,1
pums_ca_08900_04114,0608900,2018,12,2,125000_149999,2,married_couple,no_65_plus,35_64,128000,2,1
pums_ca_08900_04115,0608900,2018,7,2,75000_99999,1,nonfamily_not_living_alone,no_65_plus,35_64,83800,1,7
pums_ca_08900_04116,0608900,2018,23,5,60000_74999,1,married_couple,no_65_plus,18_34,62400,1,1
pums_ca_08900_04117,0608900,2018,13,3,50000_59999,3,married_couple,has_65_plus,65_plus,55700,3,1
pums_ca_08900_04118,0608900,2018,18,2,100000_124999,2,nonfamily_not_living_alone,has_65_plus,35_64,108600,2,7
pums_ca_08900_04119,0608900,2018,24,4,125000_149999,4_plus,married_couple,no_65_plus,35_64,133500,4,1
pums_ca_08900_04120,0608900,2018,11,1,60000_74999,2,nonfamily_living_alone,no_65_plus,35_64,63000,2,4
pums_ca_08900_04121,0608900,2018,5,1,15000_19999,1,nonfamily_not_living_alone,has_65_plus,65_plus,19220,1,6
pums_ca_08900_04122,0608900,2018,8,1,50000_59999,1,nonfamily_not_living_alone,has_65_plus,65_plus,52100,1,6
pums_ca_08900_04123,0608900,2018,11,1,20000_24999,1,nonfamily_living_alone,has_65_plus,65_plus,22000,1,4
pums_ca_08900_04124,0608900,2018,5,2,125000_149999,4_plus,married_couple,no_65_plus,35_64,125000,4,1
pums_ca_08900_04125,0608900,2018,14,3,35000_39999,2,married_couple,has_65_plus,65_plus,38000,2,1
pums_ca_08900_04126,0608900,2018,16,1,15000_19999,2,nonfamily_living_alone,has_65_plus,65_plus,19100,2,4
pums_ca_08900_04127,0608900,2018,14,1,20000_24999,1,nonfamily_not_living_alone,has_65_plus,65_plus,24700,1,6
pums_ca_08900_04128,0608900,2018,34,2,125000_149999,2,nonfamily_living_alone,no_65_plus,18_34,135000,2,5
pums_ca_08900_04129,0608900,2018,19,2,20000_24999,0,nonfamily_not_living_alone,has_65_plus,65_plus,21600,0,7
pums_ca_08900_04130,0608900,2018,16,2,100000_124999,4_plus,married_couple,has_65_plus,65_plus,110500,4,1
pums_ca_08900_04131,0608900,2018,9,1,40000_44999,1,nonfamily_not_living_alone,no_65_plus,35_64,43600,1,6
pums_ca_08900_04132,0608900,2018,81,2,125000_149999,1,married_couple,no_65_plus,35_64,127000,1,1
pums_ca_08900_04133,0608900,2018,16,4,100000_124999,3,other_female_householder,no_65_plus,35_64,111100,3,3
pums_ca_08900_04134,0608900,2018,4,2,100000_124999,3,married_couple,no_65_plus,35_64,103740,3,1
pums_ca_08900_04135,0608900,2018,18,1,lt_10000,1,nonfamily_living_alone,no_65_plus,35_64,0,1,4
pums_ca_08900_04136,0608900,2018,16,3,60000_74999,3,married_couple,no_65_plus,35_64,63000,3,1
pums_ca_08900_04137,0608900,2018,5,4,150000_199999,4_plus,married_couple,has_65_plus,65_plus,184600,6,1
pums_ca_08900_04138,0608900,2018,13,2,200000_plus,2,married_couple,no_65_plus,35_64,245000,2,1
pums_ca_08900_04139,0608900,2018,8,4,40000_44999,3,other_female_householder,no_65_plus,35_64,43270,3,3
pums_ca_08900_04140,0608900,2018,25,3,125000_149999,4_plus,married_couple,has_65_plus,65_plus,128000,5,1
pums_ca_08900_04141,0608900,2018,3,4,200000_plus,3,married_couple,no_65_plus,35_64,266800,3,1
pums_ca_08900_04142,0608900,2018,15,2,20000_24999,3,other_female_householder,no_65_plus,18_34,20500,3,3
pums_ca_08900_04143,0608900,2018,19,2,200000_plus,3,married_couple,no_65_plus,35_64,283000,3,1
pums_ca_08900_04144,0608900,2018,18,1,10000_14999,1,nonfamily_not_living_alone,has_65_plus,65_plus,11200,1,6
pums_ca_08900_04145,0608900,2018,41,4,60000_74999,1,other_female_householder,no_65_plus,18_34,65600,1,3
pums_ca_08900_04146,0608900,2018,12,1,lt_10000,1,nonfamily_not_living_alone,has_65_plus,65_plus,7500,1,6
pums_ca_08900_04147,0608900,2018,11,2,35000_39999,1,married_couple,has_65_plus,65_plus,36020,1,1
pums_ca_08900_04148,0608900,2018,14,3,60000_74999,2,other_female_householder,has_65_plus,65_plus,64500,2,3
pums_ca_08900_04149,0608900,2018,13,1,10000_14999,1,nonfamily_not_living_alone,no_65_plus,35_64,12400,1,6
pums_ca_08900_04150,0608900,2018,20,3,60000_74999,4_plus,married_couple,has_65_plus,65_plus,61200,4,1
pums_ca_08900_04151,0608900,2018,18,1,25000_29999,0,nonfamily_living_alone,has_65_plus,65_plus,25000,0,4
pums_ca_08900_04152,0608900,2018,15,6,200000_plus,4_plus,married_couple,no_65_plus,18_34,201400,6,1
pums_ca_08900_04153,0608900,2018,20,2,125000_149999,1,nonfamily_not_living_alone,has_65_plus,65_plus,142800,1,7
pums_ca_08900_04154,0608900,2018,16,2,30000_34999,2,other_female_householder,no_65_plus,35_64,31000,2,3
pums_ca_08900_04155,0608900,2018,50,3,75000_99999,2,other_female_householder,no_65_plus,35_64,83700,2,3
pums_ca_08900_04156,0608900,2018,60,1,60000_74999,1,nonfamily_not_living_alone,has_65_plus,65_plus,62600,1,6
pums_ca_08900_04157,0608900,2018,27,4,100000_124999,0,married_couple,no_65_plus,35_64,114000,0,1
pums_ca_08900_04158,0608900,2018,13,2,25000_29999,1,other_female_householder,no_65_plus,18_34,29100,1,3
pums_ca_08900_04159,0608900,2018,6,2,150000_199999,4_plus,married_couple,no_65_plus,35_64,194300,4,1
pums_ca_08900_04160,0608900,2018,11,1,10000_14999,1,nonfamily_not_living_alone,no_65_plus,35_64,13300,1,6
pums_ca_08900_04161,0608900,2018,24,3,30000_34999,1,married_couple,no_65_plus,35_64,32000,1,1
pums_ca_08900_04162,0608900,2018,11,2,60000_74999,3,married_couple,has_65_plus,35_64,73600,3,1
pums_ca_08900_04163,0608900,2018,24,4,35000_39999,4_plus,married_couple,no_65_plus,35_64,38000,4,1
pums_ca_08900_04164,0608900,2018,21,3,20000_24999,4_plus,other_male_householder,no_65_plus,35_64,23000,5,2
pums_ca_08900_04165,0608900,2018,8,2,150000_199999,3,married_couple,no_65_plus,35_64,166970,3,1
pums_ca_08900_04166,0608900,2018,73,1,25000_29999,0,nonfamily_living_alone,no_65_plus,18_34,29200,0,4
pums_ca_08900_04167,0608900,2018,64,2,15000_19999,2,married_couple,no_65_plus,35_64,18200,2,1
pums_ca_08900_04168,0608900,2018,12,1,200000_plus,1,nonfamily_not_living_alone,no_65_plus,35_64,443000,1,6
pums_ca_08900_04169,0608900,2018,8,5,150000_199999,2,married_couple,has_65_plus,65_plus,197200,2,1
pums_ca_08900_04170,0608900,2018,14,2,60000_74999,2,nonfamily_not_living_alone,has_65_plus,35_64,67800,2,7
pums_ca_08900_04171,0608900,2018,71,1,lt_10000,0,nonfamily_living_alone,no_65_plus,18_34,1000,0,4
pums_ca_08900_04172,0608900,2018,6,2,lt_10000,3,married_couple,no_65_plus,35_64,0,3,1
pums_ca_08900_04173,0608900,2018,16,5,100000_124999,1,nonfamily_living_alone,no_65_plus,18_34,113000,1,5
pums_ca_08900_04174,0608900,2018,7,4,125000_149999,4_plus,married_couple,has_65_plus,35_64,131600,4,1
pums_ca_08900_04175,0608900,2018,34,1,30000_34999,1,nonfamily_living_alone,no_65_plus,18_34,32000,1,4
pums_ca_08900_04176,0608900,2018,13,4,75000_99999,2,married_couple,no_65_plus,18_34,75000,2,1
pums_ca_08900_04177,0608900,2018,34,3,200000_plus,4_plus,married_couple,has_65_plus,35_64,228600,4,1
pums_ca_08900_04178,0608900,2018,12,5,200000_plus,4_plus,married_couple,no_65_plus,35_64,289900,6,1
pums_ca_08900_04179,0608900,2018,4,1,10000_14999,1,nonfamily_living_alone,has_65_plus,65_plus,12700,1,4
pums_ca_08900_04180,0608900,2018,23,2,15000_19999,2,married_couple,no_65_plus,35_64,15000,2,1
pums_ca_08900_04181,0608900,2018,20,1,25000_29999,1,nonfamily_living_alone,has_65_plus,65_plus,25000,1,4
pums_ca_08900_04182,0608900,2018,9,2,60000_74999,4_plus,married_couple,has_65_plus,65_plus,61000,4,1
pums_ca_08900_04183,0608900,2018,15,2,100000_124999,2,married_couple,no_65_plus,35_64,115000,2,1
pums_ca_08900_04184,0608900,2018,17,2,15000_19999,2,other_female_householder,no_65_plus,35_64,15000,2,3
pums_ca_08900_04185,0608900,2018,14,3,45000_49999,3,married_couple,has_65_plus,65_plus,46100,3,1
pums_ca_08900_04186,0608900,2018,34,2,100000_124999,2,other_female_householder,has_65_plus,35_64,116500,2,3
pums_ca_08900_04187,0608900,2018,5,1,15000_19999,1,nonfamily_living_alone,no_65_plus,35_64,17100,1,4
pums_ca_08900_04188,0608900,2018,7,1,25000_29999,1,nonfamily_not_living_alone,no_65_plus,18_34,25000,1,6
pums_ca_08900_04189,0608900,2018,39,3,60000_74999,2,married_couple,no_65_plus,35_64,62000,2,1
pums_ca_08900_04190,0608900,2018,2,1,20000_24999,3,nonfamily_living_alone,has_65_plus,65_plus,20700,3,4
pums_ca_08900_04191,0608900,2018,8,2,20000_24999,1,married_couple,has_65_plus,35_64,23200,1,1
pums_ca_08900_04192,0608900,2018,24,3,lt_10000,1,other_female_householder,no_65_plus,35_64,6500,1,3
pums_ca_08900_04193,0608900,2018,4,4,100000_124999,1,married_couple,no_65_plus,18_34,102200,1,1
pums_ca_08900_04194,0608900,2018,20,4,10000_14999,0,nonfamily_not_living_alone,no_65_plus,18_34,10700,0,7
pums_ca_08900_04195,0608900,2018,76,2,25000_29999,2,other_female_householder,no_65_plus,18_34,27000,2,3
pums_ca_08900_04196,0608900,2018,27,4,150000_199999,2,married_couple,no_65_plus,18_34,160000,2,1
pums_ca_08900_04197,0608900,2018,9,3,20000_24999,1,nonfamily_living_alone,no_65_plus,35_64,23700,1,5
pums_ca_08900_04198,0608900,2018,45,2,150000_199999,1,other_female_householder,no_65_plus,35_64,150000,1,3
pums_ca_08900_04199,0608900,2018,17,4,lt_10000,2,other_female_householder,no_65_plus,35_64,6200,2,3
pums_ca_08900_04200,0608900,2018,15,1,35000_39999,2,nonfamily_living_alone,no_65_plus,35_64,35000,2,4
pums_ca_08900_04201,0608900,2018,19,1,60000_74999,2,nonfamily_living_alone,no_65_plus,35_64,72000,2,4
pums_ca_08900_04202,0608900,2018,7,1,200000_plus,1,nonfamily_living_alone,no_65_plus,35_64,300000,1,4
pums_ca_08900_04203,0608900,2018,13,4,25000_29999,3,married_couple,no_65_plus,35_64,28100,3,1
pums_ca_08900_04204,0608900,2018,18,5,100000_124999,2,married_couple,no_65_plus,35_64,100000,2,1
pums_ca_08900_04205,0608900,2018,5,4,125000_149999,3,married_couple,no_65_plus,35_64,145000,3,1
pums_ca_08900_04206,0608900,2018,8,2,75000_99999,2,married_couple,has_65_plus,65_plus,91800,2,1
pums_ca_08900_04207,0608900,2018,8,3,lt_10000,2,nonfamily_living_alone,no_65_plus,18_34,1000,2,5
pums_ca_08900_04208,0608900,2018,11,1,lt_10000,2,nonfamily_living_alone,no_65_plus,35_64,4000,2,4
pums_ca_08900_04209,0608900,2018,14,1,60000_74999,1,nonfamily_not_living_alone,no_65_plus,35_64,65000,1,6
pums_ca_08900_04210,0608900,2018,10,2,35000_39999,3,married_couple,has_65_plus,65_plus,37200,3,1
pums_ca_08900_04211,0608900,2018,6,2,25000_29999,0,other_male_householder,no_65_plus,35_64,26000,0,2
pums_ca_08900_04212,0608900,2018,13,2,75000_99999,2,married_couple,has_65_plus,65_plus,86200,2,1
pums_ca_08900_04213,0608900,2018,8,1,60000_74999,2,nonfamily_living_alone,has_65_plus,65_plus,72300,2,4
pums_ca_08900_04214,0608900,2018,12,2,10000_14999,2,nonfamily_not_living_alone,no_65_plus,18_34,12000,2,7
pums_ca_08900_04215,0608900,2018,17,1,15000_19999,1,nonfamily_living_alone,has_65_plus,65_plus,16400,1,4
pums_ca_08900_04216,0608900,2018,12,5,125000_149999,4_plus,married_couple,no_65_plus,35_64,149000,4,1
pums_ca_08900_04217,0608900,2018,43,3,45000_49999,2,married_couple,has_65_plus,65_plus,46100,2,1
pums_ca_08900_04218,0608900,2018,5,4,150000_199999,2,married_couple,no_65_plus,35_64,175700,2,1
pums_ca_08900_04219,0608900,2018,9,2,45000_49999,2,married_couple,has_65_plus,65_plus,47400,2,1
pums_ca_08900_04220,0608900,2018,15,3,150000_199999,2,nonfamily_not_living_alone,no_65_plus,35_64,155900,2,7
pums_ca_08900_04221,0608900,2018,27,7,35000_39999,2,married_couple,has_65_plus,65_plus,35700,2,1
pums_ca_08900_04222,0608900,2018,11,1,30000_34999,1,nonfamily_living_alone,has_65_plus,65_plus,30000,1,4
pums_ca_08900_04223,0608900,2018,5,2,100000_124999,1,married_couple,has_65_plus,35_64,122800,1,1
pums_ca_08900_04224,0608900,2018,9,3,30000_34999,2,other_female_householder,no_65_plus,35_64,31900,2,3
pums_ca_08900_04225,0608900,2018,11,2,125000_149999,3,married_couple,has_65_plus,65_plus,147700,3,1
pums_ca_08900_04226,0608900,2018,9,2,10000_14999,1,other_female_householder,no_65_plus,35_64,11000,1,3
pums_ca_08900_04227,0608900,2018,18,3,100000_124999,2,other_female_householder,no_65_plus,35_64,102900,2,3
pums_ca_08900_04228,0608900,2018,11,2,45000_49999,1,other_female_householder,has_65_plus,35_64,47800,1,3
pums_ca_08900_04229,0608900,2018,16,2,10000_14999,2,married_couple,no_65_plus,35_64,13640,2,1
pums_ca_08900_04230,0608900,2018,14,3,75000_99999,3,other_male_householder,no_65_plus,18_34,75000,3,2
pums_ca_08900_04231,0608900,2018,8,3,150000_199999,3,married_couple,no_65_plus,35_64,182000,3,1
pums_ca_08900_04232,0608900,2018,13,2,60000_74999,2,married_couple,no_65_plus,35_64,65500,2,1
pums_ca_08900_04233,0608900,2018,38,3,lt_10000,1,other_female_householder,no_65_plus,35_64,7600,1,3
pums_ca_08900_04234,0608900,2018,56,1,lt_10000,0,nonfamily_not_living_alone,has_65_plus,65_plus,0,0,6
pums_ca_08900_04235,0608900,2018,12,2,150000_199999,3,married_couple,no_65_plus,35_64,166000,3,1
pums_ca_08900_04236,0608900,2018,16,1,100000_124999,1,nonfamily_not_living_alone,has_65_plus,65_plus,116200,1,6
pums_ca_08900_04237,0608900,2018,5,1,15000_19999,4_plus,nonfamily_not_living_alone,has_65_plus,65_plus,15700,4,6
pums_ca_08900_04238,0608900,2018,13,3,40000_44999,2,other_female_householder,no_65_plus,18_34,44000,2,3
pums_ca_08900_04239,0608900,2018,19,2,30000_34999,2,married_couple,no_65_plus,35_64,30600,2,1
pums_ca_08900_04240,0608900,2018,8,3,75000_99999,2,other_female_householder,has_65_plus,65_plus,83800,2,3
pums_ca_08900_04241,0608900,2018,11,2,200000_plus,2,married_couple,no_65_plus,18_34,409800,2,1
pums_ca_08900_04242,0608900,2018,23,1,45000_49999,1,nonfamily_living_alone,no_65_plus,35_64,45000,1,4
pums_ca_08900_04243,0608900,2018,12,2,lt_10000,2,married_couple,no_65_plus,35_64,0,2,1
pums_ca_08900_04244,0608900,2018,8,3,200000_plus,3,married_couple,no_65_plus,18_34,253000,3,1
pums_ca_08900_04245,0608900,2018,4,2,75000_99999,3,married_couple,has_65_plus,65_plus,98550,3,1
pums_ca_08900_04246,0608900,2018,4,1,75000_99999,1,nonfamily_not_living_alone,no_65_plus,35_64,87800,1,6
pums_ca_08900_04247,0608900,2018,11,5,125000_149999,2,married_couple,no_65_plus,35_64,130000,2,1
pums_ca_08900_04248,0608900,2018,22,3,60000_74999,2,married_couple,no_65_plus,35_64,71400,2,1
pums_ca_08900_04249,0608900,2018,5,1,30000_34999,0,nonfamily_not_living_alone,has_65_plus,65_plus,31800,0,6
pums_ca_08900_04250,0608900,2018,14,2,150000_199999,2,married_couple,no_65_plus,35_64,188300,2,1
pums_ca_08900_04251,0608900,2018,11,1,20000_24999,0,nonfamily_not_living_alone,has_65_plus,65_plus,21200,0,6
pums_ca_08900_04252,0608900,2018,5,5,150000_199999,4_plus,married_couple,no_65_plus,35_64,155100,6,1
pums_ca_08900_04253,0608900,2018,22,2,35000_39999,2,married_couple,no_65_plus,18_34,36000,2,1
pums_ca_08900_04254,0608900,2018,12,1,75000_99999,1,nonfamily_not_living_alone,no_65_plus,35_64,79000,1,6
pums_ca_08900_04255,0608900,2018,8,2,150000_199999,1,married_couple,has_65_plus,65_plus,164000,1,1
pums_ca_08900_04256,0608900,2018,15,2,75000_99999,2,married_couple,no_65_plus,35_64,99500,2,1
pums_ca_08900_04257,0608900,2018,14,4,25000_29999,2,married_couple,no_65_plus,35_64,28300,2,1
pums_ca_08900_04258,0608900,2018,25,2,30000_34999,1,married_couple,has_65_plus,65_plus,34500,1,1
pums_ca_08900_04259,0608900,2018,11,1,40000_44999,1,nonfamily_living_alone,has_65_plus,65_plus,44000,1,4
pums_ca_08900_04260,0608900,2018,12,2,20000_24999,2,nonfamily_not_living_alone,has_65_plus,65_plus,21000,2,7
pums_ca_08900_04261,0608900,2018,8,2,60000_74999,1,nonfamily_not_living_alone,no_65_plus,35_64,60680,1,7
pums_ca_08900_04262,0608900,2018,27,1,50000_59999,0,nonfamily_not_living_alone,no_65_plus,35_64,54000,0,6
pums_ca_08900_04263,0608900,2018,8,3,60000_74999,2,other_female_householder,no_65_plus,35_64,69100,2,3
pums_ca_08900_04264,0608900,2018,8,3,150000_199999,4_plus,married_couple,no_65_plus,35_64,173020,6,1
pums_ca_08900_04265,0608900,2018,19,4,40000_44999,2,married_couple,no_65_plus,35_64,42150,2,1
pums_ca_08900_04266,0608900,2018,22,3,75000_99999,1,other_female_householder,no_65_plus,35_64,79000,1,3
pums_ca_08900_04267,0608900,2018,6,1,lt_10000,2,nonfamily_living_alone,no_65_plus,35_64,7000,2,4
pums_ca_08900_04268,0608900,2018,7,2,75000_99999,2,married_couple,no_65_plus,35_64,91000,2,1
pums_ca_08900_04269,0608900,2018,12,2,50000_59999,1,married_couple,no_65_plus,18_34,58800,1,1
pums_ca_08900_04270,0608900,2018,12,3,100000_124999,3,married_couple,no_65_plus,35_64,101000,3,1
pums_ca_08900_04271,0608900,2018,11,1,15000_19999,1,nonfamily_not_living_alone,no_65_plus,35_64,18000,1,6
pums_ca_08900_04272,0608900,2018,11,3,40000_44999,3,other_female_householder,no_65_plus,35_64,42000,3,3
pums_ca_08900_04273,0608900,2018,9,2,125000_149999,4_plus,other_male_householder,has_65_plus,65_plus,131400,4,2
pums_ca_08900_04274,0608900,2018,5,6,200000_plus,3,married_couple,no_65_plus,35_64,200000,3,1
pums_ca_08900_04275,0608900,2018,20,2,35000_39999,1,married_couple,has_65_plus,65_plus,35900,1,1
pums_ca_08900_04276,0608900,2018,19,1,15000_19999,1,nonfamily_not_living_alone,has_65_plus,65_plus,18000,1,6
pums_ca_08900_04277,0608900,2018,16,4,35000_39999,2,married_couple,no_65_plus,35_64,35700,2,1
pums_ca_08900_04278,0608900,2018,20,2,60000_74999,0,married_couple,no_65_plus,35_64,70000,0,1
pums_ca_08900_04279,0608900,2018,20,2,100000_124999,3,nonfamily_living_alone,has_65_plus,65_plus,114000,3,5
pums_ca_08900_04280,0608900,2018,16,4,150000_199999,2,married_couple,no_65_plus,35_64,159200,2,1
pums_ca_08900_04281,0608900,2018,11,1,lt_10000,1,nonfamily_not_living_alone,has_65_plus,65_plus,6600,1,6
pums_ca_08900_04282,0608900,2018,13,2,15000_19999,1,other_female_householder,no_65_plus,35_64,16300,1,3
pums_ca_08900_04283,0608900,2018,19,2,150000_199999,2,married_couple,no_65_plus,18_34,160000,2,1
pums_ca_08900_04284,0608900,2018,18,2,60000_74999,4_plus,married_couple,no_65_plus,35_64,67600,4,1
pums_ca_08900_04285,0608900,2018,13,3,150000_199999,2,married_couple,no_65_plus,18_34,178000,2,1
pums_ca_08900_04286,0608900,2018,22,2,60000_74999,4_plus,married_couple,has_65_plus,65_plus,60300,4,1
pums_ca_08900_04287,0608900,2018,58,5,lt_10000,1,married_couple,no_65_plus,18_34,8500,1,1
pums_ca_08900_04288,0608900,2018,13,2,100000_124999,3,married_couple,has_65_plus,65_plus,112900,3,1
pums_ca_08900_04289,0608900,2018,8,2,10000_14999,1,nonfamily_not_living_alone,no_65_plus,35_64,14400,1,7
pums_ca_08900_04290,0608900,2018,30,7,150000_199999,3,married_couple,no_65_plus,35_64,164120,3,1
pums_ca_08900_04291,0608900,2018,20,5,150000_199999,4_plus,married_couple,no_65_plus,35_64,172000,4,1
pums_ca_08900_04292,0608900,2018,17,4,75000_99999,3,married_couple,no_65_plus,35_64,80000,3,1
pums_ca_08900_04293,0608900,2018,14,4,60000_74999,2,married_couple,no_65_plus,18_34,61000,2,1
pums_ca_08900_04294,0608900,2018,16,1,25000_29999,1,nonfamily_not_living_alone,has_65_plus,65_plus,28000,1,6
pums_ca_08900_04295,0608900,2018,15,5,75000_99999,2,married_couple,no_65_plus,18_34,81100,2,1
pums_ca_08900_04296,0608900,2018,11,1,lt_10000,1,nonfamily_living_alone,no_65_plus,35_64,3100,1,4
pums_ca_08900_04297,0608900,2018,29,2,15000_19999,0,other_female_householder,has_65_plus,65_plus,16000,0,3
pums_ca_08900_04298,0608900,2018,12,2,45000_49999,3,married_couple,no_65_plus,35_64,45100,3,1
pums_ca_08900_04299,0608900,2018,2,2,100000_124999,2,married_couple,has_65_plus,65_plus,100000,2,1
pums_ca_08900_04300,0608900,2018,32,3,30000_34999,1,other_male_householder,has_65_plus,18_34,34100,1,2
pums_ca_08900_04301,0608900,2018,3,5,50000_59999,2,married_couple,no_65_plus,18_34,50000,2,1
pums_ca_08900_04302,0608900,2018,53,3,60000_74999,3,married_couple,no_65_plus,35_64,63000,3,1
pums_ca_08900_04303,0608900,2018,8,3,50000_59999,4_plus,other_male_householder,has_65_plus,65_plus,58000,4,2
pums_ca_08900_04304,0608900,2018,7,1,20000_24999,1,nonfamily_not_living_alone,has_65_plus,65_plus,20200,1,6
pums_ca_08900_04305,0608900,2018,11,5,50000_59999,3,married_couple,no_65_plus,35_64,58400,3,1
pums_ca_08900_04306,0608900,2018,14,2,200000_plus,2,married_couple,no_65_plus,18_34,358000,2,1
pums_ca_08900_04307,0608900,2018,13,1,20000_24999,3,nonfamily_not_living_alone,no_65_plus,35_64,20000,3,6
pums_ca_08900_04308,0608900,2018,61,4,100000_124999,3,nonfamily_not_living_alone,no_65_plus,18_34,117400,3,7
pums_ca_08900_04309,0608900,2018,11,1,100000_124999,1,nonfamily_not_living_alone,has_65_plus,65_plus,108400,1,6
pums_ca_08900_04310,0608900,2018,11,2,75000_99999,2,married_couple,no_65_plus,35_64,83900,2,1
pums_ca_08900_04311,0608900,2018,13,1,40000_44999,2,nonfamily_living_alone,has_65_plus,65_plus,44600,2,4
pums_ca_08900_04312,0608900,2018,17,3,60000_74999,2,other_female_householder,no_65_plus,35_64,60000,2,3
pums_ca_08900_04313,0608900,2018,18,2,75000_99999,3,nonfamily_not_living_alone,has_65_plus,65_plus,94200,3,7
pums_ca_08900_04314,0608900,2018,27,4,50000_59999,0,other_male_householder,no_65_plus,35_64,53000,0,2
pums_ca_08900_04315,0608900,2018,11,1,60000_74999,2,nonfamily_living_alone,no_65_plus,35_64,60000,2,4
pums_ca_08900_04316,0608900,2018,15,4,75000_99999,3,married_couple,no_65_plus,35_64,91700,3,1
pums_ca_08900_04317,0608900,2018,13,2,100000_124999,4_plus,nonfamily_not_living_alone,no_65_plus,35_64,105000,4,7
