geoid,SPORDER,PWGTP,AGEP,DEAR,DEYE,DOUT,DPHY,DRAT,DREM,RELP,DIS,person_age_group,decision_capable,decision_policy,synthetic_household_id,resident_id
14000US06089010100,1,37,83,1,2,2.0,2.0,,2.0,0,1,65_plus,True,generative,syn_t001_h0000001,syn_t001_h0000001_r001
14000US06089010100,1,13,46,2,2,2.0,2.0,,2.0,0,2,35_64,True,generative,syn_t001_h0000002,syn_t001_h0000002_r001
14000US06089010100,1,35,61,2,2,2.0,2.0,,2.0,0,2,35_64,True,generative,syn_t001_h0000003,syn_t001_h0000003_r001
14000US06089010100,2,49,59,2,1,1.0,2.0,,2.0,11,1,35_64,True,generative,syn_t001_h0000003,syn_t001_h0000003_r002
14000US06089010100,3,49,47,2,1,1.0,1.0,,1.0,11,1,35_64,True,generative,syn_t001_h0000003,syn_t001_h0000003_r003
14000US06089010100,1,14,81,2,2,2.0,2.0,,2.0,0,2,65_plus,True,generative,syn_t001_h0000004,syn_t001_h0000004_r001
14000US06089010100,1,10,75,2,2,1.0,1.0,,2.0,0,1,65_plus,True,generative,syn_t001_h0000005,syn_t001_h0000005_r001
14000US06089010100,2,13,80,2,2,1.0,1.0,,2.0,1,1,65_plus,True,generative,syn_t001_h0000005,syn_t001_h0000005_r002
14000US06089010100,1,16,63,2,2,2.0,2.0,,2.0,0,2,35_64,True,generative,syn_t001_h0000006,syn_t001_h0000006_r001
14000US06089010100,1,9,61,2,2,2.0,2.0,,2.0,0,2,35_64,True,generative,syn_t001_h0000007,syn_t001_h0000007_r001
14000US06089010100,1,21,74,2,2,2.0,2.0,,1.0,0,1,65_plus,True,generative,syn_t001_h0000008,syn_t001_h0000008_r001
14000US06089010100,1,59,52,2,2,2.0,2.0,,2.0,0,2,35_64,True,generative,syn_t001_h0000009,syn_t001_h0000009_r001
14000US06089010100,1,12,58,2,2,2.0,2.0,,2.0,0,2,35_64,True,generative,syn_t001_h0000010,syn_t001_h0000010_r001
14000US06089010200,1,71,27,2,2,1.0,2.0,,1.0,0,1,18_34,True,generative,syn_t002_h0000001,syn_t002_h0000001_r001
14000US06089010200,1,14,81,2,2,2.0,2.0,,2.0,0,2,65_plus,True,generative,syn_t002_h0000002,syn_t002_h0000002_r001
14000US06089010200,1,4,55,2,2,2.0,2.0,,2.0,0,2,35_64,True,generative,syn_t002_h0000003,syn_t002_h0000003_r001
14000US06089010200,2,3,60,2,2,2.0,2.0,3.0,2.0,1,2,35_64,True,generative,syn_t002_h0000003,syn_t002_h0000003_r002
14000US06089010200,1,13,76,1,2,2.0,2.0,,2.0,0,1,65_plus,True,generative,syn_t002_h0000004,syn_t002_h0000004_r001
14000US06089010200,1,12,58,2,2,2.0,2.0,,2.0,0,2,35_64,True,generative,syn_t002_h0000005,syn_t002_h0000005_r001
14000US06089010200,2,19,24,2,2,2.0,2.0,,2.0,2,2,18_34,True,generative,syn_t002_h0000005,syn_t002_h0000005_r002
14000US06089010200,1,19,84,2,2,2.0,2.0,,2.0,0,2,65_plus,True,generative,syn_t002_h0000006,syn_t002_h0000006_r001
14000US06089010200,1,14,54,2,2,1.0,2.0,,2.0,0,1,35_64,True,generative,syn_t002_h0000007,syn_t002_h0000007_r001
14000US06089010200,2,17,12,2,2,,2.0,,2.0,2,2,0_17,False,dependent,syn_t002_h0000007,syn_t002_h0000007_r002
14000US06089010200,1,62,28,2,2,2.0,2.0,,2.0,0,2,18_34,True,generative,syn_t002_h0000008,syn_t002_h0000008_r001
14000US06089010200,2,70,7,2,2,,2.0,,2.0,2,2,0_17,False,dependent,syn_t002_h0000008,syn_t002_h0000008_r002
14000US06089010200,3,63,2,2,2,,,,,2,2,0_17,False,dependent,syn_t002_h0000008,syn_t002_h0000008_r003
14000US06089010200,1,4,75,2,2,2.0,2.0,,2.0,0,2,65_plus,True,generative,syn_t002_h0000009,syn_t002_h0000009_r001
14000US06089010200,2,5,73,1,2,2.0,2.0,,2.0,1,1,65_plus,True,generative,syn_t002_h0000009,syn_t002_h0000009_r002
14000US06089010200,1,35,66,2,2,2.0,2.0,,2.0,0,2,65_plus,True,generative,syn_t002_h0000010,syn_t002_h0000010_r001
14000US06089010200,2,29,58,2,2,2.0,2.0,,2.0,1,2,35_64,True,generative,syn_t002_h0000010,syn_t002_h0000010_r002
14000US06089010200,1,57,50,2,2,2.0,2.0,,2.0,0,2,35_64,True,generative,syn_t002_h0000011,syn_t002_h0000011_r001
14000US06089010200,2,77,15,2,2,2.0,2.0,,2.0,2,2,0_17,False,dependent,syn_t002_h0000011,syn_t002_h0000011_r002
14000US06089010200,1,36,43,2,2,2.0,2.0,,2.0,0,2,35_64,True,generative,syn_t002_h0000012,syn_t002_h0000012_r001
14000US06089010200,1,9,27,2,2,2.0,2.0,,2.0,0,2,18_34,True,generative,syn_t002_h0000013,syn_t002_h0000013_r001
14000US06089010200,1,19,65,2,2,2.0,2.0,,2.0,0,2,65_plus,True,generative,syn_t002_h0000014,syn_t002_h0000014_r001
14000US06089010200,1,11,76,2,2,2.0,2.0,,2.0,0,2,65_plus,True,generative,syn_t002_h0000015,syn_t002_h0000015_r001
14000US06089010200,1,24,24,2,2,2.0,2.0,,2.0,0,2,18_34,True,generative,syn_t002_h0000016,syn_t002_h0000016_r001
14000US06089010200,2,19,25,2,2,2.0,2.0,,2.0,1,2,18_34,True,generative,syn_t002_h0000016,syn_t002_h0000016_r002
14000US06089010300,1,42,59,2,2,2.0,2.0,,2.0,0,2,35_64,True,generative,syn_t003_h0000001,syn_t003_h0000001_r001
14000US06089010300,2,46,56,2,2,2.0,2.0,,2.0,1,2,35_64,True,generative,syn_t003_h0000001,syn_t003_h0000001_r002
14000US06089010300,3,59,80,1,1,1.0,1.0,,1.0,8,1,65_plus,True,generative,syn_t003_h0000001,syn_t003_h0000001_r003
14000US06089010300,1,15,45,2,2,2.0,2.0,,2.0,0,2,35_64,True,generative,syn_t003_h0000002,syn_t003_h0000002_r001
14000US06089010300,2,15,52,2,2,2.0,2.0,,2.0,1,2,35_64,True,generative,syn_t003_h0000002,syn_t003_h0000002_r002
14000US06089010300,3,16,17,2,2,2.0,2.0,,2.0,2,2,0_17,False,dependent,syn_t003_h0000002,syn_t003_h0000002_r003
14000US06089010300,1,11,51,2,2,2.0,2.0,,2.0,0,2,35_64,True,generative,syn_t003_h0000003,syn_t003_h0000003_r001
14000US06089010300,2,24,45,2,2,2.0,2.0,,2.0,12,2,35_64,True,generative,syn_t003_h0000003,syn_t003_h0000003_r002
14000US06089010300,1,71,49,2,2,2.0,2.0,,2.0,0,2,35_64,True,generative,syn_t003_h0000004,syn_t003_h0000004_r001
14000US06089010300,2,54,50,2,2,2.0,2.0,,2.0,1,2,35_64,True,generative,syn_t003_h0000004,syn_t003_h0000004_r002
14000US06089010300,1,36,30,2,2,2.0,2.0,,2.0,0,2,18_34,True,generative,syn_t003_h0000005,syn_t003_h0000005_r001
14000US06089010300,2,56,28,2,2,2.0,2.0,,2.0,13,2,18_34,True,generative,syn_t003_h0000005,syn_t003_h0000005_r002
14000US06089010300,1,78,40,2,2,2.0,2.0,,2.0,0,2,35_64,True,generative,syn_t003_h0000006,syn_t003_h0000006_r001
14000US06089010300,2,78,37,2,2,2.0,2.0,,2.0,1,2,35_64,True,generative,syn_t003_h0000006,syn_t003_h0000006_r002
14000US06089010300,1,35,63,2,2,2.0,1.0,,2.0,0,1,35_64,True,generative,syn_t003_h0000007,syn_t003_h0000007_r001
14000US06089010300,1,48,40,2,2,2.0,2.0,,2.0,0,2,35_64,True,generative,syn_t003_h0000008,syn_t003_h0000008_r001
14000US06089010300,2,58,9,2,2,,2.0,,2.0,5,2,0_17,False,dependent,syn_t003_h0000008,syn_t003_h0000008_r002
14000US06089010300,3,50,24,2,2,2.0,2.0,,2.0,12,2,18_34,True,generative,syn_t003_h0000008,syn_t003_h0000008_r003
14000US06089010300,1,16,47,2,2,2.0,2.0,,2.0,0,2,35_64,True,generative,syn_t003_h0000009,syn_t003_h0000009_r001
14000US06089010300,2,16,31,1,2,2.0,2.0,,2.0,1,1,18_34,True,generative,syn_t003_h0000009,syn_t003_h0000009_r002
14000US06089010300,3,16,18,2,2,2.0,2.0,,2.0,2,2,18_34,True,generative,syn_t003_h0000009,syn_t003_h0000009_r003
14000US06089010300,4,9,53,2,2,2.0,2.0,,2.0,10,2,35_64,True,generative,syn_t003_h0000009,syn_t003_h0000009_r004
14000US06089010300,1,25,47,2,2,2.0,2.0,,2.0,0,2,35_64,True,generative,syn_t003_h0000010,syn_t003_h0000010_r001
14000US06089010300,2,11,47,2,2,2.0,2.0,3.0,2.0,1,2,35_64,True,generative,syn_t003_h0000010,syn_t003_h0000010_r002
14000US06089010300,3,30,24,2,2,2.0,2.0,,2.0,2,2,18_34,True,generative,syn_t003_h0000010,syn_t003_h0000010_r003
14000US06089010300,4,28,16,2,2,2.0,2.0,,2.0,2,2,0_17,False,dependent,syn_t003_h0000010,syn_t003_h0000010_r004
14000US06089010300,1,62,34,2,2,2.0,2.0,,2.0,0,2,18_34,True,generative,syn_t003_h0000011,syn_t003_h0000011_r001
14000US06089010300,2,77,27,2,2,2.0,2.0,,2.0,1,2,18_34,True,generative,syn_t003_h0000011,syn_t003_h0000011_r002
14000US06089010300,1,43,78,1,1,2.0,1.0,,2.0,0,1,65_plus,True,generative,syn_t003_h0000012,syn_t003_h0000012_r001
14000US06089010300,1,42,35,2,2,1.0,1.0,,1.0,0,1,35_64,True,generative,syn_t003_h0000013,syn_t003_h0000013_r001
14000US06089010300,2,40,14,2,2,,2.0,,2.0,2,2,0_17,False,dependent,syn_t003_h0000013,syn_t003_h0000013_r002
14000US06089010300,3,32,16,2,2,2.0,2.0,,2.0,10,2,0_17,False,dependent,syn_t003_h0000013,syn_t003_h0000013_r003
14000US06089010300,4,39,13,2,2,,2.0,,2.0,10,2,0_17,False,dependent,syn_t003_h0000013,syn_t003_h0000013_r004
14000US06089010300,1,11,52,2,2,2.0,2.0,,2.0,0,2,35_64,True,generative,syn_t003_h0000014,syn_t003_h0000014_r001
14000US06089010300,2,25,25,2,2,2.0,2.0,,2.0,2,2,18_34,True,generative,syn_t003_h0000014,syn_t003_h0000014_r002
14000US06089010300,3,27,20,2,2,2.0,2.0,,2.0,2,2,18_34,True,generative,syn_t003_h0000014,syn_t003_h0000014_r003
14000US06089010300,1,21,73,1,2,1.0,1.0,,2.0,0,1,65_plus,True,generative,syn_t003_h0000015,syn_t003_h0000015_r001
14000US06089010300,2,18,64,2,2,2.0,2.0,,2.0,1,2,35_64,True,generative,syn_t003_h0000015,syn_t003_h0000015_r002
14000US06089010300,3,26,41,2,2,2.0,2.0,,2.0,2,2,35_64,True,generative,syn_t003_h0000015,syn_t003_h0000015_r003
14000US06089010300,4,31,50,2,2,2.0,2.0,,2.0,9,2,35_64,True,generative,syn_t003_h0000015,syn_t003_h0000015_r004
14000US06089010300,1,41,28,2,2,2.0,1.0,,2.0,0,1,18_34,True,generative,syn_t003_h0000016,syn_t003_h0000016_r001
14000US06089010300,2,45,26,2,2,2.0,2.0,,2.0,5,2,18_34,True,generative,syn_t003_h0000016,syn_t003_h0000016_r002
14000US06089010300,3,47,29,2,2,2.0,2.0,,2.0,13,2,18_34,True,generative,syn_t003_h0000016,syn_t003_h0000016_r003
14000US06089010300,1,12,58,2,2,2.0,2.0,,2.0,0,2,35_64,True,generative,syn_t003_h0000017,syn_t003_h0000017_r001
14000US06089010300,1,7,66,2,2,2.0,2.0,,2.0,0,2,65_plus,True,generative,syn_t003_h0000018,syn_t003_h0000018_r001
14000US06089010300,2,7,62,2,2,1.0,1.0,,2.0,1,1,35_64,True,generative,syn_t003_h0000018,syn_t003_h0000018_r002
14000US06089010300,1,46,30,2,2,2.0,2.0,,1.0,0,1,18_34,True,generative,syn_t003_h0000019,syn_t003_h0000019_r001
14000US06089010300,2,42,6,2,2,,2.0,,2.0,2,2,0_17,False,dependent,syn_t003_h0000019,syn_t003_h0000019_r002
14000US06089010300,1,11,57,2,2,2.0,2.0,,2.0,0,2,35_64,True,generative,syn_t003_h0000020,syn_t003_h0000020_r001
14000US06089010300,2,13,72,2,2,2.0,2.0,2.0,2.0,1,2,65_plus,True,generative,syn_t003_h0000020,syn_t003_h0000020_r002
14000US06089010300,3,17,18,2,2,2.0,2.0,,2.0,2,2,18_34,True,generative,syn_t003_h0000020,syn_t003_h0000020_r003
14000US06089010300,1,49,33,2,2,2.0,2.0,,2.0,0,2,18_34,True,generative,syn_t003_h0000021,syn_t003_h0000021_r001
14000US06089010300,2,48,31,2,2,2.0,2.0,,2.0,1,2,18_34,True,generative,syn_t003_h0000021,syn_t003_h0000021_r002
14000US06089010300,1,8,59,2,2,2.0,2.0,,2.0,0,2,35_64,True,generative,syn_t003_h0000022,syn_t003_h0000022_r001
14000US06089010400,1,5,63,2,2,2.0,2.0,,2.0,0,2,35_64,True,generative,syn_t004_h0000001,syn_t004_h0000001_r001
14000US06089010400,1,30,57,2,2,2.0,2.0,,2.0,0,2,35_64,True,generative,syn_t004_h0000002,syn_t004_h0000002_r001
14000US06089010400,1,26,41,2,2,2.0,2.0,,2.0,0,2,35_64,True,generative,syn_t004_h0000003,syn_t004_h0000003_r001
14000US06089010400,2,26,12,2,2,,2.0,,2.0,2,2,0_17,False,dependent,syn_t004_h0000003,syn_t004_h0000003_r002
14000US06089010400,3,25,9,2,2,,2.0,,2.0,2,2,0_17,False,dependent,syn_t004_h0000003,syn_t004_h0000003_r003
14000US06089010400,4,24,60,2,2,2.0,2.0,,2.0,6,2,35_64,True,generative,syn_t004_h0000003,syn_t004_h0000003_r004
14000US06089010400,1,12,62,2,2,1.0,1.0,,2.0,0,1,35_64,True,generative,syn_t004_h0000004,syn_t004_h0000004_r001
14000US06089010400,1,16,77,1,1,2.0,1.0,,2.0,0,1,65_plus,True,generative,syn_t004_h0000005,syn_t004_h0000005_r001
14000US06089010400,1,43,40,2,2,2.0,2.0,,2.0,0,2,35_64,True,generative,syn_t004_h0000006,syn_t004_h0000006_r001
14000US06089010400,2,44,31,2,2,2.0,2.0,,2.0,1,2,18_34,True,generative,syn_t004_h0000006,syn_t004_h0000006_r002
14000US06089010400,3,34,8,2,2,,2.0,,2.0,2,2,0_17,False,dependent,syn_t004_h0000006,syn_t004_h0000006_r003
14000US06089010400,1,33,67,2,2,2.0,2.0,,2.0,0,2,65_plus,True,generative,syn_t004_h0000007,syn_t004_h0000007_r001
14000US06089010400,2,33,67,2,2,2.0,2.0,,2.0,1,2,65_plus,True,generative,syn_t004_h0000007,syn_t004_h0000007_r002
14000US06089010400,1,48,57,1,2,2.0,2.0,,2.0,0,1,35_64,True,generative,syn_t004_h0000008,syn_t004_h0000008_r001
14000US06089010400,1,42,63,2,2,2.0,1.0,,2.0,0,1,35_64,True,generative,syn_t004_h0000009,syn_t004_h0000009_r001
14000US06089010400,2,24,87,1,2,1.0,1.0,,1.0,6,1,65_plus,True,generative,syn_t004_h0000009,syn_t004_h0000009_r002
14000US06089010400,1,18,56,2,2,2.0,2.0,,2.0,0,2,35_64,True,generative,syn_t004_h0000010,syn_t004_h0000010_r001
14000US06089010400,2,16,52,2,2,2.0,2.0,,2.0,1,2,35_64,True,generative,syn_t004_h0000010,syn_t004_h0000010_r002
14000US06089010400,1,28,52,2,2,2.0,2.0,,2.0,0,2,35_64,True,generative,syn_t004_h0000011,syn_t004_h0000011_r001
14000US06089010400,2,22,54,2,2,2.0,2.0,,2.0,1,2,35_64,True,generative,syn_t004_h0000011,syn_t004_h0000011_r002
14000US06089010400,3,37,17,2,2,2.0,2.0,,2.0,2,2,0_17,False,dependent,syn_t004_h0000011,syn_t004_h0000011_r003
14000US06089010400,1,64,30,2,2,2.0,2.0,,2.0,0,2,18_34,True,generative,syn_t004_h0000012,syn_t004_h0000012_r001
14000US06089010400,2,74,28,2,2,2.0,2.0,,2.0,1,2,18_34,True,generative,syn_t004_h0000012,syn_t004_h0000012_r002
14000US06089010400,3,66,5,2,2,,2.0,,2.0,2,2,0_17,False,dependent,syn_t004_h0000012,syn_t004_h0000012_r003
14000US06089010400,1,45,23,2,2,2.0,2.0,,2.0,0,2,18_34,True,generative,syn_t004_h0000013,syn_t004_h0000013_r001
14000US06089010400,2,37,21,2,2,2.0,2.0,,2.0,1,2,18_34,True,generative,syn_t004_h0000013,syn_t004_h0000013_r002
14000US06089010400,1,74,71,1,1,2.0,2.0,,1.0,0,1,65_plus,True,generative,syn_t004_h0000014,syn_t004_h0000014_r001
14000US06089010400,2,75,76,1,1,1.0,1.0,,1.0,1,1,65_plus,True,generative,syn_t004_h0000014,syn_t004_h0000014_r002
14000US06089010400,3,81,31,2,2,2.0,2.0,,1.0,7,1,18_34,True,generative,syn_t004_h0000014,syn_t004_h0000014_r003
14000US06089010400,4,109,24,2,2,2.0,2.0,,2.0,7,2,18_34,True,generative,syn_t004_h0000014,syn_t004_h0000014_r004
14000US06089010400,5,94,21,2,2,2.0,2.0,,2.0,7,2,18_34,True,generative,syn_t004_h0000014,syn_t004_h0000014_r005
14000US06089010400,6,77,3,2,2,,,,,7,2,0_17,False,dependent,syn_t004_h0000014,syn_t004_h0000014_r006
14000US06089010400,7,97,0,2,1,,,,,7,1,0_17,False,dependent,syn_t004_h0000014,syn_t004_h0000014_r007
14000US06089010400,1,10,83,2,2,2.0,2.0,,2.0,0,2,65_plus,True,generative,syn_t004_h0000015,syn_t004_h0000015_r001
14000US06089010400,1,23,52,2,2,2.0,2.0,,2.0,0,2,35_64,True,generative,syn_t004_h0000016,syn_t004_h0000016_r001
14000US06089010400,2,19,51,2,2,1.0,1.0,,2.0,1,1,35_64,True,generative,syn_t004_h0000016,syn_t004_h0000016_r002
14000US06089010400,3,46,21,2,2,2.0,2.0,,2.0,2,2,18_34,True,generative,syn_t004_h0000016,syn_t004_h0000016_r003
14000US06089010400,4,39,80,2,2,2.0,2.0,,2.0,10,2,65_plus,True,generative,syn_t004_h0000016,syn_t004_h0000016_r004
14000US06089010400,1,57,50,2,2,2.0,2.0,,2.0,0,2,35_64,True,generative,syn_t004_h0000017,syn_t004_h0000017_r001
14000US06089010400,2,77,15,2,2,2.0,2.0,,2.0,2,2,0_17,False,dependent,syn_t004_h0000017,syn_t004_h0000017_r002
14000US06089010400,1,22,47,2,2,2.0,2.0,,2.0,0,2,35_64,True,generative,syn_t004_h0000018,syn_t004_h0000018_r001
14000US06089010400,1,26,44,2,1,2.0,2.0,,2.0,0,1,35_64,True,generative,syn_t004_h0000019,syn_t004_h0000019_r001
14000US06089010400,2,30,22,2,2,2.0,2.0,,2.0,2,2,18_34,True,generative,syn_t004_h0000019,syn_t004_h0000019_r002
14000US06089010400,3,18,18,2,2,2.0,2.0,,2.0,2,2,18_34,True,generative,syn_t004_h0000019,syn_t004_h0000019_r003
14000US06089010400,4,34,15,2,2,2.0,2.0,,2.0,2,2,0_17,False,dependent,syn_t004_h0000019,syn_t004_h0000019_r004
14000US06089010400,1,23,75,2,2,2.0,2.0,,2.0,0,2,65_plus,True,generative,syn_t004_h0000020,syn_t004_h0000020_r001
14000US06089010400,1,39,50,2,2,2.0,2.0,,2.0,0,2,35_64,True,generative,syn_t004_h0000021,syn_t004_h0000021_r001
14000US06089010400,2,65,19,2,2,2.0,2.0,,2.0,2,2,18_34,True,generative,syn_t004_h0000021,syn_t004_h0000021_r002
14000US06089010400,1,13,67,1,2,2.0,2.0,2.0,2.0,0,1,65_plus,True,generative,syn_t004_h0000022,syn_t004_h0000022_r001
14000US06089010400,2,13,68,2,2,2.0,2.0,,2.0,1,2,65_plus,True,generative,syn_t004_h0000022,syn_t004_h0000022_r002
14000US06089010400,1,26,31,2,2,2.0,2.0,,2.0,0,2,18_34,True,generative,syn_t004_h0000023,syn_t004_h0000023_r001
14000US06089010400,2,29,6,2,2,,2.0,,2.0,2,2,0_17,False,dependent,syn_t004_h0000023,syn_t004_h0000023_r002
14000US06089010500,1,36,34,2,2,2.0,2.0,,2.0,0,2,18_34,True,generative,syn_t005_h0000001,syn_t005_h0000001_r001
14000US06089010500,1,14,44,2,2,2.0,2.0,,2.0,0,2,35_64,True,generative,syn_t005_h0000002,syn_t005_h0000002_r001
14000US06089010500,2,14,42,2,2,2.0,2.0,,2.0,1,2,35_64,True,generative,syn_t005_h0000002,syn_t005_h0000002_r002
14000US06089010500,3,19,15,2,2,2.0,2.0,,2.0,2,2,0_17,False,dependent,syn_t005_h0000002,syn_t005_h0000002_r003
14000US06089010500,4,14,14,2,2,,2.0,,2.0,2,2,0_17,False,dependent,syn_t005_h0000002,syn_t005_h0000002_r004
14000US06089010500,1,44,44,2,2,2.0,2.0,,2.0,0,2,35_64,True,generative,syn_t005_h0000003,syn_t005_h0000003_r001
14000US06089010500,2,56,17,2,2,1.0,2.0,,1.0,2,1,0_17,False,dependent,syn_t005_h0000003,syn_t005_h0000003_r002
14000US06089010500,1,26,41,2,2,1.0,2.0,5.0,2.0,0,1,35_64,True,generative,syn_t005_h0000004,syn_t005_h0000004_r001
14000US06089010500,2,35,15,2,2,2.0,2.0,,2.0,2,2,0_17,False,dependent,syn_t005_h0000004,syn_t005_h0000004_r002
14000US06089010500,1,74,71,1,1,2.0,2.0,,1.0,0,1,65_plus,True,generative,syn_t005_h0000005,syn_t005_h0000005_r001
14000US06089010500,2,75,76,1,1,1.0,1.0,,1.0,1,1,65_plus,True,generative,syn_t005_h0000005,syn_t005_h0000005_r002
14000US06089010500,3,81,31,2,2,2.0,2.0,,1.0,7,1,18_34,True,generative,syn_t005_h0000005,syn_t005_h0000005_r003
14000US06089010500,4,109,24,2,2,2.0,2.0,,2.0,7,2,18_34,True,generative,syn_t005_h0000005,syn_t005_h0000005_r004
14000US06089010500,5,94,21,2,2,2.0,2.0,,2.0,7,2,18_34,True,generative,syn_t005_h0000005,syn_t005_h0000005_r005
14000US06089010500,6,77,3,2,2,,,,,7,2,0_17,False,dependent,syn_t005_h0000005,syn_t005_h0000005_r006
14000US06089010500,7,97,0,2,1,,,,,7,1,0_17,False,dependent,syn_t005_h0000005,syn_t005_h0000005_r007
14000US06089010500,1,45,41,2,2,2.0,2.0,,2.0,0,2,35_64,True,generative,syn_t005_h0000006,syn_t005_h0000006_r001
14000US06089010500,2,48,37,2,2,2.0,2.0,,2.0,1,2,35_64,True,generative,syn_t005_h0000006,syn_t005_h0000006_r002
14000US06089010500,3,56,9,2,2,,2.0,,2.0,2,2,0_17,False,dependent,syn_t005_h0000006,syn_t005_h0000006_r003
14000US06089010500,1,13,38,2,2,2.0,2.0,,2.0,0,2,35_64,True,generative,syn_t005_h0000007,syn_t005_h0000007_r001
14000US06089010500,2,15,43,1,2,2.0,2.0,,2.0,1,1,35_64,True,generative,syn_t005_h0000007,syn_t005_h0000007_r002
14000US06089010500,3,15,8,2,2,,2.0,,2.0,2,2,0_17,False,dependent,syn_t005_h0000007,syn_t005_h0000007_r003
14000US06089010500,4,15,5,2,2,,2.0,,2.0,2,2,0_17,False,dependent,syn_t005_h0000007,syn_t005_h0000007_r004
14000US06089010500,1,15,42,2,2,2.0,2.0,,2.0,0,2,35_64,True,generative,syn_t005_h0000008,syn_t005_h0000008_r001
14000US06089010500,2,16,18,2,2,2.0,2.0,,2.0,2,2,18_34,True,generative,syn_t005_h0000008,syn_t005_h0000008_r002
14000US06089010500,3,17,15,2,2,2.0,2.0,,2.0,2,2,0_17,False,dependent,syn_t005_h0000008,syn_t005_h0000008_r003
14000US06089010500,1,76,40,2,2,2.0,2.0,,2.0,0,2,35_64,True,generative,syn_t005_h0000009,syn_t005_h0000009_r001
14000US06089010500,1,35,55,2,2,2.0,2.0,,2.0,0,2,35_64,True,generative,syn_t005_h0000010,syn_t005_h0000010_r001
14000US06089010500,2,33,15,2,2,2.0,2.0,,2.0,2,2,0_17,False,dependent,syn_t005_h0000010,syn_t005_h0000010_r002
14000US06089010500,3,41,14,2,2,,2.0,,2.0,2,2,0_17,False,dependent,syn_t005_h0000010,syn_t005_h0000010_r003
14000US06089010500,1,14,63,2,2,2.0,1.0,,2.0,0,1,35_64,True,generative,syn_t005_h0000011,syn_t005_h0000011_r001
14000US06089010500,1,15,62,2,2,2.0,2.0,,2.0,0,2,35_64,True,generative,syn_t005_h0000012,syn_t005_h0000012_r001
14000US06089010500,2,15,62,2,2,2.0,2.0,,2.0,1,2,35_64,True,generative,syn_t005_h0000012,syn_t005_h0000012_r002
14000US06089010500,3,15,61,2,2,2.0,1.0,,2.0,5,1,35_64,True,generative,syn_t005_h0000012,syn_t005_h0000012_r003
14000US06089010500,1,11,53,2,2,2.0,2.0,,2.0,0,2,35_64,True,generative,syn_t005_h0000013,syn_t005_h0000013_r001
14000US06089010500,2,12,51,2,2,2.0,2.0,,2.0,1,2,35_64,True,generative,syn_t005_h0000013,syn_t005_h0000013_r002
14000US06089010500,1,39,44,2,2,2.0,2.0,,2.0,0,2,35_64,True,generative,syn_t005_h0000014,syn_t005_h0000014_r001
14000US06089010500,2,33,58,2,2,2.0,2.0,,2.0,1,2,35_64,True,generative,syn_t005_h0000014,syn_t005_h0000014_r002
14000US06089010500,1,13,64,2,2,2.0,2.0,,2.0,0,2,35_64,True,generative,syn_t005_h0000015,syn_t005_h0000015_r001
14000US06089010500,1,11,48,2,2,2.0,2.0,,2.0,0,2,35_64,True,generative,syn_t005_h0000016,syn_t005_h0000016_r001
14000US06089010500,1,14,67,2,2,2.0,2.0,,2.0,0,2,65_plus,True,generative,syn_t005_h0000017,syn_t005_h0000017_r001
14000US06089010500,2,13,64,2,2,2.0,2.0,2.0,2.0,1,2,35_64,True,generative,syn_t005_h0000017,syn_t005_h0000017_r002
14000US06089010500,1,20,42,2,2,2.0,2.0,,2.0,0,2,35_64,True,generative,syn_t005_h0000018,syn_t005_h0000018_r001
14000US06089010500,1,71,35,2,2,1.0,1.0,,1.0,0,1,35_64,True,generative,syn_t005_h0000019,syn_t005_h0000019_r001
14000US06089010500,2,50,34,2,2,2.0,2.0,,2.0,13,2,18_34,True,generative,syn_t005_h0000019,syn_t005_h0000019_r002
14000US06089010500,3,74,15,2,2,2.0,2.0,,2.0,15,2,0_17,False,dependent,syn_t005_h0000019,syn_t005_h0000019_r003
14000US06089010500,4,97,10,2,2,,2.0,,2.0,15,2,0_17,False,dependent,syn_t005_h0000019,syn_t005_h0000019_r004
14000US06089010500,1,39,66,2,2,2.0,1.0,,2.0,0,1,65_plus,True,generative,syn_t005_h0000020,syn_t005_h0000020_r001
14000US06089010500,2,44,33,2,2,2.0,2.0,,2.0,13,2,18_34,True,generative,syn_t005_h0000020,syn_t005_h0000020_r002
14000US06089010500,1,56,34,2,2,2.0,2.0,,2.0,0,2,18_34,True,generative,syn_t005_h0000021,syn_t005_h0000021_r001
14000US06089010500,2,59,14,2,2,,2.0,,2.0,2,2,0_17,False,dependent,syn_t005_h0000021,syn_t005_h0000021_r002
14000US06089010500,3,59,10,2,2,,2.0,,2.0,2,2,0_17,False,dependent,syn_t005_h0000021,syn_t005_h0000021_r003
14000US06089010500,4,59,5,2,2,,2.0,,2.0,2,2,0_17,False,dependent,syn_t005_h0000021,syn_t005_h0000021_r004
14000US06089010500,5,65,35,2,2,2.0,2.0,,2.0,13,2,35_64,True,generative,syn_t005_h0000021,syn_t005_h0000021_r005
14000US06089010500,1,21,49,2,2,2.0,2.0,,2.0,0,2,35_64,True,generative,syn_t005_h0000022,syn_t005_h0000022_r001
14000US06089010500,2,25,12,2,2,,2.0,,2.0,2,2,0_17,False,dependent,syn_t005_h0000022,syn_t005_h0000022_r002
14000US06089010500,1,90,47,2,2,2.0,2.0,,2.0,0,2,35_64,True,generative,syn_t005_h0000023,syn_t005_h0000023_r001
14000US06089010500,2,46,48,2,2,2.0,2.0,,2.0,1,2,35_64,True,generative,syn_t005_h0000023,syn_t005_h0000023_r002
14000US06089010500,3,57,10,2,2,,2.0,,2.0,2,2,0_17,False,dependent,syn_t005_h0000023,syn_t005_h0000023_r003
14000US06089010500,1,37,61,2,2,1.0,2.0,,1.0,0,1,35_64,True,generative,syn_t005_h0000024,syn_t005_h0000024_r001
14000US06089010500,1,42,38,2,2,2.0,2.0,,2.0,0,2,35_64,True,generative,syn_t005_h0000025,syn_t005_h0000025_r001
14000US06089010500,2,43,36,2,1,2.0,2.0,,2.0,1,1,35_64,True,generative,syn_t005_h0000025,syn_t005_h0000025_r002
14000US06089010500,3,43,10,2,2,,2.0,,2.0,2,2,0_17,False,dependent,syn_t005_h0000025,syn_t005_h0000025_r003
14000US06089010500,4,49,2,2,2,,,,,2,2,0_17,False,dependent,syn_t005_h0000025,syn_t005_h0000025_r004
14000US06089010500,1,21,33,2,2,2.0,2.0,,2.0,0,2,18_34,True,generative,syn_t005_h0000026,syn_t005_h0000026_r001
14000US06089010500,2,32,14,2,2,,2.0,,2.0,10,2,0_17,False,dependent,syn_t005_h0000026,syn_t005_h0000026_r002
14000US06089010500,3,24,26,2,2,2.0,2.0,,2.0,12,2,18_34,True,generative,syn_t005_h0000026,syn_t005_h0000026_r003
14000US06089010500,4,18,20,2,2,2.0,2.0,,2.0,12,2,18_34,True,generative,syn_t005_h0000026,syn_t005_h0000026_r004
14000US06089010500,1,45,49,2,2,1.0,1.0,,1.0,0,1,35_64,True,generative,syn_t005_h0000027,syn_t005_h0000027_r001
14000US06089010500,1,42,45,2,2,2.0,2.0,,2.0,0,2,35_64,True,generative,syn_t005_h0000028,syn_t005_h0000028_r001
14000US06089010500,2,32,51,2,2,1.0,1.0,,2.0,1,1,35_64,True,generative,syn_t005_h0000028,syn_t005_h0000028_r002
14000US06089010500,3,38,10,2,2,,2.0,,2.0,2,2,0_17,False,dependent,syn_t005_h0000028,syn_t005_h0000028_r003
14000US06089010500,4,37,7,2,2,,2.0,,2.0,2,2,0_17,False,dependent,syn_t005_h0000028,syn_t005_h0000028_r004
14000US06089010500,5,46,0,2,2,,,,,2,2,0_17,False,dependent,syn_t005_h0000028,syn_t005_h0000028_r005
14000US06089010500,1,30,48,2,2,2.0,2.0,,2.0,0,2,35_64,True,generative,syn_t005_h0000029,syn_t005_h0000029_r001
14000US06089010500,2,29,49,2,2,2.0,1.0,,2.0,1,1,35_64,True,generative,syn_t005_h0000029,syn_t005_h0000029_r002
14000US06089010500,3,39,17,2,2,2.0,2.0,,1.0,2,1,0_17,False,dependent,syn_t005_h0000029,syn_t005_h0000029_r003
14000US06089010500,4,30,13,2,2,,2.0,,2.0,2,2,0_17,False,dependent,syn_t005_h0000029,syn_t005_h0000029_r004
14000US06089010500,1,19,77,2,2,2.0,2.0,,2.0,0,2,65_plus,True,generative,syn_t005_h0000030,syn_t005_h0000030_r001
14000US06089010601,1,12,70,2,2,2.0,2.0,,2.0,0,2,65_plus,True,generative,syn_t006_h0000001,syn_t006_h0000001_r001
14000US06089010601,2,13,70,2,2,2.0,2.0,,2.0,1,2,65_plus,True,generative,syn_t006_h0000001,syn_t006_h0000001_r002
14000US06089010601,1,62,56,2,2,2.0,2.0,,2.0,0,2,35_64,True,generative,syn_t006_h0000002,syn_t006_h0000002_r001
14000US06089010601,2,63,66,2,2,2.0,2.0,,1.0,1,1,65_plus,True,generative,syn_t006_h0000002,syn_t006_h0000002_r002
14000US06089010601,1,10,57,2,2,2.0,2.0,,2.0,0,2,35_64,True,generative,syn_t006_h0000003,syn_t006_h0000003_r001
14000US06089010601,2,11,55,2,2,2.0,2.0,,2.0,1,2,35_64,True,generative,syn_t006_h0000003,syn_t006_h0000003_r002
14000US06089010601,1,11,71,2,2,2.0,2.0,,2.0,0,2,65_plus,True,generative,syn_t006_h0000004,syn_t006_h0000004_r001
14000US06089010601,2,12,54,2,2,2.0,2.0,,2.0,2,2,35_64,True,generative,syn_t006_h0000004,syn_t006_h0000004_r002
14000US06089010601,3,21,36,2,2,1.0,1.0,,1.0,3,1,35_64,True,generative,syn_t006_h0000004,syn_t006_h0000004_r003
14000US06089010601,4,24,31,2,1,1.0,2.0,,1.0,3,1,18_34,True,generative,syn_t006_h0000004,syn_t006_h0000004_r004
14000US06089010601,5,36,25,2,2,1.0,1.0,,2.0,3,1,18_34,True,generative,syn_t006_h0000004,syn_t006_h0000004_r005
14000US06089010601,6,15,24,2,2,1.0,2.0,,2.0,3,1,18_34,True,generative,syn_t006_h0000004,syn_t006_h0000004_r006
14000US06089010601,7,19,27,2,2,2.0,2.0,,2.0,7,2,18_34,True,generative,syn_t006_h0000004,syn_t006_h0000004_r007
14000US06089010601,8,8,20,2,2,2.0,2.0,,1.0,7,1,18_34,True,generative,syn_t006_h0000004,syn_t006_h0000004_r008
14000US06089010601,1,33,43,2,2,2.0,2.0,,2.0,0,2,35_64,True,generative,syn_t006_h0000005,syn_t006_h0000005_r001
14000US06089010601,2,31,40,2,2,2.0,2.0,,2.0,1,2,35_64,True,generative,syn_t006_h0000005,syn_t006_h0000005_r002
14000US06089010601,3,34,14,2,2,,2.0,,2.0,2,2,0_17,False,dependent,syn_t006_h0000005,syn_t006_h0000005_r003
14000US06089010601,1,6,84,2,2,2.0,2.0,,2.0,0,2,65_plus,True,generative,syn_t006_h0000006,syn_t006_h0000006_r001
14000US06089010601,2,9,58,2,2,2.0,2.0,,2.0,2,2,35_64,True,generative,syn_t006_h0000006,syn_t006_h0000006_r002
14000US06089010601,3,9,55,2,2,2.0,2.0,,2.0,2,2,35_64,True,generative,syn_t006_h0000006,syn_t006_h0000006_r003
14000US06089010601,4,12,26,2,2,2.0,2.0,,2.0,7,2,18_34,True,generative,syn_t006_h0000006,syn_t006_h0000006_r004
14000US06089010601,5,9,50,2,2,2.0,2.0,,2.0,9,2,35_64,True,generative,syn_t006_h0000006,syn_t006_h0000006_r005
14000US06089010601,1,48,75,1,1,1.0,1.0,,1.0,0,1,65_plus,True,generative,syn_t006_h0000007,syn_t006_h0000007_r001
14000US06089010601,1,50,28,2,2,2.0,2.0,,2.0,0,2,18_34,True,generative,syn_t006_h0000008,syn_t006_h0000008_r001
14000US06089010601,2,30,30,2,2,2.0,2.0,,2.0,1,2,18_34,True,generative,syn_t006_h0000008,syn_t006_h0000008_r002
14000US06089010601,3,37,7,2,2,,2.0,,2.0,2,2,0_17,False,dependent,syn_t006_h0000008,syn_t006_h0000008_r003
14000US06089010601,4,42,4,2,2,,,,,2,2,0_17,False,dependent,syn_t006_h0000008,syn_t006_h0000008_r004
14000US06089010601,5,67,60,1,1,1.0,1.0,,1.0,8,1,35_64,True,generative,syn_t006_h0000008,syn_t006_h0000008_r005
14000US06089010601,1,12,65,1,2,2.0,2.0,,2.0,0,1,65_plus,True,generative,syn_t006_h0000009,syn_t006_h0000009_r001
14000US06089010601,2,11,71,2,2,2.0,2.0,,2.0,1,2,65_plus,True,generative,syn_t006_h0000009,syn_t006_h0000009_r002
14000US06089010601,1,32,46,2,2,2.0,2.0,,2.0,0,2,35_64,True,generative,syn_t006_h0000010,syn_t006_h0000010_r001
14000US06089010601,1,4,59,2,2,2.0,2.0,,2.0,0,2,35_64,True,generative,syn_t006_h0000011,syn_t006_h0000011_r001
14000US06089010601,2,5,65,2,2,2.0,2.0,,2.0,1,2,65_plus,True,generative,syn_t006_h0000011,syn_t006_h0000011_r002
14000US06089010601,1,98,60,2,2,2.0,2.0,,2.0,0,2,35_64,True,generative,syn_t006_h0000012,syn_t006_h0000012_r001
14000US06089010601,2,96,60,2,2,2.0,2.0,,2.0,1,2,35_64,True,generative,syn_t006_h0000012,syn_t006_h0000012_r002
14000US06089010601,3,100,25,2,2,2.0,2.0,,2.0,2,2,18_34,True,generative,syn_t006_h0000012,syn_t006_h0000012_r003
14000US06089010601,4,84,5,2,2,,2.0,,2.0,7,2,0_17,False,dependent,syn_t006_h0000012,syn_t006_h0000012_r004
14000US06089010601,1,14,77,2,2,2.0,2.0,,2.0,0,2,65_plus,True,generative,syn_t006_h0000013,syn_t006_h0000013_r001
14000US06089010601,2,12,70,1,2,2.0,1.0,5.0,2.0,1,1,65_plus,True,generative,syn_t006_h0000013,syn_t006_h0000013_r002
14000US06089010601,3,14,57,2,2,1.0,1.0,,1.0,2,1,35_64,True,generative,syn_t006_h0000013,syn_t006_h0000013_r003
14000US06089010601,1,10,28,2,2,2.0,2.0,,2.0,0,2,18_34,True,generative,syn_t006_h0000014,syn_t006_h0000014_r001
14000US06089010602,1,41,45,2,2,2.0,2.0,,2.0,0,2,35_64,True,generative,syn_t007_h0000001,syn_t007_h0000001_r001
14000US06089010602,2,54,11,2,2,,2.0,,2.0,2,2,0_17,False,dependent,syn_t007_h0000001,syn_t007_h0000001_r002
14000US06089010602,1,26,31,2,2,2.0,2.0,,2.0,0,2,18_34,True,generative,syn_t007_h0000002,syn_t007_h0000002_r001
14000US06089010602,2,29,6,2,2,,2.0,,2.0,2,2,0_17,False,dependent,syn_t007_h0000002,syn_t007_h0000002_r002
14000US06089010602,1,25,40,2,2,2.0,2.0,,2.0,0,2,35_64,True,generative,syn_t007_h0000003,syn_t007_h0000003_r001
14000US06089010602,2,32,38,2,2,2.0,2.0,,2.0,1,2,35_64,True,generative,syn_t007_h0000003,syn_t007_h0000003_r002
14000US06089010602,3,14,16,2,2,2.0,2.0,,2.0,2,2,0_17,False,dependent,syn_t007_h0000003,syn_t007_h0000003_r003
14000US06089010602,4,22,7,2,2,,2.0,,2.0,2,2,0_17,False,dependent,syn_t007_h0000003,syn_t007_h0000003_r004
14000US06089010602,5,23,5,2,2,,2.0,,2.0,2,2,0_17,False,dependent,syn_t007_h0000003,syn_t007_h0000003_r005
14000US06089010602,1,11,51,2,2,2.0,1.0,,1.0,0,1,35_64,True,generative,syn_t007_h0000004,syn_t007_h0000004_r001
14000US06089010602,2,10,53,1,2,2.0,1.0,2.0,2.0,1,1,35_64,True,generative,syn_t007_h0000004,syn_t007_h0000004_r002
14000US06089010602,3,12,18,2,2,2.0,2.0,,2.0,3,2,18_34,True,generative,syn_t007_h0000004,syn_t007_h0000004_r003
14000US06089010602,4,9,15,2,1,1.0,2.0,,1.0,3,1,0_17,False,dependent,syn_t007_h0000004,syn_t007_h0000004_r004
14000US06089010602,5,12,11,2,2,,2.0,,2.0,3,2,0_17,False,dependent,syn_t007_h0000004,syn_t007_h0000004_r005
14000US06089010602,6,11,9,2,2,,2.0,,1.0,3,1,0_17,False,dependent,syn_t007_h0000004,syn_t007_h0000004_r006
14000US06089010602,7,16,17,2,2,1.0,2.0,,1.0,14,1,0_17,False,dependent,syn_t007_h0000004,syn_t007_h0000004_r007
14000US06089010602,8,12,11,2,2,,2.0,,1.0,14,1,0_17,False,dependent,syn_t007_h0000004,syn_t007_h0000004_r008
14000US06089010602,1,7,71,2,2,2.0,2.0,,2.0,0,2,65_plus,True,generative,syn_t007_h0000005,syn_t007_h0000005_r001
14000US06089010602,2,9,68,2,2,2.0,2.0,,2.0,1,2,65_plus,True,generative,syn_t007_h0000005,syn_t007_h0000005_r002
14000US06089010602,1,22,69,2,1,2.0,2.0,,2.0,0,1,65_plus,True,generative,syn_t007_h0000006,syn_t007_h0000006_r001
14000US06089010602,1,39,63,2,2,2.0,1.0,,2.0,0,1,35_64,True,generative,syn_t007_h0000007,syn_t007_h0000007_r001
14000US06089010602,1,35,40,2,2,2.0,2.0,,2.0,0,2,35_64,True,generative,syn_t007_h0000008,syn_t007_h0000008_r001
14000US06089010602,2,42,37,2,2,2.0,2.0,,2.0,1,2,35_64,True,generative,syn_t007_h0000008,syn_t007_h0000008_r002
14000US06089010602,1,14,48,2,2,2.0,2.0,,2.0,0,2,35_64,True,generative,syn_t007_h0000009,syn_t007_h0000009_r001
14000US06089010602,2,12,48,2,2,1.0,2.0,,1.0,1,1,35_64,True,generative,syn_t007_h0000009,syn_t007_h0000009_r002
14000US06089010602,1,12,53,2,2,2.0,2.0,,2.0,0,2,35_64,True,generative,syn_t007_h0000010,syn_t007_h0000010_r001
14000US06089010602,1,6,65,2,2,2.0,2.0,,2.0,0,2,65_plus,True,generative,syn_t007_h0000011,syn_t007_h0000011_r001
14000US06089010602,2,7,58,2,2,2.0,2.0,,2.0,1,2,35_64,True,generative,syn_t007_h0000011,syn_t007_h0000011_r002
14000US06089010602,3,8,26,2,2,2.0,2.0,,2.0,2,2,18_34,True,generative,syn_t007_h0000011,syn_t007_h0000011_r003
14000US06089010602,4,8,24,2,2,2.0,2.0,,2.0,2,2,18_34,True,generative,syn_t007_h0000011,syn_t007_h0000011_r004
14000US06089010602,1,55,60,2,2,2.0,1.0,,2.0,0,1,35_64,True,generative,syn_t007_h0000012,syn_t007_h0000012_r001
14000US06089010602,1,6,69,2,2,2.0,2.0,,2.0,0,2,65_plus,True,generative,syn_t007_h0000013,syn_t007_h0000013_r001
14000US06089010602,2,7,68,2,2,2.0,2.0,,2.0,1,2,65_plus,True,generative,syn_t007_h0000013,syn_t007_h0000013_r002
14000US06089010602,1,65,33,2,2,2.0,2.0,,2.0,0,2,18_34,True,generative,syn_t007_h0000014,syn_t007_h0000014_r001
14000US06089010602,2,41,10,2,2,,2.0,,2.0,2,2,0_17,False,dependent,syn_t007_h0000014,syn_t007_h0000014_r002
14000US06089010602,3,25,51,1,1,1.0,2.0,,1.0,12,1,35_64,True,generative,syn_t007_h0000014,syn_t007_h0000014_r003
14000US06089010602,4,72,38,2,2,2.0,2.0,,2.0,12,2,35_64,True,generative,syn_t007_h0000014,syn_t007_h0000014_r004
14000US06089010602,1,15,49,2,2,2.0,2.0,,2.0,0,2,35_64,True,generative,syn_t007_h0000015,syn_t007_h0000015_r001
14000US06089010602,2,6,48,2,2,2.0,2.0,,2.0,1,2,35_64,True,generative,syn_t007_h0000015,syn_t007_h0000015_r002
14000US06089010602,1,20,82,2,2,2.0,2.0,,2.0,0,2,65_plus,True,generative,syn_t007_h0000016,syn_t007_h0000016_r001
14000US06089010602,2,19,81,2,2,2.0,2.0,,2.0,1,2,65_plus,True,generative,syn_t007_h0000016,syn_t007_h0000016_r002
14000US06089010602,1,19,47,2,2,2.0,2.0,,2.0,0,2,35_64,True,generative,syn_t007_h0000017,syn_t007_h0000017_r001
14000US06089010602,2,20,19,2,2,2.0,2.0,,2.0,4,2,18_34,True,generative,syn_t007_h0000017,syn_t007_h0000017_r002
14000US06089010602,1,37,83,1,2,2.0,2.0,,2.0,0,1,65_plus,True,generative,syn_t007_h0000018,syn_t007_h0000018_r001
14000US06089010602,1,20,45,2,2,2.0,1.0,,2.0,0,1,35_64,True,generative,syn_t007_h0000019,syn_t007_h0000019_r001
14000US06089010602,2,22,42,2,2,2.0,2.0,,2.0,1,2,35_64,True,generative,syn_t007_h0000019,syn_t007_h0000019_r002
14000US06089010602,3,23,11,2,2,,2.0,,2.0,2,2,0_17,False,dependent,syn_t007_h0000019,syn_t007_h0000019_r003
14000US06089010602,4,30,15,2,2,2.0,2.0,,2.0,4,2,0_17,False,dependent,syn_t007_h0000019,syn_t007_h0000019_r004
14000US06089010602,1,56,28,2,2,2.0,2.0,5.0,2.0,0,2,18_34,True,generative,syn_t007_h0000020,syn_t007_h0000020_r001
14000US06089010602,2,50,28,2,2,2.0,2.0,,2.0,1,2,18_34,True,generative,syn_t007_h0000020,syn_t007_h0000020_r002
14000US06089010602,3,41,5,2,2,,2.0,,2.0,2,2,0_17,False,dependent,syn_t007_h0000020,syn_t007_h0000020_r003
14000US06089010602,4,45,2,2,2,,,,,2,2,0_17,False,dependent,syn_t007_h0000020,syn_t007_h0000020_r004
14000US06089010602,1,12,79,2,2,2.0,2.0,,2.0,0,2,65_plus,True,generative,syn_t007_h0000021,syn_t007_h0000021_r001
14000US06089010602,2,15,76,2,2,2.0,2.0,,2.0,1,2,65_plus,True,generative,syn_t007_h0000021,syn_t007_h0000021_r002
14000US06089010602,1,48,61,2,2,2.0,1.0,,2.0,0,1,35_64,True,generative,syn_t007_h0000022,syn_t007_h0000022_r001
14000US06089010602,1,11,48,2,2,2.0,2.0,,2.0,0,2,35_64,True,generative,syn_t007_h0000023,syn_t007_h0000023_r001
14000US06089010602,1,69,33,2,2,2.0,2.0,,2.0,0,2,18_34,True,generative,syn_t007_h0000024,syn_t007_h0000024_r001
14000US06089010602,1,70,38,2,2,2.0,2.0,,2.0,0,2,35_64,True,generative,syn_t007_h0000025,syn_t007_h0000025_r001
14000US06089010602,1,20,59,2,2,2.0,2.0,,2.0,0,2,35_64,True,generative,syn_t007_h0000026,syn_t007_h0000026_r001
14000US06089010602,2,24,46,2,2,2.0,2.0,,2.0,1,2,35_64,True,generative,syn_t007_h0000026,syn_t007_h0000026_r002
14000US06089010602,1,11,51,2,2,2.0,2.0,,2.0,0,2,35_64,True,generative,syn_t007_h0000027,syn_t007_h0000027_r001
14000US06089010602,2,12,50,2,2,2.0,2.0,,2.0,1,2,35_64,True,generative,syn_t007_h0000027,syn_t007_h0000027_r002
14000US06089010602,1,25,90,2,2,1.0,1.0,,1.0,0,1,65_plus,True,generative,syn_t007_h0000028,syn_t007_h0000028_r001
14000US06089010602,2,39,64,2,2,2.0,2.0,,2.0,2,2,35_64,True,generative,syn_t007_h0000028,syn_t007_h0000028_r002
14000US06089010602,1,35,32,2,2,2.0,2.0,,2.0,0,2,18_34,True,generative,syn_t007_h0000029,syn_t007_h0000029_r001
14000US06089010602,2,29,52,2,2,2.0,2.0,,2.0,12,2,35_64,True,generative,syn_t007_h0000029,syn_t007_h0000029_r002
14000US06089010602,1,18,59,2,2,2.0,2.0,,2.0,0,2,35_64,True,generative,syn_t007_h0000030,syn_t007_h0000030_r001
14000US06089010602,2,18,59,2,2,2.0,2.0,,2.0,1,2,35_64,True,generative,syn_t007_h0000030,syn_t007_h0000030_r002
14000US06089010602,1,25,66,2,2,2.0,2.0,,2.0,0,2,65_plus,True,generative,syn_t007_h0000031,syn_t007_h0000031_r001
14000US06089010602,2,29,64,2,2,2.0,2.0,,2.0,1,2,35_64,True,generative,syn_t007_h0000031,syn_t007_h0000031_r002
14000US06089010602,1,7,67,2,2,2.0,2.0,,2.0,0,2,65_plus,True,generative,syn_t007_h0000032,syn_t007_h0000032_r001
14000US06089010602,2,5,66,2,2,2.0,2.0,,2.0,1,2,65_plus,True,generative,syn_t007_h0000032,syn_t007_h0000032_r002
14000US06089010602,1,15,33,2,2,2.0,2.0,,2.0,0,2,18_34,True,generative,syn_t007_h0000033,syn_t007_h0000033_r001
14000US06089010602,2,14,45,2,2,2.0,2.0,,2.0,1,2,35_64,True,generative,syn_t007_h0000033,syn_t007_h0000033_r002
14000US06089010602,3,14,9,2,2,,2.0,,2.0,2,2,0_17,False,dependent,syn_t007_h0000033,syn_t007_h0000033_r003
14000US06089010602,4,14,4,2,2,,,,,2,2,0_17,False,dependent,syn_t007_h0000033,syn_t007_h0000033_r004
14000US06089010602,1,26,63,1,1,1.0,1.0,5.0,2.0,0,1,35_64,True,generative,syn_t007_h0000034,syn_t007_h0000034_r001
14000US06089010602,2,22,69,2,2,2.0,2.0,,2.0,1,2,65_plus,True,generative,syn_t007_h0000034,syn_t007_h0000034_r002
14000US06089010603,1,36,72,1,2,1.0,1.0,,1.0,0,1,65_plus,True,generative,syn_t008_h0000001,syn_t008_h0000001_r001
14000US06089010603,2,41,70,2,2,2.0,1.0,,2.0,1,1,65_plus,True,generative,syn_t008_h0000001,syn_t008_h0000001_r002
14000US06089010603,1,11,90,1,2,2.0,2.0,,2.0,0,1,65_plus,True,generative,syn_t008_h0000002,syn_t008_h0000002_r001
14000US06089010603,1,23,32,2,2,2.0,2.0,,2.0,0,2,18_34,True,generative,syn_t008_h0000003,syn_t008_h0000003_r001
14000US06089010603,2,22,32,2,2,2.0,2.0,,2.0,1,2,18_34,True,generative,syn_t008_h0000003,syn_t008_h0000003_r002
14000US06089010603,3,26,12,2,2,,2.0,,2.0,2,2,0_17,False,dependent,syn_t008_h0000003,syn_t008_h0000003_r003
14000US06089010603,4,26,10,2,2,,2.0,,2.0,2,2,0_17,False,dependent,syn_t008_h0000003,syn_t008_h0000003_r004
14000US06089010603,1,12,45,2,2,2.0,2.0,,2.0,0,2,35_64,True,generative,syn_t008_h0000004,syn_t008_h0000004_r001
14000US06089010603,2,12,43,2,2,2.0,2.0,,2.0,1,2,35_64,True,generative,syn_t008_h0000004,syn_t008_h0000004_r002
14000US06089010603,3,10,19,2,2,2.0,2.0,,2.0,2,2,18_34,True,generative,syn_t008_h0000004,syn_t008_h0000004_r003
14000US06089010603,4,17,17,2,2,2.0,2.0,,2.0,2,2,0_17,False,dependent,syn_t008_h0000004,syn_t008_h0000004_r004
14000US06089010603,5,11,12,2,2,,2.0,,2.0,2,2,0_17,False,dependent,syn_t008_h0000004,syn_t008_h0000004_r005
14000US06089010603,1,14,24,2,2,2.0,2.0,2.0,2.0,0,2,18_34,True,generative,syn_t008_h0000005,syn_t008_h0000005_r001
14000US06089010603,2,10,27,2,2,2.0,2.0,,2.0,1,2,18_34,True,generative,syn_t008_h0000005,syn_t008_h0000005_r002
14000US06089010603,3,13,2,2,2,,,,,2,2,0_17,False,dependent,syn_t008_h0000005,syn_t008_h0000005_r003
14000US06089010603,1,11,66,2,2,2.0,2.0,,2.0,0,2,65_plus,True,generative,syn_t008_h0000006,syn_t008_h0000006_r001
14000US06089010603,2,11,66,2,2,2.0,2.0,,2.0,1,2,65_plus,True,generative,syn_t008_h0000006,syn_t008_h0000006_r002
14000US06089010603,1,18,46,2,2,2.0,2.0,,2.0,0,2,35_64,True,generative,syn_t008_h0000007,syn_t008_h0000007_r001
14000US06089010603,2,26,44,2,2,2.0,2.0,,2.0,1,2,35_64,True,generative,syn_t008_h0000007,syn_t008_h0000007_r002
14000US06089010603,3,18,13,2,2,,2.0,,2.0,2,2,0_17,False,dependent,syn_t008_h0000007,syn_t008_h0000007_r003
14000US06089010603,4,19,11,2,2,,2.0,,2.0,2,2,0_17,False,dependent,syn_t008_h0000007,syn_t008_h0000007_r004
14000US06089010603,5,19,9,2,2,,2.0,,2.0,2,2,0_17,False,dependent,syn_t008_h0000007,syn_t008_h0000007_r005
14000US06089010603,6,25,1,2,2,,,,,2,2,0_17,False,dependent,syn_t008_h0000007,syn_t008_h0000007_r006
14000US06089010603,1,15,60,1,2,2.0,2.0,,1.0,0,1,35_64,True,generative,syn_t008_h0000008,syn_t008_h0000008_r001
14000US06089010603,2,14,56,2,2,2.0,2.0,,2.0,1,2,35_64,True,generative,syn_t008_h0000008,syn_t008_h0000008_r002
14000US06089010603,3,41,38,2,2,2.0,2.0,,1.0,2,1,35_64,True,generative,syn_t008_h0000008,syn_t008_h0000008_r003
14000US06089010603,4,19,47,2,1,1.0,1.0,,1.0,11,1,35_64,True,generative,syn_t008_h0000008,syn_t008_h0000008_r004
14000US06089010702,1,13,46,2,2,2.0,2.0,,2.0,0,2,35_64,True,generative,syn_t009_h0000001,syn_t009_h0000001_r001
14000US06089010702,1,41,36,2,2,2.0,2.0,,2.0,0,2,35_64,True,generative,syn_t009_h0000002,syn_t009_h0000002_r001
14000US06089010702,2,36,35,2,2,2.0,2.0,,2.0,1,2,35_64,True,generative,syn_t009_h0000002,syn_t009_h0000002_r002
14000US06089010702,1,9,78,1,2,2.0,2.0,5.0,2.0,0,1,65_plus,True,generative,syn_t009_h0000003,syn_t009_h0000003_r001
14000US06089010702,1,8,27,1,2,2.0,2.0,,2.0,0,1,18_34,True,generative,syn_t009_h0000004,syn_t009_h0000004_r001
14000US06089010702,2,2,47,2,2,2.0,2.0,,2.0,6,2,35_64,True,generative,syn_t009_h0000004,syn_t009_h0000004_r002
14000US06089010702,3,8,25,2,2,2.0,2.0,,2.0,13,2,18_34,True,generative,syn_t009_h0000004,syn_t009_h0000004_r003
14000US06089010702,1,39,76,2,2,2.0,2.0,5.0,2.0,0,2,65_plus,True,generative,syn_t009_h0000005,syn_t009_h0000005_r001
14000US06089010702,2,32,79,1,2,2.0,2.0,,2.0,1,1,65_plus,True,generative,syn_t009_h0000005,syn_t009_h0000005_r002
14000US06089010702,1,7,64,2,2,2.0,2.0,,2.0,0,2,35_64,True,generative,syn_t009_h0000006,syn_t009_h0000006_r001
14000US06089010702,1,13,34,2,2,2.0,2.0,,2.0,0,2,18_34,True,generative,syn_t009_h0000007,syn_t009_h0000007_r001
14000US06089010702,2,13,16,2,2,2.0,2.0,,2.0,2,2,0_17,False,dependent,syn_t009_h0000007,syn_t009_h0000007_r002
14000US06089010702,3,13,42,2,2,2.0,2.0,,2.0,12,2,35_64,True,generative,syn_t009_h0000007,syn_t009_h0000007_r003
14000US06089010702,1,22,66,2,2,2.0,2.0,,2.0,0,2,65_plus,True,generative,syn_t009_h0000008,syn_t009_h0000008_r001
14000US06089010702,2,14,63,2,2,2.0,2.0,,2.0,1,2,35_64,True,generative,syn_t009_h0000008,syn_t009_h0000008_r002
14000US06089010702,1,37,64,1,2,2.0,1.0,,1.0,0,1,35_64,True,generative,syn_t009_h0000009,syn_t009_h0000009_r001
14000US06089010702,1,8,52,2,2,2.0,2.0,,2.0,0,2,35_64,True,generative,syn_t009_h0000010,syn_t009_h0000010_r001
14000US06089010702,1,102,27,2,2,2.0,2.0,,2.0,0,2,18_34,True,generative,syn_t009_h0000011,syn_t009_h0000011_r001
14000US06089010702,1,39,47,2,2,2.0,2.0,,2.0,0,2,35_64,True,generative,syn_t009_h0000012,syn_t009_h0000012_r001
14000US06089010702,1,12,77,2,2,2.0,2.0,,2.0,0,2,65_plus,True,generative,syn_t009_h0000013,syn_t009_h0000013_r001
14000US06089010702,1,18,54,2,2,2.0,2.0,,2.0,0,2,35_64,True,generative,syn_t009_h0000014,syn_t009_h0000014_r001
14000US06089010702,2,18,56,2,2,1.0,1.0,,1.0,1,1,35_64,True,generative,syn_t009_h0000014,syn_t009_h0000014_r002
14000US06089010702,1,14,65,2,2,2.0,2.0,,2.0,0,2,65_plus,True,generative,syn_t009_h0000015,syn_t009_h0000015_r001
14000US06089010702,2,14,76,2,2,2.0,2.0,,2.0,1,2,65_plus,True,generative,syn_t009_h0000015,syn_t009_h0000015_r002
14000US06089010702,1,17,56,2,2,2.0,2.0,,2.0,0,2,35_64,True,generative,syn_t009_h0000016,syn_t009_h0000016_r001
14000US06089010702,1,43,46,2,2,2.0,2.0,,2.0,0,2,35_64,True,generative,syn_t009_h0000017,syn_t009_h0000017_r001
14000US06089010702,2,46,18,2,2,2.0,2.0,,2.0,2,2,18_34,True,generative,syn_t009_h0000017,syn_t009_h0000017_r002
14000US06089010702,1,17,54,2,2,2.0,2.0,,2.0,0,2,35_64,True,generative,syn_t009_h0000018,syn_t009_h0000018_r001
14000US06089010702,1,52,57,2,2,2.0,2.0,,2.0,0,2,35_64,True,generative,syn_t009_h0000019,syn_t009_h0000019_r001
14000US06089010702,1,20,72,2,2,2.0,2.0,,2.0,0,2,65_plus,True,generative,syn_t009_h0000020,syn_t009_h0000020_r001
14000US06089010702,1,62,65,2,2,2.0,2.0,,2.0,0,2,65_plus,True,generative,syn_t009_h0000021,syn_t009_h0000021_r001
14000US06089010702,2,54,48,2,2,2.0,2.0,,2.0,1,2,35_64,True,generative,syn_t009_h0000021,syn_t009_h0000021_r002
14000US06089010702,1,8,69,2,2,2.0,2.0,,2.0,0,2,65_plus,True,generative,syn_t009_h0000022,syn_t009_h0000022_r001
14000US06089010702,2,8,66,2,2,2.0,2.0,,2.0,1,2,65_plus,True,generative,syn_t009_h0000022,syn_t009_h0000022_r002
14000US06089010703,1,13,46,2,2,2.0,2.0,,2.0,0,2,35_64,True,generative,syn_t010_h0000001,syn_t010_h0000001_r001
14000US06089010703,2,16,20,2,2,2.0,2.0,,2.0,2,2,18_34,True,generative,syn_t010_h0000001,syn_t010_h0000001_r002
14000US06089010703,3,10,15,2,2,2.0,2.0,,2.0,2,2,0_17,False,dependent,syn_t010_h0000001,syn_t010_h0000001_r003
14000US06089010703,4,13,12,2,2,,2.0,,2.0,2,2,0_17,False,dependent,syn_t010_h0000001,syn_t010_h0000001_r004
14000US06089010703,5,14,5,2,2,,2.0,,2.0,2,2,0_17,False,dependent,syn_t010_h0000001,syn_t010_h0000001_r005
14000US06089010703,1,48,57,1,2,2.0,2.0,,2.0,0,1,35_64,True,generative,syn_t010_h0000002,syn_t010_h0000002_r001
14000US06089010703,1,39,31,2,2,2.0,2.0,,2.0,0,2,18_34,True,generative,syn_t010_h0000003,syn_t010_h0000003_r001
14000US06089010703,2,43,30,2,2,2.0,2.0,,2.0,1,2,18_34,True,generative,syn_t010_h0000003,syn_t010_h0000003_r002
14000US06089010703,3,56,3,2,2,,,,,2,2,0_17,False,dependent,syn_t010_h0000003,syn_t010_h0000003_r003
14000US06089010703,4,48,3,2,2,,,,,2,2,0_17,False,dependent,syn_t010_h0000003,syn_t010_h0000003_r004
14000US06089010703,1,17,79,2,1,2.0,2.0,,2.0,0,1,65_plus,True,generative,syn_t010_h0000004,syn_t010_h0000004_r001
14000US06089010703,2,15,59,2,2,2.0,1.0,,2.0,2,1,35_64,True,generative,syn_t010_h0000004,syn_t010_h0000004_r002
14000US06089010703,3,17,8,2,2,,2.0,,2.0,7,2,0_17,False,dependent,syn_t010_h0000004,syn_t010_h0000004_r003
14000US06089010703,4,15,6,2,2,,2.0,,2.0,7,2,0_17,False,dependent,syn_t010_h0000004,syn_t010_h0000004_r004
14000US06089010703,1,15,38,2,2,2.0,2.0,,2.0,0,2,35_64,True,generative,syn_t010_h0000005,syn_t010_h0000005_r001
14000US06089010703,2,17,17,2,2,2.0,2.0,,2.0,2,2,0_17,False,dependent,syn_t010_h0000005,syn_t010_h0000005_r002
14000US06089010703,3,16,14,2,2,,2.0,,2.0,2,2,0_17,False,dependent,syn_t010_h0000005,syn_t010_h0000005_r003
14000US06089010703,4,17,6,2,2,,2.0,,2.0,2,2,0_17,False,dependent,syn_t010_h0000005,syn_t010_h0000005_r004
14000US06089010703,5,14,3,2,2,,,,,2,2,0_17,False,dependent,syn_t010_h0000005,syn_t010_h0000005_r005
14000US06089010703,6,16,3,2,2,,,,,2,2,0_17,False,dependent,syn_t010_h0000005,syn_t010_h0000005_r006
14000US06089010703,7,14,41,2,2,2.0,2.0,,2.0,13,2,35_64,True,generative,syn_t010_h0000005,syn_t010_h0000005_r007
14000US06089010703,1,15,68,2,2,2.0,2.0,,2.0,0,2,65_plus,True,generative,syn_t010_h0000006,syn_t010_h0000006_r001
14000US06089010703,1,35,54,2,2,1.0,1.0,,1.0,0,1,35_64,True,generative,syn_t010_h0000007,syn_t010_h0000007_r001
14000US06089010703,1,13,89,2,2,2.0,2.0,,2.0,0,2,65_plus,True,generative,syn_t010_h0000008,syn_t010_h0000008_r001
14000US06089010703,2,13,94,2,2,2.0,2.0,,2.0,1,2,65_plus,True,generative,syn_t010_h0000008,syn_t010_h0000008_r002
14000US06089010703,1,9,77,2,2,2.0,2.0,,2.0,0,2,65_plus,True,generative,syn_t010_h0000009,syn_t010_h0000009_r001
14000US06089010703,2,8,75,2,2,2.0,2.0,,2.0,1,2,65_plus,True,generative,syn_t010_h0000009,syn_t010_h0000009_r002
14000US06089010703,1,10,75,2,2,2.0,2.0,,2.0,0,2,65_plus,True,generative,syn_t010_h0000010,syn_t010_h0000010_r001
14000US06089010703,1,19,33,2,2,2.0,2.0,,2.0,0,2,18_34,True,generative,syn_t010_h0000011,syn_t010_h0000011_r001
14000US06089010703,2,30,26,2,2,2.0,2.0,,2.0,1,2,18_34,True,generative,syn_t010_h0000011,syn_t010_h0000011_r002
14000US06089010703,3,32,1,2,2,,,,,2,2,0_17,False,dependent,syn_t010_h0000011,syn_t010_h0000011_r003
14000US06089010703,1,29,30,2,2,2.0,2.0,,2.0,0,2,18_34,True,generative,syn_t010_h0000012,syn_t010_h0000012_r001
14000US06089010703,2,28,27,2,2,2.0,2.0,,2.0,1,2,18_34,True,generative,syn_t010_h0000012,syn_t010_h0000012_r002
14000US06089010703,3,28,7,2,2,,2.0,,2.0,2,2,0_17,False,dependent,syn_t010_h0000012,syn_t010_h0000012_r003
14000US06089010703,4,29,5,2,2,,2.0,,2.0,2,2,0_17,False,dependent,syn_t010_h0000012,syn_t010_h0000012_r004
14000US06089010703,1,50,40,2,2,2.0,2.0,,2.0,0,2,35_64,True,generative,syn_t010_h0000013,syn_t010_h0000013_r001
14000US06089010703,2,45,33,2,2,2.0,2.0,,2.0,1,2,18_34,True,generative,syn_t010_h0000013,syn_t010_h0000013_r002
14000US06089010703,3,58,4,2,2,,,,,2,2,0_17,False,dependent,syn_t010_h0000013,syn_t010_h0000013_r003
14000US06089010703,4,50,1,2,2,,,,,2,2,0_17,False,dependent,syn_t010_h0000013,syn_t010_h0000013_r004
14000US06089010703,1,32,29,2,2,2.0,2.0,,2.0,0,2,18_34,True,generative,syn_t010_h0000014,syn_t010_h0000014_r001
14000US06089010703,2,26,30,2,2,2.0,2.0,,2.0,1,2,18_34,True,generative,syn_t010_h0000014,syn_t010_h0000014_r002
14000US06089010703,1,17,76,2,2,2.0,2.0,,2.0,0,2,65_plus,True,generative,syn_t010_h0000015,syn_t010_h0000015_r001
14000US06089010703,1,21,66,2,2,2.0,2.0,,2.0,0,2,65_plus,True,generative,syn_t010_h0000016,syn_t010_h0000016_r001
14000US06089010703,1,48,25,2,2,2.0,2.0,,2.0,0,2,18_34,True,generative,syn_t010_h0000017,syn_t010_h0000017_r001
14000US06089010703,2,40,27,2,2,2.0,2.0,,2.0,1,2,18_34,True,generative,syn_t010_h0000017,syn_t010_h0000017_r002
14000US06089010703,1,47,85,2,2,2.0,2.0,,2.0,0,2,65_plus,True,generative,syn_t010_h0000018,syn_t010_h0000018_r001
14000US06089010703,1,36,52,2,2,2.0,2.0,,2.0,0,2,35_64,True,generative,syn_t010_h0000019,syn_t010_h0000019_r001
14000US06089010703,2,28,21,2,2,2.0,2.0,,2.0,2,2,18_34,True,generative,syn_t010_h0000019,syn_t010_h0000019_r002
14000US06089010703,1,19,85,1,2,2.0,2.0,,2.0,0,1,65_plus,True,generative,syn_t010_h0000020,syn_t010_h0000020_r001
14000US06089010703,2,22,84,2,2,2.0,2.0,,2.0,1,2,65_plus,True,generative,syn_t010_h0000020,syn_t010_h0000020_r002
14000US06089010703,1,11,77,1,2,1.0,2.0,,1.0,0,1,65_plus,True,generative,syn_t010_h0000021,syn_t010_h0000021_r001
14000US06089010703,2,13,74,2,2,2.0,2.0,,2.0,1,2,65_plus,True,generative,syn_t010_h0000021,syn_t010_h0000021_r002
14000US06089010703,1,8,27,2,2,2.0,2.0,,2.0,0,2,18_34,True,generative,syn_t010_h0000022,syn_t010_h0000022_r001
14000US06089010703,2,10,25,2,2,2.0,2.0,,2.0,13,2,18_34,True,generative,syn_t010_h0000022,syn_t010_h0000022_r002
14000US06089010703,1,12,47,2,2,2.0,2.0,,2.0,0,2,35_64,True,generative,syn_t010_h0000023,syn_t010_h0000023_r001
14000US06089010703,2,15,46,2,2,2.0,2.0,,1.0,1,1,35_64,True,generative,syn_t010_h0000023,syn_t010_h0000023_r002
14000US06089010703,3,13,74,2,2,2.0,2.0,,2.0,8,2,65_plus,True,generative,syn_t010_h0000023,syn_t010_h0000023_r003
14000US06089010703,1,42,41,2,2,2.0,2.0,,2.0,0,2,35_64,True,generative,syn_t010_h0000024,syn_t010_h0000024_r001
14000US06089010703,2,40,38,2,2,2.0,2.0,,2.0,1,2,35_64,True,generative,syn_t010_h0000024,syn_t010_h0000024_r002
14000US06089010703,3,44,23,2,2,2.0,2.0,,2.0,3,2,18_34,True,generative,syn_t010_h0000024,syn_t010_h0000024_r003
14000US06089010704,1,28,38,2,2,2.0,2.0,,2.0,0,2,35_64,True,generative,syn_t011_h0000001,syn_t011_h0000001_r001
14000US06089010704,2,28,5,2,2,,2.0,,2.0,2,2,0_17,False,dependent,syn_t011_h0000001,syn_t011_h0000001_r002
14000US06089010704,3,28,36,2,2,2.0,2.0,,2.0,13,2,35_64,True,generative,syn_t011_h0000001,syn_t011_h0000001_r003
14000US06089010704,1,18,66,2,2,2.0,2.0,,2.0,0,2,65_plus,True,generative,syn_t011_h0000002,syn_t011_h0000002_r001
14000US06089010704,2,16,55,2,2,2.0,2.0,,2.0,13,2,35_64,True,generative,syn_t011_h0000002,syn_t011_h0000002_r002
14000US06089010704,1,13,57,2,2,2.0,2.0,,2.0,0,2,35_64,True,generative,syn_t011_h0000003,syn_t011_h0000003_r001
14000US06089010704,2,14,58,2,2,2.0,1.0,,2.0,13,1,35_64,True,generative,syn_t011_h0000003,syn_t011_h0000003_r002
14000US06089010704,1,15,69,1,2,2.0,2.0,,2.0,0,1,65_plus,True,generative,syn_t011_h0000004,syn_t011_h0000004_r001
14000US06089010704,2,14,70,2,2,2.0,2.0,,2.0,1,2,65_plus,True,generative,syn_t011_h0000004,syn_t011_h0000004_r002
14000US06089010704,1,21,35,2,2,2.0,2.0,,2.0,0,2,35_64,True,generative,syn_t011_h0000005,syn_t011_h0000005_r001
14000US06089010704,2,18,39,2,2,2.0,2.0,,2.0,1,2,35_64,True,generative,syn_t011_h0000005,syn_t011_h0000005_r002
14000US06089010704,3,19,14,2,2,,2.0,,1.0,2,1,0_17,False,dependent,syn_t011_h0000005,syn_t011_h0000005_r003
14000US06089010704,4,21,9,2,2,,2.0,,2.0,2,2,0_17,False,dependent,syn_t011_h0000005,syn_t011_h0000005_r004
14000US06089010704,1,36,43,2,2,2.0,2.0,,2.0,0,2,35_64,True,generative,syn_t011_h0000006,syn_t011_h0000006_r001
14000US06089010704,1,21,49,2,2,2.0,2.0,,2.0,0,2,35_64,True,generative,syn_t011_h0000007,syn_t011_h0000007_r001
14000US06089010704,2,25,12,2,2,,2.0,,2.0,2,2,0_17,False,dependent,syn_t011_h0000007,syn_t011_h0000007_r002
14000US06089010704,1,12,55,2,2,1.0,1.0,,2.0,0,1,35_64,True,generative,syn_t011_h0000008,syn_t011_h0000008_r001
14000US06089010704,1,10,41,2,2,2.0,2.0,,1.0,0,1,35_64,True,generative,syn_t011_h0000009,syn_t011_h0000009_r001
14000US06089010704,2,12,8,2,2,,2.0,,2.0,15,2,0_17,False,dependent,syn_t011_h0000009,syn_t011_h0000009_r002
14000US06089010704,3,14,2,2,2,,,,,15,2,0_17,False,dependent,syn_t011_h0000009,syn_t011_h0000009_r003
14000US06089010704,1,11,34,2,2,2.0,2.0,,2.0,0,2,18_34,True,generative,syn_t011_h0000010,syn_t011_h0000010_r001
14000US06089010704,1,14,69,1,2,2.0,2.0,,2.0,0,1,65_plus,True,generative,syn_t011_h0000011,syn_t011_h0000011_r001
14000US06089010704,1,14,68,2,2,2.0,2.0,,2.0,0,2,65_plus,True,generative,syn_t011_h0000012,syn_t011_h0000012_r001
14000US06089010704,1,52,53,2,2,2.0,2.0,,2.0,0,2,35_64,True,generative,syn_t011_h0000013,syn_t011_h0000013_r001
14000US06089010704,2,67,11,2,2,,2.0,,1.0,2,1,0_17,False,dependent,syn_t011_h0000013,syn_t011_h0000013_r002
14000US06089010704,1,13,67,1,2,2.0,2.0,2.0,2.0,0,1,65_plus,True,generative,syn_t011_h0000014,syn_t011_h0000014_r001
14000US06089010704,2,13,68,2,2,2.0,2.0,,2.0,1,2,65_plus,True,generative,syn_t011_h0000014,syn_t011_h0000014_r002
14000US06089010704,1,12,32,2,2,2.0,2.0,,2.0,0,2,18_34,True,generative,syn_t011_h0000015,syn_t011_h0000015_r001
14000US06089010704,2,13,33,2,2,2.0,2.0,,2.0,1,2,18_34,True,generative,syn_t011_h0000015,syn_t011_h0000015_r002
14000US06089010704,1,14,62,2,2,2.0,2.0,,2.0,0,2,35_64,True,generative,syn_t011_h0000016,syn_t011_h0000016_r001
14000US06089010704,2,11,65,2,2,2.0,2.0,,2.0,1,2,65_plus,True,generative,syn_t011_h0000016,syn_t011_h0000016_r002
14000US06089010704,1,9,51,2,2,2.0,2.0,,2.0,0,2,35_64,True,generative,syn_t011_h0000017,syn_t011_h0000017_r001
14000US06089010704,2,6,52,2,2,2.0,2.0,,2.0,1,2,35_64,True,generative,syn_t011_h0000017,syn_t011_h0000017_r002
14000US06089010704,1,27,82,1,2,2.0,2.0,,2.0,0,1,65_plus,True,generative,syn_t011_h0000018,syn_t011_h0000018_r001
14000US06089010704,1,38,31,2,2,2.0,2.0,,2.0,0,2,18_34,True,generative,syn_t011_h0000019,syn_t011_h0000019_r001
14000US06089010704,2,41,11,2,2,,2.0,,2.0,2,2,0_17,False,dependent,syn_t011_h0000019,syn_t011_h0000019_r002
14000US06089010704,3,39,3,2,2,,,,,2,2,0_17,False,dependent,syn_t011_h0000019,syn_t011_h0000019_r003
14000US06089010704,1,9,57,2,2,2.0,2.0,,2.0,0,2,35_64,True,generative,syn_t011_h0000020,syn_t011_h0000020_r001
14000US06089010704,2,8,80,2,2,2.0,2.0,,2.0,15,2,65_plus,True,generative,syn_t011_h0000020,syn_t011_h0000020_r002
14000US06089010704,1,14,75,2,2,2.0,2.0,,2.0,0,2,65_plus,True,generative,syn_t011_h0000021,syn_t011_h0000021_r001
14000US06089010704,2,12,73,2,2,2.0,2.0,,2.0,1,2,65_plus,True,generative,syn_t011_h0000021,syn_t011_h0000021_r002
14000US06089010704,1,19,35,2,2,2.0,2.0,,2.0,0,2,35_64,True,generative,syn_t011_h0000022,syn_t011_h0000022_r001
14000US06089010704,1,23,81,2,2,2.0,1.0,,2.0,0,1,65_plus,True,generative,syn_t011_h0000023,syn_t011_h0000023_r001
14000US06089010704,1,22,60,2,1,2.0,1.0,,2.0,0,1,35_64,True,generative,syn_t011_h0000024,syn_t011_h0000024_r001
14000US06089010704,1,37,61,2,2,1.0,2.0,,1.0,0,1,35_64,True,generative,syn_t011_h0000025,syn_t011_h0000025_r001
14000US06089010704,1,14,51,2,2,2.0,2.0,,2.0,0,2,35_64,True,generative,syn_t011_h0000026,syn_t011_h0000026_r001
14000US06089010704,2,13,44,2,2,2.0,2.0,,2.0,1,2,35_64,True,generative,syn_t011_h0000026,syn_t011_h0000026_r002
14000US06089010704,3,17,24,2,2,2.0,2.0,,2.0,2,2,18_34,True,generative,syn_t011_h0000026,syn_t011_h0000026_r003
14000US06089010704,4,17,21,2,2,2.0,2.0,,2.0,2,2,18_34,True,generative,syn_t011_h0000026,syn_t011_h0000026_r004
14000US06089010803,1,8,90,2,2,1.0,1.0,,1.0,0,1,65_plus,True,generative,syn_t012_h0000001,syn_t012_h0000001_r001
14000US06089010803,1,35,27,2,2,2.0,2.0,,2.0,0,2,18_34,True,generative,syn_t012_h0000002,syn_t012_h0000002_r001
14000US06089010803,2,41,26,2,2,2.0,2.0,,2.0,1,2,18_34,True,generative,syn_t012_h0000002,syn_t012_h0000002_r002
14000US06089010803,1,57,50,2,2,2.0,2.0,,2.0,0,2,35_64,True,generative,syn_t012_h0000003,syn_t012_h0000003_r001
14000US06089010803,2,77,15,2,2,2.0,2.0,,2.0,2,2,0_17,False,dependent,syn_t012_h0000003,syn_t012_h0000003_r002
14000US06089010803,1,39,26,1,1,1.0,1.0,,1.0,0,1,18_34,True,generative,syn_t012_h0000004,syn_t012_h0000004_r001
14000US06089010803,2,67,32,2,2,2.0,2.0,,1.0,12,1,18_34,True,generative,syn_t012_h0000004,syn_t012_h0000004_r002
14000US06089010803,1,27,70,1,2,2.0,2.0,,2.0,0,1,65_plus,True,generative,syn_t012_h0000005,syn_t012_h0000005_r001
14000US06089010803,2,23,50,2,2,1.0,2.0,,1.0,13,1,35_64,True,generative,syn_t012_h0000005,syn_t012_h0000005_r002
14000US06089010803,1,48,41,2,2,2.0,2.0,,2.0,0,2,35_64,True,generative,syn_t012_h0000006,syn_t012_h0000006_r001
14000US06089010803,2,43,46,2,2,2.0,2.0,,2.0,1,2,35_64,True,generative,syn_t012_h0000006,syn_t012_h0000006_r002
14000US06089010803,3,36,15,2,2,2.0,2.0,,2.0,2,2,0_17,False,dependent,syn_t012_h0000006,syn_t012_h0000006_r003
14000US06089010803,1,16,32,2,2,2.0,2.0,,2.0,0,2,18_34,True,generative,syn_t012_h0000007,syn_t012_h0000007_r001
14000US06089010803,1,69,33,2,2,2.0,2.0,,2.0,0,2,18_34,True,generative,syn_t012_h0000008,syn_t012_h0000008_r001
14000US06089010803,1,14,63,2,2,2.0,2.0,,2.0,0,2,35_64,True,generative,syn_t012_h0000009,syn_t012_h0000009_r001
14000US06089010803,2,14,55,2,2,2.0,2.0,,2.0,1,2,35_64,True,generative,syn_t012_h0000009,syn_t012_h0000009_r002
14000US06089010803,3,15,28,2,2,1.0,2.0,,1.0,2,1,18_34,True,generative,syn_t012_h0000009,syn_t012_h0000009_r003
14000US06089010803,1,34,73,2,2,2.0,2.0,,2.0,0,2,65_plus,True,generative,syn_t012_h0000010,syn_t012_h0000010_r001
14000US06089010803,1,15,62,2,2,2.0,2.0,,2.0,0,2,35_64,True,generative,syn_t012_h0000011,syn_t012_h0000011_r001
14000US06089010803,2,9,58,2,2,2.0,2.0,,2.0,1,2,35_64,True,generative,syn_t012_h0000011,syn_t012_h0000011_r002
14000US06089010803,3,24,36,2,2,2.0,2.0,,2.0,2,2,35_64,True,generative,syn_t012_h0000011,syn_t012_h0000011_r003
14000US06089010803,1,64,49,2,2,2.0,2.0,,2.0,0,2,35_64,True,generative,syn_t012_h0000012,syn_t012_h0000012_r001
14000US06089010803,2,62,52,2,2,2.0,2.0,,2.0,1,2,35_64,True,generative,syn_t012_h0000012,syn_t012_h0000012_r002
14000US06089010803,1,9,49,2,2,2.0,2.0,,2.0,0,2,35_64,True,generative,syn_t012_h0000013,syn_t012_h0000013_r001
14000US06089010803,1,11,54,2,2,2.0,2.0,,2.0,0,2,35_64,True,generative,syn_t012_h0000014,syn_t012_h0000014_r001
14000US06089010803,2,15,54,2,2,2.0,2.0,,2.0,1,2,35_64,True,generative,syn_t012_h0000014,syn_t012_h0000014_r002
14000US06089010803,3,10,20,2,2,2.0,2.0,,2.0,2,2,18_34,True,generative,syn_t012_h0000014,syn_t012_h0000014_r003
14000US06089010803,1,10,75,2,2,2.0,2.0,,2.0,0,2,65_plus,True,generative,syn_t012_h0000015,syn_t012_h0000015_r001
14000US06089010803,2,11,74,2,2,2.0,2.0,,2.0,1,2,65_plus,True,generative,syn_t012_h0000015,syn_t012_h0000015_r002
14000US06089010803,1,27,62,2,2,2.0,2.0,,2.0,0,2,35_64,True,generative,syn_t012_h0000016,syn_t012_h0000016_r001
14000US06089010803,2,21,66,2,2,2.0,2.0,,2.0,1,2,65_plus,True,generative,syn_t012_h0000016,syn_t012_h0000016_r002
14000US06089010803,1,15,23,2,2,2.0,2.0,,2.0,0,2,18_34,True,generative,syn_t012_h0000017,syn_t012_h0000017_r001
14000US06089010803,2,13,21,2,2,2.0,2.0,,1.0,13,1,18_34,True,generative,syn_t012_h0000017,syn_t012_h0000017_r002
14000US06089010803,3,13,23,2,2,2.0,2.0,,2.0,15,2,18_34,True,generative,syn_t012_h0000017,syn_t012_h0000017_r003
14000US06089010803,1,11,59,2,2,2.0,2.0,,2.0,0,2,35_64,True,generative,syn_t012_h0000018,syn_t012_h0000018_r001
14000US06089010803,2,15,24,2,2,2.0,2.0,,2.0,2,2,18_34,True,generative,syn_t012_h0000018,syn_t012_h0000018_r002
14000US06089010803,1,22,57,1,2,2.0,2.0,,2.0,0,1,35_64,True,generative,syn_t012_h0000019,syn_t012_h0000019_r001
14000US06089010803,2,23,57,2,2,2.0,2.0,,2.0,1,2,35_64,True,generative,syn_t012_h0000019,syn_t012_h0000019_r002
14000US06089010803,1,41,45,2,2,2.0,1.0,,2.0,0,1,35_64,True,generative,syn_t012_h0000020,syn_t012_h0000020_r001
14000US06089010803,2,36,26,2,2,2.0,2.0,,2.0,2,2,18_34,True,generative,syn_t012_h0000020,syn_t012_h0000020_r002
14000US06089010803,1,15,25,2,2,2.0,2.0,,2.0,0,2,18_34,True,generative,syn_t012_h0000021,syn_t012_h0000021_r001
14000US06089010803,2,19,26,2,2,2.0,2.0,,2.0,1,2,18_34,True,generative,syn_t012_h0000021,syn_t012_h0000021_r002
14000US06089010803,1,16,60,2,2,2.0,2.0,,2.0,0,2,35_64,True,generative,syn_t012_h0000022,syn_t012_h0000022_r001
14000US06089010803,2,17,60,2,2,2.0,2.0,,2.0,1,2,35_64,True,generative,syn_t012_h0000022,syn_t012_h0000022_r002
14000US06089010803,1,12,40,2,2,2.0,2.0,,2.0,0,2,35_64,True,generative,syn_t012_h0000023,syn_t012_h0000023_r001
14000US06089010803,2,9,50,2,2,2.0,2.0,,2.0,1,2,35_64,True,generative,syn_t012_h0000023,syn_t012_h0000023_r002
14000US06089010803,3,7,19,2,2,2.0,2.0,,2.0,2,2,18_34,True,generative,syn_t012_h0000023,syn_t012_h0000023_r003
14000US06089010803,4,8,17,2,2,2.0,2.0,,2.0,2,2,0_17,False,dependent,syn_t012_h0000023,syn_t012_h0000023_r004
14000US06089010803,1,43,50,2,2,2.0,2.0,,2.0,0,2,35_64,True,generative,syn_t012_h0000024,syn_t012_h0000024_r001
14000US06089010803,2,25,50,2,2,2.0,2.0,,2.0,1,2,35_64,True,generative,syn_t012_h0000024,syn_t012_h0000024_r002
14000US06089010803,3,25,18,2,2,2.0,2.0,,2.0,2,2,18_34,True,generative,syn_t012_h0000024,syn_t012_h0000024_r003
14000US06089010803,1,12,77,2,2,2.0,2.0,,2.0,0,2,65_plus,True,generative,syn_t012_h0000025,syn_t012_h0000025_r001
14000US06089010803,2,16,71,2,2,2.0,2.0,,2.0,13,2,65_plus,True,generative,syn_t012_h0000025,syn_t012_h0000025_r002
14000US06089010803,1,43,27,2,2,2.0,2.0,,2.0,0,2,18_34,True,generative,syn_t012_h0000026,syn_t012_h0000026_r001
14000US06089010803,2,18,24,2,2,2.0,2.0,,2.0,13,2,18_34,True,generative,syn_t012_h0000026,syn_t012_h0000026_r002
14000US06089010803,1,16,29,2,2,2.0,2.0,,2.0,0,2,18_34,True,generative,syn_t012_h0000027,syn_t012_h0000027_r001
14000US06089010803,1,12,66,2,2,2.0,2.0,,2.0,0,2,65_plus,True,generative,syn_t012_h0000028,syn_t012_h0000028_r001
14000US06089010803,1,11,54,2,2,2.0,2.0,2.0,2.0,0,2,35_64,True,generative,syn_t012_h0000029,syn_t012_h0000029_r001
14000US06089010803,1,46,52,2,2,2.0,2.0,,2.0,0,2,35_64,True,generative,syn_t012_h0000030,syn_t012_h0000030_r001
14000US06089010803,2,42,53,2,2,2.0,2.0,,2.0,1,2,35_64,True,generative,syn_t012_h0000030,syn_t012_h0000030_r002
14000US06089010803,1,29,31,2,2,2.0,2.0,,2.0,0,2,18_34,True,generative,syn_t012_h0000031,syn_t012_h0000031_r001
14000US06089010803,2,22,6,2,2,,2.0,,2.0,2,2,0_17,False,dependent,syn_t012_h0000031,syn_t012_h0000031_r002
14000US06089010803,3,23,4,2,2,,,,,2,2,0_17,False,dependent,syn_t012_h0000031,syn_t012_h0000031_r003
14000US06089010803,4,17,39,2,1,2.0,2.0,,2.0,13,1,35_64,True,generative,syn_t012_h0000031,syn_t012_h0000031_r004
14000US06089010803,1,15,53,2,2,2.0,2.0,,2.0,0,2,35_64,True,generative,syn_t012_h0000032,syn_t012_h0000032_r001
14000US06089010803,1,8,84,2,2,2.0,2.0,,2.0,0,2,65_plus,True,generative,syn_t012_h0000033,syn_t012_h0000033_r001
14000US06089010803,2,8,75,2,2,2.0,1.0,,2.0,1,1,65_plus,True,generative,syn_t012_h0000033,syn_t012_h0000033_r002
14000US06089010804,1,48,61,2,2,2.0,1.0,,2.0,0,1,35_64,True,generative,syn_t013_h0000001,syn_t013_h0000001_r001
14000US06089010804,1,29,68,2,2,2.0,2.0,,2.0,0,2,65_plus,True,generative,syn_t013_h0000002,syn_t013_h0000002_r001
14000US06089010804,2,27,71,2,2,2.0,2.0,,2.0,1,2,65_plus,True,generative,syn_t013_h0000002,syn_t013_h0000002_r002
14000US06089010804,1,13,34,2,2,2.0,2.0,,2.0,0,2,18_34,True,generative,syn_t013_h0000003,syn_t013_h0000003_r001
14000US06089010804,2,13,16,2,2,2.0,2.0,,2.0,2,2,0_17,False,dependent,syn_t013_h0000003,syn_t013_h0000003_r002
14000US06089010804,3,13,42,2,2,2.0,2.0,,2.0,12,2,35_64,True,generative,syn_t013_h0000003,syn_t013_h0000003_r003
14000US06089010804,1,25,85,2,2,2.0,2.0,,2.0,0,2,65_plus,True,generative,syn_t013_h0000004,syn_t013_h0000004_r001
14000US06089010804,1,23,55,2,2,2.0,2.0,,2.0,0,2,35_64,True,generative,syn_t013_h0000005,syn_t013_h0000005_r001
14000US06089010804,2,23,51,2,2,2.0,2.0,,2.0,1,2,35_64,True,generative,syn_t013_h0000005,syn_t013_h0000005_r002
14000US06089010804,3,27,18,2,2,2.0,2.0,,2.0,2,2,18_34,True,generative,syn_t013_h0000005,syn_t013_h0000005_r003
14000US06089010804,1,9,72,1,2,2.0,1.0,3.0,2.0,0,1,65_plus,True,generative,syn_t013_h0000006,syn_t013_h0000006_r001
14000US06089010804,2,9,61,2,2,2.0,2.0,,2.0,1,2,35_64,True,generative,syn_t013_h0000006,syn_t013_h0000006_r002
14000US06089010804,1,9,61,2,2,2.0,2.0,,2.0,0,2,35_64,True,generative,syn_t013_h0000007,syn_t013_h0000007_r001
14000US06089010804,2,9,61,2,2,2.0,2.0,,2.0,1,2,35_64,True,generative,syn_t013_h0000007,syn_t013_h0000007_r002
14000US06089010804,1,27,47,2,2,2.0,2.0,,2.0,0,2,35_64,True,generative,syn_t013_h0000008,syn_t013_h0000008_r001
14000US06089010804,2,35,43,2,2,2.0,2.0,,2.0,13,2,35_64,True,generative,syn_t013_h0000008,syn_t013_h0000008_r002
14000US06089010804,1,16,67,2,2,2.0,2.0,,2.0,0,2,65_plus,True,generative,syn_t013_h0000009,syn_t013_h0000009_r001
14000US06089010804,1,9,49,2,2,2.0,2.0,,2.0,0,2,35_64,True,generative,syn_t013_h0000010,syn_t013_h0000010_r001
14000US06089010804,2,7,50,2,2,2.0,2.0,,2.0,1,2,35_64,True,generative,syn_t013_h0000010,syn_t013_h0000010_r002
14000US06089010804,3,11,22,2,2,2.0,2.0,,2.0,2,2,18_34,True,generative,syn_t013_h0000010,syn_t013_h0000010_r003
14000US06089010804,1,18,26,2,2,2.0,2.0,,2.0,0,2,18_34,True,generative,syn_t013_h0000011,syn_t013_h0000011_r001
14000US06089010804,2,17,28,2,2,2.0,2.0,,2.0,1,2,18_34,True,generative,syn_t013_h0000011,syn_t013_h0000011_r002
14000US06089010804,1,16,70,2,2,2.0,2.0,5.0,2.0,0,2,65_plus,True,generative,syn_t013_h0000012,syn_t013_h0000012_r001
14000US06089010804,2,14,64,2,2,2.0,2.0,,2.0,1,2,35_64,True,generative,syn_t013_h0000012,syn_t013_h0000012_r002
14000US06089010805,1,16,38,2,2,2.0,2.0,,2.0,0,2,35_64,True,generative,syn_t014_h0000001,syn_t014_h0000001_r001
14000US06089010805,2,23,36,2,2,2.0,2.0,,2.0,1,2,35_64,True,generative,syn_t014_h0000001,syn_t014_h0000001_r002
14000US06089010805,3,19,13,2,2,,2.0,,2.0,2,2,0_17,False,dependent,syn_t014_h0000001,syn_t014_h0000001_r003
14000US06089010805,4,24,12,2,2,,2.0,,2.0,4,2,0_17,False,dependent,syn_t014_h0000001,syn_t014_h0000001_r004
14000US06089010805,1,10,81,1,2,2.0,2.0,,2.0,0,1,65_plus,True,generative,syn_t014_h0000002,syn_t014_h0000002_r001
14000US06089010805,2,11,77,2,2,2.0,2.0,,2.0,1,2,65_plus,True,generative,syn_t014_h0000002,syn_t014_h0000002_r002
14000US06089010805,1,16,48,2,2,2.0,2.0,,2.0,0,2,35_64,True,generative,syn_t014_h0000003,syn_t014_h0000003_r001
14000US06089010805,1,14,56,2,2,2.0,2.0,,2.0,0,2,35_64,True,generative,syn_t014_h0000004,syn_t014_h0000004_r001
14000US06089010805,1,7,76,2,2,2.0,2.0,,2.0,0,2,65_plus,True,generative,syn_t014_h0000005,syn_t014_h0000005_r001
14000US06089010805,2,9,78,1,2,2.0,2.0,,2.0,1,1,65_plus,True,generative,syn_t014_h0000005,syn_t014_h0000005_r002
14000US06089010805,1,20,65,2,2,2.0,2.0,,2.0,0,2,65_plus,True,generative,syn_t014_h0000006,syn_t014_h0000006_r001
14000US06089010805,1,8,65,2,2,2.0,2.0,,1.0,0,1,65_plus,True,generative,syn_t014_h0000007,syn_t014_h0000007_r001
14000US06089010805,2,27,27,2,2,2.0,2.0,,2.0,2,2,18_34,True,generative,syn_t014_h0000007,syn_t014_h0000007_r002
14000US06089010805,1,41,36,2,2,2.0,2.0,,2.0,0,2,35_64,True,generative,syn_t014_h0000008,syn_t014_h0000008_r001
14000US06089010805,2,36,35,2,2,2.0,2.0,,2.0,1,2,35_64,True,generative,syn_t014_h0000008,syn_t014_h0000008_r002
14000US06089010805,1,21,62,2,2,2.0,2.0,,2.0,0,2,35_64,True,generative,syn_t014_h0000009,syn_t014_h0000009_r001
14000US06089010805,2,21,60,2,2,2.0,2.0,,2.0,1,2,35_64,True,generative,syn_t014_h0000009,syn_t014_h0000009_r002
14000US06089010805,1,14,37,2,2,2.0,2.0,,2.0,0,2,35_64,True,generative,syn_t014_h0000010,syn_t014_h0000010_r001
14000US06089010805,1,8,66,1,2,2.0,2.0,5.0,2.0,0,1,65_plus,True,generative,syn_t014_h0000011,syn_t014_h0000011_r001
14000US06089010805,2,7,63,2,2,2.0,2.0,,2.0,1,2,35_64,True,generative,syn_t014_h0000011,syn_t014_h0000011_r002
14000US06089010805,3,9,21,2,2,2.0,2.0,,2.0,7,2,18_34,True,generative,syn_t014_h0000011,syn_t014_h0000011_r003
14000US06089010805,1,77,31,2,2,2.0,2.0,,2.0,0,2,18_34,True,generative,syn_t014_h0000012,syn_t014_h0000012_r001
14000US06089010805,2,34,26,2,2,2.0,2.0,,2.0,1,2,18_34,True,generative,syn_t014_h0000012,syn_t014_h0000012_r002
14000US06089010805,3,44,10,2,2,,2.0,,2.0,2,2,0_17,False,dependent,syn_t014_h0000012,syn_t014_h0000012_r003
14000US06089010805,4,44,7,2,2,,2.0,,2.0,2,2,0_17,False,dependent,syn_t014_h0000012,syn_t014_h0000012_r004
14000US06089010805,5,44,5,2,2,,2.0,,2.0,2,2,0_17,False,dependent,syn_t014_h0000012,syn_t014_h0000012_r005
14000US06089010805,1,20,68,2,2,2.0,2.0,,2.0,0,2,65_plus,True,generative,syn_t014_h0000013,syn_t014_h0000013_r001
14000US06089010805,1,53,44,2,2,2.0,2.0,,2.0,0,2,35_64,True,generative,syn_t014_h0000014,syn_t014_h0000014_r001
14000US06089010805,2,25,48,2,2,2.0,2.0,,2.0,1,2,35_64,True,generative,syn_t014_h0000014,syn_t014_h0000014_r002
14000US06089010805,3,17,16,2,2,2.0,2.0,,2.0,2,2,0_17,False,dependent,syn_t014_h0000014,syn_t014_h0000014_r003
14000US06089010805,1,32,78,2,2,2.0,2.0,,2.0,0,2,65_plus,True,generative,syn_t014_h0000015,syn_t014_h0000015_r001
14000US06089010805,2,28,83,2,2,2.0,1.0,,2.0,1,1,65_plus,True,generative,syn_t014_h0000015,syn_t014_h0000015_r002
14000US06089010805,1,14,37,2,2,2.0,2.0,,2.0,0,2,35_64,True,generative,syn_t014_h0000016,syn_t014_h0000016_r001
14000US06089010805,2,13,5,2,2,,2.0,,2.0,2,2,0_17,False,dependent,syn_t014_h0000016,syn_t014_h0000016_r002
14000US06089010805,3,13,3,2,2,,,,,2,2,0_17,False,dependent,syn_t014_h0000016,syn_t014_h0000016_r003
14000US06089010805,1,68,54,2,1,1.0,2.0,,1.0,0,1,35_64,True,generative,syn_t014_h0000017,syn_t014_h0000017_r001
14000US06089010805,1,71,49,2,2,2.0,2.0,,2.0,0,2,35_64,True,generative,syn_t014_h0000018,syn_t014_h0000018_r001
14000US06089010805,2,54,50,2,2,2.0,2.0,,2.0,1,2,35_64,True,generative,syn_t014_h0000018,syn_t014_h0000018_r002
14000US06089010805,1,25,66,1,2,2.0,2.0,,2.0,0,1,65_plus,True,generative,syn_t014_h0000019,syn_t014_h0000019_r001
14000US06089010805,2,27,69,2,2,2.0,2.0,,2.0,1,2,65_plus,True,generative,syn_t014_h0000019,syn_t014_h0000019_r002
14000US06089010805,1,18,31,2,2,2.0,2.0,,2.0,0,2,18_34,True,generative,syn_t014_h0000020,syn_t014_h0000020_r001
14000US06089010805,2,16,30,2,2,2.0,2.0,,2.0,1,2,18_34,True,generative,syn_t014_h0000020,syn_t014_h0000020_r002
14000US06089010805,3,20,2,2,2,,,,,2,2,0_17,False,dependent,syn_t014_h0000020,syn_t014_h0000020_r003
14000US06089010805,1,23,56,2,2,2.0,2.0,,2.0,0,2,35_64,True,generative,syn_t014_h0000021,syn_t014_h0000021_r001
14000US06089010805,2,22,60,2,1,2.0,2.0,,2.0,1,1,35_64,True,generative,syn_t014_h0000021,syn_t014_h0000021_r002
14000US06089010805,1,20,29,2,2,2.0,2.0,,2.0,0,2,18_34,True,generative,syn_t014_h0000022,syn_t014_h0000022_r001
14000US06089010805,2,18,28,2,2,2.0,2.0,,2.0,13,2,18_34,True,generative,syn_t014_h0000022,syn_t014_h0000022_r002
14000US06089010805,1,63,47,2,2,2.0,2.0,,2.0,0,2,35_64,True,generative,syn_t014_h0000023,syn_t014_h0000023_r001
14000US06089010805,2,71,41,2,2,2.0,1.0,,2.0,1,1,35_64,True,generative,syn_t014_h0000023,syn_t014_h0000023_r002
14000US06089010805,3,78,21,2,2,2.0,2.0,,2.0,2,2,18_34,True,generative,syn_t014_h0000023,syn_t014_h0000023_r003
14000US06089010805,4,64,14,2,2,,2.0,,2.0,2,2,0_17,False,dependent,syn_t014_h0000023,syn_t014_h0000023_r004
14000US06089010805,1,12,64,2,2,2.0,2.0,,2.0,0,2,35_64,True,generative,syn_t014_h0000024,syn_t014_h0000024_r001
14000US06089010805,1,16,52,2,2,2.0,2.0,,2.0,0,2,35_64,True,generative,syn_t014_h0000025,syn_t014_h0000025_r001
14000US06089010805,1,18,66,2,2,2.0,2.0,,2.0,0,2,65_plus,True,generative,syn_t014_h0000026,syn_t014_h0000026_r001
14000US06089010805,2,19,24,2,2,2.0,2.0,,2.0,2,2,18_34,True,generative,syn_t014_h0000026,syn_t014_h0000026_r002
14000US06089010805,1,24,63,1,2,2.0,2.0,,2.0,0,1,35_64,True,generative,syn_t014_h0000027,syn_t014_h0000027_r001
14000US06089010805,2,19,30,2,2,2.0,2.0,,2.0,1,2,18_34,True,generative,syn_t014_h0000027,syn_t014_h0000027_r002
14000US06089010806,1,7,51,2,2,2.0,2.0,,2.0,0,2,35_64,True,generative,syn_t015_h0000001,syn_t015_h0000001_r001
14000US06089010806,1,13,60,2,2,2.0,2.0,,2.0,0,2,35_64,True,generative,syn_t015_h0000002,syn_t015_h0000002_r001
14000US06089010806,2,11,64,2,2,2.0,2.0,,2.0,13,2,35_64,True,generative,syn_t015_h0000002,syn_t015_h0000002_r002
14000US06089010806,1,11,54,2,2,2.0,2.0,2.0,2.0,0,2,35_64,True,generative,syn_t015_h0000003,syn_t015_h0000003_r001
14000US06089010806,1,34,35,2,2,2.0,2.0,,2.0,0,2,35_64,True,generative,syn_t015_h0000004,syn_t015_h0000004_r001
14000US06089010806,2,33,17,2,1,1.0,1.0,,1.0,2,1,0_17,False,dependent,syn_t015_h0000004,syn_t015_h0000004_r002
14000US06089010806,3,32,15,2,2,2.0,2.0,,2.0,2,2,0_17,False,dependent,syn_t015_h0000004,syn_t015_h0000004_r003
14000US06089010806,4,54,14,2,2,,2.0,,2.0,2,2,0_17,False,dependent,syn_t015_h0000004,syn_t015_h0000004_r004
14000US06089010806,1,7,81,2,2,2.0,2.0,,2.0,0,2,65_plus,True,generative,syn_t015_h0000005,syn_t015_h0000005_r001
14000US06089010806,1,11,69,2,2,2.0,2.0,,2.0,0,2,65_plus,True,generative,syn_t015_h0000006,syn_t015_h0000006_r001
14000US06089010806,1,18,39,2,2,2.0,2.0,,2.0,0,2,35_64,True,generative,syn_t015_h0000007,syn_t015_h0000007_r001
14000US06089010806,2,16,38,2,2,2.0,2.0,,2.0,1,2,35_64,True,generative,syn_t015_h0000007,syn_t015_h0000007_r002
14000US06089010806,3,24,8,2,2,,2.0,,2.0,3,2,0_17,False,dependent,syn_t015_h0000007,syn_t015_h0000007_r003
14000US06089010806,4,24,7,2,2,,2.0,,2.0,3,2,0_17,False,dependent,syn_t015_h0000007,syn_t015_h0000007_r004
14000US06089010806,5,15,4,2,2,,,,,3,2,0_17,False,dependent,syn_t015_h0000007,syn_t015_h0000007_r005
14000US06089010806,1,20,64,2,2,1.0,1.0,,1.0,0,1,35_64,True,generative,syn_t015_h0000008,syn_t015_h0000008_r001
14000US06089010806,1,13,65,2,2,2.0,2.0,,2.0,0,2,65_plus,True,generative,syn_t015_h0000009,syn_t015_h0000009_r001
14000US06089010806,2,20,29,2,2,2.0,2.0,,2.0,2,2,18_34,True,generative,syn_t015_h0000009,syn_t015_h0000009_r002
14000US06089010806,3,17,5,2,2,,2.0,,2.0,7,2,0_17,False,dependent,syn_t015_h0000009,syn_t015_h0000009_r003
14000US06089010806,4,19,3,2,2,,,,,7,2,0_17,False,dependent,syn_t015_h0000009,syn_t015_h0000009_r004
14000US06089010806,5,26,25,2,2,2.0,2.0,,2.0,9,2,18_34,True,generative,syn_t015_h0000009,syn_t015_h0000009_r005
14000US06089010806,1,14,81,2,2,2.0,2.0,,2.0,0,2,65_plus,True,generative,syn_t015_h0000010,syn_t015_h0000010_r001
14000US06089010806,1,36,88,2,2,1.0,2.0,,2.0,0,1,65_plus,True,generative,syn_t015_h0000011,syn_t015_h0000011_r001
14000US06089010806,1,11,65,1,2,2.0,2.0,1.0,2.0,0,1,65_plus,True,generative,syn_t015_h0000012,syn_t015_h0000012_r001
14000US06089010806,1,30,57,2,2,2.0,2.0,,2.0,0,2,35_64,True,generative,syn_t015_h0000013,syn_t015_h0000013_r001
14000US06089010806,1,4,67,2,2,2.0,2.0,,2.0,0,2,65_plus,True,generative,syn_t015_h0000014,syn_t015_h0000014_r001
14000US06089010806,1,12,83,2,2,2.0,2.0,,2.0,0,2,65_plus,True,generative,syn_t015_h0000015,syn_t015_h0000015_r001
14000US06089010806,1,52,53,2,2,2.0,2.0,,2.0,0,2,35_64,True,generative,syn_t015_h0000016,syn_t015_h0000016_r001
14000US06089010806,2,67,11,2,2,,2.0,,1.0,2,1,0_17,False,dependent,syn_t015_h0000016,syn_t015_h0000016_r002
14000US06089010806,1,17,82,2,2,2.0,2.0,,2.0,0,2,65_plus,True,generative,syn_t015_h0000017,syn_t015_h0000017_r001
14000US06089010806,1,59,48,2,2,2.0,1.0,,2.0,0,1,35_64,True,generative,syn_t015_h0000018,syn_t015_h0000018_r001
14000US06089010806,2,68,37,2,2,2.0,1.0,4.0,1.0,15,1,35_64,True,generative,syn_t015_h0000018,syn_t015_h0000018_r002
14000US06089010806,1,20,47,2,2,2.0,2.0,2.0,2.0,0,2,35_64,True,generative,syn_t015_h0000019,syn_t015_h0000019_r001
14000US06089010806,2,21,41,2,2,2.0,2.0,,2.0,1,2,35_64,True,generative,syn_t015_h0000019,syn_t015_h0000019_r002
14000US06089010806,3,24,16,2,2,2.0,2.0,,2.0,2,2,0_17,False,dependent,syn_t015_h0000019,syn_t015_h0000019_r003
14000US06089010806,1,12,60,2,2,2.0,2.0,,2.0,0,2,35_64,True,generative,syn_t015_h0000020,syn_t015_h0000020_r001
14000US06089010806,2,19,44,2,2,2.0,2.0,,2.0,2,2,35_64,True,generative,syn_t015_h0000020,syn_t015_h0000020_r002
14000US06089010806,3,13,13,2,2,,2.0,,2.0,7,2,0_17,False,dependent,syn_t015_h0000020,syn_t015_h0000020_r003
14000US06089010806,4,11,2,2,2,,,,,7,2,0_17,False,dependent,syn_t015_h0000020,syn_t015_h0000020_r004
14000US06089010807,1,11,57,2,2,2.0,2.0,,2.0,0,2,35_64,True,generative,syn_t016_h0000001,syn_t016_h0000001_r001
14000US06089010807,2,10,61,2,2,2.0,2.0,,2.0,1,2,35_64,True,generative,syn_t016_h0000001,syn_t016_h0000001_r002
14000US06089010807,3,19,25,2,2,2.0,2.0,,2.0,2,2,18_34,True,generative,syn_t016_h0000001,syn_t016_h0000001_r003
14000US06089010807,4,16,24,2,2,2.0,2.0,,2.0,2,2,18_34,True,generative,syn_t016_h0000001,syn_t016_h0000001_r004
14000US06089010807,1,9,65,2,2,2.0,2.0,,2.0,0,2,65_plus,True,generative,syn_t016_h0000002,syn_t016_h0000002_r001
14000US06089010807,1,6,63,2,2,2.0,2.0,,2.0,0,2,35_64,True,generative,syn_t016_h0000003,syn_t016_h0000003_r001
14000US06089010807,2,6,71,2,2,2.0,2.0,2.0,2.0,1,2,65_plus,True,generative,syn_t016_h0000003,syn_t016_h0000003_r002
14000US06089010807,1,62,65,2,2,2.0,2.0,,2.0,0,2,65_plus,True,generative,syn_t016_h0000004,syn_t016_h0000004_r001
14000US06089010807,2,54,48,2,2,2.0,2.0,,2.0,1,2,35_64,True,generative,syn_t016_h0000004,syn_t016_h0000004_r002
14000US06089010807,1,17,32,2,2,2.0,2.0,,2.0,0,2,18_34,True,generative,syn_t016_h0000005,syn_t016_h0000005_r001
14000US06089010807,2,17,31,2,2,2.0,2.0,,2.0,1,2,18_34,True,generative,syn_t016_h0000005,syn_t016_h0000005_r002
14000US06089010807,1,12,58,2,2,2.0,2.0,,2.0,0,2,35_64,True,generative,syn_t016_h0000006,syn_t016_h0000006_r001
14000US06089010807,2,13,24,2,2,2.0,2.0,,2.0,2,2,18_34,True,generative,syn_t016_h0000006,syn_t016_h0000006_r002
14000US06089010807,1,31,70,2,2,2.0,2.0,,2.0,0,2,65_plus,True,generative,syn_t016_h0000007,syn_t016_h0000007_r001
14000US06089010807,2,34,67,2,2,2.0,2.0,,2.0,1,2,65_plus,True,generative,syn_t016_h0000007,syn_t016_h0000007_r002
14000US06089010807,3,37,36,2,2,2.0,2.0,,2.0,2,2,35_64,True,generative,syn_t016_h0000007,syn_t016_h0000007_r003
14000US06089010807,4,34,9,2,2,,2.0,,2.0,7,2,0_17,False,dependent,syn_t016_h0000007,syn_t016_h0000007_r004
14000US06089010807,1,13,61,1,2,2.0,1.0,,2.0,0,1,35_64,True,generative,syn_t016_h0000008,syn_t016_h0000008_r001
14000US06089010807,2,23,52,2,2,2.0,1.0,,1.0,12,1,35_64,True,generative,syn_t016_h0000008,syn_t016_h0000008_r002
14000US06089010807,1,40,41,2,2,2.0,2.0,,2.0,0,2,35_64,True,generative,syn_t016_h0000009,syn_t016_h0000009_r001
14000US06089010807,2,27,42,2,2,2.0,2.0,,2.0,1,2,35_64,True,generative,syn_t016_h0000009,syn_t016_h0000009_r002
14000US06089010807,3,22,11,2,2,,2.0,,2.0,2,2,0_17,False,dependent,syn_t016_h0000009,syn_t016_h0000009_r003
14000US06089010807,4,21,9,2,2,,2.0,,2.0,2,2,0_17,False,dependent,syn_t016_h0000009,syn_t016_h0000009_r004
14000US06089010807,1,36,22,2,2,2.0,2.0,,2.0,0,2,18_34,True,generative,syn_t016_h0000010,syn_t016_h0000010_r001
14000US06089010807,2,37,19,2,2,2.0,2.0,,2.0,5,2,18_34,True,generative,syn_t016_h0000010,syn_t016_h0000010_r002
14000US06089010807,3,15,50,2,2,2.0,2.0,,2.0,6,2,35_64,True,generative,syn_t016_h0000010,syn_t016_h0000010_r003
14000US06089010807,1,34,73,2,2,2.0,2.0,,2.0,0,2,65_plus,True,generative,syn_t016_h0000011,syn_t016_h0000011_r001
14000US06089010807,1,70,25,2,2,2.0,2.0,,2.0,0,2,18_34,True,generative,syn_t016_h0000012,syn_t016_h0000012_r001
14000US06089010807,2,55,26,2,2,2.0,2.0,,2.0,13,2,18_34,True,generative,syn_t016_h0000012,syn_t016_h0000012_r002
14000US06089010807,1,43,66,2,2,1.0,1.0,,2.0,0,1,65_plus,True,generative,syn_t016_h0000013,syn_t016_h0000013_r001
14000US06089010807,2,39,59,2,2,2.0,2.0,,2.0,1,2,35_64,True,generative,syn_t016_h0000013,syn_t016_h0000013_r002
14000US06089010807,3,69,23,2,2,2.0,2.0,,2.0,11,2,18_34,True,generative,syn_t016_h0000013,syn_t016_h0000013_r003
14000US06089010807,1,59,85,1,2,1.0,2.0,,2.0,0,1,65_plus,True,generative,syn_t016_h0000014,syn_t016_h0000014_r001
14000US06089010807,1,20,77,2,2,2.0,2.0,,2.0,0,2,65_plus,True,generative,syn_t016_h0000015,syn_t016_h0000015_r001
14000US06089010807,2,20,73,2,2,1.0,1.0,,2.0,1,1,65_plus,True,generative,syn_t016_h0000015,syn_t016_h0000015_r002
14000US06089010807,1,23,56,2,2,2.0,2.0,,2.0,0,2,35_64,True,generative,syn_t016_h0000016,syn_t016_h0000016_r001
14000US06089010807,2,22,60,2,1,2.0,2.0,,2.0,1,1,35_64,True,generative,syn_t016_h0000016,syn_t016_h0000016_r002
14000US06089010807,1,25,44,2,2,2.0,2.0,,1.0,0,1,35_64,True,generative,syn_t016_h0000017,syn_t016_h0000017_r001
14000US06089010807,1,18,83,2,2,2.0,2.0,,2.0,0,2,65_plus,True,generative,syn_t016_h0000018,syn_t016_h0000018_r001
14000US06089010807,2,20,60,2,2,2.0,2.0,,2.0,2,2,35_64,True,generative,syn_t016_h0000018,syn_t016_h0000018_r002
14000US06089010807,1,12,50,2,2,2.0,2.0,,2.0,0,2,35_64,True,generative,syn_t016_h0000019,syn_t016_h0000019_r001
14000US06089010807,2,15,46,2,2,2.0,2.0,,2.0,1,2,35_64,True,generative,syn_t016_h0000019,syn_t016_h0000019_r002
14000US06089010807,1,16,29,2,2,2.0,2.0,,2.0,0,2,18_34,True,generative,syn_t016_h0000020,syn_t016_h0000020_r001
14000US06089010807,1,17,27,2,2,2.0,2.0,,2.0,0,2,18_34,True,generative,syn_t016_h0000021,syn_t016_h0000021_r001
14000US06089010807,2,21,29,2,2,2.0,2.0,,2.0,1,2,18_34,True,generative,syn_t016_h0000021,syn_t016_h0000021_r002
14000US06089010807,3,23,5,2,2,,2.0,,2.0,2,2,0_17,False,dependent,syn_t016_h0000021,syn_t016_h0000021_r003
14000US06089010807,4,15,1,2,2,,,,,2,2,0_17,False,dependent,syn_t016_h0000021,syn_t016_h0000021_r004
14000US06089010807,5,24,9,2,2,,2.0,,2.0,3,2,0_17,False,dependent,syn_t016_h0000021,syn_t016_h0000021_r005
14000US06089010807,1,21,45,2,2,2.0,2.0,,2.0,0,2,35_64,True,generative,syn_t016_h0000022,syn_t016_h0000022_r001
14000US06089010807,2,12,47,2,2,2.0,2.0,,2.0,1,2,35_64,True,generative,syn_t016_h0000022,syn_t016_h0000022_r002
14000US06089010807,3,11,15,2,2,1.0,2.0,,1.0,2,1,0_17,False,dependent,syn_t016_h0000022,syn_t016_h0000022_r003
14000US06089010807,4,14,11,2,2,,2.0,,2.0,2,2,0_17,False,dependent,syn_t016_h0000022,syn_t016_h0000022_r004
14000US06089010807,5,13,11,2,2,,2.0,,2.0,2,2,0_17,False,dependent,syn_t016_h0000022,syn_t016_h0000022_r005
14000US06089010807,6,14,6,2,2,,2.0,,2.0,2,2,0_17,False,dependent,syn_t016_h0000022,syn_t016_h0000022_r006
14000US06089010807,1,7,53,2,2,2.0,2.0,,2.0,0,2,35_64,True,generative,syn_t016_h0000023,syn_t016_h0000023_r001
14000US06089010807,2,8,55,2,2,2.0,2.0,,2.0,1,2,35_64,True,generative,syn_t016_h0000023,syn_t016_h0000023_r002
14000US06089010807,1,11,82,2,2,2.0,2.0,,2.0,0,2,65_plus,True,generative,syn_t016_h0000024,syn_t016_h0000024_r001
14000US06089010807,2,14,83,2,2,2.0,2.0,,2.0,1,2,65_plus,True,generative,syn_t016_h0000024,syn_t016_h0000024_r002
14000US06089010900,1,21,24,2,2,2.0,2.0,,2.0,0,2,18_34,True,generative,syn_t017_h0000001,syn_t017_h0000001_r001
14000US06089010900,2,18,2,2,2,,,,,2,2,0_17,False,dependent,syn_t017_h0000001,syn_t017_h0000001_r002
14000US06089010900,1,57,45,2,2,2.0,2.0,,2.0,0,2,35_64,True,generative,syn_t017_h0000002,syn_t017_h0000002_r001
14000US06089010900,2,67,45,2,1,2.0,1.0,,2.0,1,1,35_64,True,generative,syn_t017_h0000002,syn_t017_h0000002_r002
14000US06089010900,3,53,19,2,2,2.0,2.0,,2.0,2,2,18_34,True,generative,syn_t017_h0000002,syn_t017_h0000002_r003
14000US06089010900,4,60,17,2,2,2.0,2.0,,2.0,2,2,0_17,False,dependent,syn_t017_h0000002,syn_t017_h0000002_r004
14000US06089010900,5,60,15,2,2,2.0,2.0,,2.0,2,2,0_17,False,dependent,syn_t017_h0000002,syn_t017_h0000002_r005
14000US06089010900,1,61,87,2,1,1.0,1.0,,2.0,0,1,65_plus,True,generative,syn_t017_h0000003,syn_t017_h0000003_r001
14000US06089010900,2,61,64,2,2,2.0,1.0,,2.0,2,1,35_64,True,generative,syn_t017_h0000003,syn_t017_h0000003_r002
14000US06089010900,1,6,31,2,2,2.0,2.0,,2.0,0,2,18_34,True,generative,syn_t017_h0000004,syn_t017_h0000004_r001
14000US06089010900,2,9,30,2,2,2.0,2.0,,2.0,1,2,18_34,True,generative,syn_t017_h0000004,syn_t017_h0000004_r002
14000US06089010900,3,10,0,2,2,,,,,2,2,0_17,False,dependent,syn_t017_h0000004,syn_t017_h0000004_r003
14000US06089010900,1,61,25,2,2,2.0,2.0,,2.0,0,2,18_34,True,generative,syn_t017_h0000005,syn_t017_h0000005_r001
14000US06089010900,2,63,6,2,2,,2.0,,2.0,2,2,0_17,False,dependent,syn_t017_h0000005,syn_t017_h0000005_r002
14000US06089010900,3,58,1,2,2,,,,,2,2,0_17,False,dependent,syn_t017_h0000005,syn_t017_h0000005_r003
14000US06089010900,4,54,24,2,2,2.0,2.0,,2.0,13,2,18_34,True,generative,syn_t017_h0000005,syn_t017_h0000005_r004
14000US06089010900,1,69,41,2,2,2.0,2.0,,2.0,0,2,35_64,True,generative,syn_t017_h0000006,syn_t017_h0000006_r001
14000US06089010900,2,87,40,2,2,2.0,2.0,,2.0,1,2,35_64,True,generative,syn_t017_h0000006,syn_t017_h0000006_r002
14000US06089010900,3,79,13,2,2,,2.0,,2.0,2,2,0_17,False,dependent,syn_t017_h0000006,syn_t017_h0000006_r003
14000US06089010900,4,78,10,2,2,,2.0,,2.0,2,2,0_17,False,dependent,syn_t017_h0000006,syn_t017_h0000006_r004
14000US06089010900,1,38,63,2,2,2.0,2.0,,2.0,0,2,35_64,True,generative,syn_t017_h0000007,syn_t017_h0000007_r001
14000US06089010900,1,29,30,2,2,2.0,2.0,,2.0,0,2,18_34,True,generative,syn_t017_h0000008,syn_t017_h0000008_r001
14000US06089010900,2,28,27,2,2,2.0,2.0,,2.0,1,2,18_34,True,generative,syn_t017_h0000008,syn_t017_h0000008_r002
14000US06089010900,3,28,7,2,2,,2.0,,2.0,2,2,0_17,False,dependent,syn_t017_h0000008,syn_t017_h0000008_r003
14000US06089010900,4,29,5,2,2,,2.0,,2.0,2,2,0_17,False,dependent,syn_t017_h0000008,syn_t017_h0000008_r004
14000US06089010900,1,23,61,1,2,2.0,2.0,,2.0,0,1,35_64,True,generative,syn_t017_h0000009,syn_t017_h0000009_r001
14000US06089010900,2,19,61,2,2,2.0,2.0,,2.0,1,2,35_64,True,generative,syn_t017_h0000009,syn_t017_h0000009_r002
14000US06089010900,3,42,31,2,2,2.0,2.0,,2.0,2,2,18_34,True,generative,syn_t017_h0000009,syn_t017_h0000009_r003
14000US06089010900,1,39,47,2,2,2.0,2.0,,2.0,0,2,35_64,True,generative,syn_t017_h0000010,syn_t017_h0000010_r001
14000US06089010900,1,16,72,2,2,2.0,2.0,,2.0,0,2,65_plus,True,generative,syn_t017_h0000011,syn_t017_h0000011_r001
14000US06089010900,1,27,75,2,2,2.0,2.0,,2.0,0,2,65_plus,True,generative,syn_t017_h0000012,syn_t017_h0000012_r001
14000US06089010900,1,14,37,2,2,2.0,2.0,,2.0,0,2,35_64,True,generative,syn_t017_h0000013,syn_t017_h0000013_r001
14000US06089010900,2,11,16,2,2,2.0,2.0,,2.0,2,2,0_17,False,dependent,syn_t017_h0000013,syn_t017_h0000013_r002
14000US06089010900,1,15,46,2,2,2.0,2.0,,2.0,0,2,35_64,True,generative,syn_t017_h0000014,syn_t017_h0000014_r001
14000US06089010900,2,9,40,2,2,2.0,2.0,,2.0,1,2,35_64,True,generative,syn_t017_h0000014,syn_t017_h0000014_r002
14000US06089010900,1,12,55,2,2,1.0,1.0,,2.0,0,1,35_64,True,generative,syn_t017_h0000015,syn_t017_h0000015_r001
14000US06089010900,1,23,62,2,2,2.0,2.0,,2.0,0,2,35_64,True,generative,syn_t017_h0000016,syn_t017_h0000016_r001
14000US06089010900,2,25,54,2,2,2.0,2.0,,2.0,1,2,35_64,True,generative,syn_t017_h0000016,syn_t017_h0000016_r002
14000US06089010900,1,4,56,2,2,2.0,2.0,,2.0,0,2,35_64,True,generative,syn_t017_h0000017,syn_t017_h0000017_r001
14000US06089010900,2,4,56,2,2,2.0,2.0,,2.0,1,2,35_64,True,generative,syn_t017_h0000017,syn_t017_h0000017_r002
14000US06089010900,1,17,75,2,2,2.0,2.0,,2.0,0,2,65_plus,True,generative,syn_t017_h0000018,syn_t017_h0000018_r001
14000US06089010900,2,13,72,2,2,2.0,2.0,,2.0,1,2,65_plus,True,generative,syn_t017_h0000018,syn_t017_h0000018_r002
14000US06089010900,3,19,43,2,2,2.0,2.0,,2.0,2,2,35_64,True,generative,syn_t017_h0000018,syn_t017_h0000018_r003
14000US06089010900,4,16,9,2,2,,2.0,,2.0,7,2,0_17,False,dependent,syn_t017_h0000018,syn_t017_h0000018_r004
14000US06089010900,1,73,22,2,2,2.0,2.0,,2.0,0,2,18_34,True,generative,syn_t017_h0000019,syn_t017_h0000019_r001
14000US06089010900,1,10,84,2,2,2.0,2.0,,2.0,0,2,65_plus,True,generative,syn_t017_h0000020,syn_t017_h0000020_r001
14000US06089010900,1,42,35,2,2,1.0,1.0,,1.0,0,1,35_64,True,generative,syn_t017_h0000021,syn_t017_h0000021_r001
14000US06089010900,2,40,14,2,2,,2.0,,2.0,2,2,0_17,False,dependent,syn_t017_h0000021,syn_t017_h0000021_r002
14000US06089010900,3,32,16,2,2,2.0,2.0,,2.0,10,2,0_17,False,dependent,syn_t017_h0000021,syn_t017_h0000021_r003
14000US06089010900,4,39,13,2,2,,2.0,,2.0,10,2,0_17,False,dependent,syn_t017_h0000021,syn_t017_h0000021_r004
14000US06089010900,1,11,22,2,2,2.0,2.0,,2.0,0,2,18_34,True,generative,syn_t017_h0000022,syn_t017_h0000022_r001
14000US06089010900,2,12,24,2,2,2.0,2.0,,2.0,1,2,18_34,True,generative,syn_t017_h0000022,syn_t017_h0000022_r002
14000US06089010900,3,13,4,2,2,,,,,2,2,0_17,False,dependent,syn_t017_h0000022,syn_t017_h0000022_r003
14000US06089010900,4,16,3,2,2,,,,,2,2,0_17,False,dependent,syn_t017_h0000022,syn_t017_h0000022_r004
14000US06089010900,5,17,0,2,2,,,,,2,2,0_17,False,dependent,syn_t017_h0000022,syn_t017_h0000022_r005
14000US06089010900,6,13,19,2,2,2.0,2.0,,2.0,5,2,18_34,True,generative,syn_t017_h0000022,syn_t017_h0000022_r006
14000US06089010900,7,10,3,2,2,,,,,10,2,0_17,False,dependent,syn_t017_h0000022,syn_t017_h0000022_r007
14000US06089010900,1,36,70,1,2,2.0,1.0,,2.0,0,1,65_plus,True,generative,syn_t017_h0000023,syn_t017_h0000023_r001
14000US06089010900,2,41,40,2,2,2.0,2.0,,2.0,2,2,35_64,True,generative,syn_t017_h0000023,syn_t017_h0000023_r002
14000US06089010900,3,39,13,2,2,,2.0,,2.0,7,2,0_17,False,dependent,syn_t017_h0000023,syn_t017_h0000023_r003
14000US06089010900,1,11,37,2,2,2.0,2.0,,2.0,0,2,35_64,True,generative,syn_t017_h0000024,syn_t017_h0000024_r001
14000US06089010900,2,13,16,2,2,2.0,2.0,,2.0,2,2,0_17,False,dependent,syn_t017_h0000024,syn_t017_h0000024_r002
14000US06089010900,3,14,37,2,2,2.0,2.0,,2.0,12,2,35_64,True,generative,syn_t017_h0000024,syn_t017_h0000024_r003
14000US06089010900,4,17,25,2,2,2.0,2.0,,2.0,12,2,18_34,True,generative,syn_t017_h0000024,syn_t017_h0000024_r004
14000US06089011001,1,17,54,2,2,2.0,2.0,,2.0,0,2,35_64,True,generative,syn_t018_h0000001,syn_t018_h0000001_r001
14000US06089011001,2,16,55,2,2,2.0,2.0,,2.0,1,2,35_64,True,generative,syn_t018_h0000001,syn_t018_h0000001_r002
14000US06089011001,3,18,28,2,2,2.0,2.0,,2.0,2,2,18_34,True,generative,syn_t018_h0000001,syn_t018_h0000001_r003
14000US06089011001,4,21,30,2,2,2.0,2.0,,2.0,15,2,18_34,True,generative,syn_t018_h0000001,syn_t018_h0000001_r004
14000US06089011001,1,9,65,2,2,2.0,2.0,,2.0,0,2,65_plus,True,generative,syn_t018_h0000002,syn_t018_h0000002_r001
14000US06089011001,2,8,65,2,2,2.0,2.0,,2.0,1,2,65_plus,True,generative,syn_t018_h0000002,syn_t018_h0000002_r002
14000US06089011001,1,24,50,2,2,2.0,1.0,,2.0,0,1,35_64,True,generative,syn_t018_h0000003,syn_t018_h0000003_r001
14000US06089011001,2,22,50,2,2,2.0,2.0,,2.0,1,2,35_64,True,generative,syn_t018_h0000003,syn_t018_h0000003_r002
14000US06089011001,1,7,59,2,2,2.0,2.0,,2.0,0,2,35_64,True,generative,syn_t018_h0000004,syn_t018_h0000004_r001
14000US06089011001,2,7,59,2,2,2.0,2.0,,2.0,1,2,35_64,True,generative,syn_t018_h0000004,syn_t018_h0000004_r002
14000US06089011001,1,14,35,2,2,2.0,2.0,,2.0,0,2,35_64,True,generative,syn_t018_h0000005,syn_t018_h0000005_r001
14000US06089011001,2,14,37,2,2,2.0,2.0,,2.0,1,2,35_64,True,generative,syn_t018_h0000005,syn_t018_h0000005_r002
14000US06089011001,3,14,11,2,2,,2.0,,2.0,2,2,0_17,False,dependent,syn_t018_h0000005,syn_t018_h0000005_r003
14000US06089011001,4,13,7,2,2,,2.0,,2.0,2,2,0_17,False,dependent,syn_t018_h0000005,syn_t018_h0000005_r004
14000US06089011001,1,11,75,2,2,2.0,2.0,,2.0,0,2,65_plus,True,generative,syn_t018_h0000006,syn_t018_h0000006_r001
14000US06089011001,2,11,68,2,2,2.0,2.0,,2.0,1,2,65_plus,True,generative,syn_t018_h0000006,syn_t018_h0000006_r002
14000US06089011001,1,34,63,2,2,2.0,2.0,,2.0,0,2,35_64,True,generative,syn_t018_h0000007,syn_t018_h0000007_r001
14000US06089011001,2,55,16,2,2,2.0,2.0,,2.0,2,2,0_17,False,dependent,syn_t018_h0000007,syn_t018_h0000007_r002
14000US06089011001,3,40,42,2,2,2.0,2.0,,2.0,13,2,35_64,True,generative,syn_t018_h0000007,syn_t018_h0000007_r003
14000US06089011001,1,29,27,2,2,2.0,2.0,,2.0,0,2,18_34,True,generative,syn_t018_h0000008,syn_t018_h0000008_r001
14000US06089011001,2,23,28,2,2,2.0,2.0,,2.0,1,2,18_34,True,generative,syn_t018_h0000008,syn_t018_h0000008_r002
14000US06089011001,1,16,73,1,1,2.0,2.0,,1.0,0,1,65_plus,True,generative,syn_t018_h0000009,syn_t018_h0000009_r001
14000US06089011002,1,14,64,2,2,2.0,1.0,5.0,2.0,0,1,35_64,True,generative,syn_t019_h0000001,syn_t019_h0000001_r001
14000US06089011002,2,16,66,2,2,2.0,2.0,,2.0,1,2,65_plus,True,generative,syn_t019_h0000001,syn_t019_h0000001_r002
14000US06089011002,1,43,78,1,1,2.0,1.0,,2.0,0,1,65_plus,True,generative,syn_t019_h0000002,syn_t019_h0000002_r001
14000US06089011002,1,5,69,1,2,2.0,2.0,,2.0,0,1,65_plus,True,generative,syn_t019_h0000003,syn_t019_h0000003_r001
14000US06089011002,2,4,68,2,2,2.0,2.0,,2.0,1,2,65_plus,True,generative,syn_t019_h0000003,syn_t019_h0000003_r002
14000US06089011002,1,12,69,1,2,2.0,2.0,2.0,2.0,0,1,65_plus,True,generative,syn_t019_h0000004,syn_t019_h0000004_r001
14000US06089011002,2,11,71,1,2,2.0,2.0,,2.0,1,1,65_plus,True,generative,syn_t019_h0000004,syn_t019_h0000004_r002
14000US06089011002,1,10,33,2,2,2.0,2.0,,2.0,0,2,18_34,True,generative,syn_t019_h0000005,syn_t019_h0000005_r001
14000US06089011002,2,13,30,2,2,2.0,2.0,,2.0,12,2,18_34,True,generative,syn_t019_h0000005,syn_t019_h0000005_r002
14000US06089011002,3,12,30,2,2,2.0,2.0,,2.0,12,2,18_34,True,generative,syn_t019_h0000005,syn_t019_h0000005_r003
14000US06089011002,4,20,26,2,2,2.0,2.0,,2.0,12,2,18_34,True,generative,syn_t019_h0000005,syn_t019_h0000005_r004
14000US06089011002,1,25,44,2,2,2.0,2.0,,2.0,0,2,35_64,True,generative,syn_t019_h0000006,syn_t019_h0000006_r001
14000US06089011002,2,22,52,2,2,2.0,2.0,,2.0,1,2,35_64,True,generative,syn_t019_h0000006,syn_t019_h0000006_r002
14000US06089011002,1,15,23,2,2,2.0,2.0,,2.0,0,2,18_34,True,generative,syn_t019_h0000007,syn_t019_h0000007_r001
14000US06089011002,2,13,21,2,2,2.0,2.0,,1.0,13,1,18_34,True,generative,syn_t019_h0000007,syn_t019_h0000007_r002
14000US06089011002,3,13,23,2,2,2.0,2.0,,2.0,15,2,18_34,True,generative,syn_t019_h0000007,syn_t019_h0000007_r003
14000US06089011002,1,12,50,2,2,2.0,2.0,,2.0,0,2,35_64,True,generative,syn_t019_h0000008,syn_t019_h0000008_r001
14000US06089011002,1,56,28,2,2,2.0,2.0,5.0,2.0,0,2,18_34,True,generative,syn_t019_h0000009,syn_t019_h0000009_r001
14000US06089011002,2,50,28,2,2,2.0,2.0,,2.0,1,2,18_34,True,generative,syn_t019_h0000009,syn_t019_h0000009_r002
14000US06089011002,3,41,5,2,2,,2.0,,2.0,2,2,0_17,False,dependent,syn_t019_h0000009,syn_t019_h0000009_r003
14000US06089011002,4,45,2,2,2,,,,,2,2,0_17,False,dependent,syn_t019_h0000009,syn_t019_h0000009_r004
14000US06089011002,1,13,64,2,2,2.0,2.0,,2.0,0,2,35_64,True,generative,syn_t019_h0000010,syn_t019_h0000010_r001
14000US06089011002,1,70,38,2,2,2.0,2.0,,2.0,0,2,35_64,True,generative,syn_t019_h0000011,syn_t019_h0000011_r001
14000US06089011002,1,44,31,2,2,2.0,2.0,,2.0,0,2,18_34,True,generative,syn_t019_h0000012,syn_t019_h0000012_r001
14000US06089011002,2,40,29,2,2,2.0,2.0,,2.0,1,2,18_34,True,generative,syn_t019_h0000012,syn_t019_h0000012_r002
14000US06089011002,3,41,13,2,2,,2.0,,2.0,2,2,0_17,False,dependent,syn_t019_h0000012,syn_t019_h0000012_r003
14000US06089011002,4,46,4,2,2,,,,,2,2,0_17,False,dependent,syn_t019_h0000012,syn_t019_h0000012_r004
14000US06089011002,5,37,2,2,2,,,,,2,2,0_17,False,dependent,syn_t019_h0000012,syn_t019_h0000012_r005
14000US06089011002,1,35,47,1,2,1.0,1.0,,1.0,0,1,35_64,True,generative,syn_t019_h0000013,syn_t019_h0000013_r001
14000US06089011002,1,23,72,2,2,2.0,2.0,,2.0,0,2,65_plus,True,generative,syn_t019_h0000014,syn_t019_h0000014_r001
14000US06089011002,2,18,79,2,2,2.0,2.0,,2.0,1,2,65_plus,True,generative,syn_t019_h0000014,syn_t019_h0000014_r002
14000US06089011002,1,9,66,2,2,2.0,2.0,,2.0,0,2,65_plus,True,generative,syn_t019_h0000015,syn_t019_h0000015_r001
14000US06089011002,2,9,20,2,2,2.0,2.0,,2.0,2,2,18_34,True,generative,syn_t019_h0000015,syn_t019_h0000015_r002
14000US06089011002,1,56,52,2,2,2.0,2.0,2.0,2.0,0,2,35_64,True,generative,syn_t019_h0000016,syn_t019_h0000016_r001
14000US06089011002,2,77,11,2,2,,2.0,,2.0,2,2,0_17,False,dependent,syn_t019_h0000016,syn_t019_h0000016_r002
14000US06089011002,1,42,31,2,2,2.0,2.0,,2.0,0,2,18_34,True,generative,syn_t019_h0000017,syn_t019_h0000017_r001
14000US06089011002,2,50,4,2,2,,,,,2,2,0_17,False,dependent,syn_t019_h0000017,syn_t019_h0000017_r002
14000US06089011002,3,82,33,2,2,2.0,2.0,,2.0,13,2,18_34,True,generative,syn_t019_h0000017,syn_t019_h0000017_r003
14000US06089011002,1,28,46,2,2,2.0,2.0,,2.0,0,2,35_64,True,generative,syn_t019_h0000018,syn_t019_h0000018_r001
14000US06089011002,1,18,77,2,2,1.0,1.0,,2.0,0,1,65_plus,True,generative,syn_t019_h0000019,syn_t019_h0000019_r001
14000US06089011002,2,21,52,2,2,2.0,1.0,,2.0,2,1,35_64,True,generative,syn_t019_h0000019,syn_t019_h0000019_r002
14000US06089011002,1,64,49,2,2,2.0,2.0,,2.0,0,2,35_64,True,generative,syn_t019_h0000020,syn_t019_h0000020_r001
14000US06089011002,2,62,52,2,2,2.0,2.0,,2.0,1,2,35_64,True,generative,syn_t019_h0000020,syn_t019_h0000020_r002
14000US06089011002,1,68,54,2,1,1.0,2.0,,1.0,0,1,35_64,True,generative,syn_t019_h0000021,syn_t019_h0000021_r001
14000US06089011002,1,22,66,2,2,1.0,1.0,5.0,1.0,0,1,65_plus,True,generative,syn_t019_h0000022,syn_t019_h0000022_r001
14000US06089011002,2,22,63,2,2,2.0,2.0,2.0,2.0,1,2,35_64,True,generative,syn_t019_h0000022,syn_t019_h0000022_r002
14000US06089011002,1,39,26,1,1,1.0,1.0,,1.0,0,1,18_34,True,generative,syn_t019_h0000023,syn_t019_h0000023_r001
14000US06089011002,2,67,32,2,2,2.0,2.0,,1.0,12,1,18_34,True,generative,syn_t019_h0000023,syn_t019_h0000023_r002
14000US06089011002,1,17,18,2,2,2.0,2.0,,2.0,0,2,18_34,True,generative,syn_t019_h0000024,syn_t019_h0000024_r001
14000US06089011002,2,18,24,2,2,2.0,2.0,,2.0,12,2,18_34,True,generative,syn_t019_h0000024,syn_t019_h0000024_r002
14000US06089011002,1,18,67,2,2,2.0,2.0,,2.0,0,2,65_plus,True,generative,syn_t019_h0000025,syn_t019_h0000025_r001
14000US06089011002,2,24,59,2,2,2.0,2.0,,2.0,1,2,35_64,True,generative,syn_t019_h0000025,syn_t019_h0000025_r002
14000US06089011002,1,64,30,2,2,2.0,2.0,,2.0,0,2,18_34,True,generative,syn_t019_h0000026,syn_t019_h0000026_r001
14000US06089011002,1,7,63,1,2,2.0,2.0,,2.0,0,1,35_64,True,generative,syn_t019_h0000027,syn_t019_h0000027_r001
14000US06089011002,2,7,61,2,2,2.0,2.0,,2.0,1,2,35_64,True,generative,syn_t019_h0000027,syn_t019_h0000027_r002
14000US06089011002,1,12,66,2,2,2.0,2.0,,2.0,0,2,65_plus,True,generative,syn_t019_h0000028,syn_t019_h0000028_r001
14000US06089011002,1,15,68,2,2,2.0,2.0,,2.0,0,2,65_plus,True,generative,syn_t019_h0000029,syn_t019_h0000029_r001
14000US06089011100,1,13,63,1,2,2.0,1.0,,1.0,0,1,35_64,True,generative,syn_t020_h0000001,syn_t020_h0000001_r001
14000US06089011100,1,18,31,2,2,2.0,2.0,,2.0,0,2,18_34,True,generative,syn_t020_h0000002,syn_t020_h0000002_r001
14000US06089011100,2,15,33,2,2,2.0,2.0,,2.0,1,2,18_34,True,generative,syn_t020_h0000002,syn_t020_h0000002_r002
14000US06089011100,3,19,13,2,2,,2.0,,2.0,2,2,0_17,False,dependent,syn_t020_h0000002,syn_t020_h0000002_r003
14000US06089011100,4,19,5,2,2,,2.0,,2.0,2,2,0_17,False,dependent,syn_t020_h0000002,syn_t020_h0000002_r004
14000US06089011100,5,18,1,2,2,,,,,2,2,0_17,False,dependent,syn_t020_h0000002,syn_t020_h0000002_r005
14000US06089011100,1,59,23,2,2,2.0,2.0,,2.0,0,2,18_34,True,generative,syn_t020_h0000003,syn_t020_h0000003_r001
14000US06089011100,2,78,24,2,2,2.0,2.0,,2.0,1,2,18_34,True,generative,syn_t020_h0000003,syn_t020_h0000003_r002
14000US06089011100,3,92,27,2,2,2.0,2.0,,2.0,12,2,18_34,True,generative,syn_t020_h0000003,syn_t020_h0000003_r003
14000US06089011100,4,95,25,2,2,2.0,2.0,,2.0,12,2,18_34,True,generative,syn_t020_h0000003,syn_t020_h0000003_r004
14000US06089011100,1,11,56,2,2,2.0,2.0,,2.0,0,2,35_64,True,generative,syn_t020_h0000004,syn_t020_h0000004_r001
14000US06089011100,2,12,52,2,1,1.0,2.0,,2.0,1,1,35_64,True,generative,syn_t020_h0000004,syn_t020_h0000004_r002
14000US06089011100,3,7,18,2,2,2.0,2.0,,2.0,2,2,18_34,True,generative,syn_t020_h0000004,syn_t020_h0000004_r003
14000US06089011100,4,14,15,2,2,2.0,2.0,,2.0,2,2,0_17,False,dependent,syn_t020_h0000004,syn_t020_h0000004_r004
14000US06089011100,1,38,65,2,2,2.0,2.0,,2.0,0,2,65_plus,True,generative,syn_t020_h0000005,syn_t020_h0000005_r001
14000US06089011100,1,9,49,2,2,2.0,2.0,,2.0,0,2,35_64,True,generative,syn_t020_h0000006,syn_t020_h0000006_r001
14000US06089011100,2,9,47,2,2,2.0,2.0,,2.0,1,2,35_64,True,generative,syn_t020_h0000006,syn_t020_h0000006_r002
14000US06089011100,1,3,56,2,2,2.0,2.0,,2.0,0,2,35_64,True,generative,syn_t020_h0000007,syn_t020_h0000007_r001
14000US06089011100,2,4,57,2,2,2.0,2.0,,2.0,1,2,35_64,True,generative,syn_t020_h0000007,syn_t020_h0000007_r002
14000US06089011100,1,14,57,2,2,2.0,2.0,,2.0,0,2,35_64,True,generative,syn_t020_h0000008,syn_t020_h0000008_r001
14000US06089011100,1,13,22,2,2,2.0,2.0,,2.0,0,2,18_34,True,generative,syn_t020_h0000009,syn_t020_h0000009_r001
14000US06089011100,2,15,23,2,2,2.0,2.0,,2.0,1,2,18_34,True,generative,syn_t020_h0000009,syn_t020_h0000009_r002
14000US06089011100,1,10,29,2,2,2.0,2.0,,2.0,0,2,18_34,True,generative,syn_t020_h0000010,syn_t020_h0000010_r001
14000US06089011100,2,16,10,2,2,,2.0,,2.0,2,2,0_17,False,dependent,syn_t020_h0000010,syn_t020_h0000010_r002
14000US06089011100,3,14,8,2,2,,2.0,,2.0,2,2,0_17,False,dependent,syn_t020_h0000010,syn_t020_h0000010_r003
14000US06089011100,4,9,4,2,2,,,,,2,2,0_17,False,dependent,syn_t020_h0000010,syn_t020_h0000010_r004
14000US06089011100,5,9,2,2,2,,,,,2,2,0_17,False,dependent,syn_t020_h0000010,syn_t020_h0000010_r005
14000US06089011100,1,3,65,2,2,2.0,2.0,,2.0,0,2,65_plus,True,generative,syn_t020_h0000011,syn_t020_h0000011_r001
14000US06089011100,1,20,47,2,2,2.0,2.0,,2.0,0,2,35_64,True,generative,syn_t020_h0000012,syn_t020_h0000012_r001
14000US06089011100,2,19,48,2,2,2.0,2.0,,2.0,1,2,35_64,True,generative,syn_t020_h0000012,syn_t020_h0000012_r002
14000US06089011100,3,19,16,2,2,2.0,2.0,,2.0,2,2,0_17,False,dependent,syn_t020_h0000012,syn_t020_h0000012_r003
14000US06089011100,1,10,71,2,2,2.0,1.0,,2.0,0,1,65_plus,True,generative,syn_t020_h0000013,syn_t020_h0000013_r001
14000US06089011100,1,20,68,2,2,2.0,2.0,,2.0,0,2,65_plus,True,generative,syn_t020_h0000014,syn_t020_h0000014_r001
14000US06089011100,1,12,81,2,2,2.0,1.0,,2.0,0,1,65_plus,True,generative,syn_t020_h0000015,syn_t020_h0000015_r001
14000US06089011100,2,14,78,2,2,2.0,2.0,,2.0,1,2,65_plus,True,generative,syn_t020_h0000015,syn_t020_h0000015_r002
14000US06089011100,1,15,74,2,2,2.0,2.0,,2.0,0,2,65_plus,True,generative,syn_t020_h0000016,syn_t020_h0000016_r001
14000US06089011100,2,15,69,1,2,1.0,1.0,5.0,2.0,1,1,65_plus,True,generative,syn_t020_h0000016,syn_t020_h0000016_r002
14000US06089011100,1,26,63,1,1,1.0,1.0,5.0,2.0,0,1,35_64,True,generative,syn_t020_h0000017,syn_t020_h0000017_r001
14000US06089011100,2,22,69,2,2,2.0,2.0,,2.0,1,2,65_plus,True,generative,syn_t020_h0000017,syn_t020_h0000017_r002
14000US06089011209,1,32,60,2,2,2.0,1.0,,2.0,0,1,35_64,True,generative,syn_t021_h0000001,syn_t021_h0000001_r001
14000US06089011209,2,52,44,2,2,2.0,2.0,,2.0,2,2,35_64,True,generative,syn_t021_h0000001,syn_t021_h0000001_r002
14000US06089011209,3,49,41,2,2,2.0,2.0,,2.0,2,2,35_64,True,generative,syn_t021_h0000001,syn_t021_h0000001_r003
14000US06089011209,1,10,71,2,2,2.0,2.0,,2.0,0,2,65_plus,True,generative,syn_t021_h0000002,syn_t021_h0000002_r001
14000US06089011209,2,11,72,2,2,2.0,2.0,,2.0,1,2,65_plus,True,generative,syn_t021_h0000002,syn_t021_h0000002_r002
14000US06089011209,1,35,32,2,2,2.0,2.0,,2.0,0,2,18_34,True,generative,syn_t021_h0000003,syn_t021_h0000003_r001
14000US06089011209,2,73,24,2,2,2.0,2.0,,2.0,11,2,18_34,True,generative,syn_t021_h0000003,syn_t021_h0000003_r002
14000US06089011209,3,42,23,2,2,2.0,2.0,,2.0,11,2,18_34,True,generative,syn_t021_h0000003,syn_t021_h0000003_r003
14000US06089011209,1,16,48,2,2,1.0,1.0,,2.0,0,1,35_64,True,generative,syn_t021_h0000004,syn_t021_h0000004_r001
14000US06089011209,2,19,20,2,1,2.0,2.0,,2.0,4,1,18_34,True,generative,syn_t021_h0000004,syn_t021_h0000004_r002
14000US06089011209,3,15,24,2,2,2.0,2.0,,2.0,9,2,18_34,True,generative,syn_t021_h0000004,syn_t021_h0000004_r003
14000US06089011209,1,38,59,2,2,2.0,2.0,,2.0,0,2,35_64,True,generative,syn_t021_h0000005,syn_t021_h0000005_r001
14000US06089011209,2,34,57,2,2,1.0,2.0,,2.0,1,1,35_64,True,generative,syn_t021_h0000005,syn_t021_h0000005_r002
14000US06089011209,1,15,85,2,2,2.0,2.0,,2.0,0,2,65_plus,True,generative,syn_t021_h0000006,syn_t021_h0000006_r001
14000US06089011209,1,11,50,2,2,2.0,2.0,2.0,2.0,0,2,35_64,True,generative,syn_t021_h0000007,syn_t021_h0000007_r001
14000US06089011209,2,10,50,2,2,2.0,2.0,,2.0,1,2,35_64,True,generative,syn_t021_h0000007,syn_t021_h0000007_r002
14000US06089011209,1,16,74,2,2,2.0,1.0,,2.0,0,1,65_plus,True,generative,syn_t021_h0000008,syn_t021_h0000008_r001
14000US06089011209,2,17,72,2,2,2.0,2.0,,2.0,1,2,65_plus,True,generative,syn_t021_h0000008,syn_t021_h0000008_r002
14000US06089011209,1,78,67,2,2,2.0,2.0,,2.0,0,2,65_plus,True,generative,syn_t021_h0000009,syn_t021_h0000009_r001
14000US06089011209,1,39,47,2,2,2.0,2.0,,2.0,0,2,35_64,True,generative,syn_t021_h0000010,syn_t021_h0000010_r001
14000US06089011209,1,38,59,2,2,2.0,2.0,,2.0,0,2,35_64,True,generative,syn_t021_h0000011,syn_t021_h0000011_r001
14000US06089011209,1,62,34,2,2,2.0,2.0,,2.0,0,2,18_34,True,generative,syn_t021_h0000012,syn_t021_h0000012_r001
14000US06089011209,2,77,27,2,2,2.0,2.0,,2.0,1,2,18_34,True,generative,syn_t021_h0000012,syn_t021_h0000012_r002
14000US06089011209,1,12,28,2,2,2.0,2.0,,2.0,0,2,18_34,True,generative,syn_t021_h0000013,syn_t021_h0000013_r001
14000US06089011209,2,23,1,2,2,,,,,2,2,0_17,False,dependent,syn_t021_h0000013,syn_t021_h0000013_r002
14000US06089011209,3,13,31,2,2,2.0,2.0,,2.0,13,2,18_34,True,generative,syn_t021_h0000013,syn_t021_h0000013_r003
14000US06089011209,1,10,81,1,2,2.0,2.0,,2.0,0,1,65_plus,True,generative,syn_t021_h0000014,syn_t021_h0000014_r001
14000US06089011209,1,6,64,2,2,1.0,1.0,,2.0,0,1,35_64,True,generative,syn_t021_h0000015,syn_t021_h0000015_r001
14000US06089011209,1,20,57,2,2,2.0,2.0,,2.0,0,2,35_64,True,generative,syn_t021_h0000016,syn_t021_h0000016_r001
14000US06089011209,2,20,59,2,2,2.0,2.0,,2.0,1,2,35_64,True,generative,syn_t021_h0000016,syn_t021_h0000016_r002
14000US06089011209,3,24,24,2,2,2.0,2.0,,2.0,2,2,18_34,True,generative,syn_t021_h0000016,syn_t021_h0000016_r003
14000US06089011209,1,20,67,2,2,2.0,2.0,,2.0,0,2,65_plus,True,generative,syn_t021_h0000017,syn_t021_h0000017_r001
14000US06089011209,1,24,63,1,2,2.0,2.0,,2.0,0,1,35_64,True,generative,syn_t021_h0000018,syn_t021_h0000018_r001
14000US06089011209,2,19,30,2,2,2.0,2.0,,2.0,1,2,18_34,True,generative,syn_t021_h0000018,syn_t021_h0000018_r002
14000US06089011209,1,43,44,2,2,2.0,2.0,,2.0,0,2,35_64,True,generative,syn_t021_h0000019,syn_t021_h0000019_r001
14000US06089011209,2,62,29,2,2,2.0,2.0,,2.0,5,2,18_34,True,generative,syn_t021_h0000019,syn_t021_h0000019_r002
14000US06089011209,1,7,62,2,2,1.0,1.0,,1.0,0,1,35_64,True,generative,syn_t021_h0000020,syn_t021_h0000020_r001
14000US06089011209,2,7,64,1,2,1.0,2.0,,1.0,1,1,35_64,True,generative,syn_t021_h0000020,syn_t021_h0000020_r002
14000US06089011209,1,14,63,1,1,2.0,1.0,,1.0,0,1,35_64,True,generative,syn_t021_h0000021,syn_t021_h0000021_r001
14000US06089011209,2,14,64,2,2,2.0,2.0,,2.0,1,2,35_64,True,generative,syn_t021_h0000021,syn_t021_h0000021_r002
14000US06089011209,1,42,41,2,2,2.0,1.0,,2.0,0,1,35_64,True,generative,syn_t021_h0000022,syn_t021_h0000022_r001
14000US06089011209,2,31,17,2,2,2.0,2.0,,2.0,2,2,0_17,False,dependent,syn_t021_h0000022,syn_t021_h0000022_r002
14000US06089011209,3,33,15,2,2,2.0,2.0,,2.0,2,2,0_17,False,dependent,syn_t021_h0000022,syn_t021_h0000022_r003
14000US06089011209,4,39,12,2,2,,2.0,,2.0,2,2,0_17,False,dependent,syn_t021_h0000022,syn_t021_h0000022_r004
14000US06089011209,5,39,10,2,2,,2.0,,2.0,2,2,0_17,False,dependent,syn_t021_h0000022,syn_t021_h0000022_r005
14000US06089011209,6,39,8,2,2,,2.0,,2.0,2,2,0_17,False,dependent,syn_t021_h0000022,syn_t021_h0000022_r006
14000US06089011209,7,42,36,2,2,2.0,2.0,,2.0,13,2,35_64,True,generative,syn_t021_h0000022,syn_t021_h0000022_r007
14000US06089011209,1,11,26,2,2,2.0,2.0,,2.0,0,2,18_34,True,generative,syn_t021_h0000023,syn_t021_h0000023_r001
14000US06089011209,2,14,25,2,2,2.0,2.0,,2.0,1,2,18_34,True,generative,syn_t021_h0000023,syn_t021_h0000023_r002
14000US06089011209,1,14,41,2,2,2.0,2.0,,2.0,0,2,35_64,True,generative,syn_t021_h0000024,syn_t021_h0000024_r001
14000US06089011209,2,14,23,2,2,2.0,2.0,,1.0,2,1,18_34,True,generative,syn_t021_h0000024,syn_t021_h0000024_r002
14000US06089011209,3,15,17,2,2,2.0,2.0,,2.0,2,2,0_17,False,dependent,syn_t021_h0000024,syn_t021_h0000024_r003
14000US06089011209,1,12,63,1,1,2.0,2.0,,2.0,0,1,35_64,True,generative,syn_t021_h0000025,syn_t021_h0000025_r001
14000US06089011209,1,25,47,2,2,2.0,2.0,,2.0,0,2,35_64,True,generative,syn_t021_h0000026,syn_t021_h0000026_r001
14000US06089011209,2,11,47,2,2,2.0,2.0,3.0,2.0,1,2,35_64,True,generative,syn_t021_h0000026,syn_t021_h0000026_r002
14000US06089011209,3,30,24,2,2,2.0,2.0,,2.0,2,2,18_34,True,generative,syn_t021_h0000026,syn_t021_h0000026_r003
14000US06089011209,4,28,16,2,2,2.0,2.0,,2.0,2,2,0_17,False,dependent,syn_t021_h0000026,syn_t021_h0000026_r004
14000US06089011209,1,59,52,2,2,2.0,2.0,,2.0,0,2,35_64,True,generative,syn_t021_h0000027,syn_t021_h0000027_r001
14000US06089011209,1,27,41,2,2,2.0,2.0,2.0,2.0,0,2,35_64,True,generative,syn_t021_h0000028,syn_t021_h0000028_r001
14000US06089011209,2,24,2,2,2,,,,,2,2,0_17,False,dependent,syn_t021_h0000028,syn_t021_h0000028_r002
14000US06089011209,3,25,1,2,2,,,,,2,2,0_17,False,dependent,syn_t021_h0000028,syn_t021_h0000028_r003
14000US06089011209,4,23,30,2,2,2.0,2.0,,2.0,13,2,18_34,True,generative,syn_t021_h0000028,syn_t021_h0000028_r004
14000US06089011209,1,9,53,2,2,2.0,2.0,,2.0,0,2,35_64,True,generative,syn_t021_h0000029,syn_t021_h0000029_r001
14000US06089011209,2,29,57,2,2,2.0,1.0,,2.0,1,1,35_64,True,generative,syn_t021_h0000029,syn_t021_h0000029_r002
14000US06089011209,3,47,32,2,2,2.0,2.0,,2.0,2,2,18_34,True,generative,syn_t021_h0000029,syn_t021_h0000029_r003
14000US06089011209,4,33,10,2,2,,2.0,,2.0,7,2,0_17,False,dependent,syn_t021_h0000029,syn_t021_h0000029_r004
14000US06089011209,5,32,7,2,2,,2.0,,2.0,7,2,0_17,False,dependent,syn_t021_h0000029,syn_t021_h0000029_r005
14000US06089011209,1,36,53,2,2,2.0,2.0,,2.0,0,2,35_64,True,generative,syn_t021_h0000030,syn_t021_h0000030_r001
14000US06089011209,2,29,18,2,2,2.0,2.0,,2.0,2,2,18_34,True,generative,syn_t021_h0000030,syn_t021_h0000030_r002
14000US06089011209,1,31,30,2,2,2.0,2.0,,2.0,0,2,18_34,True,generative,syn_t021_h0000031,syn_t021_h0000031_r001
14000US06089011209,2,34,3,2,2,,,,,2,2,0_17,False,dependent,syn_t021_h0000031,syn_t021_h0000031_r002
14000US06089011300,1,40,45,2,2,2.0,2.0,,2.0,0,2,35_64,True,generative,syn_t022_h0000001,syn_t022_h0000001_r001
14000US06089011300,2,52,22,2,2,2.0,2.0,,2.0,2,2,18_34,True,generative,syn_t022_h0000001,syn_t022_h0000001_r002
14000US06089011300,1,33,25,2,2,2.0,1.0,,2.0,0,1,18_34,True,generative,syn_t022_h0000002,syn_t022_h0000002_r001
14000US06089011300,2,68,3,2,2,,,,,2,2,0_17,False,dependent,syn_t022_h0000002,syn_t022_h0000002_r002
14000US06089011300,3,44,22,2,2,2.0,2.0,,2.0,13,2,18_34,True,generative,syn_t022_h0000002,syn_t022_h0000002_r003
14000US06089011300,1,43,50,2,2,2.0,2.0,,2.0,0,2,35_64,True,generative,syn_t022_h0000003,syn_t022_h0000003_r001
14000US06089011300,2,25,50,2,2,2.0,2.0,,2.0,1,2,35_64,True,generative,syn_t022_h0000003,syn_t022_h0000003_r002
14000US06089011300,3,25,18,2,2,2.0,2.0,,2.0,2,2,18_34,True,generative,syn_t022_h0000003,syn_t022_h0000003_r003
14000US06089011300,1,5,75,1,2,2.0,2.0,,2.0,0,1,65_plus,True,generative,syn_t022_h0000004,syn_t022_h0000004_r001
14000US06089011300,2,3,70,2,2,2.0,2.0,,2.0,1,2,65_plus,True,generative,syn_t022_h0000004,syn_t022_h0000004_r002
14000US06089011300,1,9,61,2,2,2.0,2.0,,2.0,0,2,35_64,True,generative,syn_t022_h0000005,syn_t022_h0000005_r001
14000US06089011300,1,19,52,2,2,2.0,2.0,,2.0,0,2,35_64,True,generative,syn_t022_h0000006,syn_t022_h0000006_r001
14000US06089011300,1,65,33,2,2,2.0,2.0,,2.0,0,2,18_34,True,generative,syn_t022_h0000007,syn_t022_h0000007_r001
14000US06089011300,2,41,10,2,2,,2.0,,2.0,2,2,0_17,False,dependent,syn_t022_h0000007,syn_t022_h0000007_r002
14000US06089011300,3,25,51,1,1,1.0,2.0,,1.0,12,1,35_64,True,generative,syn_t022_h0000007,syn_t022_h0000007_r003
14000US06089011300,4,72,38,2,2,2.0,2.0,,2.0,12,2,35_64,True,generative,syn_t022_h0000007,syn_t022_h0000007_r004
14000US06089011300,1,13,66,2,2,2.0,2.0,5.0,2.0,0,2,65_plus,True,generative,syn_t022_h0000008,syn_t022_h0000008_r001
14000US06089011300,2,12,64,2,2,2.0,2.0,,2.0,1,2,35_64,True,generative,syn_t022_h0000008,syn_t022_h0000008_r002
14000US06089011300,1,90,47,2,2,2.0,2.0,,2.0,0,2,35_64,True,generative,syn_t022_h0000009,syn_t022_h0000009_r001
14000US06089011300,2,46,48,2,2,2.0,2.0,,2.0,1,2,35_64,True,generative,syn_t022_h0000009,syn_t022_h0000009_r002
14000US06089011300,3,57,10,2,2,,2.0,,2.0,2,2,0_17,False,dependent,syn_t022_h0000009,syn_t022_h0000009_r003
14000US06089011300,1,15,62,2,2,2.0,2.0,,2.0,0,2,35_64,True,generative,syn_t022_h0000010,syn_t022_h0000010_r001
14000US06089011300,2,9,58,2,2,2.0,2.0,,2.0,1,2,35_64,True,generative,syn_t022_h0000010,syn_t022_h0000010_r002
14000US06089011300,3,24,36,2,2,2.0,2.0,,2.0,2,2,35_64,True,generative,syn_t022_h0000010,syn_t022_h0000010_r003
14000US06089011300,1,11,54,2,2,2.0,2.0,,2.0,0,2,35_64,True,generative,syn_t022_h0000011,syn_t022_h0000011_r001
14000US06089011300,2,10,51,2,2,2.0,2.0,,2.0,1,2,35_64,True,generative,syn_t022_h0000011,syn_t022_h0000011_r002
14000US06089011300,1,17,44,2,2,2.0,2.0,,2.0,0,2,35_64,True,generative,syn_t022_h0000012,syn_t022_h0000012_r001
14000US06089011300,2,19,13,2,2,,2.0,,2.0,2,2,0_17,False,dependent,syn_t022_h0000012,syn_t022_h0000012_r002
14000US06089011300,1,21,54,2,2,2.0,2.0,,2.0,0,2,35_64,True,generative,syn_t022_h0000013,syn_t022_h0000013_r001
14000US06089011300,2,22,54,2,2,2.0,2.0,,2.0,1,2,35_64,True,generative,syn_t022_h0000013,syn_t022_h0000013_r002
14000US06089011300,1,17,58,2,2,2.0,2.0,,2.0,0,2,35_64,True,generative,syn_t022_h0000014,syn_t022_h0000014_r001
14000US06089011300,2,17,58,2,2,2.0,2.0,,2.0,1,2,35_64,True,generative,syn_t022_h0000014,syn_t022_h0000014_r002
14000US06089011300,3,17,29,2,2,2.0,2.0,,2.0,2,2,18_34,True,generative,syn_t022_h0000014,syn_t022_h0000014_r003
14000US06089011300,4,17,28,2,2,2.0,2.0,,2.0,2,2,18_34,True,generative,syn_t022_h0000014,syn_t022_h0000014_r004
14000US06089011300,1,41,28,2,2,2.0,2.0,,2.0,0,2,18_34,True,generative,syn_t022_h0000015,syn_t022_h0000015_r001
14000US06089011300,2,46,59,2,2,2.0,2.0,,2.0,6,2,35_64,True,generative,syn_t022_h0000015,syn_t022_h0000015_r002
14000US06089011300,3,46,56,2,2,2.0,2.0,,2.0,6,2,35_64,True,generative,syn_t022_h0000015,syn_t022_h0000015_r003
14000US06089011300,1,90,25,2,2,2.0,2.0,,2.0,0,2,18_34,True,generative,syn_t022_h0000016,syn_t022_h0000016_r001
14000US06089011300,2,57,21,2,2,2.0,2.0,,2.0,13,2,18_34,True,generative,syn_t022_h0000016,syn_t022_h0000016_r002
14000US06089011300,1,16,60,2,2,2.0,2.0,,2.0,0,2,35_64,True,generative,syn_t022_h0000017,syn_t022_h0000017_r001
14000US06089011300,1,14,23,2,2,2.0,2.0,,2.0,0,2,18_34,True,generative,syn_t022_h0000018,syn_t022_h0000018_r001
14000US06089011300,2,17,3,2,2,,,,,2,2,0_17,False,dependent,syn_t022_h0000018,syn_t022_h0000018_r002
14000US06089011300,3,18,23,2,2,2.0,2.0,,2.0,13,2,18_34,True,generative,syn_t022_h0000018,syn_t022_h0000018_r003
14000US06089011300,1,21,48,2,2,2.0,2.0,,2.0,0,2,35_64,True,generative,syn_t022_h0000019,syn_t022_h0000019_r001
14000US06089011300,2,13,46,2,2,2.0,2.0,,2.0,1,2,35_64,True,generative,syn_t022_h0000019,syn_t022_h0000019_r002
14000US06089011300,3,21,9,2,2,,2.0,,2.0,2,2,0_17,False,dependent,syn_t022_h0000019,syn_t022_h0000019_r003
14000US06089011300,1,14,72,2,2,2.0,2.0,,2.0,0,2,65_plus,True,generative,syn_t022_h0000020,syn_t022_h0000020_r001
14000US06089011300,2,11,70,2,2,2.0,2.0,,1.0,5,1,65_plus,True,generative,syn_t022_h0000020,syn_t022_h0000020_r002
14000US06089011300,1,12,63,1,1,2.0,2.0,,2.0,0,1,35_64,True,generative,syn_t022_h0000021,syn_t022_h0000021_r001
14000US06089011300,1,13,30,2,2,2.0,2.0,,2.0,0,2,18_34,True,generative,syn_t022_h0000022,syn_t022_h0000022_r001
14000US06089011300,2,10,30,2,2,2.0,2.0,,2.0,1,2,18_34,True,generative,syn_t022_h0000022,syn_t022_h0000022_r002
14000US06089011300,3,14,10,2,2,,2.0,,2.0,2,2,0_17,False,dependent,syn_t022_h0000022,syn_t022_h0000022_r003
14000US06089011300,4,13,4,2,2,,,,,2,2,0_17,False,dependent,syn_t022_h0000022,syn_t022_h0000022_r004
14000US06089011300,5,15,2,2,2,,,,,2,2,0_17,False,dependent,syn_t022_h0000022,syn_t022_h0000022_r005
14000US06089011300,1,13,72,2,2,2.0,2.0,3.0,1.0,0,1,65_plus,True,generative,syn_t022_h0000023,syn_t022_h0000023_r001
14000US06089011300,2,17,76,2,2,2.0,2.0,,2.0,1,2,65_plus,True,generative,syn_t022_h0000023,syn_t022_h0000023_r002
14000US06089011300,1,27,62,2,2,2.0,2.0,,2.0,0,2,35_64,True,generative,syn_t022_h0000024,syn_t022_h0000024_r001
14000US06089011300,2,21,66,2,2,2.0,2.0,,2.0,1,2,65_plus,True,generative,syn_t022_h0000024,syn_t022_h0000024_r002
14000US06089011300,1,8,58,2,2,2.0,2.0,,2.0,0,2,35_64,True,generative,syn_t022_h0000025,syn_t022_h0000025_r001
14000US06089011300,2,7,58,2,2,2.0,2.0,,2.0,13,2,35_64,True,generative,syn_t022_h0000025,syn_t022_h0000025_r002
14000US06089011300,1,7,58,2,2,2.0,2.0,,2.0,0,2,35_64,True,generative,syn_t022_h0000026,syn_t022_h0000026_r001
14000US06089011300,2,10,40,2,2,2.0,2.0,,2.0,5,2,35_64,True,generative,syn_t022_h0000026,syn_t022_h0000026_r002
14000US06089011300,3,8,48,2,2,2.0,2.0,,2.0,13,2,35_64,True,generative,syn_t022_h0000026,syn_t022_h0000026_r003
14000US06089011401,1,15,40,2,2,2.0,2.0,,2.0,0,2,35_64,True,generative,syn_t023_h0000001,syn_t023_h0000001_r001
14000US06089011401,2,16,35,2,2,2.0,2.0,,2.0,1,2,35_64,True,generative,syn_t023_h0000001,syn_t023_h0000001_r002
14000US06089011401,3,15,11,2,2,,2.0,,1.0,2,1,0_17,False,dependent,syn_t023_h0000001,syn_t023_h0000001_r003
14000US06089011401,4,14,9,2,2,,2.0,,2.0,2,2,0_17,False,dependent,syn_t023_h0000001,syn_t023_h0000001_r004
14000US06089011401,1,38,49,2,2,2.0,2.0,,2.0,0,2,35_64,True,generative,syn_t023_h0000002,syn_t023_h0000002_r001
14000US06089011401,2,48,20,2,2,2.0,2.0,,2.0,2,2,18_34,True,generative,syn_t023_h0000002,syn_t023_h0000002_r002
14000US06089011401,1,36,64,2,1,2.0,2.0,,2.0,0,1,35_64,True,generative,syn_t023_h0000003,syn_t023_h0000003_r001
14000US06089011401,2,32,58,2,2,1.0,1.0,,2.0,1,1,35_64,True,generative,syn_t023_h0000003,syn_t023_h0000003_r002
14000US06089011401,3,68,29,2,2,2.0,2.0,,2.0,2,2,18_34,True,generative,syn_t023_h0000003,syn_t023_h0000003_r003
14000US06089011401,4,43,10,2,2,,2.0,,2.0,7,2,0_17,False,dependent,syn_t023_h0000003,syn_t023_h0000003_r004
14000US06089011401,5,34,9,2,2,,2.0,,2.0,7,2,0_17,False,dependent,syn_t023_h0000003,syn_t023_h0000003_r005
14000US06089011401,1,13,43,2,2,2.0,2.0,,2.0,0,2,35_64,True,generative,syn_t023_h0000004,syn_t023_h0000004_r001
14000US06089011401,2,13,38,2,2,2.0,2.0,,2.0,1,2,35_64,True,generative,syn_t023_h0000004,syn_t023_h0000004_r002
14000US06089011401,3,15,13,2,2,,2.0,,2.0,2,2,0_17,False,dependent,syn_t023_h0000004,syn_t023_h0000004_r003
14000US06089011401,4,14,13,2,2,,2.0,,2.0,2,2,0_17,False,dependent,syn_t023_h0000004,syn_t023_h0000004_r004
14000US06089011401,1,21,61,2,2,2.0,2.0,,2.0,0,2,35_64,True,generative,syn_t023_h0000005,syn_t023_h0000005_r001
14000US06089011401,2,20,65,2,2,2.0,2.0,,2.0,1,2,65_plus,True,generative,syn_t023_h0000005,syn_t023_h0000005_r002
14000US06089011401,1,39,76,2,2,2.0,2.0,5.0,2.0,0,2,65_plus,True,generative,syn_t023_h0000006,syn_t023_h0000006_r001
14000US06089011401,2,32,79,1,2,2.0,2.0,,2.0,1,1,65_plus,True,generative,syn_t023_h0000006,syn_t023_h0000006_r002
14000US06089011401,1,5,84,2,2,2.0,2.0,,2.0,0,2,65_plus,True,generative,syn_t023_h0000007,syn_t023_h0000007_r001
14000US06089011401,2,4,84,2,2,2.0,2.0,,2.0,1,2,65_plus,True,generative,syn_t023_h0000007,syn_t023_h0000007_r002
14000US06089011401,1,14,37,2,2,2.0,2.0,,2.0,0,2,35_64,True,generative,syn_t023_h0000008,syn_t023_h0000008_r001
14000US06089011401,2,11,16,2,2,2.0,2.0,,2.0,2,2,0_17,False,dependent,syn_t023_h0000008,syn_t023_h0000008_r002
14000US06089011401,1,33,69,2,2,2.0,2.0,,2.0,0,2,65_plus,True,generative,syn_t023_h0000009,syn_t023_h0000009_r001
14000US06089011401,2,41,57,2,2,2.0,2.0,,2.0,1,2,35_64,True,generative,syn_t023_h0000009,syn_t023_h0000009_r002
14000US06089011401,3,41,77,1,1,1.0,1.0,,1.0,5,1,65_plus,True,generative,syn_t023_h0000009,syn_t023_h0000009_r003
14000US06089011401,1,8,65,2,2,1.0,2.0,,2.0,0,1,65_plus,True,generative,syn_t023_h0000010,syn_t023_h0000010_r001
14000US06089011401,1,17,23,2,2,1.0,2.0,,2.0,0,1,18_34,True,generative,syn_t023_h0000011,syn_t023_h0000011_r001
14000US06089011401,2,17,26,1,2,1.0,2.0,5.0,2.0,1,1,18_34,True,generative,syn_t023_h0000011,syn_t023_h0000011_r002
14000US06089011401,3,15,5,2,2,,2.0,,2.0,2,2,0_17,False,dependent,syn_t023_h0000011,syn_t023_h0000011_r003
14000US06089011401,4,14,0,2,2,,,,,2,2,0_17,False,dependent,syn_t023_h0000011,syn_t023_h0000011_r004
14000US06089011401,1,18,49,2,2,2.0,2.0,,2.0,0,2,35_64,True,generative,syn_t023_h0000012,syn_t023_h0000012_r001
14000US06089011401,2,22,42,2,2,2.0,2.0,,2.0,1,2,35_64,True,generative,syn_t023_h0000012,syn_t023_h0000012_r002
14000US06089011401,3,23,13,2,2,,2.0,,2.0,2,2,0_17,False,dependent,syn_t023_h0000012,syn_t023_h0000012_r003
14000US06089011401,4,23,11,2,2,,2.0,,2.0,2,2,0_17,False,dependent,syn_t023_h0000012,syn_t023_h0000012_r004
14000US06089011401,1,13,56,2,2,2.0,2.0,,2.0,0,2,35_64,True,generative,syn_t023_h0000013,syn_t023_h0000013_r001
14000US06089011401,2,15,20,2,2,2.0,2.0,,2.0,10,2,18_34,True,generative,syn_t023_h0000013,syn_t023_h0000013_r002
14000US06089011401,1,42,41,2,2,2.0,2.0,,2.0,0,2,35_64,True,generative,syn_t023_h0000014,syn_t023_h0000014_r001
14000US06089011401,2,40,38,2,2,2.0,2.0,,2.0,1,2,35_64,True,generative,syn_t023_h0000014,syn_t023_h0000014_r002
14000US06089011401,3,44,23,2,2,2.0,2.0,,2.0,3,2,18_34,True,generative,syn_t023_h0000014,syn_t023_h0000014_r003
14000US06089011401,1,13,68,2,2,2.0,2.0,,2.0,0,2,65_plus,True,generative,syn_t023_h0000015,syn_t023_h0000015_r001
14000US06089011401,2,15,60,2,2,2.0,1.0,,2.0,1,1,35_64,True,generative,syn_t023_h0000015,syn_t023_h0000015_r002
14000US06089011401,3,11,18,2,1,2.0,2.0,,2.0,2,1,18_34,True,generative,syn_t023_h0000015,syn_t023_h0000015_r003
14000US06089011401,1,22,44,2,2,2.0,1.0,,2.0,0,1,35_64,True,generative,syn_t023_h0000016,syn_t023_h0000016_r001
14000US06089011401,2,41,23,2,2,2.0,2.0,,2.0,2,2,18_34,True,generative,syn_t023_h0000016,syn_t023_h0000016_r002
14000US06089011401,3,23,13,2,2,,2.0,,2.0,2,2,0_17,False,dependent,syn_t023_h0000016,syn_t023_h0000016_r003
14000US06089011401,1,37,60,2,2,2.0,2.0,,2.0,0,2,35_64,True,generative,syn_t023_h0000017,syn_t023_h0000017_r001
14000US06089011401,2,38,56,2,2,2.0,2.0,,2.0,1,2,35_64,True,generative,syn_t023_h0000017,syn_t023_h0000017_r002
14000US06089011401,3,40,21,2,2,2.0,2.0,,2.0,7,2,18_34,True,generative,syn_t023_h0000017,syn_t023_h0000017_r003
14000US06089011401,4,38,19,2,2,2.0,2.0,,2.0,7,2,18_34,True,generative,syn_t023_h0000017,syn_t023_h0000017_r004
14000US06089011401,5,34,33,2,2,2.0,2.0,,2.0,10,2,18_34,True,generative,syn_t023_h0000017,syn_t023_h0000017_r005
14000US06089011401,6,32,6,2,2,,2.0,,2.0,10,2,0_17,False,dependent,syn_t023_h0000017,syn_t023_h0000017_r006
14000US06089011401,7,32,5,2,2,,2.0,,2.0,10,2,0_17,False,dependent,syn_t023_h0000017,syn_t023_h0000017_r007
14000US06089011401,1,46,26,2,2,2.0,2.0,,2.0,0,2,18_34,True,generative,syn_t023_h0000018,syn_t023_h0000018_r001
14000US06089011401,2,45,26,2,2,2.0,2.0,,2.0,13,2,18_34,True,generative,syn_t023_h0000018,syn_t023_h0000018_r002
14000US06089011401,1,50,51,2,2,2.0,2.0,,2.0,0,2,35_64,True,generative,syn_t023_h0000019,syn_t023_h0000019_r001
14000US06089011401,2,36,22,2,2,2.0,2.0,,2.0,2,2,18_34,True,generative,syn_t023_h0000019,syn_t023_h0000019_r002
14000US06089011401,3,98,13,2,2,,2.0,,2.0,2,2,0_17,False,dependent,syn_t023_h0000019,syn_t023_h0000019_r003
14000US06089011401,1,15,67,2,2,2.0,2.0,,2.0,0,2,65_plus,True,generative,syn_t023_h0000020,syn_t023_h0000020_r001
14000US06089011401,1,17,74,2,2,1.0,2.0,,1.0,0,1,65_plus,True,generative,syn_t023_h0000021,syn_t023_h0000021_r001
14000US06089011401,2,18,73,2,2,2.0,2.0,,2.0,1,2,65_plus,True,generative,syn_t023_h0000021,syn_t023_h0000021_r002
14000US06089011402,1,13,60,2,2,1.0,1.0,,2.0,0,1,35_64,True,generative,syn_t024_h0000001,syn_t024_h0000001_r001
14000US06089011402,1,14,57,2,2,2.0,2.0,,2.0,0,2,35_64,True,generative,syn_t024_h0000002,syn_t024_h0000002_r001
14000US06089011402,2,28,22,2,2,2.0,2.0,,2.0,2,2,18_34,True,generative,syn_t024_h0000002,syn_t024_h0000002_r002
14000US06089011402,1,15,62,2,2,2.0,2.0,,2.0,0,2,35_64,True,generative,syn_t024_h0000003,syn_t024_h0000003_r001
14000US06089011402,2,9,58,2,2,2.0,2.0,,2.0,1,2,35_64,True,generative,syn_t024_h0000003,syn_t024_h0000003_r002
14000US06089011402,3,24,36,2,2,2.0,2.0,,2.0,2,2,35_64,True,generative,syn_t024_h0000003,syn_t024_h0000003_r003
14000US06089011402,1,4,50,2,2,2.0,2.0,,2.0,0,2,35_64,True,generative,syn_t024_h0000004,syn_t024_h0000004_r001
14000US06089011402,2,4,57,2,2,2.0,2.0,,2.0,1,2,35_64,True,generative,syn_t024_h0000004,syn_t024_h0000004_r002
14000US06089011402,3,4,16,2,2,2.0,2.0,,2.0,2,2,0_17,False,dependent,syn_t024_h0000004,syn_t024_h0000004_r003
14000US06089011402,1,22,63,2,2,2.0,2.0,,2.0,0,2,35_64,True,generative,syn_t024_h0000005,syn_t024_h0000005_r001
14000US06089011402,2,17,60,2,2,1.0,1.0,,1.0,1,1,35_64,True,generative,syn_t024_h0000005,syn_t024_h0000005_r002
14000US06089011402,1,8,48,2,2,2.0,2.0,,2.0,0,2,35_64,True,generative,syn_t024_h0000006,syn_t024_h0000006_r001
14000US06089011402,2,9,47,2,2,2.0,2.0,,2.0,1,2,35_64,True,generative,syn_t024_h0000006,syn_t024_h0000006_r002
14000US06089011402,3,8,19,2,2,2.0,2.0,,2.0,2,2,18_34,True,generative,syn_t024_h0000006,syn_t024_h0000006_r003
14000US06089011402,4,9,12,2,2,,2.0,,2.0,2,2,0_17,False,dependent,syn_t024_h0000006,syn_t024_h0000006_r004
14000US06089011402,1,98,60,2,2,2.0,2.0,,2.0,0,2,35_64,True,generative,syn_t024_h0000007,syn_t024_h0000007_r001
14000US06089011402,2,96,60,2,2,2.0,2.0,,2.0,1,2,35_64,True,generative,syn_t024_h0000007,syn_t024_h0000007_r002
14000US06089011402,3,100,25,2,2,2.0,2.0,,2.0,2,2,18_34,True,generative,syn_t024_h0000007,syn_t024_h0000007_r003
14000US06089011402,4,84,5,2,2,,2.0,,2.0,7,2,0_17,False,dependent,syn_t024_h0000007,syn_t024_h0000007_r004
14000US06089011402,1,48,36,2,2,2.0,2.0,,2.0,0,2,35_64,True,generative,syn_t024_h0000008,syn_t024_h0000008_r001
14000US06089011402,2,55,36,2,2,2.0,2.0,,2.0,1,2,35_64,True,generative,syn_t024_h0000008,syn_t024_h0000008_r002
14000US06089011402,3,53,5,2,2,,2.0,,2.0,2,2,0_17,False,dependent,syn_t024_h0000008,syn_t024_h0000008_r003
14000US06089011402,4,51,3,2,2,,,,,2,2,0_17,False,dependent,syn_t024_h0000008,syn_t024_h0000008_r004
14000US06089011402,1,20,70,1,2,2.0,2.0,,2.0,0,1,65_plus,True,generative,syn_t024_h0000009,syn_t024_h0000009_r001
14000US06089011402,2,19,70,2,2,2.0,2.0,,2.0,13,2,65_plus,True,generative,syn_t024_h0000009,syn_t024_h0000009_r002
14000US06089011402,1,56,46,2,2,2.0,2.0,,2.0,0,2,35_64,True,generative,syn_t024_h0000010,syn_t024_h0000010_r001
14000US06089011402,2,34,31,2,2,2.0,2.0,,2.0,1,2,18_34,True,generative,syn_t024_h0000010,syn_t024_h0000010_r002
14000US06089011402,3,41,16,2,2,2.0,2.0,,2.0,2,2,0_17,False,dependent,syn_t024_h0000010,syn_t024_h0000010_r003
14000US06089011402,4,81,12,2,2,,2.0,,2.0,2,2,0_17,False,dependent,syn_t024_h0000010,syn_t024_h0000010_r004
14000US06089011402,1,8,67,2,2,2.0,1.0,,2.0,0,1,65_plus,True,generative,syn_t024_h0000011,syn_t024_h0000011_r001
14000US06089011402,2,7,71,2,2,2.0,2.0,,2.0,1,2,65_plus,True,generative,syn_t024_h0000011,syn_t024_h0000011_r002
14000US06089011402,1,31,60,2,2,2.0,2.0,,2.0,0,2,35_64,True,generative,syn_t024_h0000012,syn_t024_h0000012_r001
14000US06089011402,2,35,62,2,2,2.0,2.0,,2.0,1,2,35_64,True,generative,syn_t024_h0000012,syn_t024_h0000012_r002
14000US06089011402,1,24,64,2,2,2.0,2.0,,2.0,0,2,35_64,True,generative,syn_t024_h0000013,syn_t024_h0000013_r001
14000US06089011402,2,27,63,2,2,2.0,2.0,,2.0,1,2,35_64,True,generative,syn_t024_h0000013,syn_t024_h0000013_r002
14000US06089011402,1,59,48,2,2,2.0,1.0,,2.0,0,1,35_64,True,generative,syn_t024_h0000014,syn_t024_h0000014_r001
14000US06089011402,2,68,37,2,2,2.0,1.0,4.0,1.0,15,1,35_64,True,generative,syn_t024_h0000014,syn_t024_h0000014_r002
14000US06089011402,1,15,33,2,2,2.0,2.0,,2.0,0,2,18_34,True,generative,syn_t024_h0000015,syn_t024_h0000015_r001
14000US06089011402,2,37,32,2,2,2.0,2.0,,2.0,1,2,18_34,True,generative,syn_t024_h0000015,syn_t024_h0000015_r002
14000US06089011402,1,19,39,2,2,2.0,2.0,,2.0,0,2,35_64,True,generative,syn_t024_h0000016,syn_t024_h0000016_r001
14000US06089011402,2,15,37,2,2,2.0,2.0,,2.0,1,2,35_64,True,generative,syn_t024_h0000016,syn_t024_h0000016_r002
14000US06089011402,3,18,13,2,2,,2.0,,2.0,2,2,0_17,False,dependent,syn_t024_h0000016,syn_t024_h0000016_r003
14000US06089011402,4,18,7,2,2,,2.0,,2.0,2,2,0_17,False,dependent,syn_t024_h0000016,syn_t024_h0000016_r004
14000US06089011402,5,18,9,2,2,,2.0,,2.0,3,2,0_17,False,dependent,syn_t024_h0000016,syn_t024_h0000016_r005
14000US06089011402,6,18,8,2,2,,2.0,,2.0,3,2,0_17,False,dependent,syn_t024_h0000016,syn_t024_h0000016_r006
14000US06089011402,7,16,18,2,2,2.0,2.0,,2.0,4,2,18_34,True,generative,syn_t024_h0000016,syn_t024_h0000016_r007
14000US06089011403,1,8,37,2,2,2.0,2.0,,2.0,0,2,35_64,True,generative,syn_t025_h0000001,syn_t025_h0000001_r001
14000US06089011403,2,8,40,2,2,2.0,2.0,,2.0,1,2,35_64,True,generative,syn_t025_h0000001,syn_t025_h0000001_r002
14000US06089011403,3,10,11,2,2,,2.0,,2.0,2,2,0_17,False,dependent,syn_t025_h0000001,syn_t025_h0000001_r003
14000US06089011403,4,9,9,2,2,,2.0,,2.0,2,2,0_17,False,dependent,syn_t025_h0000001,syn_t025_h0000001_r004
14000US06089011403,1,68,54,2,2,2.0,2.0,,2.0,0,2,35_64,True,generative,syn_t025_h0000002,syn_t025_h0000002_r001
14000US06089011403,2,69,59,2,2,2.0,2.0,,2.0,1,2,35_64,True,generative,syn_t025_h0000002,syn_t025_h0000002_r002
14000US06089011403,1,47,85,2,2,2.0,2.0,,2.0,0,2,65_plus,True,generative,syn_t025_h0000003,syn_t025_h0000003_r001
14000US06089011403,1,10,75,2,2,2.0,2.0,,2.0,0,2,65_plus,True,generative,syn_t025_h0000004,syn_t025_h0000004_r001
14000US06089011403,1,52,90,2,2,2.0,2.0,,2.0,0,2,65_plus,True,generative,syn_t025_h0000005,syn_t025_h0000005_r001
14000US06089011403,1,41,58,2,2,2.0,2.0,,2.0,0,2,35_64,True,generative,syn_t025_h0000006,syn_t025_h0000006_r001
14000US06089011403,2,44,57,2,2,2.0,2.0,,2.0,1,2,35_64,True,generative,syn_t025_h0000006,syn_t025_h0000006_r002
14000US06089011403,1,31,56,2,2,2.0,2.0,,2.0,0,2,35_64,True,generative,syn_t025_h0000007,syn_t025_h0000007_r001
14000US06089011403,2,32,52,2,2,2.0,2.0,,2.0,1,2,35_64,True,generative,syn_t025_h0000007,syn_t025_h0000007_r002
14000US06089011403,3,37,22,2,2,2.0,2.0,,2.0,2,2,18_34,True,generative,syn_t025_h0000007,syn_t025_h0000007_r003
14000US06089011403,4,41,17,2,2,2.0,2.0,,2.0,2,2,0_17,False,dependent,syn_t025_h0000007,syn_t025_h0000007_r004
14000US06089011403,1,4,79,2,2,2.0,2.0,,2.0,0,2,65_plus,True,generative,syn_t025_h0000008,syn_t025_h0000008_r001
14000US06089011403,2,5,74,2,2,2.0,2.0,,2.0,1,2,65_plus,True,generative,syn_t025_h0000008,syn_t025_h0000008_r002
14000US06089011403,1,46,43,2,2,2.0,2.0,,2.0,0,2,35_64,True,generative,syn_t025_h0000009,syn_t025_h0000009_r001
14000US06089011403,2,36,53,2,2,2.0,2.0,,2.0,1,2,35_64,True,generative,syn_t025_h0000009,syn_t025_h0000009_r002
14000US06089011403,3,43,13,2,2,,2.0,,2.0,2,2,0_17,False,dependent,syn_t025_h0000009,syn_t025_h0000009_r003
14000US06089011403,4,43,11,2,2,,2.0,,2.0,2,2,0_17,False,dependent,syn_t025_h0000009,syn_t025_h0000009_r004
14000US06089011403,1,22,58,2,1,2.0,1.0,3.0,2.0,0,1,35_64,True,generative,syn_t025_h0000010,syn_t025_h0000010_r001
14000US06089011403,2,7,63,2,2,2.0,2.0,,2.0,1,2,35_64,True,generative,syn_t025_h0000010,syn_t025_h0000010_r002
14000US06089011403,1,16,50,2,2,2.0,2.0,,2.0,0,2,35_64,True,generative,syn_t025_h0000011,syn_t025_h0000011_r001
14000US06089011403,2,21,14,2,2,,2.0,,2.0,2,2,0_17,False,dependent,syn_t025_h0000011,syn_t025_h0000011_r002
14000US06089011403,3,9,49,2,2,2.0,2.0,,2.0,13,2,35_64,True,generative,syn_t025_h0000011,syn_t025_h0000011_r003
14000US06089011403,1,10,57,2,2,2.0,2.0,,2.0,0,2,35_64,True,generative,syn_t025_h0000012,syn_t025_h0000012_r001
14000US06089011403,2,11,55,2,2,2.0,2.0,,2.0,1,2,35_64,True,generative,syn_t025_h0000012,syn_t025_h0000012_r002
14000US06089011403,1,34,79,1,2,2.0,2.0,,2.0,0,1,65_plus,True,generative,syn_t025_h0000013,syn_t025_h0000013_r001
14000US06089011403,2,38,75,2,2,2.0,2.0,,2.0,1,2,65_plus,True,generative,syn_t025_h0000013,syn_t025_h0000013_r002
14000US06089011403,1,13,61,2,2,2.0,2.0,,2.0,0,2,35_64,True,generative,syn_t025_h0000014,syn_t025_h0000014_r001
14000US06089011403,1,18,57,2,2,2.0,2.0,,2.0,0,2,35_64,True,generative,syn_t025_h0000015,syn_t025_h0000015_r001
14000US06089011403,2,20,66,2,2,2.0,2.0,,2.0,13,2,65_plus,True,generative,syn_t025_h0000015,syn_t025_h0000015_r002
14000US06089011500,1,20,21,2,2,2.0,2.0,,2.0,0,2,18_34,True,generative,syn_t026_h0000001,syn_t026_h0000001_r001
14000US06089011500,2,19,27,2,2,2.0,2.0,,2.0,12,2,18_34,True,generative,syn_t026_h0000001,syn_t026_h0000001_r002
14000US06089011500,3,18,19,2,2,2.0,2.0,,2.0,12,2,18_34,True,generative,syn_t026_h0000001,syn_t026_h0000001_r003
14000US06089011500,4,18,18,2,2,2.0,2.0,,2.0,12,2,18_34,True,generative,syn_t026_h0000001,syn_t026_h0000001_r004
14000US06089011500,1,22,47,2,2,2.0,2.0,,2.0,0,2,35_64,True,generative,syn_t026_h0000002,syn_t026_h0000002_r001
14000US06089011500,1,13,59,2,2,2.0,2.0,,2.0,0,2,35_64,True,generative,syn_t026_h0000003,syn_t026_h0000003_r001
14000US06089011500,2,21,46,2,2,2.0,2.0,,1.0,11,1,35_64,True,generative,syn_t026_h0000003,syn_t026_h0000003_r002
14000US06089011500,3,17,17,2,2,2.0,2.0,,2.0,11,2,0_17,False,dependent,syn_t026_h0000003,syn_t026_h0000003_r003
14000US06089011500,1,5,74,1,2,2.0,1.0,,2.0,0,1,65_plus,True,generative,syn_t026_h0000004,syn_t026_h0000004_r001
14000US06089011500,2,5,75,1,2,2.0,1.0,,2.0,1,1,65_plus,True,generative,syn_t026_h0000004,syn_t026_h0000004_r002
14000US06089011500,1,16,67,1,2,2.0,2.0,,1.0,0,1,65_plus,True,generative,syn_t026_h0000005,syn_t026_h0000005_r001
14000US06089011500,1,14,35,2,2,2.0,2.0,,2.0,0,2,35_64,True,generative,syn_t026_h0000006,syn_t026_h0000006_r001
14000US06089011500,2,18,34,2,2,2.0,2.0,,2.0,1,2,18_34,True,generative,syn_t026_h0000006,syn_t026_h0000006_r002
14000US06089011500,3,13,17,2,2,2.0,2.0,,2.0,4,2,0_17,False,dependent,syn_t026_h0000006,syn_t026_h0000006_r003
14000US06089011500,1,15,33,2,2,2.0,2.0,,2.0,0,2,18_34,True,generative,syn_t026_h0000007,syn_t026_h0000007_r001
14000US06089011500,2,37,32,2,2,2.0,2.0,,2.0,1,2,18_34,True,generative,syn_t026_h0000007,syn_t026_h0000007_r002
14000US06089011500,1,18,64,1,2,2.0,2.0,,2.0,0,1,35_64,True,generative,syn_t026_h0000008,syn_t026_h0000008_r001
14000US06089011500,1,62,34,2,2,2.0,2.0,,2.0,0,2,18_34,True,generative,syn_t026_h0000009,syn_t026_h0000009_r001
14000US06089011500,2,77,27,2,2,2.0,2.0,,2.0,1,2,18_34,True,generative,syn_t026_h0000009,syn_t026_h0000009_r002
14000US06089011500,1,15,44,2,2,2.0,2.0,,2.0,0,2,35_64,True,generative,syn_t026_h0000010,syn_t026_h0000010_r001
14000US06089011500,2,14,14,2,2,,2.0,,2.0,2,2,0_17,False,dependent,syn_t026_h0000010,syn_t026_h0000010_r002
14000US06089011500,3,13,13,2,2,,2.0,,2.0,2,2,0_17,False,dependent,syn_t026_h0000010,syn_t026_h0000010_r003
14000US06089011500,1,32,67,2,2,2.0,2.0,,2.0,0,2,65_plus,True,generative,syn_t026_h0000011,syn_t026_h0000011_r001
14000US06089011500,1,41,28,2,1,2.0,2.0,,2.0,0,1,18_34,True,generative,syn_t026_h0000012,syn_t026_h0000012_r001
14000US06089011500,2,45,5,2,2,,2.0,,2.0,2,2,0_17,False,dependent,syn_t026_h0000012,syn_t026_h0000012_r002
14000US06089011500,3,43,2,2,2,,,,,2,2,0_17,False,dependent,syn_t026_h0000012,syn_t026_h0000012_r003
14000US06089011500,4,35,26,2,2,2.0,2.0,,2.0,13,2,18_34,True,generative,syn_t026_h0000012,syn_t026_h0000012_r004
14000US06089011500,1,24,77,2,2,2.0,2.0,,2.0,0,2,65_plus,True,generative,syn_t026_h0000013,syn_t026_h0000013_r001
14000US06089011500,2,19,84,1,2,2.0,2.0,2.0,2.0,1,1,65_plus,True,generative,syn_t026_h0000013,syn_t026_h0000013_r002
14000US06089011500,1,45,62,2,2,2.0,2.0,,2.0,0,2,35_64,True,generative,syn_t026_h0000014,syn_t026_h0000014_r001
14000US06089011500,2,48,64,2,2,2.0,1.0,,2.0,1,1,35_64,True,generative,syn_t026_h0000014,syn_t026_h0000014_r002
14000US06089011500,3,37,86,1,1,1.0,1.0,,1.0,6,1,65_plus,True,generative,syn_t026_h0000014,syn_t026_h0000014_r003
14000US06089011500,1,37,63,2,2,2.0,2.0,,2.0,0,2,35_64,True,generative,syn_t026_h0000015,syn_t026_h0000015_r001
14000US06089011500,2,33,63,2,2,2.0,2.0,,2.0,1,2,35_64,True,generative,syn_t026_h0000015,syn_t026_h0000015_r002
14000US06089011500,1,13,56,2,2,2.0,2.0,,2.0,0,2,35_64,True,generative,syn_t026_h0000016,syn_t026_h0000016_r001
14000US06089011500,1,41,47,2,2,2.0,2.0,,2.0,0,2,35_64,True,generative,syn_t026_h0000017,syn_t026_h0000017_r001
14000US06089011500,2,54,22,2,2,2.0,2.0,,2.0,2,2,18_34,True,generative,syn_t026_h0000017,syn_t026_h0000017_r002
14000US06089011500,3,70,65,2,2,2.0,2.0,,2.0,12,2,65_plus,True,generative,syn_t026_h0000017,syn_t026_h0000017_r003
14000US06089011500,1,7,58,2,2,2.0,2.0,,2.0,0,2,35_64,True,generative,syn_t026_h0000018,syn_t026_h0000018_r001
14000US06089011500,2,7,58,2,2,2.0,2.0,,2.0,1,2,35_64,True,generative,syn_t026_h0000018,syn_t026_h0000018_r002
14000US06089011500,1,15,67,2,2,2.0,2.0,,2.0,0,2,65_plus,True,generative,syn_t026_h0000019,syn_t026_h0000019_r001
14000US06089011500,2,14,67,2,2,2.0,2.0,,2.0,1,2,65_plus,True,generative,syn_t026_h0000019,syn_t026_h0000019_r002
14000US06089011500,3,18,11,2,2,,2.0,,2.0,7,2,0_17,False,dependent,syn_t026_h0000019,syn_t026_h0000019_r003
14000US06089011500,4,16,3,2,2,,,,,7,2,0_17,False,dependent,syn_t026_h0000019,syn_t026_h0000019_r004
14000US06089011500,1,28,69,2,2,2.0,2.0,,2.0,0,2,65_plus,True,generative,syn_t026_h0000020,syn_t026_h0000020_r001
14000US06089011500,2,45,36,2,2,2.0,2.0,,2.0,2,2,35_64,True,generative,syn_t026_h0000020,syn_t026_h0000020_r002
14000US06089011500,1,13,61,2,2,2.0,1.0,,2.0,0,1,35_64,True,generative,syn_t026_h0000021,syn_t026_h0000021_r001
14000US06089011500,1,11,54,2,2,2.0,2.0,2.0,2.0,0,2,35_64,True,generative,syn_t026_h0000022,syn_t026_h0000022_r001
14000US06089011500,1,43,46,2,2,2.0,1.0,,2.0,0,1,35_64,True,generative,syn_t026_h0000023,syn_t026_h0000023_r001
14000US06089011500,2,35,65,2,2,2.0,1.0,,2.0,1,1,65_plus,True,generative,syn_t026_h0000023,syn_t026_h0000023_r002
14000US06089011500,1,65,21,2,2,2.0,2.0,,2.0,0,2,18_34,True,generative,syn_t026_h0000024,syn_t026_h0000024_r001
14000US06089011500,2,55,3,2,2,,,,,2,2,0_17,False,dependent,syn_t026_h0000024,syn_t026_h0000024_r002
14000US06089011500,1,35,71,2,2,2.0,2.0,,2.0,0,2,65_plus,True,generative,syn_t026_h0000025,syn_t026_h0000025_r001
14000US06089011500,2,37,71,2,2,2.0,2.0,,2.0,1,2,65_plus,True,generative,syn_t026_h0000025,syn_t026_h0000025_r002
14000US06089011500,1,13,65,2,2,2.0,2.0,,2.0,0,2,65_plus,True,generative,syn_t026_h0000026,syn_t026_h0000026_r001
14000US06089011500,2,17,75,2,2,2.0,1.0,,2.0,1,1,65_plus,True,generative,syn_t026_h0000026,syn_t026_h0000026_r002
14000US06089011500,1,13,62,2,2,1.0,1.0,,2.0,0,1,35_64,True,generative,syn_t026_h0000027,syn_t026_h0000027_r001
14000US06089011500,1,14,56,2,2,2.0,2.0,,2.0,0,2,35_64,True,generative,syn_t026_h0000028,syn_t026_h0000028_r001
14000US06089011500,2,15,51,2,2,2.0,2.0,,2.0,1,2,35_64,True,generative,syn_t026_h0000028,syn_t026_h0000028_r002
14000US06089011500,1,4,22,2,2,2.0,2.0,,2.0,0,2,18_34,True,generative,syn_t026_h0000029,syn_t026_h0000029_r001
14000US06089011500,2,5,25,1,2,2.0,2.0,,2.0,1,1,18_34,True,generative,syn_t026_h0000029,syn_t026_h0000029_r002
14000US06089011500,1,15,74,2,2,2.0,2.0,,2.0,0,2,65_plus,True,generative,syn_t026_h0000030,syn_t026_h0000030_r001
14000US06089011500,2,15,73,1,2,2.0,2.0,,2.0,1,1,65_plus,True,generative,syn_t026_h0000030,syn_t026_h0000030_r002
14000US06089011500,1,27,44,2,2,2.0,2.0,,2.0,0,2,35_64,True,generative,syn_t026_h0000031,syn_t026_h0000031_r001
14000US06089011500,2,19,31,2,2,2.0,2.0,,2.0,13,2,18_34,True,generative,syn_t026_h0000031,syn_t026_h0000031_r002
14000US06089011500,3,25,8,2,2,,2.0,,2.0,15,2,0_17,False,dependent,syn_t026_h0000031,syn_t026_h0000031_r003
14000US06089011600,1,7,72,2,2,2.0,2.0,,2.0,0,2,65_plus,True,generative,syn_t027_h0000001,syn_t027_h0000001_r001
14000US06089011600,2,8,67,2,2,2.0,2.0,,2.0,1,2,65_plus,True,generative,syn_t027_h0000001,syn_t027_h0000001_r002
14000US06089011600,1,65,21,2,2,2.0,2.0,,2.0,0,2,18_34,True,generative,syn_t027_h0000002,syn_t027_h0000002_r001
14000US06089011600,2,55,3,2,2,,,,,2,2,0_17,False,dependent,syn_t027_h0000002,syn_t027_h0000002_r002
14000US06089011600,1,14,84,2,2,2.0,2.0,,2.0,0,2,65_plus,True,generative,syn_t027_h0000003,syn_t027_h0000003_r001
14000US06089011600,2,16,81,2,2,2.0,2.0,,1.0,1,1,65_plus,True,generative,syn_t027_h0000003,syn_t027_h0000003_r002
14000US06089011600,3,13,52,2,2,2.0,2.0,,2.0,2,2,35_64,True,generative,syn_t027_h0000003,syn_t027_h0000003_r003
14000US06089011600,1,42,70,1,1,1.0,1.0,4.0,2.0,0,1,65_plus,True,generative,syn_t027_h0000004,syn_t027_h0000004_r001
14000US06089011600,1,12,35,2,2,2.0,2.0,,2.0,0,2,35_64,True,generative,syn_t027_h0000005,syn_t027_h0000005_r001
14000US06089011600,2,12,36,2,2,2.0,2.0,,2.0,1,2,35_64,True,generative,syn_t027_h0000005,syn_t027_h0000005_r002
14000US06089011600,3,14,16,2,2,2.0,2.0,,2.0,2,2,0_17,False,dependent,syn_t027_h0000005,syn_t027_h0000005_r003
14000US06089011600,4,13,1,2,2,,,,,2,2,0_17,False,dependent,syn_t027_h0000005,syn_t027_h0000005_r004
14000US06089011600,1,14,64,2,2,2.0,2.0,,2.0,0,2,35_64,True,generative,syn_t027_h0000006,syn_t027_h0000006_r001
14000US06089011600,2,14,67,1,2,2.0,2.0,,2.0,1,1,65_plus,True,generative,syn_t027_h0000006,syn_t027_h0000006_r002
14000US06089011600,1,42,65,2,2,2.0,2.0,,2.0,0,2,65_plus,True,generative,syn_t027_h0000007,syn_t027_h0000007_r001
14000US06089011600,1,18,43,2,2,2.0,2.0,,1.0,0,1,35_64,True,generative,syn_t027_h0000008,syn_t027_h0000008_r001
14000US06089011600,1,43,27,2,2,2.0,2.0,,2.0,0,2,18_34,True,generative,syn_t027_h0000009,syn_t027_h0000009_r001
14000US06089011600,2,18,24,2,2,2.0,2.0,,2.0,13,2,18_34,True,generative,syn_t027_h0000009,syn_t027_h0000009_r002
14000US06089011600,1,34,28,2,2,2.0,2.0,,2.0,0,2,18_34,True,generative,syn_t027_h0000010,syn_t027_h0000010_r001
14000US06089011600,1,14,49,2,2,2.0,1.0,,2.0,0,1,35_64,True,generative,syn_t027_h0000011,syn_t027_h0000011_r001
14000US06089011600,2,13,57,2,2,2.0,2.0,,2.0,1,2,35_64,True,generative,syn_t027_h0000011,syn_t027_h0000011_r002
14000US06089011600,3,15,26,2,2,2.0,2.0,,2.0,15,2,18_34,True,generative,syn_t027_h0000011,syn_t027_h0000011_r003
14000US06089011600,4,18,26,2,2,2.0,2.0,,2.0,15,2,18_34,True,generative,syn_t027_h0000011,syn_t027_h0000011_r004
14000US06089011600,1,59,57,2,2,2.0,2.0,,2.0,0,2,35_64,True,generative,syn_t027_h0000012,syn_t027_h0000012_r001
14000US06089011600,1,39,66,2,2,2.0,1.0,,2.0,0,1,65_plus,True,generative,syn_t027_h0000013,syn_t027_h0000013_r001
14000US06089011600,2,44,33,2,2,2.0,2.0,,2.0,13,2,18_34,True,generative,syn_t027_h0000013,syn_t027_h0000013_r002
14000US06089011600,1,43,35,2,2,2.0,2.0,,2.0,0,2,35_64,True,generative,syn_t027_h0000014,syn_t027_h0000014_r001
14000US06089011600,2,52,35,2,2,2.0,2.0,,2.0,1,2,35_64,True,generative,syn_t027_h0000014,syn_t027_h0000014_r002
14000US06089011600,3,57,15,2,2,2.0,2.0,,2.0,2,2,0_17,False,dependent,syn_t027_h0000014,syn_t027_h0000014_r003
14000US06089011600,4,56,11,2,2,,2.0,,2.0,2,2,0_17,False,dependent,syn_t027_h0000014,syn_t027_h0000014_r004
14000US06089011600,5,77,37,2,2,1.0,2.0,,2.0,10,1,35_64,True,generative,syn_t027_h0000014,syn_t027_h0000014_r005
14000US06089011600,6,70,23,2,2,2.0,2.0,,2.0,10,2,18_34,True,generative,syn_t027_h0000014,syn_t027_h0000014_r006
14000US06089011600,1,48,37,2,2,2.0,2.0,,2.0,0,2,35_64,True,generative,syn_t027_h0000015,syn_t027_h0000015_r001
14000US06089011600,1,35,26,2,2,2.0,2.0,,2.0,0,2,18_34,True,generative,syn_t027_h0000016,syn_t027_h0000016_r001
14000US06089011600,2,34,26,2,2,2.0,2.0,,2.0,1,2,18_34,True,generative,syn_t027_h0000016,syn_t027_h0000016_r002
14000US06089011600,1,76,40,2,2,2.0,2.0,,2.0,0,2,35_64,True,generative,syn_t027_h0000017,syn_t027_h0000017_r001
14000US06089011600,1,5,87,2,2,2.0,2.0,3.0,2.0,0,2,65_plus,True,generative,syn_t027_h0000018,syn_t027_h0000018_r001
14000US06089011600,1,20,70,1,2,2.0,2.0,,2.0,0,1,65_plus,True,generative,syn_t027_h0000019,syn_t027_h0000019_r001
14000US06089011600,2,19,70,2,2,2.0,2.0,,2.0,13,2,65_plus,True,generative,syn_t027_h0000019,syn_t027_h0000019_r002
14000US06089011600,1,13,62,2,2,2.0,2.0,,2.0,0,2,35_64,True,generative,syn_t027_h0000020,syn_t027_h0000020_r001
14000US06089011600,2,13,73,1,1,2.0,1.0,,2.0,1,1,65_plus,True,generative,syn_t027_h0000020,syn_t027_h0000020_r002
14000US06089011600,1,12,35,2,2,2.0,2.0,,2.0,0,2,35_64,True,generative,syn_t027_h0000021,syn_t027_h0000021_r001
14000US06089011600,2,23,34,2,2,2.0,2.0,,2.0,1,2,18_34,True,generative,syn_t027_h0000021,syn_t027_h0000021_r002
14000US06089011600,3,10,14,2,2,,2.0,,2.0,2,2,0_17,False,dependent,syn_t027_h0000021,syn_t027_h0000021_r003
14000US06089011600,4,11,11,2,2,,2.0,,2.0,2,2,0_17,False,dependent,syn_t027_h0000021,syn_t027_h0000021_r004
14000US06089011600,5,11,10,2,2,,2.0,,2.0,2,2,0_17,False,dependent,syn_t027_h0000021,syn_t027_h0000021_r005
14000US06089011600,6,10,5,2,2,,2.0,,2.0,2,2,0_17,False,dependent,syn_t027_h0000021,syn_t027_h0000021_r006
14000US06089011701,1,20,83,2,2,2.0,2.0,,2.0,0,2,65_plus,True,generative,syn_t028_h0000001,syn_t028_h0000001_r001
14000US06089011701,2,30,38,2,2,1.0,1.0,,2.0,7,1,35_64,True,generative,syn_t028_h0000001,syn_t028_h0000001_r002
14000US06089011701,1,8,58,2,2,2.0,2.0,,2.0,0,2,35_64,True,generative,syn_t028_h0000002,syn_t028_h0000002_r001
14000US06089011701,2,12,42,2,2,2.0,2.0,,2.0,13,2,35_64,True,generative,syn_t028_h0000002,syn_t028_h0000002_r002
14000US06089011701,1,30,49,2,2,2.0,2.0,,2.0,0,2,35_64,True,generative,syn_t028_h0000003,syn_t028_h0000003_r001
14000US06089011701,2,21,36,2,2,2.0,2.0,,2.0,1,2,35_64,True,generative,syn_t028_h0000003,syn_t028_h0000003_r002
14000US06089011701,3,18,12,2,2,,2.0,,2.0,2,2,0_17,False,dependent,syn_t028_h0000003,syn_t028_h0000003_r003
14000US06089011701,4,17,9,2,2,,2.0,,2.0,2,2,0_17,False,dependent,syn_t028_h0000003,syn_t028_h0000003_r004
14000US06089011701,5,17,9,2,2,,2.0,,2.0,2,2,0_17,False,dependent,syn_t028_h0000003,syn_t028_h0000003_r005
14000US06089011701,6,26,63,2,2,2.0,2.0,,2.0,8,2,35_64,True,generative,syn_t028_h0000003,syn_t028_h0000003_r006
14000US06089011701,7,29,62,2,2,2.0,2.0,,2.0,8,2,35_64,True,generative,syn_t028_h0000003,syn_t028_h0000003_r007
14000US06089011701,1,26,48,2,2,2.0,2.0,,2.0,0,2,35_64,True,generative,syn_t028_h0000004,syn_t028_h0000004_r001
14000US06089011701,2,22,47,2,2,2.0,2.0,,2.0,1,2,35_64,True,generative,syn_t028_h0000004,syn_t028_h0000004_r002
14000US06089011701,3,22,15,2,2,2.0,2.0,,2.0,2,2,0_17,False,dependent,syn_t028_h0000004,syn_t028_h0000004_r003
14000US06089011701,4,29,13,2,2,,2.0,,2.0,2,2,0_17,False,dependent,syn_t028_h0000004,syn_t028_h0000004_r004
14000US06089011701,1,13,72,2,2,2.0,2.0,,2.0,0,2,65_plus,True,generative,syn_t028_h0000005,syn_t028_h0000005_r001
14000US06089011701,1,22,44,2,2,2.0,1.0,,2.0,0,1,35_64,True,generative,syn_t028_h0000006,syn_t028_h0000006_r001
14000US06089011701,2,41,23,2,2,2.0,2.0,,2.0,2,2,18_34,True,generative,syn_t028_h0000006,syn_t028_h0000006_r002
14000US06089011701,3,23,13,2,2,,2.0,,2.0,2,2,0_17,False,dependent,syn_t028_h0000006,syn_t028_h0000006_r003
14000US06089011701,1,16,29,2,2,2.0,2.0,,2.0,0,2,18_34,True,generative,syn_t028_h0000007,syn_t028_h0000007_r001
14000US06089011701,2,13,26,2,2,2.0,2.0,,2.0,1,2,18_34,True,generative,syn_t028_h0000007,syn_t028_h0000007_r002
14000US06089011701,1,41,28,2,1,2.0,2.0,,2.0,0,1,18_34,True,generative,syn_t028_h0000008,syn_t028_h0000008_r001
14000US06089011701,2,45,5,2,2,,2.0,,2.0,2,2,0_17,False,dependent,syn_t028_h0000008,syn_t028_h0000008_r002
14000US06089011701,3,43,2,2,2,,,,,2,2,0_17,False,dependent,syn_t028_h0000008,syn_t028_h0000008_r003
14000US06089011701,4,35,26,2,2,2.0,2.0,,2.0,13,2,18_34,True,generative,syn_t028_h0000008,syn_t028_h0000008_r004
14000US06089011701,1,33,94,1,1,1.0,1.0,,1.0,0,1,65_plus,True,generative,syn_t028_h0000009,syn_t028_h0000009_r001
14000US06089011701,1,42,25,2,2,2.0,2.0,,2.0,0,2,18_34,True,generative,syn_t028_h0000010,syn_t028_h0000010_r001
14000US06089011701,2,44,27,2,2,2.0,2.0,,2.0,5,2,18_34,True,generative,syn_t028_h0000010,syn_t028_h0000010_r002
14000US06089011701,1,37,64,1,2,2.0,1.0,,1.0,0,1,35_64,True,generative,syn_t028_h0000011,syn_t028_h0000011_r001
14000US06089011701,1,14,56,2,2,2.0,2.0,,2.0,0,2,35_64,True,generative,syn_t028_h0000012,syn_t028_h0000012_r001
14000US06089011702,1,44,31,2,2,2.0,2.0,,2.0,0,2,18_34,True,generative,syn_t029_h0000001,syn_t029_h0000001_r001
14000US06089011702,2,40,29,2,2,2.0,2.0,,2.0,1,2,18_34,True,generative,syn_t029_h0000001,syn_t029_h0000001_r002
14000US06089011702,3,41,13,2,2,,2.0,,2.0,2,2,0_17,False,dependent,syn_t029_h0000001,syn_t029_h0000001_r003
14000US06089011702,4,46,4,2,2,,,,,2,2,0_17,False,dependent,syn_t029_h0000001,syn_t029_h0000001_r004
14000US06089011702,5,37,2,2,2,,,,,2,2,0_17,False,dependent,syn_t029_h0000001,syn_t029_h0000001_r005
14000US06089011702,1,37,67,1,1,1.0,1.0,,1.0,0,1,65_plus,True,generative,syn_t029_h0000002,syn_t029_h0000002_r001
14000US06089011702,2,49,45,2,2,2.0,2.0,,2.0,2,2,35_64,True,generative,syn_t029_h0000002,syn_t029_h0000002_r002
14000US06089011702,3,44,18,2,2,1.0,2.0,,1.0,7,1,18_34,True,generative,syn_t029_h0000002,syn_t029_h0000002_r003
14000US06089011702,1,38,67,2,2,2.0,2.0,,2.0,0,2,65_plus,True,generative,syn_t029_h0000003,syn_t029_h0000003_r001
14000US06089011702,2,38,69,2,2,2.0,2.0,,2.0,1,2,65_plus,True,generative,syn_t029_h0000003,syn_t029_h0000003_r002
14000US06089011702,1,40,40,2,2,2.0,2.0,,2.0,0,2,35_64,True,generative,syn_t029_h0000004,syn_t029_h0000004_r001
14000US06089011702,2,42,35,2,2,2.0,2.0,,2.0,1,2,35_64,True,generative,syn_t029_h0000004,syn_t029_h0000004_r002
14000US06089011702,3,43,11,2,2,,2.0,,2.0,2,2,0_17,False,dependent,syn_t029_h0000004,syn_t029_h0000004_r003
14000US06089011702,4,45,9,2,2,,2.0,,2.0,2,2,0_17,False,dependent,syn_t029_h0000004,syn_t029_h0000004_r004
14000US06089011702,5,45,1,2,2,,,,,2,2,0_17,False,dependent,syn_t029_h0000004,syn_t029_h0000004_r005
14000US06089011702,6,50,53,2,2,2.0,2.0,,2.0,8,2,35_64,True,generative,syn_t029_h0000004,syn_t029_h0000004_r006
14000US06089011702,1,16,50,2,2,2.0,2.0,,2.0,0,2,35_64,True,generative,syn_t029_h0000005,syn_t029_h0000005_r001
14000US06089011702,2,15,63,2,2,2.0,2.0,,2.0,1,2,35_64,True,generative,syn_t029_h0000005,syn_t029_h0000005_r002
14000US06089011702,1,42,39,2,2,2.0,2.0,,2.0,0,2,35_64,True,generative,syn_t029_h0000006,syn_t029_h0000006_r001
14000US06089011702,2,42,39,2,2,2.0,2.0,,2.0,1,2,35_64,True,generative,syn_t029_h0000006,syn_t029_h0000006_r002
14000US06089011702,3,39,13,2,2,,2.0,,2.0,2,2,0_17,False,dependent,syn_t029_h0000006,syn_t029_h0000006_r003
14000US06089011702,4,39,5,2,2,,2.0,,2.0,2,2,0_17,False,dependent,syn_t029_h0000006,syn_t029_h0000006_r004
14000US06089011702,1,26,44,2,1,2.0,2.0,,2.0,0,1,35_64,True,generative,syn_t029_h0000007,syn_t029_h0000007_r001
14000US06089011702,2,30,22,2,2,2.0,2.0,,2.0,2,2,18_34,True,generative,syn_t029_h0000007,syn_t029_h0000007_r002
14000US06089011702,3,18,18,2,2,2.0,2.0,,2.0,2,2,18_34,True,generative,syn_t029_h0000007,syn_t029_h0000007_r003
14000US06089011702,4,34,15,2,2,2.0,2.0,,2.0,2,2,0_17,False,dependent,syn_t029_h0000007,syn_t029_h0000007_r004
14000US06089011702,1,8,64,2,2,2.0,2.0,,2.0,0,2,35_64,True,generative,syn_t029_h0000008,syn_t029_h0000008_r001
14000US06089011702,1,13,43,2,2,2.0,2.0,,2.0,0,2,35_64,True,generative,syn_t029_h0000009,syn_t029_h0000009_r001
14000US06089011702,2,15,23,2,2,2.0,2.0,,2.0,2,2,18_34,True,generative,syn_t029_h0000009,syn_t029_h0000009_r002
14000US06089011702,3,15,3,2,2,,,,,7,2,0_17,False,dependent,syn_t029_h0000009,syn_t029_h0000009_r003
14000US06089011702,4,11,25,2,2,2.0,2.0,,2.0,9,2,18_34,True,generative,syn_t029_h0000009,syn_t029_h0000009_r004
14000US06089011702,1,36,23,2,2,2.0,2.0,,2.0,0,2,18_34,True,generative,syn_t029_h0000010,syn_t029_h0000010_r001
14000US06089011702,2,44,5,2,2,,2.0,,2.0,2,2,0_17,False,dependent,syn_t029_h0000010,syn_t029_h0000010_r002
14000US06089011702,3,39,4,2,2,,,,,2,2,0_17,False,dependent,syn_t029_h0000010,syn_t029_h0000010_r003
14000US06089011702,4,44,1,2,2,,,,,2,2,0_17,False,dependent,syn_t029_h0000010,syn_t029_h0000010_r004
14000US06089011702,5,55,27,2,2,2.0,2.0,,2.0,13,2,18_34,True,generative,syn_t029_h0000010,syn_t029_h0000010_r005
14000US06089011702,1,13,76,1,1,2.0,1.0,,2.0,0,1,65_plus,True,generative,syn_t029_h0000011,syn_t029_h0000011_r001
14000US06089011702,2,15,75,2,2,2.0,2.0,,2.0,1,2,65_plus,True,generative,syn_t029_h0000011,syn_t029_h0000011_r002
14000US06089011702,1,19,73,1,1,2.0,1.0,,1.0,0,1,65_plus,True,generative,syn_t029_h0000012,syn_t029_h0000012_r001
14000US06089011702,1,11,47,2,2,2.0,2.0,,2.0,0,2,35_64,True,generative,syn_t029_h0000013,syn_t029_h0000013_r001
14000US06089011702,2,12,47,2,2,2.0,2.0,,2.0,1,2,35_64,True,generative,syn_t029_h0000013,syn_t029_h0000013_r002
14000US06089011702,3,8,19,2,2,2.0,2.0,,2.0,2,2,18_34,True,generative,syn_t029_h0000013,syn_t029_h0000013_r003
14000US06089011702,4,11,17,2,2,2.0,2.0,,2.0,2,2,0_17,False,dependent,syn_t029_h0000013,syn_t029_h0000013_r004
14000US06089011702,1,32,30,2,2,2.0,2.0,,2.0,0,2,18_34,True,generative,syn_t029_h0000014,syn_t029_h0000014_r001
14000US06089011702,2,21,1,2,2,,,,,2,2,0_17,False,dependent,syn_t029_h0000014,syn_t029_h0000014_r002
14000US06089011702,3,10,66,2,2,2.0,2.0,,2.0,6,2,65_plus,True,generative,syn_t029_h0000014,syn_t029_h0000014_r003
14000US06089011702,1,17,71,2,2,2.0,2.0,,2.0,0,2,65_plus,True,generative,syn_t029_h0000015,syn_t029_h0000015_r001
14000US06089011702,1,15,37,2,2,2.0,2.0,,2.0,0,2,35_64,True,generative,syn_t029_h0000016,syn_t029_h0000016_r001
14000US06089011702,1,42,35,2,2,1.0,1.0,,1.0,0,1,35_64,True,generative,syn_t029_h0000017,syn_t029_h0000017_r001
14000US06089011702,2,40,14,2,2,,2.0,,2.0,2,2,0_17,False,dependent,syn_t029_h0000017,syn_t029_h0000017_r002
14000US06089011702,3,32,16,2,2,2.0,2.0,,2.0,10,2,0_17,False,dependent,syn_t029_h0000017,syn_t029_h0000017_r003
14000US06089011702,4,39,13,2,2,,2.0,,2.0,10,2,0_17,False,dependent,syn_t029_h0000017,syn_t029_h0000017_r004
14000US06089011702,1,15,56,2,2,2.0,2.0,,2.0,0,2,35_64,True,generative,syn_t029_h0000018,syn_t029_h0000018_r001
14000US06089011702,2,10,21,2,2,2.0,2.0,,2.0,2,2,18_34,True,generative,syn_t029_h0000018,syn_t029_h0000018_r002
14000US06089011703,1,15,19,2,2,2.0,2.0,,2.0,0,2,18_34,True,generative,syn_t030_h0000001,syn_t030_h0000001_r001
14000US06089011703,2,29,20,2,2,2.0,2.0,,2.0,1,2,18_34,True,generative,syn_t030_h0000001,syn_t030_h0000001_r002
14000US06089011703,1,12,64,2,2,2.0,2.0,,2.0,0,2,35_64,True,generative,syn_t030_h0000002,syn_t030_h0000002_r001
14000US06089011703,2,11,63,2,2,2.0,2.0,,2.0,1,2,35_64,True,generative,syn_t030_h0000002,syn_t030_h0000002_r002
14000US06089011703,1,16,72,2,2,2.0,2.0,,2.0,0,2,65_plus,True,generative,syn_t030_h0000003,syn_t030_h0000003_r001
14000US06089011703,2,17,74,1,2,2.0,2.0,,2.0,1,1,65_plus,True,generative,syn_t030_h0000003,syn_t030_h0000003_r002
14000US06089011703,1,13,30,2,2,2.0,2.0,,2.0,0,2,18_34,True,generative,syn_t030_h0000004,syn_t030_h0000004_r001
14000US06089011703,2,12,32,2,2,2.0,2.0,,2.0,1,2,18_34,True,generative,syn_t030_h0000004,syn_t030_h0000004_r002
14000US06089011703,3,15,6,2,2,,2.0,,2.0,2,2,0_17,False,dependent,syn_t030_h0000004,syn_t030_h0000004_r003
14000US06089011703,4,14,4,2,2,,,,,2,2,0_17,False,dependent,syn_t030_h0000004,syn_t030_h0000004_r004
14000US06089011703,1,35,51,2,2,2.0,2.0,,1.0,0,1,35_64,True,generative,syn_t030_h0000005,syn_t030_h0000005_r001
14000US06089011703,2,69,21,2,2,2.0,2.0,,2.0,2,2,18_34,True,generative,syn_t030_h0000005,syn_t030_h0000005_r002
14000US06089011703,1,33,55,2,2,1.0,1.0,,2.0,0,1,35_64,True,generative,syn_t030_h0000006,syn_t030_h0000006_r001
14000US06089011703,1,28,52,2,2,2.0,2.0,,2.0,0,2,35_64,True,generative,syn_t030_h0000007,syn_t030_h0000007_r001
14000US06089011703,2,22,54,2,2,2.0,2.0,,2.0,1,2,35_64,True,generative,syn_t030_h0000007,syn_t030_h0000007_r002
14000US06089011703,3,37,17,2,2,2.0,2.0,,2.0,2,2,0_17,False,dependent,syn_t030_h0000007,syn_t030_h0000007_r003
14000US06089011703,1,13,43,2,2,1.0,1.0,,2.0,0,1,35_64,True,generative,syn_t030_h0000008,syn_t030_h0000008_r001
14000US06089011703,2,13,17,2,2,2.0,2.0,,2.0,2,2,0_17,False,dependent,syn_t030_h0000008,syn_t030_h0000008_r002
14000US06089011703,1,42,63,2,2,2.0,1.0,,2.0,0,1,35_64,True,generative,syn_t030_h0000009,syn_t030_h0000009_r001
14000US06089011703,2,24,87,1,2,1.0,1.0,,1.0,6,1,65_plus,True,generative,syn_t030_h0000009,syn_t030_h0000009_r002
14000US06089011703,1,61,25,2,2,2.0,2.0,,2.0,0,2,18_34,True,generative,syn_t030_h0000010,syn_t030_h0000010_r001
14000US06089011703,2,63,6,2,2,,2.0,,2.0,2,2,0_17,False,dependent,syn_t030_h0000010,syn_t030_h0000010_r002
14000US06089011703,3,58,1,2,2,,,,,2,2,0_17,False,dependent,syn_t030_h0000010,syn_t030_h0000010_r003
14000US06089011703,4,54,24,2,2,2.0,2.0,,2.0,13,2,18_34,True,generative,syn_t030_h0000010,syn_t030_h0000010_r004
14000US06089011703,1,17,29,2,2,2.0,2.0,,2.0,0,2,18_34,True,generative,syn_t030_h0000011,syn_t030_h0000011_r001
14000US06089011703,2,12,38,2,2,2.0,2.0,,2.0,1,2,35_64,True,generative,syn_t030_h0000011,syn_t030_h0000011_r002
14000US06089011703,3,15,16,2,2,2.0,2.0,,2.0,4,2,0_17,False,dependent,syn_t030_h0000011,syn_t030_h0000011_r003
14000US06089011703,4,16,13,2,2,,2.0,,2.0,4,2,0_17,False,dependent,syn_t030_h0000011,syn_t030_h0000011_r004
14000US06089011703,1,12,52,2,2,2.0,2.0,,2.0,0,2,35_64,True,generative,syn_t030_h0000012,syn_t030_h0000012_r001
14000US06089011703,1,50,46,2,2,2.0,2.0,,2.0,0,2,35_64,True,generative,syn_t030_h0000013,syn_t030_h0000013_r001
14000US06089011703,1,15,61,2,2,2.0,2.0,,2.0,0,2,35_64,True,generative,syn_t030_h0000014,syn_t030_h0000014_r001
14000US06089011703,2,15,59,2,2,2.0,2.0,,2.0,1,2,35_64,True,generative,syn_t030_h0000014,syn_t030_h0000014_r002
14000US06089011703,1,14,30,2,2,2.0,2.0,,1.0,0,1,18_34,True,generative,syn_t030_h0000015,syn_t030_h0000015_r001
14000US06089011703,2,23,13,2,2,,2.0,,2.0,2,2,0_17,False,dependent,syn_t030_h0000015,syn_t030_h0000015_r002
14000US06089011703,3,23,10,2,1,,2.0,,2.0,2,1,0_17,False,dependent,syn_t030_h0000015,syn_t030_h0000015_r003
14000US06089011703,1,14,51,2,2,2.0,2.0,,2.0,0,2,35_64,True,generative,syn_t030_h0000016,syn_t030_h0000016_r001
14000US06089011703,1,46,36,2,2,2.0,2.0,,2.0,0,2,35_64,True,generative,syn_t030_h0000017,syn_t030_h0000017_r001
14000US06089011703,2,51,27,2,2,2.0,2.0,,2.0,1,2,18_34,True,generative,syn_t030_h0000017,syn_t030_h0000017_r002
14000US06089011801,1,13,51,2,2,2.0,2.0,,2.0,0,2,35_64,True,generative,syn_t031_h0000001,syn_t031_h0000001_r001
14000US06089011801,1,10,94,2,2,1.0,1.0,,2.0,0,1,65_plus,True,generative,syn_t031_h0000002,syn_t031_h0000002_r001
14000US06089011801,1,13,73,1,2,2.0,2.0,,2.0,0,1,65_plus,True,generative,syn_t031_h0000003,syn_t031_h0000003_r001
14000US06089011801,2,13,72,1,2,2.0,2.0,,2.0,1,1,65_plus,True,generative,syn_t031_h0000003,syn_t031_h0000003_r002
14000US06089011801,1,12,76,1,2,2.0,2.0,,2.0,0,1,65_plus,True,generative,syn_t031_h0000004,syn_t031_h0000004_r001
14000US06089011801,2,13,74,2,2,2.0,2.0,,2.0,1,2,65_plus,True,generative,syn_t031_h0000004,syn_t031_h0000004_r002
14000US06089011801,1,75,34,1,2,2.0,2.0,,2.0,0,1,18_34,True,generative,syn_t031_h0000005,syn_t031_h0000005_r001
14000US06089011801,1,9,40,2,2,2.0,2.0,,2.0,0,2,35_64,True,generative,syn_t031_h0000006,syn_t031_h0000006_r001
14000US06089011801,2,8,40,2,2,2.0,2.0,,2.0,1,2,35_64,True,generative,syn_t031_h0000006,syn_t031_h0000006_r002
14000US06089011801,3,9,22,2,2,2.0,2.0,,2.0,2,2,18_34,True,generative,syn_t031_h0000006,syn_t031_h0000006_r003
14000US06089011801,4,9,20,2,2,2.0,2.0,,2.0,2,2,18_34,True,generative,syn_t031_h0000006,syn_t031_h0000006_r004
14000US06089011801,5,15,23,2,2,2.0,2.0,,2.0,9,2,18_34,True,generative,syn_t031_h0000006,syn_t031_h0000006_r005
14000US06089011801,1,35,32,2,2,2.0,2.0,,2.0,0,2,18_34,True,generative,syn_t031_h0000007,syn_t031_h0000007_r001
14000US06089011801,2,29,52,2,2,2.0,2.0,,2.0,12,2,35_64,True,generative,syn_t031_h0000007,syn_t031_h0000007_r002
14000US06089011801,1,50,42,2,2,2.0,2.0,,2.0,0,2,35_64,True,generative,syn_t031_h0000008,syn_t031_h0000008_r001
14000US06089011801,2,50,43,2,2,2.0,2.0,,2.0,1,2,35_64,True,generative,syn_t031_h0000008,syn_t031_h0000008_r002
14000US06089011801,1,65,58,2,2,2.0,2.0,,2.0,0,2,35_64,True,generative,syn_t031_h0000009,syn_t031_h0000009_r001
14000US06089011801,2,68,61,2,2,2.0,2.0,,2.0,1,2,35_64,True,generative,syn_t031_h0000009,syn_t031_h0000009_r002
14000US06089011801,1,17,75,2,2,2.0,2.0,,2.0,0,2,65_plus,True,generative,syn_t031_h0000010,syn_t031_h0000010_r001
14000US06089011801,2,13,72,2,2,2.0,2.0,,2.0,1,2,65_plus,True,generative,syn_t031_h0000010,syn_t031_h0000010_r002
14000US06089011801,3,19,43,2,2,2.0,2.0,,2.0,2,2,35_64,True,generative,syn_t031_h0000010,syn_t031_h0000010_r003
14000US06089011801,4,16,9,2,2,,2.0,,2.0,7,2,0_17,False,dependent,syn_t031_h0000010,syn_t031_h0000010_r004
14000US06089011801,1,26,25,2,2,2.0,2.0,,2.0,0,2,18_34,True,generative,syn_t031_h0000011,syn_t031_h0000011_r001
14000US06089011801,2,22,35,2,2,2.0,2.0,,2.0,12,2,35_64,True,generative,syn_t031_h0000011,syn_t031_h0000011_r002
14000US06089011801,3,27,23,2,2,2.0,2.0,,2.0,12,2,18_34,True,generative,syn_t031_h0000011,syn_t031_h0000011_r003
14000US06089011801,1,12,32,2,2,2.0,2.0,,2.0,0,2,18_34,True,generative,syn_t031_h0000012,syn_t031_h0000012_r001
14000US06089011801,2,15,30,2,2,2.0,2.0,,2.0,12,2,18_34,True,generative,syn_t031_h0000012,syn_t031_h0000012_r002
14000US06089011801,3,15,30,2,2,2.0,2.0,,2.0,12,2,18_34,True,generative,syn_t031_h0000012,syn_t031_h0000012_r003
14000US06089011801,4,25,29,2,2,2.0,2.0,,2.0,12,2,18_34,True,generative,syn_t031_h0000012,syn_t031_h0000012_r004
14000US06089011801,5,17,20,2,2,2.0,2.0,,2.0,12,2,18_34,True,generative,syn_t031_h0000012,syn_t031_h0000012_r005
14000US06089011801,1,53,44,2,2,2.0,2.0,,2.0,0,2,35_64,True,generative,syn_t031_h0000013,syn_t031_h0000013_r001
14000US06089011801,2,25,48,2,2,2.0,2.0,,2.0,1,2,35_64,True,generative,syn_t031_h0000013,syn_t031_h0000013_r002
14000US06089011801,3,17,16,2,2,2.0,2.0,,2.0,2,2,0_17,False,dependent,syn_t031_h0000013,syn_t031_h0000013_r003
14000US06089011802,1,6,39,2,2,2.0,2.0,,2.0,0,2,35_64,True,generative,syn_t032_h0000001,syn_t032_h0000001_r001
14000US06089011802,2,6,42,2,2,2.0,2.0,,2.0,1,2,35_64,True,generative,syn_t032_h0000001,syn_t032_h0000001_r002
14000US06089011802,3,7,18,2,2,2.0,2.0,,2.0,2,2,18_34,True,generative,syn_t032_h0000001,syn_t032_h0000001_r003
14000US06089011802,1,24,59,2,2,2.0,2.0,2.0,2.0,0,2,35_64,True,generative,syn_t032_h0000002,syn_t032_h0000002_r001
14000US06089011802,2,26,59,2,2,2.0,2.0,,2.0,1,2,35_64,True,generative,syn_t032_h0000002,syn_t032_h0000002_r002
14000US06089011802,3,29,15,2,2,2.0,2.0,,2.0,2,2,0_17,False,dependent,syn_t032_h0000002,syn_t032_h0000002_r003
14000US06089011802,1,13,94,2,2,1.0,1.0,,1.0,0,1,65_plus,True,generative,syn_t032_h0000003,syn_t032_h0000003_r001
14000US06089011802,2,20,68,2,2,2.0,2.0,,2.0,2,2,65_plus,True,generative,syn_t032_h0000003,syn_t032_h0000003_r002
14000US06089011802,3,21,63,2,2,1.0,1.0,,1.0,2,1,35_64,True,generative,syn_t032_h0000003,syn_t032_h0000003_r003
14000US06089011802,4,25,94,1,2,2.0,2.0,,2.0,15,1,65_plus,True,generative,syn_t032_h0000003,syn_t032_h0000003_r004
14000US06089011802,5,21,94,2,2,1.0,1.0,,1.0,15,1,65_plus,True,generative,syn_t032_h0000003,syn_t032_h0000003_r005
14000US06089011802,6,21,90,2,2,1.0,1.0,,1.0,15,1,65_plus,True,generative,syn_t032_h0000003,syn_t032_h0000003_r006
14000US06089011802,7,20,63,2,2,1.0,1.0,5.0,1.0,15,1,35_64,True,generative,syn_t032_h0000003,syn_t032_h0000003_r007
14000US06089011802,1,16,77,2,2,2.0,2.0,,2.0,0,2,65_plus,True,generative,syn_t032_h0000004,syn_t032_h0000004_r001
14000US06089011802,2,16,73,2,2,2.0,2.0,,2.0,1,2,65_plus,True,generative,syn_t032_h0000004,syn_t032_h0000004_r002
14000US06089011802,1,22,30,2,2,2.0,2.0,,2.0,0,2,18_34,True,generative,syn_t032_h0000005,syn_t032_h0000005_r001
14000US06089011802,2,22,31,2,2,2.0,2.0,,2.0,1,2,18_34,True,generative,syn_t032_h0000005,syn_t032_h0000005_r002
14000US06089011802,3,26,1,2,2,,,,,2,2,0_17,False,dependent,syn_t032_h0000005,syn_t032_h0000005_r003
14000US06089011802,1,9,40,2,2,2.0,2.0,,2.0,0,2,35_64,True,generative,syn_t032_h0000006,syn_t032_h0000006_r001
14000US06089011802,2,8,40,2,2,2.0,2.0,,2.0,1,2,35_64,True,generative,syn_t032_h0000006,syn_t032_h0000006_r002
14000US06089011802,3,9,22,2,2,2.0,2.0,,2.0,2,2,18_34,True,generative,syn_t032_h0000006,syn_t032_h0000006_r003
14000US06089011802,4,9,20,2,2,2.0,2.0,,2.0,2,2,18_34,True,generative,syn_t032_h0000006,syn_t032_h0000006_r004
14000US06089011802,5,15,23,2,2,2.0,2.0,,2.0,9,2,18_34,True,generative,syn_t032_h0000006,syn_t032_h0000006_r005
14000US06089011802,1,14,73,2,2,2.0,2.0,,2.0,0,2,65_plus,True,generative,syn_t032_h0000007,syn_t032_h0000007_r001
14000US06089011802,2,12,73,1,2,2.0,2.0,,2.0,1,1,65_plus,True,generative,syn_t032_h0000007,syn_t032_h0000007_r002
14000US06089011802,1,14,66,2,2,1.0,2.0,,1.0,0,1,65_plus,True,generative,syn_t032_h0000008,syn_t032_h0000008_r001
14000US06089011802,1,23,55,2,2,2.0,2.0,,2.0,0,2,35_64,True,generative,syn_t032_h0000009,syn_t032_h0000009_r001
14000US06089011802,1,12,64,2,2,2.0,2.0,,2.0,0,2,35_64,True,generative,syn_t032_h0000010,syn_t032_h0000010_r001
14000US06089011802,2,11,63,2,2,2.0,2.0,,2.0,1,2,35_64,True,generative,syn_t032_h0000010,syn_t032_h0000010_r002
14000US06089011802,1,37,87,2,2,1.0,1.0,,2.0,0,1,65_plus,True,generative,syn_t032_h0000011,syn_t032_h0000011_r001
14000US06089011802,2,32,94,2,2,2.0,1.0,,2.0,1,1,65_plus,True,generative,syn_t032_h0000011,syn_t032_h0000011_r002
14000US06089011802,1,8,42,2,2,2.0,2.0,,2.0,0,2,35_64,True,generative,syn_t032_h0000012,syn_t032_h0000012_r001
14000US06089011802,2,9,43,2,2,2.0,2.0,,2.0,1,2,35_64,True,generative,syn_t032_h0000012,syn_t032_h0000012_r002
14000US06089011802,3,11,15,2,2,2.0,2.0,,2.0,2,2,0_17,False,dependent,syn_t032_h0000012,syn_t032_h0000012_r003
14000US06089011802,4,7,13,2,2,,2.0,,2.0,2,2,0_17,False,dependent,syn_t032_h0000012,syn_t032_h0000012_r004
14000US06089011802,1,13,33,2,2,2.0,2.0,,2.0,0,2,18_34,True,generative,syn_t032_h0000013,syn_t032_h0000013_r001
14000US06089011802,2,13,34,2,2,2.0,2.0,,2.0,1,2,18_34,True,generative,syn_t032_h0000013,syn_t032_h0000013_r002
14000US06089011802,3,12,6,2,2,,2.0,,2.0,2,2,0_17,False,dependent,syn_t032_h0000013,syn_t032_h0000013_r003
14000US06089011802,1,43,53,2,2,2.0,2.0,,2.0,0,2,35_64,True,generative,syn_t032_h0000014,syn_t032_h0000014_r001
14000US06089011802,2,52,51,2,2,2.0,2.0,,2.0,1,2,35_64,True,generative,syn_t032_h0000014,syn_t032_h0000014_r002
14000US06089011803,1,12,40,2,2,2.0,2.0,,2.0,0,2,35_64,True,generative,syn_t033_h0000001,syn_t033_h0000001_r001
14000US06089011803,2,9,50,2,2,2.0,2.0,,2.0,1,2,35_64,True,generative,syn_t033_h0000001,syn_t033_h0000001_r002
14000US06089011803,3,7,19,2,2,2.0,2.0,,2.0,2,2,18_34,True,generative,syn_t033_h0000001,syn_t033_h0000001_r003
14000US06089011803,4,8,17,2,2,2.0,2.0,,2.0,2,2,0_17,False,dependent,syn_t033_h0000001,syn_t033_h0000001_r004
14000US06089011803,1,13,85,1,2,2.0,1.0,,2.0,0,1,65_plus,True,generative,syn_t033_h0000002,syn_t033_h0000002_r001
14000US06089011803,2,12,83,1,1,2.0,1.0,,2.0,1,1,65_plus,True,generative,syn_t033_h0000002,syn_t033_h0000002_r002
14000US06089011803,1,3,59,2,2,2.0,2.0,,2.0,0,2,35_64,True,generative,syn_t033_h0000003,syn_t033_h0000003_r001
14000US06089011803,2,3,54,2,2,2.0,1.0,,2.0,1,1,35_64,True,generative,syn_t033_h0000003,syn_t033_h0000003_r002
14000US06089011803,1,34,56,2,2,2.0,2.0,,2.0,0,2,35_64,True,generative,syn_t033_h0000004,syn_t033_h0000004_r001
14000US06089011803,2,21,56,2,2,2.0,2.0,,2.0,1,2,35_64,True,generative,syn_t033_h0000004,syn_t033_h0000004_r002
14000US06089011803,3,39,79,2,2,2.0,1.0,,2.0,6,1,65_plus,True,generative,syn_t033_h0000004,syn_t033_h0000004_r003
14000US06089011803,1,12,58,2,2,1.0,2.0,,1.0,0,1,35_64,True,generative,syn_t033_h0000005,syn_t033_h0000005_r001
14000US06089011803,1,21,55,2,2,2.0,2.0,,2.0,0,2,35_64,True,generative,syn_t033_h0000006,syn_t033_h0000006_r001
14000US06089011803,2,25,53,2,2,2.0,2.0,,2.0,1,2,35_64,True,generative,syn_t033_h0000006,syn_t033_h0000006_r002
14000US06089011803,3,56,27,2,2,2.0,2.0,,2.0,2,2,18_34,True,generative,syn_t033_h0000006,syn_t033_h0000006_r003
14000US06089011803,1,8,62,2,2,2.0,2.0,,2.0,0,2,35_64,True,generative,syn_t033_h0000007,syn_t033_h0000007_r001
14000US06089011803,2,6,62,2,2,2.0,2.0,,2.0,1,2,35_64,True,generative,syn_t033_h0000007,syn_t033_h0000007_r002
14000US06089011803,1,46,30,2,2,2.0,2.0,,1.0,0,1,18_34,True,generative,syn_t033_h0000008,syn_t033_h0000008_r001
14000US06089011803,2,42,6,2,2,,2.0,,2.0,2,2,0_17,False,dependent,syn_t033_h0000008,syn_t033_h0000008_r002
14000US06089011803,1,27,70,1,2,2.0,2.0,,2.0,0,1,65_plus,True,generative,syn_t033_h0000009,syn_t033_h0000009_r001
14000US06089011803,2,23,50,2,2,1.0,2.0,,1.0,13,1,35_64,True,generative,syn_t033_h0000009,syn_t033_h0000009_r002
14000US06089011803,1,5,68,1,2,2.0,2.0,,2.0,0,1,65_plus,True,generative,syn_t033_h0000010,syn_t033_h0000010_r001
14000US06089011803,2,5,68,2,2,2.0,1.0,,2.0,1,1,65_plus,True,generative,syn_t033_h0000010,syn_t033_h0000010_r002
14000US06089011803,1,16,58,2,2,2.0,2.0,,2.0,0,2,35_64,True,generative,syn_t033_h0000011,syn_t033_h0000011_r001
14000US06089011803,2,15,51,2,2,2.0,2.0,,2.0,13,2,35_64,True,generative,syn_t033_h0000011,syn_t033_h0000011_r002
14000US06089011803,1,13,70,2,2,2.0,1.0,,2.0,0,1,65_plus,True,generative,syn_t033_h0000012,syn_t033_h0000012_r001
14000US06089011803,2,11,73,1,2,2.0,2.0,,2.0,1,1,65_plus,True,generative,syn_t033_h0000012,syn_t033_h0000012_r002
14000US06089011803,1,26,67,2,2,2.0,2.0,,2.0,0,2,65_plus,True,generative,syn_t033_h0000013,syn_t033_h0000013_r001
14000US06089011803,2,26,67,2,2,2.0,2.0,,2.0,1,2,65_plus,True,generative,syn_t033_h0000013,syn_t033_h0000013_r002
14000US06089011803,1,14,59,1,2,2.0,2.0,3.0,2.0,0,1,35_64,True,generative,syn_t033_h0000014,syn_t033_h0000014_r001
14000US06089011803,1,18,62,2,2,2.0,2.0,,2.0,0,2,35_64,True,generative,syn_t033_h0000015,syn_t033_h0000015_r001
14000US06089011900,1,13,49,2,2,2.0,2.0,,2.0,0,2,35_64,True,generative,syn_t034_h0000001,syn_t034_h0000001_r001
14000US06089011900,2,8,51,1,2,1.0,2.0,,1.0,1,1,35_64,True,generative,syn_t034_h0000001,syn_t034_h0000001_r002
14000US06089011900,3,16,18,2,2,2.0,2.0,,2.0,2,2,18_34,True,generative,syn_t034_h0000001,syn_t034_h0000001_r003
14000US06089011900,1,12,70,2,2,2.0,2.0,,2.0,0,2,65_plus,True,generative,syn_t034_h0000002,syn_t034_h0000002_r001
14000US06089011900,1,8,74,1,2,2.0,2.0,,2.0,0,1,65_plus,True,generative,syn_t034_h0000003,syn_t034_h0000003_r001
14000US06089011900,2,9,72,2,2,2.0,2.0,,2.0,1,2,65_plus,True,generative,syn_t034_h0000003,syn_t034_h0000003_r002
14000US06089011900,1,7,67,2,2,2.0,2.0,,2.0,0,2,65_plus,True,generative,syn_t034_h0000004,syn_t034_h0000004_r001
14000US06089011900,2,5,66,2,2,2.0,2.0,,2.0,1,2,65_plus,True,generative,syn_t034_h0000004,syn_t034_h0000004_r002
14000US06089011900,1,31,70,2,2,2.0,2.0,,2.0,0,2,65_plus,True,generative,syn_t034_h0000005,syn_t034_h0000005_r001
14000US06089011900,2,34,67,2,2,2.0,2.0,,2.0,1,2,65_plus,True,generative,syn_t034_h0000005,syn_t034_h0000005_r002
14000US06089011900,3,37,36,2,2,2.0,2.0,,2.0,2,2,35_64,True,generative,syn_t034_h0000005,syn_t034_h0000005_r003
14000US06089011900,4,34,9,2,2,,2.0,,2.0,7,2,0_17,False,dependent,syn_t034_h0000005,syn_t034_h0000005_r004
14000US06089011900,1,43,44,2,2,2.0,2.0,,2.0,0,2,35_64,True,generative,syn_t034_h0000006,syn_t034_h0000006_r001
14000US06089011900,2,82,7,2,2,,2.0,,2.0,2,2,0_17,False,dependent,syn_t034_h0000006,syn_t034_h0000006_r002
14000US06089011900,3,83,6,2,2,,2.0,,2.0,2,2,0_17,False,dependent,syn_t034_h0000006,syn_t034_h0000006_r003
14000US06089011900,4,105,3,2,2,,,,,2,2,0_17,False,dependent,syn_t034_h0000006,syn_t034_h0000006_r004
14000US06089011900,5,43,25,2,2,2.0,2.0,,2.0,13,2,18_34,True,generative,syn_t034_h0000006,syn_t034_h0000006_r005
14000US06089011900,1,18,72,2,2,2.0,2.0,,2.0,0,2,65_plus,True,generative,syn_t034_h0000007,syn_t034_h0000007_r001
14000US06089011900,2,25,38,2,2,2.0,2.0,,2.0,12,2,35_64,True,generative,syn_t034_h0000007,syn_t034_h0000007_r002
14000US06089011900,1,11,45,2,2,2.0,2.0,,2.0,0,2,35_64,True,generative,syn_t034_h0000008,syn_t034_h0000008_r001
14000US06089011900,2,11,51,2,1,2.0,2.0,,2.0,1,1,35_64,True,generative,syn_t034_h0000008,syn_t034_h0000008_r002
14000US06089011900,3,23,24,2,2,2.0,2.0,,2.0,2,2,18_34,True,generative,syn_t034_h0000008,syn_t034_h0000008_r003
14000US06089011900,1,8,75,2,2,2.0,2.0,,2.0,0,2,65_plus,True,generative,syn_t034_h0000009,syn_t034_h0000009_r001
14000US06089011900,2,10,75,2,2,1.0,2.0,,1.0,1,1,65_plus,True,generative,syn_t034_h0000009,syn_t034_h0000009_r002
14000US06089011900,1,8,35,2,2,2.0,2.0,,2.0,0,2,35_64,True,generative,syn_t034_h0000010,syn_t034_h0000010_r001
14000US06089011900,2,11,17,2,2,2.0,2.0,,2.0,2,2,0_17,False,dependent,syn_t034_h0000010,syn_t034_h0000010_r002
14000US06089011900,3,11,12,2,2,,2.0,,2.0,2,2,0_17,False,dependent,syn_t034_h0000010,syn_t034_h0000010_r003
14000US06089011900,4,12,6,2,2,,2.0,,2.0,2,2,0_17,False,dependent,syn_t034_h0000010,syn_t034_h0000010_r004
14000US06089011900,1,13,66,2,2,2.0,2.0,,1.0,0,1,65_plus,True,generative,syn_t034_h0000011,syn_t034_h0000011_r001
14000US06089011900,2,12,53,2,2,2.0,2.0,,2.0,1,2,35_64,True,generative,syn_t034_h0000011,syn_t034_h0000011_r002
14000US06089011900,1,22,56,2,2,1.0,2.0,,1.0,0,1,35_64,True,generative,syn_t034_h0000012,syn_t034_h0000012_r001
14000US06089011900,2,19,52,2,2,2.0,2.0,,2.0,13,2,35_64,True,generative,syn_t034_h0000012,syn_t034_h0000012_r002
14000US06089011900,1,15,70,2,2,2.0,2.0,,2.0,0,2,65_plus,True,generative,syn_t034_h0000013,syn_t034_h0000013_r001
14000US06089011900,2,15,69,2,2,2.0,2.0,,2.0,1,2,65_plus,True,generative,syn_t034_h0000013,syn_t034_h0000013_r002
14000US06089011900,1,23,65,2,2,2.0,2.0,,2.0,0,2,65_plus,True,generative,syn_t034_h0000014,syn_t034_h0000014_r001
14000US06089011900,1,109,33,2,2,2.0,2.0,,2.0,0,2,18_34,True,generative,syn_t034_h0000015,syn_t034_h0000015_r001
14000US06089011900,2,39,35,2,2,2.0,2.0,,2.0,1,2,35_64,True,generative,syn_t034_h0000015,syn_t034_h0000015_r002
14000US06089011900,3,20,8,2,2,,2.0,,2.0,2,2,0_17,False,dependent,syn_t034_h0000015,syn_t034_h0000015_r003
14000US06089011900,4,25,4,2,2,,,,,2,2,0_17,False,dependent,syn_t034_h0000015,syn_t034_h0000015_r004
14000US06089011900,5,26,2,2,2,,,,,2,2,0_17,False,dependent,syn_t034_h0000015,syn_t034_h0000015_r005
14000US06089011900,1,26,26,2,2,2.0,2.0,,2.0,0,2,18_34,True,generative,syn_t034_h0000016,syn_t034_h0000016_r001
14000US06089011900,2,19,28,2,2,2.0,2.0,,2.0,1,2,18_34,True,generative,syn_t034_h0000016,syn_t034_h0000016_r002
14000US06089011900,3,28,5,2,2,,2.0,,2.0,2,2,0_17,False,dependent,syn_t034_h0000016,syn_t034_h0000016_r003
14000US06089011900,4,30,0,2,2,,,,,2,2,0_17,False,dependent,syn_t034_h0000016,syn_t034_h0000016_r004
14000US06089011900,5,32,26,2,2,2.0,2.0,,2.0,10,2,18_34,True,generative,syn_t034_h0000016,syn_t034_h0000016_r005
14000US06089011900,1,12,67,2,2,2.0,2.0,,2.0,0,2,65_plus,True,generative,syn_t034_h0000017,syn_t034_h0000017_r001
14000US06089011900,2,12,58,2,2,2.0,2.0,,2.0,1,2,35_64,True,generative,syn_t034_h0000017,syn_t034_h0000017_r002
14000US06089011900,1,13,66,2,2,2.0,2.0,,2.0,0,2,65_plus,True,generative,syn_t034_h0000018,syn_t034_h0000018_r001
14000US06089011900,2,15,67,2,2,2.0,2.0,,2.0,1,2,65_plus,True,generative,syn_t034_h0000018,syn_t034_h0000018_r002
14000US06089011900,1,11,58,2,2,2.0,2.0,,2.0,0,2,35_64,True,generative,syn_t034_h0000019,syn_t034_h0000019_r001
14000US06089011900,2,13,32,2,2,2.0,2.0,,2.0,1,2,18_34,True,generative,syn_t034_h0000019,syn_t034_h0000019_r002
14000US06089011900,3,15,7,2,2,,2.0,,2.0,2,2,0_17,False,dependent,syn_t034_h0000019,syn_t034_h0000019_r003
14000US06089011900,4,14,15,2,2,2.0,2.0,,2.0,4,2,0_17,False,dependent,syn_t034_h0000019,syn_t034_h0000019_r004
14000US06089011900,1,34,75,2,2,2.0,2.0,,2.0,0,2,65_plus,True,generative,syn_t034_h0000020,syn_t034_h0000020_r001
14000US06089011900,2,28,78,2,2,2.0,2.0,,2.0,1,2,65_plus,True,generative,syn_t034_h0000020,syn_t034_h0000020_r002
14000US06089011900,1,20,69,2,2,2.0,2.0,5.0,2.0,0,2,65_plus,True,generative,syn_t034_h0000021,syn_t034_h0000021_r001
14000US06089011900,2,24,69,2,2,2.0,2.0,,2.0,1,2,65_plus,True,generative,syn_t034_h0000021,syn_t034_h0000021_r002
14000US06089011900,1,11,70,1,2,2.0,2.0,3.0,2.0,0,1,65_plus,True,generative,syn_t034_h0000022,syn_t034_h0000022_r001
14000US06089011900,2,12,69,2,2,2.0,2.0,,2.0,1,2,65_plus,True,generative,syn_t034_h0000022,syn_t034_h0000022_r002
14000US06089011900,1,16,38,2,2,2.0,2.0,,2.0,0,2,35_64,True,generative,syn_t034_h0000023,syn_t034_h0000023_r001
14000US06089011900,2,16,34,2,2,2.0,2.0,,2.0,1,2,18_34,True,generative,syn_t034_h0000023,syn_t034_h0000023_r002
14000US06089011900,1,41,58,2,2,2.0,2.0,,2.0,0,2,35_64,True,generative,syn_t034_h0000024,syn_t034_h0000024_r001
14000US06089011900,2,44,57,2,2,2.0,2.0,,2.0,1,2,35_64,True,generative,syn_t034_h0000024,syn_t034_h0000024_r002
14000US06089012000,1,18,35,2,2,2.0,2.0,,2.0,0,2,35_64,True,generative,syn_t035_h0000001,syn_t035_h0000001_r001
14000US06089012000,2,14,31,2,2,2.0,2.0,,2.0,1,2,18_34,True,generative,syn_t035_h0000001,syn_t035_h0000001_r002
14000US06089012000,3,7,15,2,2,2.0,2.0,,2.0,2,2,0_17,False,dependent,syn_t035_h0000001,syn_t035_h0000001_r003
14000US06089012000,4,8,7,2,2,,2.0,,2.0,2,2,0_17,False,dependent,syn_t035_h0000001,syn_t035_h0000001_r004
14000US06089012000,5,12,5,2,2,,2.0,,2.0,2,2,0_17,False,dependent,syn_t035_h0000001,syn_t035_h0000001_r005
14000US06089012000,1,17,52,2,2,2.0,2.0,2.0,2.0,0,2,35_64,True,generative,syn_t035_h0000002,syn_t035_h0000002_r001
14000US06089012000,1,40,31,2,2,2.0,2.0,,2.0,0,2,18_34,True,generative,syn_t035_h0000003,syn_t035_h0000003_r001
14000US06089012000,2,31,35,2,2,2.0,2.0,,2.0,1,2,35_64,True,generative,syn_t035_h0000003,syn_t035_h0000003_r002
14000US06089012000,3,35,4,2,2,,,,,2,2,0_17,False,dependent,syn_t035_h0000003,syn_t035_h0000003_r003
14000US06089012000,4,35,3,2,2,,,,,2,2,0_17,False,dependent,syn_t035_h0000003,syn_t035_h0000003_r004
14000US06089012000,1,43,27,2,2,2.0,2.0,,2.0,0,2,18_34,True,generative,syn_t035_h0000004,syn_t035_h0000004_r001
14000US06089012000,2,18,24,2,2,2.0,2.0,,2.0,13,2,18_34,True,generative,syn_t035_h0000004,syn_t035_h0000004_r002
14000US06089012000,1,18,44,2,2,1.0,1.0,,2.0,0,1,35_64,True,generative,syn_t035_h0000005,syn_t035_h0000005_r001
14000US06089012000,2,19,16,2,2,2.0,2.0,,2.0,2,2,0_17,False,dependent,syn_t035_h0000005,syn_t035_h0000005_r002
14000US06089012000,3,25,13,2,2,,2.0,,2.0,2,2,0_17,False,dependent,syn_t035_h0000005,syn_t035_h0000005_r003
14000US06089012000,1,16,48,2,2,2.0,2.0,,2.0,0,2,35_64,True,generative,syn_t035_h0000006,syn_t035_h0000006_r001
14000US06089012000,1,102,27,2,2,2.0,2.0,,2.0,0,2,18_34,True,generative,syn_t035_h0000007,syn_t035_h0000007_r001
14000US06089012000,1,41,53,2,2,2.0,2.0,,2.0,0,2,35_64,True,generative,syn_t035_h0000008,syn_t035_h0000008_r001
14000US06089012000,2,35,52,2,2,2.0,2.0,,2.0,1,2,35_64,True,generative,syn_t035_h0000008,syn_t035_h0000008_r002
14000US06089012000,1,36,30,2,2,2.0,2.0,,2.0,0,2,18_34,True,generative,syn_t035_h0000009,syn_t035_h0000009_r001
14000US06089012000,2,33,32,2,2,2.0,2.0,,2.0,1,2,18_34,True,generative,syn_t035_h0000009,syn_t035_h0000009_r002
14000US06089012000,1,36,22,2,2,2.0,2.0,,2.0,0,2,18_34,True,generative,syn_t035_h0000010,syn_t035_h0000010_r001
14000US06089012000,2,37,19,2,2,2.0,2.0,,2.0,5,2,18_34,True,generative,syn_t035_h0000010,syn_t035_h0000010_r002
14000US06089012000,3,15,50,2,2,2.0,2.0,,2.0,6,2,35_64,True,generative,syn_t035_h0000010,syn_t035_h0000010_r003
14000US06089012000,1,61,25,2,2,2.0,2.0,,2.0,0,2,18_34,True,generative,syn_t035_h0000011,syn_t035_h0000011_r001
14000US06089012000,2,63,6,2,2,,2.0,,2.0,2,2,0_17,False,dependent,syn_t035_h0000011,syn_t035_h0000011_r002
14000US06089012000,3,58,1,2,2,,,,,2,2,0_17,False,dependent,syn_t035_h0000011,syn_t035_h0000011_r003
14000US06089012000,4,54,24,2,2,2.0,2.0,,2.0,13,2,18_34,True,generative,syn_t035_h0000011,syn_t035_h0000011_r004
14000US06089012000,1,33,25,2,2,2.0,1.0,,2.0,0,1,18_34,True,generative,syn_t035_h0000012,syn_t035_h0000012_r001
14000US06089012000,2,68,3,2,2,,,,,2,2,0_17,False,dependent,syn_t035_h0000012,syn_t035_h0000012_r002
14000US06089012000,3,44,22,2,2,2.0,2.0,,2.0,13,2,18_34,True,generative,syn_t035_h0000012,syn_t035_h0000012_r003
14000US06089012000,1,18,64,2,2,2.0,2.0,,2.0,0,2,35_64,True,generative,syn_t035_h0000013,syn_t035_h0000013_r001
14000US06089012000,2,26,66,2,2,2.0,2.0,,2.0,1,2,65_plus,True,generative,syn_t035_h0000013,syn_t035_h0000013_r002
14000US06089012000,1,33,52,2,2,2.0,1.0,,2.0,0,1,35_64,True,generative,syn_t035_h0000014,syn_t035_h0000014_r001
14000US06089012000,1,13,58,2,2,2.0,2.0,,2.0,0,2,35_64,True,generative,syn_t035_h0000015,syn_t035_h0000015_r001
14000US06089012000,1,36,66,2,2,2.0,2.0,,2.0,0,2,65_plus,True,generative,syn_t035_h0000016,syn_t035_h0000016_r001
14000US06089012000,2,36,61,1,2,2.0,1.0,,2.0,1,1,35_64,True,generative,syn_t035_h0000016,syn_t035_h0000016_r002
14000US06089012000,3,42,2,2,2,,,,,7,2,0_17,False,dependent,syn_t035_h0000016,syn_t035_h0000016_r003
14000US06089012000,1,6,34,2,2,2.0,2.0,,2.0,0,2,18_34,True,generative,syn_t035_h0000017,syn_t035_h0000017_r001
14000US06089012000,1,17,32,2,2,2.0,2.0,,2.0,0,2,18_34,True,generative,syn_t035_h0000018,syn_t035_h0000018_r001
14000US06089012000,2,30,29,2,2,2.0,2.0,,2.0,5,2,18_34,True,generative,syn_t035_h0000018,syn_t035_h0000018_r002
14000US06089012000,1,45,38,2,2,2.0,2.0,,2.0,0,2,35_64,True,generative,syn_t035_h0000019,syn_t035_h0000019_r001
14000US06089012000,2,43,2,2,2,,,,,2,2,0_17,False,dependent,syn_t035_h0000019,syn_t035_h0000019_r002
14000US06089012000,1,14,40,2,2,2.0,2.0,,2.0,0,2,35_64,True,generative,syn_t035_h0000020,syn_t035_h0000020_r001
14000US06089012000,2,13,49,2,2,2.0,2.0,,2.0,1,2,35_64,True,generative,syn_t035_h0000020,syn_t035_h0000020_r002
14000US06089012000,3,12,15,2,2,2.0,2.0,,2.0,4,2,0_17,False,dependent,syn_t035_h0000020,syn_t035_h0000020_r003
14000US06089012000,4,15,13,2,2,,2.0,,2.0,4,2,0_17,False,dependent,syn_t035_h0000020,syn_t035_h0000020_r004
14000US06089012000,1,26,31,2,2,2.0,2.0,,2.0,0,2,18_34,True,generative,syn_t035_h0000021,syn_t035_h0000021_r001
14000US06089012000,2,29,6,2,2,,2.0,,2.0,2,2,0_17,False,dependent,syn_t035_h0000021,syn_t035_h0000021_r002
14000US06089012000,1,18,54,2,2,2.0,2.0,,2.0,0,2,35_64,True,generative,syn_t035_h0000022,syn_t035_h0000022_r001
14000US06089012000,2,18,56,2,2,1.0,1.0,,1.0,1,1,35_64,True,generative,syn_t035_h0000022,syn_t035_h0000022_r002
14000US06089012000,1,12,66,2,2,1.0,1.0,5.0,2.0,0,1,65_plus,True,generative,syn_t035_h0000023,syn_t035_h0000023_r001
14000US06089012000,1,19,74,2,2,2.0,2.0,,2.0,0,2,65_plus,True,generative,syn_t035_h0000024,syn_t035_h0000024_r001
14000US06089012000,1,24,24,2,2,2.0,2.0,,2.0,0,2,18_34,True,generative,syn_t035_h0000025,syn_t035_h0000025_r001
14000US06089012000,2,34,1,2,2,,,,,2,2,0_17,False,dependent,syn_t035_h0000025,syn_t035_h0000025_r002
14000US06089012000,3,11,27,2,2,2.0,2.0,,2.0,13,2,18_34,True,generative,syn_t035_h0000025,syn_t035_h0000025_r003
14000US06089012101,1,42,63,2,2,2.0,1.0,,2.0,0,1,35_64,True,generative,syn_t036_h0000001,syn_t036_h0000001_r001
14000US06089012101,2,24,87,1,2,1.0,1.0,,1.0,6,1,65_plus,True,generative,syn_t036_h0000001,syn_t036_h0000001_r002
14000US06089012101,1,11,50,1,2,2.0,1.0,,1.0,0,1,35_64,True,generative,syn_t036_h0000002,syn_t036_h0000002_r001
14000US06089012101,2,14,51,2,2,2.0,1.0,,2.0,1,1,35_64,True,generative,syn_t036_h0000002,syn_t036_h0000002_r002
14000US06089012101,1,23,81,2,2,2.0,2.0,,2.0,0,2,65_plus,True,generative,syn_t036_h0000003,syn_t036_h0000003_r001
14000US06089012101,2,23,69,2,2,2.0,2.0,,2.0,1,2,65_plus,True,generative,syn_t036_h0000003,syn_t036_h0000003_r002
14000US06089012101,3,26,31,2,2,2.0,2.0,,2.0,2,2,18_34,True,generative,syn_t036_h0000003,syn_t036_h0000003_r003
14000US06089012101,1,27,35,1,2,2.0,2.0,,2.0,0,1,35_64,True,generative,syn_t036_h0000004,syn_t036_h0000004_r001
14000US06089012101,2,24,34,2,2,2.0,2.0,5.0,2.0,1,2,18_34,True,generative,syn_t036_h0000004,syn_t036_h0000004_r002
14000US06089012101,1,19,25,2,2,2.0,2.0,,2.0,0,2,18_34,True,generative,syn_t036_h0000005,syn_t036_h0000005_r001
14000US06089012101,2,22,25,2,2,2.0,2.0,,2.0,1,2,18_34,True,generative,syn_t036_h0000005,syn_t036_h0000005_r002
14000US06089012101,1,23,36,2,2,1.0,1.0,,1.0,0,1,35_64,True,generative,syn_t036_h0000006,syn_t036_h0000006_r001
14000US06089012101,2,21,16,2,2,2.0,2.0,,2.0,2,2,0_17,False,dependent,syn_t036_h0000006,syn_t036_h0000006_r002
14000US06089012101,3,43,13,2,2,,2.0,,2.0,2,2,0_17,False,dependent,syn_t036_h0000006,syn_t036_h0000006_r003
14000US06089012101,4,43,12,2,2,,2.0,,2.0,2,2,0_17,False,dependent,syn_t036_h0000006,syn_t036_h0000006_r004
14000US06089012101,1,26,26,2,2,2.0,2.0,,2.0,0,2,18_34,True,generative,syn_t036_h0000007,syn_t036_h0000007_r001
14000US06089012101,2,19,28,2,2,2.0,2.0,,2.0,1,2,18_34,True,generative,syn_t036_h0000007,syn_t036_h0000007_r002
14000US06089012101,3,28,5,2,2,,2.0,,2.0,2,2,0_17,False,dependent,syn_t036_h0000007,syn_t036_h0000007_r003
14000US06089012101,4,30,0,2,2,,,,,2,2,0_17,False,dependent,syn_t036_h0000007,syn_t036_h0000007_r004
14000US06089012101,5,32,26,2,2,2.0,2.0,,2.0,10,2,18_34,True,generative,syn_t036_h0000007,syn_t036_h0000007_r005
14000US06089012101,1,7,44,2,2,2.0,2.0,,2.0,0,2,35_64,True,generative,syn_t036_h0000008,syn_t036_h0000008_r001
14000US06089012101,2,6,46,2,2,2.0,2.0,,2.0,1,2,35_64,True,generative,syn_t036_h0000008,syn_t036_h0000008_r002
14000US06089012101,1,14,35,2,2,2.0,2.0,,1.0,0,1,35_64,True,generative,syn_t036_h0000009,syn_t036_h0000009_r001
14000US06089012101,1,16,60,2,2,2.0,2.0,,2.0,0,2,35_64,True,generative,syn_t036_h0000010,syn_t036_h0000010_r001
14000US06089012101,1,8,67,2,2,2.0,2.0,,2.0,0,2,65_plus,True,generative,syn_t036_h0000011,syn_t036_h0000011_r001
14000US06089012101,2,8,56,2,2,2.0,2.0,,2.0,1,2,35_64,True,generative,syn_t036_h0000011,syn_t036_h0000011_r002
14000US06089012101,1,13,65,2,2,2.0,2.0,,2.0,0,2,65_plus,True,generative,syn_t036_h0000012,syn_t036_h0000012_r001
14000US06089012101,1,55,60,2,2,2.0,1.0,,2.0,0,1,35_64,True,generative,syn_t036_h0000013,syn_t036_h0000013_r001
14000US06089012101,1,90,25,2,2,2.0,2.0,,2.0,0,2,18_34,True,generative,syn_t036_h0000014,syn_t036_h0000014_r001
14000US06089012101,2,57,21,2,2,2.0,2.0,,2.0,13,2,18_34,True,generative,syn_t036_h0000014,syn_t036_h0000014_r002
14000US06089012101,1,35,44,2,2,2.0,2.0,,2.0,0,2,35_64,True,generative,syn_t036_h0000015,syn_t036_h0000015_r001
14000US06089012101,2,45,18,2,2,2.0,2.0,,2.0,2,2,18_34,True,generative,syn_t036_h0000015,syn_t036_h0000015_r002
14000US06089012101,1,11,64,2,2,2.0,2.0,,1.0,0,1,35_64,True,generative,syn_t036_h0000016,syn_t036_h0000016_r001
14000US06089012101,1,9,28,2,2,2.0,2.0,,2.0,0,2,18_34,True,generative,syn_t036_h0000017,syn_t036_h0000017_r001
14000US06089012101,2,10,9,2,2,,2.0,,2.0,2,2,0_17,False,dependent,syn_t036_h0000017,syn_t036_h0000017_r002
14000US06089012101,3,10,6,2,2,,2.0,,2.0,2,2,0_17,False,dependent,syn_t036_h0000017,syn_t036_h0000017_r003
14000US06089012101,4,11,1,2,2,,,,,2,2,0_17,False,dependent,syn_t036_h0000017,syn_t036_h0000017_r004
14000US06089012101,5,10,1,2,2,,,,,2,2,0_17,False,dependent,syn_t036_h0000017,syn_t036_h0000017_r005
14000US06089012101,1,23,55,2,2,2.0,2.0,,2.0,0,2,35_64,True,generative,syn_t036_h0000018,syn_t036_h0000018_r001
14000US06089012101,1,13,67,2,2,2.0,2.0,,2.0,0,2,65_plus,True,generative,syn_t036_h0000019,syn_t036_h0000019_r001
14000US06089012101,2,14,58,2,2,2.0,2.0,,2.0,1,2,35_64,True,generative,syn_t036_h0000019,syn_t036_h0000019_r002
14000US06089012101,1,75,66,2,2,2.0,2.0,,2.0,0,2,65_plus,True,generative,syn_t036_h0000020,syn_t036_h0000020_r001
14000US06089012101,2,65,70,2,2,2.0,2.0,,2.0,1,2,65_plus,True,generative,syn_t036_h0000020,syn_t036_h0000020_r002
14000US06089012101,1,10,64,2,2,2.0,2.0,,2.0,0,2,35_64,True,generative,syn_t036_h0000021,syn_t036_h0000021_r001
14000US06089012101,2,9,54,2,2,2.0,2.0,,2.0,1,2,35_64,True,generative,syn_t036_h0000021,syn_t036_h0000021_r002
14000US06089012101,1,21,48,2,2,2.0,2.0,,2.0,0,2,35_64,True,generative,syn_t036_h0000022,syn_t036_h0000022_r001
14000US06089012101,1,26,40,2,2,2.0,2.0,,2.0,0,2,35_64,True,generative,syn_t036_h0000023,syn_t036_h0000023_r001
14000US06089012101,2,20,40,2,2,2.0,2.0,,2.0,1,2,35_64,True,generative,syn_t036_h0000023,syn_t036_h0000023_r002
14000US06089012101,3,22,18,2,2,2.0,2.0,,2.0,2,2,18_34,True,generative,syn_t036_h0000023,syn_t036_h0000023_r003
14000US06089012101,4,29,11,2,2,,2.0,,2.0,2,2,0_17,False,dependent,syn_t036_h0000023,syn_t036_h0000023_r004
14000US06089012101,1,38,50,2,2,2.0,2.0,,2.0,0,2,35_64,True,generative,syn_t036_h0000024,syn_t036_h0000024_r001
14000US06089012101,1,14,67,2,2,2.0,2.0,,2.0,0,2,65_plus,True,generative,syn_t036_h0000025,syn_t036_h0000025_r001
14000US06089012101,2,14,68,2,2,2.0,2.0,,2.0,1,2,65_plus,True,generative,syn_t036_h0000025,syn_t036_h0000025_r002
14000US06089012102,1,13,82,1,1,1.0,2.0,,2.0,0,1,65_plus,True,generative,syn_t037_h0000001,syn_t037_h0000001_r001
14000US06089012102,1,13,43,2,2,2.0,2.0,,2.0,0,2,35_64,True,generative,syn_t037_h0000002,syn_t037_h0000002_r001
14000US06089012102,2,13,38,2,2,2.0,2.0,,2.0,1,2,35_64,True,generative,syn_t037_h0000002,syn_t037_h0000002_r002
14000US06089012102,3,15,13,2,2,,2.0,,2.0,2,2,0_17,False,dependent,syn_t037_h0000002,syn_t037_h0000002_r003
14000US06089012102,4,14,13,2,2,,2.0,,2.0,2,2,0_17,False,dependent,syn_t037_h0000002,syn_t037_h0000002_r004
14000US06089012102,1,11,84,1,2,2.0,1.0,3.0,1.0,0,1,65_plus,True,generative,syn_t037_h0000003,syn_t037_h0000003_r001
14000US06089012102,2,12,78,2,2,2.0,2.0,,2.0,1,2,65_plus,True,generative,syn_t037_h0000003,syn_t037_h0000003_r002
14000US06089012102,1,53,57,2,2,2.0,2.0,,2.0,0,2,35_64,True,generative,syn_t037_h0000004,syn_t037_h0000004_r001
14000US06089012102,2,52,28,2,2,2.0,2.0,,2.0,2,2,18_34,True,generative,syn_t037_h0000004,syn_t037_h0000004_r002
14000US06089012102,1,10,90,2,2,1.0,1.0,,2.0,0,1,65_plus,True,generative,syn_t037_h0000005,syn_t037_h0000005_r001
14000US06089012102,1,6,84,1,2,1.0,1.0,2.0,2.0,0,1,65_plus,True,generative,syn_t037_h0000006,syn_t037_h0000006_r001
14000US06089012102,2,7,80,2,2,2.0,2.0,,2.0,1,2,65_plus,True,generative,syn_t037_h0000006,syn_t037_h0000006_r002
14000US06089012102,1,8,65,2,2,2.0,2.0,,1.0,0,1,65_plus,True,generative,syn_t037_h0000007,syn_t037_h0000007_r001
14000US06089012102,2,27,27,2,2,2.0,2.0,,2.0,2,2,18_34,True,generative,syn_t037_h0000007,syn_t037_h0000007_r002
14000US06089012102,1,25,43,2,2,2.0,2.0,,2.0,0,2,35_64,True,generative,syn_t037_h0000008,syn_t037_h0000008_r001
14000US06089012102,1,5,60,2,2,2.0,2.0,,2.0,0,2,35_64,True,generative,syn_t037_h0000009,syn_t037_h0000009_r001
14000US06089012102,2,4,67,2,2,2.0,2.0,,2.0,1,2,65_plus,True,generative,syn_t037_h0000009,syn_t037_h0000009_r002
14000US06089012102,3,7,23,2,2,2.0,2.0,,2.0,2,2,18_34,True,generative,syn_t037_h0000009,syn_t037_h0000009_r003
14000US06089012102,4,6,22,2,2,2.0,2.0,,2.0,2,2,18_34,True,generative,syn_t037_h0000009,syn_t037_h0000009_r004
14000US06089012102,1,86,24,2,2,2.0,2.0,,2.0,0,2,18_34,True,generative,syn_t037_h0000010,syn_t037_h0000010_r001
14000US06089012102,2,77,1,2,2,,,,,2,2,0_17,False,dependent,syn_t037_h0000010,syn_t037_h0000010_r002
14000US06089012102,3,74,23,2,2,2.0,2.0,,2.0,13,2,18_34,True,generative,syn_t037_h0000010,syn_t037_h0000010_r003
14000US06089012102,1,63,50,2,2,2.0,2.0,,2.0,0,2,35_64,True,generative,syn_t037_h0000011,syn_t037_h0000011_r001
14000US06089012102,2,90,23,2,2,2.0,2.0,,2.0,2,2,18_34,True,generative,syn_t037_h0000011,syn_t037_h0000011_r002
14000US06089012102,1,21,74,2,2,2.0,2.0,,1.0,0,1,65_plus,True,generative,syn_t037_h0000012,syn_t037_h0000012_r001
14000US06089012102,1,7,60,2,2,2.0,2.0,,2.0,0,2,35_64,True,generative,syn_t037_h0000013,syn_t037_h0000013_r001
14000US06089012102,2,7,54,2,2,1.0,2.0,,1.0,1,1,35_64,True,generative,syn_t037_h0000013,syn_t037_h0000013_r002
14000US06089012102,3,10,22,2,2,2.0,2.0,,2.0,2,2,18_34,True,generative,syn_t037_h0000013,syn_t037_h0000013_r003
14000US06089012200,1,11,51,2,2,2.0,2.0,,2.0,0,2,35_64,True,generative,syn_t038_h0000001,syn_t038_h0000001_r001
14000US06089012200,2,12,50,2,2,2.0,2.0,,2.0,1,2,35_64,True,generative,syn_t038_h0000001,syn_t038_h0000001_r002
14000US06089012200,1,7,80,1,2,2.0,1.0,3.0,2.0,0,1,65_plus,True,generative,syn_t038_h0000002,syn_t038_h0000002_r001
14000US06089012200,1,12,58,2,2,1.0,2.0,,1.0,0,1,35_64,True,generative,syn_t038_h0000003,syn_t038_h0000003_r001
14000US06089012200,1,23,52,2,2,2.0,1.0,,2.0,0,1,35_64,True,generative,syn_t038_h0000004,syn_t038_h0000004_r001
14000US06089012200,2,26,31,2,2,2.0,2.0,,2.0,1,2,18_34,True,generative,syn_t038_h0000004,syn_t038_h0000004_r002
14000US06089012200,3,36,31,2,2,2.0,2.0,,2.0,2,2,18_34,True,generative,syn_t038_h0000004,syn_t038_h0000004_r003
14000US06089012200,4,26,5,2,2,,2.0,,2.0,2,2,0_17,False,dependent,syn_t038_h0000004,syn_t038_h0000004_r004
14000US06089012200,5,22,4,2,2,,,,,2,2,0_17,False,dependent,syn_t038_h0000004,syn_t038_h0000004_r005
14000US06089012200,6,22,2,2,2,,,,,7,2,0_17,False,dependent,syn_t038_h0000004,syn_t038_h0000004_r006
14000US06089012200,1,17,50,2,2,2.0,2.0,5.0,2.0,0,2,35_64,True,generative,syn_t038_h0000005,syn_t038_h0000005_r001
14000US06089012200,2,13,52,2,2,2.0,2.0,,2.0,1,2,35_64,True,generative,syn_t038_h0000005,syn_t038_h0000005_r002
14000US06089012200,1,38,33,2,2,2.0,2.0,,2.0,0,2,18_34,True,generative,syn_t038_h0000006,syn_t038_h0000006_r001
14000US06089012200,2,29,34,2,2,2.0,2.0,,2.0,1,2,18_34,True,generative,syn_t038_h0000006,syn_t038_h0000006_r002
14000US06089012200,3,57,13,2,2,,2.0,,2.0,2,2,0_17,False,dependent,syn_t038_h0000006,syn_t038_h0000006_r003
14000US06089012200,1,10,59,2,2,2.0,2.0,,2.0,0,2,35_64,True,generative,syn_t038_h0000007,syn_t038_h0000007_r001
14000US06089012200,2,10,49,2,2,2.0,2.0,,2.0,1,2,35_64,True,generative,syn_t038_h0000007,syn_t038_h0000007_r002
14000US06089012200,3,9,17,2,2,2.0,2.0,,2.0,3,2,0_17,False,dependent,syn_t038_h0000007,syn_t038_h0000007_r003
14000US06089012200,4,13,14,2,2,,2.0,,2.0,3,2,0_17,False,dependent,syn_t038_h0000007,syn_t038_h0000007_r004
14000US06089012200,1,3,65,1,2,2.0,2.0,,2.0,0,1,65_plus,True,generative,syn_t038_h0000008,syn_t038_h0000008_r001
14000US06089012200,2,5,61,2,1,2.0,2.0,,2.0,1,1,35_64,True,generative,syn_t038_h0000008,syn_t038_h0000008_r002
14000US06089012200,1,56,28,2,2,2.0,2.0,,2.0,0,2,18_34,True,generative,syn_t038_h0000009,syn_t038_h0000009_r001
14000US06089012200,2,75,30,2,2,2.0,2.0,,2.0,12,2,18_34,True,generative,syn_t038_h0000009,syn_t038_h0000009_r002
14000US06089012200,3,60,24,2,2,2.0,2.0,,2.0,12,2,18_34,True,generative,syn_t038_h0000009,syn_t038_h0000009_r003
14000US06089012200,4,58,21,2,2,2.0,2.0,,2.0,12,2,18_34,True,generative,syn_t038_h0000009,syn_t038_h0000009_r004
14000US06089012200,1,14,23,2,2,2.0,2.0,,2.0,0,2,18_34,True,generative,syn_t038_h0000010,syn_t038_h0000010_r001
14000US06089012200,2,17,3,2,2,,,,,2,2,0_17,False,dependent,syn_t038_h0000010,syn_t038_h0000010_r002
14000US06089012200,3,18,23,2,2,2.0,2.0,,2.0,13,2,18_34,True,generative,syn_t038_h0000010,syn_t038_h0000010_r003
14000US06089012200,1,14,30,2,2,2.0,2.0,,1.0,0,1,18_34,True,generative,syn_t038_h0000011,syn_t038_h0000011_r001
14000US06089012200,2,23,13,2,2,,2.0,,2.0,2,2,0_17,False,dependent,syn_t038_h0000011,syn_t038_h0000011_r002
14000US06089012200,3,23,10,2,1,,2.0,,2.0,2,1,0_17,False,dependent,syn_t038_h0000011,syn_t038_h0000011_r003
14000US06089012200,1,10,65,2,2,2.0,2.0,,2.0,0,2,65_plus,True,generative,syn_t038_h0000012,syn_t038_h0000012_r001
14000US06089012200,2,9,64,2,2,2.0,2.0,,2.0,1,2,35_64,True,generative,syn_t038_h0000012,syn_t038_h0000012_r002
14000US06089012200,1,22,60,2,1,2.0,1.0,,2.0,0,1,35_64,True,generative,syn_t038_h0000013,syn_t038_h0000013_r001
14000US06089012200,1,11,47,1,2,2.0,2.0,,2.0,0,1,35_64,True,generative,syn_t038_h0000014,syn_t038_h0000014_r001
14000US06089012200,2,12,45,2,2,2.0,2.0,,2.0,1,2,35_64,True,generative,syn_t038_h0000014,syn_t038_h0000014_r002
14000US06089012200,3,23,25,1,2,1.0,2.0,,1.0,2,1,18_34,True,generative,syn_t038_h0000014,syn_t038_h0000014_r003
14000US06089012200,4,16,22,1,2,1.0,2.0,,1.0,2,1,18_34,True,generative,syn_t038_h0000014,syn_t038_h0000014_r004
14000US06089012200,5,21,70,1,2,2.0,1.0,,2.0,6,1,65_plus,True,generative,syn_t038_h0000014,syn_t038_h0000014_r005
14000US06089012200,1,13,26,2,2,2.0,2.0,,2.0,0,2,18_34,True,generative,syn_t038_h0000015,syn_t038_h0000015_r001
14000US06089012200,2,10,31,2,2,2.0,2.0,,2.0,1,2,18_34,True,generative,syn_t038_h0000015,syn_t038_h0000015_r002
14000US06089012200,3,14,3,2,2,,,,,2,2,0_17,False,dependent,syn_t038_h0000015,syn_t038_h0000015_r003
14000US06089012200,4,13,0,2,2,,,,,2,2,0_17,False,dependent,syn_t038_h0000015,syn_t038_h0000015_r004
14000US06089012200,5,22,25,2,2,2.0,2.0,,2.0,12,2,18_34,True,generative,syn_t038_h0000015,syn_t038_h0000015_r005
14000US06089012200,1,42,35,2,2,1.0,1.0,,1.0,0,1,35_64,True,generative,syn_t038_h0000016,syn_t038_h0000016_r001
14000US06089012200,2,40,14,2,2,,2.0,,2.0,2,2,0_17,False,dependent,syn_t038_h0000016,syn_t038_h0000016_r002
14000US06089012200,3,32,16,2,2,2.0,2.0,,2.0,10,2,0_17,False,dependent,syn_t038_h0000016,syn_t038_h0000016_r003
14000US06089012200,4,39,13,2,2,,2.0,,2.0,10,2,0_17,False,dependent,syn_t038_h0000016,syn_t038_h0000016_r004
14000US06089012200,1,15,65,2,2,2.0,2.0,,2.0,0,2,65_plus,True,generative,syn_t038_h0000017,syn_t038_h0000017_r001
14000US06089012200,2,14,62,2,2,2.0,2.0,,2.0,1,2,35_64,True,generative,syn_t038_h0000017,syn_t038_h0000017_r002
14000US06089012200,1,7,65,2,2,2.0,2.0,,2.0,0,2,65_plus,True,generative,syn_t038_h0000018,syn_t038_h0000018_r001
14000US06089012200,2,8,61,2,2,2.0,1.0,,2.0,1,1,35_64,True,generative,syn_t038_h0000018,syn_t038_h0000018_r002
14000US06089012200,1,56,24,2,2,2.0,2.0,,2.0,0,2,18_34,True,generative,syn_t038_h0000019,syn_t038_h0000019_r001
14000US06089012200,1,18,63,2,2,2.0,2.0,,2.0,0,2,35_64,True,generative,syn_t038_h0000020,syn_t038_h0000020_r001
14000US06089012200,2,18,63,2,2,2.0,2.0,,2.0,1,2,35_64,True,generative,syn_t038_h0000020,syn_t038_h0000020_r002
14000US06089012200,1,8,59,2,2,2.0,2.0,,2.0,0,2,35_64,True,generative,syn_t038_h0000021,syn_t038_h0000021_r001
14000US06089012200,2,10,59,2,2,2.0,2.0,,2.0,1,2,35_64,True,generative,syn_t038_h0000021,syn_t038_h0000021_r002
14000US06089012200,1,22,55,2,2,2.0,2.0,,2.0,0,2,35_64,True,generative,syn_t038_h0000022,syn_t038_h0000022_r001
14000US06089012200,2,29,55,2,2,2.0,2.0,,2.0,1,2,35_64,True,generative,syn_t038_h0000022,syn_t038_h0000022_r002
14000US06089012200,1,8,56,2,2,2.0,2.0,,2.0,0,2,35_64,True,generative,syn_t038_h0000023,syn_t038_h0000023_r001
14000US06089012200,1,45,62,2,2,2.0,2.0,,2.0,0,2,35_64,True,generative,syn_t038_h0000024,syn_t038_h0000024_r001
14000US06089012200,2,48,64,2,2,2.0,1.0,,2.0,1,1,35_64,True,generative,syn_t038_h0000024,syn_t038_h0000024_r002
14000US06089012200,3,37,86,1,1,1.0,1.0,,1.0,6,1,65_plus,True,generative,syn_t038_h0000024,syn_t038_h0000024_r003
14000US06089012200,1,17,29,2,1,2.0,2.0,,2.0,0,1,18_34,True,generative,syn_t038_h0000025,syn_t038_h0000025_r001
14000US06089012200,2,14,33,2,2,2.0,2.0,,2.0,1,2,18_34,True,generative,syn_t038_h0000025,syn_t038_h0000025_r002
14000US06089012200,3,15,8,2,2,,2.0,,2.0,2,2,0_17,False,dependent,syn_t038_h0000025,syn_t038_h0000025_r003
14000US06089012200,4,14,5,2,2,,2.0,,2.0,2,2,0_17,False,dependent,syn_t038_h0000025,syn_t038_h0000025_r004
14000US06089012200,5,18,60,2,2,2.0,2.0,,1.0,8,1,35_64,True,generative,syn_t038_h0000025,syn_t038_h0000025_r005
14000US06089012200,1,18,70,2,2,2.0,1.0,,2.0,0,1,65_plus,True,generative,syn_t038_h0000026,syn_t038_h0000026_r001
14000US06089012200,2,51,40,2,2,2.0,2.0,,2.0,2,2,35_64,True,generative,syn_t038_h0000026,syn_t038_h0000026_r002
14000US06089012200,3,47,6,2,2,,2.0,,2.0,7,2,0_17,False,dependent,syn_t038_h0000026,syn_t038_h0000026_r003
14000US06089012200,1,29,31,2,2,2.0,2.0,,2.0,0,2,18_34,True,generative,syn_t038_h0000027,syn_t038_h0000027_r001
14000US06089012200,2,22,6,2,2,,2.0,,2.0,2,2,0_17,False,dependent,syn_t038_h0000027,syn_t038_h0000027_r002
14000US06089012200,3,23,4,2,2,,,,,2,2,0_17,False,dependent,syn_t038_h0000027,syn_t038_h0000027_r003
14000US06089012200,4,17,39,2,1,2.0,2.0,,2.0,13,1,35_64,True,generative,syn_t038_h0000027,syn_t038_h0000027_r004
14000US06089012200,1,23,46,2,2,2.0,2.0,,2.0,0,2,35_64,True,generative,syn_t038_h0000028,syn_t038_h0000028_r001
14000US06089012200,2,25,46,2,2,2.0,2.0,,2.0,1,2,35_64,True,generative,syn_t038_h0000028,syn_t038_h0000028_r002
14000US06089012200,3,27,13,2,2,,2.0,,2.0,2,2,0_17,False,dependent,syn_t038_h0000028,syn_t038_h0000028_r003
14000US06089012200,4,31,11,2,2,,2.0,,2.0,2,2,0_17,False,dependent,syn_t038_h0000028,syn_t038_h0000028_r004
14000US06089012200,1,30,66,2,2,2.0,2.0,,2.0,0,2,65_plus,True,generative,syn_t038_h0000029,syn_t038_h0000029_r001
14000US06089012200,2,39,62,2,2,2.0,2.0,,2.0,1,2,35_64,True,generative,syn_t038_h0000029,syn_t038_h0000029_r002
14000US06089012200,1,8,62,2,2,2.0,2.0,,2.0,0,2,35_64,True,generative,syn_t038_h0000030,syn_t038_h0000030_r001
14000US06089012200,2,6,62,2,2,2.0,2.0,,2.0,1,2,35_64,True,generative,syn_t038_h0000030,syn_t038_h0000030_r002
14000US06089012200,1,40,32,2,2,2.0,2.0,2.0,2.0,0,2,18_34,True,generative,syn_t038_h0000031,syn_t038_h0000031_r001
14000US06089012200,2,41,33,2,2,2.0,2.0,,2.0,1,2,18_34,True,generative,syn_t038_h0000031,syn_t038_h0000031_r002
14000US06089012200,3,48,2,2,2,,,,,2,2,0_17,False,dependent,syn_t038_h0000031,syn_t038_h0000031_r003
14000US06089012200,4,38,0,2,2,,,,,2,2,0_17,False,dependent,syn_t038_h0000031,syn_t038_h0000031_r004
14000US06089012301,1,11,84,1,2,2.0,2.0,,2.0,0,1,65_plus,True,generative,syn_t039_h0000001,syn_t039_h0000001_r001
14000US06089012301,1,19,80,2,2,2.0,2.0,,2.0,0,2,65_plus,True,generative,syn_t039_h0000002,syn_t039_h0000002_r001
14000US06089012301,1,43,27,2,2,2.0,2.0,,2.0,0,2,18_34,True,generative,syn_t039_h0000003,syn_t039_h0000003_r001
14000US06089012301,2,18,24,2,2,2.0,2.0,,2.0,13,2,18_34,True,generative,syn_t039_h0000003,syn_t039_h0000003_r002
14000US06089012301,1,12,75,2,2,2.0,2.0,,2.0,0,2,65_plus,True,generative,syn_t039_h0000004,syn_t039_h0000004_r001
14000US06089012301,2,15,75,2,2,2.0,2.0,,2.0,1,2,65_plus,True,generative,syn_t039_h0000004,syn_t039_h0000004_r002
14000US06089012301,1,5,54,2,2,2.0,2.0,,2.0,0,2,35_64,True,generative,syn_t039_h0000005,syn_t039_h0000005_r001
14000US06089012301,1,9,28,2,2,2.0,2.0,,2.0,0,2,18_34,True,generative,syn_t039_h0000006,syn_t039_h0000006_r001
14000US06089012301,2,10,9,2,2,,2.0,,2.0,2,2,0_17,False,dependent,syn_t039_h0000006,syn_t039_h0000006_r002
14000US06089012301,3,10,6,2,2,,2.0,,2.0,2,2,0_17,False,dependent,syn_t039_h0000006,syn_t039_h0000006_r003
14000US06089012301,4,11,1,2,2,,,,,2,2,0_17,False,dependent,syn_t039_h0000006,syn_t039_h0000006_r004
14000US06089012301,5,10,1,2,2,,,,,2,2,0_17,False,dependent,syn_t039_h0000006,syn_t039_h0000006_r005
14000US06089012301,1,23,22,2,2,2.0,2.0,,2.0,0,2,18_34,True,generative,syn_t039_h0000007,syn_t039_h0000007_r001
14000US06089012301,2,17,21,2,2,2.0,2.0,,2.0,1,2,18_34,True,generative,syn_t039_h0000007,syn_t039_h0000007_r002
14000US06089012301,1,17,80,1,2,1.0,1.0,,1.0,0,1,65_plus,True,generative,syn_t039_h0000008,syn_t039_h0000008_r001
14000US06089012301,1,24,50,2,2,2.0,2.0,,2.0,0,2,35_64,True,generative,syn_t039_h0000009,syn_t039_h0000009_r001
14000US06089012301,1,64,59,2,2,1.0,2.0,,1.0,0,1,35_64,True,generative,syn_t039_h0000010,syn_t039_h0000010_r001
14000US06089012301,2,58,60,2,2,2.0,2.0,,2.0,1,2,35_64,True,generative,syn_t039_h0000010,syn_t039_h0000010_r002
14000US06089012301,1,41,28,2,2,2.0,2.0,,2.0,0,2,18_34,True,generative,syn_t039_h0000011,syn_t039_h0000011_r001
14000US06089012301,2,46,59,2,2,2.0,2.0,,2.0,6,2,35_64,True,generative,syn_t039_h0000011,syn_t039_h0000011_r002
14000US06089012301,3,46,56,2,2,2.0,2.0,,2.0,6,2,35_64,True,generative,syn_t039_h0000011,syn_t039_h0000011_r003
14000US06089012301,1,11,75,2,2,2.0,2.0,,2.0,0,2,65_plus,True,generative,syn_t039_h0000012,syn_t039_h0000012_r001
14000US06089012301,2,21,24,2,2,2.0,2.0,,1.0,2,1,18_34,True,generative,syn_t039_h0000012,syn_t039_h0000012_r002
14000US06089012301,1,15,49,2,2,2.0,2.0,,2.0,0,2,35_64,True,generative,syn_t039_h0000013,syn_t039_h0000013_r001
14000US06089012301,2,6,48,2,2,2.0,2.0,,2.0,1,2,35_64,True,generative,syn_t039_h0000013,syn_t039_h0000013_r002
14000US06089012301,1,12,54,2,2,2.0,2.0,,2.0,0,2,35_64,True,generative,syn_t039_h0000014,syn_t039_h0000014_r001
14000US06089012301,2,12,79,2,2,1.0,1.0,,1.0,6,1,65_plus,True,generative,syn_t039_h0000014,syn_t039_h0000014_r002
14000US06089012301,3,15,46,2,2,1.0,2.0,,2.0,13,1,35_64,True,generative,syn_t039_h0000014,syn_t039_h0000014_r003
14000US06089012301,1,21,55,2,2,2.0,2.0,,2.0,0,2,35_64,True,generative,syn_t039_h0000015,syn_t039_h0000015_r001
14000US06089012301,2,25,53,2,2,2.0,2.0,,2.0,1,2,35_64,True,generative,syn_t039_h0000015,syn_t039_h0000015_r002
14000US06089012301,3,56,27,2,2,2.0,2.0,,2.0,2,2,18_34,True,generative,syn_t039_h0000015,syn_t039_h0000015_r003
14000US06089012301,1,10,73,1,2,2.0,2.0,,2.0,0,1,65_plus,True,generative,syn_t039_h0000016,syn_t039_h0000016_r001
14000US06089012301,2,8,73,2,2,2.0,2.0,,2.0,1,2,65_plus,True,generative,syn_t039_h0000016,syn_t039_h0000016_r002
14000US06089012302,1,7,60,2,2,2.0,2.0,,2.0,0,2,35_64,True,generative,syn_t040_h0000001,syn_t040_h0000001_r001
14000US06089012302,2,7,59,2,2,2.0,2.0,,2.0,1,2,35_64,True,generative,syn_t040_h0000001,syn_t040_h0000001_r002
14000US06089012302,1,29,72,2,2,2.0,2.0,,2.0,0,2,65_plus,True,generative,syn_t040_h0000002,syn_t040_h0000002_r001
14000US06089012302,2,27,72,2,2,2.0,2.0,,2.0,1,2,65_plus,True,generative,syn_t040_h0000002,syn_t040_h0000002_r002
14000US06089012302,1,59,56,2,1,2.0,2.0,,2.0,0,1,35_64,True,generative,syn_t040_h0000003,syn_t040_h0000003_r001
14000US06089012302,2,57,64,2,2,2.0,2.0,,2.0,1,2,35_64,True,generative,syn_t040_h0000003,syn_t040_h0000003_r002
14000US06089012302,1,16,70,2,2,2.0,1.0,,2.0,0,1,65_plus,True,generative,syn_t040_h0000004,syn_t040_h0000004_r001
14000US06089012302,1,14,62,2,2,2.0,1.0,,2.0,0,1,35_64,True,generative,syn_t040_h0000005,syn_t040_h0000005_r001
14000US06089012302,2,10,53,2,2,2.0,2.0,,2.0,1,2,35_64,True,generative,syn_t040_h0000005,syn_t040_h0000005_r002
14000US06089012302,3,11,17,2,2,2.0,2.0,,2.0,2,2,0_17,False,dependent,syn_t040_h0000005,syn_t040_h0000005_r003
14000US06089012302,1,49,33,2,2,2.0,2.0,,2.0,0,2,18_34,True,generative,syn_t040_h0000006,syn_t040_h0000006_r001
14000US06089012302,2,48,31,2,2,2.0,2.0,,2.0,1,2,18_34,True,generative,syn_t040_h0000006,syn_t040_h0000006_r002
14000US06089012302,1,34,72,2,2,2.0,2.0,,2.0,0,2,65_plus,True,generative,syn_t040_h0000007,syn_t040_h0000007_r001
14000US06089012302,1,12,45,2,2,2.0,2.0,,2.0,0,2,35_64,True,generative,syn_t040_h0000008,syn_t040_h0000008_r001
14000US06089012302,2,12,43,2,2,2.0,2.0,,2.0,1,2,35_64,True,generative,syn_t040_h0000008,syn_t040_h0000008_r002
14000US06089012302,3,10,19,2,2,2.0,2.0,,2.0,2,2,18_34,True,generative,syn_t040_h0000008,syn_t040_h0000008_r003
14000US06089012302,4,17,17,2,2,2.0,2.0,,2.0,2,2,0_17,False,dependent,syn_t040_h0000008,syn_t040_h0000008_r004
14000US06089012302,5,11,12,2,2,,2.0,,2.0,2,2,0_17,False,dependent,syn_t040_h0000008,syn_t040_h0000008_r005
14000US06089012302,1,80,22,2,2,2.0,2.0,,2.0,0,2,18_34,True,generative,syn_t040_h0000009,syn_t040_h0000009_r001
14000US06089012302,2,66,4,2,2,,,,,2,2,0_17,False,dependent,syn_t040_h0000009,syn_t040_h0000009_r002
14000US06089012302,3,83,0,2,2,,,,,2,2,0_17,False,dependent,syn_t040_h0000009,syn_t040_h0000009_r003
14000US06089012302,4,83,29,2,2,2.0,2.0,,2.0,13,2,18_34,True,generative,syn_t040_h0000009,syn_t040_h0000009_r004
14000US06089012302,1,46,43,2,2,2.0,2.0,,2.0,0,2,35_64,True,generative,syn_t040_h0000010,syn_t040_h0000010_r001
14000US06089012302,2,36,53,2,2,2.0,2.0,,2.0,1,2,35_64,True,generative,syn_t040_h0000010,syn_t040_h0000010_r002
14000US06089012302,3,43,13,2,2,,2.0,,2.0,2,2,0_17,False,dependent,syn_t040_h0000010,syn_t040_h0000010_r003
14000US06089012302,4,43,11,2,2,,2.0,,2.0,2,2,0_17,False,dependent,syn_t040_h0000010,syn_t040_h0000010_r004
14000US06089012302,1,13,73,2,2,2.0,2.0,,2.0,0,2,65_plus,True,generative,syn_t040_h0000011,syn_t040_h0000011_r001
14000US06089012302,2,14,76,2,2,2.0,2.0,,2.0,1,2,65_plus,True,generative,syn_t040_h0000011,syn_t040_h0000011_r002
14000US06089012302,1,11,64,2,1,1.0,2.0,,2.0,0,1,35_64,True,generative,syn_t040_h0000012,syn_t040_h0000012_r001
14000US06089012302,1,41,36,2,2,2.0,2.0,,2.0,0,2,35_64,True,generative,syn_t040_h0000013,syn_t040_h0000013_r001
14000US06089012302,2,36,35,2,2,2.0,2.0,,2.0,1,2,35_64,True,generative,syn_t040_h0000013,syn_t040_h0000013_r002
14000US06089012302,1,42,38,2,2,2.0,2.0,,2.0,0,2,35_64,True,generative,syn_t040_h0000014,syn_t040_h0000014_r001
14000US06089012302,2,40,41,2,2,2.0,2.0,,2.0,1,2,35_64,True,generative,syn_t040_h0000014,syn_t040_h0000014_r002
14000US06089012302,3,44,4,2,2,,,,,2,2,0_17,False,dependent,syn_t040_h0000014,syn_t040_h0000014_r003
14000US06089012302,4,45,2,2,2,,,,,2,2,0_17,False,dependent,syn_t040_h0000014,syn_t040_h0000014_r004
14000US06089012302,5,41,0,2,2,,,,,2,2,0_17,False,dependent,syn_t040_h0000014,syn_t040_h0000014_r005
14000US06089012302,1,13,72,2,2,2.0,2.0,,1.0,0,1,65_plus,True,generative,syn_t040_h0000015,syn_t040_h0000015_r001
14000US06089012302,2,13,65,2,2,2.0,2.0,,2.0,1,2,65_plus,True,generative,syn_t040_h0000015,syn_t040_h0000015_r002
14000US06089012302,1,24,59,2,2,2.0,1.0,2.0,2.0,0,1,35_64,True,generative,syn_t040_h0000016,syn_t040_h0000016_r001
14000US06089012302,2,21,61,2,2,2.0,2.0,,2.0,1,2,35_64,True,generative,syn_t040_h0000016,syn_t040_h0000016_r002
14000US06089012302,1,13,67,2,2,2.0,2.0,2.0,2.0,0,2,65_plus,True,generative,syn_t040_h0000017,syn_t040_h0000017_r001
14000US06089012302,2,14,70,2,2,2.0,2.0,,2.0,1,2,65_plus,True,generative,syn_t040_h0000017,syn_t040_h0000017_r002
14000US06089012302,1,13,56,2,2,2.0,2.0,,2.0,0,2,35_64,True,generative,syn_t040_h0000018,syn_t040_h0000018_r001
14000US06089012302,2,9,57,2,2,2.0,2.0,,2.0,1,2,35_64,True,generative,syn_t040_h0000018,syn_t040_h0000018_r002
14000US06089012302,3,33,32,2,2,2.0,2.0,,2.0,4,2,18_34,True,generative,syn_t040_h0000018,syn_t040_h0000018_r003
14000US06089012302,1,11,77,2,2,2.0,2.0,,2.0,0,2,65_plus,True,generative,syn_t040_h0000019,syn_t040_h0000019_r001
14000US06089012302,1,56,34,2,2,2.0,2.0,,2.0,0,2,18_34,True,generative,syn_t040_h0000020,syn_t040_h0000020_r001
14000US06089012302,2,59,14,2,2,,2.0,,2.0,2,2,0_17,False,dependent,syn_t040_h0000020,syn_t040_h0000020_r002
14000US06089012302,3,59,10,2,2,,2.0,,2.0,2,2,0_17,False,dependent,syn_t040_h0000020,syn_t040_h0000020_r003
14000US06089012302,4,59,5,2,2,,2.0,,2.0,2,2,0_17,False,dependent,syn_t040_h0000020,syn_t040_h0000020_r004
14000US06089012302,5,65,35,2,2,2.0,2.0,,2.0,13,2,35_64,True,generative,syn_t040_h0000020,syn_t040_h0000020_r005
14000US06089012302,1,11,51,2,2,2.0,2.0,,2.0,0,2,35_64,True,generative,syn_t040_h0000021,syn_t040_h0000021_r001
14000US06089012302,2,13,41,2,2,2.0,2.0,,2.0,1,2,35_64,True,generative,syn_t040_h0000021,syn_t040_h0000021_r002
14000US06089012302,3,16,23,2,2,2.0,2.0,,2.0,2,2,18_34,True,generative,syn_t040_h0000021,syn_t040_h0000021_r003
14000US06089012302,4,24,25,2,2,2.0,2.0,,2.0,4,2,18_34,True,generative,syn_t040_h0000021,syn_t040_h0000021_r004
14000US06089012302,1,14,67,2,2,2.0,2.0,,2.0,0,2,65_plus,True,generative,syn_t040_h0000022,syn_t040_h0000022_r001
14000US06089012302,2,12,64,2,2,2.0,2.0,,2.0,1,2,35_64,True,generative,syn_t040_h0000022,syn_t040_h0000022_r002
14000US06089012302,1,20,37,2,2,2.0,2.0,,2.0,0,2,35_64,True,generative,syn_t040_h0000023,syn_t040_h0000023_r001
14000US06089012302,2,17,43,2,2,2.0,2.0,,2.0,1,2,35_64,True,generative,syn_t040_h0000023,syn_t040_h0000023_r002
14000US06089012302,3,19,6,2,2,,2.0,,2.0,2,2,0_17,False,dependent,syn_t040_h0000023,syn_t040_h0000023_r003
14000US06089012302,4,23,1,2,2,,,,,2,2,0_17,False,dependent,syn_t040_h0000023,syn_t040_h0000023_r004
14000US06089012302,1,24,71,2,2,2.0,2.0,,2.0,0,2,65_plus,True,generative,syn_t040_h0000024,syn_t040_h0000024_r001
14000US06089012302,2,24,68,2,2,2.0,2.0,,2.0,1,2,65_plus,True,generative,syn_t040_h0000024,syn_t040_h0000024_r002
14000US06089012302,3,27,94,1,1,1.0,1.0,,2.0,6,1,65_plus,True,generative,syn_t040_h0000024,syn_t040_h0000024_r003
14000US06089012302,4,25,21,2,2,2.0,2.0,,2.0,7,2,18_34,True,generative,syn_t040_h0000024,syn_t040_h0000024_r004
14000US06089012302,1,3,66,2,2,2.0,2.0,,2.0,0,2,65_plus,True,generative,syn_t040_h0000025,syn_t040_h0000025_r001
14000US06089012302,2,1,58,2,2,2.0,2.0,,2.0,1,2,35_64,True,generative,syn_t040_h0000025,syn_t040_h0000025_r002
14000US06089012302,3,1,17,2,2,2.0,2.0,,2.0,2,2,0_17,False,dependent,syn_t040_h0000025,syn_t040_h0000025_r003
14000US06089012302,1,45,41,2,2,2.0,2.0,,2.0,0,2,35_64,True,generative,syn_t040_h0000026,syn_t040_h0000026_r001
14000US06089012302,2,48,37,2,2,2.0,2.0,,2.0,1,2,35_64,True,generative,syn_t040_h0000026,syn_t040_h0000026_r002
14000US06089012302,3,56,9,2,2,,2.0,,2.0,2,2,0_17,False,dependent,syn_t040_h0000026,syn_t040_h0000026_r003
14000US06089012302,1,14,43,2,2,2.0,2.0,,2.0,0,2,35_64,True,generative,syn_t040_h0000027,syn_t040_h0000027_r001
14000US06089012302,1,14,35,2,2,2.0,2.0,,2.0,0,2,35_64,True,generative,syn_t040_h0000028,syn_t040_h0000028_r001
14000US06089012302,2,13,30,2,2,2.0,2.0,,2.0,1,2,18_34,True,generative,syn_t040_h0000028,syn_t040_h0000028_r002
14000US06089012302,1,36,52,2,2,2.0,1.0,,2.0,0,1,35_64,True,generative,syn_t040_h0000029,syn_t040_h0000029_r001
14000US06089012302,2,32,53,2,2,2.0,2.0,,2.0,1,2,35_64,True,generative,syn_t040_h0000029,syn_t040_h0000029_r002
14000US06089012303,1,14,36,2,2,2.0,2.0,2.0,1.0,0,1,35_64,True,generative,syn_t041_h0000001,syn_t041_h0000001_r001
14000US06089012303,2,14,34,2,2,2.0,2.0,,2.0,1,2,18_34,True,generative,syn_t041_h0000001,syn_t041_h0000001_r002
14000US06089012303,1,60,64,2,2,2.0,2.0,,2.0,0,2,35_64,True,generative,syn_t041_h0000002,syn_t041_h0000002_r001
14000US06089012303,2,57,64,2,2,2.0,2.0,,2.0,1,2,35_64,True,generative,syn_t041_h0000002,syn_t041_h0000002_r002
14000US06089012303,1,9,51,2,2,2.0,2.0,,2.0,0,2,35_64,True,generative,syn_t041_h0000003,syn_t041_h0000003_r001
14000US06089012303,2,9,60,2,2,2.0,2.0,,2.0,1,2,35_64,True,generative,syn_t041_h0000003,syn_t041_h0000003_r002
14000US06089012303,1,8,73,2,2,2.0,2.0,,2.0,0,2,65_plus,True,generative,syn_t041_h0000004,syn_t041_h0000004_r001
14000US06089012303,2,7,74,2,2,2.0,2.0,,2.0,1,2,65_plus,True,generative,syn_t041_h0000004,syn_t041_h0000004_r002
14000US06089012303,3,14,27,2,2,2.0,2.0,,2.0,7,2,18_34,True,generative,syn_t041_h0000004,syn_t041_h0000004_r003
14000US06089012303,1,53,30,2,2,2.0,2.0,,2.0,0,2,18_34,True,generative,syn_t041_h0000005,syn_t041_h0000005_r001
14000US06089012303,2,67,25,2,2,2.0,2.0,,2.0,1,2,18_34,True,generative,syn_t041_h0000005,syn_t041_h0000005_r002
14000US06089012303,3,83,6,2,2,,2.0,,2.0,2,2,0_17,False,dependent,syn_t041_h0000005,syn_t041_h0000005_r003
14000US06089012303,4,67,3,2,2,,,,,2,2,0_17,False,dependent,syn_t041_h0000005,syn_t041_h0000005_r004
14000US06089012303,1,18,26,2,2,2.0,2.0,,2.0,0,2,18_34,True,generative,syn_t041_h0000006,syn_t041_h0000006_r001
14000US06089012303,2,17,28,2,2,2.0,2.0,,2.0,1,2,18_34,True,generative,syn_t041_h0000006,syn_t041_h0000006_r002
14000US06089012303,1,25,66,2,2,2.0,2.0,,2.0,0,2,65_plus,True,generative,syn_t041_h0000007,syn_t041_h0000007_r001
14000US06089012303,2,23,57,2,2,2.0,2.0,,2.0,1,2,35_64,True,generative,syn_t041_h0000007,syn_t041_h0000007_r002
14000US06089012303,3,31,27,2,2,2.0,2.0,,2.0,4,2,18_34,True,generative,syn_t041_h0000007,syn_t041_h0000007_r003
14000US06089012303,1,21,44,2,2,2.0,2.0,,2.0,0,2,35_64,True,generative,syn_t041_h0000008,syn_t041_h0000008_r001
14000US06089012303,2,20,42,2,2,2.0,2.0,,2.0,1,2,35_64,True,generative,syn_t041_h0000008,syn_t041_h0000008_r002
14000US06089012303,3,15,12,2,2,,2.0,,2.0,2,2,0_17,False,dependent,syn_t041_h0000008,syn_t041_h0000008_r003
14000US06089012303,4,21,8,2,2,,2.0,,2.0,2,2,0_17,False,dependent,syn_t041_h0000008,syn_t041_h0000008_r004
14000US06089012303,1,20,39,2,2,2.0,2.0,,2.0,0,2,35_64,True,generative,syn_t041_h0000009,syn_t041_h0000009_r001
14000US06089012303,2,22,21,2,2,2.0,2.0,,2.0,2,2,18_34,True,generative,syn_t041_h0000009,syn_t041_h0000009_r002
14000US06089012303,3,23,17,2,2,2.0,2.0,,2.0,2,2,0_17,False,dependent,syn_t041_h0000009,syn_t041_h0000009_r003
14000US06089012303,4,17,7,2,2,,2.0,,2.0,2,2,0_17,False,dependent,syn_t041_h0000009,syn_t041_h0000009_r004
14000US06089012303,1,6,88,2,2,2.0,2.0,,2.0,0,2,65_plus,True,generative,syn_t041_h0000010,syn_t041_h0000010_r001
14000US06089012303,1,18,35,2,2,2.0,2.0,,2.0,0,2,35_64,True,generative,syn_t041_h0000011,syn_t041_h0000011_r001
14000US06089012303,2,14,31,2,2,2.0,2.0,,2.0,1,2,18_34,True,generative,syn_t041_h0000011,syn_t041_h0000011_r002
14000US06089012303,3,7,15,2,2,2.0,2.0,,2.0,2,2,0_17,False,dependent,syn_t041_h0000011,syn_t041_h0000011_r003
14000US06089012303,4,8,7,2,2,,2.0,,2.0,2,2,0_17,False,dependent,syn_t041_h0000011,syn_t041_h0000011_r004
14000US06089012303,5,12,5,2,2,,2.0,,2.0,2,2,0_17,False,dependent,syn_t041_h0000011,syn_t041_h0000011_r005
14000US06089012303,1,25,40,2,2,2.0,2.0,,2.0,0,2,35_64,True,generative,syn_t041_h0000012,syn_t041_h0000012_r001
14000US06089012303,2,20,40,2,2,2.0,2.0,,2.0,1,2,35_64,True,generative,syn_t041_h0000012,syn_t041_h0000012_r002
14000US06089012303,3,11,17,2,2,2.0,2.0,,2.0,2,2,0_17,False,dependent,syn_t041_h0000012,syn_t041_h0000012_r003
14000US06089012303,4,24,10,2,2,,2.0,,2.0,2,2,0_17,False,dependent,syn_t041_h0000012,syn_t041_h0000012_r004
14000US06089012303,1,16,86,2,2,2.0,2.0,,2.0,0,2,65_plus,True,generative,syn_t041_h0000013,syn_t041_h0000013_r001
14000US06089012303,1,27,73,1,2,2.0,2.0,,2.0,0,1,65_plus,True,generative,syn_t041_h0000014,syn_t041_h0000014_r001
14000US06089012303,2,26,74,2,2,2.0,1.0,,2.0,1,1,65_plus,True,generative,syn_t041_h0000014,syn_t041_h0000014_r002
14000US06089012303,1,15,70,2,2,2.0,2.0,,2.0,0,2,65_plus,True,generative,syn_t041_h0000015,syn_t041_h0000015_r001
14000US06089012303,1,10,46,2,2,2.0,2.0,,2.0,0,2,35_64,True,generative,syn_t041_h0000016,syn_t041_h0000016_r001
14000US06089012303,2,10,47,2,2,2.0,2.0,,2.0,1,2,35_64,True,generative,syn_t041_h0000016,syn_t041_h0000016_r002
14000US06089012303,3,9,21,2,2,2.0,2.0,,2.0,2,2,18_34,True,generative,syn_t041_h0000016,syn_t041_h0000016_r003
14000US06089012303,4,9,18,2,2,2.0,2.0,,2.0,2,2,18_34,True,generative,syn_t041_h0000016,syn_t041_h0000016_r004
14000US06089012303,5,9,18,2,2,2.0,2.0,,2.0,15,2,18_34,True,generative,syn_t041_h0000016,syn_t041_h0000016_r005
14000US06089012303,1,13,26,2,2,2.0,2.0,,2.0,0,2,18_34,True,generative,syn_t041_h0000017,syn_t041_h0000017_r001
14000US06089012303,2,17,6,2,2,,2.0,,2.0,4,2,0_17,False,dependent,syn_t041_h0000017,syn_t041_h0000017_r002
14000US06089012303,3,15,27,2,2,2.0,2.0,,2.0,13,2,18_34,True,generative,syn_t041_h0000017,syn_t041_h0000017_r003
14000US06089012303,1,32,60,2,2,2.0,1.0,,2.0,0,1,35_64,True,generative,syn_t041_h0000018,syn_t041_h0000018_r001
14000US06089012303,2,44,16,2,2,2.0,2.0,,2.0,7,2,0_17,False,dependent,syn_t041_h0000018,syn_t041_h0000018_r002
14000US06089012303,3,46,9,2,2,,2.0,,2.0,7,2,0_17,False,dependent,syn_t041_h0000018,syn_t041_h0000018_r003
14000US06089012303,4,32,58,2,2,2.0,2.0,,2.0,13,2,35_64,True,generative,syn_t041_h0000018,syn_t041_h0000018_r004
14000US06089012303,1,7,46,2,2,2.0,2.0,,2.0,0,2,35_64,True,generative,syn_t041_h0000019,syn_t041_h0000019_r001
14000US06089012303,1,11,51,2,2,2.0,2.0,,2.0,0,2,35_64,True,generative,syn_t041_h0000020,syn_t041_h0000020_r001
14000US06089012303,2,14,49,2,2,2.0,2.0,,2.0,1,2,35_64,True,generative,syn_t041_h0000020,syn_t041_h0000020_r002
14000US06089012303,1,12,61,2,2,2.0,2.0,,2.0,0,2,35_64,True,generative,syn_t041_h0000021,syn_t041_h0000021_r001
14000US06089012303,2,10,56,2,2,2.0,2.0,,2.0,1,2,35_64,True,generative,syn_t041_h0000021,syn_t041_h0000021_r002
14000US06089012303,3,14,25,2,2,2.0,2.0,,2.0,2,2,18_34,True,generative,syn_t041_h0000021,syn_t041_h0000021_r003
14000US06089012303,4,29,23,2,2,2.0,2.0,,2.0,2,2,18_34,True,generative,syn_t041_h0000021,syn_t041_h0000021_r004
14000US06089012303,1,12,76,2,2,2.0,2.0,,2.0,0,2,65_plus,True,generative,syn_t041_h0000022,syn_t041_h0000022_r001
14000US06089012303,2,13,2,2,2,,,,,7,2,0_17,False,dependent,syn_t041_h0000022,syn_t041_h0000022_r002
14000US06089012400,1,11,77,1,2,1.0,2.0,,1.0,0,1,65_plus,True,generative,syn_t042_h0000001,syn_t042_h0000001_r001
14000US06089012400,2,13,74,2,2,2.0,2.0,,2.0,1,2,65_plus,True,generative,syn_t042_h0000001,syn_t042_h0000001_r002
14000US06089012400,1,10,54,2,2,2.0,2.0,,2.0,0,2,35_64,True,generative,syn_t042_h0000002,syn_t042_h0000002_r001
14000US06089012400,2,9,56,2,2,2.0,2.0,,2.0,1,2,35_64,True,generative,syn_t042_h0000002,syn_t042_h0000002_r002
14000US06089012400,1,11,63,2,2,2.0,2.0,,2.0,0,2,35_64,True,generative,syn_t042_h0000003,syn_t042_h0000003_r001
14000US06089012400,2,11,69,2,2,2.0,2.0,,2.0,1,2,65_plus,True,generative,syn_t042_h0000003,syn_t042_h0000003_r002
14000US06089012400,1,44,57,2,2,2.0,2.0,,2.0,0,2,35_64,True,generative,syn_t042_h0000004,syn_t042_h0000004_r001
14000US06089012400,1,47,45,2,2,2.0,2.0,,2.0,0,2,35_64,True,generative,syn_t042_h0000005,syn_t042_h0000005_r001
14000US06089012400,2,42,45,2,2,2.0,2.0,,2.0,1,2,35_64,True,generative,syn_t042_h0000005,syn_t042_h0000005_r002
14000US06089012400,3,47,9,2,2,,2.0,,2.0,2,2,0_17,False,dependent,syn_t042_h0000005,syn_t042_h0000005_r003
14000US06089012400,4,48,6,2,2,,2.0,,2.0,2,2,0_17,False,dependent,syn_t042_h0000005,syn_t042_h0000005_r004
14000US06089012400,1,81,44,2,2,2.0,2.0,,2.0,0,2,35_64,True,generative,syn_t042_h0000006,syn_t042_h0000006_r001
14000US06089012400,2,70,44,2,2,2.0,2.0,,2.0,1,2,35_64,True,generative,syn_t042_h0000006,syn_t042_h0000006_r002
14000US06089012400,1,42,38,2,2,2.0,2.0,,2.0,0,2,35_64,True,generative,syn_t042_h0000007,syn_t042_h0000007_r001
14000US06089012400,2,43,36,2,1,2.0,2.0,,2.0,1,1,35_64,True,generative,syn_t042_h0000007,syn_t042_h0000007_r002
14000US06089012400,3,43,10,2,2,,2.0,,2.0,2,2,0_17,False,dependent,syn_t042_h0000007,syn_t042_h0000007_r003
14000US06089012400,4,49,2,2,2,,,,,2,2,0_17,False,dependent,syn_t042_h0000007,syn_t042_h0000007_r004
14000US06089012400,1,8,63,2,1,2.0,2.0,,2.0,0,1,35_64,True,generative,syn_t042_h0000008,syn_t042_h0000008_r001
14000US06089012400,1,14,84,1,2,2.0,2.0,,2.0,0,1,65_plus,True,generative,syn_t042_h0000009,syn_t042_h0000009_r001
14000US06089012400,2,18,82,2,2,2.0,2.0,,2.0,1,2,65_plus,True,generative,syn_t042_h0000009,syn_t042_h0000009_r002
14000US06089012400,1,12,77,2,2,2.0,2.0,,2.0,0,2,65_plus,True,generative,syn_t042_h0000010,syn_t042_h0000010_r001
14000US06089012400,2,16,71,2,2,2.0,2.0,,2.0,13,2,65_plus,True,generative,syn_t042_h0000010,syn_t042_h0000010_r002
14000US06089012400,1,15,41,2,2,2.0,2.0,,2.0,0,2,35_64,True,generative,syn_t042_h0000011,syn_t042_h0000011_r001
14000US06089012400,1,9,81,2,2,1.0,1.0,,1.0,0,1,65_plus,True,generative,syn_t042_h0000012,syn_t042_h0000012_r001
14000US06089012400,2,15,51,2,2,2.0,2.0,,2.0,2,2,35_64,True,generative,syn_t042_h0000012,syn_t042_h0000012_r002
14000US06089012400,1,18,64,1,2,2.0,2.0,,2.0,0,1,35_64,True,generative,syn_t042_h0000013,syn_t042_h0000013_r001
14000US06089012400,1,20,38,2,2,2.0,2.0,,2.0,0,2,35_64,True,generative,syn_t042_h0000014,syn_t042_h0000014_r001
14000US06089012400,2,12,42,2,2,2.0,2.0,,2.0,1,2,35_64,True,generative,syn_t042_h0000014,syn_t042_h0000014_r002
14000US06089012400,3,26,14,2,2,,2.0,,2.0,2,2,0_17,False,dependent,syn_t042_h0000014,syn_t042_h0000014_r003
14000US06089012400,4,22,12,2,2,,2.0,,1.0,2,1,0_17,False,dependent,syn_t042_h0000014,syn_t042_h0000014_r004
14000US06089012400,5,28,3,2,2,,,,,2,2,0_17,False,dependent,syn_t042_h0000014,syn_t042_h0000014_r005
14000US06089012400,1,20,62,2,2,2.0,2.0,,2.0,0,2,35_64,True,generative,syn_t042_h0000015,syn_t042_h0000015_r001
14000US06089012400,1,23,57,2,2,2.0,2.0,,2.0,0,2,35_64,True,generative,syn_t042_h0000016,syn_t042_h0000016_r001
14000US06089012400,2,24,39,2,2,2.0,2.0,,2.0,10,2,35_64,True,generative,syn_t042_h0000016,syn_t042_h0000016_r002
14000US06089012400,1,12,76,2,2,2.0,2.0,,2.0,0,2,65_plus,True,generative,syn_t042_h0000017,syn_t042_h0000017_r001
14000US06089012400,2,13,2,2,2,,,,,7,2,0_17,False,dependent,syn_t042_h0000017,syn_t042_h0000017_r002
14000US06089012400,1,13,61,1,2,2.0,1.0,,2.0,0,1,35_64,True,generative,syn_t042_h0000018,syn_t042_h0000018_r001
14000US06089012400,2,23,52,2,2,2.0,1.0,,1.0,12,1,35_64,True,generative,syn_t042_h0000018,syn_t042_h0000018_r002
14000US06089012400,1,44,26,2,2,2.0,2.0,,2.0,0,2,18_34,True,generative,syn_t042_h0000019,syn_t042_h0000019_r001
14000US06089012400,2,28,21,2,2,2.0,2.0,,2.0,13,2,18_34,True,generative,syn_t042_h0000019,syn_t042_h0000019_r002
14000US06089012400,1,23,54,2,2,2.0,2.0,,2.0,0,2,35_64,True,generative,syn_t042_h0000020,syn_t042_h0000020_r001
14000US06089012400,1,14,64,2,2,2.0,2.0,,2.0,0,2,35_64,True,generative,syn_t042_h0000021,syn_t042_h0000021_r001
14000US06089012400,1,23,55,2,2,2.0,2.0,,2.0,0,2,35_64,True,generative,syn_t042_h0000022,syn_t042_h0000022_r001
14000US06089012500,1,59,85,1,2,1.0,2.0,,2.0,0,1,65_plus,True,generative,syn_t043_h0000001,syn_t043_h0000001_r001
14000US06089012500,1,18,77,2,2,1.0,1.0,,2.0,0,1,65_plus,True,generative,syn_t043_h0000002,syn_t043_h0000002_r001
14000US06089012500,2,21,52,2,2,2.0,1.0,,2.0,2,1,35_64,True,generative,syn_t043_h0000002,syn_t043_h0000002_r002
14000US06089012500,1,30,67,2,2,2.0,1.0,,2.0,0,1,65_plus,True,generative,syn_t043_h0000003,syn_t043_h0000003_r001
14000US06089012500,1,13,56,2,2,1.0,1.0,,1.0,0,1,35_64,True,generative,syn_t043_h0000004,syn_t043_h0000004_r001
14000US06089012500,1,45,41,2,2,2.0,2.0,,2.0,0,2,35_64,True,generative,syn_t043_h0000005,syn_t043_h0000005_r001
14000US06089012500,2,48,37,2,2,2.0,2.0,,2.0,1,2,35_64,True,generative,syn_t043_h0000005,syn_t043_h0000005_r002
14000US06089012500,3,56,9,2,2,,2.0,,2.0,2,2,0_17,False,dependent,syn_t043_h0000005,syn_t043_h0000005_r003
14000US06089012500,1,11,69,2,2,2.0,2.0,,2.0,0,2,65_plus,True,generative,syn_t043_h0000006,syn_t043_h0000006_r001
14000US06089012500,2,12,71,1,2,2.0,2.0,,2.0,1,1,65_plus,True,generative,syn_t043_h0000006,syn_t043_h0000006_r002
14000US06089012500,1,15,37,2,2,2.0,2.0,,2.0,0,2,35_64,True,generative,syn_t043_h0000007,syn_t043_h0000007_r001
14000US06089012500,1,52,90,2,2,2.0,2.0,,2.0,0,2,65_plus,True,generative,syn_t043_h0000008,syn_t043_h0000008_r001
14000US06089012500,1,19,23,2,2,2.0,2.0,,2.0,0,2,18_34,True,generative,syn_t043_h0000009,syn_t043_h0000009_r001
14000US06089012500,2,26,21,1,2,2.0,1.0,,2.0,11,1,18_34,True,generative,syn_t043_h0000009,syn_t043_h0000009_r002
14000US06089012500,1,9,40,2,2,2.0,2.0,,2.0,0,2,35_64,True,generative,syn_t043_h0000010,syn_t043_h0000010_r001
14000US06089012500,2,8,40,2,2,2.0,2.0,,2.0,1,2,35_64,True,generative,syn_t043_h0000010,syn_t043_h0000010_r002
14000US06089012500,3,9,22,2,2,2.0,2.0,,2.0,2,2,18_34,True,generative,syn_t043_h0000010,syn_t043_h0000010_r003
14000US06089012500,4,9,20,2,2,2.0,2.0,,2.0,2,2,18_34,True,generative,syn_t043_h0000010,syn_t043_h0000010_r004
14000US06089012500,5,15,23,2,2,2.0,2.0,,2.0,9,2,18_34,True,generative,syn_t043_h0000010,syn_t043_h0000010_r005
14000US06089012601,1,11,69,2,2,2.0,2.0,,2.0,0,2,65_plus,True,generative,syn_t044_h0000001,syn_t044_h0000001_r001
14000US06089012601,2,22,48,2,2,2.0,2.0,,2.0,2,2,35_64,True,generative,syn_t044_h0000001,syn_t044_h0000001_r002
14000US06089012601,1,14,65,2,2,2.0,2.0,,2.0,0,2,65_plus,True,generative,syn_t044_h0000002,syn_t044_h0000002_r001
14000US06089012601,2,15,62,2,2,2.0,2.0,,2.0,1,2,35_64,True,generative,syn_t044_h0000002,syn_t044_h0000002_r002
14000US06089012601,1,23,68,2,2,2.0,1.0,5.0,2.0,0,1,65_plus,True,generative,syn_t044_h0000003,syn_t044_h0000003_r001
14000US06089012601,2,36,41,2,2,2.0,2.0,,1.0,2,1,35_64,True,generative,syn_t044_h0000003,syn_t044_h0000003_r002
14000US06089012601,3,24,15,1,2,1.0,2.0,,2.0,7,1,0_17,False,dependent,syn_t044_h0000003,syn_t044_h0000003_r003
14000US06089012601,4,31,12,2,2,,2.0,,2.0,7,2,0_17,False,dependent,syn_t044_h0000003,syn_t044_h0000003_r004
14000US06089012601,5,27,53,2,2,2.0,2.0,,2.0,15,2,35_64,True,generative,syn_t044_h0000003,syn_t044_h0000003_r005
14000US06089012601,1,26,44,2,1,2.0,2.0,,2.0,0,1,35_64,True,generative,syn_t044_h0000004,syn_t044_h0000004_r001
14000US06089012601,2,30,22,2,2,2.0,2.0,,2.0,2,2,18_34,True,generative,syn_t044_h0000004,syn_t044_h0000004_r002
14000US06089012601,3,18,18,2,2,2.0,2.0,,2.0,2,2,18_34,True,generative,syn_t044_h0000004,syn_t044_h0000004_r003
14000US06089012601,4,34,15,2,2,2.0,2.0,,2.0,2,2,0_17,False,dependent,syn_t044_h0000004,syn_t044_h0000004_r004
14000US06089012601,1,15,68,2,2,2.0,2.0,,2.0,0,2,65_plus,True,generative,syn_t044_h0000005,syn_t044_h0000005_r001
14000US06089012601,2,29,68,2,2,2.0,2.0,,2.0,1,2,65_plus,True,generative,syn_t044_h0000005,syn_t044_h0000005_r002
14000US06089012601,1,44,75,2,2,2.0,2.0,,2.0,0,2,65_plus,True,generative,syn_t044_h0000006,syn_t044_h0000006_r001
14000US06089012601,2,50,75,1,1,1.0,1.0,,2.0,1,1,65_plus,True,generative,syn_t044_h0000006,syn_t044_h0000006_r002
14000US06089012601,1,12,57,2,2,2.0,2.0,,2.0,0,2,35_64,True,generative,syn_t044_h0000007,syn_t044_h0000007_r001
14000US06089012601,1,54,56,2,2,2.0,2.0,,2.0,0,2,35_64,True,generative,syn_t044_h0000008,syn_t044_h0000008_r001
14000US06089012601,2,69,52,2,2,1.0,2.0,,1.0,5,1,35_64,True,generative,syn_t044_h0000008,syn_t044_h0000008_r002
14000US06089012601,3,64,62,2,2,2.0,1.0,,1.0,10,1,35_64,True,generative,syn_t044_h0000008,syn_t044_h0000008_r003
14000US06089012601,1,13,77,1,2,2.0,1.0,,1.0,0,1,65_plus,True,generative,syn_t044_h0000009,syn_t044_h0000009_r001
14000US06089012601,1,53,88,2,2,2.0,2.0,,2.0,0,2,65_plus,True,generative,syn_t044_h0000010,syn_t044_h0000010_r001
14000US06089012601,2,26,65,2,2,2.0,2.0,,2.0,1,2,65_plus,True,generative,syn_t044_h0000010,syn_t044_h0000010_r002
14000US06089012601,1,51,36,2,2,2.0,2.0,,2.0,0,2,35_64,True,generative,syn_t044_h0000011,syn_t044_h0000011_r001
14000US06089012601,1,22,50,2,2,2.0,2.0,,2.0,0,2,35_64,True,generative,syn_t044_h0000012,syn_t044_h0000012_r001
14000US06089012601,2,18,51,2,2,2.0,2.0,,2.0,1,2,35_64,True,generative,syn_t044_h0000012,syn_t044_h0000012_r002
14000US06089012601,1,58,33,2,2,2.0,2.0,,2.0,0,2,18_34,True,generative,syn_t044_h0000013,syn_t044_h0000013_r001
14000US06089012601,2,65,29,2,2,2.0,2.0,,2.0,1,2,18_34,True,generative,syn_t044_h0000013,syn_t044_h0000013_r002
14000US06089012601,3,71,8,2,2,,2.0,,2.0,2,2,0_17,False,dependent,syn_t044_h0000013,syn_t044_h0000013_r003
14000US06089012601,4,67,1,2,2,,,,,2,2,0_17,False,dependent,syn_t044_h0000013,syn_t044_h0000013_r004
14000US06089012601,1,62,65,2,2,2.0,2.0,,2.0,0,2,65_plus,True,generative,syn_t044_h0000014,syn_t044_h0000014_r001
14000US06089012601,2,54,48,2,2,2.0,2.0,,2.0,1,2,35_64,True,generative,syn_t044_h0000014,syn_t044_h0000014_r002
14000US06089012601,1,44,20,2,2,2.0,2.0,,2.0,0,2,18_34,True,generative,syn_t044_h0000015,syn_t044_h0000015_r001
14000US06089012601,2,39,20,2,2,2.0,2.0,,2.0,1,2,18_34,True,generative,syn_t044_h0000015,syn_t044_h0000015_r002
14000US06089012601,1,13,42,2,2,2.0,2.0,,2.0,0,2,35_64,True,generative,syn_t044_h0000016,syn_t044_h0000016_r001
14000US06089012601,2,9,55,2,2,2.0,2.0,,2.0,1,2,35_64,True,generative,syn_t044_h0000016,syn_t044_h0000016_r002
14000US06089012601,3,13,9,2,2,,2.0,,2.0,2,2,0_17,False,dependent,syn_t044_h0000016,syn_t044_h0000016_r003
14000US06089012601,1,13,63,1,2,2.0,1.0,,1.0,0,1,35_64,True,generative,syn_t044_h0000017,syn_t044_h0000017_r001
14000US06089012601,1,33,24,2,2,2.0,2.0,,2.0,0,2,18_34,True,generative,syn_t044_h0000018,syn_t044_h0000018_r001
14000US06089012601,2,53,27,2,2,2.0,2.0,,2.0,1,2,18_34,True,generative,syn_t044_h0000018,syn_t044_h0000018_r002
14000US06089012601,3,47,10,2,2,,2.0,,2.0,2,2,0_17,False,dependent,syn_t044_h0000018,syn_t044_h0000018_r003
14000US06089012601,4,49,3,2,2,,,,,3,2,0_17,False,dependent,syn_t044_h0000018,syn_t044_h0000018_r004
14000US06089012601,5,39,0,2,2,,,,,3,2,0_17,False,dependent,syn_t044_h0000018,syn_t044_h0000018_r005
14000US06089012601,1,17,29,2,2,2.0,2.0,,2.0,0,2,18_34,True,generative,syn_t044_h0000019,syn_t044_h0000019_r001
14000US06089012601,2,12,38,2,2,2.0,2.0,,2.0,1,2,35_64,True,generative,syn_t044_h0000019,syn_t044_h0000019_r002
14000US06089012601,3,15,16,2,2,2.0,2.0,,2.0,4,2,0_17,False,dependent,syn_t044_h0000019,syn_t044_h0000019_r003
14000US06089012601,4,16,13,2,2,,2.0,,2.0,4,2,0_17,False,dependent,syn_t044_h0000019,syn_t044_h0000019_r004
14000US06089012601,1,12,73,2,2,2.0,2.0,,2.0,0,2,65_plus,True,generative,syn_t044_h0000020,syn_t044_h0000020_r001
14000US06089012601,1,25,44,2,2,2.0,2.0,,1.0,0,1,35_64,True,generative,syn_t044_h0000021,syn_t044_h0000021_r001
14000US06089012601,1,17,65,2,2,2.0,2.0,,2.0,0,2,65_plus,True,generative,syn_t044_h0000022,syn_t044_h0000022_r001
14000US06089012601,2,17,58,2,2,2.0,2.0,,2.0,1,2,35_64,True,generative,syn_t044_h0000022,syn_t044_h0000022_r002
14000US06089012601,1,75,34,1,2,2.0,2.0,,2.0,0,1,18_34,True,generative,syn_t044_h0000023,syn_t044_h0000023_r001
14000US06089012601,1,21,58,2,2,2.0,2.0,,2.0,0,2,35_64,True,generative,syn_t044_h0000024,syn_t044_h0000024_r001
14000US06089012601,2,26,20,2,2,2.0,2.0,,2.0,2,2,18_34,True,generative,syn_t044_h0000024,syn_t044_h0000024_r002
14000US06089012601,1,21,68,2,2,2.0,2.0,,2.0,0,2,65_plus,True,generative,syn_t044_h0000025,syn_t044_h0000025_r001
14000US06089012601,1,16,54,2,2,2.0,2.0,,2.0,0,2,35_64,True,generative,syn_t044_h0000026,syn_t044_h0000026_r001
14000US06089012601,2,15,56,2,2,2.0,2.0,5.0,2.0,1,2,35_64,True,generative,syn_t044_h0000026,syn_t044_h0000026_r002
14000US06089012601,1,43,33,2,2,2.0,2.0,,2.0,0,2,18_34,True,generative,syn_t044_h0000027,syn_t044_h0000027_r001
14000US06089012601,2,44,34,2,2,2.0,2.0,,2.0,1,2,18_34,True,generative,syn_t044_h0000027,syn_t044_h0000027_r002
14000US06089012601,3,38,2,2,2,,,,,2,2,0_17,False,dependent,syn_t044_h0000027,syn_t044_h0000027_r003
14000US06089012601,4,47,1,2,2,,,,,2,2,0_17,False,dependent,syn_t044_h0000027,syn_t044_h0000027_r004
14000US06089012601,1,70,25,2,2,2.0,2.0,,2.0,0,2,18_34,True,generative,syn_t044_h0000028,syn_t044_h0000028_r001
14000US06089012601,2,55,26,2,2,2.0,2.0,,2.0,13,2,18_34,True,generative,syn_t044_h0000028,syn_t044_h0000028_r002
14000US06089012603,1,15,54,2,2,2.0,2.0,,2.0,0,2,35_64,True,generative,syn_t045_h0000001,syn_t045_h0000001_r001
14000US06089012603,1,13,65,2,2,2.0,1.0,,2.0,0,1,65_plus,True,generative,syn_t045_h0000002,syn_t045_h0000002_r001
14000US06089012603,2,12,60,2,2,2.0,2.0,,2.0,1,2,35_64,True,generative,syn_t045_h0000002,syn_t045_h0000002_r002
14000US06089012603,1,22,58,2,2,2.0,2.0,,2.0,0,2,35_64,True,generative,syn_t045_h0000003,syn_t045_h0000003_r001
14000US06089012603,2,22,64,1,2,2.0,1.0,,2.0,1,1,35_64,True,generative,syn_t045_h0000003,syn_t045_h0000003_r002
14000US06089012603,3,33,41,2,2,2.0,1.0,,2.0,4,1,35_64,True,generative,syn_t045_h0000003,syn_t045_h0000003_r003
14000US06089012603,4,30,7,2,2,,2.0,,2.0,7,2,0_17,False,dependent,syn_t045_h0000003,syn_t045_h0000003_r004
14000US06089012603,1,31,52,2,2,2.0,2.0,,2.0,0,2,35_64,True,generative,syn_t045_h0000004,syn_t045_h0000004_r001
14000US06089012603,2,37,51,2,2,2.0,2.0,,2.0,1,2,35_64,True,generative,syn_t045_h0000004,syn_t045_h0000004_r002
14000US06089012603,3,48,15,2,2,2.0,2.0,,2.0,2,2,0_17,False,dependent,syn_t045_h0000004,syn_t045_h0000004_r003
14000US06089012603,1,11,61,2,2,2.0,2.0,,2.0,0,2,35_64,True,generative,syn_t045_h0000005,syn_t045_h0000005_r001
14000US06089012603,2,12,57,2,2,2.0,2.0,,2.0,1,2,35_64,True,generative,syn_t045_h0000005,syn_t045_h0000005_r002
14000US06089012603,3,27,15,2,2,2.0,2.0,,1.0,7,1,0_17,False,dependent,syn_t045_h0000005,syn_t045_h0000005_r003
14000US06089012603,4,17,9,2,2,,2.0,,2.0,7,2,0_17,False,dependent,syn_t045_h0000005,syn_t045_h0000005_r004
14000US06089012603,5,15,7,2,2,,2.0,,2.0,7,2,0_17,False,dependent,syn_t045_h0000005,syn_t045_h0000005_r005
14000US06089012603,1,13,68,2,2,2.0,2.0,,2.0,0,2,65_plus,True,generative,syn_t045_h0000006,syn_t045_h0000006_r001
14000US06089012603,2,15,64,1,2,1.0,2.0,,1.0,1,1,35_64,True,generative,syn_t045_h0000006,syn_t045_h0000006_r002
14000US06089012603,1,34,29,2,2,2.0,2.0,,2.0,0,2,18_34,True,generative,syn_t045_h0000007,syn_t045_h0000007_r001
14000US06089012603,2,76,36,2,2,2.0,2.0,,2.0,11,2,35_64,True,generative,syn_t045_h0000007,syn_t045_h0000007_r002
14000US06089012603,1,46,57,2,2,2.0,2.0,,2.0,0,2,35_64,True,generative,syn_t045_h0000008,syn_t045_h0000008_r001
14000US06089012603,2,44,61,1,2,2.0,2.0,,2.0,1,1,35_64,True,generative,syn_t045_h0000008,syn_t045_h0000008_r002
14000US06089012603,1,69,41,2,2,2.0,2.0,,2.0,0,2,35_64,True,generative,syn_t045_h0000009,syn_t045_h0000009_r001
14000US06089012603,2,87,40,2,2,2.0,2.0,,2.0,1,2,35_64,True,generative,syn_t045_h0000009,syn_t045_h0000009_r002
14000US06089012603,3,79,13,2,2,,2.0,,2.0,2,2,0_17,False,dependent,syn_t045_h0000009,syn_t045_h0000009_r003
14000US06089012603,4,78,10,2,2,,2.0,,2.0,2,2,0_17,False,dependent,syn_t045_h0000009,syn_t045_h0000009_r004
14000US06089012603,1,38,86,1,2,2.0,2.0,,2.0,0,1,65_plus,True,generative,syn_t045_h0000010,syn_t045_h0000010_r001
14000US06089012603,1,8,65,2,2,2.0,2.0,,2.0,0,2,65_plus,True,generative,syn_t045_h0000011,syn_t045_h0000011_r001
14000US06089012603,2,14,57,2,2,2.0,2.0,,2.0,12,2,35_64,True,generative,syn_t045_h0000011,syn_t045_h0000011_r002
14000US06089012603,1,11,68,2,2,2.0,2.0,,2.0,0,2,65_plus,True,generative,syn_t045_h0000012,syn_t045_h0000012_r001
14000US06089012603,2,11,71,1,2,2.0,2.0,,2.0,1,1,65_plus,True,generative,syn_t045_h0000012,syn_t045_h0000012_r002
14000US06089012603,1,74,71,1,1,2.0,2.0,,1.0,0,1,65_plus,True,generative,syn_t045_h0000013,syn_t045_h0000013_r001
14000US06089012603,2,75,76,1,1,1.0,1.0,,1.0,1,1,65_plus,True,generative,syn_t045_h0000013,syn_t045_h0000013_r002
14000US06089012603,3,81,31,2,2,2.0,2.0,,1.0,7,1,18_34,True,generative,syn_t045_h0000013,syn_t045_h0000013_r003
14000US06089012603,4,109,24,2,2,2.0,2.0,,2.0,7,2,18_34,True,generative,syn_t045_h0000013,syn_t045_h0000013_r004
14000US06089012603,5,94,21,2,2,2.0,2.0,,2.0,7,2,18_34,True,generative,syn_t045_h0000013,syn_t045_h0000013_r005
14000US06089012603,6,77,3,2,2,,,,,7,2,0_17,False,dependent,syn_t045_h0000013,syn_t045_h0000013_r006
14000US06089012603,7,97,0,2,1,,,,,7,1,0_17,False,dependent,syn_t045_h0000013,syn_t045_h0000013_r007
14000US06089012603,1,13,70,2,2,2.0,2.0,,2.0,0,2,65_plus,True,generative,syn_t045_h0000014,syn_t045_h0000014_r001
14000US06089012603,2,15,70,2,2,2.0,2.0,,2.0,1,2,65_plus,True,generative,syn_t045_h0000014,syn_t045_h0000014_r002
14000US06089012603,1,13,47,2,2,2.0,2.0,,2.0,0,2,35_64,True,generative,syn_t045_h0000015,syn_t045_h0000015_r001
14000US06089012603,2,11,47,2,2,2.0,2.0,,2.0,1,2,35_64,True,generative,syn_t045_h0000015,syn_t045_h0000015_r002
14000US06089012603,3,12,15,2,2,2.0,2.0,,2.0,2,2,0_17,False,dependent,syn_t045_h0000015,syn_t045_h0000015_r003
14000US06089012603,1,8,54,2,2,2.0,2.0,,2.0,0,2,35_64,True,generative,syn_t045_h0000016,syn_t045_h0000016_r001
14000US06089012603,2,9,60,2,2,2.0,1.0,,2.0,1,1,35_64,True,generative,syn_t045_h0000016,syn_t045_h0000016_r002
14000US06089012603,1,21,76,2,2,1.0,1.0,,1.0,0,1,65_plus,True,generative,syn_t045_h0000017,syn_t045_h0000017_r001
14000US06089012603,2,17,77,2,2,2.0,2.0,,2.0,1,2,65_plus,True,generative,syn_t045_h0000017,syn_t045_h0000017_r002
14000US06089012603,1,33,67,2,2,2.0,2.0,,2.0,0,2,65_plus,True,generative,syn_t045_h0000018,syn_t045_h0000018_r001
14000US06089012603,2,33,67,2,2,2.0,2.0,,2.0,1,2,65_plus,True,generative,syn_t045_h0000018,syn_t045_h0000018_r002
14000US06089012603,1,43,27,2,2,2.0,2.0,,2.0,0,2,18_34,True,generative,syn_t045_h0000019,syn_t045_h0000019_r001
14000US06089012603,2,18,24,2,2,2.0,2.0,,2.0,13,2,18_34,True,generative,syn_t045_h0000019,syn_t045_h0000019_r002
14000US06089012603,1,13,83,2,2,2.0,2.0,,2.0,0,2,65_plus,True,generative,syn_t045_h0000020,syn_t045_h0000020_r001
14000US06089012603,1,12,77,2,2,2.0,1.0,,2.0,0,1,65_plus,True,generative,syn_t045_h0000021,syn_t045_h0000021_r001
14000US06089012603,2,6,71,2,2,2.0,2.0,,2.0,1,2,65_plus,True,generative,syn_t045_h0000021,syn_t045_h0000021_r002
14000US06089012603,1,40,43,2,2,2.0,2.0,,2.0,0,2,35_64,True,generative,syn_t045_h0000022,syn_t045_h0000022_r001
14000US06089012603,1,12,87,2,2,2.0,2.0,,2.0,0,2,65_plus,True,generative,syn_t045_h0000023,syn_t045_h0000023_r001
14000US06089012603,1,15,19,2,2,2.0,2.0,,2.0,0,2,18_34,True,generative,syn_t045_h0000024,syn_t045_h0000024_r001
14000US06089012603,2,29,20,2,2,2.0,2.0,,2.0,1,2,18_34,True,generative,syn_t045_h0000024,syn_t045_h0000024_r002
14000US06089012603,1,62,28,2,2,2.0,2.0,,2.0,0,2,18_34,True,generative,syn_t045_h0000025,syn_t045_h0000025_r001
14000US06089012603,2,70,7,2,2,,2.0,,2.0,2,2,0_17,False,dependent,syn_t045_h0000025,syn_t045_h0000025_r002
14000US06089012603,3,63,2,2,2,,,,,2,2,0_17,False,dependent,syn_t045_h0000025,syn_t045_h0000025_r003
14000US06089012604,1,24,59,2,2,2.0,2.0,2.0,2.0,0,2,35_64,True,generative,syn_t046_h0000001,syn_t046_h0000001_r001
14000US06089012604,2,26,59,2,2,2.0,2.0,,2.0,1,2,35_64,True,generative,syn_t046_h0000001,syn_t046_h0000001_r002
14000US06089012604,3,29,15,2,2,2.0,2.0,,2.0,2,2,0_17,False,dependent,syn_t046_h0000001,syn_t046_h0000001_r003
14000US06089012604,1,64,41,2,2,2.0,2.0,,2.0,0,2,35_64,True,generative,syn_t046_h0000002,syn_t046_h0000002_r001
14000US06089012604,2,64,44,2,2,2.0,2.0,,2.0,1,2,35_64,True,generative,syn_t046_h0000002,syn_t046_h0000002_r002
14000US06089012604,3,64,2,2,2,,,,,2,2,0_17,False,dependent,syn_t046_h0000002,syn_t046_h0000002_r003
14000US06089012604,4,68,81,1,2,2.0,2.0,,2.0,6,1,65_plus,True,generative,syn_t046_h0000002,syn_t046_h0000002_r004
14000US06089012604,1,45,46,2,2,2.0,2.0,,2.0,0,2,35_64,True,generative,syn_t046_h0000003,syn_t046_h0000003_r001
14000US06089012604,2,51,42,2,2,2.0,2.0,,2.0,1,2,35_64,True,generative,syn_t046_h0000003,syn_t046_h0000003_r002
14000US06089012604,3,42,17,2,2,2.0,2.0,,2.0,2,2,0_17,False,dependent,syn_t046_h0000003,syn_t046_h0000003_r003
14000US06089012604,4,31,19,2,2,2.0,2.0,,2.0,4,2,18_34,True,generative,syn_t046_h0000003,syn_t046_h0000003_r004
14000US06089012604,5,43,16,2,1,2.0,1.0,,2.0,4,1,0_17,False,dependent,syn_t046_h0000003,syn_t046_h0000003_r005
14000US06089012604,1,11,83,1,2,2.0,2.0,,2.0,0,1,65_plus,True,generative,syn_t046_h0000004,syn_t046_h0000004_r001
14000US06089012604,2,11,86,1,2,1.0,1.0,,1.0,1,1,65_plus,True,generative,syn_t046_h0000004,syn_t046_h0000004_r002
14000US06089012604,1,21,32,2,2,2.0,2.0,,2.0,0,2,18_34,True,generative,syn_t046_h0000005,syn_t046_h0000005_r001
14000US06089012604,2,19,32,2,2,2.0,2.0,,2.0,1,2,18_34,True,generative,syn_t046_h0000005,syn_t046_h0000005_r002
14000US06089012604,3,24,2,2,2,,,,,2,2,0_17,False,dependent,syn_t046_h0000005,syn_t046_h0000005_r003
14000US06089012604,1,14,83,1,2,2.0,2.0,,2.0,0,1,65_plus,True,generative,syn_t046_h0000006,syn_t046_h0000006_r001
14000US06089012604,1,16,65,2,2,2.0,2.0,,1.0,0,1,65_plus,True,generative,syn_t046_h0000007,syn_t046_h0000007_r001
14000US06089012604,2,18,44,2,2,2.0,2.0,,2.0,2,2,35_64,True,generative,syn_t046_h0000007,syn_t046_h0000007_r002
14000US06089012604,3,9,19,2,2,2.0,2.0,,2.0,7,2,18_34,True,generative,syn_t046_h0000007,syn_t046_h0000007_r003
14000US06089012604,4,15,14,2,2,,2.0,,2.0,7,2,0_17,False,dependent,syn_t046_h0000007,syn_t046_h0000007_r004
14000US06089012604,1,18,57,2,2,2.0,2.0,,2.0,0,2,35_64,True,generative,syn_t046_h0000008,syn_t046_h0000008_r001
14000US06089012604,2,20,66,2,2,2.0,2.0,,2.0,13,2,65_plus,True,generative,syn_t046_h0000008,syn_t046_h0000008_r002
14000US06089012604,1,28,38,2,2,2.0,2.0,,2.0,0,2,35_64,True,generative,syn_t046_h0000009,syn_t046_h0000009_r001
14000US06089012604,2,28,5,2,2,,2.0,,2.0,2,2,0_17,False,dependent,syn_t046_h0000009,syn_t046_h0000009_r002
14000US06089012604,3,28,36,2,2,2.0,2.0,,2.0,13,2,35_64,True,generative,syn_t046_h0000009,syn_t046_h0000009_r003
14000US06089012604,1,20,66,2,2,2.0,1.0,,2.0,0,1,65_plus,True,generative,syn_t046_h0000010,syn_t046_h0000010_r001
14000US06089012604,2,19,69,2,2,2.0,2.0,,2.0,1,2,65_plus,True,generative,syn_t046_h0000010,syn_t046_h0000010_r002
14000US06089012604,1,12,37,2,2,2.0,2.0,,2.0,0,2,35_64,True,generative,syn_t046_h0000011,syn_t046_h0000011_r001
14000US06089012604,2,16,34,2,2,2.0,2.0,,2.0,1,2,18_34,True,generative,syn_t046_h0000011,syn_t046_h0000011_r002
14000US06089012604,3,17,5,2,2,,2.0,,2.0,2,2,0_17,False,dependent,syn_t046_h0000011,syn_t046_h0000011_r003
14000US06089012604,4,16,12,2,2,,2.0,,2.0,4,2,0_17,False,dependent,syn_t046_h0000011,syn_t046_h0000011_r004
14000US06089012604,5,16,9,2,2,,2.0,,2.0,4,2,0_17,False,dependent,syn_t046_h0000011,syn_t046_h0000011_r005
14000US06089012604,6,22,60,2,2,1.0,2.0,,2.0,8,1,35_64,True,generative,syn_t046_h0000011,syn_t046_h0000011_r006
14000US06089012604,1,14,44,2,2,2.0,2.0,,2.0,0,2,35_64,True,generative,syn_t046_h0000012,syn_t046_h0000012_r001
14000US06089012604,2,23,35,2,2,2.0,2.0,,2.0,12,2,35_64,True,generative,syn_t046_h0000012,syn_t046_h0000012_r002
14000US06089012604,1,102,27,2,2,2.0,2.0,,2.0,0,2,18_34,True,generative,syn_t046_h0000013,syn_t046_h0000013_r001
14000US06089012604,1,12,72,2,2,2.0,2.0,,2.0,0,2,65_plus,True,generative,syn_t046_h0000014,syn_t046_h0000014_r001
14000US06089012701,1,16,52,2,2,2.0,2.0,,2.0,0,2,35_64,True,generative,syn_t047_h0000001,syn_t047_h0000001_r001
14000US06089012701,1,34,72,2,2,2.0,2.0,,2.0,0,2,65_plus,True,generative,syn_t047_h0000002,syn_t047_h0000002_r001
14000US06089012701,2,36,67,2,2,2.0,2.0,,2.0,1,2,65_plus,True,generative,syn_t047_h0000002,syn_t047_h0000002_r002
14000US06089012701,3,32,4,2,2,,,,,7,2,0_17,False,dependent,syn_t047_h0000002,syn_t047_h0000002_r003
14000US06089012701,4,32,3,2,2,,,,,7,2,0_17,False,dependent,syn_t047_h0000002,syn_t047_h0000002_r004
14000US06089012701,1,52,90,2,2,2.0,2.0,,2.0,0,2,65_plus,True,generative,syn_t047_h0000003,syn_t047_h0000003_r001
14000US06089012701,1,84,43,2,2,2.0,2.0,,2.0,0,2,35_64,True,generative,syn_t047_h0000004,syn_t047_h0000004_r001
14000US06089012701,2,78,47,2,2,2.0,2.0,,2.0,1,2,35_64,True,generative,syn_t047_h0000004,syn_t047_h0000004_r002
14000US06089012701,3,80,16,2,2,2.0,2.0,,2.0,2,2,0_17,False,dependent,syn_t047_h0000004,syn_t047_h0000004_r003
14000US06089012701,4,84,14,2,2,,2.0,,2.0,2,2,0_17,False,dependent,syn_t047_h0000004,syn_t047_h0000004_r004
14000US06089012701,5,78,12,2,2,,2.0,,2.0,2,2,0_17,False,dependent,syn_t047_h0000004,syn_t047_h0000004_r005
14000US06089012701,1,20,76,2,2,2.0,1.0,,2.0,0,1,65_plus,True,generative,syn_t047_h0000005,syn_t047_h0000005_r001
14000US06089012701,2,23,66,2,2,2.0,1.0,,2.0,1,1,65_plus,True,generative,syn_t047_h0000005,syn_t047_h0000005_r002
14000US06089012701,1,78,67,2,2,2.0,2.0,,2.0,0,2,65_plus,True,generative,syn_t047_h0000006,syn_t047_h0000006_r001
14000US06089012701,1,11,43,2,2,2.0,2.0,,2.0,0,2,35_64,True,generative,syn_t047_h0000007,syn_t047_h0000007_r001
14000US06089012701,2,14,39,2,2,2.0,2.0,,2.0,1,2,35_64,True,generative,syn_t047_h0000007,syn_t047_h0000007_r002
14000US06089012701,3,12,17,2,2,2.0,2.0,,2.0,2,2,0_17,False,dependent,syn_t047_h0000007,syn_t047_h0000007_r003
14000US06089012701,4,14,14,2,2,,2.0,,2.0,2,2,0_17,False,dependent,syn_t047_h0000007,syn_t047_h0000007_r004
14000US06089012701,1,13,63,2,2,2.0,2.0,,2.0,0,2,35_64,True,generative,syn_t047_h0000008,syn_t047_h0000008_r001
14000US06089012701,1,24,61,1,2,2.0,2.0,2.0,2.0,0,1,35_64,True,generative,syn_t047_h0000009,syn_t047_h0000009_r001
14000US06089012701,2,23,54,2,2,2.0,2.0,,2.0,1,2,35_64,True,generative,syn_t047_h0000009,syn_t047_h0000009_r002
14000US06089012701,1,22,31,2,2,2.0,2.0,,2.0,0,2,18_34,True,generative,syn_t047_h0000010,syn_t047_h0000010_r001
14000US06089012701,2,26,29,2,2,2.0,2.0,,2.0,1,2,18_34,True,generative,syn_t047_h0000010,syn_t047_h0000010_r002
14000US06089012701,3,21,2,2,2,,,,,2,2,0_17,False,dependent,syn_t047_h0000010,syn_t047_h0000010_r003
14000US06089012701,1,16,38,2,2,2.0,2.0,5.0,2.0,0,2,35_64,True,generative,syn_t047_h0000011,syn_t047_h0000011_r001
14000US06089012701,2,14,42,2,2,2.0,2.0,,2.0,1,2,35_64,True,generative,syn_t047_h0000011,syn_t047_h0000011_r002
14000US06089012701,3,16,16,2,2,2.0,2.0,,2.0,2,2,0_17,False,dependent,syn_t047_h0000011,syn_t047_h0000011_r003
14000US06089012701,1,43,66,2,2,1.0,1.0,,2.0,0,1,65_plus,True,generative,syn_t047_h0000012,syn_t047_h0000012_r001
14000US06089012701,2,39,59,2,2,2.0,2.0,,2.0,1,2,35_64,True,generative,syn_t047_h0000012,syn_t047_h0000012_r002
14000US06089012701,3,69,23,2,2,2.0,2.0,,2.0,11,2,18_34,True,generative,syn_t047_h0000012,syn_t047_h0000012_r003
14000US06089012701,1,7,60,2,2,2.0,2.0,,2.0,0,2,35_64,True,generative,syn_t047_h0000013,syn_t047_h0000013_r001
14000US06089012701,2,8,57,2,2,2.0,2.0,,2.0,1,2,35_64,True,generative,syn_t047_h0000013,syn_t047_h0000013_r002
14000US06089012701,1,13,64,1,2,2.0,2.0,,2.0,0,1,35_64,True,generative,syn_t047_h0000014,syn_t047_h0000014_r001
14000US06089012701,2,21,61,2,2,2.0,2.0,,2.0,12,2,35_64,True,generative,syn_t047_h0000014,syn_t047_h0000014_r002
14000US06089012701,1,81,48,2,2,2.0,2.0,,2.0,0,2,35_64,True,generative,syn_t047_h0000015,syn_t047_h0000015_r001
14000US06089012701,2,68,49,2,2,2.0,2.0,,2.0,1,2,35_64,True,generative,syn_t047_h0000015,syn_t047_h0000015_r002
14000US06089012701,3,86,12,2,2,,2.0,,2.0,2,2,0_17,False,dependent,syn_t047_h0000015,syn_t047_h0000015_r003
14000US06089012701,4,86,10,2,2,,2.0,,2.0,2,2,0_17,False,dependent,syn_t047_h0000015,syn_t047_h0000015_r004
14000US06089012701,1,12,68,2,2,2.0,2.0,,2.0,0,2,65_plus,True,generative,syn_t047_h0000016,syn_t047_h0000016_r001
14000US06089012701,2,11,70,1,2,2.0,2.0,,2.0,1,1,65_plus,True,generative,syn_t047_h0000016,syn_t047_h0000016_r002
14000US06089012701,1,17,70,2,2,2.0,2.0,,2.0,0,2,65_plus,True,generative,syn_t047_h0000017,syn_t047_h0000017_r001
14000US06089012701,2,19,63,2,2,2.0,2.0,,2.0,1,2,35_64,True,generative,syn_t047_h0000017,syn_t047_h0000017_r002
14000US06089012701,1,15,23,2,2,2.0,2.0,,2.0,0,2,18_34,True,generative,syn_t047_h0000018,syn_t047_h0000018_r001
14000US06089012701,2,13,22,2,2,2.0,2.0,,2.0,1,2,18_34,True,generative,syn_t047_h0000018,syn_t047_h0000018_r002
14000US06089012701,1,6,42,2,2,2.0,2.0,,2.0,0,2,35_64,True,generative,syn_t047_h0000019,syn_t047_h0000019_r001
14000US06089012701,2,5,44,2,2,2.0,2.0,,2.0,1,2,35_64,True,generative,syn_t047_h0000019,syn_t047_h0000019_r002
14000US06089012701,3,6,1,2,2,,,,,2,2,0_17,False,dependent,syn_t047_h0000019,syn_t047_h0000019_r003
14000US06089012701,1,27,22,2,2,2.0,2.0,,2.0,0,2,18_34,True,generative,syn_t047_h0000020,syn_t047_h0000020_r001
14000US06089012701,2,25,6,2,2,,2.0,,2.0,2,2,0_17,False,dependent,syn_t047_h0000020,syn_t047_h0000020_r002
14000US06089012701,3,16,4,2,2,,,,,2,2,0_17,False,dependent,syn_t047_h0000020,syn_t047_h0000020_r003
14000US06089012701,1,30,26,2,2,2.0,2.0,,2.0,0,2,18_34,True,generative,syn_t047_h0000021,syn_t047_h0000021_r001
14000US06089012701,2,24,2,2,2,,,,,2,2,0_17,False,dependent,syn_t047_h0000021,syn_t047_h0000021_r002
14000US06089012701,3,24,0,2,2,,,,,2,2,0_17,False,dependent,syn_t047_h0000021,syn_t047_h0000021_r003
14000US06089012701,4,24,10,2,2,,2.0,,2.0,4,2,0_17,False,dependent,syn_t047_h0000021,syn_t047_h0000021_r004
14000US06089012701,5,24,7,2,2,,2.0,,2.0,4,2,0_17,False,dependent,syn_t047_h0000021,syn_t047_h0000021_r005
14000US06089012701,6,17,34,2,2,2.0,2.0,,2.0,13,2,18_34,True,generative,syn_t047_h0000021,syn_t047_h0000021_r006
14000US06089012701,1,13,72,2,2,2.0,2.0,,1.0,0,1,65_plus,True,generative,syn_t047_h0000022,syn_t047_h0000022_r001
14000US06089012701,2,13,65,2,2,2.0,2.0,,2.0,1,2,65_plus,True,generative,syn_t047_h0000022,syn_t047_h0000022_r002
14000US06089012701,1,31,25,2,2,2.0,2.0,,2.0,0,2,18_34,True,generative,syn_t047_h0000023,syn_t047_h0000023_r001
14000US06089012701,2,32,26,2,2,2.0,2.0,,2.0,1,2,18_34,True,generative,syn_t047_h0000023,syn_t047_h0000023_r002
14000US06089012701,3,28,5,2,2,,2.0,,2.0,2,2,0_17,False,dependent,syn_t047_h0000023,syn_t047_h0000023_r003
14000US06089012701,4,26,3,2,2,,,,,2,2,0_17,False,dependent,syn_t047_h0000023,syn_t047_h0000023_r004
14000US06089012701,5,32,1,2,2,,,,,2,2,0_17,False,dependent,syn_t047_h0000023,syn_t047_h0000023_r005
14000US06089012701,1,15,55,2,2,2.0,2.0,,2.0,0,2,35_64,True,generative,syn_t047_h0000024,syn_t047_h0000024_r001
14000US06089012701,2,27,29,2,2,2.0,2.0,,2.0,2,2,18_34,True,generative,syn_t047_h0000024,syn_t047_h0000024_r002
14000US06089012701,3,18,10,2,2,,2.0,,2.0,7,2,0_17,False,dependent,syn_t047_h0000024,syn_t047_h0000024_r003
14000US06089012701,4,17,7,2,2,,2.0,,2.0,7,2,0_17,False,dependent,syn_t047_h0000024,syn_t047_h0000024_r004
14000US06089012701,1,11,62,2,2,2.0,2.0,,2.0,0,2,35_64,True,generative,syn_t047_h0000025,syn_t047_h0000025_r001
14000US06089012701,2,11,65,1,2,2.0,2.0,,2.0,1,1,65_plus,True,generative,syn_t047_h0000025,syn_t047_h0000025_r002
14000US06089012701,1,14,34,2,2,2.0,2.0,,2.0,0,2,18_34,True,generative,syn_t047_h0000026,syn_t047_h0000026_r001
14000US06089012701,2,16,36,2,2,1.0,2.0,,2.0,1,1,35_64,True,generative,syn_t047_h0000026,syn_t047_h0000026_r002
14000US06089012701,3,18,5,2,2,,2.0,,2.0,2,2,0_17,False,dependent,syn_t047_h0000026,syn_t047_h0000026_r003
14000US06089012701,4,17,3,2,2,,,,,2,2,0_17,False,dependent,syn_t047_h0000026,syn_t047_h0000026_r004
14000US06089012702,1,14,94,1,2,1.0,1.0,2.0,2.0,0,1,65_plus,True,generative,syn_t048_h0000001,syn_t048_h0000001_r001
14000US06089012702,2,16,84,2,2,2.0,2.0,,2.0,1,2,65_plus,True,generative,syn_t048_h0000001,syn_t048_h0000001_r002
14000US06089012702,1,44,31,2,2,2.0,2.0,,2.0,0,2,18_34,True,generative,syn_t048_h0000002,syn_t048_h0000002_r001
14000US06089012702,2,40,29,2,2,2.0,2.0,,2.0,1,2,18_34,True,generative,syn_t048_h0000002,syn_t048_h0000002_r002
14000US06089012702,3,41,13,2,2,,2.0,,2.0,2,2,0_17,False,dependent,syn_t048_h0000002,syn_t048_h0000002_r003
14000US06089012702,4,46,4,2,2,,,,,2,2,0_17,False,dependent,syn_t048_h0000002,syn_t048_h0000002_r004
14000US06089012702,5,37,2,2,2,,,,,2,2,0_17,False,dependent,syn_t048_h0000002,syn_t048_h0000002_r005
14000US06089012702,1,16,65,1,1,2.0,1.0,,2.0,0,1,65_plus,True,generative,syn_t048_h0000003,syn_t048_h0000003_r001
14000US06089012702,1,12,54,2,2,2.0,2.0,,2.0,0,2,35_64,True,generative,syn_t048_h0000004,syn_t048_h0000004_r001
14000US06089012702,2,19,17,2,2,2.0,2.0,,2.0,2,2,0_17,False,dependent,syn_t048_h0000004,syn_t048_h0000004_r002
14000US06089012702,1,12,73,2,2,2.0,2.0,,2.0,0,2,65_plus,True,generative,syn_t048_h0000005,syn_t048_h0000005_r001
14000US06089012702,2,12,73,1,2,2.0,1.0,,2.0,1,1,65_plus,True,generative,syn_t048_h0000005,syn_t048_h0000005_r002
14000US06089012702,3,21,94,2,2,2.0,2.0,,2.0,6,2,65_plus,True,generative,syn_t048_h0000005,syn_t048_h0000005_r003
14000US06089012702,1,8,86,2,2,1.0,1.0,,2.0,0,1,65_plus,True,generative,syn_t048_h0000006,syn_t048_h0000006_r001
14000US06089012702,1,36,35,2,2,2.0,2.0,,2.0,0,2,35_64,True,generative,syn_t048_h0000007,syn_t048_h0000007_r001
14000US06089012702,1,9,85,1,2,2.0,1.0,3.0,2.0,0,1,65_plus,True,generative,syn_t048_h0000008,syn_t048_h0000008_r001
14000US06089012702,1,7,81,1,2,2.0,2.0,,2.0,0,1,65_plus,True,generative,syn_t048_h0000009,syn_t048_h0000009_r001
14000US06089012702,2,8,70,2,2,2.0,2.0,,2.0,1,2,65_plus,True,generative,syn_t048_h0000009,syn_t048_h0000009_r002
14000US06089012702,3,8,35,2,2,2.0,2.0,,2.0,2,2,35_64,True,generative,syn_t048_h0000009,syn_t048_h0000009_r003
14000US06089012702,4,8,10,2,2,,2.0,,2.0,7,2,0_17,False,dependent,syn_t048_h0000009,syn_t048_h0000009_r004
14000US06089012702,5,8,7,2,2,,2.0,,2.0,7,2,0_17,False,dependent,syn_t048_h0000009,syn_t048_h0000009_r005
14000US06089012702,6,10,2,2,2,,,,,7,2,0_17,False,dependent,syn_t048_h0000009,syn_t048_h0000009_r006
14000US06089012702,1,21,72,1,1,2.0,2.0,2.0,2.0,0,1,65_plus,True,generative,syn_t048_h0000010,syn_t048_h0000010_r001
14000US06089012702,2,42,64,2,2,2.0,2.0,,2.0,1,2,35_64,True,generative,syn_t048_h0000010,syn_t048_h0000010_r002
14000US06089012702,1,9,81,1,2,2.0,2.0,,2.0,0,1,65_plus,True,generative,syn_t048_h0000011,syn_t048_h0000011_r001
14000US06089012702,2,11,76,1,2,2.0,2.0,,2.0,1,1,65_plus,True,generative,syn_t048_h0000011,syn_t048_h0000011_r002
14000US06089012702,1,17,55,2,2,2.0,2.0,,2.0,0,2,35_64,True,generative,syn_t048_h0000012,syn_t048_h0000012_r001
14000US06089012702,2,18,61,2,2,2.0,2.0,,2.0,1,2,35_64,True,generative,syn_t048_h0000012,syn_t048_h0000012_r002
14000US06089012702,3,20,84,2,2,2.0,2.0,,2.0,8,2,65_plus,True,generative,syn_t048_h0000012,syn_t048_h0000012_r003
14000US06089012702,1,12,52,2,2,2.0,2.0,,2.0,0,2,35_64,True,generative,syn_t048_h0000013,syn_t048_h0000013_r001
14000US06089012702,2,18,54,2,1,2.0,2.0,,2.0,5,1,35_64,True,generative,syn_t048_h0000013,syn_t048_h0000013_r002
14000US06089012702,1,12,66,2,2,2.0,2.0,,2.0,0,2,65_plus,True,generative,syn_t048_h0000014,syn_t048_h0000014_r001
14000US06089012702,1,11,66,2,2,2.0,2.0,,2.0,0,2,65_plus,True,generative,syn_t048_h0000015,syn_t048_h0000015_r001
14000US06089012702,2,11,65,2,2,2.0,2.0,,2.0,1,2,65_plus,True,generative,syn_t048_h0000015,syn_t048_h0000015_r002
14000US06089012702,3,14,24,2,2,2.0,2.0,,2.0,2,2,18_34,True,generative,syn_t048_h0000015,syn_t048_h0000015_r003
14000US06089012702,4,18,69,2,2,2.0,2.0,,2.0,10,2,65_plus,True,generative,syn_t048_h0000015,syn_t048_h0000015_r004
14000US06089012702,1,15,71,2,2,2.0,2.0,,2.0,0,2,65_plus,True,generative,syn_t048_h0000016,syn_t048_h0000016_r001
14000US06089012702,2,14,73,2,2,2.0,2.0,,2.0,1,2,65_plus,True,generative,syn_t048_h0000016,syn_t048_h0000016_r002
