geoid,PUMA,WGTP,NP,TYPE,VEH,HHT,HINCP,household_income,vehicle_count,household_structure,household_older_adult_presence,weight,household_size,synthetic_household_id
14000US06089010100,8900,37,1,1,1.0,4.0,22000.0,20000_24999,1,nonfamily_living_alone,has_65_plus,37.0,1,syn_t001_h0000001
14000US06089010100,8900,13,1,1,2.0,4.0,18000.0,15000_19999,2,nonfamily_living_alone,no_65_plus,13.0,1,syn_t001_h0000002
14000US06089010100,8900,35,3,1,2.0,7.0,26300.0,25000_29999,2,nonfamily_not_living_alone,no_65_plus,35.0,3,syn_t001_h0000003
14000US06089010100,8900,14,1,1,1.0,6.0,49800.0,45000_49999,1,nonfamily_not_living_alone,has_65_plus,14.0,1,syn_t001_h0000004
14000US06089010100,8900,10,2,1,1.0,1.0,34000.0,30000_34999,1,married_couple,has_65_plus,10.0,2,syn_t001_h0000005
14000US06089010100,8900,15,1,1,1.0,6.0,42000.0,40000_44999,1,nonfamily_not_living_alone,no_65_plus,15.0,1,syn_t001_h0000006
14000US06089010100,8900,10,1,1,1.0,4.0,28000.0,25000_29999,1,nonfamily_living_alone,no_65_plus,10.0,1,syn_t001_h0000007
14000US06089010100,8900,21,1,1,0.0,4.0,11500.0,10000_14999,0,nonfamily_living_alone,has_65_plus,21.0,1,syn_t001_h0000008
14000US06089010100,8900,59,1,1,1.0,4.0,50000.0,50000_59999,1,nonfamily_living_alone,no_65_plus,59.0,1,syn_t001_h0000009
14000US06089010100,8900,12,1,1,1.0,4.0,16700.0,15000_19999,1,nonfamily_living_alone,no_65_plus,12.0,1,syn_t001_h0000010
14000US06089010200,8900,71,1,1,0.0,4.0,1000.0,lt_10000,0,nonfamily_living_alone,no_65_plus,71.0,1,syn_t002_h0000001
14000US06089010200,8900,13,1,1,1.0,4.0,34900.0,30000_34999,1,nonfamily_living_alone,has_65_plus,13.0,1,syn_t002_h0000002
14000US06089010200,8900,4,2,1,2.0,1.0,38900.0,35000_39999,2,married_couple,no_65_plus,4.0,2,syn_t002_h0000003
14000US06089010200,8900,12,1,1,1.0,4.0,27600.0,25000_29999,1,nonfamily_living_alone,has_65_plus,12.0,1,syn_t002_h0000004
14000US06089010200,8900,13,2,1,2.0,2.0,26000.0,25000_29999,2,other_male_householder,no_65_plus,13.0,2,syn_t002_h0000005
14000US06089010200,8900,19,1,1,1.0,6.0,11600.0,10000_14999,1,nonfamily_not_living_alone,has_65_plus,19.0,1,syn_t002_h0000006
14000US06089010200,8900,14,2,1,1.0,3.0,10800.0,10000_14999,1,other_female_householder,no_65_plus,14.0,2,syn_t002_h0000007
14000US06089010200,8900,62,3,1,1.0,3.0,36000.0,35000_39999,1,other_female_householder,no_65_plus,62.0,3,syn_t002_h0000008
14000US06089010200,8900,4,2,1,1.0,1.0,53100.0,50000_59999,1,married_couple,has_65_plus,4.0,2,syn_t002_h0000009
14000US06089010200,8900,35,2,1,3.0,1.0,77200.0,75000_99999,3,married_couple,has_65_plus,35.0,2,syn_t002_h0000010
14000US06089010200,8900,57,2,1,0.0,2.0,20000.0,20000_24999,0,other_male_householder,no_65_plus,57.0,2,syn_t002_h0000011
14000US06089010200,8900,36,1,1,1.0,4.0,24000.0,20000_24999,1,nonfamily_living_alone,no_65_plus,36.0,1,syn_t002_h0000012
14000US06089010200,8900,9,1,1,1.0,4.0,20000.0,20000_24999,1,nonfamily_living_alone,no_65_plus,9.0,1,syn_t002_h0000013
14000US06089010200,8900,18,1,1,0.0,4.0,25000.0,25000_29999,0,nonfamily_living_alone,has_65_plus,18.0,1,syn_t002_h0000014
14000US06089010200,8900,12,1,1,2.0,4.0,56900.0,50000_59999,2,nonfamily_living_alone,has_65_plus,12.0,1,syn_t002_h0000015
14000US06089010200,8900,24,2,1,1.0,1.0,60000.0,60000_74999,1,married_couple,no_65_plus,24.0,2,syn_t002_h0000016
14000US06089010300,8900,42,3,1,1.0,1.0,45800.0,45000_49999,1,married_couple,has_65_plus,42.0,3,syn_t003_h0000001
14000US06089010300,8900,16,3,1,4.0,1.0,15000.0,15000_19999,4_plus,married_couple,no_65_plus,16.0,3,syn_t003_h0000002
14000US06089010300,8900,12,2,1,1.0,7.0,10500.0,10000_14999,1,nonfamily_not_living_alone,no_65_plus,12.0,2,syn_t003_h0000003
14000US06089010300,8900,71,2,1,2.0,1.0,64000.0,60000_74999,2,married_couple,no_65_plus,71.0,2,syn_t003_h0000004
14000US06089010300,8900,36,2,1,1.0,7.0,43800.0,40000_44999,1,nonfamily_not_living_alone,no_65_plus,36.0,2,syn_t003_h0000005
14000US06089010300,8900,79,2,1,2.0,1.0,60000.0,60000_74999,2,married_couple,no_65_plus,79.0,2,syn_t003_h0000006
14000US06089010300,8900,36,1,1,0.0,6.0,13000.0,10000_14999,0,nonfamily_not_living_alone,no_65_plus,36.0,1,syn_t003_h0000007
14000US06089010300,8900,48,3,1,2.0,3.0,30000.0,30000_34999,2,other_female_householder,no_65_plus,48.0,3,syn_t003_h0000008
14000US06089010300,8900,16,4,1,4.0,1.0,128000.0,125000_149999,4_plus,married_couple,no_65_plus,16.0,4,syn_t003_h0000009
14000US06089010300,8900,25,4,1,3.0,1.0,99400.0,75000_99999,3,married_couple,no_65_plus,25.0,4,syn_t003_h0000010
14000US06089010300,8900,62,2,1,1.0,1.0,26500.0,25000_29999,1,married_couple,no_65_plus,62.0,2,syn_t003_h0000011
14000US06089010300,8900,44,1,1,2.0,4.0,126900.0,125000_149999,2,nonfamily_living_alone,has_65_plus,44.0,1,syn_t003_h0000012
14000US06089010300,8900,42,4,1,0.0,3.0,14400.0,10000_14999,0,other_female_householder,no_65_plus,42.0,4,syn_t003_h0000013
14000US06089010300,8900,11,3,1,3.0,3.0,34500.0,30000_34999,3,other_female_householder,no_65_plus,11.0,3,syn_t003_h0000014
14000US06089010300,8900,21,4,1,4.0,1.0,129580.0,125000_149999,4_plus,married_couple,has_65_plus,21.0,4,syn_t003_h0000015
14000US06089010300,8900,41,3,1,2.0,2.0,32900.0,30000_34999,2,other_male_householder,no_65_plus,41.0,3,syn_t003_h0000016
14000US06089010300,8900,12,1,1,1.0,4.0,16700.0,15000_19999,1,nonfamily_living_alone,no_65_plus,12.0,1,syn_t003_h0000017
14000US06089010300,8900,7,2,1,2.0,1.0,40010.0,40000_44999,2,married_couple,has_65_plus,7.0,2,syn_t003_h0000018
14000US06089010300,8900,46,2,1,1.0,3.0,38780.0,35000_39999,1,other_female_householder,no_65_plus,46.0,2,syn_t003_h0000019
14000US06089010300,8900,10,3,1,2.0,1.0,133500.0,125000_149999,2,married_couple,has_65_plus,10.0,3,syn_t003_h0000020
14000US06089010300,8900,50,2,1,2.0,1.0,26000.0,25000_29999,2,married_couple,no_65_plus,50.0,2,syn_t003_h0000021
14000US06089010300,8900,8,1,1,1.0,6.0,71600.0,60000_74999,1,nonfamily_not_living_alone,no_65_plus,8.0,1,syn_t003_h0000022
14000US06089010400,8900,5,1,1,1.0,4.0,13000.0,10000_14999,1,nonfamily_living_alone,no_65_plus,5.0,1,syn_t004_h0000001
14000US06089010400,8900,31,1,1,0.0,4.0,0.0,lt_10000,0,nonfamily_living_alone,no_65_plus,31.0,1,syn_t004_h0000002
14000US06089010400,8900,26,4,1,2.0,3.0,36800.0,35000_39999,2,other_female_householder,no_65_plus,26.0,4,syn_t004_h0000003
14000US06089010400,8900,11,1,1,0.0,4.0,1400.0,lt_10000,0,nonfamily_living_alone,no_65_plus,11.0,1,syn_t004_h0000004
14000US06089010400,8900,16,1,1,1.0,6.0,12300.0,10000_14999,1,nonfamily_not_living_alone,has_65_plus,16.0,1,syn_t004_h0000005
14000US06089010400,8900,43,3,1,2.0,1.0,47000.0,45000_49999,2,married_couple,no_65_plus,43.0,3,syn_t004_h0000006
14000US06089010400,8900,33,2,1,2.0,1.0,83500.0,75000_99999,2,married_couple,has_65_plus,33.0,2,syn_t004_h0000007
14000US06089010400,8900,48,1,1,1.0,4.0,23000.0,20000_24999,1,nonfamily_living_alone,no_65_plus,48.0,1,syn_t004_h0000008
14000US06089010400,8900,42,2,1,2.0,3.0,40600.0,40000_44999,2,other_female_householder,has_65_plus,42.0,2,syn_t004_h0000009
14000US06089010400,8900,18,2,1,3.0,1.0,84000.0,75000_99999,3,married_couple,no_65_plus,18.0,2,syn_t004_h0000010
14000US06089010400,8900,28,3,1,3.0,1.0,257460.0,200000_plus,3,married_couple,no_65_plus,28.0,3,syn_t004_h0000011
14000US06089010400,8900,63,3,1,2.0,1.0,150000.0,150000_199999,2,married_couple,no_65_plus,63.0,3,syn_t004_h0000012
14000US06089010400,8900,45,2,1,2.0,1.0,75000.0,75000_99999,2,married_couple,no_65_plus,45.0,2,syn_t004_h0000013
14000US06089010400,8900,75,7,1,1.0,1.0,36700.0,35000_39999,1,married_couple,has_65_plus,75.0,7,syn_t004_h0000014
14000US06089010400,8900,9,1,1,1.0,4.0,12000.0,10000_14999,1,nonfamily_living_alone,has_65_plus,9.0,1,syn_t004_h0000015
14000US06089010400,8900,23,4,1,4.0,1.0,182000.0,150000_199999,4_plus,married_couple,has_65_plus,23.0,4,syn_t004_h0000016
14000US06089010400,8900,57,2,1,0.0,2.0,20000.0,20000_24999,0,other_male_householder,no_65_plus,57.0,2,syn_t004_h0000017
14000US06089010400,8900,22,1,1,1.0,4.0,32000.0,30000_34999,1,nonfamily_living_alone,no_65_plus,22.0,1,syn_t004_h0000018
14000US06089010400,8900,27,4,1,3.0,3.0,52000.0,50000_59999,3,other_female_householder,no_65_plus,27.0,4,syn_t004_h0000019
14000US06089010400,8900,24,1,1,0.0,4.0,14700.0,10000_14999,0,nonfamily_living_alone,has_65_plus,24.0,1,syn_t004_h0000020
14000US06089010400,8900,39,2,1,2.0,3.0,55000.0,50000_59999,2,other_female_householder,no_65_plus,39.0,2,syn_t004_h0000021
14000US06089010400,8900,13,2,1,2.0,1.0,42200.0,40000_44999,2,married_couple,has_65_plus,13.0,2,syn_t004_h0000022
14000US06089010400,8900,26,2,1,1.0,3.0,40000.0,40000_44999,1,other_female_householder,no_65_plus,26.0,2,syn_t004_h0000023
14000US06089010500,8900,36,1,1,1.0,4.0,20000.0,20000_24999,1,nonfamily_living_alone,no_65_plus,36.0,1,syn_t005_h0000001
14000US06089010500,8900,14,4,1,2.0,1.0,80000.0,75000_99999,2,married_couple,no_65_plus,14.0,4,syn_t005_h0000002
14000US06089010500,8900,44,2,1,1.0,3.0,35000.0,35000_39999,1,other_female_householder,no_65_plus,44.0,2,syn_t005_h0000003
14000US06089010500,8900,25,2,1,1.0,2.0,3800.0,lt_10000,1,other_male_householder,no_65_plus,25.0,2,syn_t005_h0000004
14000US06089010500,8900,75,7,1,1.0,1.0,36700.0,35000_39999,1,married_couple,has_65_plus,75.0,7,syn_t005_h0000005
14000US06089010500,8900,45,3,1,3.0,1.0,63000.0,60000_74999,3,married_couple,no_65_plus,45.0,3,syn_t005_h0000006
14000US06089010500,8900,12,4,1,2.0,1.0,30000.0,30000_34999,2,married_couple,no_65_plus,12.0,4,syn_t005_h0000007
14000US06089010500,8900,15,3,1,2.0,3.0,56000.0,50000_59999,2,other_female_householder,no_65_plus,15.0,3,syn_t005_h0000008
14000US06089010500,8900,75,1,1,1.0,4.0,10000.0,10000_14999,1,nonfamily_living_alone,no_65_plus,75.0,1,syn_t005_h0000009
14000US06089010500,8900,36,3,1,1.0,2.0,13000.0,10000_14999,1,other_male_householder,no_65_plus,36.0,3,syn_t005_h0000010
14000US06089010500,8900,14,1,1,1.0,6.0,11400.0,10000_14999,1,nonfamily_not_living_alone,no_65_plus,14.0,1,syn_t005_h0000011
14000US06089010500,8900,15,3,1,0.0,1.0,127050.0,125000_149999,0,married_couple,no_65_plus,15.0,3,syn_t005_h0000012
14000US06089010500,8900,11,2,1,3.0,1.0,13600.0,10000_14999,3,married_couple,no_65_plus,11.0,2,syn_t005_h0000013
14000US06089010500,8900,39,2,1,1.0,1.0,43200.0,40000_44999,1,married_couple,no_65_plus,39.0,2,syn_t005_h0000014
14000US06089010500,8900,13,1,1,3.0,4.0,75000.0,75000_99999,3,nonfamily_living_alone,no_65_plus,13.0,1,syn_t005_h0000015
14000US06089010500,8900,12,1,1,2.0,4.0,250000.0,200000_plus,2,nonfamily_living_alone,no_65_plus,12.0,1,syn_t005_h0000016
14000US06089010500,8900,13,2,1,1.0,1.0,42500.0,40000_44999,1,married_couple,has_65_plus,13.0,2,syn_t005_h0000017
14000US06089010500,8900,20,1,1,1.0,6.0,65000.0,60000_74999,1,nonfamily_not_living_alone,no_65_plus,20.0,1,syn_t005_h0000018
14000US06089010500,8900,71,4,1,2.0,5.0,42300.0,40000_44999,2,nonfamily_living_alone,no_65_plus,71.0,4,syn_t005_h0000019
14000US06089010500,8900,38,2,1,2.0,5.0,0.0,lt_10000,2,nonfamily_living_alone,has_65_plus,38.0,2,syn_t005_h0000020
14000US06089010500,8900,56,5,1,2.0,3.0,80000.0,75000_99999,2,other_female_householder,no_65_plus,56.0,5,syn_t005_h0000021
14000US06089010500,8900,21,2,1,1.0,3.0,66500.0,60000_74999,1,other_female_householder,no_65_plus,21.0,2,syn_t005_h0000022
14000US06089010500,8900,90,3,1,2.0,1.0,72000.0,60000_74999,2,married_couple,no_65_plus,90.0,3,syn_t005_h0000023
14000US06089010500,8900,37,1,1,0.0,4.0,11500.0,10000_14999,0,nonfamily_living_alone,no_65_plus,37.0,1,syn_t005_h0000024
14000US06089010500,8900,42,4,1,2.0,1.0,76000.0,75000_99999,2,married_couple,no_65_plus,42.0,4,syn_t005_h0000025
14000US06089010500,8900,22,4,1,2.0,2.0,69600.0,60000_74999,2,other_male_householder,no_65_plus,22.0,4,syn_t005_h0000026
14000US06089010500,8900,45,1,1,0.0,4.0,11400.0,10000_14999,0,nonfamily_living_alone,no_65_plus,45.0,1,syn_t005_h0000027
14000US06089010500,8900,41,5,1,3.0,1.0,40000.0,40000_44999,3,married_couple,no_65_plus,41.0,5,syn_t005_h0000028
14000US06089010500,8900,30,4,1,2.0,1.0,62000.0,60000_74999,2,married_couple,no_65_plus,30.0,4,syn_t005_h0000029
14000US06089010500,8900,19,1,1,1.0,6.0,78300.0,75000_99999,1,nonfamily_not_living_alone,has_65_plus,19.0,1,syn_t005_h0000030
14000US06089010601,8900,12,2,1,2.0,1.0,72600.0,60000_74999,2,married_couple,has_65_plus,12.0,2,syn_t006_h0000001
14000US06089010601,8900,62,2,1,2.0,1.0,75000.0,75000_99999,2,married_couple,has_65_plus,62.0,2,syn_t006_h0000002
14000US06089010601,8900,11,2,1,3.0,1.0,88300.0,75000_99999,3,married_couple,no_65_plus,11.0,2,syn_t006_h0000003
14000US06089010601,8900,12,8,1,2.0,3.0,164100.0,150000_199999,2,other_female_householder,has_65_plus,12.0,8,syn_t006_h0000004
14000US06089010601,8900,33,3,1,2.0,1.0,65000.0,60000_74999,2,married_couple,no_65_plus,33.0,3,syn_t006_h0000005
14000US06089010601,8900,5,5,1,6.0,3.0,149000.0,125000_149999,4_plus,other_female_householder,has_65_plus,5.0,5,syn_t006_h0000006
14000US06089010601,8900,48,1,1,0.0,4.0,15600.0,15000_19999,0,nonfamily_living_alone,has_65_plus,48.0,1,syn_t006_h0000007
14000US06089010601,8900,50,5,1,2.0,1.0,50500.0,50000_59999,2,married_couple,no_65_plus,50.0,5,syn_t006_h0000008
14000US06089010601,8900,12,2,1,2.0,1.0,36400.0,35000_39999,2,married_couple,has_65_plus,12.0,2,syn_t006_h0000009
14000US06089010601,8900,32,1,1,1.0,4.0,168000.0,150000_199999,1,nonfamily_living_alone,no_65_plus,32.0,1,syn_t006_h0000010
14000US06089010601,8900,4,2,1,2.0,1.0,200000.0,200000_plus,2,married_couple,has_65_plus,4.0,2,syn_t006_h0000011
14000US06089010601,8900,98,4,1,2.0,1.0,63000.0,60000_74999,2,married_couple,no_65_plus,98.0,4,syn_t006_h0000012
14000US06089010601,8900,14,3,1,2.0,1.0,132400.0,125000_149999,2,married_couple,has_65_plus,14.0,3,syn_t006_h0000013
14000US06089010601,8900,10,1,1,1.0,4.0,34000.0,30000_34999,1,nonfamily_living_alone,no_65_plus,10.0,1,syn_t006_h0000014
14000US06089010602,8900,42,2,1,2.0,2.0,48900.0,45000_49999,2,other_male_householder,no_65_plus,42.0,2,syn_t007_h0000001
14000US06089010602,8900,26,2,1,1.0,3.0,40000.0,40000_44999,1,other_female_householder,no_65_plus,26.0,2,syn_t007_h0000002
14000US06089010602,8900,25,5,1,3.0,1.0,60000.0,60000_74999,3,married_couple,no_65_plus,25.0,5,syn_t007_h0000003
14000US06089010602,8900,11,8,1,3.0,1.0,101800.0,100000_124999,3,married_couple,no_65_plus,11.0,8,syn_t007_h0000004
14000US06089010602,8900,7,2,1,2.0,1.0,160000.0,150000_199999,2,married_couple,has_65_plus,7.0,2,syn_t007_h0000005
14000US06089010602,8900,22,1,1,2.0,4.0,41100.0,40000_44999,2,nonfamily_living_alone,has_65_plus,22.0,1,syn_t007_h0000006
14000US06089010602,8900,39,1,1,0.0,4.0,20000.0,20000_24999,0,nonfamily_living_alone,no_65_plus,39.0,1,syn_t007_h0000007
14000US06089010602,8900,34,2,1,5.0,1.0,105000.0,100000_124999,4_plus,married_couple,no_65_plus,34.0,2,syn_t007_h0000008
14000US06089010602,8900,13,2,1,2.0,1.0,75000.0,75000_99999,2,married_couple,no_65_plus,13.0,2,syn_t007_h0000009
14000US06089010602,8900,13,1,1,1.0,4.0,35000.0,35000_39999,1,nonfamily_living_alone,no_65_plus,13.0,1,syn_t007_h0000010
14000US06089010602,8900,6,4,1,4.0,1.0,141400.0,125000_149999,4_plus,married_couple,has_65_plus,6.0,4,syn_t007_h0000011
14000US06089010602,8900,56,1,1,1.0,4.0,20000.0,20000_24999,1,nonfamily_living_alone,no_65_plus,56.0,1,syn_t007_h0000012
14000US06089010602,8900,6,2,1,2.0,1.0,51500.0,50000_59999,2,married_couple,has_65_plus,6.0,2,syn_t007_h0000013
14000US06089010602,8900,64,4,1,2.0,3.0,115700.0,100000_124999,2,other_female_householder,no_65_plus,64.0,4,syn_t007_h0000014
14000US06089010602,8900,15,2,1,2.0,1.0,110000.0,100000_124999,2,married_couple,no_65_plus,15.0,2,syn_t007_h0000015
14000US06089010602,8900,20,2,1,2.0,1.0,59890.0,50000_59999,2,married_couple,has_65_plus,20.0,2,syn_t007_h0000016
14000US06089010602,8900,19,2,1,2.0,2.0,26000.0,25000_29999,2,other_male_householder,no_65_plus,19.0,2,syn_t007_h0000017
14000US06089010602,8900,37,1,1,1.0,4.0,22000.0,20000_24999,1,nonfamily_living_alone,has_65_plus,37.0,1,syn_t007_h0000018
14000US06089010602,8900,20,4,1,4.0,1.0,176000.0,150000_199999,4_plus,married_couple,no_65_plus,20.0,4,syn_t007_h0000019
14000US06089010602,8900,56,4,1,2.0,1.0,38000.0,35000_39999,2,married_couple,no_65_plus,56.0,4,syn_t007_h0000020
14000US06089010602,8900,12,2,1,0.0,1.0,38600.0,35000_39999,0,married_couple,has_65_plus,12.0,2,syn_t007_h0000021
14000US06089010602,8900,47,1,1,1.0,4.0,10500.0,10000_14999,1,nonfamily_living_alone,no_65_plus,47.0,1,syn_t007_h0000022
14000US06089010602,8900,11,1,1,1.0,4.0,57000.0,50000_59999,1,nonfamily_living_alone,no_65_plus,11.0,1,syn_t007_h0000023
14000US06089010602,8900,69,1,1,1.0,4.0,40000.0,40000_44999,1,nonfamily_living_alone,no_65_plus,69.0,1,syn_t007_h0000024
14000US06089010602,8900,70,1,1,1.0,4.0,10000.0,10000_14999,1,nonfamily_living_alone,no_65_plus,70.0,1,syn_t007_h0000025
14000US06089010602,8900,20,2,1,2.0,1.0,68000.0,60000_74999,2,married_couple,no_65_plus,20.0,2,syn_t007_h0000026
14000US06089010602,8900,11,2,1,2.0,1.0,90000.0,75000_99999,2,married_couple,no_65_plus,11.0,2,syn_t007_h0000027
14000US06089010602,8900,24,2,1,2.0,3.0,20300.0,20000_24999,2,other_female_householder,has_65_plus,24.0,2,syn_t007_h0000028
14000US06089010602,8900,35,2,1,3.0,5.0,157000.0,150000_199999,3,nonfamily_living_alone,no_65_plus,35.0,2,syn_t007_h0000029
14000US06089010602,8900,19,2,1,3.0,1.0,283000.0,200000_plus,3,married_couple,no_65_plus,19.0,2,syn_t007_h0000030
14000US06089010602,8900,25,2,1,4.0,1.0,94800.0,75000_99999,4_plus,married_couple,has_65_plus,25.0,2,syn_t007_h0000031
14000US06089010602,8900,7,2,1,1.0,1.0,208000.0,200000_plus,1,married_couple,has_65_plus,7.0,2,syn_t007_h0000032
14000US06089010602,8900,15,4,1,4.0,1.0,207000.0,200000_plus,4_plus,married_couple,no_65_plus,15.0,4,syn_t007_h0000033
14000US06089010602,8900,26,2,1,2.0,1.0,88000.0,75000_99999,2,married_couple,has_65_plus,26.0,2,syn_t007_h0000034
14000US06089010603,8900,35,2,1,1.0,1.0,30401.0,30000_34999,1,married_couple,has_65_plus,35.0,2,syn_t008_h0000001
14000US06089010603,8900,11,1,1,2.0,4.0,13100.0,10000_14999,2,nonfamily_living_alone,has_65_plus,11.0,1,syn_t008_h0000002
14000US06089010603,8900,23,4,1,2.0,1.0,58500.0,50000_59999,2,married_couple,no_65_plus,23.0,4,syn_t008_h0000003
14000US06089010603,8900,13,5,1,3.0,1.0,51380.0,50000_59999,3,married_couple,no_65_plus,13.0,5,syn_t008_h0000004
14000US06089010603,8900,14,3,1,3.0,1.0,74000.0,60000_74999,3,married_couple,no_65_plus,14.0,3,syn_t008_h0000005
14000US06089010603,8900,11,2,1,3.0,1.0,100000.0,100000_124999,3,married_couple,has_65_plus,11.0,2,syn_t008_h0000006
14000US06089010603,8900,18,6,1,2.0,1.0,112000.0,100000_124999,2,married_couple,no_65_plus,18.0,6,syn_t008_h0000007
14000US06089010603,8900,15,4,1,3.0,1.0,33000.0,30000_34999,3,married_couple,no_65_plus,15.0,4,syn_t008_h0000008
14000US06089010702,8900,13,1,1,2.0,4.0,18000.0,15000_19999,2,nonfamily_living_alone,no_65_plus,13.0,1,syn_t009_h0000001
14000US06089010702,8900,41,2,1,1.0,1.0,60000.0,60000_74999,1,married_couple,no_65_plus,41.0,2,syn_t009_h0000002
14000US06089010702,8900,9,1,1,0.0,4.0,23500.0,20000_24999,0,nonfamily_living_alone,has_65_plus,9.0,1,syn_t009_h0000003
14000US06089010702,8900,9,3,1,1.0,2.0,112640.0,100000_124999,1,other_male_householder,no_65_plus,9.0,3,syn_t009_h0000004
14000US06089010702,8900,38,2,1,2.0,1.0,92500.0,75000_99999,2,married_couple,has_65_plus,38.0,2,syn_t009_h0000005
14000US06089010702,8900,8,1,1,1.0,6.0,75000.0,75000_99999,1,nonfamily_not_living_alone,no_65_plus,8.0,1,syn_t009_h0000006
14000US06089010702,8900,13,3,1,3.0,3.0,43960.0,40000_44999,3,other_female_householder,no_65_plus,13.0,3,syn_t009_h0000007
14000US06089010702,8900,22,2,1,4.0,1.0,60300.0,60000_74999,4_plus,married_couple,has_65_plus,22.0,2,syn_t009_h0000008
14000US06089010702,8900,38,1,1,2.0,4.0,108500.0,100000_124999,2,nonfamily_living_alone,no_65_plus,38.0,1,syn_t009_h0000009
14000US06089010702,8900,7,1,1,2.0,4.0,14600.0,10000_14999,2,nonfamily_living_alone,no_65_plus,7.0,1,syn_t009_h0000010
14000US06089010702,8900,102,1,1,0.0,4.0,10000.0,10000_14999,0,nonfamily_living_alone,no_65_plus,102.0,1,syn_t009_h0000011
14000US06089010702,8900,38,1,1,0.0,4.0,10400.0,10000_14999,0,nonfamily_living_alone,no_65_plus,38.0,1,syn_t009_h0000012
14000US06089010702,8900,11,1,1,1.0,6.0,56000.0,50000_59999,1,nonfamily_not_living_alone,has_65_plus,11.0,1,syn_t009_h0000013
14000US06089010702,8900,18,2,1,4.0,1.0,67600.0,60000_74999,4_plus,married_couple,no_65_plus,18.0,2,syn_t009_h0000014
14000US06089010702,8900,14,2,1,2.0,1.0,205400.0,200000_plus,2,married_couple,has_65_plus,14.0,2,syn_t009_h0000015
14000US06089010702,8900,18,1,1,3.0,4.0,75000.0,75000_99999,3,nonfamily_living_alone,no_65_plus,18.0,1,syn_t009_h0000016
14000US06089010702,8900,43,2,1,2.0,3.0,9000.0,lt_10000,2,other_female_householder,no_65_plus,43.0,2,syn_t009_h0000017
14000US06089010702,8900,18,1,1,1.0,6.0,30000.0,30000_34999,1,nonfamily_not_living_alone,no_65_plus,18.0,1,syn_t009_h0000018
14000US06089010702,8900,52,1,1,1.0,4.0,61000.0,60000_74999,1,nonfamily_living_alone,no_65_plus,52.0,1,syn_t009_h0000019
14000US06089010702,8900,20,1,1,1.0,4.0,22000.0,20000_24999,1,nonfamily_living_alone,has_65_plus,20.0,1,syn_t009_h0000020
14000US06089010702,8900,62,2,1,2.0,1.0,52600.0,50000_59999,2,married_couple,has_65_plus,62.0,2,syn_t009_h0000021
14000US06089010702,8900,9,2,1,4.0,1.0,269000.0,200000_plus,4_plus,married_couple,has_65_plus,9.0,2,syn_t009_h0000022
14000US06089010703,8900,12,5,1,2.0,3.0,5900.0,lt_10000,2,other_female_householder,no_65_plus,12.0,5,syn_t010_h0000001
14000US06089010703,8900,48,1,1,1.0,4.0,23000.0,20000_24999,1,nonfamily_living_alone,no_65_plus,48.0,1,syn_t010_h0000002
14000US06089010703,8900,38,4,1,2.0,1.0,105000.0,100000_124999,2,married_couple,no_65_plus,38.0,4,syn_t010_h0000003
14000US06089010703,8900,16,4,1,2.0,3.0,24200.0,20000_24999,2,other_female_householder,has_65_plus,16.0,4,syn_t010_h0000004
14000US06089010703,8900,14,7,1,3.0,3.0,12700.0,10000_14999,3,other_female_householder,no_65_plus,14.0,7,syn_t010_h0000005
14000US06089010703,8900,16,1,1,2.0,4.0,29000.0,25000_29999,2,nonfamily_living_alone,has_65_plus,16.0,1,syn_t010_h0000006
14000US06089010703,8900,35,1,1,1.0,4.0,10000.0,10000_14999,1,nonfamily_living_alone,no_65_plus,35.0,1,syn_t010_h0000007
14000US06089010703,8900,13,2,1,1.0,1.0,39300.0,35000_39999,1,married_couple,has_65_plus,13.0,2,syn_t010_h0000008
14000US06089010703,8900,10,2,1,2.0,1.0,29500.0,25000_29999,2,married_couple,has_65_plus,10.0,2,syn_t010_h0000009
14000US06089010703,8900,11,1,1,0.0,6.0,15100.0,15000_19999,0,nonfamily_not_living_alone,has_65_plus,11.0,1,syn_t010_h0000010
14000US06089010703,8900,19,3,1,2.0,1.0,38000.0,35000_39999,2,married_couple,no_65_plus,19.0,3,syn_t010_h0000011
14000US06089010703,8900,30,4,1,1.0,1.0,63000.0,60000_74999,1,married_couple,no_65_plus,30.0,4,syn_t010_h0000012
14000US06089010703,8900,50,4,1,2.0,1.0,43000.0,40000_44999,2,married_couple,no_65_plus,50.0,4,syn_t010_h0000013
14000US06089010703,8900,32,2,1,2.0,1.0,46000.0,45000_49999,2,married_couple,no_65_plus,32.0,2,syn_t010_h0000014
14000US06089010703,8900,17,1,1,1.0,4.0,104000.0,100000_124999,1,nonfamily_living_alone,has_65_plus,17.0,1,syn_t010_h0000015
14000US06089010703,8900,21,1,1,1.0,4.0,21200.0,20000_24999,1,nonfamily_living_alone,has_65_plus,21.0,1,syn_t010_h0000016
14000US06089010703,8900,49,2,1,3.0,1.0,70000.0,60000_74999,3,married_couple,no_65_plus,49.0,2,syn_t010_h0000017
14000US06089010703,8900,47,1,1,1.0,4.0,15600.0,15000_19999,1,nonfamily_living_alone,has_65_plus,47.0,1,syn_t010_h0000018
14000US06089010703,8900,36,2,1,2.0,3.0,118000.0,100000_124999,2,other_female_householder,no_65_plus,36.0,2,syn_t010_h0000019
14000US06089010703,8900,19,2,1,2.0,1.0,70000.0,60000_74999,2,married_couple,has_65_plus,19.0,2,syn_t010_h0000020
14000US06089010703,8900,12,2,1,6.0,1.0,28900.0,25000_29999,4_plus,married_couple,has_65_plus,12.0,2,syn_t010_h0000021
14000US06089010703,8900,8,2,1,1.0,7.0,50400.0,50000_59999,1,nonfamily_not_living_alone,no_65_plus,8.0,2,syn_t010_h0000022
14000US06089010703,8900,12,3,1,2.0,1.0,73500.0,60000_74999,2,married_couple,has_65_plus,12.0,3,syn_t010_h0000023
14000US06089010703,8900,41,3,1,1.0,1.0,69000.0,60000_74999,1,married_couple,no_65_plus,41.0,3,syn_t010_h0000024
14000US06089010704,8900,28,3,1,1.0,2.0,97700.0,75000_99999,1,other_male_householder,no_65_plus,28.0,3,syn_t011_h0000001
14000US06089010704,8900,18,2,1,2.0,5.0,26000.0,25000_29999,2,nonfamily_living_alone,has_65_plus,18.0,2,syn_t011_h0000002
14000US06089010704,8900,13,2,1,2.0,5.0,84650.0,75000_99999,2,nonfamily_living_alone,no_65_plus,13.0,2,syn_t011_h0000003
14000US06089010704,8900,15,2,1,2.0,1.0,82700.0,75000_99999,2,married_couple,has_65_plus,15.0,2,syn_t011_h0000004
14000US06089010704,8900,21,4,1,2.0,1.0,200000.0,200000_plus,2,married_couple,no_65_plus,21.0,4,syn_t011_h0000005
14000US06089010704,8900,36,1,1,1.0,4.0,24000.0,20000_24999,1,nonfamily_living_alone,no_65_plus,36.0,1,syn_t011_h0000006
14000US06089010704,8900,21,2,1,1.0,3.0,66500.0,60000_74999,1,other_female_householder,no_65_plus,21.0,2,syn_t011_h0000007
14000US06089010704,8900,12,1,1,1.0,4.0,18600.0,15000_19999,1,nonfamily_living_alone,no_65_plus,12.0,1,syn_t011_h0000008
14000US06089010704,8900,9,3,1,1.0,5.0,9100.0,lt_10000,1,nonfamily_living_alone,no_65_plus,9.0,3,syn_t011_h0000009
14000US06089010704,8900,11,1,1,1.0,6.0,87300.0,75000_99999,1,nonfamily_not_living_alone,no_65_plus,11.0,1,syn_t011_h0000010
14000US06089010704,8900,14,1,1,1.0,4.0,50000.0,50000_59999,1,nonfamily_living_alone,has_65_plus,14.0,1,syn_t011_h0000011
14000US06089010704,8900,14,1,1,1.0,4.0,32000.0,30000_34999,1,nonfamily_living_alone,has_65_plus,14.0,1,syn_t011_h0000012
14000US06089010704,8900,52,2,1,2.0,2.0,46800.0,45000_49999,2,other_male_householder,no_65_plus,52.0,2,syn_t011_h0000013
14000US06089010704,8900,13,2,1,2.0,1.0,42200.0,40000_44999,2,married_couple,has_65_plus,13.0,2,syn_t011_h0000014
14000US06089010704,8900,12,2,1,3.0,1.0,74500.0,60000_74999,3,married_couple,no_65_plus,12.0,2,syn_t011_h0000015
14000US06089010704,8900,14,2,1,2.0,1.0,24400.0,20000_24999,2,married_couple,has_65_plus,14.0,2,syn_t011_h0000016
14000US06089010704,8900,10,2,1,3.0,1.0,72000.0,60000_74999,3,married_couple,no_65_plus,10.0,2,syn_t011_h0000017
14000US06089010704,8900,27,1,1,1.0,6.0,7000.0,lt_10000,1,nonfamily_not_living_alone,has_65_plus,27.0,1,syn_t011_h0000018
14000US06089010704,8900,38,3,1,1.0,3.0,20000.0,20000_24999,1,other_female_householder,no_65_plus,38.0,3,syn_t011_h0000019
14000US06089010704,8900,9,2,1,1.0,5.0,66300.0,60000_74999,1,nonfamily_living_alone,has_65_plus,9.0,2,syn_t011_h0000020
14000US06089010704,8900,14,2,1,2.0,1.0,47100.0,45000_49999,2,married_couple,has_65_plus,14.0,2,syn_t011_h0000021
14000US06089010704,8900,19,1,1,1.0,4.0,372000.0,200000_plus,1,nonfamily_living_alone,no_65_plus,19.0,1,syn_t011_h0000022
14000US06089010704,8900,22,1,1,1.0,4.0,14400.0,10000_14999,1,nonfamily_living_alone,has_65_plus,22.0,1,syn_t011_h0000023
14000US06089010704,8900,22,1,1,1.0,6.0,11000.0,10000_14999,1,nonfamily_not_living_alone,no_65_plus,22.0,1,syn_t011_h0000024
14000US06089010704,8900,37,1,1,0.0,4.0,11500.0,10000_14999,0,nonfamily_living_alone,no_65_plus,37.0,1,syn_t011_h0000025
14000US06089010704,8900,14,4,1,5.0,1.0,63000.0,60000_74999,4_plus,married_couple,no_65_plus,14.0,4,syn_t011_h0000026
14000US06089010803,8900,8,1,1,2.0,4.0,26400.0,25000_29999,2,nonfamily_living_alone,has_65_plus,8.0,1,syn_t012_h0000001
14000US06089010803,8900,35,2,1,2.0,1.0,64500.0,60000_74999,2,married_couple,no_65_plus,35.0,2,syn_t012_h0000002
14000US06089010803,8900,57,2,1,0.0,2.0,20000.0,20000_24999,0,other_male_householder,no_65_plus,57.0,2,syn_t012_h0000003
14000US06089010803,8900,39,2,1,1.0,7.0,35600.0,35000_39999,1,nonfamily_not_living_alone,no_65_plus,39.0,2,syn_t012_h0000004
14000US06089010803,8900,27,2,1,1.0,5.0,44800.0,40000_44999,1,nonfamily_living_alone,has_65_plus,27.0,2,syn_t012_h0000005
14000US06089010803,8900,48,3,1,2.0,1.0,90000.0,75000_99999,2,married_couple,no_65_plus,48.0,3,syn_t012_h0000006
14000US06089010803,8900,15,1,1,2.0,4.0,90000.0,75000_99999,2,nonfamily_living_alone,no_65_plus,15.0,1,syn_t012_h0000007
14000US06089010803,8900,69,1,1,1.0,4.0,40000.0,40000_44999,1,nonfamily_living_alone,no_65_plus,69.0,1,syn_t012_h0000008
14000US06089010803,8900,15,3,1,1.0,1.0,149100.0,125000_149999,1,married_couple,no_65_plus,15.0,3,syn_t012_h0000009
14000US06089010803,8900,34,1,1,1.0,4.0,15200.0,15000_19999,1,nonfamily_living_alone,has_65_plus,34.0,1,syn_t012_h0000010
14000US06089010803,8900,14,3,1,3.0,1.0,98000.0,75000_99999,3,married_couple,no_65_plus,14.0,3,syn_t012_h0000011
14000US06089010803,8900,63,2,1,2.0,1.0,24000.0,20000_24999,2,married_couple,no_65_plus,63.0,2,syn_t012_h0000012
14000US06089010803,8900,9,1,1,1.0,4.0,40000.0,40000_44999,1,nonfamily_living_alone,no_65_plus,9.0,1,syn_t012_h0000013
14000US06089010803,8900,11,3,1,4.0,1.0,238000.0,200000_plus,4_plus,married_couple,no_65_plus,11.0,3,syn_t012_h0000014
14000US06089010803,8900,10,2,1,3.0,1.0,37200.0,35000_39999,3,married_couple,has_65_plus,10.0,2,syn_t012_h0000015
14000US06089010803,8900,26,2,1,2.0,1.0,82260.0,75000_99999,2,married_couple,has_65_plus,26.0,2,syn_t012_h0000016
14000US06089010803,8900,15,3,1,3.0,5.0,35800.0,35000_39999,3,nonfamily_living_alone,no_65_plus,15.0,3,syn_t012_h0000017
14000US06089010803,8900,12,2,1,5.0,2.0,105000.0,100000_124999,4_plus,other_male_householder,no_65_plus,12.0,2,syn_t012_h0000018
14000US06089010803,8900,22,2,1,2.0,1.0,93700.0,75000_99999,2,married_couple,no_65_plus,22.0,2,syn_t012_h0000019
14000US06089010803,8900,41,2,1,1.0,3.0,55000.0,50000_59999,1,other_female_householder,no_65_plus,41.0,2,syn_t012_h0000020
14000US06089010803,8900,15,2,1,5.0,1.0,28000.0,25000_29999,4_plus,married_couple,no_65_plus,15.0,2,syn_t012_h0000021
14000US06089010803,8900,16,2,1,3.0,1.0,68700.0,60000_74999,3,married_couple,no_65_plus,16.0,2,syn_t012_h0000022
14000US06089010803,8900,13,4,1,3.0,1.0,84900.0,75000_99999,3,married_couple,no_65_plus,13.0,4,syn_t012_h0000023
14000US06089010803,8900,42,3,1,3.0,1.0,137000.0,125000_149999,3,married_couple,no_65_plus,42.0,3,syn_t012_h0000024
14000US06089010803,8900,12,2,1,2.0,5.0,57300.0,50000_59999,2,nonfamily_living_alone,has_65_plus,12.0,2,syn_t012_h0000025
14000US06089010803,8900,43,2,1,1.0,5.0,23700.0,20000_24999,1,nonfamily_living_alone,no_65_plus,43.0,2,syn_t012_h0000026
14000US06089010803,8900,16,1,1,1.0,4.0,35000.0,35000_39999,1,nonfamily_living_alone,no_65_plus,16.0,1,syn_t012_h0000027
14000US06089010803,8900,11,1,1,2.0,4.0,2130.0,lt_10000,2,nonfamily_living_alone,has_65_plus,11.0,1,syn_t012_h0000028
14000US06089010803,8900,11,1,1,1.0,4.0,3100.0,lt_10000,1,nonfamily_living_alone,no_65_plus,11.0,1,syn_t012_h0000029
14000US06089010803,8900,46,2,1,2.0,1.0,82100.0,75000_99999,2,married_couple,no_65_plus,46.0,2,syn_t012_h0000030
14000US06089010803,8900,28,4,1,1.0,3.0,24000.0,20000_24999,1,other_female_householder,no_65_plus,28.0,4,syn_t012_h0000031
14000US06089010803,8900,14,1,1,1.0,4.0,0.0,lt_10000,1,nonfamily_living_alone,no_65_plus,14.0,1,syn_t012_h0000032
14000US06089010803,8900,8,2,1,1.0,1.0,29000.0,25000_29999,1,married_couple,has_65_plus,8.0,2,syn_t012_h0000033
14000US06089010804,8900,47,1,1,1.0,4.0,10500.0,10000_14999,1,nonfamily_living_alone,no_65_plus,47.0,1,syn_t013_h0000001
14000US06089010804,8900,28,2,1,4.0,1.0,81500.0,75000_99999,4_plus,married_couple,has_65_plus,28.0,2,syn_t013_h0000002
14000US06089010804,8900,13,3,1,3.0,3.0,43960.0,40000_44999,3,other_female_householder,no_65_plus,13.0,3,syn_t013_h0000003
14000US06089010804,8900,24,1,1,0.0,6.0,14600.0,10000_14999,0,nonfamily_not_living_alone,has_65_plus,24.0,1,syn_t013_h0000004
14000US06089010804,8900,23,3,1,4.0,1.0,158500.0,150000_199999,4_plus,married_couple,no_65_plus,23.0,3,syn_t013_h0000005
14000US06089010804,8900,9,2,1,2.0,1.0,84900.0,75000_99999,2,married_couple,has_65_plus,9.0,2,syn_t013_h0000006
14000US06089010804,8900,8,2,1,2.0,1.0,195000.0,150000_199999,2,married_couple,no_65_plus,8.0,2,syn_t013_h0000007
14000US06089010804,8900,28,2,1,1.0,5.0,89000.0,75000_99999,1,nonfamily_living_alone,no_65_plus,28.0,2,syn_t013_h0000008
14000US06089010804,8900,16,1,1,3.0,4.0,10200.0,10000_14999,3,nonfamily_living_alone,has_65_plus,16.0,1,syn_t013_h0000009
14000US06089010804,8900,9,3,1,2.0,1.0,111100.0,100000_124999,2,married_couple,no_65_plus,9.0,3,syn_t013_h0000010
14000US06089010804,8900,18,2,1,2.0,1.0,91000.0,75000_99999,2,married_couple,no_65_plus,18.0,2,syn_t013_h0000011
14000US06089010804,8900,16,2,1,2.0,1.0,228500.0,200000_plus,2,married_couple,has_65_plus,16.0,2,syn_t013_h0000012
14000US06089010805,8900,16,4,1,2.0,1.0,80000.0,75000_99999,2,married_couple,no_65_plus,16.0,4,syn_t014_h0000001
14000US06089010805,8900,10,2,1,2.0,1.0,61300.0,60000_74999,2,married_couple,has_65_plus,10.0,2,syn_t014_h0000002
14000US06089010805,8900,17,1,1,2.0,4.0,40000.0,40000_44999,2,nonfamily_living_alone,no_65_plus,17.0,1,syn_t014_h0000003
14000US06089010805,8900,15,1,1,2.0,4.0,45000.0,45000_49999,2,nonfamily_living_alone,no_65_plus,15.0,1,syn_t014_h0000004
14000US06089010805,8900,8,2,1,2.0,1.0,89400.0,75000_99999,2,married_couple,has_65_plus,8.0,2,syn_t014_h0000005
14000US06089010805,8900,21,1,1,1.0,4.0,28400.0,25000_29999,1,nonfamily_living_alone,has_65_plus,21.0,1,syn_t014_h0000006
14000US06089010805,8900,8,2,1,2.0,2.0,28800.0,25000_29999,2,other_male_householder,has_65_plus,8.0,2,syn_t014_h0000007
14000US06089010805,8900,41,2,1,1.0,1.0,60000.0,60000_74999,1,married_couple,no_65_plus,41.0,2,syn_t014_h0000008
14000US06089010805,8900,21,2,1,2.0,1.0,155000.0,150000_199999,2,married_couple,no_65_plus,21.0,2,syn_t014_h0000009
14000US06089010805,8900,15,1,1,1.0,4.0,25000.0,25000_29999,1,nonfamily_living_alone,no_65_plus,15.0,1,syn_t014_h0000010
14000US06089010805,8900,8,3,1,3.0,1.0,65500.0,60000_74999,3,married_couple,has_65_plus,8.0,3,syn_t014_h0000011
14000US06089010805,8900,78,5,1,1.0,1.0,24000.0,20000_24999,1,married_couple,no_65_plus,78.0,5,syn_t014_h0000012
14000US06089010805,8900,20,1,1,3.0,4.0,28100.0,25000_29999,3,nonfamily_living_alone,has_65_plus,20.0,1,syn_t014_h0000013
14000US06089010805,8900,53,3,1,2.0,1.0,32500.0,30000_34999,2,married_couple,no_65_plus,53.0,3,syn_t014_h0000014
14000US06089010805,8900,31,2,1,1.0,1.0,14800.0,10000_14999,1,married_couple,has_65_plus,31.0,2,syn_t014_h0000015
14000US06089010805,8900,14,3,1,1.0,3.0,20000.0,20000_24999,1,other_female_householder,no_65_plus,14.0,3,syn_t014_h0000016
14000US06089010805,8900,68,1,1,1.0,4.0,15000.0,15000_19999,1,nonfamily_living_alone,no_65_plus,68.0,1,syn_t014_h0000017
14000US06089010805,8900,71,2,1,2.0,1.0,64000.0,60000_74999,2,married_couple,no_65_plus,71.0,2,syn_t014_h0000018
14000US06089010805,8900,25,2,1,3.0,1.0,393300.0,200000_plus,3,married_couple,has_65_plus,25.0,2,syn_t014_h0000019
14000US06089010805,8900,17,3,1,2.0,1.0,152000.0,150000_199999,2,married_couple,no_65_plus,17.0,3,syn_t014_h0000020
14000US06089010805,8900,24,2,1,3.0,1.0,138500.0,125000_149999,3,married_couple,no_65_plus,24.0,2,syn_t014_h0000021
14000US06089010805,8900,20,2,1,3.0,5.0,55000.0,50000_59999,3,nonfamily_living_alone,no_65_plus,20.0,2,syn_t014_h0000022
14000US06089010805,8900,63,4,1,1.0,1.0,38500.0,35000_39999,1,married_couple,no_65_plus,63.0,4,syn_t014_h0000023
14000US06089010805,8900,12,1,1,1.0,6.0,135500.0,125000_149999,1,nonfamily_not_living_alone,no_65_plus,12.0,1,syn_t014_h0000024
14000US06089010805,8900,16,1,1,2.0,4.0,35000.0,35000_39999,2,nonfamily_living_alone,no_65_plus,16.0,1,syn_t014_h0000025
14000US06089010805,8900,17,2,1,1.0,3.0,29000.0,25000_29999,1,other_female_householder,has_65_plus,17.0,2,syn_t014_h0000026
14000US06089010805,8900,23,2,1,1.0,1.0,26500.0,25000_29999,1,married_couple,no_65_plus,23.0,2,syn_t014_h0000027
14000US06089010806,8900,6,1,1,1.0,4.0,650.0,lt_10000,1,nonfamily_living_alone,no_65_plus,6.0,1,syn_t015_h0000001
14000US06089010806,8900,12,2,1,1.0,5.0,18200.0,15000_19999,1,nonfamily_living_alone,no_65_plus,12.0,2,syn_t015_h0000002
14000US06089010806,8900,11,1,1,1.0,4.0,3100.0,lt_10000,1,nonfamily_living_alone,no_65_plus,11.0,1,syn_t015_h0000003
14000US06089010806,8900,34,4,1,1.0,3.0,25200.0,25000_29999,1,other_female_householder,no_65_plus,34.0,4,syn_t015_h0000004
14000US06089010806,8900,7,1,1,0.0,4.0,15000.0,15000_19999,0,nonfamily_living_alone,has_65_plus,7.0,1,syn_t015_h0000005
14000US06089010806,8900,10,1,1,0.0,4.0,42100.0,40000_44999,0,nonfamily_living_alone,has_65_plus,10.0,1,syn_t015_h0000006
14000US06089010806,8900,18,5,1,2.0,1.0,120000.0,100000_124999,2,married_couple,no_65_plus,18.0,5,syn_t015_h0000007
14000US06089010806,8900,20,1,1,0.0,4.0,12900.0,10000_14999,0,nonfamily_living_alone,no_65_plus,20.0,1,syn_t015_h0000008
14000US06089010806,8900,13,5,1,3.0,2.0,87800.0,75000_99999,3,other_male_householder,has_65_plus,13.0,5,syn_t015_h0000009
14000US06089010806,8900,13,1,1,1.0,4.0,34900.0,30000_34999,1,nonfamily_living_alone,has_65_plus,13.0,1,syn_t015_h0000010
14000US06089010806,8900,36,1,1,1.0,4.0,20400.0,20000_24999,1,nonfamily_living_alone,has_65_plus,36.0,1,syn_t015_h0000011
14000US06089010806,8900,11,1,1,1.0,4.0,33300.0,30000_34999,1,nonfamily_living_alone,has_65_plus,11.0,1,syn_t015_h0000012
14000US06089010806,8900,31,1,1,0.0,4.0,0.0,lt_10000,0,nonfamily_living_alone,no_65_plus,31.0,1,syn_t015_h0000013
14000US06089010806,8900,4,1,1,3.0,6.0,4300.0,lt_10000,3,nonfamily_not_living_alone,has_65_plus,4.0,1,syn_t015_h0000014
14000US06089010806,8900,13,1,1,2.0,4.0,26400.0,25000_29999,2,nonfamily_living_alone,has_65_plus,13.0,1,syn_t015_h0000015
14000US06089010806,8900,52,2,1,2.0,2.0,46800.0,45000_49999,2,other_male_householder,no_65_plus,52.0,2,syn_t015_h0000016
14000US06089010806,8900,18,1,1,2.0,4.0,27700.0,25000_29999,2,nonfamily_living_alone,has_65_plus,18.0,1,syn_t015_h0000017
14000US06089010806,8900,59,2,1,2.0,5.0,119000.0,100000_124999,2,nonfamily_living_alone,no_65_plus,59.0,2,syn_t015_h0000018
14000US06089010806,8900,20,3,1,1.0,1.0,12400.0,10000_14999,1,married_couple,no_65_plus,20.0,3,syn_t015_h0000019
14000US06089010806,8900,12,4,1,2.0,3.0,36400.0,35000_39999,2,other_female_householder,no_65_plus,12.0,4,syn_t015_h0000020
14000US06089010807,8900,11,4,1,3.0,1.0,155920.0,150000_199999,3,married_couple,no_65_plus,11.0,4,syn_t016_h0000001
14000US06089010807,8900,10,1,1,0.0,4.0,190000.0,150000_199999,0,nonfamily_living_alone,has_65_plus,10.0,1,syn_t016_h0000002
14000US06089010807,8900,5,2,1,2.0,1.0,146500.0,125000_149999,2,married_couple,has_65_plus,5.0,2,syn_t016_h0000003
14000US06089010807,8900,62,2,1,2.0,1.0,52600.0,50000_59999,2,married_couple,has_65_plus,62.0,2,syn_t016_h0000004
14000US06089010807,8900,16,2,1,2.0,1.0,84000.0,75000_99999,2,married_couple,no_65_plus,16.0,2,syn_t016_h0000005
14000US06089010807,8900,11,2,1,0.0,3.0,63200.0,60000_74999,0,other_female_householder,no_65_plus,11.0,2,syn_t016_h0000006
14000US06089010807,8900,31,4,1,2.0,1.0,113400.0,100000_124999,2,married_couple,has_65_plus,31.0,4,syn_t016_h0000007
14000US06089010807,8900,13,2,1,0.0,5.0,21800.0,20000_24999,0,nonfamily_living_alone,no_65_plus,13.0,2,syn_t016_h0000008
14000US06089010807,8900,40,4,1,2.0,1.0,190000.0,150000_199999,2,married_couple,no_65_plus,40.0,4,syn_t016_h0000009
14000US06089010807,8900,36,3,1,4.0,3.0,62000.0,60000_74999,4_plus,other_female_householder,no_65_plus,36.0,3,syn_t016_h0000010
14000US06089010807,8900,34,1,1,1.0,4.0,15200.0,15000_19999,1,nonfamily_living_alone,has_65_plus,34.0,1,syn_t016_h0000011
14000US06089010807,8900,71,2,1,3.0,5.0,50000.0,50000_59999,3,nonfamily_living_alone,no_65_plus,71.0,2,syn_t016_h0000012
14000US06089010807,8900,43,3,1,0.0,1.0,32000.0,30000_34999,0,married_couple,has_65_plus,43.0,3,syn_t016_h0000013
14000US06089010807,8900,60,1,1,1.0,6.0,62600.0,60000_74999,1,nonfamily_not_living_alone,has_65_plus,60.0,1,syn_t016_h0000014
14000US06089010807,8900,20,2,1,3.0,1.0,95000.0,75000_99999,3,married_couple,has_65_plus,20.0,2,syn_t016_h0000015
14000US06089010807,8900,24,2,1,3.0,1.0,138500.0,125000_149999,3,married_couple,no_65_plus,24.0,2,syn_t016_h0000016
14000US06089010807,8900,25,1,1,1.0,4.0,15850.0,15000_19999,1,nonfamily_living_alone,no_65_plus,25.0,1,syn_t016_h0000017
14000US06089010807,8900,19,2,1,1.0,3.0,40400.0,40000_44999,1,other_female_householder,has_65_plus,19.0,2,syn_t016_h0000018
14000US06089010807,8900,12,2,1,3.0,1.0,51100.0,50000_59999,3,married_couple,no_65_plus,12.0,2,syn_t016_h0000019
14000US06089010807,8900,16,1,1,1.0,4.0,35000.0,35000_39999,1,nonfamily_living_alone,no_65_plus,16.0,1,syn_t016_h0000020
14000US06089010807,8900,17,5,1,2.0,1.0,86000.0,75000_99999,2,married_couple,no_65_plus,17.0,5,syn_t016_h0000021
14000US06089010807,8900,21,6,1,2.0,1.0,72000.0,60000_74999,2,married_couple,no_65_plus,21.0,6,syn_t016_h0000022
14000US06089010807,8900,7,2,1,3.0,1.0,95000.0,75000_99999,3,married_couple,no_65_plus,7.0,2,syn_t016_h0000023
14000US06089010807,8900,10,2,1,2.0,1.0,47600.0,45000_49999,2,married_couple,has_65_plus,10.0,2,syn_t016_h0000024
14000US06089010900,8900,22,2,1,1.0,3.0,16500.0,15000_19999,1,other_female_householder,no_65_plus,22.0,2,syn_t017_h0000001
14000US06089010900,8900,56,5,1,0.0,1.0,16000.0,15000_19999,0,married_couple,no_65_plus,56.0,5,syn_t017_h0000002
14000US06089010900,8900,61,2,1,1.0,3.0,369000.0,200000_plus,1,other_female_householder,has_65_plus,61.0,2,syn_t017_h0000003
14000US06089010900,8900,7,3,1,2.0,1.0,224000.0,200000_plus,2,married_couple,no_65_plus,7.0,3,syn_t017_h0000004
14000US06089010900,8900,61,4,1,1.0,3.0,10350.0,10000_14999,1,other_female_householder,no_65_plus,61.0,4,syn_t017_h0000005
14000US06089010900,8900,68,4,1,3.0,1.0,44500.0,40000_44999,3,married_couple,no_65_plus,68.0,4,syn_t017_h0000006
14000US06089010900,8900,38,1,1,4.0,4.0,18400.0,15000_19999,4_plus,nonfamily_living_alone,no_65_plus,38.0,1,syn_t017_h0000007
14000US06089010900,8900,30,4,1,1.0,1.0,63000.0,60000_74999,1,married_couple,no_65_plus,30.0,4,syn_t017_h0000008
14000US06089010900,8900,23,3,1,3.0,1.0,242100.0,200000_plus,3,married_couple,no_65_plus,23.0,3,syn_t017_h0000009
14000US06089010900,8900,38,1,1,0.0,4.0,10400.0,10000_14999,0,nonfamily_living_alone,no_65_plus,38.0,1,syn_t017_h0000010
14000US06089010900,8900,16,1,1,1.0,4.0,18700.0,15000_19999,1,nonfamily_living_alone,has_65_plus,16.0,1,syn_t017_h0000011
14000US06089010900,8900,27,1,1,1.0,6.0,14700.0,10000_14999,1,nonfamily_not_living_alone,has_65_plus,27.0,1,syn_t017_h0000012
14000US06089010900,8900,15,2,1,1.0,3.0,51600.0,50000_59999,1,other_female_householder,no_65_plus,15.0,2,syn_t017_h0000013
14000US06089010900,8900,15,2,1,2.0,1.0,240000.0,200000_plus,2,married_couple,no_65_plus,15.0,2,syn_t017_h0000014
14000US06089010900,8900,12,1,1,1.0,4.0,18600.0,15000_19999,1,nonfamily_living_alone,no_65_plus,12.0,1,syn_t017_h0000015
14000US06089010900,8900,23,2,1,3.0,1.0,96000.0,75000_99999,3,married_couple,no_65_plus,23.0,2,syn_t017_h0000016
14000US06089010900,8900,4,2,1,0.0,1.0,181300.0,150000_199999,0,married_couple,no_65_plus,4.0,2,syn_t017_h0000017
14000US06089010900,8900,17,4,1,5.0,1.0,57700.0,50000_59999,4_plus,married_couple,has_65_plus,17.0,4,syn_t017_h0000018
14000US06089010900,8900,73,1,1,0.0,4.0,29200.0,25000_29999,0,nonfamily_living_alone,no_65_plus,73.0,1,syn_t017_h0000019
14000US06089010900,8900,9,1,1,1.0,6.0,17300.0,15000_19999,1,nonfamily_not_living_alone,has_65_plus,9.0,1,syn_t017_h0000020
14000US06089010900,8900,42,4,1,0.0,3.0,14400.0,10000_14999,0,other_female_householder,no_65_plus,42.0,4,syn_t017_h0000021
14000US06089010900,8900,12,7,1,3.0,1.0,40000.0,40000_44999,3,married_couple,no_65_plus,12.0,7,syn_t017_h0000022
14000US06089010900,8900,36,3,1,2.0,3.0,88000.0,75000_99999,2,other_female_householder,has_65_plus,36.0,3,syn_t017_h0000023
14000US06089010900,8900,11,4,1,2.0,3.0,64500.0,60000_74999,2,other_female_householder,no_65_plus,11.0,4,syn_t017_h0000024
14000US06089011001,8900,16,4,1,3.0,1.0,117000.0,100000_124999,3,married_couple,no_65_plus,16.0,4,syn_t018_h0000001
14000US06089011001,8900,9,2,1,2.0,1.0,210000.0,200000_plus,2,married_couple,has_65_plus,9.0,2,syn_t018_h0000002
14000US06089011001,8900,24,2,1,3.0,1.0,173000.0,150000_199999,3,married_couple,no_65_plus,24.0,2,syn_t018_h0000003
14000US06089011001,8900,7,2,1,2.0,1.0,125000.0,125000_149999,2,married_couple,no_65_plus,7.0,2,syn_t018_h0000004
14000US06089011001,8900,13,4,1,2.0,1.0,27600.0,25000_29999,2,married_couple,no_65_plus,13.0,4,syn_t018_h0000005
14000US06089011001,8900,12,2,1,2.0,1.0,53300.0,50000_59999,2,married_couple,has_65_plus,12.0,2,syn_t018_h0000006
14000US06089011001,8900,34,3,1,3.0,2.0,143800.0,125000_149999,3,other_male_householder,no_65_plus,34.0,3,syn_t018_h0000007
14000US06089011001,8900,28,2,1,3.0,1.0,126000.0,125000_149999,3,married_couple,no_65_plus,28.0,2,syn_t018_h0000008
14000US06089011001,8900,16,1,1,1.0,4.0,59400.0,50000_59999,1,nonfamily_living_alone,has_65_plus,16.0,1,syn_t018_h0000009
14000US06089011002,8900,13,2,1,3.0,1.0,63404.0,60000_74999,3,married_couple,has_65_plus,13.0,2,syn_t019_h0000001
14000US06089011002,8900,44,1,1,2.0,4.0,126900.0,125000_149999,2,nonfamily_living_alone,has_65_plus,44.0,1,syn_t019_h0000002
14000US06089011002,8900,5,2,1,2.0,1.0,93500.0,75000_99999,2,married_couple,has_65_plus,5.0,2,syn_t019_h0000003
14000US06089011002,8900,12,2,1,2.0,1.0,86400.0,75000_99999,2,married_couple,has_65_plus,12.0,2,syn_t019_h0000004
14000US06089011002,8900,11,4,1,4.0,7.0,118000.0,100000_124999,4_plus,nonfamily_not_living_alone,no_65_plus,11.0,4,syn_t019_h0000005
14000US06089011002,8900,25,2,1,2.0,1.0,254000.0,200000_plus,2,married_couple,no_65_plus,25.0,2,syn_t019_h0000006
14000US06089011002,8900,15,3,1,3.0,5.0,35800.0,35000_39999,3,nonfamily_living_alone,no_65_plus,15.0,3,syn_t019_h0000007
14000US06089011002,8900,11,1,1,1.0,4.0,26004.0,25000_29999,1,nonfamily_living_alone,no_65_plus,11.0,1,syn_t019_h0000008
14000US06089011002,8900,56,4,1,2.0,1.0,38000.0,35000_39999,2,married_couple,no_65_plus,56.0,4,syn_t019_h0000009
14000US06089011002,8900,13,1,1,3.0,4.0,75000.0,75000_99999,3,nonfamily_living_alone,no_65_plus,13.0,1,syn_t019_h0000010
14000US06089011002,8900,70,1,1,1.0,4.0,10000.0,10000_14999,1,nonfamily_living_alone,no_65_plus,70.0,1,syn_t019_h0000011
14000US06089011002,8900,45,5,1,1.0,1.0,30000.0,30000_34999,1,married_couple,no_65_plus,45.0,5,syn_t019_h0000012
14000US06089011002,8900,35,1,1,1.0,6.0,13600.0,10000_14999,1,nonfamily_not_living_alone,no_65_plus,35.0,1,syn_t019_h0000013
14000US06089011002,8900,23,2,1,2.0,1.0,61400.0,60000_74999,2,married_couple,has_65_plus,23.0,2,syn_t019_h0000014
14000US06089011002,8900,9,2,1,2.0,2.0,27600.0,25000_29999,2,other_male_householder,has_65_plus,9.0,2,syn_t019_h0000015
14000US06089011002,8900,56,2,1,1.0,2.0,120000.0,100000_124999,1,other_male_householder,no_65_plus,56.0,2,syn_t019_h0000016
14000US06089011002,8900,42,3,1,2.0,3.0,50000.0,50000_59999,2,other_female_householder,no_65_plus,42.0,3,syn_t019_h0000017
14000US06089011002,8900,28,1,1,1.0,4.0,50000.0,50000_59999,1,nonfamily_living_alone,no_65_plus,28.0,1,syn_t019_h0000018
14000US06089011002,8900,19,2,1,3.0,2.0,14800.0,10000_14999,3,other_male_householder,has_65_plus,19.0,2,syn_t019_h0000019
14000US06089011002,8900,63,2,1,2.0,1.0,24000.0,20000_24999,2,married_couple,no_65_plus,63.0,2,syn_t019_h0000020
14000US06089011002,8900,68,1,1,1.0,4.0,15000.0,15000_19999,1,nonfamily_living_alone,no_65_plus,68.0,1,syn_t019_h0000021
14000US06089011002,8900,22,2,1,2.0,1.0,84200.0,75000_99999,2,married_couple,has_65_plus,22.0,2,syn_t019_h0000022
14000US06089011002,8900,39,2,1,1.0,7.0,35600.0,35000_39999,1,nonfamily_not_living_alone,no_65_plus,39.0,2,syn_t019_h0000023
14000US06089011002,8900,17,2,1,2.0,5.0,35800.0,35000_39999,2,nonfamily_living_alone,no_65_plus,17.0,2,syn_t019_h0000024
14000US06089011002,8900,18,2,1,3.0,1.0,199800.0,150000_199999,3,married_couple,has_65_plus,18.0,2,syn_t019_h0000025
14000US06089011002,8900,64,1,1,1.0,4.0,26000.0,25000_29999,1,nonfamily_living_alone,no_65_plus,64.0,1,syn_t019_h0000026
14000US06089011002,8900,7,2,1,3.0,1.0,9850.0,lt_10000,3,married_couple,no_65_plus,7.0,2,syn_t019_h0000027
14000US06089011002,8900,11,1,1,2.0,4.0,2130.0,lt_10000,2,nonfamily_living_alone,has_65_plus,11.0,1,syn_t019_h0000028
14000US06089011002,8900,16,1,1,2.0,4.0,29000.0,25000_29999,2,nonfamily_living_alone,has_65_plus,16.0,1,syn_t019_h0000029
14000US06089011100,8900,12,1,1,1.0,4.0,15004.0,15000_19999,1,nonfamily_living_alone,no_65_plus,12.0,1,syn_t020_h0000001
14000US06089011100,8900,17,5,1,3.0,1.0,77000.0,75000_99999,3,married_couple,no_65_plus,17.0,5,syn_t020_h0000002
14000US06089011100,8900,59,4,1,2.0,1.0,140600.0,125000_149999,2,married_couple,no_65_plus,59.0,4,syn_t020_h0000003
14000US06089011100,8900,11,4,1,2.0,1.0,94000.0,75000_99999,2,married_couple,no_65_plus,11.0,4,syn_t020_h0000004
14000US06089011100,8900,37,1,1,1.0,4.0,9600.0,lt_10000,1,nonfamily_living_alone,has_65_plus,37.0,1,syn_t020_h0000005
14000US06089011100,8900,9,2,1,3.0,1.0,231200.0,200000_plus,3,married_couple,no_65_plus,9.0,2,syn_t020_h0000006
14000US06089011100,8900,4,2,1,3.0,1.0,103740.0,100000_124999,3,married_couple,no_65_plus,4.0,2,syn_t020_h0000007
14000US06089011100,8900,14,1,1,1.0,4.0,108000.0,100000_124999,1,nonfamily_living_alone,no_65_plus,14.0,1,syn_t020_h0000008
14000US06089011100,8900,13,2,1,2.0,1.0,13000.0,10000_14999,2,married_couple,no_65_plus,13.0,2,syn_t020_h0000009
14000US06089011100,8900,10,5,1,1.0,3.0,18600.0,15000_19999,1,other_female_householder,no_65_plus,10.0,5,syn_t020_h0000010
14000US06089011100,8900,3,1,1,1.0,4.0,90000.0,75000_99999,1,nonfamily_living_alone,has_65_plus,3.0,1,syn_t020_h0000011
14000US06089011100,8900,21,3,1,3.0,1.0,138500.0,125000_149999,3,married_couple,no_65_plus,21.0,3,syn_t020_h0000012
14000US06089011100,8900,10,1,1,1.0,4.0,60000.0,60000_74999,1,nonfamily_living_alone,has_65_plus,10.0,1,syn_t020_h0000013
14000US06089011100,8900,20,1,1,3.0,4.0,28100.0,25000_29999,3,nonfamily_living_alone,has_65_plus,20.0,1,syn_t020_h0000014
14000US06089011100,8900,12,2,1,4.0,1.0,70500.0,60000_74999,4_plus,married_couple,has_65_plus,12.0,2,syn_t020_h0000015
14000US06089011100,8900,14,2,1,2.0,1.0,73700.0,60000_74999,2,married_couple,has_65_plus,14.0,2,syn_t020_h0000016
14000US06089011100,8900,26,2,1,2.0,1.0,88000.0,75000_99999,2,married_couple,has_65_plus,26.0,2,syn_t020_h0000017
14000US06089011209,8900,32,3,1,1.0,3.0,13400.0,10000_14999,1,other_female_householder,no_65_plus,32.0,3,syn_t021_h0000001
14000US06089011209,8900,10,2,1,1.0,1.0,39100.0,35000_39999,1,married_couple,has_65_plus,10.0,2,syn_t021_h0000002
14000US06089011209,8900,35,3,1,2.0,7.0,27000.0,25000_29999,2,nonfamily_not_living_alone,no_65_plus,35.0,3,syn_t021_h0000003
14000US06089011209,8900,16,3,1,1.0,2.0,21100.0,20000_24999,1,other_male_householder,no_65_plus,16.0,3,syn_t021_h0000004
14000US06089011209,8900,39,2,1,2.0,1.0,55000.0,50000_59999,2,married_couple,no_65_plus,39.0,2,syn_t021_h0000005
14000US06089011209,8900,14,1,1,1.0,4.0,42400.0,40000_44999,1,nonfamily_living_alone,has_65_plus,14.0,1,syn_t021_h0000006
14000US06089011209,8900,12,2,1,2.0,1.0,135100.0,125000_149999,2,married_couple,no_65_plus,12.0,2,syn_t021_h0000007
14000US06089011209,8900,16,2,1,2.0,1.0,82700.0,75000_99999,2,married_couple,has_65_plus,16.0,2,syn_t021_h0000008
14000US06089011209,8900,77,1,1,1.0,4.0,150000.0,150000_199999,1,nonfamily_living_alone,has_65_plus,77.0,1,syn_t021_h0000009
14000US06089011209,8900,38,1,1,0.0,4.0,10400.0,10000_14999,0,nonfamily_living_alone,no_65_plus,38.0,1,syn_t021_h0000010
14000US06089011209,8900,39,1,1,2.0,4.0,10000.0,10000_14999,2,nonfamily_living_alone,no_65_plus,39.0,1,syn_t021_h0000011
14000US06089011209,8900,62,2,1,1.0,1.0,26500.0,25000_29999,1,married_couple,no_65_plus,62.0,2,syn_t021_h0000012
14000US06089011209,8900,12,3,1,2.0,3.0,0.0,lt_10000,2,other_female_householder,no_65_plus,12.0,3,syn_t021_h0000013
14000US06089011209,8900,10,1,1,1.0,4.0,33000.0,30000_34999,1,nonfamily_living_alone,has_65_plus,10.0,1,syn_t021_h0000014
14000US06089011209,8900,6,1,1,1.0,4.0,22800.0,20000_24999,1,nonfamily_living_alone,no_65_plus,6.0,1,syn_t021_h0000015
14000US06089011209,8900,20,3,1,2.0,1.0,30000.0,30000_34999,2,married_couple,no_65_plus,20.0,3,syn_t021_h0000016
14000US06089011209,8900,20,1,1,1.0,4.0,29300.0,25000_29999,1,nonfamily_living_alone,has_65_plus,20.0,1,syn_t021_h0000017
14000US06089011209,8900,23,2,1,1.0,1.0,26500.0,25000_29999,1,married_couple,no_65_plus,23.0,2,syn_t021_h0000018
14000US06089011209,8900,42,2,1,3.0,3.0,66000.0,60000_74999,3,other_female_householder,no_65_plus,42.0,2,syn_t021_h0000019
14000US06089011209,8900,8,2,1,2.0,1.0,20000.0,20000_24999,2,married_couple,no_65_plus,8.0,2,syn_t021_h0000020
14000US06089011209,8900,13,2,1,3.0,1.0,47600.0,45000_49999,3,married_couple,no_65_plus,13.0,2,syn_t021_h0000021
14000US06089011209,8900,42,7,1,2.0,2.0,36600.0,35000_39999,2,other_male_householder,no_65_plus,42.0,7,syn_t021_h0000022
14000US06089011209,8900,11,2,1,2.0,1.0,52000.0,50000_59999,2,married_couple,no_65_plus,11.0,2,syn_t021_h0000023
14000US06089011209,8900,14,3,1,3.0,3.0,15300.0,15000_19999,3,other_female_householder,no_65_plus,14.0,3,syn_t021_h0000024
14000US06089011209,8900,12,1,1,0.0,4.0,36700.0,35000_39999,0,nonfamily_living_alone,no_65_plus,12.0,1,syn_t021_h0000025
14000US06089011209,8900,25,4,1,3.0,1.0,99400.0,75000_99999,3,married_couple,no_65_plus,25.0,4,syn_t021_h0000026
14000US06089011209,8900,59,1,1,1.0,4.0,50000.0,50000_59999,1,nonfamily_living_alone,no_65_plus,59.0,1,syn_t021_h0000027
14000US06089011209,8900,27,4,1,0.0,2.0,53000.0,50000_59999,0,other_male_householder,no_65_plus,27.0,4,syn_t021_h0000028
14000US06089011209,8900,8,5,1,3.0,1.0,181000.0,150000_199999,3,married_couple,no_65_plus,8.0,5,syn_t021_h0000029
14000US06089011209,8900,36,2,1,1.0,2.0,75000.0,75000_99999,1,other_male_householder,no_65_plus,36.0,2,syn_t021_h0000030
14000US06089011209,8900,30,2,1,1.0,3.0,25000.0,25000_29999,1,other_female_householder,no_65_plus,30.0,2,syn_t021_h0000031
14000US06089011300,8900,41,2,1,2.0,2.0,75000.0,75000_99999,2,other_male_householder,no_65_plus,41.0,2,syn_t022_h0000001
14000US06089011300,8900,33,3,1,2.0,2.0,19800.0,15000_19999,2,other_male_householder,no_65_plus,33.0,3,syn_t022_h0000002
14000US06089011300,8900,42,3,1,3.0,1.0,137000.0,125000_149999,3,married_couple,no_65_plus,42.0,3,syn_t022_h0000003
14000US06089011300,8900,4,2,1,3.0,1.0,98550.0,75000_99999,3,married_couple,has_65_plus,4.0,2,syn_t022_h0000004
14000US06089011300,8900,9,1,1,1.0,4.0,82000.0,75000_99999,1,nonfamily_living_alone,no_65_plus,9.0,1,syn_t022_h0000005
14000US06089011300,8900,20,1,1,1.0,4.0,180000.0,150000_199999,1,nonfamily_living_alone,no_65_plus,20.0,1,syn_t022_h0000006
14000US06089011300,8900,64,4,1,2.0,3.0,115700.0,100000_124999,2,other_female_householder,no_65_plus,64.0,4,syn_t022_h0000007
14000US06089011300,8900,13,2,1,4.0,1.0,149440.0,125000_149999,4_plus,married_couple,has_65_plus,13.0,2,syn_t022_h0000008
14000US06089011300,8900,90,3,1,2.0,1.0,72000.0,60000_74999,2,married_couple,no_65_plus,90.0,3,syn_t022_h0000009
14000US06089011300,8900,14,3,1,3.0,1.0,98000.0,75000_99999,3,married_couple,no_65_plus,14.0,3,syn_t022_h0000010
14000US06089011300,8900,10,2,1,2.0,1.0,72020.0,60000_74999,2,married_couple,no_65_plus,10.0,2,syn_t022_h0000011
14000US06089011300,8900,17,2,1,1.0,3.0,18000.0,15000_19999,1,other_female_householder,no_65_plus,17.0,2,syn_t022_h0000012
14000US06089011300,8900,21,2,1,3.0,1.0,116000.0,100000_124999,3,married_couple,no_65_plus,21.0,2,syn_t022_h0000013
14000US06089011300,8900,17,4,1,4.0,1.0,57400.0,50000_59999,4_plus,married_couple,no_65_plus,17.0,4,syn_t022_h0000014
14000US06089011300,8900,42,3,1,2.0,2.0,93800.0,75000_99999,2,other_male_householder,no_65_plus,42.0,3,syn_t022_h0000015
14000US06089011300,8900,90,2,1,2.0,5.0,81000.0,75000_99999,2,nonfamily_living_alone,no_65_plus,90.0,2,syn_t022_h0000016
14000US06089011300,8900,17,1,1,1.0,4.0,103000.0,100000_124999,1,nonfamily_living_alone,no_65_plus,17.0,1,syn_t022_h0000017
14000US06089011300,8900,14,3,1,2.0,2.0,34000.0,30000_34999,2,other_male_householder,no_65_plus,14.0,3,syn_t022_h0000018
14000US06089011300,8900,21,3,1,2.0,1.0,102200.0,100000_124999,2,married_couple,no_65_plus,21.0,3,syn_t022_h0000019
14000US06089011300,8900,14,2,1,1.0,3.0,51500.0,50000_59999,1,other_female_householder,has_65_plus,14.0,2,syn_t022_h0000020
14000US06089011300,8900,12,1,1,0.0,4.0,36700.0,35000_39999,0,nonfamily_living_alone,no_65_plus,12.0,1,syn_t022_h0000021
14000US06089011300,8900,14,5,1,2.0,1.0,34600.0,30000_34999,2,married_couple,no_65_plus,14.0,5,syn_t022_h0000022
14000US06089011300,8900,12,2,1,2.0,1.0,88400.0,75000_99999,2,married_couple,has_65_plus,12.0,2,syn_t022_h0000023
14000US06089011300,8900,26,2,1,2.0,1.0,82260.0,75000_99999,2,married_couple,has_65_plus,26.0,2,syn_t022_h0000024
14000US06089011300,8900,8,2,1,3.0,5.0,63000.0,60000_74999,3,nonfamily_living_alone,no_65_plus,8.0,2,syn_t022_h0000025
14000US06089011300,8900,7,3,1,1.0,2.0,64000.0,60000_74999,1,other_male_householder,no_65_plus,7.0,3,syn_t022_h0000026
14000US06089011401,8900,15,4,1,2.0,1.0,43000.0,40000_44999,2,married_couple,no_65_plus,15.0,4,syn_t023_h0000001
14000US06089011401,8900,38,2,1,1.0,3.0,55000.0,50000_59999,1,other_female_householder,no_65_plus,38.0,2,syn_t023_h0000002
14000US06089011401,8900,35,5,1,1.0,1.0,50000.0,50000_59999,1,married_couple,no_65_plus,35.0,5,syn_t023_h0000003
14000US06089011401,8900,13,4,1,3.0,1.0,97400.0,75000_99999,3,married_couple,no_65_plus,13.0,4,syn_t023_h0000004
14000US06089011401,8900,21,2,1,2.0,1.0,72000.0,60000_74999,2,married_couple,has_65_plus,21.0,2,syn_t023_h0000005
14000US06089011401,8900,38,2,1,2.0,1.0,92500.0,75000_99999,2,married_couple,has_65_plus,38.0,2,syn_t023_h0000006
14000US06089011401,8900,4,2,1,2.0,1.0,95450.0,75000_99999,2,married_couple,has_65_plus,4.0,2,syn_t023_h0000007
14000US06089011401,8900,15,2,1,1.0,3.0,51600.0,50000_59999,1,other_female_householder,no_65_plus,15.0,2,syn_t023_h0000008
14000US06089011401,8900,34,3,1,1.0,1.0,77400.0,75000_99999,1,married_couple,has_65_plus,34.0,3,syn_t023_h0000009
14000US06089011401,8900,9,1,1,1.0,4.0,33750.0,30000_34999,1,nonfamily_living_alone,has_65_plus,9.0,1,syn_t023_h0000010
14000US06089011401,8900,17,4,1,2.0,1.0,93000.0,75000_99999,2,married_couple,no_65_plus,17.0,4,syn_t023_h0000011
14000US06089011401,8900,19,4,1,1.0,1.0,70000.0,60000_74999,1,married_couple,no_65_plus,19.0,4,syn_t023_h0000012
14000US06089011401,8900,13,2,1,2.0,3.0,110000.0,100000_124999,2,other_female_householder,no_65_plus,13.0,2,syn_t023_h0000013
14000US06089011401,8900,41,3,1,1.0,1.0,69000.0,60000_74999,1,married_couple,no_65_plus,41.0,3,syn_t023_h0000014
14000US06089011401,8900,13,3,1,1.0,1.0,23700.0,20000_24999,1,married_couple,has_65_plus,13.0,3,syn_t023_h0000015
14000US06089011401,8900,22,3,1,1.0,3.0,14400.0,10000_14999,1,other_female_householder,no_65_plus,22.0,3,syn_t023_h0000016
14000US06089011401,8900,37,7,1,4.0,1.0,89700.0,75000_99999,4_plus,married_couple,no_65_plus,37.0,7,syn_t023_h0000017
14000US06089011401,8900,46,2,1,1.0,5.0,36000.0,35000_39999,1,nonfamily_living_alone,no_65_plus,46.0,2,syn_t023_h0000018
14000US06089011401,8900,50,3,1,2.0,3.0,83700.0,75000_99999,2,other_female_householder,no_65_plus,50.0,3,syn_t023_h0000019
14000US06089011401,8900,15,1,1,1.0,6.0,75100.0,75000_99999,1,nonfamily_not_living_alone,has_65_plus,15.0,1,syn_t023_h0000020
14000US06089011401,8900,18,2,1,1.0,1.0,57200.0,50000_59999,1,married_couple,has_65_plus,18.0,2,syn_t023_h0000021
14000US06089011402,8900,13,1,1,2.0,4.0,24000.0,20000_24999,2,nonfamily_living_alone,no_65_plus,13.0,1,syn_t024_h0000001
14000US06089011402,8900,14,2,1,2.0,3.0,15500.0,15000_19999,2,other_female_householder,no_65_plus,14.0,2,syn_t024_h0000002
14000US06089011402,8900,14,3,1,3.0,1.0,98000.0,75000_99999,3,married_couple,no_65_plus,14.0,3,syn_t024_h0000003
14000US06089011402,8900,5,3,1,3.0,1.0,40400.0,40000_44999,3,married_couple,no_65_plus,5.0,3,syn_t024_h0000004
14000US06089011402,8900,22,2,1,2.0,1.0,32400.0,30000_34999,2,married_couple,no_65_plus,22.0,2,syn_t024_h0000005
14000US06089011402,8900,9,4,1,3.0,1.0,121000.0,100000_124999,3,married_couple,no_65_plus,9.0,4,syn_t024_h0000006
14000US06089011402,8900,98,4,1,2.0,1.0,63000.0,60000_74999,2,married_couple,no_65_plus,98.0,4,syn_t024_h0000007
14000US06089011402,8900,48,4,1,2.0,1.0,71000.0,60000_74999,2,married_couple,no_65_plus,48.0,4,syn_t024_h0000008
14000US06089011402,8900,20,2,1,3.0,5.0,114000.0,100000_124999,3,nonfamily_living_alone,has_65_plus,20.0,2,syn_t024_h0000009
14000US06089011402,8900,57,4,1,2.0,1.0,85000.0,75000_99999,2,married_couple,no_65_plus,57.0,4,syn_t024_h0000010
14000US06089011402,8900,8,2,1,2.0,1.0,21000.0,20000_24999,2,married_couple,has_65_plus,8.0,2,syn_t024_h0000011
14000US06089011402,8900,32,2,1,2.0,1.0,28000.0,25000_29999,2,married_couple,no_65_plus,32.0,2,syn_t024_h0000012
14000US06089011402,8900,24,2,1,2.0,1.0,152500.0,150000_199999,2,married_couple,no_65_plus,24.0,2,syn_t024_h0000013
14000US06089011402,8900,59,2,1,2.0,5.0,119000.0,100000_124999,2,nonfamily_living_alone,no_65_plus,59.0,2,syn_t024_h0000014
14000US06089011402,8900,15,2,1,1.0,1.0,63300.0,60000_74999,1,married_couple,no_65_plus,15.0,2,syn_t024_h0000015
14000US06089011402,8900,19,7,1,3.0,1.0,204800.0,200000_plus,3,married_couple,no_65_plus,19.0,7,syn_t024_h0000016
14000US06089011403,8900,8,4,1,2.0,1.0,160000.0,150000_199999,2,married_couple,no_65_plus,8.0,4,syn_t025_h0000001
14000US06089011403,8900,68,2,1,1.0,1.0,140000.0,125000_149999,1,married_couple,no_65_plus,68.0,2,syn_t025_h0000002
14000US06089011403,8900,47,1,1,1.0,4.0,15600.0,15000_19999,1,nonfamily_living_alone,has_65_plus,47.0,1,syn_t025_h0000003
14000US06089011403,8900,11,1,1,0.0,6.0,15100.0,15000_19999,0,nonfamily_not_living_alone,has_65_plus,11.0,1,syn_t025_h0000004
14000US06089011403,8900,52,1,1,2.0,4.0,46000.0,45000_49999,2,nonfamily_living_alone,has_65_plus,52.0,1,syn_t025_h0000005
14000US06089011403,8900,41,2,1,2.0,1.0,155000.0,150000_199999,2,married_couple,no_65_plus,41.0,2,syn_t025_h0000006
14000US06089011403,8900,31,4,1,6.0,1.0,146000.0,125000_149999,4_plus,married_couple,no_65_plus,31.0,4,syn_t025_h0000007
14000US06089011403,8900,4,2,1,3.0,1.0,121900.0,100000_124999,3,married_couple,has_65_plus,4.0,2,syn_t025_h0000008
14000US06089011403,8900,46,4,1,3.0,1.0,198000.0,150000_199999,3,married_couple,no_65_plus,46.0,4,syn_t025_h0000009
14000US06089011403,8900,23,2,1,2.0,1.0,26600.0,25000_29999,2,married_couple,no_65_plus,23.0,2,syn_t025_h0000010
14000US06089011403,8900,16,3,1,2.0,3.0,71600.0,60000_74999,2,other_female_householder,no_65_plus,16.0,3,syn_t025_h0000011
14000US06089011403,8900,11,2,1,3.0,1.0,88300.0,75000_99999,3,married_couple,no_65_plus,11.0,2,syn_t025_h0000012
14000US06089011403,8900,34,2,1,2.0,1.0,72900.0,60000_74999,2,married_couple,has_65_plus,34.0,2,syn_t025_h0000013
14000US06089011403,8900,13,1,1,0.0,4.0,465500.0,200000_plus,0,nonfamily_living_alone,no_65_plus,13.0,1,syn_t025_h0000014
14000US06089011403,8900,18,2,1,2.0,7.0,108600.0,100000_124999,2,nonfamily_not_living_alone,has_65_plus,18.0,2,syn_t025_h0000015
14000US06089011500,8900,20,4,1,0.0,7.0,10700.0,10000_14999,0,nonfamily_not_living_alone,no_65_plus,20.0,4,syn_t026_h0000001
14000US06089011500,8900,22,1,1,1.0,4.0,32000.0,30000_34999,1,nonfamily_living_alone,no_65_plus,22.0,1,syn_t026_h0000002
14000US06089011500,8900,12,3,1,2.0,5.0,28900.0,25000_29999,2,nonfamily_living_alone,no_65_plus,12.0,3,syn_t026_h0000003
14000US06089011500,8900,6,2,1,2.0,1.0,78300.0,75000_99999,2,married_couple,has_65_plus,6.0,2,syn_t026_h0000004
14000US06089011500,8900,16,1,1,1.0,4.0,11100.0,10000_14999,1,nonfamily_living_alone,has_65_plus,16.0,1,syn_t026_h0000005
14000US06089011500,8900,13,3,1,1.0,1.0,126000.0,125000_149999,1,married_couple,no_65_plus,13.0,3,syn_t026_h0000006
14000US06089011500,8900,15,2,1,1.0,1.0,63300.0,60000_74999,1,married_couple,no_65_plus,15.0,2,syn_t026_h0000007
14000US06089011500,8900,18,1,1,2.0,4.0,24900.0,20000_24999,2,nonfamily_living_alone,no_65_plus,18.0,1,syn_t026_h0000008
14000US06089011500,8900,62,2,1,1.0,1.0,26500.0,25000_29999,1,married_couple,no_65_plus,62.0,2,syn_t026_h0000009
14000US06089011500,8900,14,3,1,2.0,2.0,65000.0,60000_74999,2,other_male_householder,no_65_plus,14.0,3,syn_t026_h0000010
14000US06089011500,8900,31,1,1,1.0,4.0,15000.0,15000_19999,1,nonfamily_living_alone,has_65_plus,31.0,1,syn_t026_h0000011
14000US06089011500,8900,41,4,1,1.0,3.0,65600.0,60000_74999,1,other_female_householder,no_65_plus,41.0,4,syn_t026_h0000012
14000US06089011500,8900,24,2,1,3.0,1.0,40900.0,40000_44999,3,married_couple,has_65_plus,24.0,2,syn_t026_h0000013
14000US06089011500,8900,45,3,1,3.0,1.0,101600.0,100000_124999,3,married_couple,has_65_plus,45.0,3,syn_t026_h0000014
14000US06089011500,8900,37,2,1,3.0,1.0,40300.0,40000_44999,3,married_couple,no_65_plus,37.0,2,syn_t026_h0000015
14000US06089011500,8900,13,1,1,2.0,4.0,57000.0,50000_59999,2,nonfamily_living_alone,no_65_plus,13.0,1,syn_t026_h0000016
14000US06089011500,8900,41,3,1,3.0,3.0,42500.0,40000_44999,3,other_female_householder,has_65_plus,41.0,3,syn_t026_h0000017
14000US06089011500,8900,7,2,1,1.0,1.0,67000.0,60000_74999,1,married_couple,no_65_plus,7.0,2,syn_t026_h0000018
14000US06089011500,8900,15,4,1,2.0,1.0,127200.0,125000_149999,2,married_couple,has_65_plus,15.0,4,syn_t026_h0000019
14000US06089011500,8900,28,2,1,1.0,2.0,14400.0,10000_14999,1,other_male_householder,has_65_plus,28.0,2,syn_t026_h0000020
14000US06089011500,8900,13,1,1,1.0,4.0,10900.0,10000_14999,1,nonfamily_living_alone,no_65_plus,13.0,1,syn_t026_h0000021
14000US06089011500,8900,11,1,1,1.0,4.0,3100.0,lt_10000,1,nonfamily_living_alone,no_65_plus,11.0,1,syn_t026_h0000022
14000US06089011500,8900,43,2,1,1.0,1.0,17100.0,15000_19999,1,married_couple,has_65_plus,43.0,2,syn_t026_h0000023
14000US06089011500,8900,65,2,1,2.0,3.0,6000.0,lt_10000,2,other_female_householder,no_65_plus,65.0,2,syn_t026_h0000024
14000US06089011500,8900,35,2,1,1.0,1.0,27520.0,25000_29999,1,married_couple,has_65_plus,35.0,2,syn_t026_h0000025
14000US06089011500,8900,13,2,1,2.0,1.0,40800.0,40000_44999,2,married_couple,has_65_plus,13.0,2,syn_t026_h0000026
14000US06089011500,8900,13,1,1,0.0,4.0,29800.0,25000_29999,0,nonfamily_living_alone,no_65_plus,13.0,1,syn_t026_h0000027
14000US06089011500,8900,14,2,1,3.0,1.0,92100.0,75000_99999,3,married_couple,no_65_plus,14.0,2,syn_t026_h0000028
14000US06089011500,8900,4,2,1,2.0,1.0,60800.0,60000_74999,2,married_couple,no_65_plus,4.0,2,syn_t026_h0000029
14000US06089011500,8900,15,2,1,2.0,1.0,72300.0,60000_74999,2,married_couple,has_65_plus,15.0,2,syn_t026_h0000030
14000US06089011500,8900,27,3,1,2.0,5.0,37570.0,35000_39999,2,nonfamily_living_alone,no_65_plus,27.0,3,syn_t026_h0000031
14000US06089011600,8900,7,2,1,2.0,1.0,46000.0,45000_49999,2,married_couple,has_65_plus,7.0,2,syn_t027_h0000001
14000US06089011600,8900,65,2,1,2.0,3.0,6000.0,lt_10000,2,other_female_householder,no_65_plus,65.0,2,syn_t027_h0000002
14000US06089011600,8900,14,3,1,3.0,1.0,30500.0,30000_34999,3,married_couple,has_65_plus,14.0,3,syn_t027_h0000003
14000US06089011600,8900,41,1,1,2.0,4.0,2000.0,lt_10000,2,nonfamily_living_alone,has_65_plus,41.0,1,syn_t027_h0000004
14000US06089011600,8900,12,4,1,2.0,1.0,95000.0,75000_99999,2,married_couple,no_65_plus,12.0,4,syn_t027_h0000005
14000US06089011600,8900,14,2,1,2.0,1.0,65000.0,60000_74999,2,married_couple,has_65_plus,14.0,2,syn_t027_h0000006
14000US06089011600,8900,43,1,1,1.0,6.0,12000.0,10000_14999,1,nonfamily_not_living_alone,has_65_plus,43.0,1,syn_t027_h0000007
14000US06089011600,8900,18,1,1,1.0,4.0,0.0,lt_10000,1,nonfamily_living_alone,no_65_plus,18.0,1,syn_t027_h0000008
14000US06089011600,8900,43,2,1,1.0,5.0,23700.0,20000_24999,1,nonfamily_living_alone,no_65_plus,43.0,2,syn_t027_h0000009
14000US06089011600,8900,34,1,1,1.0,4.0,6000.0,lt_10000,1,nonfamily_living_alone,no_65_plus,34.0,1,syn_t027_h0000010
14000US06089011600,8900,14,4,1,2.0,1.0,106500.0,100000_124999,2,married_couple,no_65_plus,14.0,4,syn_t027_h0000011
14000US06089011600,8900,59,1,1,2.0,4.0,45000.0,45000_49999,2,nonfamily_living_alone,no_65_plus,59.0,1,syn_t027_h0000012
14000US06089011600,8900,38,2,1,2.0,5.0,0.0,lt_10000,2,nonfamily_living_alone,has_65_plus,38.0,2,syn_t027_h0000013
14000US06089011600,8900,43,6,1,4.0,1.0,184500.0,150000_199999,4_plus,married_couple,no_65_plus,43.0,6,syn_t027_h0000014
14000US06089011600,8900,49,1,1,1.0,4.0,0.0,lt_10000,1,nonfamily_living_alone,no_65_plus,49.0,1,syn_t027_h0000015
14000US06089011600,8900,34,2,1,2.0,1.0,46500.0,45000_49999,2,married_couple,no_65_plus,34.0,2,syn_t027_h0000016
14000US06089011600,8900,75,1,1,1.0,4.0,10000.0,10000_14999,1,nonfamily_living_alone,no_65_plus,75.0,1,syn_t027_h0000017
14000US06089011600,8900,6,1,1,3.0,4.0,28500.0,25000_29999,3,nonfamily_living_alone,has_65_plus,6.0,1,syn_t027_h0000018
14000US06089011600,8900,20,2,1,3.0,5.0,114000.0,100000_124999,3,nonfamily_living_alone,has_65_plus,20.0,2,syn_t027_h0000019
14000US06089011600,8900,12,2,1,2.0,1.0,51900.0,50000_59999,2,married_couple,has_65_plus,12.0,2,syn_t027_h0000020
14000US06089011600,8900,12,6,1,2.0,1.0,56000.0,50000_59999,2,married_couple,no_65_plus,12.0,6,syn_t027_h0000021
14000US06089011701,8900,20,2,1,1.0,3.0,48400.0,45000_49999,1,other_female_householder,has_65_plus,20.0,2,syn_t028_h0000001
14000US06089011701,8900,8,2,1,2.0,5.0,131600.0,125000_149999,2,nonfamily_living_alone,no_65_plus,8.0,2,syn_t028_h0000002
14000US06089011701,8900,30,7,1,3.0,1.0,164120.0,150000_199999,3,married_couple,no_65_plus,30.0,7,syn_t028_h0000003
14000US06089011701,8900,27,4,1,2.0,1.0,41000.0,40000_44999,2,married_couple,no_65_plus,27.0,4,syn_t028_h0000004
14000US06089011701,8900,13,1,1,1.0,4.0,25500.0,25000_29999,1,nonfamily_living_alone,has_65_plus,13.0,1,syn_t028_h0000005
14000US06089011701,8900,22,3,1,1.0,3.0,14400.0,10000_14999,1,other_female_householder,no_65_plus,22.0,3,syn_t028_h0000006
14000US06089011701,8900,17,2,1,2.0,1.0,76000.0,75000_99999,2,married_couple,no_65_plus,17.0,2,syn_t028_h0000007
14000US06089011701,8900,41,4,1,1.0,3.0,65600.0,60000_74999,1,other_female_householder,no_65_plus,41.0,4,syn_t028_h0000008
14000US06089011701,8900,33,1,1,0.0,4.0,70000.0,60000_74999,0,nonfamily_living_alone,has_65_plus,33.0,1,syn_t028_h0000009
14000US06089011701,8900,42,2,1,2.0,2.0,70000.0,60000_74999,2,other_male_householder,no_65_plus,42.0,2,syn_t028_h0000010
14000US06089011701,8900,38,1,1,2.0,4.0,108500.0,100000_124999,2,nonfamily_living_alone,no_65_plus,38.0,1,syn_t028_h0000011
14000US06089011701,8900,15,1,1,2.0,4.0,45000.0,45000_49999,2,nonfamily_living_alone,no_65_plus,15.0,1,syn_t028_h0000012
14000US06089011702,8900,45,5,1,1.0,1.0,30000.0,30000_34999,1,married_couple,no_65_plus,45.0,5,syn_t029_h0000001
14000US06089011702,8900,37,3,1,2.0,3.0,16800.0,15000_19999,2,other_female_householder,has_65_plus,37.0,3,syn_t029_h0000002
14000US06089011702,8900,38,2,1,2.0,1.0,73600.0,60000_74999,2,married_couple,has_65_plus,38.0,2,syn_t029_h0000003
14000US06089011702,8900,39,6,1,3.0,1.0,93800.0,75000_99999,3,married_couple,no_65_plus,39.0,6,syn_t029_h0000004
14000US06089011702,8900,15,2,1,2.0,1.0,78400.0,75000_99999,2,married_couple,no_65_plus,15.0,2,syn_t029_h0000005
14000US06089011702,8900,42,4,1,4.0,1.0,105000.0,100000_124999,4_plus,married_couple,no_65_plus,42.0,4,syn_t029_h0000006
14000US06089011702,8900,27,4,1,3.0,3.0,52000.0,50000_59999,3,other_female_householder,no_65_plus,27.0,4,syn_t029_h0000007
14000US06089011702,8900,7,1,1,1.0,4.0,68000.0,60000_74999,1,nonfamily_living_alone,no_65_plus,7.0,1,syn_t029_h0000008
14000US06089011702,8900,12,4,1,2.0,3.0,88300.0,75000_99999,2,other_female_householder,no_65_plus,12.0,4,syn_t029_h0000009
14000US06089011702,8900,35,5,1,1.0,3.0,11200.0,10000_14999,1,other_female_householder,no_65_plus,35.0,5,syn_t029_h0000010
14000US06089011702,8900,14,2,1,3.0,1.0,17600.0,15000_19999,3,married_couple,has_65_plus,14.0,2,syn_t029_h0000011
14000US06089011702,8900,19,1,1,1.0,6.0,12700.0,10000_14999,1,nonfamily_not_living_alone,has_65_plus,19.0,1,syn_t029_h0000012
14000US06089011702,8900,10,4,1,3.0,1.0,76800.0,75000_99999,3,married_couple,no_65_plus,10.0,4,syn_t029_h0000013
14000US06089011702,8900,32,3,1,1.0,2.0,34100.0,30000_34999,1,other_male_householder,has_65_plus,32.0,3,syn_t029_h0000014
14000US06089011702,8900,17,1,1,1.0,4.0,32000.0,30000_34999,1,nonfamily_living_alone,has_65_plus,17.0,1,syn_t029_h0000015
14000US06089011702,8900,16,1,1,1.0,4.0,12000.0,10000_14999,1,nonfamily_living_alone,no_65_plus,16.0,1,syn_t029_h0000016
14000US06089011702,8900,42,4,1,0.0,3.0,14400.0,10000_14999,0,other_female_householder,no_65_plus,42.0,4,syn_t029_h0000017
14000US06089011702,8900,16,2,1,2.0,3.0,31000.0,30000_34999,2,other_female_householder,no_65_plus,16.0,2,syn_t029_h0000018
14000US06089011703,8900,16,2,1,1.0,1.0,16000.0,15000_19999,1,married_couple,no_65_plus,16.0,2,syn_t030_h0000001
14000US06089011703,8900,12,2,1,2.0,1.0,64540.0,60000_74999,2,married_couple,no_65_plus,12.0,2,syn_t030_h0000002
14000US06089011703,8900,16,2,1,3.0,1.0,125700.0,125000_149999,3,married_couple,has_65_plus,16.0,2,syn_t030_h0000003
14000US06089011703,8900,13,4,1,2.0,1.0,75000.0,75000_99999,2,married_couple,no_65_plus,13.0,4,syn_t030_h0000004
14000US06089011703,8900,34,2,1,2.0,3.0,31000.0,30000_34999,2,other_female_householder,no_65_plus,34.0,2,syn_t030_h0000005
14000US06089011703,8900,32,1,1,1.0,6.0,5000.0,lt_10000,1,nonfamily_not_living_alone,no_65_plus,32.0,1,syn_t030_h0000006
14000US06089011703,8900,28,3,1,3.0,1.0,257460.0,200000_plus,3,married_couple,no_65_plus,28.0,3,syn_t030_h0000007
14000US06089011703,8900,13,2,1,3.0,2.0,42200.0,40000_44999,3,other_male_householder,no_65_plus,13.0,2,syn_t030_h0000008
14000US06089011703,8900,42,2,1,2.0,3.0,40600.0,40000_44999,2,other_female_householder,has_65_plus,42.0,2,syn_t030_h0000009
14000US06089011703,8900,61,4,1,1.0,3.0,10350.0,10000_14999,1,other_female_householder,no_65_plus,61.0,4,syn_t030_h0000010
14000US06089011703,8900,17,4,1,2.0,1.0,79800.0,75000_99999,2,married_couple,no_65_plus,17.0,4,syn_t030_h0000011
14000US06089011703,8900,12,1,1,1.0,4.0,30.0,lt_10000,1,nonfamily_living_alone,no_65_plus,12.0,1,syn_t030_h0000012
14000US06089011703,8900,50,1,1,2.0,4.0,20000.0,20000_24999,2,nonfamily_living_alone,no_65_plus,50.0,1,syn_t030_h0000013
14000US06089011703,8900,14,2,1,2.0,1.0,69600.0,60000_74999,2,married_couple,no_65_plus,14.0,2,syn_t030_h0000014
14000US06089011703,8900,15,3,1,2.0,3.0,12000.0,10000_14999,2,other_female_householder,no_65_plus,15.0,3,syn_t030_h0000015
14000US06089011703,8900,14,1,1,1.0,4.0,77500.0,75000_99999,1,nonfamily_living_alone,no_65_plus,14.0,1,syn_t030_h0000016
14000US06089011703,8900,45,2,1,2.0,1.0,85000.0,75000_99999,2,married_couple,no_65_plus,45.0,2,syn_t030_h0000017
14000US06089011801,8900,12,1,1,1.0,6.0,36000.0,35000_39999,1,nonfamily_not_living_alone,no_65_plus,12.0,1,syn_t031_h0000001
14000US06089011801,8900,10,1,1,1.0,4.0,26250.0,25000_29999,1,nonfamily_living_alone,has_65_plus,10.0,1,syn_t031_h0000002
14000US06089011801,8900,12,2,1,2.0,1.0,52000.0,50000_59999,2,married_couple,has_65_plus,12.0,2,syn_t031_h0000003
14000US06089011801,8900,12,2,1,2.0,1.0,81600.0,75000_99999,2,married_couple,has_65_plus,12.0,2,syn_t031_h0000004
14000US06089011801,8900,75,1,1,1.0,4.0,55000.0,50000_59999,1,nonfamily_living_alone,no_65_plus,75.0,1,syn_t031_h0000005
14000US06089011801,8900,9,5,1,5.0,1.0,226300.0,200000_plus,4_plus,married_couple,no_65_plus,9.0,5,syn_t031_h0000006
14000US06089011801,8900,35,2,1,3.0,5.0,157000.0,150000_199999,3,nonfamily_living_alone,no_65_plus,35.0,2,syn_t031_h0000007
14000US06089011801,8900,50,2,1,3.0,1.0,37000.0,35000_39999,3,married_couple,no_65_plus,50.0,2,syn_t031_h0000008
14000US06089011801,8900,64,2,1,3.0,1.0,65000.0,60000_74999,3,married_couple,no_65_plus,64.0,2,syn_t031_h0000009
14000US06089011801,8900,17,4,1,5.0,1.0,57700.0,50000_59999,4_plus,married_couple,has_65_plus,17.0,4,syn_t031_h0000010
14000US06089011801,8900,26,3,1,3.0,7.0,116000.0,100000_124999,3,nonfamily_not_living_alone,no_65_plus,26.0,3,syn_t031_h0000011
14000US06089011801,8900,12,5,1,1.0,7.0,43100.0,40000_44999,1,nonfamily_not_living_alone,no_65_plus,12.0,5,syn_t031_h0000012
14000US06089011801,8900,53,3,1,2.0,1.0,32500.0,30000_34999,2,married_couple,no_65_plus,53.0,3,syn_t031_h0000013
14000US06089011802,8900,5,3,1,4.0,1.0,194000.0,150000_199999,4_plus,married_couple,no_65_plus,5.0,3,syn_t032_h0000001
14000US06089011802,8900,24,3,1,4.0,1.0,35800.0,35000_39999,4_plus,married_couple,no_65_plus,24.0,3,syn_t032_h0000002
14000US06089011802,8900,12,7,1,0.0,3.0,136870.0,125000_149999,0,other_female_householder,has_65_plus,12.0,7,syn_t032_h0000003
14000US06089011802,8900,16,2,1,1.0,1.0,32700.0,30000_34999,1,married_couple,has_65_plus,16.0,2,syn_t032_h0000004
14000US06089011802,8900,22,3,1,4.0,1.0,60000.0,60000_74999,4_plus,married_couple,no_65_plus,22.0,3,syn_t032_h0000005
14000US06089011802,8900,9,5,1,5.0,1.0,226300.0,200000_plus,4_plus,married_couple,no_65_plus,9.0,5,syn_t032_h0000006
14000US06089011802,8900,14,2,1,2.0,1.0,74800.0,60000_74999,2,married_couple,has_65_plus,14.0,2,syn_t032_h0000007
14000US06089011802,8900,15,1,1,0.0,4.0,9900.0,lt_10000,0,nonfamily_living_alone,has_65_plus,15.0,1,syn_t032_h0000008
14000US06089011802,8900,23,1,1,2.0,4.0,50000.0,50000_59999,2,nonfamily_living_alone,no_65_plus,23.0,1,syn_t032_h0000009
14000US06089011802,8900,13,2,1,2.0,1.0,29200.0,25000_29999,2,married_couple,no_65_plus,13.0,2,syn_t032_h0000010
14000US06089011802,8900,37,2,1,1.0,1.0,91000.0,75000_99999,1,married_couple,has_65_plus,37.0,2,syn_t032_h0000011
14000US06089011802,8900,8,4,1,5.0,1.0,348000.0,200000_plus,4_plus,married_couple,no_65_plus,8.0,4,syn_t032_h0000012
14000US06089011802,8900,13,3,1,3.0,1.0,86000.0,75000_99999,3,married_couple,no_65_plus,13.0,3,syn_t032_h0000013
14000US06089011802,8900,43,2,1,4.0,1.0,135000.0,125000_149999,4_plus,married_couple,no_65_plus,43.0,2,syn_t032_h0000014
14000US06089011803,8900,13,4,1,3.0,1.0,84900.0,75000_99999,3,married_couple,no_65_plus,13.0,4,syn_t033_h0000001
14000US06089011803,8900,14,2,1,1.0,1.0,37500.0,35000_39999,1,married_couple,has_65_plus,14.0,2,syn_t033_h0000002
14000US06089011803,8900,3,2,1,1.0,1.0,146000.0,125000_149999,1,married_couple,no_65_plus,3.0,2,syn_t033_h0000003
14000US06089011803,8900,34,3,1,4.0,1.0,228600.0,200000_plus,4_plus,married_couple,has_65_plus,34.0,3,syn_t033_h0000004
14000US06089011803,8900,12,1,1,1.0,4.0,8900.0,lt_10000,1,nonfamily_living_alone,no_65_plus,12.0,1,syn_t033_h0000005
14000US06089011803,8900,21,3,1,3.0,1.0,174880.0,150000_199999,3,married_couple,no_65_plus,21.0,3,syn_t033_h0000006
14000US06089011803,8900,8,2,1,3.0,1.0,283001.0,200000_plus,3,married_couple,no_65_plus,8.0,2,syn_t033_h0000007
14000US06089011803,8900,46,2,1,1.0,3.0,38780.0,35000_39999,1,other_female_householder,no_65_plus,46.0,2,syn_t033_h0000008
14000US06089011803,8900,27,2,1,1.0,5.0,44800.0,40000_44999,1,nonfamily_living_alone,has_65_plus,27.0,2,syn_t033_h0000009
14000US06089011803,8900,5,2,1,1.0,1.0,25000.0,25000_29999,1,married_couple,has_65_plus,5.0,2,syn_t033_h0000010
14000US06089011803,8900,16,2,1,2.0,5.0,7200.0,lt_10000,2,nonfamily_living_alone,no_65_plus,16.0,2,syn_t033_h0000011
14000US06089011803,8900,12,2,1,2.0,1.0,43200.0,40000_44999,2,married_couple,has_65_plus,12.0,2,syn_t033_h0000012
14000US06089011803,8900,26,2,1,3.0,1.0,86240.0,75000_99999,3,married_couple,has_65_plus,26.0,2,syn_t033_h0000013
14000US06089011803,8900,14,1,1,6.0,4.0,41800.0,40000_44999,4_plus,nonfamily_living_alone,no_65_plus,14.0,1,syn_t033_h0000014
14000US06089011803,8900,18,1,1,1.0,6.0,52900.0,50000_59999,1,nonfamily_not_living_alone,no_65_plus,18.0,1,syn_t033_h0000015
14000US06089011900,8900,13,3,1,3.0,1.0,141500.0,125000_149999,3,married_couple,no_65_plus,13.0,3,syn_t034_h0000001
14000US06089011900,8900,12,1,1,0.0,4.0,13710.0,10000_14999,0,nonfamily_living_alone,has_65_plus,12.0,1,syn_t034_h0000002
14000US06089011900,8900,7,2,1,3.0,1.0,107000.0,100000_124999,3,married_couple,has_65_plus,7.0,2,syn_t034_h0000003
14000US06089011900,8900,7,2,1,1.0,1.0,208000.0,200000_plus,1,married_couple,has_65_plus,7.0,2,syn_t034_h0000004
14000US06089011900,8900,31,4,1,2.0,1.0,113400.0,100000_124999,2,married_couple,has_65_plus,31.0,4,syn_t034_h0000005
14000US06089011900,8900,43,5,1,2.0,2.0,138650.0,125000_149999,2,other_male_householder,no_65_plus,43.0,5,syn_t034_h0000006
14000US06089011900,8900,18,2,1,3.0,7.0,94200.0,75000_99999,3,nonfamily_not_living_alone,has_65_plus,18.0,2,syn_t034_h0000007
14000US06089011900,8900,11,3,1,1.0,1.0,139250.0,125000_149999,1,married_couple,no_65_plus,11.0,3,syn_t034_h0000008
14000US06089011900,8900,8,2,1,2.0,1.0,97800.0,75000_99999,2,married_couple,has_65_plus,8.0,2,syn_t034_h0000009
14000US06089011900,8900,8,4,1,1.0,3.0,7800.0,lt_10000,1,other_female_householder,no_65_plus,8.0,4,syn_t034_h0000010
14000US06089011900,8900,12,2,1,3.0,1.0,32700.0,30000_34999,3,married_couple,has_65_plus,12.0,2,syn_t034_h0000011
14000US06089011900,8900,21,2,1,0.0,5.0,10000.0,10000_14999,0,nonfamily_living_alone,no_65_plus,21.0,2,syn_t034_h0000012
14000US06089011900,8900,15,2,1,1.0,1.0,107430.0,100000_124999,1,married_couple,has_65_plus,15.0,2,syn_t034_h0000013
14000US06089011900,8900,23,1,1,2.0,4.0,42000.0,40000_44999,2,nonfamily_living_alone,has_65_plus,23.0,1,syn_t034_h0000014
14000US06089011900,8900,109,5,1,2.0,1.0,80000.0,75000_99999,2,married_couple,no_65_plus,109.0,5,syn_t034_h0000015
14000US06089011900,8900,25,5,1,3.0,1.0,78000.0,75000_99999,3,married_couple,no_65_plus,25.0,5,syn_t034_h0000016
14000US06089011900,8900,12,2,1,2.0,1.0,121200.0,100000_124999,2,married_couple,has_65_plus,12.0,2,syn_t034_h0000017
14000US06089011900,8900,13,2,1,3.0,1.0,44400.0,40000_44999,3,married_couple,has_65_plus,13.0,2,syn_t034_h0000018
14000US06089011900,8900,11,4,1,4.0,1.0,52000.0,50000_59999,4_plus,married_couple,no_65_plus,11.0,4,syn_t034_h0000019
14000US06089011900,8900,34,2,1,2.0,1.0,6100.0,lt_10000,2,married_couple,has_65_plus,34.0,2,syn_t034_h0000020
14000US06089011900,8900,21,2,1,2.0,1.0,41400.0,40000_44999,2,married_couple,has_65_plus,21.0,2,syn_t034_h0000021
14000US06089011900,8900,11,2,1,2.0,1.0,9050.0,lt_10000,2,married_couple,has_65_plus,11.0,2,syn_t034_h0000022
14000US06089011900,8900,16,2,1,2.0,1.0,110000.0,100000_124999,2,married_couple,no_65_plus,16.0,2,syn_t034_h0000023
14000US06089011900,8900,41,2,1,2.0,1.0,155000.0,150000_199999,2,married_couple,no_65_plus,41.0,2,syn_t034_h0000024
14000US06089012000,8900,18,5,1,1.0,1.0,10400.0,10000_14999,1,married_couple,no_65_plus,18.0,5,syn_t035_h0000001
14000US06089012000,8900,17,1,1,4.0,4.0,39700.0,35000_39999,4_plus,nonfamily_living_alone,no_65_plus,17.0,1,syn_t035_h0000002
14000US06089012000,8900,40,4,1,2.0,1.0,83000.0,75000_99999,2,married_couple,no_65_plus,40.0,4,syn_t035_h0000003
14000US06089012000,8900,43,2,1,1.0,5.0,23700.0,20000_24999,1,nonfamily_living_alone,no_65_plus,43.0,2,syn_t035_h0000004
14000US06089012000,8900,19,3,1,2.0,2.0,24000.0,20000_24999,2,other_male_householder,no_65_plus,19.0,3,syn_t035_h0000005
14000US06089012000,8900,17,1,1,2.0,4.0,40000.0,40000_44999,2,nonfamily_living_alone,no_65_plus,17.0,1,syn_t035_h0000006
14000US06089012000,8900,102,1,1,0.0,4.0,10000.0,10000_14999,0,nonfamily_living_alone,no_65_plus,102.0,1,syn_t035_h0000007
14000US06089012000,8900,40,2,1,2.0,1.0,47000.0,45000_49999,2,married_couple,no_65_plus,40.0,2,syn_t035_h0000008
14000US06089012000,8900,36,2,1,2.0,1.0,41000.0,40000_44999,2,married_couple,no_65_plus,36.0,2,syn_t035_h0000009
14000US06089012000,8900,36,3,1,4.0,3.0,62000.0,60000_74999,4_plus,other_female_householder,no_65_plus,36.0,3,syn_t035_h0000010
14000US06089012000,8900,61,4,1,1.0,3.0,10350.0,10000_14999,1,other_female_householder,no_65_plus,61.0,4,syn_t035_h0000011
14000US06089012000,8900,33,3,1,2.0,2.0,19800.0,15000_19999,2,other_male_householder,no_65_plus,33.0,3,syn_t035_h0000012
14000US06089012000,8900,18,2,1,2.0,1.0,49000.0,45000_49999,2,married_couple,has_65_plus,18.0,2,syn_t035_h0000013
14000US06089012000,8900,33,1,1,1.0,4.0,16900.0,15000_19999,1,nonfamily_living_alone,no_65_plus,33.0,1,syn_t035_h0000014
14000US06089012000,8900,12,1,1,1.0,6.0,79000.0,75000_99999,1,nonfamily_not_living_alone,no_65_plus,12.0,1,syn_t035_h0000015
14000US06089012000,8900,36,3,1,3.0,1.0,32500.0,30000_34999,3,married_couple,has_65_plus,36.0,3,syn_t035_h0000016
14000US06089012000,8900,6,1,1,4.0,4.0,0.0,lt_10000,4_plus,nonfamily_living_alone,no_65_plus,6.0,1,syn_t035_h0000017
14000US06089012000,8900,17,2,1,1.0,2.0,76900.0,75000_99999,1,other_male_householder,no_65_plus,17.0,2,syn_t035_h0000018
14000US06089012000,8900,45,2,1,0.0,3.0,6500.0,lt_10000,0,other_female_householder,no_65_plus,45.0,2,syn_t035_h0000019
14000US06089012000,8900,14,4,1,2.0,1.0,68900.0,60000_74999,2,married_couple,no_65_plus,14.0,4,syn_t035_h0000020
14000US06089012000,8900,26,2,1,1.0,3.0,40000.0,40000_44999,1,other_female_householder,no_65_plus,26.0,2,syn_t035_h0000021
14000US06089012000,8900,18,2,1,4.0,1.0,67600.0,60000_74999,4_plus,married_couple,no_65_plus,18.0,2,syn_t035_h0000022
14000US06089012000,8900,12,1,1,2.0,4.0,64900.0,60000_74999,2,nonfamily_living_alone,has_65_plus,12.0,1,syn_t035_h0000023
14000US06089012000,8900,19,1,1,1.0,6.0,9600.0,lt_10000,1,nonfamily_not_living_alone,has_65_plus,19.0,1,syn_t035_h0000024
14000US06089012000,8900,24,3,1,1.0,3.0,28000.0,25000_29999,1,other_female_householder,no_65_plus,24.0,3,syn_t035_h0000025
14000US06089012101,8900,42,2,1,2.0,3.0,40600.0,40000_44999,2,other_female_householder,has_65_plus,42.0,2,syn_t036_h0000001
14000US06089012101,8900,12,2,1,1.0,1.0,20930.0,20000_24999,1,married_couple,no_65_plus,12.0,2,syn_t036_h0000002
14000US06089012101,8900,24,3,1,2.0,1.0,27800.0,25000_29999,2,married_couple,has_65_plus,24.0,3,syn_t036_h0000003
14000US06089012101,8900,28,2,1,2.0,1.0,100000.0,100000_124999,2,married_couple,no_65_plus,28.0,2,syn_t036_h0000004
14000US06089012101,8900,19,2,1,2.0,1.0,160000.0,150000_199999,2,married_couple,no_65_plus,19.0,2,syn_t036_h0000005
14000US06089012101,8900,24,4,1,1.0,3.0,10700.0,10000_14999,1,other_female_householder,no_65_plus,24.0,4,syn_t036_h0000006
14000US06089012101,8900,25,5,1,3.0,1.0,78000.0,75000_99999,3,married_couple,no_65_plus,25.0,5,syn_t036_h0000007
14000US06089012101,8900,8,2,1,2.0,1.0,123000.0,100000_124999,2,married_couple,no_65_plus,8.0,2,syn_t036_h0000008
14000US06089012101,8900,13,1,1,2.0,4.0,3000.0,lt_10000,2,nonfamily_living_alone,no_65_plus,13.0,1,syn_t036_h0000009
14000US06089012101,8900,17,1,1,1.0,4.0,103000.0,100000_124999,1,nonfamily_living_alone,no_65_plus,17.0,1,syn_t036_h0000010
14000US06089012101,8900,8,2,1,2.0,1.0,80400.0,75000_99999,2,married_couple,has_65_plus,8.0,2,syn_t036_h0000011
14000US06089012101,8900,13,1,1,1.0,6.0,34400.0,30000_34999,1,nonfamily_not_living_alone,has_65_plus,13.0,1,syn_t036_h0000012
14000US06089012101,8900,56,1,1,1.0,4.0,20000.0,20000_24999,1,nonfamily_living_alone,no_65_plus,56.0,1,syn_t036_h0000013
14000US06089012101,8900,90,2,1,2.0,5.0,81000.0,75000_99999,2,nonfamily_living_alone,no_65_plus,90.0,2,syn_t036_h0000014
14000US06089012101,8900,35,2,1,1.0,3.0,22000.0,20000_24999,1,other_female_householder,no_65_plus,35.0,2,syn_t036_h0000015
14000US06089012101,8900,12,1,1,2.0,6.0,24600.0,20000_24999,2,nonfamily_not_living_alone,no_65_plus,12.0,1,syn_t036_h0000016
14000US06089012101,8900,9,5,1,1.0,3.0,10800.0,10000_14999,1,other_female_householder,no_65_plus,9.0,5,syn_t036_h0000017
14000US06089012101,8900,23,1,1,2.0,4.0,50000.0,50000_59999,2,nonfamily_living_alone,no_65_plus,23.0,1,syn_t036_h0000018
14000US06089012101,8900,12,2,1,2.0,1.0,35504.0,35000_39999,2,married_couple,has_65_plus,12.0,2,syn_t036_h0000019
14000US06089012101,8900,75,2,1,2.0,1.0,23400.0,20000_24999,2,married_couple,has_65_plus,75.0,2,syn_t036_h0000020
14000US06089012101,8900,9,2,1,1.0,1.0,81400.0,75000_99999,1,married_couple,no_65_plus,9.0,2,syn_t036_h0000021
14000US06089012101,8900,21,1,1,2.0,6.0,45000.0,45000_49999,2,nonfamily_not_living_alone,no_65_plus,21.0,1,syn_t036_h0000022
14000US06089012101,8900,26,4,1,3.0,1.0,156000.0,150000_199999,3,married_couple,no_65_plus,26.0,4,syn_t036_h0000023
14000US06089012101,8900,38,1,1,1.0,4.0,40000.0,40000_44999,1,nonfamily_living_alone,no_65_plus,38.0,1,syn_t036_h0000024
14000US06089012101,8900,14,2,1,2.0,1.0,93100.0,75000_99999,2,married_couple,has_65_plus,14.0,2,syn_t036_h0000025
14000US06089012102,8900,12,1,1,1.0,4.0,10400.0,10000_14999,1,nonfamily_living_alone,has_65_plus,12.0,1,syn_t037_h0000001
14000US06089012102,8900,13,4,1,3.0,1.0,97400.0,75000_99999,3,married_couple,no_65_plus,13.0,4,syn_t037_h0000002
14000US06089012102,8900,11,2,1,2.0,1.0,21600.0,20000_24999,2,married_couple,has_65_plus,11.0,2,syn_t037_h0000003
14000US06089012102,8900,52,2,1,2.0,3.0,56000.0,50000_59999,2,other_female_householder,no_65_plus,52.0,2,syn_t037_h0000004
14000US06089012102,8900,10,1,1,0.0,4.0,1440.0,lt_10000,0,nonfamily_living_alone,has_65_plus,10.0,1,syn_t037_h0000005
14000US06089012102,8900,6,2,1,1.0,1.0,34900.0,30000_34999,1,married_couple,has_65_plus,6.0,2,syn_t037_h0000006
14000US06089012102,8900,8,2,1,2.0,2.0,28800.0,25000_29999,2,other_male_householder,has_65_plus,8.0,2,syn_t037_h0000007
14000US06089012102,8900,25,1,1,0.0,4.0,0.0,lt_10000,0,nonfamily_living_alone,no_65_plus,25.0,1,syn_t037_h0000008
14000US06089012102,8900,5,4,1,4.0,1.0,53100.0,50000_59999,4_plus,married_couple,has_65_plus,5.0,4,syn_t037_h0000009
14000US06089012102,8900,87,3,1,1.0,3.0,38400.0,35000_39999,1,other_female_householder,no_65_plus,87.0,3,syn_t037_h0000010
14000US06089012102,8900,63,2,1,1.0,3.0,36300.0,35000_39999,1,other_female_householder,no_65_plus,63.0,2,syn_t037_h0000011
14000US06089012102,8900,21,1,1,0.0,4.0,11500.0,10000_14999,0,nonfamily_living_alone,has_65_plus,21.0,1,syn_t037_h0000012
14000US06089012102,8900,7,3,1,2.0,1.0,63000.0,60000_74999,2,married_couple,no_65_plus,7.0,3,syn_t037_h0000013
14000US06089012200,8900,11,2,1,2.0,1.0,90000.0,75000_99999,2,married_couple,no_65_plus,11.0,2,syn_t038_h0000001
14000US06089012200,8900,7,1,1,2.0,4.0,15300.0,15000_19999,2,nonfamily_living_alone,has_65_plus,7.0,1,syn_t038_h0000002
14000US06089012200,8900,12,1,1,1.0,4.0,8900.0,lt_10000,1,nonfamily_living_alone,no_65_plus,12.0,1,syn_t038_h0000003
14000US06089012200,8900,23,6,1,2.0,1.0,28600.0,25000_29999,2,married_couple,no_65_plus,23.0,6,syn_t038_h0000004
14000US06089012200,8900,17,2,1,1.0,1.0,3400.0,lt_10000,1,married_couple,no_65_plus,17.0,2,syn_t038_h0000005
14000US06089012200,8900,38,3,1,2.0,1.0,186000.0,150000_199999,2,married_couple,no_65_plus,38.0,3,syn_t038_h0000006
14000US06089012200,8900,9,4,1,4.0,1.0,8000.0,lt_10000,4_plus,married_couple,no_65_plus,9.0,4,syn_t038_h0000007
14000US06089012200,8900,4,2,1,4.0,1.0,180300.0,150000_199999,4_plus,married_couple,has_65_plus,4.0,2,syn_t038_h0000008
14000US06089012200,8900,56,4,1,0.0,5.0,5000.0,lt_10000,0,nonfamily_living_alone,no_65_plus,56.0,4,syn_t038_h0000009
14000US06089012200,8900,14,3,1,2.0,2.0,34000.0,30000_34999,2,other_male_householder,no_65_plus,14.0,3,syn_t038_h0000010
14000US06089012200,8900,15,3,1,2.0,3.0,12000.0,10000_14999,2,other_female_householder,no_65_plus,15.0,3,syn_t038_h0000011
14000US06089012200,8900,9,2,1,1.0,1.0,0.0,lt_10000,1,married_couple,has_65_plus,9.0,2,syn_t038_h0000012
14000US06089012200,8900,22,1,1,1.0,6.0,11000.0,10000_14999,1,nonfamily_not_living_alone,no_65_plus,22.0,1,syn_t038_h0000013
14000US06089012200,8900,11,5,1,3.0,1.0,85900.0,75000_99999,3,married_couple,has_65_plus,11.0,5,syn_t038_h0000014
14000US06089012200,8900,13,5,1,3.0,1.0,63000.0,60000_74999,3,married_couple,no_65_plus,13.0,5,syn_t038_h0000015
14000US06089012200,8900,42,4,1,0.0,3.0,14400.0,10000_14999,0,other_female_householder,no_65_plus,42.0,4,syn_t038_h0000016
14000US06089012200,8900,15,2,1,2.0,1.0,12500.0,10000_14999,2,married_couple,has_65_plus,15.0,2,syn_t038_h0000017
14000US06089012200,8900,8,2,1,2.0,1.0,36500.0,35000_39999,2,married_couple,has_65_plus,8.0,2,syn_t038_h0000018
14000US06089012200,8900,56,1,1,1.0,6.0,15600.0,15000_19999,1,nonfamily_not_living_alone,no_65_plus,56.0,1,syn_t038_h0000019
14000US06089012200,8900,18,2,1,6.0,1.0,76400.0,75000_99999,4_plus,married_couple,no_65_plus,18.0,2,syn_t038_h0000020
14000US06089012200,8900,8,2,1,2.0,1.0,20200.0,20000_24999,2,married_couple,no_65_plus,8.0,2,syn_t038_h0000021
14000US06089012200,8900,21,2,1,2.0,1.0,69400.0,60000_74999,2,married_couple,no_65_plus,21.0,2,syn_t038_h0000022
14000US06089012200,8900,9,1,1,3.0,4.0,30000.0,30000_34999,3,nonfamily_living_alone,no_65_plus,9.0,1,syn_t038_h0000023
14000US06089012200,8900,45,3,1,3.0,1.0,101600.0,100000_124999,3,married_couple,has_65_plus,45.0,3,syn_t038_h0000024
14000US06089012200,8900,17,5,1,3.0,1.0,127500.0,125000_149999,3,married_couple,no_65_plus,17.0,5,syn_t038_h0000025
14000US06089012200,8900,18,3,1,2.0,2.0,22700.0,20000_24999,2,other_male_householder,has_65_plus,18.0,3,syn_t038_h0000026
14000US06089012200,8900,28,4,1,1.0,3.0,24000.0,20000_24999,1,other_female_householder,no_65_plus,28.0,4,syn_t038_h0000027
14000US06089012200,8900,23,4,1,2.0,1.0,131000.0,125000_149999,2,married_couple,no_65_plus,23.0,4,syn_t038_h0000028
14000US06089012200,8900,29,2,1,2.0,1.0,53000.0,50000_59999,2,married_couple,has_65_plus,29.0,2,syn_t038_h0000029
14000US06089012200,8900,8,2,1,3.0,1.0,283001.0,200000_plus,3,married_couple,no_65_plus,8.0,2,syn_t038_h0000030
14000US06089012200,8900,40,4,1,2.0,1.0,96000.0,75000_99999,2,married_couple,no_65_plus,40.0,4,syn_t038_h0000031
14000US06089012301,8900,11,1,1,1.0,4.0,9900.0,lt_10000,1,nonfamily_living_alone,has_65_plus,11.0,1,syn_t039_h0000001
14000US06089012301,8900,19,1,1,2.0,4.0,18000.0,15000_19999,2,nonfamily_living_alone,has_65_plus,19.0,1,syn_t039_h0000002
14000US06089012301,8900,43,2,1,1.0,5.0,23700.0,20000_24999,1,nonfamily_living_alone,no_65_plus,43.0,2,syn_t039_h0000003
14000US06089012301,8900,12,2,1,3.0,1.0,43000.0,40000_44999,3,married_couple,has_65_plus,12.0,2,syn_t039_h0000004
14000US06089012301,8900,5,1,1,1.0,4.0,61500.0,60000_74999,1,nonfamily_living_alone,no_65_plus,5.0,1,syn_t039_h0000005
14000US06089012301,8900,9,5,1,1.0,3.0,10800.0,10000_14999,1,other_female_householder,no_65_plus,9.0,5,syn_t039_h0000006
14000US06089012301,8900,22,2,1,2.0,1.0,36000.0,35000_39999,2,married_couple,no_65_plus,22.0,2,syn_t039_h0000007
14000US06089012301,8900,17,1,1,1.0,4.0,87800.0,75000_99999,1,nonfamily_living_alone,has_65_plus,17.0,1,syn_t039_h0000008
14000US06089012301,8900,23,1,1,1.0,4.0,0.0,lt_10000,1,nonfamily_living_alone,no_65_plus,23.0,1,syn_t039_h0000009
14000US06089012301,8900,64,2,1,1.0,1.0,155000.0,150000_199999,1,married_couple,no_65_plus,64.0,2,syn_t039_h0000010
14000US06089012301,8900,42,3,1,2.0,2.0,93800.0,75000_99999,2,other_male_householder,no_65_plus,42.0,3,syn_t039_h0000011
14000US06089012301,8900,11,2,1,2.0,2.0,77000.0,75000_99999,2,other_male_householder,has_65_plus,11.0,2,syn_t039_h0000012
14000US06089012301,8900,15,2,1,2.0,1.0,110000.0,100000_124999,2,married_couple,no_65_plus,15.0,2,syn_t039_h0000013
14000US06089012301,8900,12,3,1,2.0,2.0,95600.0,75000_99999,2,other_male_householder,has_65_plus,12.0,3,syn_t039_h0000014
14000US06089012301,8900,21,3,1,3.0,1.0,174880.0,150000_199999,3,married_couple,no_65_plus,21.0,3,syn_t039_h0000015
14000US06089012301,8900,11,2,1,2.0,1.0,39600.0,35000_39999,2,married_couple,has_65_plus,11.0,2,syn_t039_h0000016
14000US06089012302,8900,7,2,1,3.0,1.0,142000.0,125000_149999,3,married_couple,no_65_plus,7.0,2,syn_t040_h0000001
14000US06089012302,8900,30,2,1,3.0,1.0,65000.0,60000_74999,3,married_couple,has_65_plus,30.0,2,syn_t040_h0000002
14000US06089012302,8900,59,2,1,2.0,1.0,42000.0,40000_44999,2,married_couple,no_65_plus,59.0,2,syn_t040_h0000003
14000US06089012302,8900,16,1,1,1.0,6.0,116200.0,100000_124999,1,nonfamily_not_living_alone,has_65_plus,16.0,1,syn_t040_h0000004
14000US06089012302,8900,13,3,1,3.0,1.0,103040.0,100000_124999,3,married_couple,no_65_plus,13.0,3,syn_t040_h0000005
14000US06089012302,8900,50,2,1,2.0,1.0,26000.0,25000_29999,2,married_couple,no_65_plus,50.0,2,syn_t040_h0000006
14000US06089012302,8900,34,1,1,1.0,4.0,18000.0,15000_19999,1,nonfamily_living_alone,has_65_plus,34.0,1,syn_t040_h0000007
14000US06089012302,8900,13,5,1,3.0,1.0,51380.0,50000_59999,3,married_couple,no_65_plus,13.0,5,syn_t040_h0000008
14000US06089012302,8900,81,4,1,2.0,3.0,50000.0,50000_59999,2,other_female_householder,no_65_plus,81.0,4,syn_t040_h0000009
14000US06089012302,8900,46,4,1,3.0,1.0,198000.0,150000_199999,3,married_couple,no_65_plus,46.0,4,syn_t040_h0000010
14000US06089012302,8900,13,2,1,3.0,1.0,68430.0,60000_74999,3,married_couple,has_65_plus,13.0,2,syn_t040_h0000011
14000US06089012302,8900,11,1,1,1.0,4.0,15400.0,15000_19999,1,nonfamily_living_alone,no_65_plus,11.0,1,syn_t040_h0000012
14000US06089012302,8900,41,2,1,1.0,1.0,60000.0,60000_74999,1,married_couple,no_65_plus,41.0,2,syn_t040_h0000013
14000US06089012302,8900,43,5,1,2.0,1.0,25000.0,25000_29999,2,married_couple,no_65_plus,43.0,5,syn_t040_h0000014
14000US06089012302,8900,12,2,1,2.0,1.0,64400.0,60000_74999,2,married_couple,has_65_plus,12.0,2,syn_t040_h0000015
14000US06089012302,8900,24,2,1,3.0,1.0,-200.0,lt_10000,3,married_couple,no_65_plus,24.0,2,syn_t040_h0000016
14000US06089012302,8900,13,2,1,2.0,1.0,127680.0,125000_149999,2,married_couple,has_65_plus,13.0,2,syn_t040_h0000017
14000US06089012302,8900,12,3,1,3.0,1.0,101000.0,100000_124999,3,married_couple,no_65_plus,12.0,3,syn_t040_h0000018
14000US06089012302,8900,10,1,1,2.0,4.0,29300.0,25000_29999,2,nonfamily_living_alone,has_65_plus,10.0,1,syn_t040_h0000019
14000US06089012302,8900,56,5,1,2.0,3.0,80000.0,75000_99999,2,other_female_householder,no_65_plus,56.0,5,syn_t040_h0000020
14000US06089012302,8900,11,4,1,4.0,1.0,93400.0,75000_99999,4_plus,married_couple,no_65_plus,11.0,4,syn_t040_h0000021
14000US06089012302,8900,14,2,1,2.0,1.0,57420.0,50000_59999,2,married_couple,has_65_plus,14.0,2,syn_t040_h0000022
14000US06089012302,8900,20,4,1,0.0,1.0,9100.0,lt_10000,0,married_couple,no_65_plus,20.0,4,syn_t040_h0000023
14000US06089012302,8900,23,4,1,3.0,1.0,106000.0,100000_124999,3,married_couple,has_65_plus,23.0,4,syn_t040_h0000024
14000US06089012302,8900,3,3,1,3.0,1.0,29200.0,25000_29999,3,married_couple,has_65_plus,3.0,3,syn_t040_h0000025
14000US06089012302,8900,45,3,1,3.0,1.0,63000.0,60000_74999,3,married_couple,no_65_plus,45.0,3,syn_t040_h0000026
14000US06089012302,8900,14,1,1,1.0,4.0,60000.0,60000_74999,1,nonfamily_living_alone,no_65_plus,14.0,1,syn_t040_h0000027
14000US06089012302,8900,14,2,1,2.0,1.0,60000.0,60000_74999,2,married_couple,no_65_plus,14.0,2,syn_t040_h0000028
14000US06089012302,8900,35,2,1,2.0,1.0,118000.0,100000_124999,2,married_couple,no_65_plus,35.0,2,syn_t040_h0000029
14000US06089012303,8900,14,2,1,3.0,1.0,115500.0,100000_124999,3,married_couple,no_65_plus,14.0,2,syn_t041_h0000001
14000US06089012303,8900,60,2,1,4.0,1.0,60600.0,60000_74999,4_plus,married_couple,no_65_plus,60.0,2,syn_t041_h0000002
14000US06089012303,8900,8,2,1,6.0,1.0,58400.0,50000_59999,4_plus,married_couple,no_65_plus,8.0,2,syn_t041_h0000003
14000US06089012303,8900,9,3,1,3.0,1.0,31300.0,30000_34999,3,married_couple,has_65_plus,9.0,3,syn_t041_h0000004
14000US06089012303,8900,54,4,1,1.0,1.0,70000.0,60000_74999,1,married_couple,no_65_plus,54.0,4,syn_t041_h0000005
14000US06089012303,8900,18,2,1,2.0,1.0,91000.0,75000_99999,2,married_couple,no_65_plus,18.0,2,syn_t041_h0000006
14000US06089012303,8900,25,3,1,5.0,1.0,128000.0,125000_149999,4_plus,married_couple,has_65_plus,25.0,3,syn_t041_h0000007
14000US06089012303,8900,21,4,1,2.0,1.0,641000.0,200000_plus,2,married_couple,no_65_plus,21.0,4,syn_t041_h0000008
14000US06089012303,8900,20,4,1,2.0,3.0,48000.0,45000_49999,2,other_female_householder,no_65_plus,20.0,4,syn_t041_h0000009
14000US06089012303,8900,6,1,1,1.0,4.0,69400.0,60000_74999,1,nonfamily_living_alone,has_65_plus,6.0,1,syn_t041_h0000010
14000US06089012303,8900,18,5,1,1.0,1.0,10400.0,10000_14999,1,married_couple,no_65_plus,18.0,5,syn_t041_h0000011
14000US06089012303,8900,24,4,1,4.0,1.0,92000.0,75000_99999,4_plus,married_couple,no_65_plus,24.0,4,syn_t041_h0000012
14000US06089012303,8900,16,1,1,1.0,6.0,28000.0,25000_29999,1,nonfamily_not_living_alone,has_65_plus,16.0,1,syn_t041_h0000013
14000US06089012303,8900,27,2,1,2.0,1.0,33600.0,30000_34999,2,married_couple,has_65_plus,27.0,2,syn_t041_h0000014
14000US06089012303,8900,15,1,1,3.0,4.0,32300.0,30000_34999,3,nonfamily_living_alone,has_65_plus,15.0,1,syn_t041_h0000015
14000US06089012303,8900,10,5,1,6.0,1.0,157600.0,150000_199999,4_plus,married_couple,no_65_plus,10.0,5,syn_t041_h0000016
14000US06089012303,8900,14,3,1,3.0,2.0,75000.0,75000_99999,3,other_male_householder,no_65_plus,14.0,3,syn_t041_h0000017
14000US06089012303,8900,33,4,1,1.0,3.0,34600.0,30000_34999,1,other_female_householder,no_65_plus,33.0,4,syn_t041_h0000018
14000US06089012303,8900,8,1,1,4.0,4.0,37000.0,35000_39999,4_plus,nonfamily_living_alone,no_65_plus,8.0,1,syn_t041_h0000019
14000US06089012303,8900,11,2,1,3.0,1.0,195030.0,150000_199999,3,married_couple,no_65_plus,11.0,2,syn_t041_h0000020
14000US06089012303,8900,12,4,1,4.0,1.0,186500.0,150000_199999,4_plus,married_couple,no_65_plus,12.0,4,syn_t041_h0000021
14000US06089012303,8900,13,2,1,1.0,3.0,20200.0,20000_24999,1,other_female_householder,has_65_plus,13.0,2,syn_t041_h0000022
14000US06089012400,8900,12,2,1,6.0,1.0,28900.0,25000_29999,4_plus,married_couple,has_65_plus,12.0,2,syn_t042_h0000001
14000US06089012400,8900,11,2,1,1.0,1.0,8000.0,lt_10000,1,married_couple,no_65_plus,11.0,2,syn_t042_h0000002
14000US06089012400,8900,11,2,1,4.0,1.0,64830.0,60000_74999,4_plus,married_couple,has_65_plus,11.0,2,syn_t042_h0000003
14000US06089012400,8900,43,1,1,0.0,4.0,35000.0,35000_39999,0,nonfamily_living_alone,no_65_plus,43.0,1,syn_t042_h0000004
14000US06089012400,8900,47,4,1,2.0,1.0,120000.0,100000_124999,2,married_couple,no_65_plus,47.0,4,syn_t042_h0000005
14000US06089012400,8900,81,2,1,1.0,1.0,127000.0,125000_149999,1,married_couple,no_65_plus,81.0,2,syn_t042_h0000006
14000US06089012400,8900,42,4,1,2.0,1.0,76000.0,75000_99999,2,married_couple,no_65_plus,42.0,4,syn_t042_h0000007
14000US06089012400,8900,8,1,1,2.0,6.0,62600.0,60000_74999,2,nonfamily_not_living_alone,no_65_plus,8.0,1,syn_t042_h0000008
14000US06089012400,8900,14,2,1,2.0,1.0,55000.0,50000_59999,2,married_couple,has_65_plus,14.0,2,syn_t042_h0000009
14000US06089012400,8900,12,2,1,2.0,5.0,57300.0,50000_59999,2,nonfamily_living_alone,has_65_plus,12.0,2,syn_t042_h0000010
14000US06089012400,8900,15,1,1,6.0,4.0,20000.0,20000_24999,4_plus,nonfamily_living_alone,no_65_plus,15.0,1,syn_t042_h0000011
14000US06089012400,8900,9,2,1,0.0,3.0,71950.0,60000_74999,0,other_female_householder,has_65_plus,9.0,2,syn_t042_h0000012
14000US06089012400,8900,18,1,1,2.0,4.0,24900.0,20000_24999,2,nonfamily_living_alone,no_65_plus,18.0,1,syn_t042_h0000013
14000US06089012400,8900,20,5,1,2.0,1.0,109000.0,100000_124999,2,married_couple,no_65_plus,20.0,5,syn_t042_h0000014
14000US06089012400,8900,21,1,1,1.0,6.0,0.0,lt_10000,1,nonfamily_not_living_alone,no_65_plus,21.0,1,syn_t042_h0000015
14000US06089012400,8900,22,2,1,2.0,2.0,2700.0,lt_10000,2,other_male_householder,no_65_plus,22.0,2,syn_t042_h0000016
14000US06089012400,8900,13,2,1,1.0,3.0,20200.0,20000_24999,1,other_female_householder,has_65_plus,13.0,2,syn_t042_h0000017
14000US06089012400,8900,13,2,1,0.0,5.0,21800.0,20000_24999,0,nonfamily_living_alone,no_65_plus,13.0,2,syn_t042_h0000018
14000US06089012400,8900,44,2,1,1.0,5.0,5500.0,lt_10000,1,nonfamily_living_alone,no_65_plus,44.0,2,syn_t042_h0000019
14000US06089012400,8900,23,1,1,2.0,4.0,35000.0,35000_39999,2,nonfamily_living_alone,no_65_plus,23.0,1,syn_t042_h0000020
14000US06089012400,8900,13,1,1,1.0,4.0,49000.0,45000_49999,1,nonfamily_living_alone,no_65_plus,13.0,1,syn_t042_h0000021
14000US06089012400,8900,23,1,1,2.0,4.0,50000.0,50000_59999,2,nonfamily_living_alone,no_65_plus,23.0,1,syn_t042_h0000022
14000US06089012500,8900,60,1,1,1.0,6.0,62600.0,60000_74999,1,nonfamily_not_living_alone,has_65_plus,60.0,1,syn_t043_h0000001
14000US06089012500,8900,19,2,1,3.0,2.0,14800.0,10000_14999,3,other_male_householder,has_65_plus,19.0,2,syn_t043_h0000002
14000US06089012500,8900,30,1,1,0.0,6.0,9500.0,lt_10000,0,nonfamily_not_living_alone,has_65_plus,30.0,1,syn_t043_h0000003
14000US06089012500,8900,13,1,1,1.0,6.0,10200.0,10000_14999,1,nonfamily_not_living_alone,no_65_plus,13.0,1,syn_t043_h0000004
14000US06089012500,8900,45,3,1,3.0,1.0,63000.0,60000_74999,3,married_couple,no_65_plus,45.0,3,syn_t043_h0000005
14000US06089012500,8900,12,2,1,4.0,1.0,122700.0,100000_124999,4_plus,married_couple,has_65_plus,12.0,2,syn_t043_h0000006
14000US06089012500,8900,16,1,1,1.0,4.0,12000.0,10000_14999,1,nonfamily_living_alone,no_65_plus,16.0,1,syn_t043_h0000007
14000US06089012500,8900,52,1,1,2.0,4.0,46000.0,45000_49999,2,nonfamily_living_alone,has_65_plus,52.0,1,syn_t043_h0000008
14000US06089012500,8900,18,2,1,1.0,5.0,32280.0,30000_34999,1,nonfamily_living_alone,no_65_plus,18.0,2,syn_t043_h0000009
14000US06089012500,8900,9,5,1,5.0,1.0,226300.0,200000_plus,4_plus,married_couple,no_65_plus,9.0,5,syn_t043_h0000010
14000US06089012601,8900,11,2,1,3.0,3.0,63300.0,60000_74999,3,other_female_householder,has_65_plus,11.0,2,syn_t044_h0000001
14000US06089012601,8900,15,2,1,3.0,1.0,74600.0,60000_74999,3,married_couple,has_65_plus,15.0,2,syn_t044_h0000002
14000US06089012601,8900,23,5,1,2.0,2.0,70600.0,60000_74999,2,other_male_householder,has_65_plus,23.0,5,syn_t044_h0000003
14000US06089012601,8900,27,4,1,3.0,3.0,52000.0,50000_59999,3,other_female_householder,no_65_plus,27.0,4,syn_t044_h0000004
14000US06089012601,8900,15,2,1,1.0,1.0,59200.0,50000_59999,1,married_couple,has_65_plus,15.0,2,syn_t044_h0000005
14000US06089012601,8900,44,2,1,1.0,1.0,355500.0,200000_plus,1,married_couple,has_65_plus,44.0,2,syn_t044_h0000006
14000US06089012601,8900,12,1,1,1.0,4.0,66000.0,60000_74999,1,nonfamily_living_alone,no_65_plus,12.0,1,syn_t044_h0000007
14000US06089012601,8900,55,3,1,1.0,3.0,51900.0,50000_59999,1,other_female_householder,no_65_plus,55.0,3,syn_t044_h0000008
14000US06089012601,8900,12,1,1,1.0,6.0,14300.0,10000_14999,1,nonfamily_not_living_alone,has_65_plus,12.0,1,syn_t044_h0000009
14000US06089012601,8900,54,2,1,3.0,1.0,124000.0,100000_124999,3,married_couple,has_65_plus,54.0,2,syn_t044_h0000010
14000US06089012601,8900,51,1,1,1.0,6.0,0.0,lt_10000,1,nonfamily_not_living_alone,no_65_plus,51.0,1,syn_t044_h0000011
14000US06089012601,8900,22,2,1,2.0,1.0,320000.0,200000_plus,2,married_couple,no_65_plus,22.0,2,syn_t044_h0000012
14000US06089012601,8900,58,4,1,1.0,1.0,25900.0,25000_29999,1,married_couple,no_65_plus,58.0,4,syn_t044_h0000013
14000US06089012601,8900,62,2,1,2.0,1.0,52600.0,50000_59999,2,married_couple,has_65_plus,62.0,2,syn_t044_h0000014
14000US06089012601,8900,45,2,1,2.0,1.0,45000.0,45000_49999,2,married_couple,no_65_plus,45.0,2,syn_t044_h0000015
14000US06089012601,8900,12,3,1,2.0,1.0,298000.0,200000_plus,2,married_couple,no_65_plus,12.0,3,syn_t044_h0000016
14000US06089012601,8900,12,1,1,1.0,4.0,15004.0,15000_19999,1,nonfamily_living_alone,no_65_plus,12.0,1,syn_t044_h0000017
14000US06089012601,8900,34,5,1,2.0,1.0,14500.0,10000_14999,2,married_couple,no_65_plus,34.0,5,syn_t044_h0000018
14000US06089012601,8900,17,4,1,2.0,1.0,79800.0,75000_99999,2,married_couple,no_65_plus,17.0,4,syn_t044_h0000019
14000US06089012601,8900,11,1,1,3.0,4.0,28300.0,25000_29999,3,nonfamily_living_alone,has_65_plus,11.0,1,syn_t044_h0000020
14000US06089012601,8900,25,1,1,1.0,4.0,15850.0,15000_19999,1,nonfamily_living_alone,no_65_plus,25.0,1,syn_t044_h0000021
14000US06089012601,8900,18,2,1,4.0,1.0,79800.0,75000_99999,4_plus,married_couple,has_65_plus,18.0,2,syn_t044_h0000022
14000US06089012601,8900,75,1,1,1.0,4.0,55000.0,50000_59999,1,nonfamily_living_alone,no_65_plus,75.0,1,syn_t044_h0000023
14000US06089012601,8900,20,2,1,1.0,2.0,45300.0,45000_49999,1,other_male_householder,no_65_plus,20.0,2,syn_t044_h0000024
14000US06089012601,8900,22,1,1,1.0,4.0,15600.0,15000_19999,1,nonfamily_living_alone,has_65_plus,22.0,1,syn_t044_h0000025
14000US06089012601,8900,15,2,1,2.0,1.0,144000.0,125000_149999,2,married_couple,no_65_plus,15.0,2,syn_t044_h0000026
14000US06089012601,8900,42,4,1,2.0,1.0,82000.0,75000_99999,2,married_couple,no_65_plus,42.0,4,syn_t044_h0000027
14000US06089012601,8900,71,2,1,3.0,5.0,50000.0,50000_59999,3,nonfamily_living_alone,no_65_plus,71.0,2,syn_t044_h0000028
14000US06089012603,8900,15,1,1,2.0,4.0,78000.0,75000_99999,2,nonfamily_living_alone,no_65_plus,15.0,1,syn_t045_h0000001
14000US06089012603,8900,12,2,1,3.0,1.0,111800.0,100000_124999,3,married_couple,has_65_plus,12.0,2,syn_t045_h0000002
14000US06089012603,8900,22,4,1,1.0,1.0,47000.0,45000_49999,1,married_couple,no_65_plus,22.0,4,syn_t045_h0000003
14000US06089012603,8900,31,3,1,2.0,1.0,65000.0,60000_74999,2,married_couple,no_65_plus,31.0,3,syn_t045_h0000004
14000US06089012603,8900,11,5,1,2.0,1.0,93260.0,75000_99999,2,married_couple,no_65_plus,11.0,5,syn_t045_h0000005
14000US06089012603,8900,13,2,1,2.0,1.0,63900.0,60000_74999,2,married_couple,has_65_plus,13.0,2,syn_t045_h0000006
14000US06089012603,8900,34,2,1,1.0,5.0,40000.0,40000_44999,1,nonfamily_living_alone,no_65_plus,34.0,2,syn_t045_h0000007
14000US06089012603,8900,46,2,1,2.0,1.0,35000.0,35000_39999,2,married_couple,no_65_plus,46.0,2,syn_t045_h0000008
14000US06089012603,8900,68,4,1,3.0,1.0,44500.0,40000_44999,3,married_couple,no_65_plus,68.0,4,syn_t045_h0000009
14000US06089012603,8900,37,1,1,2.0,4.0,29200.0,25000_29999,2,nonfamily_living_alone,has_65_plus,37.0,1,syn_t045_h0000010
14000US06089012603,8900,8,2,1,2.0,5.0,49800.0,45000_49999,2,nonfamily_living_alone,has_65_plus,8.0,2,syn_t045_h0000011
14000US06089012603,8900,11,2,1,2.0,1.0,42300.0,40000_44999,2,married_couple,has_65_plus,11.0,2,syn_t045_h0000012
14000US06089012603,8900,75,7,1,1.0,1.0,36700.0,35000_39999,1,married_couple,has_65_plus,75.0,7,syn_t045_h0000013
14000US06089012603,8900,14,2,1,2.0,1.0,54600.0,50000_59999,2,married_couple,has_65_plus,14.0,2,syn_t045_h0000014
14000US06089012603,8900,13,3,1,2.0,1.0,75000.0,75000_99999,2,married_couple,no_65_plus,13.0,3,syn_t045_h0000015
14000US06089012603,8900,8,2,1,3.0,1.0,114700.0,100000_124999,3,married_couple,no_65_plus,8.0,2,syn_t045_h0000016
14000US06089012603,8900,20,2,1,1.0,1.0,33650.0,30000_34999,1,married_couple,has_65_plus,20.0,2,syn_t045_h0000017
14000US06089012603,8900,33,2,1,2.0,1.0,83500.0,75000_99999,2,married_couple,has_65_plus,33.0,2,syn_t045_h0000018
14000US06089012603,8900,43,2,1,1.0,5.0,23700.0,20000_24999,1,nonfamily_living_alone,no_65_plus,43.0,2,syn_t045_h0000019
14000US06089012603,8900,13,1,1,2.0,4.0,29500.0,25000_29999,2,nonfamily_living_alone,has_65_plus,13.0,1,syn_t045_h0000020
14000US06089012603,8900,12,2,1,2.0,1.0,21000.0,20000_24999,2,married_couple,has_65_plus,12.0,2,syn_t045_h0000021
14000US06089012603,8900,40,1,1,1.0,6.0,13700.0,10000_14999,1,nonfamily_not_living_alone,no_65_plus,40.0,1,syn_t045_h0000022
14000US06089012603,8900,13,1,1,1.0,4.0,49700.0,45000_49999,1,nonfamily_living_alone,has_65_plus,13.0,1,syn_t045_h0000023
14000US06089012603,8900,16,2,1,1.0,1.0,16000.0,15000_19999,1,married_couple,no_65_plus,16.0,2,syn_t045_h0000024
14000US06089012603,8900,62,3,1,1.0,3.0,36000.0,35000_39999,1,other_female_householder,no_65_plus,62.0,3,syn_t045_h0000025
14000US06089012604,8900,24,3,1,4.0,1.0,35800.0,35000_39999,4_plus,married_couple,no_65_plus,24.0,3,syn_t046_h0000001
14000US06089012604,8900,64,4,1,4.0,1.0,118400.0,100000_124999,4_plus,married_couple,has_65_plus,64.0,4,syn_t046_h0000002
14000US06089012604,8900,45,5,1,5.0,1.0,74500.0,60000_74999,4_plus,married_couple,no_65_plus,45.0,5,syn_t046_h0000003
14000US06089012604,8900,10,2,1,3.0,1.0,19200.0,15000_19999,3,married_couple,has_65_plus,10.0,2,syn_t046_h0000004
14000US06089012604,8900,21,3,1,2.0,1.0,46000.0,45000_49999,2,married_couple,no_65_plus,21.0,3,syn_t046_h0000005
14000US06089012604,8900,15,1,1,0.0,4.0,15500.0,15000_19999,0,nonfamily_living_alone,has_65_plus,15.0,1,syn_t046_h0000006
14000US06089012604,8900,17,4,1,2.0,3.0,31320.0,30000_34999,2,other_female_householder,has_65_plus,17.0,4,syn_t046_h0000007
14000US06089012604,8900,18,2,1,2.0,7.0,108600.0,100000_124999,2,nonfamily_not_living_alone,has_65_plus,18.0,2,syn_t046_h0000008
14000US06089012604,8900,28,3,1,1.0,2.0,97700.0,75000_99999,1,other_male_householder,no_65_plus,28.0,3,syn_t046_h0000009
14000US06089012604,8900,20,2,1,3.0,1.0,58100.0,50000_59999,3,married_couple,has_65_plus,20.0,2,syn_t046_h0000010
14000US06089012604,8900,12,6,1,2.0,1.0,67900.0,60000_74999,2,married_couple,no_65_plus,12.0,6,syn_t046_h0000011
14000US06089012604,8900,14,2,1,1.0,5.0,60000.0,60000_74999,1,nonfamily_living_alone,no_65_plus,14.0,2,syn_t046_h0000012
14000US06089012604,8900,102,1,1,0.0,4.0,10000.0,10000_14999,0,nonfamily_living_alone,no_65_plus,102.0,1,syn_t046_h0000013
14000US06089012604,8900,12,1,1,1.0,4.0,20000.0,20000_24999,1,nonfamily_living_alone,has_65_plus,12.0,1,syn_t046_h0000014
14000US06089012701,8900,16,1,1,2.0,4.0,35000.0,35000_39999,2,nonfamily_living_alone,no_65_plus,16.0,1,syn_t047_h0000001
14000US06089012701,8900,34,4,1,3.0,1.0,17000.0,15000_19999,3,married_couple,has_65_plus,34.0,4,syn_t047_h0000002
14000US06089012701,8900,52,1,1,2.0,4.0,46000.0,45000_49999,2,nonfamily_living_alone,has_65_plus,52.0,1,syn_t047_h0000003
14000US06089012701,8900,84,5,1,4.0,1.0,162000.0,150000_199999,4_plus,married_couple,no_65_plus,84.0,5,syn_t047_h0000004
14000US06089012701,8900,20,2,1,3.0,1.0,47900.0,45000_49999,3,married_couple,has_65_plus,20.0,2,syn_t047_h0000005
14000US06089012701,8900,77,1,1,1.0,4.0,150000.0,150000_199999,1,nonfamily_living_alone,has_65_plus,77.0,1,syn_t047_h0000006
14000US06089012701,8900,12,4,1,4.0,1.0,100000.0,100000_124999,4_plus,married_couple,no_65_plus,12.0,4,syn_t047_h0000007
14000US06089012701,8900,13,1,1,1.0,6.0,30800.0,30000_34999,1,nonfamily_not_living_alone,no_65_plus,13.0,1,syn_t047_h0000008
14000US06089012701,8900,24,2,1,2.0,1.0,124000.0,100000_124999,2,married_couple,no_65_plus,24.0,2,syn_t047_h0000009
14000US06089012701,8900,21,3,1,3.0,1.0,150000.0,150000_199999,3,married_couple,no_65_plus,21.0,3,syn_t047_h0000010
14000US06089012701,8900,17,3,1,3.0,1.0,34000.0,30000_34999,3,married_couple,no_65_plus,17.0,3,syn_t047_h0000011
14000US06089012701,8900,43,3,1,0.0,1.0,32000.0,30000_34999,0,married_couple,has_65_plus,43.0,3,syn_t047_h0000012
14000US06089012701,8900,7,2,1,2.0,1.0,75800.0,75000_99999,2,married_couple,no_65_plus,7.0,2,syn_t047_h0000013
14000US06089012701,8900,12,2,1,4.0,5.0,9008.0,lt_10000,4_plus,nonfamily_living_alone,no_65_plus,12.0,2,syn_t047_h0000014
14000US06089012701,8900,80,4,1,3.0,1.0,36200.0,35000_39999,3,married_couple,no_65_plus,80.0,4,syn_t047_h0000015
14000US06089012701,8900,13,2,1,4.0,1.0,100000.0,100000_124999,4_plus,married_couple,has_65_plus,13.0,2,syn_t047_h0000016
14000US06089012701,8900,17,2,1,2.0,1.0,45200.0,45000_49999,2,married_couple,has_65_plus,17.0,2,syn_t047_h0000017
14000US06089012701,8900,16,2,1,1.0,1.0,9700.0,lt_10000,1,married_couple,no_65_plus,16.0,2,syn_t047_h0000018
14000US06089012701,8900,6,3,1,1.0,1.0,504000.0,200000_plus,1,married_couple,no_65_plus,6.0,3,syn_t047_h0000019
14000US06089012701,8900,27,3,1,1.0,3.0,20000.0,20000_24999,1,other_female_householder,no_65_plus,27.0,3,syn_t047_h0000020
14000US06089012701,8900,31,6,1,2.0,2.0,61000.0,60000_74999,2,other_male_householder,no_65_plus,31.0,6,syn_t047_h0000021
14000US06089012701,8900,12,2,1,2.0,1.0,64400.0,60000_74999,2,married_couple,has_65_plus,12.0,2,syn_t047_h0000022
14000US06089012701,8900,31,5,1,2.0,1.0,48000.0,45000_49999,2,married_couple,no_65_plus,31.0,5,syn_t047_h0000023
14000US06089012701,8900,15,4,1,4.0,2.0,64700.0,60000_74999,4_plus,other_male_householder,no_65_plus,15.0,4,syn_t047_h0000024
14000US06089012701,8900,11,2,1,1.0,1.0,19600.0,15000_19999,1,married_couple,has_65_plus,11.0,2,syn_t047_h0000025
14000US06089012701,8900,15,4,1,4.0,1.0,71000.0,60000_74999,4_plus,married_couple,no_65_plus,15.0,4,syn_t047_h0000026
14000US06089012702,8900,14,2,1,2.0,1.0,25100.0,25000_29999,2,married_couple,has_65_plus,14.0,2,syn_t048_h0000001
14000US06089012702,8900,45,5,1,1.0,1.0,30000.0,30000_34999,1,married_couple,no_65_plus,45.0,5,syn_t048_h0000002
14000US06089012702,8900,16,1,1,2.0,4.0,19100.0,15000_19999,2,nonfamily_living_alone,has_65_plus,16.0,1,syn_t048_h0000003
14000US06089012702,8900,12,2,1,1.0,3.0,22200.0,20000_24999,1,other_female_householder,no_65_plus,12.0,2,syn_t048_h0000004
14000US06089012702,8900,12,3,1,5.0,1.0,60001.0,60000_74999,4_plus,married_couple,has_65_plus,12.0,3,syn_t048_h0000005
14000US06089012702,8900,8,1,1,4.0,4.0,25100.0,25000_29999,4_plus,nonfamily_living_alone,has_65_plus,8.0,1,syn_t048_h0000006
14000US06089012702,8900,37,1,1,1.0,4.0,20000.0,20000_24999,1,nonfamily_living_alone,no_65_plus,37.0,1,syn_t048_h0000007
14000US06089012702,8900,10,1,1,3.0,4.0,18000.0,15000_19999,3,nonfamily_living_alone,has_65_plus,10.0,1,syn_t048_h0000008
14000US06089012702,8900,8,6,1,4.0,1.0,33600.0,30000_34999,4_plus,married_couple,has_65_plus,8.0,6,syn_t048_h0000009
14000US06089012702,8900,21,2,1,2.0,1.0,29300.0,25000_29999,2,married_couple,has_65_plus,21.0,2,syn_t048_h0000010
14000US06089012702,8900,10,2,1,4.0,1.0,11800.0,10000_14999,4_plus,married_couple,has_65_plus,10.0,2,syn_t048_h0000011
14000US06089012702,8900,18,3,1,3.0,1.0,377600.0,200000_plus,3,married_couple,has_65_plus,18.0,3,syn_t048_h0000012
14000US06089012702,8900,12,2,1,1.0,2.0,30000.0,30000_34999,1,other_male_householder,no_65_plus,12.0,2,syn_t048_h0000013
14000US06089012702,8900,11,1,1,2.0,4.0,2130.0,lt_10000,2,nonfamily_living_alone,has_65_plus,11.0,1,syn_t048_h0000014
14000US06089012702,8900,11,4,1,3.0,1.0,135900.0,125000_149999,3,married_couple,has_65_plus,11.0,4,syn_t048_h0000015
14000US06089012702,8900,15,2,1,3.0,1.0,74620.0,60000_74999,3,married_couple,has_65_plus,15.0,2,syn_t048_h0000016
