geoid,SPORDER,PWGTP,AGEP,DDRS,DEAR,DEYE,DOUT,DPHY,DRAT,DREM,JWMNP,JWTR,RELP,SCHL,SEX,WKHP,WKW,DIS,ESR,RELP_label,SCHL_label,SEX_label,ESR_label,WKW_label,JWTR_label,WKHP_label,JWMNP_label,DIS_label,DEAR_label,DEYE_label,DREM_label,DPHY_label,DOUT_label,DDRS_label,DRAT_label,person_age_group,decision_capable,decision_policy,synthetic_household_id,resident_id
14000US06089010100,1,13,78,2.0,2,2,2.0,2.0,,2.0,,,0,21.0,2,,,2,6.0,Reference person,Bachelor's degree,Female,Not in labor force,,,,,Without a disability,No,No,No,No,No,No,,65_plus,True,generative,syn_t001_h0000001,syn_t001_h0000001_r001
14000US06089010100,1,34,29,2.0,2,2,2.0,2.0,,2.0,7.0,1.0,0,19.0,1,40.0,1.0,2,1.0,Reference person,"1 or more years of college credit, no degree",Male,"Civilian employed, at work",50 to 52 weeks worked during past 12 months,"Car, truck, or van",,,Without a disability,No,No,No,No,No,No,,18_34,True,generative,syn_t001_h0000002,syn_t001_h0000002_r001
14000US06089010100,2,76,36,2.0,2,2,2.0,2.0,,2.0,,,11,16.0,1,,,2,6.0,Roomer or boarder,Regular high school diploma,Male,Not in labor force,,,,,Without a disability,No,No,No,No,No,No,,35_64,True,generative,syn_t001_h0000002,syn_t001_h0000002_r002
14000US06089010100,1,17,28,2.0,2,2,2.0,2.0,,2.0,7.0,1.0,0,16.0,1,40.0,1.0,2,1.0,Reference person,Regular high school diploma,Male,"Civilian employed, at work",50 to 52 weeks worked during past 12 months,"Car, truck, or van",,,Without a disability,No,No,No,No,No,No,,18_34,True,generative,syn_t001_h0000003,syn_t001_h0000003_r001
14000US06089010100,1,71,40,2.0,2,2,2.0,2.0,,2.0,15.0,1.0,0,19.0,1,40.0,1.0,2,1.0,Reference person,"1 or more years of college credit, no degree",Male,"Civilian employed, at work",50 to 52 weeks worked during past 12 months,"Car, truck, or van",,,Without a disability,No,No,No,No,No,No,,35_64,True,generative,syn_t001_h0000004,syn_t001_h0000004_r001
14000US06089010100,1,50,46,1.0,1,1,1.0,1.0,,2.0,,,0,19.0,1,,,1,6.0,Reference person,"1 or more years of college credit, no degree",Male,Not in labor force,,,,,With a disability,Yes,Yes,No,Yes,Yes,Yes,,35_64,True,generative,syn_t001_h0000005,syn_t001_h0000005_r001
14000US06089010100,2,57,27,2.0,2,2,2.0,2.0,,2.0,8.0,1.0,1,16.0,2,32.0,1.0,2,1.0,Husband/wife,Regular high school diploma,Female,"Civilian employed, at work",50 to 52 weeks worked during past 12 months,"Car, truck, or van",,,Without a disability,No,No,No,No,No,No,,18_34,True,generative,syn_t001_h0000005,syn_t001_h0000005_r002
14000US06089010100,3,58,8,2.0,2,2,,2.0,,2.0,,,2,5.0,2,,,2,,Biological son or daughter,Grade 2,Female,,,,,,Without a disability,No,No,No,No,,No,,0_17,False,dependent,syn_t001_h0000005,syn_t001_h0000005_r003
14000US06089010100,4,63,6,2.0,2,2,,2.0,,2.0,,,2,3.0,1,,,2,,Biological son or daughter,Kindergarten,Male,,,,,,Without a disability,No,No,No,No,,No,,0_17,False,dependent,syn_t001_h0000005,syn_t001_h0000005_r004
14000US06089010100,5,66,1,,2,2,,,,,,,2,,1,,,2,,Biological son or daughter,,Male,,,,,,Without a disability,No,No,,,,,,0_17,False,dependent,syn_t001_h0000005,syn_t001_h0000005_r005
14000US06089010100,6,62,6,2.0,2,2,,2.0,,2.0,,,3,3.0,1,,,2,,Adopted son or daughter,Kindergarten,Male,,,,,,Without a disability,No,No,No,No,,No,,0_17,False,dependent,syn_t001_h0000005,syn_t001_h0000005_r006
14000US06089010100,1,23,52,2.0,2,2,2.0,1.0,,2.0,,,0,19.0,1,,,1,6.0,Reference person,"1 or more years of college credit, no degree",Male,Not in labor force,,,,,With a disability,No,No,No,Yes,No,No,,35_64,True,generative,syn_t001_h0000006,syn_t001_h0000006_r001
14000US06089010100,2,17,17,2.0,2,2,2.0,2.0,,2.0,,,2,13.0,1,,,2,6.0,Biological son or daughter,Grade 10,Male,Not in labor force,,,,,Without a disability,No,No,No,No,No,No,,0_17,False,dependent,syn_t001_h0000006,syn_t001_h0000006_r002
14000US06089010100,3,17,15,2.0,2,2,2.0,2.0,,2.0,,,2,12.0,2,,,2,,Biological son or daughter,Grade 9,Female,,,,,,Without a disability,No,No,No,No,No,No,,0_17,False,dependent,syn_t001_h0000006,syn_t001_h0000006_r003
14000US06089010100,1,40,40,2.0,2,2,2.0,2.0,,2.0,30.0,12.0,0,9.0,2,12.0,1.0,2,1.0,Reference person,Grade 6,Female,"Civilian employed, at work",50 to 52 weeks worked during past 12 months,Other method,,,Without a disability,No,No,No,No,No,No,,35_64,True,generative,syn_t001_h0000007,syn_t001_h0000007_r001
14000US06089010100,2,38,15,2.0,2,2,2.0,2.0,,2.0,,,2,12.0,2,,,2,,Biological son or daughter,Grade 9,Female,,,,,,Without a disability,No,No,No,No,No,No,,0_17,False,dependent,syn_t001_h0000007,syn_t001_h0000007_r002
14000US06089010100,3,40,40,2.0,2,2,2.0,2.0,,2.0,5.0,12.0,13,16.0,1,40.0,1.0,2,1.0,Unmarried partner,Regular high school diploma,Male,"Civilian employed, at work",50 to 52 weeks worked during past 12 months,Other method,,,Without a disability,No,No,No,No,No,No,,35_64,True,generative,syn_t001_h0000007,syn_t001_h0000007_r003
14000US06089010100,1,10,88,2.0,1,2,1.0,1.0,,2.0,,,0,14.0,2,,,1,6.0,Reference person,Grade 11,Female,Not in labor force,,,,,With a disability,Yes,No,No,Yes,Yes,No,,65_plus,True,generative,syn_t001_h0000008,syn_t001_h0000008_r001
14000US06089010100,1,13,72,2.0,2,2,2.0,2.0,,2.0,,,0,17.0,1,,,2,6.0,Reference person,GED or alternative credential,Male,Not in labor force,,,,,Without a disability,No,No,No,No,No,No,,65_plus,True,generative,syn_t001_h0000009,syn_t001_h0000009_r001
14000US06089010100,1,20,64,2.0,2,2,1.0,1.0,,1.0,,,0,10.0,1,,,1,6.0,Reference person,Grade 7,Male,Not in labor force,,,,,With a disability,No,No,Yes,Yes,Yes,No,,35_64,True,generative,syn_t001_h0000010,syn_t001_h0000010_r001
14000US06089010200,1,71,27,2.0,2,2,1.0,2.0,,1.0,,,0,19.0,1,40.0,6.0,1,3.0,Reference person,"1 or more years of college credit, no degree",Male,Unemployed,less than 14 weeks worked during past 12 months,,,,With a disability,No,No,Yes,No,Yes,No,,18_34,True,generative,syn_t002_h0000001,syn_t002_h0000001_r001
14000US06089010200,1,21,68,2.0,2,2,2.0,2.0,,2.0,,,0,21.0,1,,,2,6.0,Reference person,Bachelor's degree,Male,Not in labor force,,,,,Without a disability,No,No,No,No,No,No,,65_plus,True,generative,syn_t002_h0000002,syn_t002_h0000002_r001
14000US06089010200,1,14,66,2.0,2,2,1.0,2.0,,1.0,,,0,22.0,1,,,1,6.0,Reference person,Master's degree,Male,Not in labor force,,,,,With a disability,No,No,Yes,No,Yes,No,,65_plus,True,generative,syn_t002_h0000003,syn_t002_h0000003_r001
14000US06089010200,1,14,75,1.0,2,2,1.0,1.0,,2.0,,,0,22.0,1,,,1,6.0,Reference person,Master's degree,Male,Not in labor force,,,,,With a disability,No,No,No,Yes,Yes,Yes,,65_plus,True,generative,syn_t002_h0000004,syn_t002_h0000004_r001
14000US06089010200,1,37,46,2.0,2,2,2.0,2.0,,2.0,5.0,1.0,0,19.0,1,60.0,1.0,2,1.0,Reference person,"1 or more years of college credit, no degree",Male,"Civilian employed, at work",50 to 52 weeks worked during past 12 months,"Car, truck, or van",,,Without a disability,No,No,No,No,No,No,,35_64,True,generative,syn_t002_h0000005,syn_t002_h0000005_r001
14000US06089010200,1,11,45,2.0,2,2,2.0,2.0,,2.0,10.0,1.0,0,19.0,1,40.0,1.0,2,1.0,Reference person,"1 or more years of college credit, no degree",Male,"Civilian employed, at work",50 to 52 weeks worked during past 12 months,"Car, truck, or van",,,Without a disability,No,No,No,No,No,No,,35_64,True,generative,syn_t002_h0000006,syn_t002_h0000006_r001
14000US06089010200,2,13,7,2.0,2,2,,2.0,,2.0,,,2,4.0,1,,,2,,Biological son or daughter,Grade 1,Male,,,,,,Without a disability,No,No,No,No,,No,,0_17,False,dependent,syn_t002_h0000006,syn_t002_h0000006_r002
14000US06089010200,3,15,1,,2,2,,,,,,,15,,2,,,2,,Other nonrelative,,Female,,,,,,Without a disability,No,No,,,,,,0_17,False,dependent,syn_t002_h0000006,syn_t002_h0000006_r003
14000US06089010200,1,14,71,2.0,2,2,2.0,2.0,,2.0,,,0,17.0,1,,,2,6.0,Reference person,GED or alternative credential,Male,Not in labor force,,,,,Without a disability,No,No,No,No,No,No,,65_plus,True,generative,syn_t002_h0000007,syn_t002_h0000007_r001
14000US06089010200,1,62,28,2.0,2,2,2.0,2.0,,2.0,5.0,1.0,0,19.0,2,40.0,1.0,2,1.0,Reference person,"1 or more years of college credit, no degree",Female,"Civilian employed, at work",50 to 52 weeks worked during past 12 months,"Car, truck, or van",,,Without a disability,No,No,No,No,No,No,,18_34,True,generative,syn_t002_h0000008,syn_t002_h0000008_r001
14000US06089010200,2,70,7,2.0,2,2,,2.0,,2.0,,,2,4.0,2,,,2,,Biological son or daughter,Grade 1,Female,,,,,,Without a disability,No,No,No,No,,No,,0_17,False,dependent,syn_t002_h0000008,syn_t002_h0000008_r002
14000US06089010200,3,63,2,,2,2,,,,,,,2,,1,,,2,,Biological son or daughter,,Male,,,,,,Without a disability,No,No,,,,,,0_17,False,dependent,syn_t002_h0000008,syn_t002_h0000008_r003
14000US06089010200,1,44,26,2.0,2,2,2.0,2.0,,2.0,,,0,16.0,1,12.0,5.0,2,3.0,Reference person,Regular high school diploma,Male,Unemployed,14 to 26 weeks worked during past 12 months,,,,Without a disability,No,No,No,No,No,No,,18_34,True,generative,syn_t002_h0000009,syn_t002_h0000009_r001
14000US06089010200,2,28,21,2.0,2,2,2.0,2.0,,2.0,,,13,16.0,2,,,2,6.0,Unmarried partner,Regular high school diploma,Female,Not in labor force,,,,,Without a disability,No,No,No,No,No,No,,18_34,True,generative,syn_t002_h0000009,syn_t002_h0000009_r002
14000US06089010200,1,10,19,2.0,2,2,2.0,2.0,,2.0,,,0,18.0,2,40.0,1.0,2,2.0,Reference person,"Some college, but less than 1 year",Female,"Civilian employed, with a job but not at work",50 to 52 weeks worked during past 12 months,,,,Without a disability,No,No,No,No,No,No,,18_34,True,generative,syn_t002_h0000010,syn_t002_h0000010_r001
14000US06089010200,2,10,19,2.0,2,2,2.0,2.0,,2.0,10.0,1.0,12,19.0,2,20.0,4.0,2,1.0,Housemate or roommate,"1 or more years of college credit, no degree",Female,"Civilian employed, at work",27 to 39 weeks worked during past 12 months,"Car, truck, or van",,,Without a disability,No,No,No,No,No,No,,18_34,True,generative,syn_t002_h0000010,syn_t002_h0000010_r002
14000US06089010200,1,57,50,2.0,2,2,2.0,2.0,,2.0,,,0,16.0,1,,,2,6.0,Reference person,Regular high school diploma,Male,Not in labor force,,,,,Without a disability,No,No,No,No,No,No,,35_64,True,generative,syn_t002_h0000011,syn_t002_h0000011_r001
14000US06089010200,2,77,15,2.0,2,2,2.0,2.0,,2.0,,,2,12.0,2,,,2,,Biological son or daughter,Grade 9,Female,,,,,,Without a disability,No,No,No,No,No,No,,0_17,False,dependent,syn_t002_h0000011,syn_t002_h0000011_r002
14000US06089010200,1,36,43,2.0,2,2,2.0,2.0,,2.0,20.0,1.0,0,19.0,1,50.0,1.0,2,1.0,Reference person,"1 or more years of college credit, no degree",Male,"Civilian employed, at work",50 to 52 weeks worked during past 12 months,"Car, truck, or van",,,Without a disability,No,No,No,No,No,No,,35_64,True,generative,syn_t002_h0000012,syn_t002_h0000012_r001
14000US06089010200,1,30,34,2.0,2,2,1.0,2.0,,1.0,,,0,13.0,2,,,1,6.0,Reference person,Grade 10,Female,Not in labor force,,,,,With a disability,No,No,Yes,No,Yes,No,,18_34,True,generative,syn_t002_h0000013,syn_t002_h0000013_r001
14000US06089010200,2,29,12,2.0,2,2,,2.0,,2.0,,,2,8.0,2,,,2,,Biological son or daughter,Grade 5,Female,,,,,,Without a disability,No,No,No,No,,No,,0_17,False,dependent,syn_t002_h0000013,syn_t002_h0000013_r002
14000US06089010200,3,30,34,2.0,2,2,2.0,2.0,,2.0,,,5,13.0,1,,,2,6.0,Brother or sister,Grade 10,Male,Not in labor force,,,,,Without a disability,No,No,No,No,No,No,,18_34,True,generative,syn_t002_h0000013,syn_t002_h0000013_r003
14000US06089010200,1,19,67,1.0,2,1,1.0,1.0,,2.0,,,0,18.0,2,,,1,6.0,Reference person,"Some college, but less than 1 year",Female,Not in labor force,,,,,With a disability,No,Yes,No,Yes,Yes,Yes,,65_plus,True,generative,syn_t002_h0000014,syn_t002_h0000014_r001
14000US06089010200,2,21,60,2.0,2,2,2.0,2.0,,2.0,,11.0,15,16.0,1,28.0,1.0,2,1.0,Other nonrelative,Regular high school diploma,Male,"Civilian employed, at work",50 to 52 weeks worked during past 12 months,Worked at home,,,Without a disability,No,No,No,No,No,No,,35_64,True,generative,syn_t002_h0000014,syn_t002_h0000014_r002
14000US06089010200,1,45,94,2.0,1,2,1.0,1.0,,1.0,,,0,16.0,2,,,1,6.0,Reference person,Regular high school diploma,Female,Not in labor force,,,,,With a disability,Yes,No,Yes,Yes,Yes,No,,65_plus,True,generative,syn_t002_h0000015,syn_t002_h0000015_r001
14000US06089010200,1,13,69,2.0,2,1,2.0,2.0,,2.0,2.0,1.0,0,19.0,2,50.0,3.0,1,1.0,Reference person,"1 or more years of college credit, no degree",Female,"Civilian employed, at work",40 to 47 weeks worked during past 12 months,"Car, truck, or van",,,With a disability,No,Yes,No,No,No,No,,65_plus,True,generative,syn_t002_h0000016,syn_t002_h0000016_r001
14000US06089010300,1,18,66,2.0,2,2,2.0,2.0,,2.0,16.0,1.0,0,20.0,1,35.0,3.0,2,1.0,Reference person,Associate's degree,Male,"Civilian employed, at work",40 to 47 weeks worked during past 12 months,"Car, truck, or van",,,Without a disability,No,No,No,No,No,No,,65_plus,True,generative,syn_t003_h0000001,syn_t003_h0000001_r001
14000US06089010300,2,16,55,2.0,2,2,2.0,2.0,,2.0,,,13,16.0,2,,,2,6.0,Unmarried partner,Regular high school diploma,Female,Not in labor force,,,,,Without a disability,No,No,No,No,No,No,,35_64,True,generative,syn_t003_h0000001,syn_t003_h0000001_r002
14000US06089010300,1,28,33,2.0,2,2,2.0,2.0,,2.0,,,0,20.0,1,,,2,6.0,Reference person,Associate's degree,Male,Not in labor force,,,,,Without a disability,No,No,No,No,No,No,,18_34,True,generative,syn_t003_h0000002,syn_t003_h0000002_r001
14000US06089010300,1,21,49,2.0,2,2,2.0,2.0,,2.0,15.0,1.0,0,21.0,2,40.0,1.0,2,1.0,Reference person,Bachelor's degree,Female,"Civilian employed, at work",50 to 52 weeks worked during past 12 months,"Car, truck, or van",,,Without a disability,No,No,No,No,No,No,,35_64,True,generative,syn_t003_h0000003,syn_t003_h0000003_r001
14000US06089010300,2,25,12,2.0,2,2,,2.0,,2.0,,,2,9.0,2,,,2,,Biological son or daughter,Grade 6,Female,,,,,,Without a disability,No,No,No,No,,No,,0_17,False,dependent,syn_t003_h0000003,syn_t003_h0000003_r002
14000US06089010300,1,13,43,2.0,2,2,2.0,2.0,,2.0,10.0,1.0,0,21.0,2,40.0,1.0,2,1.0,Reference person,Bachelor's degree,Female,"Civilian employed, at work",50 to 52 weeks worked during past 12 months,"Car, truck, or van",,,Without a disability,No,No,No,No,No,No,,35_64,True,generative,syn_t003_h0000004,syn_t003_h0000004_r001
14000US06089010300,2,15,23,2.0,2,2,2.0,2.0,,2.0,,,2,16.0,2,,,2,6.0,Biological son or daughter,Regular high school diploma,Female,Not in labor force,,,,,Without a disability,No,No,No,No,No,No,,18_34,True,generative,syn_t003_h0000004,syn_t003_h0000004_r002
14000US06089010300,3,15,3,,2,2,,,,,,,7,1.0,1,,,2,,Grandchild,No schooling completed,Male,,,,,,Without a disability,No,No,,,,,,0_17,False,dependent,syn_t003_h0000004,syn_t003_h0000004_r003
14000US06089010300,4,11,25,2.0,2,2,2.0,2.0,,2.0,5.0,1.0,9,16.0,1,25.0,6.0,2,1.0,Son-in-law or daughter-in-law,Regular high school diploma,Male,"Civilian employed, at work",less than 14 weeks worked during past 12 months,"Car, truck, or van",,,Without a disability,No,No,No,No,No,No,,18_34,True,generative,syn_t003_h0000004,syn_t003_h0000004_r004
14000US06089010300,1,14,81,2.0,2,2,2.0,2.0,,2.0,15.0,1.0,0,16.0,1,20.0,1.0,2,1.0,Reference person,Regular high school diploma,Male,"Civilian employed, at work",50 to 52 weeks worked during past 12 months,"Car, truck, or van",,,Without a disability,No,No,No,No,No,No,,65_plus,True,generative,syn_t003_h0000005,syn_t003_h0000005_r001
14000US06089010300,1,70,38,2.0,2,2,2.0,2.0,,2.0,10.0,1.0,0,16.0,1,40.0,1.0,2,1.0,Reference person,Regular high school diploma,Male,"Civilian employed, at work",50 to 52 weeks worked during past 12 months,"Car, truck, or van",,,Without a disability,No,No,No,No,No,No,,35_64,True,generative,syn_t003_h0000006,syn_t003_h0000006_r001
14000US06089010300,1,13,64,2.0,2,2,2.0,2.0,,2.0,60.0,1.0,0,20.0,1,40.0,1.0,2,1.0,Reference person,Associate's degree,Male,"Civilian employed, at work",50 to 52 weeks worked during past 12 months,"Car, truck, or van",,,Without a disability,No,No,No,No,No,No,,35_64,True,generative,syn_t003_h0000007,syn_t003_h0000007_r001
14000US06089010300,1,48,40,2.0,2,2,2.0,2.0,,2.0,10.0,1.0,0,16.0,2,40.0,1.0,2,1.0,Reference person,Regular high school diploma,Female,"Civilian employed, at work",50 to 52 weeks worked during past 12 months,"Car, truck, or van",,,Without a disability,No,No,No,No,No,No,,35_64,True,generative,syn_t003_h0000008,syn_t003_h0000008_r001
14000US06089010300,2,58,9,2.0,2,2,,2.0,,2.0,,,5,5.0,1,,,2,,Brother or sister,Grade 2,Male,,,,,,Without a disability,No,No,No,No,,No,,0_17,False,dependent,syn_t003_h0000008,syn_t003_h0000008_r002
14000US06089010300,3,50,24,2.0,2,2,2.0,2.0,,2.0,,,12,19.0,1,,,2,6.0,Housemate or roommate,"1 or more years of college credit, no degree",Male,Not in labor force,,,,,Without a disability,No,No,No,No,No,No,,18_34,True,generative,syn_t003_h0000008,syn_t003_h0000008_r003
14000US06089010300,1,19,64,2.0,2,2,2.0,2.0,,2.0,,11.0,0,22.0,1,20.0,2.0,2,1.0,Reference person,Master's degree,Male,"Civilian employed, at work",48 to 49 weeks worked during past 12 months,Worked at home,,,Without a disability,No,No,No,No,No,No,,35_64,True,generative,syn_t003_h0000009,syn_t003_h0000009_r001
14000US06089010300,2,14,65,2.0,2,2,1.0,2.0,,2.0,,,1,21.0,2,,,1,6.0,Husband/wife,Bachelor's degree,Female,Not in labor force,,,,,With a disability,No,No,No,No,Yes,No,,65_plus,True,generative,syn_t003_h0000009,syn_t003_h0000009_r002
14000US06089010300,3,15,35,2.0,2,2,2.0,2.0,,2.0,3.0,10.0,2,20.0,2,20.0,3.0,2,1.0,Biological son or daughter,Associate's degree,Female,"Civilian employed, at work",40 to 47 weeks worked during past 12 months,Walked,,,Without a disability,No,No,No,No,No,No,,35_64,True,generative,syn_t003_h0000009,syn_t003_h0000009_r003
14000US06089010300,4,15,26,2.0,2,2,2.0,2.0,,2.0,12.0,1.0,9,19.0,1,40.0,6.0,2,1.0,Son-in-law or daughter-in-law,"1 or more years of college credit, no degree",Male,"Civilian employed, at work",less than 14 weeks worked during past 12 months,"Car, truck, or van",,,Without a disability,No,No,No,No,No,No,,18_34,True,generative,syn_t003_h0000009,syn_t003_h0000009_r004
14000US06089010300,1,14,45,2.0,2,2,2.0,2.0,,2.0,15.0,1.0,0,16.0,2,40.0,1.0,2,1.0,Reference person,Regular high school diploma,Female,"Civilian employed, at work",50 to 52 weeks worked during past 12 months,"Car, truck, or van",,,Without a disability,No,No,No,No,No,No,,35_64,True,generative,syn_t003_h0000010,syn_t003_h0000010_r001
14000US06089010300,2,14,14,2.0,2,2,,2.0,,2.0,,,2,11.0,1,,,2,,Biological son or daughter,Grade 8,Male,,,,,,Without a disability,No,No,No,No,,No,,0_17,False,dependent,syn_t003_h0000010,syn_t003_h0000010_r002
14000US06089010300,1,9,50,2.0,2,2,2.0,2.0,,2.0,,,0,19.0,1,,,2,6.0,Reference person,"1 or more years of college credit, no degree",Male,Not in labor force,,,,,Without a disability,No,No,No,No,No,No,,35_64,True,generative,syn_t003_h0000011,syn_t003_h0000011_r001
14000US06089010300,1,43,78,2.0,1,1,2.0,1.0,,2.0,,11.0,0,19.0,1,70.0,1.0,1,1.0,Reference person,"1 or more years of college credit, no degree",Male,"Civilian employed, at work",50 to 52 weeks worked during past 12 months,Worked at home,,,With a disability,Yes,Yes,No,Yes,No,No,,65_plus,True,generative,syn_t003_h0000012,syn_t003_h0000012_r001
14000US06089010300,1,59,57,2.0,2,2,2.0,2.0,,2.0,15.0,1.0,0,16.0,1,40.0,1.0,2,1.0,Reference person,Regular high school diploma,Male,"Civilian employed, at work",50 to 52 weeks worked during past 12 months,"Car, truck, or van",,,Without a disability,No,No,No,No,No,No,,35_64,True,generative,syn_t003_h0000013,syn_t003_h0000013_r001
14000US06089010300,1,25,45,2.0,2,2,2.0,2.0,,2.0,,,0,19.0,2,,,2,6.0,Reference person,"1 or more years of college credit, no degree",Female,Not in labor force,,,,,Without a disability,No,No,No,No,No,No,,35_64,True,generative,syn_t003_h0000014,syn_t003_h0000014_r001
14000US06089010300,2,35,25,2.0,2,2,2.0,2.0,,2.0,10.0,1.0,2,19.0,1,60.0,1.0,2,1.0,Biological son or daughter,"1 or more years of college credit, no degree",Male,"Civilian employed, at work",50 to 52 weeks worked during past 12 months,"Car, truck, or van",,,Without a disability,No,No,No,No,No,No,,18_34,True,generative,syn_t003_h0000014,syn_t003_h0000014_r002
14000US06089010300,3,48,22,2.0,2,2,2.0,2.0,,2.0,5.0,1.0,2,20.0,2,40.0,1.0,2,1.0,Biological son or daughter,Associate's degree,Female,"Civilian employed, at work",50 to 52 weeks worked during past 12 months,"Car, truck, or van",,,Without a disability,No,No,No,No,No,No,,18_34,True,generative,syn_t003_h0000014,syn_t003_h0000014_r003
14000US06089010300,1,18,42,2.0,2,2,2.0,2.0,,2.0,,,0,19.0,1,,,2,6.0,Reference person,"1 or more years of college credit, no degree",Male,Not in labor force,,,,,Without a disability,No,No,No,No,No,No,,35_64,True,generative,syn_t003_h0000015,syn_t003_h0000015_r001
14000US06089010300,1,41,28,2.0,2,2,2.0,1.0,,2.0,,,0,16.0,1,,,1,6.0,Reference person,Regular high school diploma,Male,Not in labor force,,,,,With a disability,No,No,No,Yes,No,No,,18_34,True,generative,syn_t003_h0000016,syn_t003_h0000016_r001
14000US06089010300,2,45,26,2.0,2,2,2.0,2.0,,2.0,,,5,19.0,1,40.0,5.0,2,6.0,Brother or sister,"1 or more years of college credit, no degree",Male,Not in labor force,14 to 26 weeks worked during past 12 months,,,,Without a disability,No,No,No,No,No,No,,18_34,True,generative,syn_t003_h0000016,syn_t003_h0000016_r002
14000US06089010300,3,47,29,2.0,2,2,2.0,2.0,,2.0,5.0,1.0,13,16.0,2,36.0,1.0,2,1.0,Unmarried partner,Regular high school diploma,Female,"Civilian employed, at work",50 to 52 weeks worked during past 12 months,"Car, truck, or van",,,Without a disability,No,No,No,No,No,No,,18_34,True,generative,syn_t003_h0000016,syn_t003_h0000016_r003
14000US06089010300,1,13,69,2.0,2,2,2.0,2.0,,2.0,,,0,19.0,2,,,2,6.0,Reference person,"1 or more years of college credit, no degree",Female,Not in labor force,,,,,Without a disability,No,No,No,No,No,No,,65_plus,True,generative,syn_t003_h0000017,syn_t003_h0000017_r001
14000US06089010300,1,28,49,2.0,2,2,2.0,2.0,,2.0,15.0,1.0,0,19.0,2,10.0,6.0,2,1.0,Reference person,"1 or more years of college credit, no degree",Female,"Civilian employed, at work",less than 14 weeks worked during past 12 months,"Car, truck, or van",,,Without a disability,No,No,No,No,No,No,,35_64,True,generative,syn_t003_h0000018,syn_t003_h0000018_r001
14000US06089010300,2,30,15,2.0,2,2,2.0,2.0,,2.0,,,2,12.0,1,,,2,,Biological son or daughter,Grade 9,Male,,,,,,Without a disability,No,No,No,No,No,No,,0_17,False,dependent,syn_t003_h0000018,syn_t003_h0000018_r002
14000US06089010300,1,14,64,1.0,2,2,2.0,1.0,5.0,2.0,,,0,19.0,1,,,1,6.0,Reference person,"1 or more years of college credit, no degree",Male,Not in labor force,,,,,With a disability,No,No,No,Yes,No,Yes,"70, 80, 90, or 100 percent",35_64,True,generative,syn_t003_h0000019,syn_t003_h0000019_r001
14000US06089010300,2,16,66,2.0,2,2,2.0,2.0,,2.0,,,1,16.0,2,,,2,6.0,Husband/wife,Regular high school diploma,Female,Not in labor force,,,,,Without a disability,No,No,No,No,No,No,,65_plus,True,generative,syn_t003_h0000019,syn_t003_h0000019_r002
14000US06089010300,1,21,27,2.0,2,2,2.0,2.0,,2.0,20.0,1.0,0,20.0,2,40.0,1.0,2,1.0,Reference person,Associate's degree,Female,"Civilian employed, at work",50 to 52 weeks worked during past 12 months,"Car, truck, or van",,,Without a disability,No,No,No,No,No,No,,18_34,True,generative,syn_t003_h0000020,syn_t003_h0000020_r001
14000US06089010300,2,21,28,2.0,2,2,2.0,2.0,,2.0,7.0,1.0,1,20.0,1,56.0,1.0,2,1.0,Husband/wife,Associate's degree,Male,"Civilian employed, at work",50 to 52 weeks worked during past 12 months,"Car, truck, or van",,,Without a disability,No,No,No,No,No,No,,18_34,True,generative,syn_t003_h0000020,syn_t003_h0000020_r002
14000US06089010300,3,21,0,,2,2,,,,,,,2,,1,,,2,,Biological son or daughter,,Male,,,,,,Without a disability,No,No,,,,,,0_17,False,dependent,syn_t003_h0000020,syn_t003_h0000020_r003
14000US06089010300,1,18,64,2.0,1,2,2.0,2.0,,2.0,19.0,1.0,0,19.0,1,25.0,1.0,1,1.0,Reference person,"1 or more years of college credit, no degree",Male,"Civilian employed, at work",50 to 52 weeks worked during past 12 months,"Car, truck, or van",,,With a disability,Yes,No,No,No,No,No,,35_64,True,generative,syn_t003_h0000021,syn_t003_h0000021_r001
14000US06089010300,1,45,94,2.0,1,2,1.0,1.0,,1.0,,,0,16.0,2,,,1,6.0,Reference person,Regular high school diploma,Female,Not in labor force,,,,,With a disability,Yes,No,Yes,Yes,Yes,No,,65_plus,True,generative,syn_t003_h0000022,syn_t003_h0000022_r001
14000US06089010400,1,30,45,2.0,2,2,2.0,2.0,,2.0,7.0,1.0,0,22.0,1,40.0,1.0,2,1.0,Reference person,Master's degree,Male,"Civilian employed, at work",50 to 52 weeks worked during past 12 months,"Car, truck, or van",,,Without a disability,No,No,No,No,No,No,,35_64,True,generative,syn_t004_h0000001,syn_t004_h0000001_r001
14000US06089010400,2,30,12,2.0,2,2,,2.0,,2.0,,,2,10.0,1,,,2,,Biological son or daughter,Grade 7,Male,,,,,,Without a disability,No,No,No,No,,No,,0_17,False,dependent,syn_t004_h0000001,syn_t004_h0000001_r002
14000US06089010400,3,30,9,2.0,2,2,,2.0,,2.0,,,2,7.0,1,,,2,,Biological son or daughter,Grade 4,Male,,,,,,Without a disability,No,No,No,No,,No,,0_17,False,dependent,syn_t004_h0000001,syn_t004_h0000001_r003
14000US06089010400,1,14,37,2.0,2,2,2.0,2.0,,2.0,15.0,1.0,0,18.0,2,32.0,3.0,2,1.0,Reference person,"Some college, but less than 1 year",Female,"Civilian employed, at work",40 to 47 weeks worked during past 12 months,"Car, truck, or van",,,Without a disability,No,No,No,No,No,No,,35_64,True,generative,syn_t004_h0000002,syn_t004_h0000002_r001
14000US06089010400,2,13,5,2.0,2,2,,2.0,,2.0,,,2,2.0,1,,,2,,Biological son or daughter,"Nursery school, preschool",Male,,,,,,Without a disability,No,No,No,No,,No,,0_17,False,dependent,syn_t004_h0000002,syn_t004_h0000002_r002
14000US06089010400,3,13,3,,2,2,,,,,,,2,2.0,1,,,2,,Biological son or daughter,"Nursery school, preschool",Male,,,,,,Without a disability,No,No,,,,,,0_17,False,dependent,syn_t004_h0000002,syn_t004_h0000002_r003
14000US06089010400,1,22,56,2.0,2,2,1.0,2.0,,1.0,,,0,17.0,1,,,1,6.0,Reference person,GED or alternative credential,Male,Not in labor force,,,,,With a disability,No,No,Yes,No,Yes,No,,35_64,True,generative,syn_t004_h0000003,syn_t004_h0000003_r001
14000US06089010400,2,19,52,2.0,2,2,2.0,2.0,,2.0,,,13,16.0,1,,,2,6.0,Unmarried partner,Regular high school diploma,Male,Not in labor force,,,,,Without a disability,No,No,No,No,No,No,,35_64,True,generative,syn_t004_h0000003,syn_t004_h0000003_r002
14000US06089010400,1,9,38,2.0,2,2,2.0,2.0,,2.0,3.0,1.0,0,20.0,1,72.0,1.0,2,1.0,Reference person,Associate's degree,Male,"Civilian employed, at work",50 to 52 weeks worked during past 12 months,"Car, truck, or van",,,Without a disability,No,No,No,No,No,No,,35_64,True,generative,syn_t004_h0000004,syn_t004_h0000004_r001
14000US06089010400,2,9,28,2.0,2,2,2.0,2.0,,2.0,,,1,20.0,2,,,2,6.0,Husband/wife,Associate's degree,Female,Not in labor force,,,,,Without a disability,No,No,No,No,No,No,,18_34,True,generative,syn_t004_h0000004,syn_t004_h0000004_r002
14000US06089010400,3,10,3,,2,2,,,,,,,2,1.0,2,,,2,,Biological son or daughter,No schooling completed,Female,,,,,,Without a disability,No,No,,,,,,0_17,False,dependent,syn_t004_h0000004,syn_t004_h0000004_r003
14000US06089010400,4,10,1,,2,2,,,,,,,2,,2,,,2,,Biological son or daughter,,Female,,,,,,Without a disability,No,No,,,,,,0_17,False,dependent,syn_t004_h0000004,syn_t004_h0000004_r004
14000US06089010400,1,57,71,2.0,2,2,2.0,2.0,,2.0,,,0,19.0,2,,,2,6.0,Reference person,"1 or more years of college credit, no degree",Female,Not in labor force,,,,,Without a disability,No,No,No,No,No,No,,65_plus,True,generative,syn_t004_h0000005,syn_t004_h0000005_r001
14000US06089010400,1,26,34,2.0,2,2,2.0,2.0,,2.0,15.0,1.0,0,1.0,1,30.0,3.0,2,1.0,Reference person,No schooling completed,Male,"Civilian employed, at work",40 to 47 weeks worked during past 12 months,"Car, truck, or van",,,Without a disability,No,No,No,No,No,No,,18_34,True,generative,syn_t004_h0000006,syn_t004_h0000006_r001
14000US06089010400,2,27,32,2.0,2,2,2.0,2.0,,2.0,20.0,1.0,1,19.0,2,40.0,5.0,2,1.0,Husband/wife,"1 or more years of college credit, no degree",Female,"Civilian employed, at work",14 to 26 weeks worked during past 12 months,"Car, truck, or van",,,Without a disability,No,No,No,No,No,No,,18_34,True,generative,syn_t004_h0000006,syn_t004_h0000006_r002
14000US06089010400,3,24,2,,2,2,,,,,,,2,,1,,,2,,Biological son or daughter,,Male,,,,,,Without a disability,No,No,,,,,,0_17,False,dependent,syn_t004_h0000006,syn_t004_h0000006_r003
14000US06089010400,1,62,34,2.0,2,2,2.0,2.0,,2.0,,,0,16.0,1,,,2,6.0,Reference person,Regular high school diploma,Male,Not in labor force,,,,,Without a disability,No,No,No,No,No,No,,18_34,True,generative,syn_t004_h0000007,syn_t004_h0000007_r001
14000US06089010400,2,77,27,2.0,2,2,2.0,2.0,,2.0,10.0,1.0,1,19.0,2,45.0,1.0,2,1.0,Husband/wife,"1 or more years of college credit, no degree",Female,"Civilian employed, at work",50 to 52 weeks worked during past 12 months,"Car, truck, or van",,,Without a disability,No,No,No,No,No,No,,18_34,True,generative,syn_t004_h0000007,syn_t004_h0000007_r002
14000US06089010400,1,44,39,2.0,2,2,2.0,2.0,,2.0,15.0,1.0,0,18.0,1,42.0,1.0,2,1.0,Reference person,"Some college, but less than 1 year",Male,"Civilian employed, at work",50 to 52 weeks worked during past 12 months,"Car, truck, or van",,,Without a disability,No,No,No,No,No,No,,35_64,True,generative,syn_t004_h0000008,syn_t004_h0000008_r001
14000US06089010400,2,108,11,2.0,2,2,,2.0,,2.0,,,2,8.0,2,,,2,,Biological son or daughter,Grade 5,Female,,,,,,Without a disability,No,No,No,No,,No,,0_17,False,dependent,syn_t004_h0000008,syn_t004_h0000008_r002
14000US06089010400,1,36,52,2.0,2,2,2.0,2.0,,2.0,30.0,2.0,0,22.0,2,40.0,1.0,2,1.0,Reference person,Master's degree,Female,"Civilian employed, at work",50 to 52 weeks worked during past 12 months,Bus or trolley bus,,,Without a disability,No,No,No,No,No,No,,35_64,True,generative,syn_t004_h0000009,syn_t004_h0000009_r001
14000US06089010400,2,28,21,2.0,2,2,2.0,2.0,,2.0,12.0,9.0,2,19.0,2,15.0,5.0,2,1.0,Biological son or daughter,"1 or more years of college credit, no degree",Female,"Civilian employed, at work",14 to 26 weeks worked during past 12 months,Bicycle,,,Without a disability,No,No,No,No,No,No,,18_34,True,generative,syn_t004_h0000009,syn_t004_h0000009_r002
14000US06089010400,1,23,36,1.0,2,2,1.0,1.0,,1.0,,,0,19.0,2,,,1,6.0,Reference person,"1 or more years of college credit, no degree",Female,Not in labor force,,,,,With a disability,No,No,Yes,Yes,Yes,Yes,,35_64,True,generative,syn_t004_h0000010,syn_t004_h0000010_r001
14000US06089010400,2,21,16,2.0,2,2,2.0,2.0,,2.0,,,2,13.0,1,,,2,6.0,Biological son or daughter,Grade 10,Male,Not in labor force,,,,,Without a disability,No,No,No,No,No,No,,0_17,False,dependent,syn_t004_h0000010,syn_t004_h0000010_r002
14000US06089010400,3,43,13,2.0,2,2,,2.0,,2.0,,,2,10.0,2,,,2,,Biological son or daughter,Grade 7,Female,,,,,,Without a disability,No,No,No,No,,No,,0_17,False,dependent,syn_t004_h0000010,syn_t004_h0000010_r003
14000US06089010400,4,43,12,2.0,2,2,,2.0,,2.0,,,2,9.0,2,,,2,,Biological son or daughter,Grade 6,Female,,,,,,Without a disability,No,No,No,No,,No,,0_17,False,dependent,syn_t004_h0000010,syn_t004_h0000010_r004
14000US06089010400,1,59,48,2.0,2,2,2.0,1.0,,2.0,25.0,1.0,0,19.0,1,45.0,1.0,1,1.0,Reference person,"1 or more years of college credit, no degree",Male,"Civilian employed, at work",50 to 52 weeks worked during past 12 months,"Car, truck, or van",,,With a disability,No,No,No,Yes,No,No,,35_64,True,generative,syn_t004_h0000011,syn_t004_h0000011_r001
14000US06089010400,2,68,37,2.0,2,2,2.0,1.0,4.0,1.0,,,15,19.0,1,,,1,6.0,Other nonrelative,"1 or more years of college credit, no degree",Male,Not in labor force,,,,,With a disability,No,No,Yes,Yes,No,No,50 or 60 percent,35_64,True,generative,syn_t004_h0000011,syn_t004_h0000011_r002
14000US06089010400,1,13,28,2.0,2,2,2.0,2.0,,2.0,15.0,1.0,0,1.0,1,20.0,1.0,2,1.0,Reference person,No schooling completed,Male,"Civilian employed, at work",50 to 52 weeks worked during past 12 months,"Car, truck, or van",,,Without a disability,No,No,No,No,No,No,,18_34,True,generative,syn_t004_h0000012,syn_t004_h0000012_r001
14000US06089010400,1,15,41,2.0,2,2,2.0,2.0,,2.0,8.0,1.0,0,19.0,1,55.0,1.0,2,1.0,Reference person,"1 or more years of college credit, no degree",Male,"Civilian employed, at work",50 to 52 weeks worked during past 12 months,"Car, truck, or van",,,Without a disability,No,No,No,No,No,No,,35_64,True,generative,syn_t004_h0000013,syn_t004_h0000013_r001
14000US06089010400,2,15,41,2.0,2,2,2.0,2.0,,2.0,8.0,1.0,1,21.0,2,36.0,6.0,2,1.0,Husband/wife,Bachelor's degree,Female,"Civilian employed, at work",less than 14 weeks worked during past 12 months,"Car, truck, or van",,,Without a disability,No,No,No,No,No,No,,35_64,True,generative,syn_t004_h0000013,syn_t004_h0000013_r002
14000US06089010400,3,15,11,2.0,2,2,,2.0,,2.0,,,2,9.0,1,,,2,,Biological son or daughter,Grade 6,Male,,,,,,Without a disability,No,No,No,No,,No,,0_17,False,dependent,syn_t004_h0000013,syn_t004_h0000013_r003
14000US06089010400,4,15,10,2.0,2,2,,2.0,,2.0,,,2,7.0,1,,,2,,Biological son or daughter,Grade 4,Male,,,,,,Without a disability,No,No,No,No,,No,,0_17,False,dependent,syn_t004_h0000013,syn_t004_h0000013_r004
14000US06089010400,5,23,17,2.0,2,2,2.0,2.0,,2.0,,,4,14.0,2,,,2,6.0,Stepson or stepdaughter,Grade 11,Female,Not in labor force,,,,,Without a disability,No,No,No,No,No,No,,0_17,False,dependent,syn_t004_h0000013,syn_t004_h0000013_r005
14000US06089010400,1,86,24,2.0,2,2,2.0,2.0,,2.0,15.0,1.0,0,21.0,2,24.0,1.0,2,1.0,Reference person,Bachelor's degree,Female,"Civilian employed, at work",50 to 52 weeks worked during past 12 months,"Car, truck, or van",,,Without a disability,No,No,No,No,No,No,,18_34,True,generative,syn_t004_h0000014,syn_t004_h0000014_r001
14000US06089010400,2,77,1,,2,2,,,,,,,2,,2,,,2,,Biological son or daughter,,Female,,,,,,Without a disability,No,No,,,,,,0_17,False,dependent,syn_t004_h0000014,syn_t004_h0000014_r002
14000US06089010400,3,74,23,2.0,2,2,2.0,2.0,,2.0,30.0,1.0,13,10.0,1,40.0,1.0,2,1.0,Unmarried partner,Grade 7,Male,"Civilian employed, at work",50 to 52 weeks worked during past 12 months,"Car, truck, or van",,,Without a disability,No,No,No,No,No,No,,18_34,True,generative,syn_t004_h0000014,syn_t004_h0000014_r003
14000US06089010400,1,12,67,2.0,2,2,2.0,1.0,,1.0,,,0,12.0,2,,,1,6.0,Reference person,Grade 9,Female,Not in labor force,,,,,With a disability,No,No,Yes,Yes,No,No,,65_plus,True,generative,syn_t004_h0000015,syn_t004_h0000015_r001
14000US06089010400,2,13,23,2.0,2,2,2.0,2.0,,2.0,50.0,1.0,7,16.0,2,42.0,1.0,2,1.0,Grandchild,Regular high school diploma,Female,"Civilian employed, at work",50 to 52 weeks worked during past 12 months,"Car, truck, or van",,,Without a disability,No,No,No,No,No,No,,18_34,True,generative,syn_t004_h0000015,syn_t004_h0000015_r002
14000US06089010400,1,4,51,2.0,2,2,2.0,2.0,,2.0,35.0,1.0,0,19.0,1,40.0,1.0,2,1.0,Reference person,"1 or more years of college credit, no degree",Male,"Civilian employed, at work",50 to 52 weeks worked during past 12 months,"Car, truck, or van",,,Without a disability,No,No,No,No,No,No,,35_64,True,generative,syn_t004_h0000016,syn_t004_h0000016_r001
14000US06089010400,2,6,30,2.0,2,2,2.0,2.0,,2.0,35.0,1.0,12,18.0,2,20.0,5.0,2,1.0,Housemate or roommate,"Some college, but less than 1 year",Female,"Civilian employed, at work",14 to 26 weeks worked during past 12 months,"Car, truck, or van",,,Without a disability,No,No,No,No,No,No,,18_34,True,generative,syn_t004_h0000016,syn_t004_h0000016_r002
14000US06089010400,1,57,50,2.0,2,2,2.0,2.0,,2.0,,,0,16.0,1,,,2,6.0,Reference person,Regular high school diploma,Male,Not in labor force,,,,,Without a disability,No,No,No,No,No,No,,35_64,True,generative,syn_t004_h0000017,syn_t004_h0000017_r001
14000US06089010400,2,77,15,2.0,2,2,2.0,2.0,,2.0,,,2,12.0,2,,,2,,Biological son or daughter,Grade 9,Female,,,,,,Without a disability,No,No,No,No,No,No,,0_17,False,dependent,syn_t004_h0000017,syn_t004_h0000017_r002
14000US06089010400,1,19,53,2.0,2,2,2.0,2.0,,2.0,15.0,1.0,0,16.0,1,24.0,1.0,2,1.0,Reference person,Regular high school diploma,Male,"Civilian employed, at work",50 to 52 weeks worked during past 12 months,"Car, truck, or van",,,Without a disability,No,No,No,No,No,No,,35_64,True,generative,syn_t004_h0000018,syn_t004_h0000018_r001
14000US06089010400,1,13,76,2.0,2,2,1.0,1.0,,1.0,,,0,20.0,1,,,1,6.0,Reference person,Associate's degree,Male,Not in labor force,,,,,With a disability,No,No,Yes,Yes,Yes,No,,65_plus,True,generative,syn_t004_h0000019,syn_t004_h0000019_r001
14000US06089010400,1,14,26,2.0,2,2,2.0,2.0,,2.0,,,0,18.0,2,,,2,6.0,Reference person,"Some college, but less than 1 year",Female,Not in labor force,,,,,Without a disability,No,No,No,No,No,No,,18_34,True,generative,syn_t004_h0000020,syn_t004_h0000020_r001
14000US06089010400,2,12,1,,2,2,,,,,,,2,,1,,,2,,Biological son or daughter,,Male,,,,,,Without a disability,No,No,,,,,,0_17,False,dependent,syn_t004_h0000020,syn_t004_h0000020_r002
14000US06089010400,1,40,40,2.0,2,2,2.0,2.0,,2.0,15.0,1.0,0,19.0,1,40.0,1.0,2,1.0,Reference person,"1 or more years of college credit, no degree",Male,"Civilian employed, at work",50 to 52 weeks worked during past 12 months,"Car, truck, or van",,,Without a disability,No,No,No,No,No,No,,35_64,True,generative,syn_t004_h0000021,syn_t004_h0000021_r001
14000US06089010400,2,42,35,2.0,2,2,2.0,2.0,,2.0,15.0,1.0,1,19.0,2,40.0,1.0,2,1.0,Husband/wife,"1 or more years of college credit, no degree",Female,"Civilian employed, at work",50 to 52 weeks worked during past 12 months,"Car, truck, or van",,,Without a disability,No,No,No,No,No,No,,35_64,True,generative,syn_t004_h0000021,syn_t004_h0000021_r002
14000US06089010400,3,43,11,2.0,2,2,,2.0,,2.0,,,2,9.0,2,,,2,,Biological son or daughter,Grade 6,Female,,,,,,Without a disability,No,No,No,No,,No,,0_17,False,dependent,syn_t004_h0000021,syn_t004_h0000021_r003
14000US06089010400,4,45,9,2.0,2,2,,2.0,,2.0,,,2,6.0,2,,,2,,Biological son or daughter,Grade 3,Female,,,,,,Without a disability,No,No,No,No,,No,,0_17,False,dependent,syn_t004_h0000021,syn_t004_h0000021_r004
14000US06089010400,5,45,1,,2,2,,,,,,,2,,2,,,2,,Biological son or daughter,,Female,,,,,,Without a disability,No,No,,,,,,0_17,False,dependent,syn_t004_h0000021,syn_t004_h0000021_r005
14000US06089010400,6,50,53,2.0,2,2,2.0,2.0,,2.0,15.0,1.0,8,21.0,2,40.0,5.0,2,1.0,Parent-in-law,Bachelor's degree,Female,"Civilian employed, at work",14 to 26 weeks worked during past 12 months,"Car, truck, or van",,,Without a disability,No,No,No,No,No,No,,35_64,True,generative,syn_t004_h0000021,syn_t004_h0000021_r006
14000US06089010400,1,14,64,2.0,2,2,2.0,2.0,,2.0,,,0,22.0,1,,,2,6.0,Reference person,Master's degree,Male,Not in labor force,,,,,Without a disability,No,No,No,No,No,No,,35_64,True,generative,syn_t004_h0000022,syn_t004_h0000022_r001
14000US06089010400,1,13,62,2.0,2,2,2.0,1.0,2.0,2.0,,,0,19.0,1,,,1,6.0,Reference person,"1 or more years of college credit, no degree",Male,Not in labor force,,,,,With a disability,No,No,No,Yes,No,No,10 or 20 percent,35_64,True,generative,syn_t004_h0000023,syn_t004_h0000023_r001
14000US06089010400,2,14,60,2.0,2,2,2.0,2.0,,2.0,10.0,1.0,1,18.0,2,40.0,1.0,2,1.0,Husband/wife,"Some college, but less than 1 year",Female,"Civilian employed, at work",50 to 52 weeks worked during past 12 months,"Car, truck, or van",,,Without a disability,No,No,No,No,No,No,,35_64,True,generative,syn_t004_h0000023,syn_t004_h0000023_r002
14000US06089010500,1,46,36,2.0,2,2,2.0,2.0,,2.0,10.0,1.0,0,21.0,1,50.0,1.0,2,1.0,Reference person,Bachelor's degree,Male,"Civilian employed, at work",50 to 52 weeks worked during past 12 months,"Car, truck, or van",,,Without a disability,No,No,No,No,No,No,,35_64,True,generative,syn_t005_h0000001,syn_t005_h0000001_r001
14000US06089010500,2,51,27,2.0,2,2,2.0,2.0,,2.0,10.0,1.0,1,21.0,2,40.0,1.0,2,1.0,Husband/wife,Bachelor's degree,Female,"Civilian employed, at work",50 to 52 weeks worked during past 12 months,"Car, truck, or van",,,Without a disability,No,No,No,No,No,No,,18_34,True,generative,syn_t005_h0000001,syn_t005_h0000001_r002
14000US06089010500,1,36,34,2.0,2,2,2.0,2.0,,2.0,25.0,1.0,0,16.0,1,36.0,1.0,2,1.0,Reference person,Regular high school diploma,Male,"Civilian employed, at work",50 to 52 weeks worked during past 12 months,"Car, truck, or van",,,Without a disability,No,No,No,No,No,No,,18_34,True,generative,syn_t005_h0000002,syn_t005_h0000002_r001
14000US06089010500,1,17,51,2.0,2,2,2.0,2.0,,2.0,90.0,1.0,0,16.0,1,50.0,1.0,2,1.0,Reference person,Regular high school diploma,Male,"Civilian employed, at work",50 to 52 weeks worked during past 12 months,"Car, truck, or van",,,Without a disability,No,No,No,No,No,No,,35_64,True,generative,syn_t005_h0000003,syn_t005_h0000003_r001
14000US06089010500,1,61,44,2.0,1,2,2.0,1.0,,2.0,,,0,16.0,2,,,1,6.0,Reference person,Regular high school diploma,Female,Not in labor force,,,,,With a disability,Yes,No,No,Yes,No,No,,35_64,True,generative,syn_t005_h0000004,syn_t005_h0000004_r001
14000US06089010500,2,36,51,1.0,2,2,1.0,1.0,,2.0,,,1,11.0,1,,,1,6.0,Husband/wife,Grade 8,Male,Not in labor force,,,,,With a disability,No,No,No,Yes,Yes,Yes,,35_64,True,generative,syn_t005_h0000004,syn_t005_h0000004_r002
14000US06089010500,1,12,74,2.0,2,2,2.0,2.0,,2.0,,,0,13.0,1,,,2,6.0,Reference person,Grade 10,Male,Not in labor force,,,,,Without a disability,No,No,No,No,No,No,,65_plus,True,generative,syn_t005_h0000005,syn_t005_h0000005_r001
14000US06089010500,2,11,56,2.0,2,2,2.0,2.0,,2.0,45.0,1.0,1,20.0,2,24.0,1.0,2,1.0,Husband/wife,Associate's degree,Female,"Civilian employed, at work",50 to 52 weeks worked during past 12 months,"Car, truck, or van",,,Without a disability,No,No,No,No,No,No,,35_64,True,generative,syn_t005_h0000005,syn_t005_h0000005_r002
14000US06089010500,1,34,73,2.0,2,2,2.0,2.0,,2.0,,,0,19.0,1,,,2,6.0,Reference person,"1 or more years of college credit, no degree",Male,Not in labor force,,,,,Without a disability,No,No,No,No,No,No,,65_plus,True,generative,syn_t005_h0000006,syn_t005_h0000006_r001
14000US06089010500,2,35,71,2.0,2,2,2.0,2.0,,2.0,,,1,19.0,2,,,2,6.0,Husband/wife,"1 or more years of college credit, no degree",Female,Not in labor force,,,,,Without a disability,No,No,No,No,No,No,,65_plus,True,generative,syn_t005_h0000006,syn_t005_h0000006_r002
14000US06089010500,1,35,55,2.0,2,2,2.0,2.0,,2.0,5.0,1.0,0,17.0,1,30.0,4.0,2,1.0,Reference person,GED or alternative credential,Male,"Civilian employed, at work",27 to 39 weeks worked during past 12 months,"Car, truck, or van",,,Without a disability,No,No,No,No,No,No,,35_64,True,generative,syn_t005_h0000007,syn_t005_h0000007_r001
14000US06089010500,2,33,15,2.0,2,2,2.0,2.0,,2.0,,,2,12.0,1,,,2,,Biological son or daughter,Grade 9,Male,,,,,,Without a disability,No,No,No,No,No,No,,0_17,False,dependent,syn_t005_h0000007,syn_t005_h0000007_r002
14000US06089010500,3,41,14,2.0,2,2,,2.0,,2.0,,,2,11.0,1,,,2,,Biological son or daughter,Grade 8,Male,,,,,,Without a disability,No,No,No,No,,No,,0_17,False,dependent,syn_t005_h0000007,syn_t005_h0000007_r003
14000US06089010500,1,19,77,2.0,2,2,2.0,1.0,,2.0,,,0,20.0,2,,,1,6.0,Reference person,Associate's degree,Female,Not in labor force,,,,,With a disability,No,No,No,Yes,No,No,,65_plus,True,generative,syn_t005_h0000008,syn_t005_h0000008_r001
14000US06089010500,2,28,54,2.0,2,2,2.0,2.0,,2.0,10.0,1.0,2,20.0,1,40.0,1.0,2,1.0,Biological son or daughter,Associate's degree,Male,"Civilian employed, at work",50 to 52 weeks worked during past 12 months,"Car, truck, or van",,,Without a disability,No,No,No,No,No,No,,35_64,True,generative,syn_t005_h0000008,syn_t005_h0000008_r002
14000US06089010500,3,33,53,2.0,2,2,2.0,2.0,,2.0,,,9,21.0,2,,,2,6.0,Son-in-law or daughter-in-law,Bachelor's degree,Female,Not in labor force,,,,,Without a disability,No,No,No,No,No,No,,35_64,True,generative,syn_t005_h0000008,syn_t005_h0000008_r003
14000US06089010500,1,20,80,2.0,1,2,2.0,1.0,,2.0,,,0,20.0,1,,,1,6.0,Reference person,Associate's degree,Male,Not in labor force,,,,,With a disability,Yes,No,No,Yes,No,No,,65_plus,True,generative,syn_t005_h0000009,syn_t005_h0000009_r001
14000US06089010500,1,7,63,2.0,2,2,1.0,1.0,,1.0,,,0,16.0,2,,,1,6.0,Reference person,Regular high school diploma,Female,Not in labor force,,,,,With a disability,No,No,Yes,Yes,Yes,No,,35_64,True,generative,syn_t005_h0000010,syn_t005_h0000010_r001
14000US06089010500,1,8,55,2.0,2,2,2.0,2.0,,2.0,141.0,1.0,0,21.0,1,40.0,1.0,2,1.0,Reference person,Bachelor's degree,Male,"Civilian employed, at work",50 to 52 weeks worked during past 12 months,"Car, truck, or van",,,Without a disability,No,No,No,No,No,No,,35_64,True,generative,syn_t005_h0000011,syn_t005_h0000011_r001
14000US06089010500,1,12,29,2.0,2,2,2.0,2.0,,2.0,17.0,1.0,0,19.0,1,40.0,1.0,2,1.0,Reference person,"1 or more years of college credit, no degree",Male,"Civilian employed, at work",50 to 52 weeks worked during past 12 months,"Car, truck, or van",,,Without a disability,No,No,No,No,No,No,,18_34,True,generative,syn_t005_h0000012,syn_t005_h0000012_r001
14000US06089010500,2,23,27,2.0,2,2,2.0,2.0,,2.0,25.0,1.0,1,16.0,2,40.0,1.0,2,1.0,Husband/wife,Regular high school diploma,Female,"Civilian employed, at work",50 to 52 weeks worked during past 12 months,"Car, truck, or van",,,Without a disability,No,No,No,No,No,No,,18_34,True,generative,syn_t005_h0000012,syn_t005_h0000012_r002
14000US06089010500,3,26,3,,2,2,,,,,,,2,1.0,1,,,2,,Biological son or daughter,No schooling completed,Male,,,,,,Without a disability,No,No,,,,,,0_17,False,dependent,syn_t005_h0000012,syn_t005_h0000012_r003
14000US06089010500,4,26,2,,2,2,,,,,,,2,,1,,,2,,Biological son or daughter,,Male,,,,,,Without a disability,No,No,,,,,,0_17,False,dependent,syn_t005_h0000012,syn_t005_h0000012_r004
14000US06089010500,5,26,0,,2,2,,,,,,,2,,1,,,2,,Biological son or daughter,,Male,,,,,,Without a disability,No,No,,,,,,0_17,False,dependent,syn_t005_h0000012,syn_t005_h0000012_r005
14000US06089010500,1,76,40,2.0,2,2,2.0,2.0,,2.0,15.0,1.0,0,20.0,1,40.0,1.0,2,1.0,Reference person,Associate's degree,Male,"Civilian employed, at work",50 to 52 weeks worked during past 12 months,"Car, truck, or van",,,Without a disability,No,No,No,No,No,No,,35_64,True,generative,syn_t005_h0000013,syn_t005_h0000013_r001
14000US06089010500,1,30,60,2.0,2,2,2.0,2.0,,2.0,10.0,1.0,0,21.0,1,45.0,1.0,2,1.0,Reference person,Bachelor's degree,Male,"Civilian employed, at work",50 to 52 weeks worked during past 12 months,"Car, truck, or van",,,Without a disability,No,No,No,No,No,No,,35_64,True,generative,syn_t005_h0000014,syn_t005_h0000014_r001
14000US06089010500,2,29,54,2.0,2,2,2.0,2.0,,2.0,,,1,19.0,2,,,2,6.0,Husband/wife,"1 or more years of college credit, no degree",Female,Not in labor force,,,,,Without a disability,No,No,No,No,No,No,,35_64,True,generative,syn_t005_h0000014,syn_t005_h0000014_r002
14000US06089010500,1,40,32,2.0,2,2,2.0,2.0,2.0,2.0,60.0,1.0,0,20.0,1,36.0,1.0,2,1.0,Reference person,Associate's degree,Male,"Civilian employed, at work",50 to 52 weeks worked during past 12 months,"Car, truck, or van",,,Without a disability,No,No,No,No,No,No,10 or 20 percent,18_34,True,generative,syn_t005_h0000015,syn_t005_h0000015_r001
14000US06089010500,2,41,33,2.0,2,2,2.0,2.0,,2.0,,,1,22.0,2,,,2,6.0,Husband/wife,Master's degree,Female,Not in labor force,,,,,Without a disability,No,No,No,No,No,No,,18_34,True,generative,syn_t005_h0000015,syn_t005_h0000015_r002
14000US06089010500,3,48,2,,2,2,,,,,,,2,,2,,,2,,Biological son or daughter,,Female,,,,,,Without a disability,No,No,,,,,,0_17,False,dependent,syn_t005_h0000015,syn_t005_h0000015_r003
14000US06089010500,4,38,0,,2,2,,,,,,,2,,1,,,2,,Biological son or daughter,,Male,,,,,,Without a disability,No,No,,,,,,0_17,False,dependent,syn_t005_h0000015,syn_t005_h0000015_r004
14000US06089010500,1,14,60,2.0,2,2,2.0,2.0,,2.0,12.0,1.0,0,21.0,1,40.0,1.0,2,1.0,Reference person,Bachelor's degree,Male,"Civilian employed, at work",50 to 52 weeks worked during past 12 months,"Car, truck, or van",,,Without a disability,No,No,No,No,No,No,,35_64,True,generative,syn_t005_h0000016,syn_t005_h0000016_r001
14000US06089010500,1,68,54,2.0,2,1,1.0,2.0,,1.0,,,0,18.0,1,,,1,6.0,Reference person,"Some college, but less than 1 year",Male,Not in labor force,,,,,With a disability,No,Yes,Yes,No,Yes,No,,35_64,True,generative,syn_t005_h0000017,syn_t005_h0000017_r001
14000US06089010500,1,14,44,2.0,2,2,2.0,2.0,,2.0,,,0,22.0,2,50.0,6.0,2,6.0,Reference person,Master's degree,Female,Not in labor force,less than 14 weeks worked during past 12 months,,,,Without a disability,No,No,No,No,No,No,,35_64,True,generative,syn_t005_h0000018,syn_t005_h0000018_r001
14000US06089010500,2,12,45,2.0,2,2,2.0,2.0,,2.0,40.0,1.0,1,16.0,1,40.0,1.0,2,1.0,Husband/wife,Regular high school diploma,Male,"Civilian employed, at work",50 to 52 weeks worked during past 12 months,"Car, truck, or van",,,Without a disability,No,No,No,No,No,No,,35_64,True,generative,syn_t005_h0000018,syn_t005_h0000018_r002
14000US06089010500,3,19,17,2.0,2,2,2.0,2.0,,2.0,,,2,14.0,1,,,2,6.0,Biological son or daughter,Grade 11,Male,Not in labor force,,,,,Without a disability,No,No,No,No,No,No,,0_17,False,dependent,syn_t005_h0000018,syn_t005_h0000018_r003
14000US06089010500,4,12,6,2.0,2,2,,2.0,,2.0,,,2,3.0,2,,,2,,Biological son or daughter,Kindergarten,Female,,,,,,Without a disability,No,No,No,No,,No,,0_17,False,dependent,syn_t005_h0000018,syn_t005_h0000018_r004
14000US06089010500,1,62,56,2.0,2,2,2.0,2.0,,2.0,10.0,1.0,0,20.0,2,50.0,1.0,2,1.0,Reference person,Associate's degree,Female,"Civilian employed, at work",50 to 52 weeks worked during past 12 months,"Car, truck, or van",,,Without a disability,No,No,No,No,No,No,,35_64,True,generative,syn_t005_h0000019,syn_t005_h0000019_r001
14000US06089010500,2,63,66,2.0,2,2,2.0,2.0,,1.0,,,1,19.0,1,,,1,3.0,Husband/wife,"1 or more years of college credit, no degree",Male,Unemployed,,,,,With a disability,No,No,Yes,No,No,No,,65_plus,True,generative,syn_t005_h0000019,syn_t005_h0000019_r002
14000US06089010500,1,61,87,1.0,2,1,1.0,1.0,,2.0,,,0,17.0,2,,,1,6.0,Reference person,GED or alternative credential,Female,Not in labor force,,,,,With a disability,No,Yes,No,Yes,Yes,Yes,,65_plus,True,generative,syn_t005_h0000020,syn_t005_h0000020_r001
14000US06089010500,2,61,64,2.0,2,2,2.0,1.0,,2.0,,,2,18.0,2,,,1,6.0,Biological son or daughter,"Some college, but less than 1 year",Female,Not in labor force,,,,,With a disability,No,No,No,Yes,No,No,,35_64,True,generative,syn_t005_h0000020,syn_t005_h0000020_r002
14000US06089010500,1,6,69,2.0,2,2,2.0,1.0,,2.0,20.0,1.0,0,21.0,2,32.0,1.0,1,1.0,Reference person,Bachelor's degree,Female,"Civilian employed, at work",50 to 52 weeks worked during past 12 months,"Car, truck, or van",,,With a disability,No,No,No,Yes,No,No,,65_plus,True,generative,syn_t005_h0000021,syn_t005_h0000021_r001
14000US06089010500,2,12,44,2.0,1,2,2.0,1.0,,2.0,,,2,18.0,1,,,1,6.0,Biological son or daughter,"Some college, but less than 1 year",Male,Not in labor force,,,,,With a disability,Yes,No,No,Yes,No,No,,35_64,True,generative,syn_t005_h0000021,syn_t005_h0000021_r002
14000US06089010500,3,12,38,2.0,2,2,2.0,1.0,,2.0,,,2,18.0,1,,,1,6.0,Biological son or daughter,"Some college, but less than 1 year",Male,Not in labor force,,,,,With a disability,No,No,No,Yes,No,No,,35_64,True,generative,syn_t005_h0000021,syn_t005_h0000021_r003
14000US06089010500,1,60,29,2.0,2,2,2.0,2.0,,2.0,,,0,19.0,2,,,2,6.0,Reference person,"1 or more years of college credit, no degree",Female,Not in labor force,,,,,Without a disability,No,No,No,No,No,No,,18_34,True,generative,syn_t005_h0000022,syn_t005_h0000022_r001
14000US06089010500,2,85,68,1.0,2,2,1.0,2.0,,1.0,,,6,21.0,2,,,1,6.0,Father or mother,Bachelor's degree,Female,Not in labor force,,,,,With a disability,No,No,Yes,No,Yes,Yes,,65_plus,True,generative,syn_t005_h0000022,syn_t005_h0000022_r002
14000US06089010500,3,85,63,2.0,2,2,2.0,2.0,,2.0,,,10,19.0,1,,,2,6.0,Other relative,"1 or more years of college credit, no degree",Male,Not in labor force,,,,,Without a disability,No,No,No,No,No,No,,35_64,True,generative,syn_t005_h0000022,syn_t005_h0000022_r003
14000US06089010500,1,11,64,2.0,2,2,2.0,2.0,,2.0,15.0,1.0,0,21.0,1,25.0,1.0,2,1.0,Reference person,Bachelor's degree,Male,"Civilian employed, at work",50 to 52 weeks worked during past 12 months,"Car, truck, or van",,,Without a disability,No,No,No,No,No,No,,35_64,True,generative,syn_t005_h0000023,syn_t005_h0000023_r001
14000US06089010500,1,11,42,2.0,2,2,2.0,2.0,,1.0,,,0,13.0,2,,,1,6.0,Reference person,Grade 10,Female,Not in labor force,,,,,With a disability,No,No,Yes,No,No,No,,35_64,True,generative,syn_t005_h0000024,syn_t005_h0000024_r001
14000US06089010500,1,11,56,2.0,2,2,2.0,2.0,,2.0,5.0,1.0,0,19.0,1,50.0,1.0,2,1.0,Reference person,"1 or more years of college credit, no degree",Male,"Civilian employed, at work",50 to 52 weeks worked during past 12 months,"Car, truck, or van",,,Without a disability,No,No,No,No,No,No,,35_64,True,generative,syn_t005_h0000025,syn_t005_h0000025_r001
14000US06089010500,2,13,49,2.0,2,2,2.0,2.0,,2.0,15.0,1.0,1,20.0,2,25.0,1.0,2,1.0,Husband/wife,Associate's degree,Female,"Civilian employed, at work",50 to 52 weeks worked during past 12 months,"Car, truck, or van",,,Without a disability,No,No,No,No,No,No,,35_64,True,generative,syn_t005_h0000025,syn_t005_h0000025_r002
14000US06089010500,1,16,67,2.0,2,2,2.0,2.0,,2.0,35.0,1.0,0,23.0,1,35.0,3.0,2,1.0,Reference person,Professional degree beyond a bachelor's degree,Male,"Civilian employed, at work",40 to 47 weeks worked during past 12 months,"Car, truck, or van",,,Without a disability,No,No,No,No,No,No,,65_plus,True,generative,syn_t005_h0000026,syn_t005_h0000026_r001
14000US06089010500,2,20,61,2.0,2,2,2.0,2.0,,2.0,35.0,1.0,1,16.0,2,32.0,1.0,2,1.0,Husband/wife,Regular high school diploma,Female,"Civilian employed, at work",50 to 52 weeks worked during past 12 months,"Car, truck, or van",,,Without a disability,No,No,No,No,No,No,,35_64,True,generative,syn_t005_h0000026,syn_t005_h0000026_r002
14000US06089010500,1,36,53,2.0,2,2,2.0,2.0,,2.0,15.0,1.0,0,17.0,1,40.0,1.0,2,1.0,Reference person,GED or alternative credential,Male,"Civilian employed, at work",50 to 52 weeks worked during past 12 months,"Car, truck, or van",,,Without a disability,No,No,No,No,No,No,,35_64,True,generative,syn_t005_h0000027,syn_t005_h0000027_r001
14000US06089010500,2,29,18,2.0,2,2,2.0,2.0,,2.0,,,2,15.0,1,,,2,6.0,Biological son or daughter,12th grade - no diploma,Male,Not in labor force,,,,,Without a disability,No,No,No,No,No,No,,18_34,True,generative,syn_t005_h0000027,syn_t005_h0000027_r002
14000US06089010500,1,71,40,2.0,2,2,2.0,2.0,,2.0,15.0,1.0,0,19.0,1,40.0,1.0,2,1.0,Reference person,"1 or more years of college credit, no degree",Male,"Civilian employed, at work",50 to 52 weeks worked during past 12 months,"Car, truck, or van",,,Without a disability,No,No,No,No,No,No,,35_64,True,generative,syn_t005_h0000028,syn_t005_h0000028_r001
14000US06089010500,1,14,65,2.0,2,2,2.0,2.0,,2.0,,,0,19.0,1,,,2,6.0,Reference person,"1 or more years of college credit, no degree",Male,Not in labor force,,,,,Without a disability,No,No,No,No,No,No,,65_plus,True,generative,syn_t005_h0000029,syn_t005_h0000029_r001
14000US06089010500,2,15,62,2.0,2,2,2.0,2.0,,2.0,,,1,19.0,2,,,2,6.0,Husband/wife,"1 or more years of college credit, no degree",Female,Not in labor force,,,,,Without a disability,No,No,No,No,No,No,,35_64,True,generative,syn_t005_h0000029,syn_t005_h0000029_r002
14000US06089010500,1,15,50,2.0,2,2,2.0,2.0,,2.0,10.0,1.0,0,20.0,1,50.0,1.0,2,1.0,Reference person,Associate's degree,Male,"Civilian employed, at work",50 to 52 weeks worked during past 12 months,"Car, truck, or van",,,Without a disability,No,No,No,No,No,No,,35_64,True,generative,syn_t005_h0000030,syn_t005_h0000030_r001
14000US06089010500,2,18,49,2.0,2,2,2.0,2.0,,2.0,15.0,1.0,1,21.0,2,25.0,1.0,2,1.0,Husband/wife,Bachelor's degree,Female,"Civilian employed, at work",50 to 52 weeks worked during past 12 months,"Car, truck, or van",,,Without a disability,No,No,No,No,No,No,,35_64,True,generative,syn_t005_h0000030,syn_t005_h0000030_r002
14000US06089010601,1,42,41,2.0,2,2,2.0,1.0,,2.0,,,0,19.0,1,,,1,6.0,Reference person,"1 or more years of college credit, no degree",Male,Not in labor force,,,,,With a disability,No,No,No,Yes,No,No,,35_64,True,generative,syn_t006_h0000001,syn_t006_h0000001_r001
14000US06089010601,2,31,17,2.0,2,2,2.0,2.0,,2.0,,,2,14.0,1,,,2,6.0,Biological son or daughter,Grade 11,Male,Not in labor force,,,,,Without a disability,No,No,No,No,No,No,,0_17,False,dependent,syn_t006_h0000001,syn_t006_h0000001_r002
14000US06089010601,3,33,15,2.0,2,2,2.0,2.0,,2.0,,,2,13.0,2,,,2,,Biological son or daughter,Grade 10,Female,,,,,,Without a disability,No,No,No,No,No,No,,0_17,False,dependent,syn_t006_h0000001,syn_t006_h0000001_r003
14000US06089010601,4,39,12,2.0,2,2,,2.0,,2.0,,,2,9.0,1,,,2,,Biological son or daughter,Grade 6,Male,,,,,,Without a disability,No,No,No,No,,No,,0_17,False,dependent,syn_t006_h0000001,syn_t006_h0000001_r004
14000US06089010601,5,39,10,2.0,2,2,,2.0,,2.0,,,2,7.0,1,,,2,,Biological son or daughter,Grade 4,Male,,,,,,Without a disability,No,No,No,No,,No,,0_17,False,dependent,syn_t006_h0000001,syn_t006_h0000001_r005
14000US06089010601,6,39,8,2.0,2,2,,2.0,,2.0,,,2,4.0,1,,,2,,Biological son or daughter,Grade 1,Male,,,,,,Without a disability,No,No,No,No,,No,,0_17,False,dependent,syn_t006_h0000001,syn_t006_h0000001_r006
14000US06089010601,7,42,36,2.0,2,2,2.0,2.0,,2.0,5.0,1.0,13,16.0,2,20.0,1.0,2,1.0,Unmarried partner,Regular high school diploma,Female,"Civilian employed, at work",50 to 52 weeks worked during past 12 months,"Car, truck, or van",,,Without a disability,No,No,No,No,No,No,,35_64,True,generative,syn_t006_h0000001,syn_t006_h0000001_r007
14000US06089010601,1,11,94,2.0,1,2,2.0,1.0,5.0,2.0,,,0,19.0,1,,,1,6.0,Reference person,"1 or more years of college credit, no degree",Male,Not in labor force,,,,,With a disability,Yes,No,No,Yes,No,No,"70, 80, 90, or 100 percent",65_plus,True,generative,syn_t006_h0000002,syn_t006_h0000002_r001
14000US06089010601,2,11,63,2.0,2,2,2.0,2.0,,2.0,,,2,18.0,2,,,2,6.0,Biological son or daughter,"Some college, but less than 1 year",Female,Not in labor force,,,,,Without a disability,No,No,No,No,No,No,,35_64,True,generative,syn_t006_h0000002,syn_t006_h0000002_r002
14000US06089010601,1,118,19,2.0,1,2,2.0,2.0,,2.0,10.0,1.0,0,18.0,1,25.0,1.0,1,1.0,Reference person,"Some college, but less than 1 year",Male,"Civilian employed, at work",50 to 52 weeks worked during past 12 months,"Car, truck, or van",,,With a disability,Yes,No,No,No,No,No,,18_34,True,generative,syn_t006_h0000003,syn_t006_h0000003_r001
14000US06089010601,2,70,53,2.0,1,2,2.0,2.0,,2.0,20.0,1.0,6,19.0,1,45.0,1.0,1,1.0,Father or mother,"1 or more years of college credit, no degree",Male,"Civilian employed, at work",50 to 52 weeks worked during past 12 months,"Car, truck, or van",,,With a disability,Yes,No,No,No,No,No,,35_64,True,generative,syn_t006_h0000003,syn_t006_h0000003_r002
14000US06089010601,3,74,51,2.0,2,2,2.0,2.0,,2.0,20.0,1.0,6,18.0,2,45.0,1.0,2,1.0,Father or mother,"Some college, but less than 1 year",Female,"Civilian employed, at work",50 to 52 weeks worked during past 12 months,"Car, truck, or van",,,Without a disability,No,No,No,No,No,No,,35_64,True,generative,syn_t006_h0000003,syn_t006_h0000003_r003
14000US06089010601,1,14,69,2.0,2,2,2.0,2.0,,2.0,,,0,12.0,2,,,2,6.0,Reference person,Grade 9,Female,Not in labor force,,,,,Without a disability,No,No,No,No,No,No,,65_plus,True,generative,syn_t006_h0000004,syn_t006_h0000004_r001
14000US06089010601,2,17,48,2.0,2,2,2.0,2.0,,2.0,75.0,1.0,2,20.0,2,40.0,1.0,2,1.0,Biological son or daughter,Associate's degree,Female,"Civilian employed, at work",50 to 52 weeks worked during past 12 months,"Car, truck, or van",,,Without a disability,No,No,No,No,No,No,,35_64,True,generative,syn_t006_h0000004,syn_t006_h0000004_r002
14000US06089010601,3,14,52,2.0,2,2,2.0,2.0,,2.0,,,9,18.0,1,40.0,1.0,2,2.0,Son-in-law or daughter-in-law,"Some college, but less than 1 year",Male,"Civilian employed, with a job but not at work",50 to 52 weeks worked during past 12 months,,,,Without a disability,No,No,No,No,No,No,,35_64,True,generative,syn_t006_h0000004,syn_t006_h0000004_r003
14000US06089010601,1,14,74,2.0,2,2,2.0,2.0,,2.0,15.0,1.0,0,22.0,2,24.0,1.0,2,1.0,Reference person,Master's degree,Female,"Civilian employed, at work",50 to 52 weeks worked during past 12 months,"Car, truck, or van",,,Without a disability,No,No,No,No,No,No,,65_plus,True,generative,syn_t006_h0000005,syn_t006_h0000005_r001
14000US06089010601,2,23,52,2.0,2,2,1.0,2.0,,2.0,,,2,19.0,1,,,1,6.0,Biological son or daughter,"1 or more years of college credit, no degree",Male,Not in labor force,,,,,With a disability,No,No,No,No,Yes,No,,35_64,True,generative,syn_t006_h0000005,syn_t006_h0000005_r002
14000US06089010601,1,23,81,2.0,2,2,2.0,2.0,,2.0,,,0,16.0,1,,,2,6.0,Reference person,Regular high school diploma,Male,Not in labor force,,,,,Without a disability,No,No,No,No,No,No,,65_plus,True,generative,syn_t006_h0000006,syn_t006_h0000006_r001
14000US06089010601,1,29,72,2.0,2,1,2.0,2.0,,2.0,,11.0,0,21.0,1,40.0,1.0,1,1.0,Reference person,Bachelor's degree,Male,"Civilian employed, at work",50 to 52 weeks worked during past 12 months,Worked at home,,,With a disability,No,Yes,No,No,No,No,,65_plus,True,generative,syn_t006_h0000007,syn_t006_h0000007_r001
14000US06089010601,2,30,68,2.0,2,2,2.0,2.0,,2.0,,,1,20.0,2,,,2,6.0,Husband/wife,Associate's degree,Female,Not in labor force,,,,,Without a disability,No,No,No,No,No,No,,65_plus,True,generative,syn_t006_h0000007,syn_t006_h0000007_r002
14000US06089010601,1,10,41,2.0,2,2,2.0,2.0,,1.0,,,0,1.0,1,,,1,6.0,Reference person,No schooling completed,Male,Not in labor force,,,,,With a disability,No,No,Yes,No,No,No,,35_64,True,generative,syn_t006_h0000008,syn_t006_h0000008_r001
14000US06089010601,2,12,8,2.0,2,2,,2.0,,2.0,,,15,5.0,2,,,2,,Other nonrelative,Grade 2,Female,,,,,,Without a disability,No,No,No,No,,No,,0_17,False,dependent,syn_t006_h0000008,syn_t006_h0000008_r002
14000US06089010601,3,14,2,,2,2,,,,,,,15,,1,,,2,,Other nonrelative,,Male,,,,,,Without a disability,No,No,,,,,,0_17,False,dependent,syn_t006_h0000008,syn_t006_h0000008_r003
14000US06089010601,1,5,75,2.0,2,2,2.0,2.0,,2.0,,,0,16.0,2,,,2,6.0,Reference person,Regular high school diploma,Female,Not in labor force,,,,,Without a disability,No,No,No,No,No,No,,65_plus,True,generative,syn_t006_h0000009,syn_t006_h0000009_r001
14000US06089010601,2,4,81,2.0,2,2,2.0,2.0,,2.0,,,1,16.0,1,,,2,6.0,Husband/wife,Regular high school diploma,Male,Not in labor force,,,,,Without a disability,No,No,No,No,No,No,,65_plus,True,generative,syn_t006_h0000009,syn_t006_h0000009_r002
14000US06089010601,1,13,74,2.0,2,2,2.0,2.0,,2.0,,,0,21.0,2,,,2,6.0,Reference person,Bachelor's degree,Female,Not in labor force,,,,,Without a disability,No,No,No,No,No,No,,65_plus,True,generative,syn_t006_h0000010,syn_t006_h0000010_r001
14000US06089010601,2,13,79,2.0,2,2,2.0,2.0,,2.0,,,1,19.0,1,,,2,6.0,Husband/wife,"1 or more years of college credit, no degree",Male,Not in labor force,,,,,Without a disability,No,No,No,No,No,No,,65_plus,True,generative,syn_t006_h0000010,syn_t006_h0000010_r002
14000US06089010601,1,13,55,2.0,2,2,2.0,2.0,,2.0,5.0,1.0,0,21.0,1,40.0,1.0,2,1.0,Reference person,Bachelor's degree,Male,"Civilian employed, at work",50 to 52 weeks worked during past 12 months,"Car, truck, or van",,,Without a disability,No,No,No,No,No,No,,35_64,True,generative,syn_t006_h0000011,syn_t006_h0000011_r001
14000US06089010601,1,20,29,2.0,2,2,2.0,2.0,,2.0,5.0,1.0,0,20.0,1,40.0,1.0,2,1.0,Reference person,Associate's degree,Male,"Civilian employed, at work",50 to 52 weeks worked during past 12 months,"Car, truck, or van",,,Without a disability,No,No,No,No,No,No,,18_34,True,generative,syn_t006_h0000012,syn_t006_h0000012_r001
14000US06089010601,2,17,29,2.0,2,1,1.0,2.0,,1.0,5.0,1.0,1,20.0,2,16.0,3.0,1,1.0,Husband/wife,Associate's degree,Female,"Civilian employed, at work",40 to 47 weeks worked during past 12 months,"Car, truck, or van",,,With a disability,No,Yes,Yes,No,Yes,No,,18_34,True,generative,syn_t006_h0000012,syn_t006_h0000012_r002
14000US06089010601,3,10,0,,2,2,,,,,,,2,,1,,,2,,Biological son or daughter,,Male,,,,,,Without a disability,No,No,,,,,,0_17,False,dependent,syn_t006_h0000012,syn_t006_h0000012_r003
14000US06089010601,1,20,48,2.0,2,2,2.0,2.0,,2.0,30.0,1.0,0,22.0,1,50.0,1.0,2,1.0,Reference person,Master's degree,Male,"Civilian employed, at work",50 to 52 weeks worked during past 12 months,"Car, truck, or van",,,Without a disability,No,No,No,No,No,No,,35_64,True,generative,syn_t006_h0000013,syn_t006_h0000013_r001
14000US06089010601,2,24,46,2.0,2,2,2.0,2.0,,2.0,15.0,1.0,1,22.0,2,40.0,1.0,2,1.0,Husband/wife,Master's degree,Female,"Civilian employed, at work",50 to 52 weeks worked during past 12 months,"Car, truck, or van",,,Without a disability,No,No,No,No,No,No,,35_64,True,generative,syn_t006_h0000013,syn_t006_h0000013_r002
14000US06089010601,3,21,13,2.0,2,2,,2.0,,2.0,,,2,9.0,2,,,2,,Biological son or daughter,Grade 6,Female,,,,,,Without a disability,No,No,No,No,,No,,0_17,False,dependent,syn_t006_h0000013,syn_t006_h0000013_r003
14000US06089010601,4,22,11,2.0,2,2,,2.0,,2.0,,,2,7.0,1,,,2,,Biological son or daughter,Grade 4,Male,,,,,,Without a disability,No,No,No,No,,No,,0_17,False,dependent,syn_t006_h0000013,syn_t006_h0000013_r004
14000US06089010601,1,11,36,2.0,2,2,2.0,2.0,,2.0,10.0,1.0,0,23.0,1,50.0,1.0,2,1.0,Reference person,Professional degree beyond a bachelor's degree,Male,"Civilian employed, at work",50 to 52 weeks worked during past 12 months,"Car, truck, or van",,,Without a disability,No,No,No,No,No,No,,35_64,True,generative,syn_t006_h0000014,syn_t006_h0000014_r001
14000US06089010601,2,10,38,2.0,2,2,2.0,2.0,,2.0,10.0,1.0,1,20.0,2,40.0,1.0,2,1.0,Husband/wife,Associate's degree,Female,"Civilian employed, at work",50 to 52 weeks worked during past 12 months,"Car, truck, or van",,,Without a disability,No,No,No,No,No,No,,35_64,True,generative,syn_t006_h0000014,syn_t006_h0000014_r002
14000US06089010601,3,11,4,,2,2,,,,,,,2,1.0,2,,,2,,Biological son or daughter,No schooling completed,Female,,,,,,Without a disability,No,No,,,,,,0_17,False,dependent,syn_t006_h0000014,syn_t006_h0000014_r003
14000US06089010601,4,11,2,,2,2,,,,,,,2,,1,,,2,,Biological son or daughter,,Male,,,,,,Without a disability,No,No,,,,,,0_17,False,dependent,syn_t006_h0000014,syn_t006_h0000014_r004
14000US06089010601,5,11,20,2.0,2,2,2.0,2.0,,2.0,10.0,1.0,4,19.0,2,25.0,4.0,2,1.0,Stepson or stepdaughter,"1 or more years of college credit, no degree",Female,"Civilian employed, at work",27 to 39 weeks worked during past 12 months,"Car, truck, or van",,,Without a disability,No,No,No,No,No,No,,18_34,True,generative,syn_t006_h0000014,syn_t006_h0000014_r005
14000US06089010602,1,20,18,2.0,2,2,2.0,2.0,,2.0,15.0,1.0,0,16.0,2,20.0,3.0,2,1.0,Reference person,Regular high school diploma,Female,"Civilian employed, at work",40 to 47 weeks worked during past 12 months,"Car, truck, or van",,,Without a disability,No,No,No,No,No,No,,18_34,True,generative,syn_t007_h0000001,syn_t007_h0000001_r001
14000US06089010602,2,42,0,,2,2,,,,,,,2,,1,,,2,,Biological son or daughter,,Male,,,,,,Without a disability,No,No,,,,,,0_17,False,dependent,syn_t007_h0000001,syn_t007_h0000001_r002
14000US06089010602,3,13,18,2.0,2,2,2.0,2.0,,2.0,10.0,1.0,13,16.0,1,40.0,1.0,2,1.0,Unmarried partner,Regular high school diploma,Male,"Civilian employed, at work",50 to 52 weeks worked during past 12 months,"Car, truck, or van",,,Without a disability,No,No,No,No,No,No,,18_34,True,generative,syn_t007_h0000001,syn_t007_h0000001_r003
14000US06089010602,1,23,65,2.0,2,2,2.0,2.0,,2.0,,,0,19.0,1,,,2,6.0,Reference person,"1 or more years of college credit, no degree",Male,Not in labor force,,,,,Without a disability,No,No,No,No,No,No,,65_plus,True,generative,syn_t007_h0000002,syn_t007_h0000002_r001
14000US06089010602,1,16,71,2.0,2,2,2.0,2.0,,2.0,10.0,10.0,0,19.0,1,60.0,1.0,2,1.0,Reference person,"1 or more years of college credit, no degree",Male,"Civilian employed, at work",50 to 52 weeks worked during past 12 months,Walked,,,Without a disability,No,No,No,No,No,No,,65_plus,True,generative,syn_t007_h0000003,syn_t007_h0000003_r001
14000US06089010602,1,17,59,2.0,2,2,2.0,2.0,,2.0,,,0,20.0,2,,,2,6.0,Reference person,Associate's degree,Female,Not in labor force,,,,,Without a disability,No,No,No,No,No,No,,35_64,True,generative,syn_t007_h0000004,syn_t007_h0000004_r001
14000US06089010602,2,18,62,2.0,2,2,2.0,2.0,,2.0,10.0,1.0,1,18.0,1,40.0,1.0,2,1.0,Husband/wife,"Some college, but less than 1 year",Male,"Civilian employed, at work",50 to 52 weeks worked during past 12 months,"Car, truck, or van",,,Without a disability,No,No,No,No,No,No,,35_64,True,generative,syn_t007_h0000004,syn_t007_h0000004_r002
14000US06089010602,3,26,39,2.0,2,2,2.0,2.0,,2.0,20.0,1.0,2,21.0,2,24.0,4.0,2,1.0,Biological son or daughter,Bachelor's degree,Female,"Civilian employed, at work",27 to 39 weeks worked during past 12 months,"Car, truck, or van",,,Without a disability,No,No,No,No,No,No,,35_64,True,generative,syn_t007_h0000004,syn_t007_h0000004_r003
14000US06089010602,1,18,18,2.0,2,2,2.0,2.0,,2.0,15.0,1.0,0,19.0,1,32.0,6.0,2,1.0,Reference person,"1 or more years of college credit, no degree",Male,"Civilian employed, at work",less than 14 weeks worked during past 12 months,"Car, truck, or van",,,Without a disability,No,No,No,No,No,No,,18_34,True,generative,syn_t007_h0000005,syn_t007_h0000005_r001
14000US06089010602,2,27,19,2.0,2,2,2.0,2.0,,2.0,15.0,1.0,12,19.0,1,26.0,4.0,2,1.0,Housemate or roommate,"1 or more years of college credit, no degree",Male,"Civilian employed, at work",27 to 39 weeks worked during past 12 months,"Car, truck, or van",,,Without a disability,No,No,No,No,No,No,,18_34,True,generative,syn_t007_h0000005,syn_t007_h0000005_r002
14000US06089010602,3,36,18,2.0,2,2,2.0,2.0,,2.0,15.0,1.0,13,19.0,2,36.0,3.0,2,1.0,Unmarried partner,"1 or more years of college credit, no degree",Female,"Civilian employed, at work",40 to 47 weeks worked during past 12 months,"Car, truck, or van",,,Without a disability,No,No,No,No,No,No,,18_34,True,generative,syn_t007_h0000005,syn_t007_h0000005_r003
14000US06089010602,1,10,50,2.0,2,2,2.0,2.0,,2.0,10.0,1.0,0,23.0,1,40.0,1.0,2,1.0,Reference person,Professional degree beyond a bachelor's degree,Male,"Civilian employed, at work",50 to 52 weeks worked during past 12 months,"Car, truck, or van",,,Without a disability,No,No,No,No,No,No,,35_64,True,generative,syn_t007_h0000006,syn_t007_h0000006_r001
14000US06089010602,1,16,61,2.0,2,2,2.0,2.0,,2.0,,,0,19.0,1,40.0,5.0,2,6.0,Reference person,"1 or more years of college credit, no degree",Male,Not in labor force,14 to 26 weeks worked during past 12 months,,,,Without a disability,No,No,No,No,No,No,,35_64,True,generative,syn_t007_h0000007,syn_t007_h0000007_r001
14000US06089010602,2,15,49,2.0,2,2,2.0,2.0,,2.0,20.0,1.0,13,21.0,2,40.0,1.0,2,1.0,Unmarried partner,Bachelor's degree,Female,"Civilian employed, at work",50 to 52 weeks worked during past 12 months,"Car, truck, or van",,,Without a disability,No,No,No,No,No,No,,35_64,True,generative,syn_t007_h0000007,syn_t007_h0000007_r002
14000US06089010602,1,5,69,2.0,2,2,2.0,2.0,,2.0,,,0,16.0,1,,,2,6.0,Reference person,Regular high school diploma,Male,Not in labor force,,,,,Without a disability,No,No,No,No,No,No,,65_plus,True,generative,syn_t007_h0000008,syn_t007_h0000008_r001
14000US06089010602,1,18,66,2.0,2,2,2.0,2.0,,2.0,16.0,1.0,0,20.0,1,35.0,3.0,2,1.0,Reference person,Associate's degree,Male,"Civilian employed, at work",40 to 47 weeks worked during past 12 months,"Car, truck, or van",,,Without a disability,No,No,No,No,No,No,,65_plus,True,generative,syn_t007_h0000009,syn_t007_h0000009_r001
14000US06089010602,2,16,55,2.0,2,2,2.0,2.0,,2.0,,,13,16.0,2,,,2,6.0,Unmarried partner,Regular high school diploma,Female,Not in labor force,,,,,Without a disability,No,No,No,No,No,No,,35_64,True,generative,syn_t007_h0000009,syn_t007_h0000009_r002
14000US06089010602,1,23,56,2.0,2,2,2.0,2.0,,2.0,20.0,1.0,0,21.0,1,40.0,1.0,2,1.0,Reference person,Bachelor's degree,Male,"Civilian employed, at work",50 to 52 weeks worked during past 12 months,"Car, truck, or van",,,Without a disability,No,No,No,No,No,No,,35_64,True,generative,syn_t007_h0000010,syn_t007_h0000010_r001
14000US06089010602,2,24,49,2.0,2,2,2.0,2.0,,2.0,20.0,1.0,1,19.0,2,40.0,1.0,2,1.0,Husband/wife,"1 or more years of college credit, no degree",Female,"Civilian employed, at work",50 to 52 weeks worked during past 12 months,"Car, truck, or van",,,Without a disability,No,No,No,No,No,No,,35_64,True,generative,syn_t007_h0000010,syn_t007_h0000010_r002
14000US06089010602,1,21,24,2.0,2,2,2.0,2.0,,2.0,12.0,1.0,0,18.0,2,32.0,3.0,2,1.0,Reference person,"Some college, but less than 1 year",Female,"Civilian employed, at work",40 to 47 weeks worked during past 12 months,"Car, truck, or van",,,Without a disability,No,No,No,No,No,No,,18_34,True,generative,syn_t007_h0000011,syn_t007_h0000011_r001
14000US06089010602,2,18,2,,2,2,,,,,,,2,,1,,,2,,Biological son or daughter,,Male,,,,,,Without a disability,No,No,,,,,,0_17,False,dependent,syn_t007_h0000011,syn_t007_h0000011_r002
14000US06089010602,1,17,76,2.0,1,2,2.0,2.0,,2.0,,,0,19.0,1,,,1,6.0,Reference person,"1 or more years of college credit, no degree",Male,Not in labor force,,,,,With a disability,Yes,No,No,No,No,No,,65_plus,True,generative,syn_t007_h0000012,syn_t007_h0000012_r001
14000US06089010602,2,18,74,2.0,2,2,2.0,2.0,,2.0,,,1,16.0,2,,,2,6.0,Husband/wife,Regular high school diploma,Female,Not in labor force,,,,,Without a disability,No,No,No,No,No,No,,65_plus,True,generative,syn_t007_h0000012,syn_t007_h0000012_r002
14000US06089010602,1,33,80,2.0,2,2,2.0,2.0,,2.0,,,0,23.0,2,,,2,6.0,Reference person,Professional degree beyond a bachelor's degree,Female,Not in labor force,,,,,Without a disability,No,No,No,No,No,No,,65_plus,True,generative,syn_t007_h0000013,syn_t007_h0000013_r001
14000US06089010602,2,29,84,2.0,2,2,2.0,2.0,,2.0,,,1,19.0,1,,,2,6.0,Husband/wife,"1 or more years of college credit, no degree",Male,Not in labor force,,,,,Without a disability,No,No,No,No,No,No,,65_plus,True,generative,syn_t007_h0000013,syn_t007_h0000013_r002
14000US06089010602,1,14,58,2.0,2,2,2.0,2.0,,2.0,10.0,1.0,0,22.0,2,36.0,1.0,2,1.0,Reference person,Master's degree,Female,"Civilian employed, at work",50 to 52 weeks worked during past 12 months,"Car, truck, or van",,,Without a disability,No,No,No,No,No,No,,35_64,True,generative,syn_t007_h0000014,syn_t007_h0000014_r001
14000US06089010602,2,14,60,2.0,2,2,2.0,2.0,,2.0,15.0,1.0,1,20.0,1,40.0,1.0,2,1.0,Husband/wife,Associate's degree,Male,"Civilian employed, at work",50 to 52 weeks worked during past 12 months,"Car, truck, or van",,,Without a disability,No,No,No,No,No,No,,35_64,True,generative,syn_t007_h0000014,syn_t007_h0000014_r002
14000US06089010602,1,102,27,2.0,2,2,2.0,2.0,,2.0,,,0,10.0,1,,,2,6.0,Reference person,Grade 7,Male,Not in labor force,,,,,Without a disability,No,No,No,No,No,No,,18_34,True,generative,syn_t007_h0000015,syn_t007_h0000015_r001
14000US06089010602,1,16,58,2.0,2,2,2.0,2.0,,2.0,16.0,1.0,0,23.0,2,60.0,1.0,2,1.0,Reference person,Professional degree beyond a bachelor's degree,Female,"Civilian employed, at work",50 to 52 weeks worked during past 12 months,"Car, truck, or van",,,Without a disability,No,No,No,No,No,No,,35_64,True,generative,syn_t007_h0000016,syn_t007_h0000016_r001
14000US06089010602,2,20,18,2.0,2,2,2.0,2.0,,2.0,15.0,1.0,2,14.0,2,20.0,6.0,2,1.0,Biological son or daughter,Grade 11,Female,"Civilian employed, at work",less than 14 weeks worked during past 12 months,"Car, truck, or van",,,Without a disability,No,No,No,No,No,No,,18_34,True,generative,syn_t007_h0000016,syn_t007_h0000016_r002
14000US06089010602,3,10,18,2.0,2,2,2.0,2.0,,2.0,25.0,1.0,2,14.0,1,40.0,5.0,2,1.0,Biological son or daughter,Grade 11,Male,"Civilian employed, at work",14 to 26 weeks worked during past 12 months,"Car, truck, or van",,,Without a disability,No,No,No,No,No,No,,18_34,True,generative,syn_t007_h0000016,syn_t007_h0000016_r003
14000US06089010602,1,64,59,2.0,2,2,1.0,2.0,,1.0,25.0,1.0,0,19.0,2,15.0,1.0,1,1.0,Reference person,"1 or more years of college credit, no degree",Female,"Civilian employed, at work",50 to 52 weeks worked during past 12 months,"Car, truck, or van",,,With a disability,No,No,Yes,No,Yes,No,,35_64,True,generative,syn_t007_h0000017,syn_t007_h0000017_r001
14000US06089010602,2,58,60,2.0,2,2,2.0,2.0,,2.0,30.0,8.0,1,15.0,1,8.0,6.0,2,1.0,Husband/wife,12th grade - no diploma,Male,"Civilian employed, at work",less than 14 weeks worked during past 12 months,Motorcycle,,,Without a disability,No,No,No,No,No,No,,35_64,True,generative,syn_t007_h0000017,syn_t007_h0000017_r002
14000US06089010602,1,74,32,2.0,2,2,2.0,2.0,,2.0,20.0,1.0,0,11.0,2,25.0,1.0,2,1.0,Reference person,Grade 8,Female,"Civilian employed, at work",50 to 52 weeks worked during past 12 months,"Car, truck, or van",,,Without a disability,No,No,No,No,No,No,,18_34,True,generative,syn_t007_h0000018,syn_t007_h0000018_r001
14000US06089010602,2,79,14,2.0,2,2,,2.0,,2.0,,,2,11.0,1,,,2,,Biological son or daughter,Grade 8,Male,,,,,,Without a disability,No,No,No,No,,No,,0_17,False,dependent,syn_t007_h0000018,syn_t007_h0000018_r002
14000US06089010602,3,73,12,2.0,2,2,,2.0,,2.0,,,2,8.0,2,,,2,,Biological son or daughter,Grade 5,Female,,,,,,Without a disability,No,No,No,No,,No,,0_17,False,dependent,syn_t007_h0000018,syn_t007_h0000018_r003
14000US06089010602,1,7,39,2.0,2,2,2.0,2.0,,2.0,,11.0,0,21.0,2,15.0,5.0,2,1.0,Reference person,Bachelor's degree,Female,"Civilian employed, at work",14 to 26 weeks worked during past 12 months,Worked at home,,,Without a disability,No,No,No,No,No,No,,35_64,True,generative,syn_t007_h0000019,syn_t007_h0000019_r001
14000US06089010602,2,11,42,2.0,2,2,2.0,2.0,,2.0,15.0,1.0,1,23.0,1,40.0,1.0,2,1.0,Husband/wife,Professional degree beyond a bachelor's degree,Male,"Civilian employed, at work",50 to 52 weeks worked during past 12 months,"Car, truck, or van",,,Without a disability,No,No,No,No,No,No,,35_64,True,generative,syn_t007_h0000019,syn_t007_h0000019_r002
14000US06089010602,3,8,10,2.0,2,2,,2.0,,2.0,,,2,7.0,1,,,2,,Biological son or daughter,Grade 4,Male,,,,,,Without a disability,No,No,No,No,,No,,0_17,False,dependent,syn_t007_h0000019,syn_t007_h0000019_r003
14000US06089010602,4,8,8,2.0,2,2,,2.0,,2.0,,,2,5.0,1,,,2,,Biological son or daughter,Grade 2,Male,,,,,,Without a disability,No,No,No,No,,No,,0_17,False,dependent,syn_t007_h0000019,syn_t007_h0000019_r004
14000US06089010602,1,86,24,2.0,2,2,2.0,2.0,,2.0,15.0,1.0,0,21.0,2,24.0,1.0,2,1.0,Reference person,Bachelor's degree,Female,"Civilian employed, at work",50 to 52 weeks worked during past 12 months,"Car, truck, or van",,,Without a disability,No,No,No,No,No,No,,18_34,True,generative,syn_t007_h0000020,syn_t007_h0000020_r001
14000US06089010602,2,77,1,,2,2,,,,,,,2,,2,,,2,,Biological son or daughter,,Female,,,,,,Without a disability,No,No,,,,,,0_17,False,dependent,syn_t007_h0000020,syn_t007_h0000020_r002
14000US06089010602,3,74,23,2.0,2,2,2.0,2.0,,2.0,30.0,1.0,13,10.0,1,40.0,1.0,2,1.0,Unmarried partner,Grade 7,Male,"Civilian employed, at work",50 to 52 weeks worked during past 12 months,"Car, truck, or van",,,Without a disability,No,No,No,No,No,No,,18_34,True,generative,syn_t007_h0000020,syn_t007_h0000020_r003
14000US06089010602,1,11,57,2.0,2,2,2.0,2.0,,2.0,20.0,1.0,0,21.0,2,40.0,1.0,2,1.0,Reference person,Bachelor's degree,Female,"Civilian employed, at work",50 to 52 weeks worked during past 12 months,"Car, truck, or van",,,Without a disability,No,No,No,No,No,No,,35_64,True,generative,syn_t007_h0000021,syn_t007_h0000021_r001
14000US06089010602,2,13,72,2.0,2,2,2.0,2.0,2.0,2.0,,,1,14.0,1,,,2,6.0,Husband/wife,Grade 11,Male,Not in labor force,,,,,Without a disability,No,No,No,No,No,No,10 or 20 percent,65_plus,True,generative,syn_t007_h0000021,syn_t007_h0000021_r002
14000US06089010602,3,17,18,2.0,2,2,2.0,2.0,,2.0,,,2,18.0,2,,,2,6.0,Biological son or daughter,"Some college, but less than 1 year",Female,Not in labor force,,,,,Without a disability,No,No,No,No,No,No,,18_34,True,generative,syn_t007_h0000021,syn_t007_h0000021_r003
14000US06089010602,1,14,44,2.0,2,2,2.0,2.0,,2.0,8.0,1.0,0,20.0,2,40.0,1.0,2,1.0,Reference person,Associate's degree,Female,"Civilian employed, at work",50 to 52 weeks worked during past 12 months,"Car, truck, or van",,,Without a disability,No,No,No,No,No,No,,35_64,True,generative,syn_t007_h0000022,syn_t007_h0000022_r001
14000US06089010602,2,11,18,2.0,2,2,2.0,2.0,,2.0,,,2,14.0,1,,,2,6.0,Biological son or daughter,Grade 11,Male,Not in labor force,,,,,Without a disability,No,No,No,No,No,No,,18_34,True,generative,syn_t007_h0000022,syn_t007_h0000022_r002
14000US06089010602,3,13,13,2.0,2,1,,2.0,,1.0,,,3,9.0,1,,,1,,Adopted son or daughter,Grade 6,Male,,,,,,With a disability,No,Yes,Yes,No,,No,,0_17,False,dependent,syn_t007_h0000022,syn_t007_h0000022_r003
14000US06089010602,1,23,56,1.0,2,2,2.0,2.0,,2.0,,,0,17.0,1,,,1,6.0,Reference person,GED or alternative credential,Male,Not in labor force,,,,,With a disability,No,No,No,No,No,Yes,,35_64,True,generative,syn_t007_h0000023,syn_t007_h0000023_r001
14000US06089010602,2,21,57,1.0,1,2,1.0,1.0,,2.0,,,1,17.0,2,,,1,6.0,Husband/wife,GED or alternative credential,Female,Not in labor force,,,,,With a disability,Yes,No,No,Yes,Yes,Yes,,35_64,True,generative,syn_t007_h0000023,syn_t007_h0000023_r002
14000US06089010602,1,35,58,2.0,2,2,2.0,2.0,,2.0,15.0,1.0,0,19.0,1,25.0,4.0,2,1.0,Reference person,"1 or more years of college credit, no degree",Male,"Civilian employed, at work",27 to 39 weeks worked during past 12 months,"Car, truck, or van",,,Without a disability,No,No,No,No,No,No,,35_64,True,generative,syn_t007_h0000024,syn_t007_h0000024_r001
14000US06089010602,2,33,63,2.0,2,2,2.0,2.0,,2.0,,,1,16.0,2,,,2,6.0,Husband/wife,Regular high school diploma,Female,Not in labor force,,,,,Without a disability,No,No,No,No,No,No,,35_64,True,generative,syn_t007_h0000024,syn_t007_h0000024_r002
14000US06089010602,1,11,47,2.0,2,2,2.0,2.0,,2.0,5.0,1.0,0,16.0,1,40.0,1.0,2,1.0,Reference person,Regular high school diploma,Male,"Civilian employed, at work",50 to 52 weeks worked during past 12 months,"Car, truck, or van",,,Without a disability,No,No,No,No,No,No,,35_64,True,generative,syn_t007_h0000025,syn_t007_h0000025_r001
14000US06089010602,2,13,47,2.0,2,2,2.0,2.0,,2.0,,,1,16.0,2,,,2,6.0,Husband/wife,Regular high school diploma,Female,Not in labor force,,,,,Without a disability,No,No,No,No,No,No,,35_64,True,generative,syn_t007_h0000025,syn_t007_h0000025_r002
14000US06089010602,3,19,26,2.0,2,2,2.0,2.0,,2.0,5.0,1.0,2,21.0,2,30.0,3.0,2,1.0,Biological son or daughter,Bachelor's degree,Female,"Civilian employed, at work",40 to 47 weeks worked during past 12 months,"Car, truck, or van",,,Without a disability,No,No,No,No,No,No,,18_34,True,generative,syn_t007_h0000025,syn_t007_h0000025_r003
14000US06089010602,4,18,25,2.0,2,2,2.0,2.0,,2.0,25.0,1.0,2,21.0,2,30.0,3.0,2,1.0,Biological son or daughter,Bachelor's degree,Female,"Civilian employed, at work",40 to 47 weeks worked during past 12 months,"Car, truck, or van",,,Without a disability,No,No,No,No,No,No,,18_34,True,generative,syn_t007_h0000025,syn_t007_h0000025_r004
14000US06089010602,1,10,46,2.0,2,2,2.0,2.0,,2.0,20.0,1.0,0,18.0,1,40.0,1.0,2,1.0,Reference person,"Some college, but less than 1 year",Male,"Civilian employed, at work",50 to 52 weeks worked during past 12 months,"Car, truck, or van",,,Without a disability,No,No,No,No,No,No,,35_64,True,generative,syn_t007_h0000026,syn_t007_h0000026_r001
14000US06089010602,2,10,47,2.0,2,2,2.0,2.0,,2.0,5.0,1.0,1,21.0,2,25.0,5.0,2,1.0,Husband/wife,Bachelor's degree,Female,"Civilian employed, at work",14 to 26 weeks worked during past 12 months,"Car, truck, or van",,,Without a disability,No,No,No,No,No,No,,35_64,True,generative,syn_t007_h0000026,syn_t007_h0000026_r002
14000US06089010602,3,9,21,2.0,2,2,2.0,2.0,,2.0,,,2,19.0,1,20.0,2.0,2,2.0,Biological son or daughter,"1 or more years of college credit, no degree",Male,"Civilian employed, with a job but not at work",48 to 49 weeks worked during past 12 months,,,,Without a disability,No,No,No,No,No,No,,18_34,True,generative,syn_t007_h0000026,syn_t007_h0000026_r003
14000US06089010602,4,9,18,2.0,2,2,2.0,2.0,,2.0,15.0,1.0,2,16.0,1,50.0,5.0,2,1.0,Biological son or daughter,Regular high school diploma,Male,"Civilian employed, at work",14 to 26 weeks worked during past 12 months,"Car, truck, or van",,,Without a disability,No,No,No,No,No,No,,18_34,True,generative,syn_t007_h0000026,syn_t007_h0000026_r004
14000US06089010602,5,9,18,2.0,2,2,2.0,2.0,,2.0,15.0,1.0,15,18.0,2,38.0,6.0,2,1.0,Other nonrelative,"Some college, but less than 1 year",Female,"Civilian employed, at work",less than 14 weeks worked during past 12 months,"Car, truck, or van",,,Without a disability,No,No,No,No,No,No,,18_34,True,generative,syn_t007_h0000026,syn_t007_h0000026_r005
14000US06089010602,1,90,25,2.0,2,2,2.0,2.0,,2.0,141.0,1.0,0,19.0,1,60.0,1.0,2,1.0,Reference person,"1 or more years of college credit, no degree",Male,"Civilian employed, at work",50 to 52 weeks worked during past 12 months,"Car, truck, or van",,,Without a disability,No,No,No,No,No,No,,18_34,True,generative,syn_t007_h0000027,syn_t007_h0000027_r001
14000US06089010602,2,57,21,2.0,2,2,2.0,2.0,,2.0,20.0,1.0,13,19.0,2,40.0,1.0,2,1.0,Unmarried partner,"1 or more years of college credit, no degree",Female,"Civilian employed, at work",50 to 52 weeks worked during past 12 months,"Car, truck, or van",,,Without a disability,No,No,No,No,No,No,,18_34,True,generative,syn_t007_h0000027,syn_t007_h0000027_r002
14000US06089010602,1,28,33,2.0,2,2,2.0,2.0,,2.0,,,0,20.0,1,,,2,6.0,Reference person,Associate's degree,Male,Not in labor force,,,,,Without a disability,No,No,No,No,No,No,,18_34,True,generative,syn_t007_h0000028,syn_t007_h0000028_r001
14000US06089010602,1,34,35,2.0,2,2,2.0,2.0,,2.0,10.0,1.0,0,20.0,1,45.0,1.0,2,1.0,Reference person,Associate's degree,Male,"Civilian employed, at work",50 to 52 weeks worked during past 12 months,"Car, truck, or van",,,Without a disability,No,No,No,No,No,No,,35_64,True,generative,syn_t007_h0000029,syn_t007_h0000029_r001
14000US06089010602,2,34,43,2.0,2,2,2.0,2.0,,2.0,15.0,1.0,1,21.0,1,50.0,1.0,2,1.0,Husband/wife,Bachelor's degree,Male,"Civilian employed, at work",50 to 52 weeks worked during past 12 months,"Car, truck, or van",,,Without a disability,No,No,No,No,No,No,,35_64,True,generative,syn_t007_h0000029,syn_t007_h0000029_r002
14000US06089010602,3,48,0,,2,2,,,,,,,2,,2,,,2,,Biological son or daughter,,Female,,,,,,Without a disability,No,No,,,,,,0_17,False,dependent,syn_t007_h0000029,syn_t007_h0000029_r003
14000US06089010602,4,49,0,,2,2,,,,,,,2,,2,,,2,,Biological son or daughter,,Female,,,,,,Without a disability,No,No,,,,,,0_17,False,dependent,syn_t007_h0000029,syn_t007_h0000029_r004
14000US06089010602,1,18,59,2.0,2,2,2.0,2.0,,2.0,10.0,1.0,0,18.0,2,32.0,3.0,2,1.0,Reference person,"Some college, but less than 1 year",Female,"Civilian employed, at work",40 to 47 weeks worked during past 12 months,"Car, truck, or van",,,Without a disability,No,No,No,No,No,No,,35_64,True,generative,syn_t007_h0000030,syn_t007_h0000030_r001
14000US06089010602,2,18,59,2.0,2,2,2.0,2.0,,2.0,25.0,1.0,1,14.0,1,40.0,1.0,2,1.0,Husband/wife,Grade 11,Male,"Civilian employed, at work",50 to 52 weeks worked during past 12 months,"Car, truck, or van",,,Without a disability,No,No,No,No,No,No,,35_64,True,generative,syn_t007_h0000030,syn_t007_h0000030_r002
14000US06089010602,1,20,55,2.0,2,2,2.0,2.0,,2.0,30.0,1.0,0,23.0,1,41.0,1.0,2,1.0,Reference person,Professional degree beyond a bachelor's degree,Male,"Civilian employed, at work",50 to 52 weeks worked during past 12 months,"Car, truck, or van",,,Without a disability,No,No,No,No,No,No,,35_64,True,generative,syn_t007_h0000031,syn_t007_h0000031_r001
14000US06089010602,2,18,53,2.0,2,2,2.0,2.0,,2.0,15.0,1.0,1,22.0,2,25.0,1.0,2,1.0,Husband/wife,Master's degree,Female,"Civilian employed, at work",50 to 52 weeks worked during past 12 months,"Car, truck, or van",,,Without a disability,No,No,No,No,No,No,,35_64,True,generative,syn_t007_h0000031,syn_t007_h0000031_r002
14000US06089010602,3,23,16,2.0,2,2,2.0,2.0,,2.0,,,2,14.0,1,,,2,6.0,Biological son or daughter,Grade 11,Male,Not in labor force,,,,,Without a disability,No,No,No,No,No,No,,0_17,False,dependent,syn_t007_h0000031,syn_t007_h0000031_r003
14000US06089010602,1,17,80,2.0,1,2,1.0,1.0,,1.0,,,0,20.0,1,16.0,1.0,1,6.0,Reference person,Associate's degree,Male,Not in labor force,50 to 52 weeks worked during past 12 months,,,,With a disability,Yes,No,Yes,Yes,Yes,No,,65_plus,True,generative,syn_t007_h0000032,syn_t007_h0000032_r001
14000US06089010602,1,60,69,2.0,2,2,2.0,1.0,,1.0,,,0,16.0,2,,,1,6.0,Reference person,Regular high school diploma,Female,Not in labor force,,,,,With a disability,No,No,Yes,Yes,No,No,,65_plus,True,generative,syn_t007_h0000033,syn_t007_h0000033_r001
14000US06089010602,1,9,67,2.0,1,1,2.0,2.0,,2.0,,,0,19.0,2,,,1,6.0,Reference person,"1 or more years of college credit, no degree",Female,Not in labor force,,,,,With a disability,Yes,Yes,No,No,No,No,,65_plus,True,generative,syn_t007_h0000034,syn_t007_h0000034_r001
14000US06089010602,2,9,39,2.0,2,2,1.0,2.0,,1.0,,,2,16.0,1,30.0,5.0,1,6.0,Biological son or daughter,Regular high school diploma,Male,Not in labor force,14 to 26 weeks worked during past 12 months,,,,With a disability,No,No,Yes,No,Yes,No,,35_64,True,generative,syn_t007_h0000034,syn_t007_h0000034_r002
14000US06089010602,3,13,24,2.0,2,2,2.0,2.0,,2.0,10.0,1.0,7,18.0,1,40.0,1.0,2,1.0,Grandchild,"Some college, but less than 1 year",Male,"Civilian employed, at work",50 to 52 weeks worked during past 12 months,"Car, truck, or van",,,Without a disability,No,No,No,No,No,No,,18_34,True,generative,syn_t007_h0000034,syn_t007_h0000034_r003
14000US06089010602,4,11,23,2.0,2,2,2.0,2.0,,2.0,10.0,1.0,7,18.0,2,40.0,1.0,2,1.0,Grandchild,"Some college, but less than 1 year",Female,"Civilian employed, at work",50 to 52 weeks worked during past 12 months,"Car, truck, or van",,,Without a disability,No,No,No,No,No,No,,18_34,True,generative,syn_t007_h0000034,syn_t007_h0000034_r004
14000US06089010602,5,8,74,2.0,1,2,2.0,1.0,,1.0,,,11,11.0,1,7.0,6.0,1,6.0,Roomer or boarder,Grade 8,Male,Not in labor force,less than 14 weeks worked during past 12 months,,,,With a disability,Yes,No,Yes,Yes,No,No,,65_plus,True,generative,syn_t007_h0000034,syn_t007_h0000034_r005
14000US06089010603,1,15,32,2.0,2,2,2.0,2.0,,2.0,,,0,19.0,2,,,2,6.0,Reference person,"1 or more years of college credit, no degree",Female,Not in labor force,,,,,Without a disability,No,No,No,No,No,No,,18_34,True,generative,syn_t008_h0000001,syn_t008_h0000001_r001
14000US06089010603,2,23,13,2.0,2,2,,2.0,,2.0,,,2,10.0,2,,,2,,Biological son or daughter,Grade 7,Female,,,,,,Without a disability,No,No,No,No,,No,,0_17,False,dependent,syn_t008_h0000001,syn_t008_h0000001_r002
14000US06089010603,3,16,11,2.0,2,2,,2.0,,2.0,,,2,8.0,1,,,2,,Biological son or daughter,Grade 5,Male,,,,,,Without a disability,No,No,No,No,,No,,0_17,False,dependent,syn_t008_h0000001,syn_t008_h0000001_r003
14000US06089010603,4,22,13,2.0,2,2,,2.0,,2.0,,,4,10.0,2,,,2,,Stepson or stepdaughter,Grade 7,Female,,,,,,Without a disability,No,No,No,No,,No,,0_17,False,dependent,syn_t008_h0000001,syn_t008_h0000001_r004
14000US06089010603,5,23,11,2.0,2,2,,2.0,,2.0,,,4,7.0,2,,,2,,Stepson or stepdaughter,Grade 4,Female,,,,,,Without a disability,No,No,No,No,,No,,0_17,False,dependent,syn_t008_h0000001,syn_t008_h0000001_r005
14000US06089010603,6,36,30,2.0,2,2,2.0,2.0,,2.0,15.0,1.0,10,21.0,1,40.0,1.0,2,1.0,Other relative,Bachelor's degree,Male,"Civilian employed, at work",50 to 52 weeks worked during past 12 months,"Car, truck, or van",,,Without a disability,No,No,No,No,No,No,,18_34,True,generative,syn_t008_h0000001,syn_t008_h0000001_r006
14000US06089010603,7,31,33,2.0,2,2,2.0,2.0,,2.0,20.0,1.0,13,16.0,1,40.0,1.0,2,1.0,Unmarried partner,Regular high school diploma,Male,"Civilian employed, at work",50 to 52 weeks worked during past 12 months,"Car, truck, or van",,,Without a disability,No,No,No,No,No,No,,18_34,True,generative,syn_t008_h0000001,syn_t008_h0000001_r007
14000US06089010603,1,14,71,2.0,2,2,2.0,2.0,,2.0,,11.0,0,18.0,2,30.0,1.0,2,1.0,Reference person,"Some college, but less than 1 year",Female,"Civilian employed, at work",50 to 52 weeks worked during past 12 months,Worked at home,,,Without a disability,No,No,No,No,No,No,,65_plus,True,generative,syn_t008_h0000002,syn_t008_h0000002_r001
14000US06089010603,1,16,38,2.0,2,2,2.0,2.0,5.0,2.0,15.0,1.0,0,18.0,1,20.0,4.0,2,1.0,Reference person,"Some college, but less than 1 year",Male,"Civilian employed, at work",27 to 39 weeks worked during past 12 months,"Car, truck, or van",,,Without a disability,No,No,No,No,No,No,"70, 80, 90, or 100 percent",35_64,True,generative,syn_t008_h0000003,syn_t008_h0000003_r001
14000US06089010603,2,14,42,2.0,2,2,2.0,2.0,,2.0,20.0,1.0,1,18.0,2,50.0,1.0,2,1.0,Husband/wife,"Some college, but less than 1 year",Female,"Civilian employed, at work",50 to 52 weeks worked during past 12 months,"Car, truck, or van",,,Without a disability,No,No,No,No,No,No,,35_64,True,generative,syn_t008_h0000003,syn_t008_h0000003_r002
14000US06089010603,3,16,16,2.0,2,2,2.0,2.0,,2.0,,,2,12.0,2,,,2,6.0,Biological son or daughter,Grade 9,Female,Not in labor force,,,,,Without a disability,No,No,No,No,No,No,,0_17,False,dependent,syn_t008_h0000003,syn_t008_h0000003_r003
14000US06089010603,1,24,48,2.0,2,2,2.0,2.0,,2.0,20.0,1.0,0,21.0,1,55.0,1.0,2,1.0,Reference person,Bachelor's degree,Male,"Civilian employed, at work",50 to 52 weeks worked during past 12 months,"Car, truck, or van",,,Without a disability,No,No,No,No,No,No,,35_64,True,generative,syn_t008_h0000004,syn_t008_h0000004_r001
14000US06089010603,2,27,50,2.0,2,2,2.0,2.0,,2.0,20.0,1.0,1,16.0,2,36.0,1.0,2,1.0,Husband/wife,Regular high school diploma,Female,"Civilian employed, at work",50 to 52 weeks worked during past 12 months,"Car, truck, or van",,,Without a disability,No,No,No,No,No,No,,35_64,True,generative,syn_t008_h0000004,syn_t008_h0000004_r002
14000US06089010603,3,26,14,2.0,2,2,,2.0,,2.0,,,2,12.0,1,,,2,,Biological son or daughter,Grade 9,Male,,,,,,Without a disability,No,No,No,No,,No,,0_17,False,dependent,syn_t008_h0000004,syn_t008_h0000004_r003
14000US06089010603,1,23,62,2.0,2,2,2.0,2.0,,2.0,12.0,1.0,0,19.0,2,37.0,1.0,2,1.0,Reference person,"1 or more years of college credit, no degree",Female,"Civilian employed, at work",50 to 52 weeks worked during past 12 months,"Car, truck, or van",,,Without a disability,No,No,No,No,No,No,,35_64,True,generative,syn_t008_h0000005,syn_t008_h0000005_r001
14000US06089010603,2,25,54,2.0,2,2,2.0,2.0,,2.0,20.0,1.0,1,19.0,1,46.0,1.0,2,1.0,Husband/wife,"1 or more years of college credit, no degree",Male,"Civilian employed, at work",50 to 52 weeks worked during past 12 months,"Car, truck, or van",,,Without a disability,No,No,No,No,No,No,,35_64,True,generative,syn_t008_h0000005,syn_t008_h0000005_r002
14000US06089010603,1,36,54,2.0,2,2,2.0,2.0,,2.0,22.0,1.0,0,19.0,1,40.0,5.0,2,1.0,Reference person,"1 or more years of college credit, no degree",Male,"Civilian employed, at work",14 to 26 weeks worked during past 12 months,"Car, truck, or van",,,Without a disability,No,No,No,No,No,No,,35_64,True,generative,syn_t008_h0000006,syn_t008_h0000006_r001
14000US06089010603,2,28,53,2.0,2,2,2.0,2.0,,2.0,3.0,1.0,1,20.0,2,15.0,1.0,2,1.0,Husband/wife,Associate's degree,Female,"Civilian employed, at work",50 to 52 weeks worked during past 12 months,"Car, truck, or van",,,Without a disability,No,No,No,No,No,No,,35_64,True,generative,syn_t008_h0000006,syn_t008_h0000006_r002
14000US06089010603,3,41,74,2.0,2,2,1.0,2.0,,1.0,,,6,16.0,2,,,1,6.0,Father or mother,Regular high school diploma,Female,Not in labor force,,,,,With a disability,No,No,Yes,No,Yes,No,,65_plus,True,generative,syn_t008_h0000006,syn_t008_h0000006_r003
14000US06089010603,1,6,65,2.0,2,2,2.0,2.0,,2.0,,,0,22.0,2,,,2,6.0,Reference person,Master's degree,Female,Not in labor force,,,,,Without a disability,No,No,No,No,No,No,,65_plus,True,generative,syn_t008_h0000007,syn_t008_h0000007_r001
14000US06089010603,2,6,73,2.0,1,2,2.0,2.0,,1.0,,,1,17.0,1,,,1,6.0,Husband/wife,GED or alternative credential,Male,Not in labor force,,,,,With a disability,Yes,No,Yes,No,No,No,,65_plus,True,generative,syn_t008_h0000007,syn_t008_h0000007_r002
14000US06089010603,1,14,60,2.0,2,2,2.0,2.0,,2.0,10.0,1.0,0,23.0,1,40.0,4.0,2,1.0,Reference person,Professional degree beyond a bachelor's degree,Male,"Civilian employed, at work",27 to 39 weeks worked during past 12 months,"Car, truck, or van",,,Without a disability,No,No,No,No,No,No,,35_64,True,generative,syn_t008_h0000008,syn_t008_h0000008_r001
14000US06089010603,2,15,62,2.0,2,2,2.0,2.0,,2.0,,,1,20.0,2,,,2,6.0,Husband/wife,Associate's degree,Female,Not in labor force,,,,,Without a disability,No,No,No,No,No,No,,35_64,True,generative,syn_t008_h0000008,syn_t008_h0000008_r002
14000US06089010702,1,12,23,2.0,2,2,2.0,2.0,,2.0,15.0,1.0,0,19.0,2,35.0,1.0,2,1.0,Reference person,"1 or more years of college credit, no degree",Female,"Civilian employed, at work",50 to 52 weeks worked during past 12 months,"Car, truck, or van",,,Without a disability,No,No,No,No,No,No,,18_34,True,generative,syn_t009_h0000001,syn_t009_h0000001_r001
14000US06089010702,2,7,23,2.0,2,2,2.0,2.0,,2.0,15.0,1.0,1,19.0,1,35.0,1.0,2,1.0,Husband/wife,"1 or more years of college credit, no degree",Male,"Civilian employed, at work",50 to 52 weeks worked during past 12 months,"Car, truck, or van",,,Without a disability,No,No,No,No,No,No,,18_34,True,generative,syn_t009_h0000001,syn_t009_h0000001_r002
14000US06089010702,1,22,71,2.0,2,2,2.0,1.0,,1.0,,,0,19.0,2,,,1,6.0,Reference person,"1 or more years of college credit, no degree",Female,Not in labor force,,,,,With a disability,No,No,Yes,Yes,No,No,,65_plus,True,generative,syn_t009_h0000002,syn_t009_h0000002_r001
14000US06089010702,2,22,67,2.0,1,2,2.0,2.0,,2.0,15.0,1.0,1,19.0,1,40.0,1.0,1,1.0,Husband/wife,"1 or more years of college credit, no degree",Male,"Civilian employed, at work",50 to 52 weeks worked during past 12 months,"Car, truck, or van",,,With a disability,Yes,No,No,No,No,No,,65_plus,True,generative,syn_t009_h0000002,syn_t009_h0000002_r002
14000US06089010702,1,8,94,2.0,1,2,2.0,2.0,,2.0,,,0,16.0,1,,,1,6.0,Reference person,Regular high school diploma,Male,Not in labor force,,,,,With a disability,Yes,No,No,No,No,No,,65_plus,True,generative,syn_t009_h0000003,syn_t009_h0000003_r001
14000US06089010702,2,8,55,2.0,2,2,2.0,2.0,,2.0,,,2,18.0,2,,,2,6.0,Biological son or daughter,"Some college, but less than 1 year",Female,Not in labor force,,,,,Without a disability,No,No,No,No,No,No,,35_64,True,generative,syn_t009_h0000003,syn_t009_h0000003_r002
14000US06089010702,3,8,69,2.0,2,2,2.0,2.0,,2.0,,,9,21.0,1,,,2,6.0,Son-in-law or daughter-in-law,Bachelor's degree,Male,Not in labor force,,,,,Without a disability,No,No,No,No,No,No,,65_plus,True,generative,syn_t009_h0000003,syn_t009_h0000003_r003
14000US06089010702,1,14,59,2.0,2,2,2.0,2.0,,2.0,,,0,17.0,1,,,2,6.0,Reference person,GED or alternative credential,Male,Not in labor force,,,,,Without a disability,No,No,No,No,No,No,,35_64,True,generative,syn_t009_h0000004,syn_t009_h0000004_r001
14000US06089010702,1,19,74,2.0,2,2,2.0,2.0,,2.0,,,0,17.0,2,,,2,6.0,Reference person,GED or alternative credential,Female,Not in labor force,,,,,Without a disability,No,No,No,No,No,No,,65_plus,True,generative,syn_t009_h0000005,syn_t009_h0000005_r001
14000US06089010702,1,64,59,2.0,2,2,1.0,2.0,,1.0,25.0,1.0,0,19.0,2,15.0,1.0,1,1.0,Reference person,"1 or more years of college credit, no degree",Female,"Civilian employed, at work",50 to 52 weeks worked during past 12 months,"Car, truck, or van",,,With a disability,No,No,Yes,No,Yes,No,,35_64,True,generative,syn_t009_h0000006,syn_t009_h0000006_r001
14000US06089010702,2,58,60,2.0,2,2,2.0,2.0,,2.0,30.0,8.0,1,15.0,1,8.0,6.0,2,1.0,Husband/wife,12th grade - no diploma,Male,"Civilian employed, at work",less than 14 weeks worked during past 12 months,Motorcycle,,,Without a disability,No,No,No,No,No,No,,35_64,True,generative,syn_t009_h0000006,syn_t009_h0000006_r002
14000US06089010702,1,15,39,2.0,2,2,2.0,2.0,,2.0,141.0,1.0,0,19.0,1,40.0,1.0,2,1.0,Reference person,"1 or more years of college credit, no degree",Male,"Civilian employed, at work",50 to 52 weeks worked during past 12 months,"Car, truck, or van",,,Without a disability,No,No,No,No,No,No,,35_64,True,generative,syn_t009_h0000007,syn_t009_h0000007_r001
14000US06089010702,2,16,23,2.0,2,2,2.0,2.0,,2.0,20.0,1.0,13,16.0,2,30.0,1.0,2,1.0,Unmarried partner,Regular high school diploma,Female,"Civilian employed, at work",50 to 52 weeks worked during past 12 months,"Car, truck, or van",,,Without a disability,No,No,No,No,No,No,,18_34,True,generative,syn_t009_h0000007,syn_t009_h0000007_r002
14000US06089010702,1,14,29,2.0,2,2,2.0,2.0,,2.0,15.0,1.0,0,16.0,2,40.0,1.0,2,1.0,Reference person,Regular high school diploma,Female,"Civilian employed, at work",50 to 52 weeks worked during past 12 months,"Car, truck, or van",,,Without a disability,No,No,No,No,No,No,,18_34,True,generative,syn_t009_h0000008,syn_t009_h0000008_r001
14000US06089010702,2,11,31,2.0,2,2,2.0,2.0,,2.0,30.0,1.0,1,24.0,1,40.0,1.0,2,1.0,Husband/wife,Doctorate degree,Male,"Civilian employed, at work",50 to 52 weeks worked during past 12 months,"Car, truck, or van",,,Without a disability,No,No,No,No,No,No,,18_34,True,generative,syn_t009_h0000008,syn_t009_h0000008_r002
14000US06089010702,3,14,4,,2,2,,,,,,,2,1.0,1,,,2,,Biological son or daughter,No schooling completed,Male,,,,,,Without a disability,No,No,,,,,,0_17,False,dependent,syn_t009_h0000008,syn_t009_h0000008_r003
14000US06089010702,1,20,71,2.0,2,2,2.0,2.0,,2.0,,,0,20.0,2,,,2,6.0,Reference person,Associate's degree,Female,Not in labor force,,,,,Without a disability,No,No,No,No,No,No,,65_plus,True,generative,syn_t009_h0000009,syn_t009_h0000009_r001
14000US06089010702,1,26,42,2.0,2,2,2.0,2.0,,2.0,10.0,1.0,0,18.0,2,40.0,1.0,2,1.0,Reference person,"Some college, but less than 1 year",Female,"Civilian employed, at work",50 to 52 weeks worked during past 12 months,"Car, truck, or van",,,Without a disability,No,No,No,No,No,No,,35_64,True,generative,syn_t009_h0000010,syn_t009_h0000010_r001
14000US06089010702,2,26,16,2.0,2,2,2.0,2.0,,2.0,,,2,13.0,1,,,2,6.0,Biological son or daughter,Grade 10,Male,Not in labor force,,,,,Without a disability,No,No,No,No,No,No,,0_17,False,dependent,syn_t009_h0000010,syn_t009_h0000010_r002
14000US06089010702,1,102,27,2.0,2,2,2.0,2.0,,2.0,,,0,10.0,1,,,2,6.0,Reference person,Grade 7,Male,Not in labor force,,,,,Without a disability,No,No,No,No,No,No,,18_34,True,generative,syn_t009_h0000011,syn_t009_h0000011_r001
14000US06089010702,1,39,47,2.0,2,2,2.0,2.0,,2.0,,,0,16.0,1,,,2,6.0,Reference person,Regular high school diploma,Male,Not in labor force,,,,,Without a disability,No,No,No,No,No,No,,35_64,True,generative,syn_t009_h0000012,syn_t009_h0000012_r001
14000US06089010702,1,15,62,2.0,2,2,2.0,2.0,,2.0,5.0,1.0,0,21.0,1,60.0,1.0,2,1.0,Reference person,Bachelor's degree,Male,"Civilian employed, at work",50 to 52 weeks worked during past 12 months,"Car, truck, or van",,,Without a disability,No,No,No,No,No,No,,35_64,True,generative,syn_t009_h0000013,syn_t009_h0000013_r001
14000US06089010702,2,17,61,2.0,2,2,2.0,2.0,,2.0,5.0,1.0,1,16.0,2,40.0,1.0,2,1.0,Husband/wife,Regular high school diploma,Female,"Civilian employed, at work",50 to 52 weeks worked during past 12 months,"Car, truck, or van",,,Without a disability,No,No,No,No,No,No,,35_64,True,generative,syn_t009_h0000013,syn_t009_h0000013_r002
14000US06089010702,1,19,25,2.0,2,2,2.0,2.0,,2.0,20.0,1.0,0,21.0,1,50.0,1.0,2,1.0,Reference person,Bachelor's degree,Male,"Civilian employed, at work",50 to 52 weeks worked during past 12 months,"Car, truck, or van",,,Without a disability,No,No,No,No,No,No,,18_34,True,generative,syn_t009_h0000014,syn_t009_h0000014_r001
14000US06089010702,2,22,25,2.0,2,2,2.0,2.0,,2.0,,,1,21.0,2,40.0,6.0,2,6.0,Husband/wife,Bachelor's degree,Female,Not in labor force,less than 14 weeks worked during past 12 months,,,,Without a disability,No,No,No,No,No,No,,18_34,True,generative,syn_t009_h0000014,syn_t009_h0000014_r002
14000US06089010702,1,8,64,2.0,2,2,2.0,2.0,,2.0,20.0,1.0,0,19.0,1,40.0,1.0,2,1.0,Reference person,"1 or more years of college credit, no degree",Male,"Civilian employed, at work",50 to 52 weeks worked during past 12 months,"Car, truck, or van",,,Without a disability,No,No,No,No,No,No,,35_64,True,generative,syn_t009_h0000015,syn_t009_h0000015_r001
14000US06089010702,1,16,77,2.0,2,2,2.0,2.0,,2.0,,,0,21.0,1,,,2,6.0,Reference person,Bachelor's degree,Male,Not in labor force,,,,,Without a disability,No,No,No,No,No,No,,65_plus,True,generative,syn_t009_h0000016,syn_t009_h0000016_r001
14000US06089010702,2,16,69,2.0,2,2,2.0,2.0,,2.0,,,1,19.0,2,,,2,6.0,Husband/wife,"1 or more years of college credit, no degree",Female,Not in labor force,,,,,Without a disability,No,No,No,No,No,No,,65_plus,True,generative,syn_t009_h0000016,syn_t009_h0000016_r002
14000US06089010702,1,38,63,2.0,2,2,2.0,2.0,,2.0,,,0,19.0,1,20.0,6.0,2,6.0,Reference person,"1 or more years of college credit, no degree",Male,Not in labor force,less than 14 weeks worked during past 12 months,,,,Without a disability,No,No,No,No,No,No,,35_64,True,generative,syn_t009_h0000017,syn_t009_h0000017_r001
14000US06089010702,1,35,44,2.0,2,2,2.0,2.0,,2.0,3.0,1.0,0,20.0,2,40.0,1.0,2,1.0,Reference person,Associate's degree,Female,"Civilian employed, at work",50 to 52 weeks worked during past 12 months,"Car, truck, or van",,,Without a disability,No,No,No,No,No,No,,35_64,True,generative,syn_t009_h0000018,syn_t009_h0000018_r001
14000US06089010702,2,45,18,2.0,2,2,2.0,2.0,,2.0,,,2,19.0,2,,,2,6.0,Biological son or daughter,"1 or more years of college credit, no degree",Female,Not in labor force,,,,,Without a disability,No,No,No,No,No,No,,18_34,True,generative,syn_t009_h0000018,syn_t009_h0000018_r002
14000US06089010702,1,28,38,2.0,2,2,2.0,2.0,,2.0,25.0,1.0,0,19.0,1,40.0,1.0,2,1.0,Reference person,"1 or more years of college credit, no degree",Male,"Civilian employed, at work",50 to 52 weeks worked during past 12 months,"Car, truck, or van",,,Without a disability,No,No,No,No,No,No,,35_64,True,generative,syn_t009_h0000019,syn_t009_h0000019_r001
14000US06089010702,2,24,39,2.0,1,2,2.0,2.0,,2.0,30.0,1.0,1,19.0,2,40.0,1.0,1,1.0,Husband/wife,"1 or more years of college credit, no degree",Female,"Civilian employed, at work",50 to 52 weeks worked during past 12 months,"Car, truck, or van",,,With a disability,Yes,No,No,No,No,No,,35_64,True,generative,syn_t009_h0000019,syn_t009_h0000019_r002
14000US06089010702,1,10,60,2.0,2,2,2.0,2.0,,2.0,,,0,16.0,1,4.0,6.0,2,3.0,Reference person,Regular high school diploma,Male,Unemployed,less than 14 weeks worked during past 12 months,,,,Without a disability,No,No,No,No,No,No,,35_64,True,generative,syn_t009_h0000020,syn_t009_h0000020_r001
14000US06089010702,1,24,64,2.0,2,2,2.0,2.0,,2.0,,,0,20.0,1,,,2,6.0,Reference person,Associate's degree,Male,Not in labor force,,,,,Without a disability,No,No,No,No,No,No,,35_64,True,generative,syn_t009_h0000021,syn_t009_h0000021_r001
14000US06089010702,2,27,63,2.0,2,2,2.0,2.0,,2.0,15.0,1.0,1,21.0,2,40.0,1.0,2,1.0,Husband/wife,Bachelor's degree,Female,"Civilian employed, at work",50 to 52 weeks worked during past 12 months,"Car, truck, or van",,,Without a disability,No,No,No,No,No,No,,35_64,True,generative,syn_t009_h0000021,syn_t009_h0000021_r002
14000US06089010702,1,13,48,2.0,2,2,2.0,2.0,,2.0,10.0,1.0,0,22.0,2,47.0,1.0,2,1.0,Reference person,Master's degree,Female,"Civilian employed, at work",50 to 52 weeks worked during past 12 months,"Car, truck, or van",,,Without a disability,No,No,No,No,No,No,,35_64,True,generative,syn_t009_h0000022,syn_t009_h0000022_r001
14000US06089010702,2,13,49,2.0,2,2,2.0,2.0,,2.0,8.0,1.0,1,22.0,1,60.0,1.0,2,1.0,Husband/wife,Master's degree,Male,"Civilian employed, at work",50 to 52 weeks worked during past 12 months,"Car, truck, or van",,,Without a disability,No,No,No,No,No,No,,35_64,True,generative,syn_t009_h0000022,syn_t009_h0000022_r002
14000US06089010702,3,13,16,2.0,2,2,2.0,2.0,,2.0,,,2,13.0,2,,,2,6.0,Biological son or daughter,Grade 10,Female,Not in labor force,,,,,Without a disability,No,No,No,No,No,No,,0_17,False,dependent,syn_t009_h0000022,syn_t009_h0000022_r003
14000US06089010702,4,13,14,2.0,2,2,,2.0,,2.0,,,2,10.0,2,,,2,,Biological son or daughter,Grade 7,Female,,,,,,Without a disability,No,No,No,No,,No,,0_17,False,dependent,syn_t009_h0000022,syn_t009_h0000022_r004
14000US06089010702,5,14,12,2.0,2,2,,2.0,,2.0,,,2,8.0,1,,,2,,Biological son or daughter,Grade 5,Male,,,,,,Without a disability,No,No,No,No,,No,,0_17,False,dependent,syn_t009_h0000022,syn_t009_h0000022_r005
14000US06089010703,1,56,52,2.0,2,2,2.0,2.0,2.0,2.0,7.0,1.0,0,21.0,1,50.0,1.0,2,1.0,Reference person,Bachelor's degree,Male,"Civilian employed, at work",50 to 52 weeks worked during past 12 months,"Car, truck, or van",,,Without a disability,No,No,No,No,No,No,10 or 20 percent,35_64,True,generative,syn_t010_h0000001,syn_t010_h0000001_r001
14000US06089010703,2,77,11,2.0,2,2,,2.0,,2.0,,,2,7.0,1,,,2,,Biological son or daughter,Grade 4,Male,,,,,,Without a disability,No,No,No,No,,No,,0_17,False,dependent,syn_t010_h0000001,syn_t010_h0000001_r002
14000US06089010703,1,23,81,2.0,2,2,2.0,2.0,,2.0,,,0,16.0,1,,,2,6.0,Reference person,Regular high school diploma,Male,Not in labor force,,,,,Without a disability,No,No,No,No,No,No,,65_plus,True,generative,syn_t010_h0000002,syn_t010_h0000002_r001
14000US06089010703,1,5,60,2.0,2,2,2.0,2.0,,2.0,45.0,1.0,0,19.0,1,40.0,5.0,2,1.0,Reference person,"1 or more years of college credit, no degree",Male,"Civilian employed, at work",14 to 26 weeks worked during past 12 months,"Car, truck, or van",,,Without a disability,No,No,No,No,No,No,,35_64,True,generative,syn_t010_h0000003,syn_t010_h0000003_r001
14000US06089010703,1,70,38,2.0,2,2,2.0,2.0,,2.0,10.0,1.0,0,16.0,1,40.0,1.0,2,1.0,Reference person,Regular high school diploma,Male,"Civilian employed, at work",50 to 52 weeks worked during past 12 months,"Car, truck, or van",,,Without a disability,No,No,No,No,No,No,,35_64,True,generative,syn_t010_h0000004,syn_t010_h0000004_r001
14000US06089010703,1,12,35,2.0,2,2,2.0,2.0,,2.0,,11.0,0,18.0,2,30.0,1.0,2,1.0,Reference person,"Some college, but less than 1 year",Female,"Civilian employed, at work",50 to 52 weeks worked during past 12 months,Worked at home,,,Without a disability,No,No,No,No,No,No,,35_64,True,generative,syn_t010_h0000005,syn_t010_h0000005_r001
14000US06089010703,2,12,36,2.0,2,2,2.0,2.0,,2.0,15.0,1.0,1,20.0,1,40.0,1.0,2,1.0,Husband/wife,Associate's degree,Male,"Civilian employed, at work",50 to 52 weeks worked during past 12 months,"Car, truck, or van",,,Without a disability,No,No,No,No,No,No,,35_64,True,generative,syn_t010_h0000005,syn_t010_h0000005_r002
14000US06089010703,3,14,16,2.0,2,2,2.0,2.0,,2.0,,,2,14.0,2,,,2,6.0,Biological son or daughter,Grade 11,Female,Not in labor force,,,,,Without a disability,No,No,No,No,No,No,,0_17,False,dependent,syn_t010_h0000005,syn_t010_h0000005_r003
14000US06089010703,4,13,1,,2,2,,,,,,,2,,2,,,2,,Biological son or daughter,,Female,,,,,,Without a disability,No,No,,,,,,0_17,False,dependent,syn_t010_h0000005,syn_t010_h0000005_r004
14000US06089010703,1,22,56,2.0,2,2,1.0,2.0,,1.0,,,0,17.0,1,,,1,6.0,Reference person,GED or alternative credential,Male,Not in labor force,,,,,With a disability,No,No,Yes,No,Yes,No,,35_64,True,generative,syn_t010_h0000006,syn_t010_h0000006_r001
14000US06089010703,2,19,52,2.0,2,2,2.0,2.0,,2.0,,,13,16.0,1,,,2,6.0,Unmarried partner,Regular high school diploma,Male,Not in labor force,,,,,Without a disability,No,No,No,No,No,No,,35_64,True,generative,syn_t010_h0000006,syn_t010_h0000006_r002
14000US06089010703,1,21,45,2.0,2,2,2.0,2.0,,2.0,5.0,1.0,0,19.0,1,40.0,1.0,2,1.0,Reference person,"1 or more years of college credit, no degree",Male,"Civilian employed, at work",50 to 52 weeks worked during past 12 months,"Car, truck, or van",,,Without a disability,No,No,No,No,No,No,,35_64,True,generative,syn_t010_h0000007,syn_t010_h0000007_r001
14000US06089010703,2,23,49,2.0,2,2,2.0,2.0,,2.0,10.0,1.0,1,21.0,2,20.0,4.0,2,1.0,Husband/wife,Bachelor's degree,Female,"Civilian employed, at work",27 to 39 weeks worked during past 12 months,"Car, truck, or van",,,Without a disability,No,No,No,No,No,No,,35_64,True,generative,syn_t010_h0000007,syn_t010_h0000007_r002
14000US06089010703,1,39,85,2.0,1,2,1.0,1.0,,1.0,,,0,22.0,1,,,1,6.0,Reference person,Master's degree,Male,Not in labor force,,,,,With a disability,Yes,No,Yes,Yes,Yes,No,,65_plus,True,generative,syn_t010_h0000008,syn_t010_h0000008_r001
14000US06089010703,1,47,85,2.0,2,2,2.0,2.0,,2.0,,,0,14.0,1,,,2,6.0,Reference person,Grade 11,Male,Not in labor force,,,,,Without a disability,No,No,No,No,No,No,,65_plus,True,generative,syn_t010_h0000009,syn_t010_h0000009_r001
14000US06089010703,1,2,71,2.0,1,2,1.0,1.0,5.0,1.0,,,0,20.0,1,,,1,6.0,Reference person,Associate's degree,Male,Not in labor force,,,,,With a disability,Yes,No,Yes,Yes,Yes,No,"70, 80, 90, or 100 percent",65_plus,True,generative,syn_t010_h0000010,syn_t010_h0000010_r001
14000US06089010703,2,2,49,2.0,2,2,2.0,2.0,,1.0,,,10,16.0,1,30.0,1.0,1,2.0,Other relative,Regular high school diploma,Male,"Civilian employed, with a job but not at work",50 to 52 weeks worked during past 12 months,,,,With a disability,No,No,Yes,No,No,No,,35_64,True,generative,syn_t010_h0000010,syn_t010_h0000010_r002
14000US06089010703,3,3,45,2.0,2,1,2.0,2.0,,2.0,,,15,19.0,1,,,1,6.0,Other nonrelative,"1 or more years of college credit, no degree",Male,Not in labor force,,,,,With a disability,No,Yes,No,No,No,No,,35_64,True,generative,syn_t010_h0000010,syn_t010_h0000010_r003
14000US06089010703,1,27,70,2.0,1,2,2.0,2.0,,2.0,,,0,19.0,1,,,1,6.0,Reference person,"1 or more years of college credit, no degree",Male,Not in labor force,,,,,With a disability,Yes,No,No,No,No,No,,65_plus,True,generative,syn_t010_h0000011,syn_t010_h0000011_r001
14000US06089010703,2,23,50,2.0,2,2,1.0,2.0,,1.0,,,13,18.0,2,,,1,6.0,Unmarried partner,"Some college, but less than 1 year",Female,Not in labor force,,,,,With a disability,No,No,Yes,No,Yes,No,,35_64,True,generative,syn_t010_h0000011,syn_t010_h0000011_r002
14000US06089010703,1,16,72,2.0,2,2,2.0,2.0,,2.0,,,0,20.0,1,24.0,5.0,2,6.0,Reference person,Associate's degree,Male,Not in labor force,14 to 26 weeks worked during past 12 months,,,,Without a disability,No,No,No,No,No,No,,65_plus,True,generative,syn_t010_h0000012,syn_t010_h0000012_r001
14000US06089010703,1,31,18,2.0,2,2,2.0,2.0,,2.0,,,0,19.0,1,,,2,6.0,Reference person,"1 or more years of college credit, no degree",Male,Not in labor force,,,,,Without a disability,No,No,No,No,No,No,,18_34,True,generative,syn_t010_h0000013,syn_t010_h0000013_r001
14000US06089010703,1,10,83,2.0,2,2,2.0,2.0,,2.0,,,0,21.0,1,,,2,6.0,Reference person,Bachelor's degree,Male,Not in labor force,,,,,Without a disability,No,No,No,No,No,No,,65_plus,True,generative,syn_t010_h0000014,syn_t010_h0000014_r001
14000US06089010703,1,14,86,2.0,2,2,2.0,2.0,,1.0,,,0,19.0,2,,,1,6.0,Reference person,"1 or more years of college credit, no degree",Female,Not in labor force,,,,,With a disability,No,No,Yes,No,No,No,,65_plus,True,generative,syn_t010_h0000015,syn_t010_h0000015_r001
14000US06089010703,2,35,20,2.0,2,2,2.0,2.0,,2.0,,,15,16.0,1,,,2,3.0,Other nonrelative,Regular high school diploma,Male,Unemployed,,,,,Without a disability,No,No,No,No,No,No,,18_34,True,generative,syn_t010_h0000015,syn_t010_h0000015_r002
14000US06089010703,1,23,31,2.0,2,2,2.0,2.0,,2.0,15.0,1.0,0,22.0,2,80.0,1.0,2,1.0,Reference person,Master's degree,Female,"Civilian employed, at work",50 to 52 weeks worked during past 12 months,"Car, truck, or van",,,Without a disability,No,No,No,No,No,No,,18_34,True,generative,syn_t010_h0000016,syn_t010_h0000016_r001
14000US06089010703,1,42,21,2.0,2,2,1.0,2.0,,1.0,,,0,13.0,1,,,1,6.0,Reference person,Grade 10,Male,Not in labor force,,,,,With a disability,No,No,Yes,No,Yes,No,,18_34,True,generative,syn_t010_h0000017,syn_t010_h0000017_r001
14000US06089010703,1,15,69,2.0,1,2,2.0,2.0,,2.0,,,0,21.0,1,,,1,6.0,Reference person,Bachelor's degree,Male,Not in labor force,,,,,With a disability,Yes,No,No,No,No,No,,65_plus,True,generative,syn_t010_h0000018,syn_t010_h0000018_r001
14000US06089010703,2,14,73,2.0,2,2,2.0,2.0,,2.0,,,1,22.0,2,12.0,4.0,2,6.0,Husband/wife,Master's degree,Female,Not in labor force,27 to 39 weeks worked during past 12 months,,,,Without a disability,No,No,No,No,No,No,,65_plus,True,generative,syn_t010_h0000018,syn_t010_h0000018_r002
14000US06089010703,1,16,72,2.0,2,2,2.0,2.0,,2.0,,,0,13.0,2,,,2,6.0,Reference person,Grade 10,Female,Not in labor force,,,,,Without a disability,No,No,No,No,No,No,,65_plus,True,generative,syn_t010_h0000019,syn_t010_h0000019_r001
14000US06089010703,2,13,80,2.0,1,2,2.0,2.0,5.0,1.0,,,1,12.0,1,,,1,6.0,Husband/wife,Grade 9,Male,Not in labor force,,,,,With a disability,Yes,No,Yes,No,No,No,"70, 80, 90, or 100 percent",65_plus,True,generative,syn_t010_h0000019,syn_t010_h0000019_r002
14000US06089010703,1,14,67,2.0,2,2,2.0,2.0,,2.0,,,0,16.0,2,,,2,6.0,Reference person,Regular high school diploma,Female,Not in labor force,,,,,Without a disability,No,No,No,No,No,No,,65_plus,True,generative,syn_t010_h0000020,syn_t010_h0000020_r001
14000US06089010703,2,14,68,2.0,2,2,2.0,2.0,,2.0,,,1,16.0,1,1.0,6.0,2,6.0,Husband/wife,Regular high school diploma,Male,Not in labor force,less than 14 weeks worked during past 12 months,,,,Without a disability,No,No,No,No,No,No,,65_plus,True,generative,syn_t010_h0000020,syn_t010_h0000020_r002
14000US06089010703,1,18,94,1.0,2,2,1.0,1.0,,2.0,,,0,16.0,1,,,1,6.0,Reference person,Regular high school diploma,Male,Not in labor force,,,,,With a disability,No,No,No,Yes,Yes,Yes,,65_plus,True,generative,syn_t010_h0000021,syn_t010_h0000021_r001
14000US06089010703,1,33,45,1.0,2,2,1.0,1.0,,2.0,,,0,16.0,2,,,1,6.0,Reference person,Regular high school diploma,Female,Not in labor force,,,,,With a disability,No,No,No,Yes,Yes,Yes,,35_64,True,generative,syn_t010_h0000022,syn_t010_h0000022_r001
14000US06089010703,2,40,21,2.0,2,2,2.0,2.0,,2.0,,11.0,2,14.0,2,37.0,1.0,2,1.0,Biological son or daughter,Grade 11,Female,"Civilian employed, at work",50 to 52 weeks worked during past 12 months,Worked at home,,,Without a disability,No,No,No,No,No,No,,18_34,True,generative,syn_t010_h0000022,syn_t010_h0000022_r002
14000US06089010703,3,42,44,2.0,2,1,2.0,2.0,,2.0,,,11,13.0,1,,,1,6.0,Roomer or boarder,Grade 10,Male,Not in labor force,,,,,With a disability,No,Yes,No,No,No,No,,35_64,True,generative,syn_t010_h0000022,syn_t010_h0000022_r003
14000US06089010703,1,13,69,2.0,2,2,2.0,2.0,,2.0,,,0,17.0,2,,,2,6.0,Reference person,GED or alternative credential,Female,Not in labor force,,,,,Without a disability,No,No,No,No,No,No,,65_plus,True,generative,syn_t010_h0000023,syn_t010_h0000023_r001
14000US06089010703,1,71,40,2.0,2,2,2.0,2.0,,2.0,15.0,1.0,0,19.0,1,40.0,1.0,2,1.0,Reference person,"1 or more years of college credit, no degree",Male,"Civilian employed, at work",50 to 52 weeks worked during past 12 months,"Car, truck, or van",,,Without a disability,No,No,No,No,No,No,,35_64,True,generative,syn_t010_h0000024,syn_t010_h0000024_r001
14000US06089010704,1,9,77,2.0,2,2,2.0,2.0,,2.0,,,0,21.0,1,,,2,6.0,Reference person,Bachelor's degree,Male,Not in labor force,,,,,Without a disability,No,No,No,No,No,No,,65_plus,True,generative,syn_t011_h0000001,syn_t011_h0000001_r001
14000US06089010704,1,41,31,2.0,2,2,2.0,2.0,,2.0,45.0,1.0,0,21.0,2,18.0,5.0,2,1.0,Reference person,Bachelor's degree,Female,"Civilian employed, at work",14 to 26 weeks worked during past 12 months,"Car, truck, or van",,,Without a disability,No,No,No,No,No,No,,18_34,True,generative,syn_t011_h0000002,syn_t011_h0000002_r001
14000US06089010704,2,38,5,2.0,2,2,,2.0,,2.0,,,2,2.0,2,,,2,,Biological son or daughter,"Nursery school, preschool",Female,,,,,,Without a disability,No,No,No,No,,No,,0_17,False,dependent,syn_t011_h0000002,syn_t011_h0000002_r002
14000US06089010704,3,71,62,2.0,2,2,2.0,2.0,,2.0,,,6,18.0,2,,,2,6.0,Father or mother,"Some college, but less than 1 year",Female,Not in labor force,,,,,Without a disability,No,No,No,No,No,No,,35_64,True,generative,syn_t011_h0000002,syn_t011_h0000002_r003
14000US06089010704,4,54,59,1.0,2,1,1.0,1.0,2.0,1.0,,,6,16.0,1,,,1,6.0,Father or mother,Regular high school diploma,Male,Not in labor force,,,,,With a disability,No,Yes,Yes,Yes,Yes,Yes,10 or 20 percent,35_64,True,generative,syn_t011_h0000002,syn_t011_h0000002_r004
14000US06089010704,5,38,14,2.0,2,2,,2.0,,2.0,,,10,11.0,2,,,2,,Other relative,Grade 8,Female,,,,,,Without a disability,No,No,No,No,,No,,0_17,False,dependent,syn_t011_h0000002,syn_t011_h0000002_r005
14000US06089010704,6,46,36,2.0,2,2,2.0,2.0,,2.0,5.0,1.0,13,19.0,1,40.0,1.0,2,1.0,Unmarried partner,"1 or more years of college credit, no degree",Male,"Civilian employed, at work",50 to 52 weeks worked during past 12 months,"Car, truck, or van",,,Without a disability,No,No,No,No,No,No,,35_64,True,generative,syn_t011_h0000002,syn_t011_h0000002_r006
14000US06089010704,1,38,65,2.0,1,2,2.0,2.0,2.0,2.0,15.0,1.0,0,21.0,1,50.0,1.0,1,1.0,Reference person,Bachelor's degree,Male,"Civilian employed, at work",50 to 52 weeks worked during past 12 months,"Car, truck, or van",,,With a disability,Yes,No,No,No,No,No,10 or 20 percent,65_plus,True,generative,syn_t011_h0000003,syn_t011_h0000003_r001
14000US06089010704,1,15,68,2.0,2,2,2.0,2.0,5.0,2.0,,,0,19.0,1,,,2,6.0,Reference person,"1 or more years of college credit, no degree",Male,Not in labor force,,,,,Without a disability,No,No,No,No,No,No,"70, 80, 90, or 100 percent",65_plus,True,generative,syn_t011_h0000004,syn_t011_h0000004_r001
14000US06089010704,2,17,68,2.0,2,2,2.0,2.0,,2.0,,,12,22.0,1,,,2,6.0,Housemate or roommate,Master's degree,Male,Not in labor force,,,,,Without a disability,No,No,No,No,No,No,,65_plus,True,generative,syn_t011_h0000004,syn_t011_h0000004_r002
14000US06089010704,3,14,73,2.0,2,2,1.0,2.0,,2.0,,,13,22.0,2,,,1,6.0,Unmarried partner,Master's degree,Female,Not in labor force,,,,,With a disability,No,No,No,No,Yes,No,,65_plus,True,generative,syn_t011_h0000004,syn_t011_h0000004_r003
14000US06089010704,1,48,51,2.0,2,2,1.0,2.0,,1.0,,,0,19.0,1,40.0,1.0,1,2.0,Reference person,"1 or more years of college credit, no degree",Male,"Civilian employed, with a job but not at work",50 to 52 weeks worked during past 12 months,,,,With a disability,No,No,Yes,No,Yes,No,,35_64,True,generative,syn_t011_h0000005,syn_t011_h0000005_r001
14000US06089010704,2,52,31,2.0,2,2,2.0,2.0,,2.0,,,2,19.0,1,40.0,5.0,2,6.0,Biological son or daughter,"1 or more years of college credit, no degree",Male,Not in labor force,14 to 26 weeks worked during past 12 months,,,,Without a disability,No,No,No,No,No,No,,18_34,True,generative,syn_t011_h0000005,syn_t011_h0000005_r002
14000US06089010704,3,52,32,2.0,2,2,2.0,2.0,,2.0,15.0,1.0,11,19.0,1,76.0,1.0,2,1.0,Roomer or boarder,"1 or more years of college credit, no degree",Male,"Civilian employed, at work",50 to 52 weeks worked during past 12 months,"Car, truck, or van",,,Without a disability,No,No,No,No,No,No,,18_34,True,generative,syn_t011_h0000005,syn_t011_h0000005_r003
14000US06089010704,1,36,43,2.0,2,2,2.0,2.0,,2.0,20.0,1.0,0,19.0,1,50.0,1.0,2,1.0,Reference person,"1 or more years of college credit, no degree",Male,"Civilian employed, at work",50 to 52 weeks worked during past 12 months,"Car, truck, or van",,,Without a disability,No,No,No,No,No,No,,35_64,True,generative,syn_t011_h0000006,syn_t011_h0000006_r001
14000US06089010704,1,14,40,2.0,2,2,2.0,2.0,,2.0,15.0,1.0,0,20.0,2,40.0,1.0,2,1.0,Reference person,Associate's degree,Female,"Civilian employed, at work",50 to 52 weeks worked during past 12 months,"Car, truck, or van",,,Without a disability,No,No,No,No,No,No,,35_64,True,generative,syn_t011_h0000007,syn_t011_h0000007_r001
14000US06089010704,2,13,49,2.0,2,2,2.0,2.0,,2.0,5.0,1.0,1,19.0,1,40.0,1.0,2,1.0,Husband/wife,"1 or more years of college credit, no degree",Male,"Civilian employed, at work",50 to 52 weeks worked during past 12 months,"Car, truck, or van",,,Without a disability,No,No,No,No,No,No,,35_64,True,generative,syn_t011_h0000007,syn_t011_h0000007_r002
14000US06089010704,3,12,15,2.0,2,2,2.0,2.0,,2.0,,,4,12.0,1,,,2,,Stepson or stepdaughter,Grade 9,Male,,,,,,Without a disability,No,No,No,No,No,No,,0_17,False,dependent,syn_t011_h0000007,syn_t011_h0000007_r003
14000US06089010704,4,15,13,2.0,2,2,,2.0,,2.0,,,4,11.0,2,,,2,,Stepson or stepdaughter,Grade 8,Female,,,,,,Without a disability,No,No,No,No,,No,,0_17,False,dependent,syn_t011_h0000007,syn_t011_h0000007_r004
14000US06089010704,1,15,37,2.0,2,2,2.0,2.0,,2.0,10.0,1.0,0,21.0,1,35.0,1.0,2,1.0,Reference person,Bachelor's degree,Male,"Civilian employed, at work",50 to 52 weeks worked during past 12 months,"Car, truck, or van",,,Without a disability,No,No,No,No,No,No,,35_64,True,generative,syn_t011_h0000008,syn_t011_h0000008_r001
14000US06089010704,1,34,77,2.0,2,2,2.0,1.0,,2.0,,,0,18.0,1,,,1,6.0,Reference person,"Some college, but less than 1 year",Male,Not in labor force,,,,,With a disability,No,No,No,Yes,No,No,,65_plus,True,generative,syn_t011_h0000009,syn_t011_h0000009_r001
14000US06089010704,2,37,69,2.0,2,2,2.0,2.0,,2.0,,,1,21.0,2,,,2,6.0,Husband/wife,Bachelor's degree,Female,Not in labor force,,,,,Without a disability,No,No,No,No,No,No,,65_plus,True,generative,syn_t011_h0000009,syn_t011_h0000009_r002
14000US06089010704,1,35,65,2.0,1,2,2.0,2.0,,2.0,,,0,14.0,1,,,1,6.0,Reference person,Grade 11,Male,Not in labor force,,,,,With a disability,Yes,No,No,No,No,No,,65_plus,True,generative,syn_t011_h0000010,syn_t011_h0000010_r001
14000US06089010704,1,2,71,2.0,1,2,1.0,1.0,5.0,1.0,,,0,20.0,1,,,1,6.0,Reference person,Associate's degree,Male,Not in labor force,,,,,With a disability,Yes,No,Yes,Yes,Yes,No,"70, 80, 90, or 100 percent",65_plus,True,generative,syn_t011_h0000011,syn_t011_h0000011_r001
14000US06089010704,2,2,49,2.0,2,2,2.0,2.0,,1.0,,,10,16.0,1,30.0,1.0,1,2.0,Other relative,Regular high school diploma,Male,"Civilian employed, with a job but not at work",50 to 52 weeks worked during past 12 months,,,,With a disability,No,No,Yes,No,No,No,,35_64,True,generative,syn_t011_h0000011,syn_t011_h0000011_r002
14000US06089010704,3,3,45,2.0,2,1,2.0,2.0,,2.0,,,15,19.0,1,,,1,6.0,Other nonrelative,"1 or more years of college credit, no degree",Male,Not in labor force,,,,,With a disability,No,Yes,No,No,No,No,,35_64,True,generative,syn_t011_h0000011,syn_t011_h0000011_r003
14000US06089010704,1,24,38,2.0,2,2,2.0,2.0,,2.0,15.0,1.0,0,19.0,1,30.0,1.0,2,1.0,Reference person,"1 or more years of college credit, no degree",Male,"Civilian employed, at work",50 to 52 weeks worked during past 12 months,"Car, truck, or van",,,Without a disability,No,No,No,No,No,No,,35_64,True,generative,syn_t011_h0000012,syn_t011_h0000012_r001
14000US06089010704,1,11,80,2.0,1,2,2.0,2.0,,2.0,,,0,16.0,1,,,1,6.0,Reference person,Regular high school diploma,Male,Not in labor force,,,,,With a disability,Yes,No,No,No,No,No,,65_plus,True,generative,syn_t011_h0000013,syn_t011_h0000013_r001
14000US06089010704,1,57,35,2.0,2,2,2.0,2.0,,2.0,20.0,1.0,0,20.0,1,40.0,1.0,2,1.0,Reference person,Associate's degree,Male,"Civilian employed, at work",50 to 52 weeks worked during past 12 months,"Car, truck, or van",,,Without a disability,No,No,No,No,No,No,,35_64,True,generative,syn_t011_h0000014,syn_t011_h0000014_r001
14000US06089010704,2,69,35,2.0,2,2,2.0,2.0,,2.0,,,1,22.0,2,40.0,4.0,2,2.0,Husband/wife,Master's degree,Female,"Civilian employed, with a job but not at work",27 to 39 weeks worked during past 12 months,,,,Without a disability,No,No,No,No,No,No,,35_64,True,generative,syn_t011_h0000014,syn_t011_h0000014_r002
14000US06089010704,3,76,6,2.0,2,2,,2.0,,2.0,,,2,3.0,1,,,2,,Biological son or daughter,Kindergarten,Male,,,,,,Without a disability,No,No,No,No,,No,,0_17,False,dependent,syn_t011_h0000014,syn_t011_h0000014_r003
14000US06089010704,4,69,5,2.0,2,2,,2.0,,2.0,,,2,1.0,2,,,2,,Biological son or daughter,No schooling completed,Female,,,,,,Without a disability,No,No,No,No,,No,,0_17,False,dependent,syn_t011_h0000014,syn_t011_h0000014_r004
14000US06089010704,5,64,3,,2,2,,,,,,,2,1.0,2,,,2,,Biological son or daughter,No schooling completed,Female,,,,,,Without a disability,No,No,,,,,,0_17,False,dependent,syn_t011_h0000014,syn_t011_h0000014_r005
14000US06089010704,6,65,1,,2,2,,,,,,,2,,2,,,2,,Biological son or daughter,,Female,,,,,,Without a disability,No,No,,,,,,0_17,False,dependent,syn_t011_h0000014,syn_t011_h0000014_r006
14000US06089010704,1,13,56,2.0,2,2,2.0,2.0,,2.0,15.0,1.0,0,18.0,2,45.0,1.0,2,1.0,Reference person,"Some college, but less than 1 year",Female,"Civilian employed, at work",50 to 52 weeks worked during past 12 months,"Car, truck, or van",,,Without a disability,No,No,No,No,No,No,,35_64,True,generative,syn_t011_h0000015,syn_t011_h0000015_r001
14000US06089010704,2,15,20,2.0,2,2,2.0,2.0,,2.0,90.0,1.0,10,16.0,1,60.0,4.0,2,1.0,Other relative,Regular high school diploma,Male,"Civilian employed, at work",27 to 39 weeks worked during past 12 months,"Car, truck, or van",,,Without a disability,No,No,No,No,No,No,,18_34,True,generative,syn_t011_h0000015,syn_t011_h0000015_r002
14000US06089010704,1,45,38,2.0,2,2,2.0,2.0,,2.0,,,0,16.0,2,,,2,6.0,Reference person,Regular high school diploma,Female,Not in labor force,,,,,Without a disability,No,No,No,No,No,No,,35_64,True,generative,syn_t011_h0000016,syn_t011_h0000016_r001
14000US06089010704,2,43,2,,2,2,,,,,,,2,,1,,,2,,Biological son or daughter,,Male,,,,,,Without a disability,No,No,,,,,,0_17,False,dependent,syn_t011_h0000016,syn_t011_h0000016_r002
14000US06089010704,1,12,66,2.0,2,2,2.0,2.0,,2.0,10.0,1.0,0,20.0,2,40.0,1.0,2,1.0,Reference person,Associate's degree,Female,"Civilian employed, at work",50 to 52 weeks worked during past 12 months,"Car, truck, or van",,,Without a disability,No,No,No,No,No,No,,65_plus,True,generative,syn_t011_h0000017,syn_t011_h0000017_r001
14000US06089010704,2,17,18,2.0,2,2,2.0,2.0,,2.0,20.0,1.0,7,16.0,1,30.0,4.0,2,1.0,Grandchild,Regular high school diploma,Male,"Civilian employed, at work",27 to 39 weeks worked during past 12 months,"Car, truck, or van",,,Without a disability,No,No,No,No,No,No,,18_34,True,generative,syn_t011_h0000017,syn_t011_h0000017_r002
14000US06089010704,1,12,44,2.0,2,2,2.0,2.0,,2.0,,,0,16.0,2,,,2,3.0,Reference person,Regular high school diploma,Female,Unemployed,,,,,Without a disability,No,No,No,No,No,No,,35_64,True,generative,syn_t011_h0000018,syn_t011_h0000018_r001
14000US06089010704,1,38,31,2.0,2,2,2.0,2.0,,2.0,,,0,18.0,2,40.0,2.0,2,6.0,Reference person,"Some college, but less than 1 year",Female,Not in labor force,48 to 49 weeks worked during past 12 months,,,,Without a disability,No,No,No,No,No,No,,18_34,True,generative,syn_t011_h0000019,syn_t011_h0000019_r001
14000US06089010704,2,41,11,2.0,2,2,,2.0,,2.0,,,2,8.0,1,,,2,,Biological son or daughter,Grade 5,Male,,,,,,Without a disability,No,No,No,No,,No,,0_17,False,dependent,syn_t011_h0000019,syn_t011_h0000019_r002
14000US06089010704,3,39,3,,2,2,,,,,,,2,1.0,2,,,2,,Biological son or daughter,No schooling completed,Female,,,,,,Without a disability,No,No,,,,,,0_17,False,dependent,syn_t011_h0000019,syn_t011_h0000019_r003
14000US06089010704,1,15,64,2.0,2,2,2.0,2.0,,2.0,15.0,1.0,0,19.0,2,40.0,1.0,2,1.0,Reference person,"1 or more years of college credit, no degree",Female,"Civilian employed, at work",50 to 52 weeks worked during past 12 months,"Car, truck, or van",,,Without a disability,No,No,No,No,No,No,,35_64,True,generative,syn_t011_h0000020,syn_t011_h0000020_r001
14000US06089010704,2,14,4,,2,2,,,,,,,7,2.0,2,,,2,,Grandchild,"Nursery school, preschool",Female,,,,,,Without a disability,No,No,,,,,,0_17,False,dependent,syn_t011_h0000020,syn_t011_h0000020_r002
14000US06089010704,1,11,29,2.0,2,2,2.0,2.0,,2.0,20.0,1.0,0,16.0,1,40.0,6.0,2,1.0,Reference person,Regular high school diploma,Male,"Civilian employed, at work",less than 14 weeks worked during past 12 months,"Car, truck, or van",,,Without a disability,No,No,No,No,No,No,,18_34,True,generative,syn_t011_h0000021,syn_t011_h0000021_r001
14000US06089010704,2,16,5,2.0,2,2,,2.0,,2.0,,,2,1.0,2,,,2,,Biological son or daughter,No schooling completed,Female,,,,,,Without a disability,No,No,No,No,,No,,0_17,False,dependent,syn_t011_h0000021,syn_t011_h0000021_r002
14000US06089010704,3,16,1,,2,2,,,,,,,2,,2,,,2,,Biological son or daughter,,Female,,,,,,Without a disability,No,No,,,,,,0_17,False,dependent,syn_t011_h0000021,syn_t011_h0000021_r003
14000US06089010704,4,16,0,,2,2,,,,,,,2,,2,,,2,,Biological son or daughter,,Female,,,,,,Without a disability,No,No,,,,,,0_17,False,dependent,syn_t011_h0000021,syn_t011_h0000021_r004
14000US06089010704,5,16,24,2.0,2,2,2.0,2.0,,2.0,,,13,16.0,2,40.0,4.0,2,6.0,Unmarried partner,Regular high school diploma,Female,Not in labor force,27 to 39 weeks worked during past 12 months,,,,Without a disability,No,No,No,No,No,No,,18_34,True,generative,syn_t011_h0000021,syn_t011_h0000021_r005
14000US06089010704,1,61,57,2.0,2,2,2.0,2.0,,2.0,141.0,1.0,0,19.0,1,40.0,1.0,2,1.0,Reference person,"1 or more years of college credit, no degree",Male,"Civilian employed, at work",50 to 52 weeks worked during past 12 months,"Car, truck, or van",,,Without a disability,No,No,No,No,No,No,,35_64,True,generative,syn_t011_h0000022,syn_t011_h0000022_r001
14000US06089010704,2,60,63,2.0,1,2,2.0,1.0,,1.0,,,1,19.0,2,,,1,6.0,Husband/wife,"1 or more years of college credit, no degree",Female,Not in labor force,,,,,With a disability,Yes,No,Yes,Yes,No,No,,35_64,True,generative,syn_t011_h0000022,syn_t011_h0000022_r002
14000US06089010704,1,68,54,2.0,2,1,1.0,2.0,,1.0,,,0,18.0,1,,,1,6.0,Reference person,"Some college, but less than 1 year",Male,Not in labor force,,,,,With a disability,No,Yes,Yes,No,Yes,No,,35_64,True,generative,syn_t011_h0000023,syn_t011_h0000023_r001
14000US06089010704,1,20,64,1.0,2,1,1.0,1.0,,2.0,,,0,18.0,1,,,1,6.0,Reference person,"Some college, but less than 1 year",Male,Not in labor force,,,,,With a disability,No,Yes,No,Yes,Yes,Yes,,35_64,True,generative,syn_t011_h0000024,syn_t011_h0000024_r001
14000US06089010704,1,61,44,2.0,1,2,2.0,1.0,,2.0,,,0,16.0,2,,,1,6.0,Reference person,Regular high school diploma,Female,Not in labor force,,,,,With a disability,Yes,No,No,Yes,No,No,,35_64,True,generative,syn_t011_h0000025,syn_t011_h0000025_r001
14000US06089010704,2,36,51,1.0,2,2,1.0,1.0,,2.0,,,1,11.0,1,,,1,6.0,Husband/wife,Grade 8,Male,Not in labor force,,,,,With a disability,No,No,No,Yes,Yes,Yes,,35_64,True,generative,syn_t011_h0000025,syn_t011_h0000025_r002
14000US06089010704,1,17,65,2.0,2,2,2.0,1.0,,2.0,60.0,1.0,0,16.0,2,25.0,1.0,1,1.0,Reference person,Regular high school diploma,Female,"Civilian employed, at work",50 to 52 weeks worked during past 12 months,"Car, truck, or van",,,With a disability,No,No,No,Yes,No,No,,65_plus,True,generative,syn_t011_h0000026,syn_t011_h0000026_r001
14000US06089010803,1,15,47,2.0,2,2,2.0,2.0,,2.0,12.0,1.0,0,20.0,1,40.0,1.0,2,1.0,Reference person,Associate's degree,Male,"Civilian employed, at work",50 to 52 weeks worked during past 12 months,"Car, truck, or van",,,Without a disability,No,No,No,No,No,No,,35_64,True,generative,syn_t012_h0000001,syn_t012_h0000001_r001
14000US06089010803,2,14,48,2.0,2,2,1.0,1.0,,2.0,,,1,19.0,2,40.0,1.0,1,2.0,Husband/wife,"1 or more years of college credit, no degree",Female,"Civilian employed, with a job but not at work",50 to 52 weeks worked during past 12 months,,,,With a disability,No,No,No,Yes,Yes,No,,35_64,True,generative,syn_t012_h0000001,syn_t012_h0000001_r002
14000US06089010803,1,46,38,2.0,2,2,2.0,2.0,,1.0,,,0,18.0,2,,,1,6.0,Reference person,"Some college, but less than 1 year",Female,Not in labor force,,,,,With a disability,No,No,Yes,No,No,No,,35_64,True,generative,syn_t012_h0000002,syn_t012_h0000002_r001
14000US06089010803,2,67,15,2.0,2,2,2.0,2.0,,2.0,,,2,12.0,2,,,2,,Biological son or daughter,Grade 9,Female,,,,,,Without a disability,No,No,No,No,No,No,,0_17,False,dependent,syn_t012_h0000002,syn_t012_h0000002_r002
14000US06089010803,1,38,76,2.0,1,1,2.0,2.0,,2.0,,,0,14.0,2,,,1,6.0,Reference person,Grade 11,Female,Not in labor force,,,,,With a disability,Yes,Yes,No,No,No,No,,65_plus,True,generative,syn_t012_h0000003,syn_t012_h0000003_r001
14000US06089010803,2,71,35,2.0,2,2,2.0,2.0,,2.0,20.0,1.0,7,19.0,1,40.0,1.0,2,1.0,Grandchild,"1 or more years of college credit, no degree",Male,"Civilian employed, at work",50 to 52 weeks worked during past 12 months,"Car, truck, or van",,,Without a disability,No,No,No,No,No,No,,35_64,True,generative,syn_t012_h0000003,syn_t012_h0000003_r002
14000US06089010803,3,75,35,2.0,1,2,2.0,2.0,,2.0,,,7,20.0,2,,,1,6.0,Grandchild,Associate's degree,Female,Not in labor force,,,,,With a disability,Yes,No,No,No,No,No,,35_64,True,generative,syn_t012_h0000003,syn_t012_h0000003_r003
14000US06089010803,1,18,78,2.0,2,2,2.0,2.0,,2.0,,,0,15.0,2,,,2,6.0,Reference person,12th grade - no diploma,Female,Not in labor force,,,,,Without a disability,No,No,No,No,No,No,,65_plus,True,generative,syn_t012_h0000004,syn_t012_h0000004_r001
14000US06089010803,2,30,47,2.0,2,2,2.0,2.0,,2.0,15.0,7.0,2,14.0,2,20.0,2.0,2,1.0,Biological son or daughter,Grade 11,Female,"Civilian employed, at work",48 to 49 weeks worked during past 12 months,Taxicab,,,Without a disability,No,No,No,No,No,No,,35_64,True,generative,syn_t012_h0000004,syn_t012_h0000004_r002
14000US06089010803,1,15,59,2.0,2,2,2.0,2.0,,2.0,10.0,1.0,0,19.0,2,40.0,3.0,2,1.0,Reference person,"1 or more years of college credit, no degree",Female,"Civilian employed, at work",40 to 47 weeks worked during past 12 months,"Car, truck, or van",,,Without a disability,No,No,No,No,No,No,,35_64,True,generative,syn_t012_h0000005,syn_t012_h0000005_r001
14000US06089010803,2,14,68,2.0,2,2,2.0,2.0,,2.0,,,1,19.0,1,50.0,6.0,2,6.0,Husband/wife,"1 or more years of college credit, no degree",Male,Not in labor force,less than 14 weeks worked during past 12 months,,,,Without a disability,No,No,No,No,No,No,,65_plus,True,generative,syn_t012_h0000005,syn_t012_h0000005_r002
14000US06089010803,3,18,28,2.0,2,2,2.0,2.0,,2.0,1.0,1.0,2,21.0,1,40.0,1.0,2,1.0,Biological son or daughter,Bachelor's degree,Male,"Civilian employed, at work",50 to 52 weeks worked during past 12 months,"Car, truck, or van",,,Without a disability,No,No,No,No,No,No,,18_34,True,generative,syn_t012_h0000005,syn_t012_h0000005_r003
14000US06089010803,4,19,27,2.0,2,2,1.0,2.0,,2.0,,,9,19.0,2,10.0,5.0,1,2.0,Son-in-law or daughter-in-law,"1 or more years of college credit, no degree",Female,"Civilian employed, with a job but not at work",14 to 26 weeks worked during past 12 months,,,,With a disability,No,No,No,No,Yes,No,,18_34,True,generative,syn_t012_h0000005,syn_t012_h0000005_r004
14000US06089010803,1,4,71,2.0,2,2,2.0,2.0,,2.0,20.0,1.0,0,22.0,1,20.0,5.0,2,1.0,Reference person,Master's degree,Male,"Civilian employed, at work",14 to 26 weeks worked during past 12 months,"Car, truck, or van",,,Without a disability,No,No,No,No,No,No,,65_plus,True,generative,syn_t012_h0000006,syn_t012_h0000006_r001
14000US06089010803,2,3,64,2.0,2,2,2.0,2.0,,2.0,,,1,22.0,2,,,2,6.0,Husband/wife,Master's degree,Female,Not in labor force,,,,,Without a disability,No,No,No,No,No,No,,35_64,True,generative,syn_t012_h0000006,syn_t012_h0000006_r002
14000US06089010803,1,37,49,2.0,1,1,2.0,1.0,,1.0,,,0,19.0,2,,,1,6.0,Reference person,"1 or more years of college credit, no degree",Female,Not in labor force,,,,,With a disability,Yes,Yes,Yes,Yes,No,No,,35_64,True,generative,syn_t012_h0000007,syn_t012_h0000007_r001
14000US06089010803,2,23,19,2.0,2,2,2.0,2.0,,2.0,,,2,14.0,1,,,2,6.0,Biological son or daughter,Grade 11,Male,Not in labor force,,,,,Without a disability,No,No,No,No,No,No,,18_34,True,generative,syn_t012_h0000007,syn_t012_h0000007_r002
14000US06089010803,3,36,2,,2,2,,,,,,,7,,2,,,2,,Grandchild,,Female,,,,,,Without a disability,No,No,,,,,,0_17,False,dependent,syn_t012_h0000007,syn_t012_h0000007_r003
14000US06089010803,4,47,19,2.0,2,2,2.0,2.0,,2.0,25.0,10.0,9,16.0,2,30.0,6.0,2,1.0,Son-in-law or daughter-in-law,Regular high school diploma,Female,"Civilian employed, at work",less than 14 weeks worked during past 12 months,Walked,,,Without a disability,No,No,No,No,No,No,,18_34,True,generative,syn_t012_h0000007,syn_t012_h0000007_r004
14000US06089010803,1,69,33,2.0,2,2,2.0,2.0,,2.0,20.0,12.0,0,16.0,1,40.0,1.0,2,1.0,Reference person,Regular high school diploma,Male,"Civilian employed, at work",50 to 52 weeks worked during past 12 months,Other method,,,Without a disability,No,No,No,No,No,No,,18_34,True,generative,syn_t012_h0000008,syn_t012_h0000008_r001
14000US06089010803,1,16,34,2.0,2,2,2.0,2.0,,2.0,20.0,1.0,0,18.0,2,36.0,1.0,2,1.0,Reference person,"Some college, but less than 1 year",Female,"Civilian employed, at work",50 to 52 weeks worked during past 12 months,"Car, truck, or van",,,Without a disability,No,No,No,No,No,No,,18_34,True,generative,syn_t012_h0000009,syn_t012_h0000009_r001
14000US06089010803,2,18,15,2.0,2,2,2.0,2.0,,2.0,,,2,11.0,2,,,2,,Biological son or daughter,Grade 8,Female,,,,,,Without a disability,No,No,No,No,No,No,,0_17,False,dependent,syn_t012_h0000009,syn_t012_h0000009_r002
14000US06089010803,3,18,8,2.0,2,2,,2.0,,2.0,,,2,5.0,2,,,2,,Biological son or daughter,Grade 2,Female,,,,,,Without a disability,No,No,No,No,,No,,0_17,False,dependent,syn_t012_h0000009,syn_t012_h0000009_r003
14000US06089010803,4,17,3,,2,2,,,,,,,2,1.0,2,,,2,,Biological son or daughter,No schooling completed,Female,,,,,,Without a disability,No,No,,,,,,0_17,False,dependent,syn_t012_h0000009,syn_t012_h0000009_r004
14000US06089010803,5,15,60,1.0,1,2,1.0,1.0,,1.0,,,6,16.0,2,,,1,6.0,Father or mother,Regular high school diploma,Female,Not in labor force,,,,,With a disability,Yes,No,Yes,Yes,Yes,Yes,,35_64,True,generative,syn_t012_h0000009,syn_t012_h0000009_r005
14000US06089010803,1,14,35,2.0,2,2,2.0,2.0,,2.0,12.0,1.0,0,22.0,1,40.0,1.0,2,1.0,Reference person,Master's degree,Male,"Civilian employed, at work",50 to 52 weeks worked during past 12 months,"Car, truck, or van",,,Without a disability,No,No,No,No,No,No,,35_64,True,generative,syn_t012_h0000010,syn_t012_h0000010_r001
14000US06089010803,1,4,64,2.0,2,2,2.0,2.0,,2.0,,11.0,0,18.0,2,8.0,5.0,2,1.0,Reference person,"Some college, but less than 1 year",Female,"Civilian employed, at work",14 to 26 weeks worked during past 12 months,Worked at home,,,Without a disability,No,No,No,No,No,No,,35_64,True,generative,syn_t012_h0000011,syn_t012_h0000011_r001
14000US06089010803,2,4,74,2.0,2,1,2.0,2.0,,2.0,,,1,19.0,1,,,1,6.0,Husband/wife,"1 or more years of college credit, no degree",Male,Not in labor force,,,,,With a disability,No,Yes,No,No,No,No,,65_plus,True,generative,syn_t012_h0000011,syn_t012_h0000011_r002
14000US06089010803,1,62,34,2.0,2,2,2.0,2.0,,2.0,,,0,16.0,1,,,2,6.0,Reference person,Regular high school diploma,Male,Not in labor force,,,,,Without a disability,No,No,No,No,No,No,,18_34,True,generative,syn_t012_h0000012,syn_t012_h0000012_r001
14000US06089010803,2,77,27,2.0,2,2,2.0,2.0,,2.0,10.0,1.0,1,19.0,2,45.0,1.0,2,1.0,Husband/wife,"1 or more years of college credit, no degree",Female,"Civilian employed, at work",50 to 52 weeks worked during past 12 months,"Car, truck, or van",,,Without a disability,No,No,No,No,No,No,,18_34,True,generative,syn_t012_h0000012,syn_t012_h0000012_r002
14000US06089010803,1,9,49,2.0,2,2,2.0,2.0,,2.0,10.0,1.0,0,16.0,1,40.0,1.0,2,1.0,Reference person,Regular high school diploma,Male,"Civilian employed, at work",50 to 52 weeks worked during past 12 months,"Car, truck, or van",,,Without a disability,No,No,No,No,No,No,,35_64,True,generative,syn_t012_h0000013,syn_t012_h0000013_r001
14000US06089010803,1,42,38,2.0,2,2,2.0,2.0,,2.0,15.0,1.0,0,16.0,2,40.0,1.0,2,1.0,Reference person,Regular high school diploma,Female,"Civilian employed, at work",50 to 52 weeks worked during past 12 months,"Car, truck, or van",,,Without a disability,No,No,No,No,No,No,,35_64,True,generative,syn_t012_h0000014,syn_t012_h0000014_r001
14000US06089010803,2,43,36,2.0,2,1,2.0,2.0,,2.0,15.0,1.0,1,20.0,1,40.0,1.0,1,1.0,Husband/wife,Associate's degree,Male,"Civilian employed, at work",50 to 52 weeks worked during past 12 months,"Car, truck, or van",,,With a disability,No,Yes,No,No,No,No,,35_64,True,generative,syn_t012_h0000014,syn_t012_h0000014_r002
14000US06089010803,3,43,10,2.0,2,2,,2.0,,2.0,,,2,6.0,1,,,2,,Biological son or daughter,Grade 3,Male,,,,,,Without a disability,No,No,No,No,,No,,0_17,False,dependent,syn_t012_h0000014,syn_t012_h0000014_r003
14000US06089010803,4,49,2,,2,2,,,,,,,2,,2,,,2,,Biological son or daughter,,Female,,,,,,Without a disability,No,No,,,,,,0_17,False,dependent,syn_t012_h0000014,syn_t012_h0000014_r004
14000US06089010803,1,14,64,2.0,2,2,2.0,2.0,,2.0,10.0,1.0,0,20.0,2,40.0,1.0,2,1.0,Reference person,Associate's degree,Female,"Civilian employed, at work",50 to 52 weeks worked during past 12 months,"Car, truck, or van",,,Without a disability,No,No,No,No,No,No,,35_64,True,generative,syn_t012_h0000015,syn_t012_h0000015_r001
14000US06089010803,1,45,38,2.0,2,2,2.0,2.0,,2.0,,,0,16.0,2,,,2,6.0,Reference person,Regular high school diploma,Female,Not in labor force,,,,,Without a disability,No,No,No,No,No,No,,35_64,True,generative,syn_t012_h0000016,syn_t012_h0000016_r001
14000US06089010803,2,43,2,,2,2,,,,,,,2,,1,,,2,,Biological son or daughter,,Male,,,,,,Without a disability,No,No,,,,,,0_17,False,dependent,syn_t012_h0000016,syn_t012_h0000016_r002
14000US06089010803,1,74,32,2.0,2,2,2.0,2.0,,2.0,20.0,1.0,0,11.0,2,25.0,1.0,2,1.0,Reference person,Grade 8,Female,"Civilian employed, at work",50 to 52 weeks worked during past 12 months,"Car, truck, or van",,,Without a disability,No,No,No,No,No,No,,18_34,True,generative,syn_t012_h0000017,syn_t012_h0000017_r001
14000US06089010803,2,79,14,2.0,2,2,,2.0,,2.0,,,2,11.0,1,,,2,,Biological son or daughter,Grade 8,Male,,,,,,Without a disability,No,No,No,No,,No,,0_17,False,dependent,syn_t012_h0000017,syn_t012_h0000017_r002
14000US06089010803,3,73,12,2.0,2,2,,2.0,,2.0,,,2,8.0,2,,,2,,Biological son or daughter,Grade 5,Female,,,,,,Without a disability,No,No,No,No,,No,,0_17,False,dependent,syn_t012_h0000017,syn_t012_h0000017_r003
14000US06089010803,1,11,65,2.0,2,2,2.0,2.0,,2.0,,11.0,0,24.0,1,48.0,1.0,2,1.0,Reference person,Doctorate degree,Male,"Civilian employed, at work",50 to 52 weeks worked during past 12 months,Worked at home,,,Without a disability,No,No,No,No,No,No,,65_plus,True,generative,syn_t012_h0000018,syn_t012_h0000018_r001
14000US06089010803,2,12,63,2.0,2,2,2.0,2.0,,2.0,,11.0,1,21.0,2,40.0,1.0,2,1.0,Husband/wife,Bachelor's degree,Female,"Civilian employed, at work",50 to 52 weeks worked during past 12 months,Worked at home,,,Without a disability,No,No,No,No,No,No,,35_64,True,generative,syn_t012_h0000018,syn_t012_h0000018_r002
14000US06089010803,1,35,48,2.0,2,2,2.0,2.0,,2.0,10.0,1.0,0,21.0,2,40.0,1.0,2,1.0,Reference person,Bachelor's degree,Female,"Civilian employed, at work",50 to 52 weeks worked during past 12 months,"Car, truck, or van",,,Without a disability,No,No,No,No,No,No,,35_64,True,generative,syn_t012_h0000019,syn_t012_h0000019_r001
14000US06089010803,2,23,50,2.0,2,2,2.0,2.0,,2.0,,,1,22.0,1,40.0,1.0,2,2.0,Husband/wife,Master's degree,Male,"Civilian employed, with a job but not at work",50 to 52 weeks worked during past 12 months,,,,Without a disability,No,No,No,No,No,No,,35_64,True,generative,syn_t012_h0000019,syn_t012_h0000019_r002
14000US06089010803,3,34,19,2.0,2,2,2.0,2.0,,2.0,,,2,19.0,2,,,2,3.0,Biological son or daughter,"1 or more years of college credit, no degree",Female,Unemployed,,,,,Without a disability,No,No,No,No,No,No,,18_34,True,generative,syn_t012_h0000019,syn_t012_h0000019_r003
14000US06089010803,4,24,16,2.0,2,2,2.0,2.0,,2.0,,,2,13.0,1,,,2,6.0,Biological son or daughter,Grade 10,Male,Not in labor force,,,,,Without a disability,No,No,No,No,No,No,,0_17,False,dependent,syn_t012_h0000019,syn_t012_h0000019_r004
14000US06089010803,1,16,66,2.0,2,2,2.0,2.0,,2.0,15.0,1.0,0,23.0,1,60.0,1.0,2,1.0,Reference person,Professional degree beyond a bachelor's degree,Male,"Civilian employed, at work",50 to 52 weeks worked during past 12 months,"Car, truck, or van",,,Without a disability,No,No,No,No,No,No,,65_plus,True,generative,syn_t012_h0000020,syn_t012_h0000020_r001
14000US06089010803,2,14,63,2.0,2,2,2.0,2.0,,2.0,,,1,19.0,2,,,2,6.0,Husband/wife,"1 or more years of college credit, no degree",Female,Not in labor force,,,,,Without a disability,No,No,No,No,No,No,,35_64,True,generative,syn_t012_h0000020,syn_t012_h0000020_r002
14000US06089010803,3,24,15,2.0,2,2,2.0,2.0,,2.0,,,7,11.0,1,,,2,,Grandchild,Grade 8,Male,,,,,,Without a disability,No,No,No,No,No,No,,0_17,False,dependent,syn_t012_h0000020,syn_t012_h0000020_r003
14000US06089010803,1,14,59,2.0,2,2,2.0,2.0,,2.0,,,0,17.0,1,,,2,6.0,Reference person,GED or alternative credential,Male,Not in labor force,,,,,Without a disability,No,No,No,No,No,No,,35_64,True,generative,syn_t012_h0000021,syn_t012_h0000021_r001
14000US06089010803,1,19,26,2.0,2,2,1.0,1.0,,2.0,,,0,16.0,2,,,1,6.0,Reference person,Regular high school diploma,Female,Not in labor force,,,,,With a disability,No,No,No,Yes,Yes,No,,18_34,True,generative,syn_t012_h0000022,syn_t012_h0000022_r001
14000US06089010803,2,17,32,2.0,2,2,1.0,2.0,,1.0,,,1,19.0,1,,,1,6.0,Husband/wife,"1 or more years of college credit, no degree",Male,Not in labor force,,,,,With a disability,No,No,Yes,No,Yes,No,,18_34,True,generative,syn_t012_h0000022,syn_t012_h0000022_r002
14000US06089010803,3,17,7,2.0,2,2,,2.0,,1.0,,,2,3.0,1,,,1,,Biological son or daughter,Kindergarten,Male,,,,,,With a disability,No,No,Yes,No,,No,,0_17,False,dependent,syn_t012_h0000022,syn_t012_h0000022_r003
14000US06089010803,4,20,0,,2,2,,,,,,,2,,2,,,2,,Biological son or daughter,,Female,,,,,,Without a disability,No,No,,,,,,0_17,False,dependent,syn_t012_h0000022,syn_t012_h0000022_r004
14000US06089010803,5,16,7,2.0,2,2,,2.0,,2.0,,,4,3.0,2,,,2,,Stepson or stepdaughter,Kindergarten,Female,,,,,,Without a disability,No,No,No,No,,No,,0_17,False,dependent,syn_t012_h0000022,syn_t012_h0000022_r005
14000US06089010803,1,41,28,2.0,2,2,2.0,2.0,,2.0,15.0,1.0,0,19.0,1,55.0,1.0,2,1.0,Reference person,"1 or more years of college credit, no degree",Male,"Civilian employed, at work",50 to 52 weeks worked during past 12 months,"Car, truck, or van",,,Without a disability,No,No,No,No,No,No,,18_34,True,generative,syn_t012_h0000023,syn_t012_h0000023_r001
14000US06089010803,2,46,59,2.0,2,2,2.0,2.0,,2.0,,,6,16.0,2,,,2,6.0,Father or mother,Regular high school diploma,Female,Not in labor force,,,,,Without a disability,No,No,No,No,No,No,,35_64,True,generative,syn_t012_h0000023,syn_t012_h0000023_r002
14000US06089010803,3,46,56,2.0,2,2,2.0,2.0,,2.0,70.0,1.0,6,16.0,1,55.0,1.0,2,1.0,Father or mother,Regular high school diploma,Male,"Civilian employed, at work",50 to 52 weeks worked during past 12 months,"Car, truck, or van",,,Without a disability,No,No,No,No,No,No,,35_64,True,generative,syn_t012_h0000023,syn_t012_h0000023_r003
14000US06089010803,1,27,35,2.0,2,2,2.0,2.0,,2.0,5.0,1.0,0,21.0,2,35.0,2.0,2,1.0,Reference person,Bachelor's degree,Female,"Civilian employed, at work",48 to 49 weeks worked during past 12 months,"Car, truck, or van",,,Without a disability,No,No,No,No,No,No,,35_64,True,generative,syn_t012_h0000024,syn_t012_h0000024_r001
14000US06089010803,2,22,47,2.0,2,2,2.0,2.0,,2.0,7.0,1.0,12,9.0,2,32.0,1.0,2,1.0,Housemate or roommate,Grade 6,Female,"Civilian employed, at work",50 to 52 weeks worked during past 12 months,"Car, truck, or van",,,Without a disability,No,No,No,No,No,No,,35_64,True,generative,syn_t012_h0000024,syn_t012_h0000024_r002
14000US06089010803,1,13,67,2.0,2,2,2.0,2.0,,2.0,,,0,18.0,1,45.0,1.0,2,6.0,Reference person,"Some college, but less than 1 year",Male,Not in labor force,50 to 52 weeks worked during past 12 months,,,,Without a disability,No,No,No,No,No,No,,65_plus,True,generative,syn_t012_h0000025,syn_t012_h0000025_r001
14000US06089010803,2,13,66,2.0,2,2,2.0,1.0,,2.0,,,1,10.0,1,,,1,6.0,Husband/wife,Grade 7,Male,Not in labor force,,,,,With a disability,No,No,No,Yes,No,No,,65_plus,True,generative,syn_t012_h0000025,syn_t012_h0000025_r002
14000US06089010803,3,21,27,2.0,2,2,2.0,2.0,,2.0,30.0,2.0,2,22.0,2,40.0,1.0,2,1.0,Biological son or daughter,Master's degree,Female,"Civilian employed, at work",50 to 52 weeks worked during past 12 months,Bus or trolley bus,,,Without a disability,No,No,No,No,No,No,,18_34,True,generative,syn_t012_h0000025,syn_t012_h0000025_r003
14000US06089010803,1,43,27,2.0,2,2,2.0,2.0,,2.0,5.0,1.0,0,19.0,1,37.0,1.0,2,1.0,Reference person,"1 or more years of college credit, no degree",Male,"Civilian employed, at work",50 to 52 weeks worked during past 12 months,"Car, truck, or van",,,Without a disability,No,No,No,No,No,No,,18_34,True,generative,syn_t012_h0000026,syn_t012_h0000026_r001
14000US06089010803,2,18,24,2.0,2,2,2.0,2.0,,2.0,,,13,18.0,1,20.0,5.0,2,3.0,Unmarried partner,"Some college, but less than 1 year",Male,Unemployed,14 to 26 weeks worked during past 12 months,,,,Without a disability,No,No,No,No,No,No,,18_34,True,generative,syn_t012_h0000026,syn_t012_h0000026_r002
14000US06089010803,1,19,80,2.0,2,2,2.0,2.0,,2.0,,,0,22.0,1,,,2,6.0,Reference person,Master's degree,Male,Not in labor force,,,,,Without a disability,No,No,No,No,No,No,,65_plus,True,generative,syn_t012_h0000027,syn_t012_h0000027_r001
14000US06089010803,2,19,74,2.0,2,2,2.0,2.0,,2.0,,,1,22.0,2,,,2,6.0,Husband/wife,Master's degree,Female,Not in labor force,,,,,Without a disability,No,No,No,No,No,No,,65_plus,True,generative,syn_t012_h0000027,syn_t012_h0000027_r002
14000US06089010803,1,12,53,2.0,2,2,2.0,2.0,,2.0,,,0,20.0,1,20.0,5.0,2,6.0,Reference person,Associate's degree,Male,Not in labor force,14 to 26 weeks worked during past 12 months,,,,Without a disability,No,No,No,No,No,No,,35_64,True,generative,syn_t012_h0000028,syn_t012_h0000028_r001
14000US06089010803,2,12,52,1.0,2,2,1.0,1.0,,1.0,,,1,19.0,2,40.0,6.0,1,6.0,Husband/wife,"1 or more years of college credit, no degree",Female,Not in labor force,less than 14 weeks worked during past 12 months,,,,With a disability,No,No,Yes,Yes,Yes,Yes,,35_64,True,generative,syn_t012_h0000028,syn_t012_h0000028_r002
14000US06089010803,3,18,22,2.0,2,2,2.0,2.0,,2.0,15.0,1.0,2,19.0,1,15.0,1.0,2,1.0,Biological son or daughter,"1 or more years of college credit, no degree",Male,"Civilian employed, at work",50 to 52 weeks worked during past 12 months,"Car, truck, or van",,,Without a disability,No,No,No,No,No,No,,18_34,True,generative,syn_t012_h0000028,syn_t012_h0000028_r003
14000US06089010803,1,11,54,2.0,2,2,2.0,2.0,2.0,2.0,,,0,23.0,1,,,2,3.0,Reference person,Professional degree beyond a bachelor's degree,Male,Unemployed,,,,,Without a disability,No,No,No,No,No,No,10 or 20 percent,35_64,True,generative,syn_t012_h0000029,syn_t012_h0000029_r001
14000US06089010803,1,9,56,2.0,2,2,2.0,2.0,,2.0,30.0,1.0,0,19.0,1,75.0,1.0,2,1.0,Reference person,"1 or more years of college credit, no degree",Male,"Civilian employed, at work",50 to 52 weeks worked during past 12 months,"Car, truck, or van",,,Without a disability,No,No,No,No,No,No,,35_64,True,generative,syn_t012_h0000030,syn_t012_h0000030_r001
14000US06089010803,2,8,55,2.0,2,2,2.0,2.0,,2.0,32.0,1.0,1,16.0,2,45.0,1.0,2,1.0,Husband/wife,Regular high school diploma,Female,"Civilian employed, at work",50 to 52 weeks worked during past 12 months,"Car, truck, or van",,,Without a disability,No,No,No,No,No,No,,35_64,True,generative,syn_t012_h0000030,syn_t012_h0000030_r002
14000US06089010803,1,11,51,2.0,2,2,2.0,2.0,,2.0,10.0,1.0,0,20.0,1,60.0,1.0,2,1.0,Reference person,Associate's degree,Male,"Civilian employed, at work",50 to 52 weeks worked during past 12 months,"Car, truck, or van",,,Without a disability,No,No,No,No,No,No,,35_64,True,generative,syn_t012_h0000031,syn_t012_h0000031_r001
14000US06089010803,2,13,41,2.0,2,2,2.0,2.0,,2.0,15.0,1.0,1,19.0,2,40.0,1.0,2,1.0,Husband/wife,"1 or more years of college credit, no degree",Female,"Civilian employed, at work",50 to 52 weeks worked during past 12 months,"Car, truck, or van",,,Without a disability,No,No,No,No,No,No,,35_64,True,generative,syn_t012_h0000031,syn_t012_h0000031_r002
14000US06089010803,3,16,23,2.0,2,2,2.0,2.0,,2.0,10.0,1.0,2,19.0,2,30.0,1.0,2,1.0,Biological son or daughter,"1 or more years of college credit, no degree",Female,"Civilian employed, at work",50 to 52 weeks worked during past 12 months,"Car, truck, or van",,,Without a disability,No,No,No,No,No,No,,18_34,True,generative,syn_t012_h0000031,syn_t012_h0000031_r003
14000US06089010803,4,24,25,2.0,2,2,2.0,2.0,,2.0,10.0,1.0,4,19.0,1,35.0,1.0,2,1.0,Stepson or stepdaughter,"1 or more years of college credit, no degree",Male,"Civilian employed, at work",50 to 52 weeks worked during past 12 months,"Car, truck, or van",,,Without a disability,No,No,No,No,No,No,,18_34,True,generative,syn_t012_h0000031,syn_t012_h0000031_r004
14000US06089010803,1,50,46,1.0,1,1,1.0,1.0,,2.0,,,0,19.0,1,,,1,6.0,Reference person,"1 or more years of college credit, no degree",Male,Not in labor force,,,,,With a disability,Yes,Yes,No,Yes,Yes,Yes,,35_64,True,generative,syn_t012_h0000032,syn_t012_h0000032_r001
14000US06089010803,2,57,27,2.0,2,2,2.0,2.0,,2.0,8.0,1.0,1,16.0,2,32.0,1.0,2,1.0,Husband/wife,Regular high school diploma,Female,"Civilian employed, at work",50 to 52 weeks worked during past 12 months,"Car, truck, or van",,,Without a disability,No,No,No,No,No,No,,18_34,True,generative,syn_t012_h0000032,syn_t012_h0000032_r002
14000US06089010803,3,58,8,2.0,2,2,,2.0,,2.0,,,2,5.0,2,,,2,,Biological son or daughter,Grade 2,Female,,,,,,Without a disability,No,No,No,No,,No,,0_17,False,dependent,syn_t012_h0000032,syn_t012_h0000032_r003
14000US06089010803,4,63,6,2.0,2,2,,2.0,,2.0,,,2,3.0,1,,,2,,Biological son or daughter,Kindergarten,Male,,,,,,Without a disability,No,No,No,No,,No,,0_17,False,dependent,syn_t012_h0000032,syn_t012_h0000032_r004
14000US06089010803,5,66,1,,2,2,,,,,,,2,,1,,,2,,Biological son or daughter,,Male,,,,,,Without a disability,No,No,,,,,,0_17,False,dependent,syn_t012_h0000032,syn_t012_h0000032_r005
14000US06089010803,6,62,6,2.0,2,2,,2.0,,2.0,,,3,3.0,1,,,2,,Adopted son or daughter,Kindergarten,Male,,,,,,Without a disability,No,No,No,No,,No,,0_17,False,dependent,syn_t012_h0000032,syn_t012_h0000032_r006
14000US06089010803,1,15,30,2.0,2,2,2.0,2.0,,2.0,141.0,1.0,0,20.0,1,60.0,1.0,2,1.0,Reference person,Associate's degree,Male,"Civilian employed, at work",50 to 52 weeks worked during past 12 months,"Car, truck, or van",,,Without a disability,No,No,No,No,No,No,,18_34,True,generative,syn_t012_h0000033,syn_t012_h0000033_r001
14000US06089010803,2,11,33,2.0,2,2,2.0,2.0,,2.0,,,1,21.0,2,40.0,1.0,2,2.0,Husband/wife,Bachelor's degree,Female,"Civilian employed, with a job but not at work",50 to 52 weeks worked during past 12 months,,,,Without a disability,No,No,No,No,No,No,,18_34,True,generative,syn_t012_h0000033,syn_t012_h0000033_r002
14000US06089010803,3,15,0,,2,2,,,,,,,2,,1,,,2,,Biological son or daughter,,Male,,,,,,Without a disability,No,No,,,,,,0_17,False,dependent,syn_t012_h0000033,syn_t012_h0000033_r003
14000US06089010804,1,12,68,2.0,2,2,2.0,2.0,,2.0,,,0,21.0,1,,,2,6.0,Reference person,Bachelor's degree,Male,Not in labor force,,,,,Without a disability,No,No,No,No,No,No,,65_plus,True,generative,syn_t013_h0000001,syn_t013_h0000001_r001
14000US06089010804,1,12,49,2.0,2,2,2.0,2.0,,2.0,15.0,1.0,0,21.0,1,40.0,1.0,2,1.0,Reference person,Bachelor's degree,Male,"Civilian employed, at work",50 to 52 weeks worked during past 12 months,"Car, truck, or van",,,Without a disability,No,No,No,No,No,No,,35_64,True,generative,syn_t013_h0000002,syn_t013_h0000002_r001
14000US06089010804,2,19,49,2.0,2,2,2.0,2.0,,2.0,20.0,1.0,12,21.0,1,40.0,1.0,2,1.0,Housemate or roommate,Bachelor's degree,Male,"Civilian employed, at work",50 to 52 weeks worked during past 12 months,"Car, truck, or van",,,Without a disability,No,No,No,No,No,No,,35_64,True,generative,syn_t013_h0000002,syn_t013_h0000002_r002
14000US06089010804,1,35,71,2.0,2,2,2.0,2.0,,2.0,,,0,18.0,1,,,2,6.0,Reference person,"Some college, but less than 1 year",Male,Not in labor force,,,,,Without a disability,No,No,No,No,No,No,,65_plus,True,generative,syn_t013_h0000003,syn_t013_h0000003_r001
14000US06089010804,2,37,71,2.0,2,2,2.0,2.0,,2.0,,,1,20.0,2,,,2,6.0,Husband/wife,Associate's degree,Female,Not in labor force,,,,,Without a disability,No,No,No,No,No,No,,65_plus,True,generative,syn_t013_h0000003,syn_t013_h0000003_r002
14000US06089010804,1,50,38,2.0,2,2,1.0,1.0,,2.0,15.0,1.0,0,18.0,2,40.0,1.0,1,1.0,Reference person,"Some college, but less than 1 year",Female,"Civilian employed, at work",50 to 52 weeks worked during past 12 months,"Car, truck, or van",,,With a disability,No,No,No,Yes,Yes,No,,35_64,True,generative,syn_t013_h0000004,syn_t013_h0000004_r001
14000US06089010804,2,59,18,2.0,2,2,1.0,2.0,,2.0,15.0,1.0,2,19.0,2,40.0,1.0,1,1.0,Biological son or daughter,"1 or more years of college credit, no degree",Female,"Civilian employed, at work",50 to 52 weeks worked during past 12 months,"Car, truck, or van",,,With a disability,No,No,No,No,Yes,No,,18_34,True,generative,syn_t013_h0000004,syn_t013_h0000004_r002
14000US06089010804,3,77,12,2.0,2,2,,2.0,,2.0,,,5,9.0,2,,,2,,Brother or sister,Grade 6,Female,,,,,,Without a disability,No,No,No,No,,No,,0_17,False,dependent,syn_t013_h0000004,syn_t013_h0000004_r003
14000US06089010804,1,17,76,2.0,2,2,2.0,2.0,,2.0,17.0,1.0,0,18.0,1,50.0,1.0,2,1.0,Reference person,"Some college, but less than 1 year",Male,"Civilian employed, at work",50 to 52 weeks worked during past 12 months,"Car, truck, or van",,,Without a disability,No,No,No,No,No,No,,65_plus,True,generative,syn_t013_h0000005,syn_t013_h0000005_r001
14000US06089010804,1,45,49,1.0,2,2,1.0,1.0,,1.0,,,0,14.0,1,,,1,6.0,Reference person,Grade 11,Male,Not in labor force,,,,,With a disability,No,No,Yes,Yes,Yes,Yes,,35_64,True,generative,syn_t013_h0000006,syn_t013_h0000006_r001
14000US06089010804,1,10,56,2.0,2,2,2.0,2.0,,2.0,8.0,1.0,0,18.0,2,28.0,3.0,2,1.0,Reference person,"Some college, but less than 1 year",Female,"Civilian employed, at work",40 to 47 weeks worked during past 12 months,"Car, truck, or van",,,Without a disability,No,No,No,No,No,No,,35_64,True,generative,syn_t013_h0000007,syn_t013_h0000007_r001
14000US06089010804,2,10,62,2.0,2,2,2.0,2.0,,2.0,15.0,1.0,1,20.0,1,40.0,1.0,2,1.0,Husband/wife,Associate's degree,Male,"Civilian employed, at work",50 to 52 weeks worked during past 12 months,"Car, truck, or van",,,Without a disability,No,No,No,No,No,No,,35_64,True,generative,syn_t013_h0000007,syn_t013_h0000007_r002
14000US06089010804,3,14,21,2.0,2,2,2.0,2.0,,2.0,,,2,20.0,1,35.0,4.0,2,3.0,Biological son or daughter,Associate's degree,Male,Unemployed,27 to 39 weeks worked during past 12 months,,,,Without a disability,No,No,No,No,No,No,,18_34,True,generative,syn_t013_h0000007,syn_t013_h0000007_r003
14000US06089010804,1,36,50,2.0,2,2,2.0,2.0,,2.0,20.0,1.0,0,16.0,2,5.0,1.0,2,1.0,Reference person,Regular high school diploma,Female,"Civilian employed, at work",50 to 52 weeks worked during past 12 months,"Car, truck, or van",,,Without a disability,No,No,No,No,No,No,,35_64,True,generative,syn_t013_h0000008,syn_t013_h0000008_r001
14000US06089010804,2,35,46,2.0,2,2,2.0,2.0,,2.0,5.0,1.0,1,18.0,1,50.0,1.0,2,1.0,Husband/wife,"Some college, but less than 1 year",Male,"Civilian employed, at work",50 to 52 weeks worked during past 12 months,"Car, truck, or van",,,Without a disability,No,No,No,No,No,No,,35_64,True,generative,syn_t013_h0000008,syn_t013_h0000008_r002
14000US06089010804,1,69,33,2.0,2,2,2.0,2.0,,2.0,20.0,12.0,0,16.0,1,40.0,1.0,2,1.0,Reference person,Regular high school diploma,Male,"Civilian employed, at work",50 to 52 weeks worked during past 12 months,Other method,,,Without a disability,No,No,No,No,No,No,,18_34,True,generative,syn_t013_h0000009,syn_t013_h0000009_r001
14000US06089010804,1,18,35,2.0,2,2,2.0,2.0,,2.0,20.0,1.0,0,24.0,1,47.0,1.0,2,1.0,Reference person,Doctorate degree,Male,"Civilian employed, at work",50 to 52 weeks worked during past 12 months,"Car, truck, or van",,,Without a disability,No,No,No,No,No,No,,35_64,True,generative,syn_t013_h0000010,syn_t013_h0000010_r001
14000US06089010804,2,18,35,2.0,2,2,2.0,2.0,,2.0,20.0,1.0,1,24.0,2,43.0,1.0,2,1.0,Husband/wife,Doctorate degree,Female,"Civilian employed, at work",50 to 52 weeks worked during past 12 months,"Car, truck, or van",,,Without a disability,No,No,No,No,No,No,,35_64,True,generative,syn_t013_h0000010,syn_t013_h0000010_r002
14000US06089010804,3,16,7,2.0,2,2,,2.0,,2.0,,,2,4.0,2,,,2,,Biological son or daughter,Grade 1,Female,,,,,,Without a disability,No,No,No,No,,No,,0_17,False,dependent,syn_t013_h0000010,syn_t013_h0000010_r003
14000US06089010804,1,48,41,2.0,2,2,2.0,2.0,,2.0,141.0,1.0,0,20.0,1,72.0,1.0,2,1.0,Reference person,Associate's degree,Male,"Civilian employed, at work",50 to 52 weeks worked during past 12 months,"Car, truck, or van",,,Without a disability,No,No,No,No,No,No,,35_64,True,generative,syn_t013_h0000011,syn_t013_h0000011_r001
14000US06089010804,2,43,46,2.0,2,2,2.0,2.0,,2.0,,,1,19.0,2,,,2,6.0,Husband/wife,"1 or more years of college credit, no degree",Female,Not in labor force,,,,,Without a disability,No,No,No,No,No,No,,35_64,True,generative,syn_t013_h0000011,syn_t013_h0000011_r002
14000US06089010804,3,36,15,2.0,2,2,2.0,2.0,,2.0,,,2,13.0,1,,,2,,Biological son or daughter,Grade 10,Male,,,,,,Without a disability,No,No,No,No,No,No,,0_17,False,dependent,syn_t013_h0000011,syn_t013_h0000011_r003
14000US06089010804,1,24,50,2.0,2,2,2.0,2.0,,2.0,13.0,1.0,0,19.0,2,38.0,1.0,2,1.0,Reference person,"1 or more years of college credit, no degree",Female,"Civilian employed, at work",50 to 52 weeks worked during past 12 months,"Car, truck, or van",,,Without a disability,No,No,No,No,No,No,,35_64,True,generative,syn_t013_h0000012,syn_t013_h0000012_r001
14000US06089010805,1,15,44,2.0,2,2,2.0,2.0,,2.0,,,0,22.0,2,50.0,1.0,2,2.0,Reference person,Master's degree,Female,"Civilian employed, with a job but not at work",50 to 52 weeks worked during past 12 months,,,,Without a disability,No,No,No,No,No,No,,35_64,True,generative,syn_t014_h0000001,syn_t014_h0000001_r001
14000US06089010805,2,16,17,2.0,2,2,2.0,2.0,,2.0,,,2,14.0,2,,,2,6.0,Biological son or daughter,Grade 11,Female,Not in labor force,,,,,Without a disability,No,No,No,No,No,No,,0_17,False,dependent,syn_t014_h0000001,syn_t014_h0000001_r002
14000US06089010805,3,16,12,2.0,2,2,,2.0,,2.0,,,2,8.0,1,,,2,,Biological son or daughter,Grade 5,Male,,,,,,Without a disability,No,No,No,No,,No,,0_17,False,dependent,syn_t014_h0000001,syn_t014_h0000001_r003
14000US06089010805,4,16,51,2.0,2,2,2.0,2.0,,2.0,55.0,1.0,13,14.0,1,40.0,3.0,2,1.0,Unmarried partner,Grade 11,Male,"Civilian employed, at work",40 to 47 weeks worked during past 12 months,"Car, truck, or van",,,Without a disability,No,No,No,No,No,No,,35_64,True,generative,syn_t014_h0000001,syn_t014_h0000001_r004
14000US06089010805,1,11,50,2.0,2,2,2.0,2.0,,2.0,5.0,1.0,0,16.0,1,40.0,1.0,2,1.0,Reference person,Regular high school diploma,Male,"Civilian employed, at work",50 to 52 weeks worked during past 12 months,"Car, truck, or van",,,Without a disability,No,No,No,No,No,No,,35_64,True,generative,syn_t014_h0000002,syn_t014_h0000002_r001
14000US06089010805,1,14,78,2.0,2,2,2.0,2.0,,2.0,,,0,18.0,2,,,2,6.0,Reference person,"Some college, but less than 1 year",Female,Not in labor force,,,,,Without a disability,No,No,No,No,No,No,,65_plus,True,generative,syn_t014_h0000003,syn_t014_h0000003_r001
14000US06089010805,1,14,32,2.0,2,2,1.0,2.0,,2.0,,,0,19.0,2,,,1,6.0,Reference person,"1 or more years of college credit, no degree",Female,Not in labor force,,,,,With a disability,No,No,No,No,Yes,No,,18_34,True,generative,syn_t014_h0000004,syn_t014_h0000004_r001
14000US06089010805,2,15,8,2.0,2,1,,2.0,,2.0,,,2,6.0,1,,,1,,Biological son or daughter,Grade 3,Male,,,,,,With a disability,No,Yes,No,No,,No,,0_17,False,dependent,syn_t014_h0000004,syn_t014_h0000004_r002
14000US06089010805,3,13,4,,2,2,,,,,,,2,1.0,1,,,2,,Biological son or daughter,No schooling completed,Male,,,,,,Without a disability,No,No,,,,,,0_17,False,dependent,syn_t014_h0000004,syn_t014_h0000004_r003
14000US06089010805,4,13,0,,2,2,,,,,,,2,,1,,,2,,Biological son or daughter,,Male,,,,,,Without a disability,No,No,,,,,,0_17,False,dependent,syn_t014_h0000004,syn_t014_h0000004_r004
14000US06089010805,1,80,22,2.0,2,2,2.0,2.0,,2.0,30.0,1.0,0,16.0,2,40.0,1.0,2,1.0,Reference person,Regular high school diploma,Female,"Civilian employed, at work",50 to 52 weeks worked during past 12 months,"Car, truck, or van",,,Without a disability,No,No,No,No,No,No,,18_34,True,generative,syn_t014_h0000005,syn_t014_h0000005_r001
14000US06089010805,2,66,4,,2,2,,,,,,,2,1.0,1,,,2,,Biological son or daughter,No schooling completed,Male,,,,,,Without a disability,No,No,,,,,,0_17,False,dependent,syn_t014_h0000005,syn_t014_h0000005_r002
14000US06089010805,3,83,0,,2,2,,,,,,,2,,2,,,2,,Biological son or daughter,,Female,,,,,,Without a disability,No,No,,,,,,0_17,False,dependent,syn_t014_h0000005,syn_t014_h0000005_r003
14000US06089010805,4,83,29,2.0,2,2,2.0,2.0,,2.0,20.0,1.0,13,16.0,1,40.0,1.0,2,1.0,Unmarried partner,Regular high school diploma,Male,"Civilian employed, at work",50 to 52 weeks worked during past 12 months,"Car, truck, or van",,,Without a disability,No,No,No,No,No,No,,18_34,True,generative,syn_t014_h0000005,syn_t014_h0000005_r004
14000US06089010805,1,61,70,1.0,2,2,1.0,1.0,,2.0,15.0,1.0,0,19.0,2,28.0,1.0,1,1.0,Reference person,"1 or more years of college credit, no degree",Female,"Civilian employed, at work",50 to 52 weeks worked during past 12 months,"Car, truck, or van",,,With a disability,No,No,No,Yes,Yes,Yes,,65_plus,True,generative,syn_t014_h0000006,syn_t014_h0000006_r001
14000US06089010805,2,76,43,2.0,1,2,1.0,2.0,,1.0,,,2,16.0,2,,,1,6.0,Biological son or daughter,Regular high school diploma,Female,Not in labor force,,,,,With a disability,Yes,No,Yes,No,Yes,No,,35_64,True,generative,syn_t014_h0000006,syn_t014_h0000006_r002
14000US06089010805,3,43,6,2.0,2,2,,2.0,,2.0,,,7,3.0,2,,,2,,Grandchild,Kindergarten,Female,,,,,,Without a disability,No,No,No,No,,No,,0_17,False,dependent,syn_t014_h0000006,syn_t014_h0000006_r003
14000US06089010805,4,83,45,2.0,2,2,2.0,2.0,,2.0,,,11,15.0,1,,,2,6.0,Roomer or boarder,12th grade - no diploma,Male,Not in labor force,,,,,Without a disability,No,No,No,No,No,No,,35_64,True,generative,syn_t014_h0000006,syn_t014_h0000006_r004
14000US06089010805,1,17,67,2.0,2,2,2.0,2.0,,2.0,,,0,20.0,1,,,2,6.0,Reference person,Associate's degree,Male,Not in labor force,,,,,Without a disability,No,No,No,No,No,No,,65_plus,True,generative,syn_t014_h0000007,syn_t014_h0000007_r001
14000US06089010805,2,17,68,2.0,2,2,2.0,2.0,,2.0,,,1,17.0,2,,,2,6.0,Husband/wife,GED or alternative credential,Female,Not in labor force,,,,,Without a disability,No,No,No,No,No,No,,65_plus,True,generative,syn_t014_h0000007,syn_t014_h0000007_r002
14000US06089010805,3,16,19,2.0,2,2,2.0,2.0,,2.0,141.0,1.0,7,16.0,1,30.0,1.0,2,1.0,Grandchild,Regular high school diploma,Male,"Civilian employed, at work",50 to 52 weeks worked during past 12 months,"Car, truck, or van",,,Without a disability,No,No,No,No,No,No,,18_34,True,generative,syn_t014_h0000007,syn_t014_h0000007_r003
14000US06089010805,1,38,60,2.0,2,2,2.0,2.0,,2.0,15.0,1.0,0,19.0,1,40.0,5.0,2,1.0,Reference person,"1 or more years of college credit, no degree",Male,"Civilian employed, at work",14 to 26 weeks worked during past 12 months,"Car, truck, or van",,,Without a disability,No,No,No,No,No,No,,35_64,True,generative,syn_t014_h0000008,syn_t014_h0000008_r001
14000US06089010805,2,58,19,2.0,2,2,2.0,2.0,,2.0,,,4,14.0,1,,,2,6.0,Stepson or stepdaughter,Grade 11,Male,Not in labor force,,,,,Without a disability,No,No,No,No,No,No,,18_34,True,generative,syn_t014_h0000008,syn_t014_h0000008_r002
14000US06089010805,3,41,45,2.0,2,2,2.0,2.0,,2.0,,,13,19.0,2,,,2,6.0,Unmarried partner,"1 or more years of college credit, no degree",Female,Not in labor force,,,,,Without a disability,No,No,No,No,No,No,,35_64,True,generative,syn_t014_h0000008,syn_t014_h0000008_r003
14000US06089010805,1,64,30,2.0,2,2,2.0,2.0,,2.0,20.0,1.0,0,16.0,1,40.0,1.0,2,1.0,Reference person,Regular high school diploma,Male,"Civilian employed, at work",50 to 52 weeks worked during past 12 months,"Car, truck, or van",,,Without a disability,No,No,No,No,No,No,,18_34,True,generative,syn_t014_h0000009,syn_t014_h0000009_r001
14000US06089010805,1,16,32,2.0,2,2,2.0,2.0,,2.0,45.0,1.0,0,19.0,1,50.0,3.0,2,1.0,Reference person,"1 or more years of college credit, no degree",Male,"Civilian employed, at work",40 to 47 weeks worked during past 12 months,"Car, truck, or van",,,Without a disability,No,No,No,No,No,No,,18_34,True,generative,syn_t014_h0000010,syn_t014_h0000010_r001
14000US06089010805,2,18,34,2.0,2,2,2.0,2.0,,2.0,,,1,19.0,2,30.0,5.0,2,6.0,Husband/wife,"1 or more years of college credit, no degree",Female,Not in labor force,14 to 26 weeks worked during past 12 months,,,,Without a disability,No,No,No,No,No,No,,18_34,True,generative,syn_t014_h0000010,syn_t014_h0000010_r002
14000US06089010805,3,20,9,2.0,2,2,,2.0,,2.0,,,2,6.0,1,,,2,,Biological son or daughter,Grade 3,Male,,,,,,Without a disability,No,No,No,No,,No,,0_17,False,dependent,syn_t014_h0000010,syn_t014_h0000010_r003
14000US06089010805,4,18,3,,2,2,,,,,,,2,1.0,1,,,2,,Biological son or daughter,No schooling completed,Male,,,,,,Without a disability,No,No,,,,,,0_17,False,dependent,syn_t014_h0000010,syn_t014_h0000010_r004
14000US06089010805,1,12,65,2.0,2,2,2.0,2.0,,2.0,30.0,1.0,0,19.0,2,40.0,1.0,2,1.0,Reference person,"1 or more years of college credit, no degree",Female,"Civilian employed, at work",50 to 52 weeks worked during past 12 months,"Car, truck, or van",,,Without a disability,No,No,No,No,No,No,,65_plus,True,generative,syn_t014_h0000011,syn_t014_h0000011_r001
14000US06089010805,2,20,59,2.0,2,2,1.0,2.0,,2.0,,,5,17.0,2,,,1,6.0,Brother or sister,GED or alternative credential,Female,Not in labor force,,,,,With a disability,No,No,No,No,Yes,No,,35_64,True,generative,syn_t014_h0000011,syn_t014_h0000011_r002
14000US06089010805,3,18,18,2.0,2,2,2.0,2.0,,2.0,15.0,1.0,7,14.0,1,40.0,4.0,2,1.0,Grandchild,Grade 11,Male,"Civilian employed, at work",27 to 39 weeks worked during past 12 months,"Car, truck, or van",,,Without a disability,No,No,No,No,No,No,,18_34,True,generative,syn_t014_h0000011,syn_t014_h0000011_r003
14000US06089010805,1,69,41,2.0,2,2,2.0,2.0,,2.0,10.0,1.0,0,9.0,2,36.0,1.0,2,1.0,Reference person,Grade 6,Female,"Civilian employed, at work",50 to 52 weeks worked during past 12 months,"Car, truck, or van",,,Without a disability,No,No,No,No,No,No,,35_64,True,generative,syn_t014_h0000012,syn_t014_h0000012_r001
14000US06089010805,2,87,40,2.0,2,2,2.0,2.0,,2.0,15.0,1.0,1,16.0,1,30.0,1.0,2,1.0,Husband/wife,Regular high school diploma,Male,"Civilian employed, at work",50 to 52 weeks worked during past 12 months,"Car, truck, or van",,,Without a disability,No,No,No,No,No,No,,35_64,True,generative,syn_t014_h0000012,syn_t014_h0000012_r002
14000US06089010805,3,79,13,2.0,2,2,,2.0,,2.0,,,2,10.0,1,,,2,,Biological son or daughter,Grade 7,Male,,,,,,Without a disability,No,No,No,No,,No,,0_17,False,dependent,syn_t014_h0000012,syn_t014_h0000012_r003
14000US06089010805,4,78,10,2.0,2,2,,2.0,,2.0,,,2,7.0,1,,,2,,Biological son or daughter,Grade 4,Male,,,,,,Without a disability,No,No,No,No,,No,,0_17,False,dependent,syn_t014_h0000012,syn_t014_h0000012_r004
14000US06089010805,1,10,70,2.0,2,2,2.0,2.0,,2.0,17.0,1.0,0,21.0,1,40.0,1.0,2,1.0,Reference person,Bachelor's degree,Male,"Civilian employed, at work",50 to 52 weeks worked during past 12 months,"Car, truck, or van",,,Without a disability,No,No,No,No,No,No,,65_plus,True,generative,syn_t014_h0000013,syn_t014_h0000013_r001
14000US06089010805,2,11,64,2.0,2,2,2.0,2.0,,2.0,,,1,19.0,2,,,2,3.0,Husband/wife,"1 or more years of college credit, no degree",Female,Unemployed,,,,,Without a disability,No,No,No,No,No,No,,35_64,True,generative,syn_t014_h0000013,syn_t014_h0000013_r002
14000US06089010805,1,11,70,2.0,1,2,2.0,2.0,,2.0,,,0,18.0,2,,,1,6.0,Reference person,"Some college, but less than 1 year",Female,Not in labor force,,,,,With a disability,Yes,No,No,No,No,No,,65_plus,True,generative,syn_t014_h0000014,syn_t014_h0000014_r001
14000US06089010805,2,10,75,2.0,2,2,2.0,2.0,,2.0,,,1,16.0,1,,,2,6.0,Husband/wife,Regular high school diploma,Male,Not in labor force,,,,,Without a disability,No,No,No,No,No,No,,65_plus,True,generative,syn_t014_h0000014,syn_t014_h0000014_r002
14000US06089010805,1,71,49,2.0,2,2,2.0,2.0,,2.0,20.0,1.0,0,16.0,2,30.0,1.0,2,1.0,Reference person,Regular high school diploma,Female,"Civilian employed, at work",50 to 52 weeks worked during past 12 months,"Car, truck, or van",,,Without a disability,No,No,No,No,No,No,,35_64,True,generative,syn_t014_h0000015,syn_t014_h0000015_r001
14000US06089010805,2,54,50,2.0,2,2,2.0,2.0,,2.0,15.0,1.0,1,16.0,1,40.0,1.0,2,1.0,Husband/wife,Regular high school diploma,Male,"Civilian employed, at work",50 to 52 weeks worked during past 12 months,"Car, truck, or van",,,Without a disability,No,No,No,No,No,No,,35_64,True,generative,syn_t014_h0000015,syn_t014_h0000015_r002
14000US06089010805,1,12,23,2.0,2,2,2.0,2.0,,2.0,15.0,1.0,0,19.0,2,35.0,1.0,2,1.0,Reference person,"1 or more years of college credit, no degree",Female,"Civilian employed, at work",50 to 52 weeks worked during past 12 months,"Car, truck, or van",,,Without a disability,No,No,No,No,No,No,,18_34,True,generative,syn_t014_h0000016,syn_t014_h0000016_r001
14000US06089010805,2,7,23,2.0,2,2,2.0,2.0,,2.0,15.0,1.0,1,19.0,1,35.0,1.0,2,1.0,Husband/wife,"1 or more years of college credit, no degree",Male,"Civilian employed, at work",50 to 52 weeks worked during past 12 months,"Car, truck, or van",,,Without a disability,No,No,No,No,No,No,,18_34,True,generative,syn_t014_h0000016,syn_t014_h0000016_r002
14000US06089010805,1,7,88,2.0,1,2,2.0,1.0,,2.0,,,0,16.0,2,,,1,6.0,Reference person,Regular high school diploma,Female,Not in labor force,,,,,With a disability,Yes,No,No,Yes,No,No,,65_plus,True,generative,syn_t014_h0000017,syn_t014_h0000017_r001
14000US06089010805,2,13,84,1.0,1,2,1.0,1.0,,1.0,,,1,21.0,1,,,1,6.0,Husband/wife,Bachelor's degree,Male,Not in labor force,,,,,With a disability,Yes,No,Yes,Yes,Yes,Yes,,65_plus,True,generative,syn_t014_h0000017,syn_t014_h0000017_r002
14000US06089010805,1,77,31,2.0,2,2,2.0,2.0,,2.0,15.0,1.0,0,11.0,1,50.0,1.0,2,1.0,Reference person,Grade 8,Male,"Civilian employed, at work",50 to 52 weeks worked during past 12 months,"Car, truck, or van",,,Without a disability,No,No,No,No,No,No,,18_34,True,generative,syn_t014_h0000018,syn_t014_h0000018_r001
14000US06089010805,2,34,26,2.0,2,2,2.0,2.0,,2.0,,,1,15.0,2,,,2,6.0,Husband/wife,12th grade - no diploma,Female,Not in labor force,,,,,Without a disability,No,No,No,No,No,No,,18_34,True,generative,syn_t014_h0000018,syn_t014_h0000018_r002
14000US06089010805,3,44,10,2.0,2,2,,2.0,,2.0,,,2,6.0,2,,,2,,Biological son or daughter,Grade 3,Female,,,,,,Without a disability,No,No,No,No,,No,,0_17,False,dependent,syn_t014_h0000018,syn_t014_h0000018_r003
14000US06089010805,4,44,7,2.0,2,2,,2.0,,2.0,,,2,4.0,2,,,2,,Biological son or daughter,Grade 1,Female,,,,,,Without a disability,No,No,No,No,,No,,0_17,False,dependent,syn_t014_h0000018,syn_t014_h0000018_r004
14000US06089010805,5,44,5,2.0,2,2,,2.0,,2.0,,,2,2.0,2,,,2,,Biological son or daughter,"Nursery school, preschool",Female,,,,,,Without a disability,No,No,No,No,,No,,0_17,False,dependent,syn_t014_h0000018,syn_t014_h0000018_r005
14000US06089010805,1,14,80,2.0,2,2,2.0,1.0,,2.0,,,0,13.0,2,,,1,6.0,Reference person,Grade 10,Female,Not in labor force,,,,,With a disability,No,No,No,Yes,No,No,,65_plus,True,generative,syn_t014_h0000019,syn_t014_h0000019_r001
14000US06089010805,1,9,38,2.0,2,2,2.0,2.0,,2.0,5.0,1.0,0,23.0,1,50.0,1.0,2,1.0,Reference person,Professional degree beyond a bachelor's degree,Male,"Civilian employed, at work",50 to 52 weeks worked during past 12 months,"Car, truck, or van",,,Without a disability,No,No,No,No,No,No,,35_64,True,generative,syn_t014_h0000020,syn_t014_h0000020_r001
14000US06089010805,2,8,38,2.0,2,2,2.0,2.0,,2.0,30.0,1.0,1,21.0,2,28.0,1.0,2,1.0,Husband/wife,Bachelor's degree,Female,"Civilian employed, at work",50 to 52 weeks worked during past 12 months,"Car, truck, or van",,,Without a disability,No,No,No,No,No,No,,35_64,True,generative,syn_t014_h0000020,syn_t014_h0000020_r002
14000US06089010805,3,7,7,2.0,2,2,,2.0,,2.0,,,2,4.0,2,,,2,,Biological son or daughter,Grade 1,Female,,,,,,Without a disability,No,No,No,No,,No,,0_17,False,dependent,syn_t014_h0000020,syn_t014_h0000020_r003
14000US06089010805,4,7,5,2.0,2,2,,2.0,,2.0,,,2,2.0,2,,,2,,Biological son or daughter,"Nursery school, preschool",Female,,,,,,Without a disability,No,No,No,No,,No,,0_17,False,dependent,syn_t014_h0000020,syn_t014_h0000020_r004
14000US06089010805,1,18,31,2.0,2,2,2.0,2.0,,2.0,,,0,22.0,2,40.0,6.0,2,6.0,Reference person,Master's degree,Female,Not in labor force,less than 14 weeks worked during past 12 months,,,,Without a disability,No,No,No,No,No,No,,18_34,True,generative,syn_t014_h0000021,syn_t014_h0000021_r001
14000US06089010805,2,16,30,2.0,2,2,2.0,2.0,,2.0,15.0,1.0,1,23.0,1,70.0,3.0,2,1.0,Husband/wife,Professional degree beyond a bachelor's degree,Male,"Civilian employed, at work",40 to 47 weeks worked during past 12 months,"Car, truck, or van",,,Without a disability,No,No,No,No,No,No,,18_34,True,generative,syn_t014_h0000021,syn_t014_h0000021_r002
14000US06089010805,3,20,2,,2,2,,,,,,,2,,1,,,2,,Biological son or daughter,,Male,,,,,,Without a disability,No,No,,,,,,0_17,False,dependent,syn_t014_h0000021,syn_t014_h0000021_r003
14000US06089010805,1,23,72,2.0,2,2,2.0,2.0,,2.0,,,0,19.0,2,,,2,6.0,Reference person,"1 or more years of college credit, no degree",Female,Not in labor force,,,,,Without a disability,No,No,No,No,No,No,,65_plus,True,generative,syn_t014_h0000022,syn_t014_h0000022_r001
14000US06089010805,2,19,77,2.0,2,2,2.0,2.0,2.0,2.0,,,1,17.0,1,,,2,6.0,Husband/wife,GED or alternative credential,Male,Not in labor force,,,,,Without a disability,No,No,No,No,No,No,10 or 20 percent,65_plus,True,generative,syn_t014_h0000022,syn_t014_h0000022_r002
14000US06089010805,1,10,50,2.0,2,2,2.0,2.0,,2.0,10.0,1.0,0,23.0,1,40.0,1.0,2,1.0,Reference person,Professional degree beyond a bachelor's degree,Male,"Civilian employed, at work",50 to 52 weeks worked during past 12 months,"Car, truck, or van",,,Without a disability,No,No,No,No,No,No,,35_64,True,generative,syn_t014_h0000023,syn_t014_h0000023_r001
14000US06089010805,1,47,26,2.0,2,2,2.0,2.0,,2.0,15.0,1.0,0,18.0,1,40.0,1.0,2,1.0,Reference person,"Some college, but less than 1 year",Male,"Civilian employed, at work",50 to 52 weeks worked during past 12 months,"Car, truck, or van",,,Without a disability,No,No,No,No,No,No,,18_34,True,generative,syn_t014_h0000024,syn_t014_h0000024_r001
14000US06089010805,2,23,21,2.0,2,2,2.0,2.0,,2.0,15.0,1.0,1,16.0,2,40.0,1.0,2,1.0,Husband/wife,Regular high school diploma,Female,"Civilian employed, at work",50 to 52 weeks worked during past 12 months,"Car, truck, or van",,,Without a disability,No,No,No,No,No,No,,18_34,True,generative,syn_t014_h0000024,syn_t014_h0000024_r002
14000US06089010805,1,11,47,2.0,1,2,2.0,2.0,,2.0,7.0,1.0,0,19.0,1,61.0,1.0,1,1.0,Reference person,"1 or more years of college credit, no degree",Male,"Civilian employed, at work",50 to 52 weeks worked during past 12 months,"Car, truck, or van",,,With a disability,Yes,No,No,No,No,No,,35_64,True,generative,syn_t014_h0000025,syn_t014_h0000025_r001
14000US06089010805,2,12,45,2.0,2,2,2.0,2.0,,2.0,4.0,1.0,1,15.0,2,5.0,1.0,2,1.0,Husband/wife,12th grade - no diploma,Female,"Civilian employed, at work",50 to 52 weeks worked during past 12 months,"Car, truck, or van",,,Without a disability,No,No,No,No,No,No,,35_64,True,generative,syn_t014_h0000025,syn_t014_h0000025_r002
14000US06089010805,3,23,25,2.0,1,2,1.0,2.0,,1.0,,,2,15.0,1,,,1,6.0,Biological son or daughter,12th grade - no diploma,Male,Not in labor force,,,,,With a disability,Yes,No,Yes,No,Yes,No,,18_34,True,generative,syn_t014_h0000025,syn_t014_h0000025_r003
14000US06089010805,4,16,22,2.0,1,2,1.0,2.0,,1.0,,,2,15.0,1,,,1,6.0,Biological son or daughter,12th grade - no diploma,Male,Not in labor force,,,,,With a disability,Yes,No,Yes,No,Yes,No,,18_34,True,generative,syn_t014_h0000025,syn_t014_h0000025_r004
14000US06089010805,5,21,70,2.0,1,2,2.0,1.0,,2.0,,,6,18.0,2,,,1,6.0,Father or mother,"Some college, but less than 1 year",Female,Not in labor force,,,,,With a disability,Yes,No,No,Yes,No,No,,65_plus,True,generative,syn_t014_h0000025,syn_t014_h0000025_r005
14000US06089010805,1,47,45,2.0,2,2,2.0,2.0,,2.0,,,0,20.0,2,,,2,6.0,Reference person,Associate's degree,Female,Not in labor force,,,,,Without a disability,No,No,No,No,No,No,,35_64,True,generative,syn_t014_h0000026,syn_t014_h0000026_r001
14000US06089010805,2,42,45,2.0,2,2,2.0,2.0,,2.0,142.0,1.0,1,21.0,1,40.0,1.0,2,1.0,Husband/wife,Bachelor's degree,Male,"Civilian employed, at work",50 to 52 weeks worked during past 12 months,"Car, truck, or van",,,Without a disability,No,No,No,No,No,No,,35_64,True,generative,syn_t014_h0000026,syn_t014_h0000026_r002
14000US06089010805,3,47,9,2.0,2,2,,2.0,,2.0,,,2,6.0,2,,,2,,Biological son or daughter,Grade 3,Female,,,,,,Without a disability,No,No,No,No,,No,,0_17,False,dependent,syn_t014_h0000026,syn_t014_h0000026_r003
14000US06089010805,4,48,6,2.0,2,2,,2.0,,2.0,,,2,3.0,2,,,2,,Biological son or daughter,Kindergarten,Female,,,,,,Without a disability,No,No,No,No,,No,,0_17,False,dependent,syn_t014_h0000026,syn_t014_h0000026_r004
14000US06089010805,1,41,28,2.0,2,2,2.0,2.0,,2.0,15.0,1.0,0,19.0,1,55.0,1.0,2,1.0,Reference person,"1 or more years of college credit, no degree",Male,"Civilian employed, at work",50 to 52 weeks worked during past 12 months,"Car, truck, or van",,,Without a disability,No,No,No,No,No,No,,18_34,True,generative,syn_t014_h0000027,syn_t014_h0000027_r001
14000US06089010805,2,46,59,2.0,2,2,2.0,2.0,,2.0,,,6,16.0,2,,,2,6.0,Father or mother,Regular high school diploma,Female,Not in labor force,,,,,Without a disability,No,No,No,No,No,No,,35_64,True,generative,syn_t014_h0000027,syn_t014_h0000027_r002
14000US06089010805,3,46,56,2.0,2,2,2.0,2.0,,2.0,70.0,1.0,6,16.0,1,55.0,1.0,2,1.0,Father or mother,Regular high school diploma,Male,"Civilian employed, at work",50 to 52 weeks worked during past 12 months,"Car, truck, or van",,,Without a disability,No,No,No,No,No,No,,35_64,True,generative,syn_t014_h0000027,syn_t014_h0000027_r003
14000US06089010806,1,6,84,2.0,1,2,1.0,1.0,2.0,2.0,,,0,18.0,1,,,1,6.0,Reference person,"Some college, but less than 1 year",Male,Not in labor force,,,,,With a disability,Yes,No,No,Yes,Yes,No,10 or 20 percent,65_plus,True,generative,syn_t015_h0000001,syn_t015_h0000001_r001
14000US06089010806,2,7,80,2.0,2,2,2.0,2.0,,2.0,,,1,15.0,2,,,2,6.0,Husband/wife,12th grade - no diploma,Female,Not in labor force,,,,,Without a disability,No,No,No,No,No,No,,65_plus,True,generative,syn_t015_h0000001,syn_t015_h0000001_r002
14000US06089010806,1,75,66,2.0,2,2,2.0,2.0,,2.0,,,0,19.0,2,,,2,6.0,Reference person,"1 or more years of college credit, no degree",Female,Not in labor force,,,,,Without a disability,No,No,No,No,No,No,,65_plus,True,generative,syn_t015_h0000002,syn_t015_h0000002_r001
14000US06089010806,2,65,70,2.0,2,2,2.0,2.0,,2.0,,,1,20.0,1,,,2,6.0,Husband/wife,Associate's degree,Male,Not in labor force,,,,,Without a disability,No,No,No,No,No,No,,65_plus,True,generative,syn_t015_h0000002,syn_t015_h0000002_r002
14000US06089010806,1,11,54,2.0,2,2,2.0,2.0,2.0,2.0,,,0,23.0,1,,,2,3.0,Reference person,Professional degree beyond a bachelor's degree,Male,Unemployed,,,,,Without a disability,No,No,No,No,No,No,10 or 20 percent,35_64,True,generative,syn_t015_h0000003,syn_t015_h0000003_r001
14000US06089010806,1,31,52,2.0,2,2,2.0,2.0,,2.0,15.0,1.0,0,19.0,2,40.0,1.0,2,1.0,Reference person,"1 or more years of college credit, no degree",Female,"Civilian employed, at work",50 to 52 weeks worked during past 12 months,"Car, truck, or van",,,Without a disability,No,No,No,No,No,No,,35_64,True,generative,syn_t015_h0000004,syn_t015_h0000004_r001
14000US06089010806,2,37,51,2.0,2,2,2.0,2.0,,2.0,15.0,1.0,1,19.0,1,40.0,1.0,2,1.0,Husband/wife,"1 or more years of college credit, no degree",Male,"Civilian employed, at work",50 to 52 weeks worked during past 12 months,"Car, truck, or van",,,Without a disability,No,No,No,No,No,No,,35_64,True,generative,syn_t015_h0000004,syn_t015_h0000004_r002
14000US06089010806,3,48,15,2.0,2,2,2.0,2.0,,2.0,,,2,12.0,2,,,2,,Biological son or daughter,Grade 9,Female,,,,,,Without a disability,No,No,No,No,No,No,,0_17,False,dependent,syn_t015_h0000004,syn_t015_h0000004_r003
14000US06089010806,1,14,50,2.0,2,2,2.0,2.0,,1.0,,,0,13.0,2,,,1,6.0,Reference person,Grade 10,Female,Not in labor force,,,,,With a disability,No,No,Yes,No,No,No,,35_64,True,generative,syn_t015_h0000005,syn_t015_h0000005_r001
14000US06089010806,1,12,67,2.0,2,2,2.0,2.0,3.0,2.0,,,0,20.0,1,,,2,6.0,Reference person,Associate's degree,Male,Not in labor force,,,,,Without a disability,No,No,No,No,No,No,30 or 40 percent,65_plus,True,generative,syn_t015_h0000006,syn_t015_h0000006_r001
14000US06089010806,1,27,35,2.0,1,2,2.0,2.0,,2.0,15.0,1.0,0,22.0,2,40.0,1.0,1,1.0,Reference person,Master's degree,Female,"Civilian employed, at work",50 to 52 weeks worked during past 12 months,"Car, truck, or van",,,With a disability,Yes,No,No,No,No,No,,35_64,True,generative,syn_t015_h0000007,syn_t015_h0000007_r001
14000US06089010806,2,24,34,2.0,2,2,2.0,2.0,5.0,2.0,20.0,1.0,1,21.0,1,25.0,1.0,2,1.0,Husband/wife,Bachelor's degree,Male,"Civilian employed, at work",50 to 52 weeks worked during past 12 months,"Car, truck, or van",,,Without a disability,No,No,No,No,No,No,"70, 80, 90, or 100 percent",18_34,True,generative,syn_t015_h0000007,syn_t015_h0000007_r002
14000US06089010806,1,20,64,2.0,2,2,1.0,1.0,,1.0,,,0,10.0,1,,,1,6.0,Reference person,Grade 7,Male,Not in labor force,,,,,With a disability,No,No,Yes,Yes,Yes,No,,35_64,True,generative,syn_t015_h0000008,syn_t015_h0000008_r001
14000US06089010806,1,21,68,2.0,2,2,2.0,2.0,,2.0,,,0,21.0,1,,,2,6.0,Reference person,Bachelor's degree,Male,Not in labor force,,,,,Without a disability,No,No,No,No,No,No,,65_plus,True,generative,syn_t015_h0000009,syn_t015_h0000009_r001
14000US06089010806,1,14,81,2.0,2,2,2.0,2.0,,2.0,15.0,1.0,0,16.0,1,20.0,1.0,2,1.0,Reference person,Regular high school diploma,Male,"Civilian employed, at work",50 to 52 weeks worked during past 12 months,"Car, truck, or van",,,Without a disability,No,No,No,No,No,No,,65_plus,True,generative,syn_t015_h0000010,syn_t015_h0000010_r001
14000US06089010806,1,14,44,2.0,2,2,2.0,2.0,,2.0,30.0,1.0,0,16.0,2,20.0,4.0,2,1.0,Reference person,Regular high school diploma,Female,"Civilian employed, at work",27 to 39 weeks worked during past 12 months,"Car, truck, or van",,,Without a disability,No,No,No,No,No,No,,35_64,True,generative,syn_t015_h0000011,syn_t015_h0000011_r001
14000US06089010806,2,15,17,2.0,2,2,2.0,2.0,,2.0,,,2,14.0,1,,,2,6.0,Biological son or daughter,Grade 11,Male,Not in labor force,,,,,Without a disability,No,No,No,No,No,No,,0_17,False,dependent,syn_t015_h0000011,syn_t015_h0000011_r002
14000US06089010806,3,12,40,2.0,2,2,2.0,2.0,,2.0,30.0,1.0,13,16.0,1,40.0,3.0,2,1.0,Unmarried partner,Regular high school diploma,Male,"Civilian employed, at work",40 to 47 weeks worked during past 12 months,"Car, truck, or van",,,Without a disability,No,No,No,No,No,No,,35_64,True,generative,syn_t015_h0000011,syn_t015_h0000011_r003
14000US06089010806,1,19,68,2.0,2,2,2.0,1.0,,1.0,,,0,20.0,1,,,1,6.0,Reference person,Associate's degree,Male,Not in labor force,,,,,With a disability,No,No,Yes,Yes,No,No,,65_plus,True,generative,syn_t015_h0000012,syn_t015_h0000012_r001
14000US06089010806,1,24,65,2.0,2,2,2.0,2.0,,2.0,15.0,1.0,0,21.0,1,60.0,1.0,2,1.0,Reference person,Bachelor's degree,Male,"Civilian employed, at work",50 to 52 weeks worked during past 12 months,"Car, truck, or van",,,Without a disability,No,No,No,No,No,No,,65_plus,True,generative,syn_t015_h0000013,syn_t015_h0000013_r001
14000US06089010806,2,26,53,2.0,2,2,2.0,2.0,,2.0,20.0,1.0,1,13.0,2,40.0,1.0,2,1.0,Husband/wife,Grade 10,Female,"Civilian employed, at work",50 to 52 weeks worked during past 12 months,"Car, truck, or van",,,Without a disability,No,No,No,No,No,No,,35_64,True,generative,syn_t015_h0000013,syn_t015_h0000013_r002
14000US06089010806,3,37,36,2.0,2,2,2.0,2.0,,2.0,60.0,9.0,4,19.0,1,60.0,6.0,2,1.0,Stepson or stepdaughter,"1 or more years of college credit, no degree",Male,"Civilian employed, at work",less than 14 weeks worked during past 12 months,Bicycle,,,Without a disability,No,No,No,No,No,No,,35_64,True,generative,syn_t015_h0000013,syn_t015_h0000013_r003
14000US06089010806,4,25,30,2.0,2,2,2.0,2.0,,2.0,,,4,16.0,2,,,2,6.0,Stepson or stepdaughter,Regular high school diploma,Female,Not in labor force,,,,,Without a disability,No,No,No,No,No,No,,18_34,True,generative,syn_t015_h0000013,syn_t015_h0000013_r004
14000US06089010806,5,29,8,2.0,2,2,,2.0,,2.0,,,7,5.0,1,,,2,,Grandchild,Grade 2,Male,,,,,,Without a disability,No,No,No,No,,No,,0_17,False,dependent,syn_t015_h0000013,syn_t015_h0000013_r005
14000US06089010806,6,44,7,2.0,2,2,,2.0,,2.0,,,7,3.0,1,,,2,,Grandchild,Kindergarten,Male,,,,,,Without a disability,No,No,No,No,,No,,0_17,False,dependent,syn_t015_h0000013,syn_t015_h0000013_r006
14000US06089010806,7,48,7,2.0,2,2,,2.0,,2.0,,,7,4.0,2,,,2,,Grandchild,Grade 1,Female,,,,,,Without a disability,No,No,No,No,,No,,0_17,False,dependent,syn_t015_h0000013,syn_t015_h0000013_r007
14000US06089010806,8,29,6,2.0,2,2,,2.0,,2.0,,,7,4.0,1,,,2,,Grandchild,Grade 1,Male,,,,,,Without a disability,No,No,No,No,,No,,0_17,False,dependent,syn_t015_h0000013,syn_t015_h0000013_r008
14000US06089010806,9,29,5,2.0,2,1,,2.0,,2.0,,,7,2.0,1,,,1,,Grandchild,"Nursery school, preschool",Male,,,,,,With a disability,No,Yes,No,No,,No,,0_17,False,dependent,syn_t015_h0000013,syn_t015_h0000013_r009
14000US06089010806,10,28,2,,2,2,,,,,,,7,,1,,,2,,Grandchild,,Male,,,,,,Without a disability,No,No,,,,,,0_17,False,dependent,syn_t015_h0000013,syn_t015_h0000013_r010
14000US06089010806,1,18,44,2.0,2,2,1.0,1.0,,2.0,,,0,19.0,1,,,1,6.0,Reference person,"1 or more years of college credit, no degree",Male,Not in labor force,,,,,With a disability,No,No,No,Yes,Yes,No,,35_64,True,generative,syn_t015_h0000014,syn_t015_h0000014_r001
14000US06089010806,2,19,16,2.0,2,2,2.0,2.0,,2.0,,,2,13.0,2,,,2,6.0,Biological son or daughter,Grade 10,Female,Not in labor force,,,,,Without a disability,No,No,No,No,No,No,,0_17,False,dependent,syn_t015_h0000014,syn_t015_h0000014_r002
14000US06089010806,3,25,13,2.0,2,2,,2.0,,2.0,,,2,10.0,1,,,2,,Biological son or daughter,Grade 7,Male,,,,,,Without a disability,No,No,No,No,,No,,0_17,False,dependent,syn_t015_h0000014,syn_t015_h0000014_r003
14000US06089010806,1,5,54,2.0,2,2,2.0,2.0,,2.0,95.0,1.0,0,19.0,2,18.0,3.0,2,1.0,Reference person,"1 or more years of college credit, no degree",Female,"Civilian employed, at work",40 to 47 weeks worked during past 12 months,"Car, truck, or van",,,Without a disability,No,No,No,No,No,No,,35_64,True,generative,syn_t015_h0000015,syn_t015_h0000015_r001
14000US06089010806,2,6,55,2.0,1,1,2.0,1.0,,2.0,6.0,1.0,1,16.0,1,40.0,1.0,1,1.0,Husband/wife,Regular high school diploma,Male,"Civilian employed, at work",50 to 52 weeks worked during past 12 months,"Car, truck, or van",,,With a disability,Yes,Yes,No,Yes,No,No,,35_64,True,generative,syn_t015_h0000015,syn_t015_h0000015_r002
14000US06089010806,3,7,16,2.0,2,2,2.0,2.0,,2.0,,,2,12.0,1,,,2,6.0,Biological son or daughter,Grade 9,Male,Not in labor force,,,,,Without a disability,No,No,No,No,No,No,,0_17,False,dependent,syn_t015_h0000015,syn_t015_h0000015_r003
14000US06089010806,1,5,48,2.0,2,2,2.0,2.0,,2.0,8.0,1.0,0,21.0,2,30.0,1.0,2,1.0,Reference person,Bachelor's degree,Female,"Civilian employed, at work",50 to 52 weeks worked during past 12 months,"Car, truck, or van",,,Without a disability,No,No,No,No,No,No,,35_64,True,generative,syn_t015_h0000016,syn_t015_h0000016_r001
14000US06089010806,2,3,51,2.0,2,2,2.0,2.0,,2.0,75.0,1.0,1,19.0,1,40.0,1.0,2,1.0,Husband/wife,"1 or more years of college credit, no degree",Male,"Civilian employed, at work",50 to 52 weeks worked during past 12 months,"Car, truck, or van",,,Without a disability,No,No,No,No,No,No,,35_64,True,generative,syn_t015_h0000016,syn_t015_h0000016_r002
14000US06089010806,3,13,14,2.0,2,2,,2.0,,2.0,,,2,10.0,2,,,2,,Biological son or daughter,Grade 7,Female,,,,,,Without a disability,No,No,No,No,,No,,0_17,False,dependent,syn_t015_h0000016,syn_t015_h0000016_r003
14000US06089010806,1,47,34,2.0,2,2,2.0,2.0,,2.0,15.0,1.0,0,20.0,2,40.0,1.0,2,1.0,Reference person,Associate's degree,Female,"Civilian employed, at work",50 to 52 weeks worked during past 12 months,"Car, truck, or van",,,Without a disability,No,No,No,No,No,No,,18_34,True,generative,syn_t015_h0000017,syn_t015_h0000017_r001
14000US06089010806,2,45,14,2.0,2,2,,2.0,,2.0,,,2,10.0,2,,,2,,Biological son or daughter,Grade 7,Female,,,,,,Without a disability,No,No,No,No,,No,,0_17,False,dependent,syn_t015_h0000017,syn_t015_h0000017_r002
14000US06089010806,3,36,3,,2,2,,,,,,,2,1.0,2,,,2,,Biological son or daughter,No schooling completed,Female,,,,,,Without a disability,No,No,,,,,,0_17,False,dependent,syn_t015_h0000017,syn_t015_h0000017_r003
14000US06089010806,4,36,0,,2,2,,,,,,,2,,2,,,2,,Biological son or daughter,,Female,,,,,,Without a disability,No,No,,,,,,0_17,False,dependent,syn_t015_h0000017,syn_t015_h0000017_r004
14000US06089010806,1,59,48,2.0,2,2,2.0,1.0,,2.0,25.0,1.0,0,19.0,1,45.0,1.0,1,1.0,Reference person,"1 or more years of college credit, no degree",Male,"Civilian employed, at work",50 to 52 weeks worked during past 12 months,"Car, truck, or van",,,With a disability,No,No,No,Yes,No,No,,35_64,True,generative,syn_t015_h0000018,syn_t015_h0000018_r001
14000US06089010806,2,68,37,2.0,2,2,2.0,1.0,4.0,1.0,,,15,19.0,1,,,1,6.0,Other nonrelative,"1 or more years of college credit, no degree",Male,Not in labor force,,,,,With a disability,No,No,Yes,Yes,No,No,50 or 60 percent,35_64,True,generative,syn_t015_h0000018,syn_t015_h0000018_r002
14000US06089010806,1,52,90,2.0,2,2,2.0,2.0,,2.0,,,0,16.0,1,,,2,6.0,Reference person,Regular high school diploma,Male,Not in labor force,,,,,Without a disability,No,No,No,No,No,No,,65_plus,True,generative,syn_t015_h0000019,syn_t015_h0000019_r001
14000US06089010806,1,28,52,2.0,2,2,2.0,2.0,,2.0,,,0,21.0,2,48.0,5.0,2,3.0,Reference person,Bachelor's degree,Female,Unemployed,14 to 26 weeks worked during past 12 months,,,,Without a disability,No,No,No,No,No,No,,35_64,True,generative,syn_t015_h0000020,syn_t015_h0000020_r001
14000US06089010807,1,10,86,2.0,2,2,2.0,1.0,,2.0,,,0,19.0,2,,,1,6.0,Reference person,"1 or more years of college credit, no degree",Female,Not in labor force,,,,,With a disability,No,No,No,Yes,No,No,,65_plus,True,generative,syn_t016_h0000001,syn_t016_h0000001_r001
14000US06089010807,1,18,70,2.0,2,2,2.0,1.0,,2.0,,,0,15.0,1,,,1,6.0,Reference person,12th grade - no diploma,Male,Not in labor force,,,,,With a disability,No,No,No,Yes,No,No,,65_plus,True,generative,syn_t016_h0000002,syn_t016_h0000002_r001
14000US06089010807,2,51,40,2.0,2,2,2.0,2.0,,2.0,,,2,19.0,2,32.0,4.0,2,3.0,Biological son or daughter,"1 or more years of college credit, no degree",Female,Unemployed,27 to 39 weeks worked during past 12 months,,,,Without a disability,No,No,No,No,No,No,,35_64,True,generative,syn_t016_h0000002,syn_t016_h0000002_r002
14000US06089010807,3,47,6,2.0,2,2,,2.0,,2.0,,,7,2.0,2,,,2,,Grandchild,"Nursery school, preschool",Female,,,,,,Without a disability,No,No,No,No,,No,,0_17,False,dependent,syn_t016_h0000002,syn_t016_h0000002_r003
14000US06089010807,1,18,44,2.0,2,2,2.0,2.0,,2.0,12.0,1.0,0,15.0,2,20.0,4.0,2,1.0,Reference person,12th grade - no diploma,Female,"Civilian employed, at work",27 to 39 weeks worked during past 12 months,"Car, truck, or van",,,Without a disability,No,No,No,No,No,No,,35_64,True,generative,syn_t016_h0000003,syn_t016_h0000003_r001
14000US06089010807,2,14,47,2.0,2,2,2.0,2.0,,2.0,20.0,1.0,1,18.0,1,55.0,1.0,2,1.0,Husband/wife,"Some college, but less than 1 year",Male,"Civilian employed, at work",50 to 52 weeks worked during past 12 months,"Car, truck, or van",,,Without a disability,No,No,No,No,No,No,,35_64,True,generative,syn_t016_h0000003,syn_t016_h0000003_r002
14000US06089010807,3,20,22,2.0,2,2,2.0,2.0,,2.0,15.0,1.0,2,17.0,1,30.0,1.0,2,1.0,Biological son or daughter,GED or alternative credential,Male,"Civilian employed, at work",50 to 52 weeks worked during past 12 months,"Car, truck, or van",,,Without a disability,No,No,No,No,No,No,,18_34,True,generative,syn_t016_h0000003,syn_t016_h0000003_r003
14000US06089010807,4,13,17,2.0,2,2,2.0,2.0,,2.0,,,2,14.0,1,,,2,6.0,Biological son or daughter,Grade 11,Male,Not in labor force,,,,,Without a disability,No,No,No,No,No,No,,0_17,False,dependent,syn_t016_h0000003,syn_t016_h0000003_r004
14000US06089010807,5,14,17,2.0,2,2,2.0,2.0,,2.0,,,4,14.0,1,,,2,6.0,Stepson or stepdaughter,Grade 11,Male,Not in labor force,,,,,Without a disability,No,No,No,No,No,No,,0_17,False,dependent,syn_t016_h0000003,syn_t016_h0000003_r005
14000US06089010807,1,11,55,2.0,2,2,2.0,2.0,,2.0,,,0,18.0,1,,,2,6.0,Reference person,"Some college, but less than 1 year",Male,Not in labor force,,,,,Without a disability,No,No,No,No,No,No,,35_64,True,generative,syn_t016_h0000004,syn_t016_h0000004_r001
14000US06089010807,2,13,56,2.0,2,2,2.0,2.0,,2.0,,,1,24.0,2,,,2,6.0,Husband/wife,Doctorate degree,Female,Not in labor force,,,,,Without a disability,No,No,No,No,No,No,,35_64,True,generative,syn_t016_h0000004,syn_t016_h0000004_r002
14000US06089010807,1,15,62,2.0,2,2,2.0,2.0,,2.0,30.0,1.0,0,16.0,1,44.0,1.0,2,1.0,Reference person,Regular high school diploma,Male,"Civilian employed, at work",50 to 52 weeks worked during past 12 months,"Car, truck, or van",,,Without a disability,No,No,No,No,No,No,,35_64,True,generative,syn_t016_h0000005,syn_t016_h0000005_r001
14000US06089010807,2,15,62,2.0,2,2,2.0,2.0,,2.0,75.0,1.0,1,16.0,2,40.0,1.0,2,1.0,Husband/wife,Regular high school diploma,Female,"Civilian employed, at work",50 to 52 weeks worked during past 12 months,"Car, truck, or van",,,Without a disability,No,No,No,No,No,No,,35_64,True,generative,syn_t016_h0000005,syn_t016_h0000005_r002
14000US06089010807,3,15,61,2.0,2,2,2.0,1.0,,2.0,45.0,1.0,5,17.0,1,20.0,6.0,1,1.0,Brother or sister,GED or alternative credential,Male,"Civilian employed, at work",less than 14 weeks worked during past 12 months,"Car, truck, or van",,,With a disability,No,No,No,Yes,No,No,,35_64,True,generative,syn_t016_h0000005,syn_t016_h0000005_r003
14000US06089010807,1,5,32,2.0,2,2,2.0,2.0,,2.0,,,0,15.0,2,20.0,6.0,2,6.0,Reference person,12th grade - no diploma,Female,Not in labor force,less than 14 weeks worked during past 12 months,,,,Without a disability,No,No,No,No,No,No,,18_34,True,generative,syn_t016_h0000006,syn_t016_h0000006_r001
14000US06089010807,2,5,34,2.0,2,2,2.0,2.0,,2.0,15.0,1.0,1,19.0,1,46.0,1.0,2,1.0,Husband/wife,"1 or more years of college credit, no degree",Male,"Civilian employed, at work",50 to 52 weeks worked during past 12 months,"Car, truck, or van",,,Without a disability,No,No,No,No,No,No,,18_34,True,generative,syn_t016_h0000006,syn_t016_h0000006_r002
14000US06089010807,3,7,6,2.0,2,2,,2.0,,2.0,,,2,3.0,2,,,2,,Biological son or daughter,Kindergarten,Female,,,,,,Without a disability,No,No,No,No,,No,,0_17,False,dependent,syn_t016_h0000006,syn_t016_h0000006_r003
14000US06089010807,4,6,3,,2,2,,,,,,,2,1.0,1,,,2,,Biological son or daughter,No schooling completed,Male,,,,,,Without a disability,No,No,,,,,,0_17,False,dependent,syn_t016_h0000006,syn_t016_h0000006_r004
14000US06089010807,1,15,69,2.0,2,1,1.0,2.0,,2.0,,,0,19.0,1,,,1,6.0,Reference person,"1 or more years of college credit, no degree",Male,Not in labor force,,,,,With a disability,No,Yes,No,No,Yes,No,,65_plus,True,generative,syn_t016_h0000007,syn_t016_h0000007_r001
14000US06089010807,2,16,66,2.0,1,2,2.0,2.0,,2.0,,,1,19.0,2,,,1,6.0,Husband/wife,"1 or more years of college credit, no degree",Female,Not in labor force,,,,,With a disability,Yes,No,No,No,No,No,,65_plus,True,generative,syn_t016_h0000007,syn_t016_h0000007_r002
14000US06089010807,1,11,38,2.0,2,2,2.0,2.0,,2.0,10.0,1.0,0,20.0,1,40.0,1.0,2,1.0,Reference person,Associate's degree,Male,"Civilian employed, at work",50 to 52 weeks worked during past 12 months,"Car, truck, or van",,,Without a disability,No,No,No,No,No,No,,35_64,True,generative,syn_t016_h0000008,syn_t016_h0000008_r001
14000US06089010807,2,14,32,2.0,2,2,2.0,2.0,,2.0,,,1,20.0,2,,,2,6.0,Husband/wife,Associate's degree,Female,Not in labor force,,,,,Without a disability,No,No,No,No,No,No,,18_34,True,generative,syn_t016_h0000008,syn_t016_h0000008_r002
14000US06089010807,3,13,4,,2,2,,,,,,,2,2.0,2,,,2,,Biological son or daughter,"Nursery school, preschool",Female,,,,,,Without a disability,No,No,,,,,,0_17,False,dependent,syn_t016_h0000008,syn_t016_h0000008_r003
14000US06089010807,4,15,2,,2,2,,,,,,,2,,1,,,2,,Biological son or daughter,,Male,,,,,,Without a disability,No,No,,,,,,0_17,False,dependent,syn_t016_h0000008,syn_t016_h0000008_r004
14000US06089010807,1,31,56,2.0,2,2,2.0,2.0,,2.0,,,0,20.0,1,35.0,4.0,2,6.0,Reference person,Associate's degree,Male,Not in labor force,27 to 39 weeks worked during past 12 months,,,,Without a disability,No,No,No,No,No,No,,35_64,True,generative,syn_t016_h0000009,syn_t016_h0000009_r001
14000US06089010807,2,32,52,2.0,2,2,2.0,2.0,,2.0,3.0,1.0,1,16.0,2,40.0,1.0,2,1.0,Husband/wife,Regular high school diploma,Female,"Civilian employed, at work",50 to 52 weeks worked during past 12 months,"Car, truck, or van",,,Without a disability,No,No,No,No,No,No,,35_64,True,generative,syn_t016_h0000009,syn_t016_h0000009_r002
14000US06089010807,3,37,22,2.0,2,2,2.0,2.0,,2.0,15.0,1.0,2,19.0,1,32.0,1.0,2,1.0,Biological son or daughter,"1 or more years of college credit, no degree",Male,"Civilian employed, at work",50 to 52 weeks worked during past 12 months,"Car, truck, or van",,,Without a disability,No,No,No,No,No,No,,18_34,True,generative,syn_t016_h0000009,syn_t016_h0000009_r003
14000US06089010807,4,41,17,2.0,2,2,2.0,2.0,,2.0,,,2,13.0,2,,,2,6.0,Biological son or daughter,Grade 10,Female,Not in labor force,,,,,Without a disability,No,No,No,No,No,No,,0_17,False,dependent,syn_t016_h0000009,syn_t016_h0000009_r004
14000US06089010807,1,14,58,2.0,2,2,2.0,2.0,,2.0,20.0,1.0,0,22.0,1,30.0,1.0,2,1.0,Reference person,Master's degree,Male,"Civilian employed, at work",50 to 52 weeks worked during past 12 months,"Car, truck, or van",,,Without a disability,No,No,No,No,No,No,,35_64,True,generative,syn_t016_h0000010,syn_t016_h0000010_r001
14000US06089010807,1,12,62,2.0,2,2,2.0,2.0,,2.0,25.0,1.0,0,20.0,1,40.0,1.0,2,1.0,Reference person,Associate's degree,Male,"Civilian employed, at work",50 to 52 weeks worked during past 12 months,"Car, truck, or van",,,Without a disability,No,No,No,No,No,No,,35_64,True,generative,syn_t016_h0000011,syn_t016_h0000011_r001
14000US06089010807,2,13,62,2.0,2,2,2.0,2.0,,2.0,,,1,16.0,2,,,2,6.0,Husband/wife,Regular high school diploma,Female,Not in labor force,,,,,Without a disability,No,No,No,No,No,No,,35_64,True,generative,syn_t016_h0000011,syn_t016_h0000011_r002
14000US06089010807,1,26,49,2.0,2,2,2.0,2.0,,2.0,10.0,1.0,0,20.0,1,40.0,1.0,2,1.0,Reference person,Associate's degree,Male,"Civilian employed, at work",50 to 52 weeks worked during past 12 months,"Car, truck, or van",,,Without a disability,No,No,No,No,No,No,,35_64,True,generative,syn_t016_h0000012,syn_t016_h0000012_r001
14000US06089010807,2,12,47,2.0,2,2,2.0,2.0,,2.0,20.0,1.0,1,19.0,2,40.0,4.0,2,1.0,Husband/wife,"1 or more years of college credit, no degree",Female,"Civilian employed, at work",27 to 39 weeks worked during past 12 months,"Car, truck, or van",,,Without a disability,No,No,No,No,No,No,,35_64,True,generative,syn_t016_h0000012,syn_t016_h0000012_r002
14000US06089010807,3,15,15,2.0,2,2,2.0,2.0,,2.0,,,2,13.0,2,,,2,,Biological son or daughter,Grade 10,Female,,,,,,Without a disability,No,No,No,No,No,No,,0_17,False,dependent,syn_t016_h0000012,syn_t016_h0000012_r003
14000US06089010807,4,15,13,2.0,2,2,,2.0,,2.0,,,2,10.0,1,,,2,,Biological son or daughter,Grade 7,Male,,,,,,Without a disability,No,No,No,No,,No,,0_17,False,dependent,syn_t016_h0000012,syn_t016_h0000012_r004
14000US06089010807,5,14,9,2.0,2,2,,2.0,,2.0,,,7,6.0,1,,,2,,Grandchild,Grade 3,Male,,,,,,Without a disability,No,No,No,No,,No,,0_17,False,dependent,syn_t016_h0000012,syn_t016_h0000012_r005
14000US06089010807,1,28,69,2.0,2,2,2.0,2.0,1.0,2.0,,,0,22.0,1,,,2,6.0,Reference person,Master's degree,Male,Not in labor force,,,,,Without a disability,No,No,No,No,No,No,0 percent,65_plus,True,generative,syn_t016_h0000013,syn_t016_h0000013_r001
14000US06089010807,2,25,62,2.0,2,2,2.0,2.0,,2.0,,,1,22.0,2,25.0,6.0,2,6.0,Husband/wife,Master's degree,Female,Not in labor force,less than 14 weeks worked during past 12 months,,,,Without a disability,No,No,No,No,No,No,,35_64,True,generative,syn_t016_h0000013,syn_t016_h0000013_r002
14000US06089010807,1,50,51,2.0,2,2,2.0,2.0,,2.0,20.0,1.0,0,21.0,2,35.0,1.0,2,1.0,Reference person,Bachelor's degree,Female,"Civilian employed, at work",50 to 52 weeks worked during past 12 months,"Car, truck, or van",,,Without a disability,No,No,No,No,No,No,,35_64,True,generative,syn_t016_h0000014,syn_t016_h0000014_r001
14000US06089010807,2,36,22,2.0,2,2,2.0,2.0,,2.0,8.0,1.0,2,20.0,2,25.0,1.0,2,1.0,Biological son or daughter,Associate's degree,Female,"Civilian employed, at work",50 to 52 weeks worked during past 12 months,"Car, truck, or van",,,Without a disability,No,No,No,No,No,No,,18_34,True,generative,syn_t016_h0000014,syn_t016_h0000014_r002
14000US06089010807,3,98,13,2.0,2,2,,2.0,,2.0,,,2,10.0,2,,,2,,Biological son or daughter,Grade 7,Female,,,,,,Without a disability,No,No,No,No,,No,,0_17,False,dependent,syn_t016_h0000014,syn_t016_h0000014_r003
14000US06089010807,1,61,87,1.0,2,1,1.0,1.0,,2.0,,,0,17.0,2,,,1,6.0,Reference person,GED or alternative credential,Female,Not in labor force,,,,,With a disability,No,Yes,No,Yes,Yes,Yes,,65_plus,True,generative,syn_t016_h0000015,syn_t016_h0000015_r001
14000US06089010807,2,61,64,2.0,2,2,2.0,1.0,,2.0,,,2,18.0,2,,,1,6.0,Biological son or daughter,"Some college, but less than 1 year",Female,Not in labor force,,,,,With a disability,No,No,No,Yes,No,No,,35_64,True,generative,syn_t016_h0000015,syn_t016_h0000015_r002
14000US06089010807,1,25,40,2.0,2,2,2.0,2.0,,2.0,35.0,1.0,0,18.0,1,50.0,1.0,2,1.0,Reference person,"Some college, but less than 1 year",Male,"Civilian employed, at work",50 to 52 weeks worked during past 12 months,"Car, truck, or van",,,Without a disability,No,No,No,No,No,No,,35_64,True,generative,syn_t016_h0000016,syn_t016_h0000016_r001
14000US06089010807,2,20,40,2.0,2,2,2.0,2.0,,2.0,10.0,1.0,1,18.0,2,40.0,1.0,2,1.0,Husband/wife,"Some college, but less than 1 year",Female,"Civilian employed, at work",50 to 52 weeks worked during past 12 months,"Car, truck, or van",,,Without a disability,No,No,No,No,No,No,,35_64,True,generative,syn_t016_h0000016,syn_t016_h0000016_r002
14000US06089010807,3,11,17,2.0,2,2,2.0,2.0,,2.0,,,2,14.0,2,10.0,4.0,2,6.0,Biological son or daughter,Grade 11,Female,Not in labor force,27 to 39 weeks worked during past 12 months,,,,Without a disability,No,No,No,No,No,No,,0_17,False,dependent,syn_t016_h0000016,syn_t016_h0000016_r003
14000US06089010807,4,24,10,2.0,2,2,,2.0,,2.0,,,2,7.0,2,,,2,,Biological son or daughter,Grade 4,Female,,,,,,Without a disability,No,No,No,No,,No,,0_17,False,dependent,syn_t016_h0000016,syn_t016_h0000016_r004
14000US06089010807,1,43,34,2.0,2,2,2.0,2.0,,2.0,15.0,1.0,0,16.0,1,40.0,1.0,2,1.0,Reference person,Regular high school diploma,Male,"Civilian employed, at work",50 to 52 weeks worked during past 12 months,"Car, truck, or van",,,Without a disability,No,No,No,No,No,No,,18_34,True,generative,syn_t016_h0000017,syn_t016_h0000017_r001
14000US06089010807,2,43,31,2.0,2,2,2.0,2.0,,2.0,15.0,1.0,13,19.0,2,30.0,1.0,2,1.0,Unmarried partner,"1 or more years of college credit, no degree",Female,"Civilian employed, at work",50 to 52 weeks worked during past 12 months,"Car, truck, or van",,,Without a disability,No,No,No,No,No,No,,18_34,True,generative,syn_t016_h0000017,syn_t016_h0000017_r002
14000US06089010807,1,7,78,2.0,2,2,2.0,2.0,,2.0,,,0,18.0,1,,,2,6.0,Reference person,"Some college, but less than 1 year",Male,Not in labor force,,,,,Without a disability,No,No,No,No,No,No,,65_plus,True,generative,syn_t016_h0000018,syn_t016_h0000018_r001
14000US06089010807,2,8,68,2.0,2,2,2.0,2.0,,2.0,,,1,19.0,2,,,2,6.0,Husband/wife,"1 or more years of college credit, no degree",Female,Not in labor force,,,,,Without a disability,No,No,No,No,No,No,,65_plus,True,generative,syn_t016_h0000018,syn_t016_h0000018_r002
14000US06089010807,1,40,62,1.0,2,2,2.0,2.0,1.0,2.0,,,0,21.0,1,,,1,6.0,Reference person,Bachelor's degree,Male,Not in labor force,,,,,With a disability,No,No,No,No,No,Yes,0 percent,35_64,True,generative,syn_t016_h0000019,syn_t016_h0000019_r001
14000US06089010807,2,70,59,1.0,2,2,1.0,1.0,,2.0,,,11,14.0,2,,,1,6.0,Roomer or boarder,Grade 11,Female,Not in labor force,,,,,With a disability,No,No,No,Yes,Yes,Yes,,35_64,True,generative,syn_t016_h0000019,syn_t016_h0000019_r002
14000US06089010807,1,21,71,2.0,2,2,2.0,2.0,,2.0,,,0,21.0,2,,,2,6.0,Reference person,Bachelor's degree,Female,Not in labor force,,,,,Without a disability,No,No,No,No,No,No,,65_plus,True,generative,syn_t016_h0000020,syn_t016_h0000020_r001
14000US06089010807,2,21,76,2.0,2,2,2.0,2.0,,2.0,,,1,23.0,1,,,2,6.0,Husband/wife,Professional degree beyond a bachelor's degree,Male,Not in labor force,,,,,Without a disability,No,No,No,No,No,No,,65_plus,True,generative,syn_t016_h0000020,syn_t016_h0000020_r002
14000US06089010807,1,33,56,2.0,2,2,2.0,2.0,,2.0,10.0,1.0,0,16.0,1,60.0,1.0,2,1.0,Reference person,Regular high school diploma,Male,"Civilian employed, at work",50 to 52 weeks worked during past 12 months,"Car, truck, or van",,,Without a disability,No,No,No,No,No,No,,35_64,True,generative,syn_t016_h0000021,syn_t016_h0000021_r001
14000US06089010807,1,27,44,2.0,2,2,2.0,2.0,,2.0,14.0,1.0,0,20.0,1,16.0,4.0,2,1.0,Reference person,Associate's degree,Male,"Civilian employed, at work",27 to 39 weeks worked during past 12 months,"Car, truck, or van",,,Without a disability,No,No,No,No,No,No,,35_64,True,generative,syn_t016_h0000022,syn_t016_h0000022_r001
14000US06089010807,2,19,31,2.0,2,2,2.0,2.0,,2.0,,,13,19.0,2,,,2,6.0,Unmarried partner,"1 or more years of college credit, no degree",Female,Not in labor force,,,,,Without a disability,No,No,No,No,No,No,,18_34,True,generative,syn_t016_h0000022,syn_t016_h0000022_r002
14000US06089010807,3,25,8,2.0,2,2,,2.0,,2.0,,,15,5.0,1,,,2,,Other nonrelative,Grade 2,Male,,,,,,Without a disability,No,No,No,No,,No,,0_17,False,dependent,syn_t016_h0000022,syn_t016_h0000022_r003
14000US06089010807,1,11,61,2.0,2,2,2.0,2.0,,2.0,7.0,1.0,0,21.0,1,40.0,1.0,2,1.0,Reference person,Bachelor's degree,Male,"Civilian employed, at work",50 to 52 weeks worked during past 12 months,"Car, truck, or van",,,Without a disability,No,No,No,No,No,No,,35_64,True,generative,syn_t016_h0000023,syn_t016_h0000023_r001
14000US06089010807,2,11,56,2.0,1,2,2.0,2.0,,2.0,7.0,1.0,1,19.0,2,3.0,3.0,1,1.0,Husband/wife,"1 or more years of college credit, no degree",Female,"Civilian employed, at work",40 to 47 weeks worked during past 12 months,"Car, truck, or van",,,With a disability,Yes,No,No,No,No,No,,35_64,True,generative,syn_t016_h0000023,syn_t016_h0000023_r002
14000US06089010807,1,16,69,2.0,2,2,2.0,2.0,,2.0,20.0,1.0,0,21.0,1,20.0,1.0,2,1.0,Reference person,Bachelor's degree,Male,"Civilian employed, at work",50 to 52 weeks worked during past 12 months,"Car, truck, or van",,,Without a disability,No,No,No,No,No,No,,65_plus,True,generative,syn_t016_h0000024,syn_t016_h0000024_r001
14000US06089010807,2,17,69,2.0,2,1,2.0,2.0,,2.0,,,1,19.0,2,,,1,6.0,Husband/wife,"1 or more years of college credit, no degree",Female,Not in labor force,,,,,With a disability,No,Yes,No,No,No,No,,65_plus,True,generative,syn_t016_h0000024,syn_t016_h0000024_r002
14000US06089010900,1,14,84,2.0,1,2,2.0,2.0,,2.0,,,0,19.0,1,,,1,6.0,Reference person,"1 or more years of college credit, no degree",Male,Not in labor force,,,,,With a disability,Yes,No,No,No,No,No,,65_plus,True,generative,syn_t017_h0000001,syn_t017_h0000001_r001
14000US06089010900,2,18,82,2.0,2,2,2.0,2.0,,2.0,,,1,16.0,2,,,2,6.0,Husband/wife,Regular high school diploma,Female,Not in labor force,,,,,Without a disability,No,No,No,No,No,No,,65_plus,True,generative,syn_t017_h0000001,syn_t017_h0000001_r002
14000US06089010900,1,22,60,2.0,2,2,2.0,2.0,,2.0,,,0,14.0,1,,,2,6.0,Reference person,Grade 11,Male,Not in labor force,,,,,Without a disability,No,No,No,No,No,No,,35_64,True,generative,syn_t017_h0000002,syn_t017_h0000002_r001
14000US06089010900,1,61,87,1.0,2,1,1.0,1.0,,2.0,,,0,17.0,2,,,1,6.0,Reference person,GED or alternative credential,Female,Not in labor force,,,,,With a disability,No,Yes,No,Yes,Yes,Yes,,65_plus,True,generative,syn_t017_h0000003,syn_t017_h0000003_r001
14000US06089010900,2,61,64,2.0,2,2,2.0,1.0,,2.0,,,2,18.0,2,,,1,6.0,Biological son or daughter,"Some college, but less than 1 year",Female,Not in labor force,,,,,With a disability,No,No,No,Yes,No,No,,35_64,True,generative,syn_t017_h0000003,syn_t017_h0000003_r002
14000US06089010900,1,3,49,2.0,2,2,2.0,2.0,,2.0,,,0,21.0,1,,,2,3.0,Reference person,Bachelor's degree,Male,Unemployed,,,,,Without a disability,No,No,No,No,No,No,,35_64,True,generative,syn_t017_h0000004,syn_t017_h0000004_r001
14000US06089010900,2,3,45,2.0,2,2,1.0,1.0,,1.0,,,1,21.0,2,,,1,6.0,Husband/wife,Bachelor's degree,Female,Not in labor force,,,,,With a disability,No,No,Yes,Yes,Yes,No,,35_64,True,generative,syn_t017_h0000004,syn_t017_h0000004_r002
14000US06089010900,1,25,53,2.0,2,2,2.0,2.0,,2.0,7.0,1.0,0,20.0,2,40.0,1.0,2,1.0,Reference person,Associate's degree,Female,"Civilian employed, at work",50 to 52 weeks worked during past 12 months,"Car, truck, or van",,,Without a disability,No,No,No,No,No,No,,35_64,True,generative,syn_t017_h0000005,syn_t017_h0000005_r001
14000US06089010900,2,22,56,1.0,1,1,1.0,1.0,,1.0,,,1,20.0,1,,,1,6.0,Husband/wife,Associate's degree,Male,Not in labor force,,,,,With a disability,Yes,Yes,Yes,Yes,Yes,Yes,,35_64,True,generative,syn_t017_h0000005,syn_t017_h0000005_r002
14000US06089010900,1,50,43,2.0,2,2,2.0,2.0,,2.0,10.0,1.0,0,18.0,2,40.0,1.0,2,1.0,Reference person,"Some college, but less than 1 year",Female,"Civilian employed, at work",50 to 52 weeks worked during past 12 months,"Car, truck, or van",,,Without a disability,No,No,No,No,No,No,,35_64,True,generative,syn_t017_h0000006,syn_t017_h0000006_r001
14000US06089010900,2,53,6,2.0,2,2,,2.0,,2.0,,,7,3.0,2,,,2,,Grandchild,Kindergarten,Female,,,,,,Without a disability,No,No,No,No,,No,,0_17,False,dependent,syn_t017_h0000006,syn_t017_h0000006_r002
14000US06089010900,3,51,1,,2,2,,,,,,,7,,2,,,2,,Grandchild,,Female,,,,,,Without a disability,No,No,,,,,,0_17,False,dependent,syn_t017_h0000006,syn_t017_h0000006_r003
14000US06089010900,1,73,34,2.0,2,2,2.0,1.0,,2.0,,,0,20.0,1,,,1,6.0,Reference person,Associate's degree,Male,Not in labor force,,,,,With a disability,No,No,No,Yes,No,No,,18_34,True,generative,syn_t017_h0000007,syn_t017_h0000007_r001
14000US06089010900,2,73,45,2.0,2,2,2.0,2.0,,2.0,,,1,16.0,2,,,2,3.0,Husband/wife,Regular high school diploma,Female,Unemployed,,,,,Without a disability,No,No,No,No,No,No,,35_64,True,generative,syn_t017_h0000007,syn_t017_h0000007_r002
14000US06089010900,3,79,9,2.0,2,2,,2.0,,2.0,,,2,6.0,2,,,2,,Biological son or daughter,Grade 3,Female,,,,,,Without a disability,No,No,No,No,,No,,0_17,False,dependent,syn_t017_h0000007,syn_t017_h0000007_r003
14000US06089010900,1,7,53,2.0,2,2,2.0,2.0,,2.0,15.0,1.0,0,21.0,2,40.0,1.0,2,1.0,Reference person,Bachelor's degree,Female,"Civilian employed, at work",50 to 52 weeks worked during past 12 months,"Car, truck, or van",,,Without a disability,No,No,No,No,No,No,,35_64,True,generative,syn_t017_h0000008,syn_t017_h0000008_r001
14000US06089010900,2,7,57,2.0,2,2,2.0,2.0,,2.0,20.0,1.0,1,19.0,1,40.0,1.0,2,1.0,Husband/wife,"1 or more years of college credit, no degree",Male,"Civilian employed, at work",50 to 52 weeks worked during past 12 months,"Car, truck, or van",,,Without a disability,No,No,No,No,No,No,,35_64,True,generative,syn_t017_h0000008,syn_t017_h0000008_r002
14000US06089010900,1,19,87,2.0,2,2,2.0,2.0,,2.0,,,0,18.0,2,,,2,6.0,Reference person,"Some college, but less than 1 year",Female,Not in labor force,,,,,Without a disability,No,No,No,No,No,No,,65_plus,True,generative,syn_t017_h0000009,syn_t017_h0000009_r001
14000US06089010900,2,15,60,2.0,2,2,2.0,2.0,,1.0,15.0,1.0,13,19.0,1,20.0,3.0,1,1.0,Unmarried partner,"1 or more years of college credit, no degree",Male,"Civilian employed, at work",40 to 47 weeks worked during past 12 months,"Car, truck, or van",,,With a disability,No,No,Yes,No,No,No,,35_64,True,generative,syn_t017_h0000009,syn_t017_h0000009_r002
14000US06089010900,1,32,60,1.0,2,2,2.0,1.0,,2.0,10.0,1.0,0,21.0,2,45.0,1.0,1,1.0,Reference person,Bachelor's degree,Female,"Civilian employed, at work",50 to 52 weeks worked during past 12 months,"Car, truck, or van",,,With a disability,No,No,No,Yes,No,Yes,,35_64,True,generative,syn_t017_h0000010,syn_t017_h0000010_r001
14000US06089010900,2,44,16,2.0,2,2,2.0,2.0,,2.0,,,7,12.0,2,,,2,6.0,Grandchild,Grade 9,Female,Not in labor force,,,,,Without a disability,No,No,No,No,No,No,,0_17,False,dependent,syn_t017_h0000010,syn_t017_h0000010_r002
14000US06089010900,3,46,9,2.0,2,2,,2.0,,2.0,,,7,6.0,1,,,2,,Grandchild,Grade 3,Male,,,,,,Without a disability,No,No,No,No,,No,,0_17,False,dependent,syn_t017_h0000010,syn_t017_h0000010_r003
14000US06089010900,4,32,58,2.0,2,2,2.0,2.0,,2.0,,,13,16.0,1,,,2,6.0,Unmarried partner,Regular high school diploma,Male,Not in labor force,,,,,Without a disability,No,No,No,No,No,No,,35_64,True,generative,syn_t017_h0000010,syn_t017_h0000010_r004
14000US06089010900,1,25,24,2.0,2,2,2.0,2.0,,2.0,5.0,1.0,0,22.0,2,45.0,1.0,2,1.0,Reference person,Master's degree,Female,"Civilian employed, at work",50 to 52 weeks worked during past 12 months,"Car, truck, or van",,,Without a disability,No,No,No,No,No,No,,18_34,True,generative,syn_t017_h0000011,syn_t017_h0000011_r001
14000US06089010900,1,34,35,2.0,2,2,2.0,2.0,,2.0,10.0,1.0,0,20.0,1,45.0,1.0,2,1.0,Reference person,Associate's degree,Male,"Civilian employed, at work",50 to 52 weeks worked during past 12 months,"Car, truck, or van",,,Without a disability,No,No,No,No,No,No,,35_64,True,generative,syn_t017_h0000012,syn_t017_h0000012_r001
14000US06089010900,2,34,43,2.0,2,2,2.0,2.0,,2.0,15.0,1.0,1,21.0,1,50.0,1.0,2,1.0,Husband/wife,Bachelor's degree,Male,"Civilian employed, at work",50 to 52 weeks worked during past 12 months,"Car, truck, or van",,,Without a disability,No,No,No,No,No,No,,35_64,True,generative,syn_t017_h0000012,syn_t017_h0000012_r002
14000US06089010900,3,48,0,,2,2,,,,,,,2,,2,,,2,,Biological son or daughter,,Female,,,,,,Without a disability,No,No,,,,,,0_17,False,dependent,syn_t017_h0000012,syn_t017_h0000012_r003
14000US06089010900,4,49,0,,2,2,,,,,,,2,,2,,,2,,Biological son or daughter,,Female,,,,,,Without a disability,No,No,,,,,,0_17,False,dependent,syn_t017_h0000012,syn_t017_h0000012_r004
14000US06089010900,1,14,37,2.0,2,2,2.0,2.0,,2.0,,,0,21.0,2,30.0,3.0,2,3.0,Reference person,Bachelor's degree,Female,Unemployed,40 to 47 weeks worked during past 12 months,,,,Without a disability,No,No,No,No,No,No,,35_64,True,generative,syn_t017_h0000013,syn_t017_h0000013_r001
14000US06089010900,2,11,16,2.0,2,2,2.0,2.0,,2.0,,,2,12.0,2,,,2,6.0,Biological son or daughter,Grade 9,Female,Not in labor force,,,,,Without a disability,No,No,No,No,No,No,,0_17,False,dependent,syn_t017_h0000013,syn_t017_h0000013_r002
14000US06089010900,1,12,58,2.0,2,2,2.0,2.0,,2.0,10.0,1.0,0,24.0,2,40.0,1.0,2,1.0,Reference person,Doctorate degree,Female,"Civilian employed, at work",50 to 52 weeks worked during past 12 months,"Car, truck, or van",,,Without a disability,No,No,No,No,No,No,,35_64,True,generative,syn_t017_h0000014,syn_t017_h0000014_r001
14000US06089010900,2,13,24,2.0,2,2,2.0,2.0,,2.0,15.0,9.0,2,16.0,1,25.0,6.0,2,1.0,Biological son or daughter,Regular high school diploma,Male,"Civilian employed, at work",less than 14 weeks worked during past 12 months,Bicycle,,,Without a disability,No,No,No,No,No,No,,18_34,True,generative,syn_t017_h0000014,syn_t017_h0000014_r002
14000US06089010900,1,15,37,2.0,2,2,2.0,2.0,,2.0,10.0,1.0,0,21.0,1,35.0,1.0,2,1.0,Reference person,Bachelor's degree,Male,"Civilian employed, at work",50 to 52 weeks worked during past 12 months,"Car, truck, or van",,,Without a disability,No,No,No,No,No,No,,35_64,True,generative,syn_t017_h0000015,syn_t017_h0000015_r001
14000US06089010900,1,7,70,2.0,2,2,2.0,2.0,2.0,2.0,,,0,20.0,1,,,2,6.0,Reference person,Associate's degree,Male,Not in labor force,,,,,Without a disability,No,No,No,No,No,No,10 or 20 percent,65_plus,True,generative,syn_t017_h0000016,syn_t017_h0000016_r001
14000US06089010900,2,7,66,2.0,2,2,2.0,2.0,,2.0,70.0,1.0,1,18.0,2,4.0,1.0,2,1.0,Husband/wife,"Some college, but less than 1 year",Female,"Civilian employed, at work",50 to 52 weeks worked during past 12 months,"Car, truck, or van",,,Without a disability,No,No,No,No,No,No,,65_plus,True,generative,syn_t017_h0000016,syn_t017_h0000016_r002
14000US06089010900,1,71,35,1.0,2,2,1.0,1.0,,1.0,,,0,19.0,1,,,1,6.0,Reference person,"1 or more years of college credit, no degree",Male,Not in labor force,,,,,With a disability,No,No,Yes,Yes,Yes,Yes,,35_64,True,generative,syn_t017_h0000017,syn_t017_h0000017_r001
14000US06089010900,2,50,34,2.0,2,2,2.0,2.0,,2.0,10.0,1.0,13,19.0,2,40.0,1.0,2,1.0,Unmarried partner,"1 or more years of college credit, no degree",Female,"Civilian employed, at work",50 to 52 weeks worked during past 12 months,"Car, truck, or van",,,Without a disability,No,No,No,No,No,No,,18_34,True,generative,syn_t017_h0000017,syn_t017_h0000017_r002
14000US06089010900,3,74,15,2.0,2,2,2.0,2.0,,2.0,,,15,11.0,1,,,2,,Other nonrelative,Grade 8,Male,,,,,,Without a disability,No,No,No,No,No,No,,0_17,False,dependent,syn_t017_h0000017,syn_t017_h0000017_r003
14000US06089010900,4,97,10,2.0,2,2,,2.0,,2.0,,,15,7.0,1,,,2,,Other nonrelative,Grade 4,Male,,,,,,Without a disability,No,No,No,No,,No,,0_17,False,dependent,syn_t017_h0000017,syn_t017_h0000017_r004
14000US06089010900,1,17,59,2.0,2,2,2.0,2.0,,2.0,,,0,20.0,2,,,2,6.0,Reference person,Associate's degree,Female,Not in labor force,,,,,Without a disability,No,No,No,No,No,No,,35_64,True,generative,syn_t017_h0000018,syn_t017_h0000018_r001
14000US06089010900,2,18,62,2.0,2,2,2.0,2.0,,2.0,10.0,1.0,1,18.0,1,40.0,1.0,2,1.0,Husband/wife,"Some college, but less than 1 year",Male,"Civilian employed, at work",50 to 52 weeks worked during past 12 months,"Car, truck, or van",,,Without a disability,No,No,No,No,No,No,,35_64,True,generative,syn_t017_h0000018,syn_t017_h0000018_r002
14000US06089010900,3,26,39,2.0,2,2,2.0,2.0,,2.0,20.0,1.0,2,21.0,2,24.0,4.0,2,1.0,Biological son or daughter,Bachelor's degree,Female,"Civilian employed, at work",27 to 39 weeks worked during past 12 months,"Car, truck, or van",,,Without a disability,No,No,No,No,No,No,,35_64,True,generative,syn_t017_h0000018,syn_t017_h0000018_r003
14000US06089010900,1,73,22,2.0,2,2,2.0,2.0,,2.0,45.0,10.0,0,19.0,1,20.0,4.0,2,1.0,Reference person,"1 or more years of college credit, no degree",Male,"Civilian employed, at work",27 to 39 weeks worked during past 12 months,Walked,,,Without a disability,No,No,No,No,No,No,,18_34,True,generative,syn_t017_h0000019,syn_t017_h0000019_r001
14000US06089010900,1,65,58,2.0,2,2,2.0,2.0,,2.0,,,0,19.0,1,,,2,6.0,Reference person,"1 or more years of college credit, no degree",Male,Not in labor force,,,,,Without a disability,No,No,No,No,No,No,,35_64,True,generative,syn_t017_h0000020,syn_t017_h0000020_r001
14000US06089010900,2,68,61,2.0,2,2,2.0,2.0,,2.0,7.0,1.0,1,19.0,2,60.0,1.0,2,1.0,Husband/wife,"1 or more years of college credit, no degree",Female,"Civilian employed, at work",50 to 52 weeks worked during past 12 months,"Car, truck, or van",,,Without a disability,No,No,No,No,No,No,,35_64,True,generative,syn_t017_h0000020,syn_t017_h0000020_r002
14000US06089010900,1,90,25,2.0,2,2,2.0,2.0,,2.0,141.0,1.0,0,19.0,1,60.0,1.0,2,1.0,Reference person,"1 or more years of college credit, no degree",Male,"Civilian employed, at work",50 to 52 weeks worked during past 12 months,"Car, truck, or van",,,Without a disability,No,No,No,No,No,No,,18_34,True,generative,syn_t017_h0000021,syn_t017_h0000021_r001
14000US06089010900,2,57,21,2.0,2,2,2.0,2.0,,2.0,20.0,1.0,13,19.0,2,40.0,1.0,2,1.0,Unmarried partner,"1 or more years of college credit, no degree",Female,"Civilian employed, at work",50 to 52 weeks worked during past 12 months,"Car, truck, or van",,,Without a disability,No,No,No,No,No,No,,18_34,True,generative,syn_t017_h0000021,syn_t017_h0000021_r002
14000US06089010900,1,20,66,2.0,2,2,2.0,1.0,,2.0,,,0,19.0,2,,,1,6.0,Reference person,"1 or more years of college credit, no degree",Female,Not in labor force,,,,,With a disability,No,No,No,Yes,No,No,,65_plus,True,generative,syn_t017_h0000022,syn_t017_h0000022_r001
14000US06089010900,2,19,69,2.0,2,2,2.0,2.0,,2.0,,,1,19.0,1,,,2,6.0,Husband/wife,"1 or more years of college credit, no degree",Male,Not in labor force,,,,,Without a disability,No,No,No,No,No,No,,65_plus,True,generative,syn_t017_h0000022,syn_t017_h0000022_r002
14000US06089010900,1,22,71,2.0,2,2,2.0,2.0,,2.0,,,0,12.0,2,,,2,6.0,Reference person,Grade 9,Female,Not in labor force,,,,,Without a disability,No,No,No,No,No,No,,65_plus,True,generative,syn_t017_h0000023,syn_t017_h0000023_r001
14000US06089010900,2,27,63,2.0,2,2,2.0,2.0,,2.0,,,5,16.0,1,,,2,6.0,Brother or sister,Regular high school diploma,Male,Not in labor force,,,,,Without a disability,No,No,No,No,No,No,,35_64,True,generative,syn_t017_h0000023,syn_t017_h0000023_r002
14000US06089010900,3,27,89,2.0,2,2,2.0,2.0,,2.0,,,6,13.0,2,,,2,6.0,Father or mother,Grade 10,Female,Not in labor force,,,,,Without a disability,No,No,No,No,No,No,,65_plus,True,generative,syn_t017_h0000023,syn_t017_h0000023_r003
14000US06089010900,4,25,33,2.0,2,2,2.0,2.0,,2.0,,,7,16.0,2,,,2,6.0,Grandchild,Regular high school diploma,Female,Not in labor force,,,,,Without a disability,No,No,No,No,No,No,,18_34,True,generative,syn_t017_h0000023,syn_t017_h0000023_r004
14000US06089010900,5,23,2,,2,2,,,,,,,7,,1,,,2,,Grandchild,,Male,,,,,,Without a disability,No,No,,,,,,0_17,False,dependent,syn_t017_h0000023,syn_t017_h0000023_r005
14000US06089010900,1,23,74,2.0,2,2,2.0,2.0,,2.0,20.0,1.0,0,16.0,2,32.0,1.0,2,1.0,Reference person,Regular high school diploma,Female,"Civilian employed, at work",50 to 52 weeks worked during past 12 months,"Car, truck, or van",,,Without a disability,No,No,No,No,No,No,,65_plus,True,generative,syn_t017_h0000024,syn_t017_h0000024_r001
14000US06089010900,2,31,57,2.0,2,2,2.0,2.0,,2.0,20.0,1.0,2,19.0,2,36.0,6.0,2,1.0,Biological son or daughter,"1 or more years of college credit, no degree",Female,"Civilian employed, at work",less than 14 weeks worked during past 12 months,"Car, truck, or van",,,Without a disability,No,No,No,No,No,No,,35_64,True,generative,syn_t017_h0000024,syn_t017_h0000024_r002
14000US06089010900,3,28,57,2.0,2,2,2.0,2.0,,2.0,45.0,1.0,2,1.0,1,22.0,1.0,2,1.0,Biological son or daughter,No schooling completed,Male,"Civilian employed, at work",50 to 52 weeks worked during past 12 months,"Car, truck, or van",,,Without a disability,No,No,No,No,No,No,,35_64,True,generative,syn_t017_h0000024,syn_t017_h0000024_r003
14000US06089010900,4,26,54,2.0,2,2,2.0,2.0,,2.0,,,2,16.0,1,,,2,6.0,Biological son or daughter,Regular high school diploma,Male,Not in labor force,,,,,Without a disability,No,No,No,No,No,No,,35_64,True,generative,syn_t017_h0000024,syn_t017_h0000024_r004
14000US06089010900,5,25,52,2.0,2,2,1.0,2.0,,2.0,,,2,16.0,1,,,1,6.0,Biological son or daughter,Regular high school diploma,Male,Not in labor force,,,,,With a disability,No,No,No,No,Yes,No,,35_64,True,generative,syn_t017_h0000024,syn_t017_h0000024_r005
14000US06089011001,1,48,51,2.0,2,2,1.0,2.0,,1.0,,,0,19.0,1,40.0,1.0,1,2.0,Reference person,"1 or more years of college credit, no degree",Male,"Civilian employed, with a job but not at work",50 to 52 weeks worked during past 12 months,,,,With a disability,No,No,Yes,No,Yes,No,,35_64,True,generative,syn_t018_h0000001,syn_t018_h0000001_r001
14000US06089011001,2,52,31,2.0,2,2,2.0,2.0,,2.0,,,2,19.0,1,40.0,5.0,2,6.0,Biological son or daughter,"1 or more years of college credit, no degree",Male,Not in labor force,14 to 26 weeks worked during past 12 months,,,,Without a disability,No,No,No,No,No,No,,18_34,True,generative,syn_t018_h0000001,syn_t018_h0000001_r002
14000US06089011001,3,52,32,2.0,2,2,2.0,2.0,,2.0,15.0,1.0,11,19.0,1,76.0,1.0,2,1.0,Roomer or boarder,"1 or more years of college credit, no degree",Male,"Civilian employed, at work",50 to 52 weeks worked during past 12 months,"Car, truck, or van",,,Without a disability,No,No,No,No,No,No,,18_34,True,generative,syn_t018_h0000001,syn_t018_h0000001_r003
14000US06089011001,1,16,51,2.0,2,2,2.0,2.0,,2.0,1.0,1.0,0,19.0,1,55.0,1.0,2,1.0,Reference person,"1 or more years of college credit, no degree",Male,"Civilian employed, at work",50 to 52 weeks worked during past 12 months,"Car, truck, or van",,,Without a disability,No,No,No,No,No,No,,35_64,True,generative,syn_t018_h0000002,syn_t018_h0000002_r001
14000US06089011001,2,18,45,2.0,2,2,2.0,2.0,,2.0,,11.0,1,20.0,2,60.0,1.0,2,1.0,Husband/wife,Associate's degree,Female,"Civilian employed, at work",50 to 52 weeks worked during past 12 months,Worked at home,,,Without a disability,No,No,No,No,No,No,,35_64,True,generative,syn_t018_h0000002,syn_t018_h0000002_r002
14000US06089011001,3,21,20,2.0,2,2,2.0,2.0,,2.0,15.0,1.0,2,20.0,2,40.0,1.0,2,1.0,Biological son or daughter,Associate's degree,Female,"Civilian employed, at work",50 to 52 weeks worked during past 12 months,"Car, truck, or van",,,Without a disability,No,No,No,No,No,No,,18_34,True,generative,syn_t018_h0000002,syn_t018_h0000002_r003
14000US06089011001,4,19,26,2.0,2,2,2.0,2.0,,2.0,,,4,16.0,2,,,2,6.0,Stepson or stepdaughter,Regular high school diploma,Female,Not in labor force,,,,,Without a disability,No,No,No,No,No,No,,18_34,True,generative,syn_t018_h0000002,syn_t018_h0000002_r004
14000US06089011001,5,18,0,,2,2,,,,,,,7,,2,,,2,,Grandchild,,Female,,,,,,Without a disability,No,No,,,,,,0_17,False,dependent,syn_t018_h0000002,syn_t018_h0000002_r005
14000US06089011001,1,17,37,2.0,2,2,2.0,2.0,,2.0,15.0,1.0,0,14.0,1,30.0,1.0,2,1.0,Reference person,Grade 11,Male,"Civilian employed, at work",50 to 52 weeks worked during past 12 months,"Car, truck, or van",,,Without a disability,No,No,No,No,No,No,,35_64,True,generative,syn_t018_h0000003,syn_t018_h0000003_r001
14000US06089011001,2,14,31,2.0,2,2,2.0,2.0,,2.0,15.0,1.0,1,13.0,2,48.0,1.0,2,1.0,Husband/wife,Grade 10,Female,"Civilian employed, at work",50 to 52 weeks worked during past 12 months,"Car, truck, or van",,,Without a disability,No,No,No,No,No,No,,18_34,True,generative,syn_t018_h0000003,syn_t018_h0000003_r002
14000US06089011001,3,17,14,2.0,2,2,,2.0,,2.0,,,4,11.0,2,,,2,,Stepson or stepdaughter,Grade 8,Female,,,,,,Without a disability,No,No,No,No,,No,,0_17,False,dependent,syn_t018_h0000003,syn_t018_h0000003_r003
14000US06089011001,1,38,60,2.0,2,2,2.0,2.0,,2.0,15.0,1.0,0,19.0,1,40.0,5.0,2,1.0,Reference person,"1 or more years of college credit, no degree",Male,"Civilian employed, at work",14 to 26 weeks worked during past 12 months,"Car, truck, or van",,,Without a disability,No,No,No,No,No,No,,35_64,True,generative,syn_t018_h0000004,syn_t018_h0000004_r001
14000US06089011001,2,58,19,2.0,2,2,2.0,2.0,,2.0,,,4,14.0,1,,,2,6.0,Stepson or stepdaughter,Grade 11,Male,Not in labor force,,,,,Without a disability,No,No,No,No,No,No,,18_34,True,generative,syn_t018_h0000004,syn_t018_h0000004_r002
14000US06089011001,3,41,45,2.0,2,2,2.0,2.0,,2.0,,,13,19.0,2,,,2,6.0,Unmarried partner,"1 or more years of college credit, no degree",Female,Not in labor force,,,,,Without a disability,No,No,No,No,No,No,,35_64,True,generative,syn_t018_h0000004,syn_t018_h0000004_r003
14000US06089011001,1,23,29,2.0,2,2,2.0,2.0,,2.0,10.0,1.0,0,19.0,1,30.0,1.0,2,1.0,Reference person,"1 or more years of college credit, no degree",Male,"Civilian employed, at work",50 to 52 weeks worked during past 12 months,"Car, truck, or van",,,Without a disability,No,No,No,No,No,No,,18_34,True,generative,syn_t018_h0000005,syn_t018_h0000005_r001
14000US06089011001,2,18,0,,2,2,,,,,,,2,,2,,,2,,Biological son or daughter,,Female,,,,,,Without a disability,No,No,,,,,,0_17,False,dependent,syn_t018_h0000005,syn_t018_h0000005_r002
14000US06089011001,3,12,30,2.0,2,2,2.0,2.0,,2.0,10.0,1.0,13,19.0,2,25.0,1.0,2,1.0,Unmarried partner,"1 or more years of college credit, no degree",Female,"Civilian employed, at work",50 to 52 weeks worked during past 12 months,"Car, truck, or van",,,Without a disability,No,No,No,No,No,No,,18_34,True,generative,syn_t018_h0000005,syn_t018_h0000005_r003
14000US06089011001,1,10,71,2.0,2,2,2.0,2.0,,2.0,,,0,19.0,1,,,2,6.0,Reference person,"1 or more years of college credit, no degree",Male,Not in labor force,,,,,Without a disability,No,No,No,No,No,No,,65_plus,True,generative,syn_t018_h0000006,syn_t018_h0000006_r001
14000US06089011001,2,11,68,2.0,2,2,2.0,2.0,,2.0,,,1,1.0,2,,,2,6.0,Husband/wife,No schooling completed,Female,Not in labor force,,,,,Without a disability,No,No,No,No,No,No,,65_plus,True,generative,syn_t018_h0000006,syn_t018_h0000006_r002
14000US06089011001,1,34,63,2.0,2,2,2.0,2.0,,2.0,30.0,1.0,0,19.0,1,60.0,1.0,2,1.0,Reference person,"1 or more years of college credit, no degree",Male,"Civilian employed, at work",50 to 52 weeks worked during past 12 months,"Car, truck, or van",,,Without a disability,No,No,No,No,No,No,,35_64,True,generative,syn_t018_h0000007,syn_t018_h0000007_r001
14000US06089011001,2,55,16,2.0,2,2,2.0,2.0,,2.0,,,2,13.0,1,,,2,6.0,Biological son or daughter,Grade 10,Male,Not in labor force,,,,,Without a disability,No,No,No,No,No,No,,0_17,False,dependent,syn_t018_h0000007,syn_t018_h0000007_r002
14000US06089011001,3,40,42,2.0,2,2,2.0,2.0,,2.0,,,13,20.0,2,50.0,2.0,2,6.0,Unmarried partner,Associate's degree,Female,Not in labor force,48 to 49 weeks worked during past 12 months,,,,Without a disability,No,No,No,No,No,No,,35_64,True,generative,syn_t018_h0000007,syn_t018_h0000007_r003
14000US06089011001,1,9,53,2.0,1,2,1.0,1.0,4.0,2.0,15.0,1.0,0,23.0,1,20.0,1.0,1,1.0,Reference person,Professional degree beyond a bachelor's degree,Male,"Civilian employed, at work",50 to 52 weeks worked during past 12 months,"Car, truck, or van",,,With a disability,Yes,No,No,Yes,Yes,No,50 or 60 percent,35_64,True,generative,syn_t018_h0000008,syn_t018_h0000008_r001
14000US06089011001,2,7,52,2.0,2,2,2.0,2.0,,2.0,,,1,18.0,2,,,2,6.0,Husband/wife,"Some college, but less than 1 year",Female,Not in labor force,,,,,Without a disability,No,No,No,No,No,No,,35_64,True,generative,syn_t018_h0000008,syn_t018_h0000008_r002
14000US06089011001,1,17,55,2.0,2,2,2.0,2.0,,2.0,10.0,1.0,0,24.0,2,50.0,1.0,2,1.0,Reference person,Doctorate degree,Female,"Civilian employed, at work",50 to 52 weeks worked during past 12 months,"Car, truck, or van",,,Without a disability,No,No,No,No,No,No,,35_64,True,generative,syn_t018_h0000009,syn_t018_h0000009_r001
14000US06089011001,2,18,61,2.0,2,2,2.0,2.0,,2.0,10.0,1.0,1,13.0,1,40.0,1.0,2,1.0,Husband/wife,Grade 10,Male,"Civilian employed, at work",50 to 52 weeks worked during past 12 months,"Car, truck, or van",,,Without a disability,No,No,No,No,No,No,,35_64,True,generative,syn_t018_h0000009,syn_t018_h0000009_r002
14000US06089011001,3,20,84,2.0,2,2,2.0,2.0,,2.0,,,8,20.0,2,,,2,6.0,Parent-in-law,Associate's degree,Female,Not in labor force,,,,,Without a disability,No,No,No,No,No,No,,65_plus,True,generative,syn_t018_h0000009,syn_t018_h0000009_r003
14000US06089011002,1,9,83,2.0,2,2,2.0,2.0,,2.0,,,0,17.0,1,,,2,6.0,Reference person,GED or alternative credential,Male,Not in labor force,,,,,Without a disability,No,No,No,No,No,No,,65_plus,True,generative,syn_t019_h0000001,syn_t019_h0000001_r001
14000US06089011002,2,15,29,2.0,2,2,2.0,2.0,,2.0,20.0,1.0,7,16.0,2,45.0,3.0,2,1.0,Grandchild,Regular high school diploma,Female,"Civilian employed, at work",40 to 47 weeks worked during past 12 months,"Car, truck, or van",,,Without a disability,No,No,No,No,No,No,,18_34,True,generative,syn_t019_h0000001,syn_t019_h0000001_r002
14000US06089011002,3,13,84,2.0,2,2,2.0,2.0,,2.0,30.0,1.0,10,19.0,1,32.0,3.0,2,1.0,Other relative,"1 or more years of college credit, no degree",Male,"Civilian employed, at work",40 to 47 weeks worked during past 12 months,"Car, truck, or van",,,Without a disability,No,No,No,No,No,No,,65_plus,True,generative,syn_t019_h0000001,syn_t019_h0000001_r003
14000US06089011002,4,17,72,2.0,2,2,2.0,2.0,,2.0,20.0,1.0,15,16.0,2,6.0,2.0,2,1.0,Other nonrelative,Regular high school diploma,Female,"Civilian employed, at work",48 to 49 weeks worked during past 12 months,"Car, truck, or van",,,Without a disability,No,No,No,No,No,No,,65_plus,True,generative,syn_t019_h0000001,syn_t019_h0000001_r004
14000US06089011002,1,43,78,2.0,1,1,2.0,1.0,,2.0,,11.0,0,19.0,1,70.0,1.0,1,1.0,Reference person,"1 or more years of college credit, no degree",Male,"Civilian employed, at work",50 to 52 weeks worked during past 12 months,Worked at home,,,With a disability,Yes,Yes,No,Yes,No,No,,65_plus,True,generative,syn_t019_h0000002,syn_t019_h0000002_r001
14000US06089011002,1,41,58,2.0,2,2,2.0,2.0,,2.0,25.0,1.0,0,20.0,1,70.0,4.0,2,1.0,Reference person,Associate's degree,Male,"Civilian employed, at work",27 to 39 weeks worked during past 12 months,"Car, truck, or van",,,Without a disability,No,No,No,No,No,No,,35_64,True,generative,syn_t019_h0000003,syn_t019_h0000003_r001
14000US06089011002,2,44,57,2.0,2,2,2.0,2.0,,2.0,25.0,1.0,1,19.0,2,70.0,1.0,2,1.0,Husband/wife,"1 or more years of college credit, no degree",Female,"Civilian employed, at work",50 to 52 weeks worked during past 12 months,"Car, truck, or van",,,Without a disability,No,No,No,No,No,No,,35_64,True,generative,syn_t019_h0000003,syn_t019_h0000003_r002
14000US06089011002,1,45,60,2.0,2,2,2.0,2.0,,2.0,10.0,1.0,0,16.0,1,15.0,2.0,2,1.0,Reference person,Regular high school diploma,Male,"Civilian employed, at work",48 to 49 weeks worked during past 12 months,"Car, truck, or van",,,Without a disability,No,No,No,No,No,No,,35_64,True,generative,syn_t019_h0000004,syn_t019_h0000004_r001
14000US06089011002,2,57,14,2.0,2,2,,2.0,,2.0,,,2,11.0,2,,,2,,Biological son or daughter,Grade 8,Female,,,,,,Without a disability,No,No,No,No,,No,,0_17,False,dependent,syn_t019_h0000004,syn_t019_h0000004_r002
14000US06089011002,1,14,82,2.0,2,2,2.0,2.0,,2.0,,,0,16.0,1,,,2,6.0,Reference person,Regular high school diploma,Male,Not in labor force,,,,,Without a disability,No,No,No,No,No,No,,65_plus,True,generative,syn_t019_h0000005,syn_t019_h0000005_r001
14000US06089011002,2,17,81,2.0,2,2,2.0,2.0,,2.0,,,1,16.0,2,,,2,6.0,Husband/wife,Regular high school diploma,Female,Not in labor force,,,,,Without a disability,No,No,No,No,No,No,,65_plus,True,generative,syn_t019_h0000005,syn_t019_h0000005_r002
14000US06089011002,1,21,55,2.0,2,2,2.0,2.0,,2.0,,,0,20.0,1,,,2,6.0,Reference person,Associate's degree,Male,Not in labor force,,,,,Without a disability,No,No,No,No,No,No,,35_64,True,generative,syn_t019_h0000006,syn_t019_h0000006_r001
14000US06089011002,2,25,53,2.0,2,2,2.0,2.0,,2.0,15.0,1.0,1,21.0,2,40.0,1.0,2,1.0,Husband/wife,Bachelor's degree,Female,"Civilian employed, at work",50 to 52 weeks worked during past 12 months,"Car, truck, or van",,,Without a disability,No,No,No,No,No,No,,35_64,True,generative,syn_t019_h0000006,syn_t019_h0000006_r002
14000US06089011002,3,56,27,2.0,2,2,2.0,2.0,,2.0,,,2,21.0,1,30.0,6.0,2,3.0,Biological son or daughter,Bachelor's degree,Male,Unemployed,less than 14 weeks worked during past 12 months,,,,Without a disability,No,No,No,No,No,No,,18_34,True,generative,syn_t019_h0000006,syn_t019_h0000006_r003
14000US06089011002,1,23,75,2.0,2,2,2.0,2.0,,2.0,,,0,13.0,1,,,2,6.0,Reference person,Grade 10,Male,Not in labor force,,,,,Without a disability,No,No,No,No,No,No,,65_plus,True,generative,syn_t019_h0000007,syn_t019_h0000007_r001
14000US06089011002,1,7,65,2.0,2,2,2.0,2.0,,2.0,15.0,1.0,0,19.0,1,40.0,1.0,2,1.0,Reference person,"1 or more years of college credit, no degree",Male,"Civilian employed, at work",50 to 52 weeks worked during past 12 months,"Car, truck, or van",,,Without a disability,No,No,No,No,No,No,,65_plus,True,generative,syn_t019_h0000008,syn_t019_h0000008_r001
14000US06089011002,2,8,61,2.0,2,2,2.0,1.0,,2.0,,,1,16.0,2,,,1,6.0,Husband/wife,Regular high school diploma,Female,Not in labor force,,,,,With a disability,No,No,No,Yes,No,No,,35_64,True,generative,syn_t019_h0000008,syn_t019_h0000008_r002
14000US06089011002,1,19,68,2.0,2,2,2.0,1.0,,1.0,,,0,20.0,1,,,1,6.0,Reference person,Associate's degree,Male,Not in labor force,,,,,With a disability,No,No,Yes,Yes,No,No,,65_plus,True,generative,syn_t019_h0000009,syn_t019_h0000009_r001
14000US06089011002,1,32,42,2.0,2,2,2.0,2.0,,2.0,,11.0,0,19.0,2,40.0,1.0,2,1.0,Reference person,"1 or more years of college credit, no degree",Female,"Civilian employed, at work",50 to 52 weeks worked during past 12 months,Worked at home,,,Without a disability,No,No,No,No,No,No,,35_64,True,generative,syn_t019_h0000010,syn_t019_h0000010_r001
14000US06089011002,2,43,12,2.0,2,2,,2.0,,1.0,,,2,7.0,1,,,1,,Biological son or daughter,Grade 4,Male,,,,,,With a disability,No,No,Yes,No,,No,,0_17,False,dependent,syn_t019_h0000010,syn_t019_h0000010_r002
14000US06089011002,3,43,11,2.0,2,2,,2.0,,1.0,,,2,7.0,1,,,1,,Biological son or daughter,Grade 4,Male,,,,,,With a disability,No,No,Yes,No,,No,,0_17,False,dependent,syn_t019_h0000010,syn_t019_h0000010_r003
14000US06089011002,4,43,7,2.0,2,2,,2.0,,2.0,,,2,3.0,1,,,2,,Biological son or daughter,Kindergarten,Male,,,,,,Without a disability,No,No,No,No,,No,,0_17,False,dependent,syn_t019_h0000010,syn_t019_h0000010_r004
14000US06089011002,1,31,59,2.0,2,2,2.0,2.0,,2.0,15.0,1.0,0,18.0,2,40.0,1.0,2,1.0,Reference person,"Some college, but less than 1 year",Female,"Civilian employed, at work",50 to 52 weeks worked during past 12 months,"Car, truck, or van",,,Without a disability,No,No,No,No,No,No,,35_64,True,generative,syn_t019_h0000011,syn_t019_h0000011_r001
14000US06089011002,1,18,42,2.0,2,2,2.0,2.0,,2.0,,,0,19.0,1,,,2,6.0,Reference person,"1 or more years of college credit, no degree",Male,Not in labor force,,,,,Without a disability,No,No,No,No,No,No,,35_64,True,generative,syn_t019_h0000012,syn_t019_h0000012_r001
14000US06089011002,1,21,74,2.0,2,2,2.0,2.0,,1.0,,,0,19.0,1,,,1,6.0,Reference person,"1 or more years of college credit, no degree",Male,Not in labor force,,,,,With a disability,No,No,Yes,No,No,No,,65_plus,True,generative,syn_t019_h0000013,syn_t019_h0000013_r001
14000US06089011002,1,11,59,2.0,2,2,2.0,2.0,,2.0,15.0,1.0,0,18.0,2,40.0,1.0,2,1.0,Reference person,"Some college, but less than 1 year",Female,"Civilian employed, at work",50 to 52 weeks worked during past 12 months,"Car, truck, or van",,,Without a disability,No,No,No,No,No,No,,35_64,True,generative,syn_t019_h0000014,syn_t019_h0000014_r001
14000US06089011002,2,20,72,2.0,1,2,2.0,2.0,,1.0,,,10,18.0,1,,,1,6.0,Other relative,"Some college, but less than 1 year",Male,Not in labor force,,,,,With a disability,Yes,No,Yes,No,No,No,,65_plus,True,generative,syn_t019_h0000014,syn_t019_h0000014_r002
14000US06089011002,1,9,66,2.0,2,2,2.0,2.0,,2.0,,,0,16.0,1,,,2,6.0,Reference person,Regular high school diploma,Male,Not in labor force,,,,,Without a disability,No,No,No,No,No,No,,65_plus,True,generative,syn_t019_h0000015,syn_t019_h0000015_r001
14000US06089011002,2,9,20,2.0,2,2,2.0,2.0,,2.0,,,2,16.0,1,,,2,6.0,Biological son or daughter,Regular high school diploma,Male,Not in labor force,,,,,Without a disability,No,No,No,No,No,No,,18_34,True,generative,syn_t019_h0000015,syn_t019_h0000015_r002
14000US06089011002,1,11,64,1.0,2,2,1.0,1.0,,1.0,,,0,20.0,1,,,1,6.0,Reference person,Associate's degree,Male,Not in labor force,,,,,With a disability,No,No,Yes,Yes,Yes,Yes,,35_64,True,generative,syn_t019_h0000016,syn_t019_h0000016_r001
14000US06089011002,1,40,43,2.0,2,2,2.0,2.0,,2.0,5.0,1.0,0,19.0,2,40.0,1.0,2,1.0,Reference person,"1 or more years of college credit, no degree",Female,"Civilian employed, at work",50 to 52 weeks worked during past 12 months,"Car, truck, or van",,,Without a disability,No,No,No,No,No,No,,35_64,True,generative,syn_t019_h0000017,syn_t019_h0000017_r001
14000US06089011002,1,36,60,2.0,2,2,2.0,2.0,,2.0,,11.0,0,22.0,2,40.0,1.0,2,1.0,Reference person,Master's degree,Female,"Civilian employed, at work",50 to 52 weeks worked during past 12 months,Worked at home,,,Without a disability,No,No,No,No,No,No,,35_64,True,generative,syn_t019_h0000018,syn_t019_h0000018_r001
14000US06089011002,2,32,66,1.0,2,2,1.0,1.0,5.0,1.0,,,1,21.0,1,,,1,6.0,Husband/wife,Bachelor's degree,Male,Not in labor force,,,,,With a disability,No,No,Yes,Yes,Yes,Yes,"70, 80, 90, or 100 percent",65_plus,True,generative,syn_t019_h0000018,syn_t019_h0000018_r002
14000US06089011002,1,13,85,2.0,2,2,2.0,2.0,,2.0,,,0,22.0,1,,,2,6.0,Reference person,Master's degree,Male,Not in labor force,,,,,Without a disability,No,No,No,No,No,No,,65_plus,True,generative,syn_t019_h0000019,syn_t019_h0000019_r001
14000US06089011002,2,11,82,2.0,2,2,2.0,2.0,,2.0,,,1,18.0,2,,,2,6.0,Husband/wife,"Some college, but less than 1 year",Female,Not in labor force,,,,,Without a disability,No,No,No,No,No,No,,65_plus,True,generative,syn_t019_h0000019,syn_t019_h0000019_r002
14000US06089011002,1,9,50,2.0,2,2,2.0,2.0,,2.0,,,0,19.0,1,,,2,6.0,Reference person,"1 or more years of college credit, no degree",Male,Not in labor force,,,,,Without a disability,No,No,No,No,No,No,,35_64,True,generative,syn_t019_h0000020,syn_t019_h0000020_r001
14000US06089011002,1,80,22,2.0,2,2,2.0,2.0,,2.0,30.0,1.0,0,16.0,2,40.0,1.0,2,1.0,Reference person,Regular high school diploma,Female,"Civilian employed, at work",50 to 52 weeks worked during past 12 months,"Car, truck, or van",,,Without a disability,No,No,No,No,No,No,,18_34,True,generative,syn_t019_h0000021,syn_t019_h0000021_r001
14000US06089011002,2,66,4,,2,2,,,,,,,2,1.0,1,,,2,,Biological son or daughter,No schooling completed,Male,,,,,,Without a disability,No,No,,,,,,0_17,False,dependent,syn_t019_h0000021,syn_t019_h0000021_r002
14000US06089011002,3,83,0,,2,2,,,,,,,2,,2,,,2,,Biological son or daughter,,Female,,,,,,Without a disability,No,No,,,,,,0_17,False,dependent,syn_t019_h0000021,syn_t019_h0000021_r003
14000US06089011002,4,83,29,2.0,2,2,2.0,2.0,,2.0,20.0,1.0,13,16.0,1,40.0,1.0,2,1.0,Unmarried partner,Regular high school diploma,Male,"Civilian employed, at work",50 to 52 weeks worked during past 12 months,"Car, truck, or van",,,Without a disability,No,No,No,No,No,No,,18_34,True,generative,syn_t019_h0000021,syn_t019_h0000021_r004
14000US06089011002,1,37,61,2.0,2,2,1.0,2.0,,1.0,,,0,21.0,1,,,1,6.0,Reference person,Bachelor's degree,Male,Not in labor force,,,,,With a disability,No,No,Yes,No,Yes,No,,35_64,True,generative,syn_t019_h0000022,syn_t019_h0000022_r001
14000US06089011002,1,12,80,2.0,2,2,2.0,2.0,,2.0,,,0,16.0,2,,,2,6.0,Reference person,Regular high school diploma,Female,Not in labor force,,,,,Without a disability,No,No,No,No,No,No,,65_plus,True,generative,syn_t019_h0000023,syn_t019_h0000023_r001
14000US06089011002,1,33,58,2.0,2,2,2.0,2.0,,2.0,15.0,1.0,0,18.0,1,50.0,1.0,2,1.0,Reference person,"Some college, but less than 1 year",Male,"Civilian employed, at work",50 to 52 weeks worked during past 12 months,"Car, truck, or van",,,Without a disability,No,No,No,No,No,No,,35_64,True,generative,syn_t019_h0000024,syn_t019_h0000024_r001
14000US06089011002,2,51,62,2.0,2,2,2.0,1.0,,2.0,,,1,16.0,2,,,1,6.0,Husband/wife,Regular high school diploma,Female,Not in labor force,,,,,With a disability,No,No,No,Yes,No,No,,35_64,True,generative,syn_t019_h0000024,syn_t019_h0000024_r002
14000US06089011002,1,17,23,2.0,2,2,2.0,2.0,,2.0,,,0,19.0,1,,,2,6.0,Reference person,"1 or more years of college credit, no degree",Male,Not in labor force,,,,,Without a disability,No,No,No,No,No,No,,18_34,True,generative,syn_t019_h0000025,syn_t019_h0000025_r001
14000US06089011002,2,18,24,2.0,2,2,2.0,2.0,,2.0,,,15,16.0,1,,,2,6.0,Other nonrelative,Regular high school diploma,Male,Not in labor force,,,,,Without a disability,No,No,No,No,No,No,,18_34,True,generative,syn_t019_h0000025,syn_t019_h0000025_r002
14000US06089011002,3,18,20,2.0,2,2,2.0,2.0,,2.0,,,15,16.0,1,,,2,6.0,Other nonrelative,Regular high school diploma,Male,Not in labor force,,,,,Without a disability,No,No,No,No,No,No,,18_34,True,generative,syn_t019_h0000025,syn_t019_h0000025_r003
14000US06089011002,4,17,20,2.0,2,2,2.0,2.0,,2.0,,,15,16.0,1,,,2,6.0,Other nonrelative,Regular high school diploma,Male,Not in labor force,,,,,Without a disability,No,No,No,No,No,No,,18_34,True,generative,syn_t019_h0000025,syn_t019_h0000025_r004
14000US06089011002,1,7,56,2.0,2,1,2.0,2.0,,2.0,,,0,16.0,1,,,1,6.0,Reference person,Regular high school diploma,Male,Not in labor force,,,,,With a disability,No,Yes,No,No,No,No,,35_64,True,generative,syn_t019_h0000026,syn_t019_h0000026_r001
14000US06089011002,2,7,47,2.0,2,2,2.0,2.0,,2.0,,,1,13.0,2,,,2,6.0,Husband/wife,Grade 10,Female,Not in labor force,,,,,Without a disability,No,No,No,No,No,No,,35_64,True,generative,syn_t019_h0000026,syn_t019_h0000026_r002
14000US06089011002,3,7,18,2.0,2,2,2.0,2.0,,2.0,,,2,14.0,1,,,2,6.0,Biological son or daughter,Grade 11,Male,Not in labor force,,,,,Without a disability,No,No,No,No,No,No,,18_34,True,generative,syn_t019_h0000026,syn_t019_h0000026_r003
14000US06089011002,4,6,16,2.0,2,2,2.0,2.0,,2.0,,,2,12.0,1,,,2,6.0,Biological son or daughter,Grade 9,Male,Not in labor force,,,,,Without a disability,No,No,No,No,No,No,,0_17,False,dependent,syn_t019_h0000026,syn_t019_h0000026_r004
14000US06089011002,1,19,66,2.0,2,2,2.0,2.0,,2.0,,,0,19.0,1,,,2,6.0,Reference person,"1 or more years of college credit, no degree",Male,Not in labor force,,,,,Without a disability,No,No,No,No,No,No,,65_plus,True,generative,syn_t019_h0000027,syn_t019_h0000027_r001
14000US06089011002,2,19,65,2.0,2,2,2.0,2.0,,2.0,,,1,21.0,2,16.0,6.0,2,6.0,Husband/wife,Bachelor's degree,Female,Not in labor force,less than 14 weeks worked during past 12 months,,,,Without a disability,No,No,No,No,No,No,,65_plus,True,generative,syn_t019_h0000027,syn_t019_h0000027_r002
14000US06089011002,1,15,81,2.0,1,1,2.0,1.0,,2.0,,,0,21.0,1,,,1,6.0,Reference person,Bachelor's degree,Male,Not in labor force,,,,,With a disability,Yes,Yes,No,Yes,No,No,,65_plus,True,generative,syn_t019_h0000028,syn_t019_h0000028_r001
14000US06089011002,2,15,72,2.0,2,2,2.0,2.0,,2.0,,,1,22.0,2,,,2,6.0,Husband/wife,Master's degree,Female,Not in labor force,,,,,Without a disability,No,No,No,No,No,No,,65_plus,True,generative,syn_t019_h0000028,syn_t019_h0000028_r002
14000US06089011002,1,26,41,2.0,2,2,2.0,2.0,,2.0,15.0,1.0,0,20.0,2,29.0,1.0,2,1.0,Reference person,Associate's degree,Female,"Civilian employed, at work",50 to 52 weeks worked during past 12 months,"Car, truck, or van",,,Without a disability,No,No,No,No,No,No,,35_64,True,generative,syn_t019_h0000029,syn_t019_h0000029_r001
14000US06089011002,2,26,12,2.0,2,2,,2.0,,2.0,,,2,10.0,2,,,2,,Biological son or daughter,Grade 7,Female,,,,,,Without a disability,No,No,No,No,,No,,0_17,False,dependent,syn_t019_h0000029,syn_t019_h0000029_r002
14000US06089011002,3,25,9,2.0,2,2,,2.0,,2.0,,,2,7.0,1,,,2,,Biological son or daughter,Grade 4,Male,,,,,,Without a disability,No,No,No,No,,No,,0_17,False,dependent,syn_t019_h0000029,syn_t019_h0000029_r003
14000US06089011002,4,24,60,2.0,2,2,2.0,2.0,,2.0,,,6,16.0,2,,,2,6.0,Father or mother,Regular high school diploma,Female,Not in labor force,,,,,Without a disability,No,No,No,No,No,No,,35_64,True,generative,syn_t019_h0000029,syn_t019_h0000029_r004
14000US06089011100,1,13,45,2.0,2,2,2.0,2.0,,2.0,10.0,1.0,0,21.0,2,4.0,1.0,2,1.0,Reference person,Bachelor's degree,Female,"Civilian employed, at work",50 to 52 weeks worked during past 12 months,"Car, truck, or van",,,Without a disability,No,No,No,No,No,No,,35_64,True,generative,syn_t020_h0000001,syn_t020_h0000001_r001
14000US06089011100,2,12,48,2.0,2,2,2.0,2.0,,2.0,5.0,1.0,1,21.0,1,45.0,1.0,2,1.0,Husband/wife,Bachelor's degree,Male,"Civilian employed, at work",50 to 52 weeks worked during past 12 months,"Car, truck, or van",,,Without a disability,No,No,No,No,No,No,,35_64,True,generative,syn_t020_h0000001,syn_t020_h0000001_r002
14000US06089011100,3,15,15,2.0,2,2,2.0,2.0,,2.0,,,2,12.0,1,,,2,,Biological son or daughter,Grade 9,Male,,,,,,Without a disability,No,No,No,No,No,No,,0_17,False,dependent,syn_t020_h0000001,syn_t020_h0000001_r003
14000US06089011100,4,14,12,2.0,2,2,,2.0,,2.0,,,3,9.0,2,,,2,,Adopted son or daughter,Grade 6,Female,,,,,,Without a disability,No,No,No,No,,No,,0_17,False,dependent,syn_t020_h0000001,syn_t020_h0000001_r004
14000US06089011100,1,11,83,2.0,2,2,2.0,1.0,,2.0,,,0,21.0,1,,,1,6.0,Reference person,Bachelor's degree,Male,Not in labor force,,,,,With a disability,No,No,No,Yes,No,No,,65_plus,True,generative,syn_t020_h0000002,syn_t020_h0000002_r001
14000US06089011100,1,14,68,2.0,2,2,2.0,2.0,,2.0,,,0,23.0,1,,,2,6.0,Reference person,Professional degree beyond a bachelor's degree,Male,Not in labor force,,,,,Without a disability,No,No,No,No,No,No,,65_plus,True,generative,syn_t020_h0000003,syn_t020_h0000003_r001
14000US06089011100,1,11,72,2.0,2,2,2.0,2.0,,2.0,,,0,22.0,1,10.0,6.0,2,6.0,Reference person,Master's degree,Male,Not in labor force,less than 14 weeks worked during past 12 months,,,,Without a disability,No,No,No,No,No,No,,65_plus,True,generative,syn_t020_h0000004,syn_t020_h0000004_r001
14000US06089011100,2,9,63,2.0,2,2,2.0,2.0,,2.0,4.0,1.0,1,16.0,2,50.0,1.0,2,1.0,Husband/wife,Regular high school diploma,Female,"Civilian employed, at work",50 to 52 weeks worked during past 12 months,"Car, truck, or van",,,Without a disability,No,No,No,No,No,No,,35_64,True,generative,syn_t020_h0000004,syn_t020_h0000004_r002
14000US06089011100,1,38,65,2.0,2,2,2.0,2.0,,2.0,,,0,16.0,1,,,2,6.0,Reference person,Regular high school diploma,Male,Not in labor force,,,,,Without a disability,No,No,No,No,No,No,,65_plus,True,generative,syn_t020_h0000005,syn_t020_h0000005_r001
14000US06089011100,1,38,31,2.0,2,2,2.0,2.0,,2.0,,,0,18.0,2,40.0,2.0,2,6.0,Reference person,"Some college, but less than 1 year",Female,Not in labor force,48 to 49 weeks worked during past 12 months,,,,Without a disability,No,No,No,No,No,No,,18_34,True,generative,syn_t020_h0000006,syn_t020_h0000006_r001
14000US06089011100,2,41,11,2.0,2,2,,2.0,,2.0,,,2,8.0,1,,,2,,Biological son or daughter,Grade 5,Male,,,,,,Without a disability,No,No,No,No,,No,,0_17,False,dependent,syn_t020_h0000006,syn_t020_h0000006_r002
14000US06089011100,3,39,3,,2,2,,,,,,,2,1.0,2,,,2,,Biological son or daughter,No schooling completed,Female,,,,,,Without a disability,No,No,,,,,,0_17,False,dependent,syn_t020_h0000006,syn_t020_h0000006_r003
14000US06089011100,1,18,43,2.0,2,2,2.0,2.0,,1.0,,,0,19.0,1,,,1,6.0,Reference person,"1 or more years of college credit, no degree",Male,Not in labor force,,,,,With a disability,No,No,Yes,No,No,No,,35_64,True,generative,syn_t020_h0000007,syn_t020_h0000007_r001
14000US06089011100,1,14,57,2.0,2,2,2.0,2.0,,2.0,20.0,1.0,0,21.0,1,50.0,1.0,2,1.0,Reference person,Bachelor's degree,Male,"Civilian employed, at work",50 to 52 weeks worked during past 12 months,"Car, truck, or van",,,Without a disability,No,No,No,No,No,No,,35_64,True,generative,syn_t020_h0000008,syn_t020_h0000008_r001
14000US06089011100,1,13,60,2.0,2,2,2.0,2.0,,2.0,,,0,22.0,1,3.0,4.0,2,6.0,Reference person,Master's degree,Male,Not in labor force,27 to 39 weeks worked during past 12 months,,,,Without a disability,No,No,No,No,No,No,,35_64,True,generative,syn_t020_h0000009,syn_t020_h0000009_r001
14000US06089011100,1,21,53,2.0,2,2,2.0,2.0,,1.0,30.0,1.0,0,18.0,2,36.0,1.0,1,1.0,Reference person,"Some college, but less than 1 year",Female,"Civilian employed, at work",50 to 52 weeks worked during past 12 months,"Car, truck, or van",,,With a disability,No,No,Yes,No,No,No,,35_64,True,generative,syn_t020_h0000010,syn_t020_h0000010_r001
14000US06089011100,2,20,55,2.0,2,2,2.0,2.0,,2.0,20.0,1.0,1,17.0,1,60.0,1.0,2,1.0,Husband/wife,GED or alternative credential,Male,"Civilian employed, at work",50 to 52 weeks worked during past 12 months,"Car, truck, or van",,,Without a disability,No,No,No,No,No,No,,35_64,True,generative,syn_t020_h0000010,syn_t020_h0000010_r002
14000US06089011100,3,23,22,2.0,2,2,2.0,2.0,,2.0,65.0,1.0,2,15.0,2,40.0,1.0,2,1.0,Biological son or daughter,12th grade - no diploma,Female,"Civilian employed, at work",50 to 52 weeks worked during past 12 months,"Car, truck, or van",,,Without a disability,No,No,No,No,No,No,,18_34,True,generative,syn_t020_h0000010,syn_t020_h0000010_r003
14000US06089011100,4,22,1,,2,2,,,,,,,7,,1,,,2,,Grandchild,,Male,,,,,,Without a disability,No,No,,,,,,0_17,False,dependent,syn_t020_h0000010,syn_t020_h0000010_r004
14000US06089011100,5,28,23,2.0,2,2,2.0,2.0,,2.0,,,15,21.0,1,,,2,6.0,Other nonrelative,Bachelor's degree,Male,Not in labor force,,,,,Without a disability,No,No,No,No,No,No,,18_34,True,generative,syn_t020_h0000010,syn_t020_h0000010_r005
14000US06089011100,1,21,59,2.0,2,2,2.0,2.0,,2.0,15.0,1.0,0,16.0,1,72.0,1.0,2,1.0,Reference person,Regular high school diploma,Male,"Civilian employed, at work",50 to 52 weeks worked during past 12 months,"Car, truck, or van",,,Without a disability,No,No,No,No,No,No,,35_64,True,generative,syn_t020_h0000011,syn_t020_h0000011_r001
14000US06089011100,2,22,51,2.0,2,2,2.0,2.0,,2.0,,,13,16.0,2,,,2,6.0,Unmarried partner,Regular high school diploma,Female,Not in labor force,,,,,Without a disability,No,No,No,No,No,No,,35_64,True,generative,syn_t020_h0000011,syn_t020_h0000011_r002
14000US06089011100,1,32,46,2.0,2,2,2.0,2.0,,2.0,15.0,1.0,0,17.0,1,50.0,1.0,2,1.0,Reference person,GED or alternative credential,Male,"Civilian employed, at work",50 to 52 weeks worked during past 12 months,"Car, truck, or van",,,Without a disability,No,No,No,No,No,No,,35_64,True,generative,syn_t020_h0000012,syn_t020_h0000012_r001
14000US06089011100,1,13,82,2.0,1,1,1.0,2.0,,2.0,,,0,12.0,1,,,1,6.0,Reference person,Grade 9,Male,Not in labor force,,,,,With a disability,Yes,Yes,No,No,Yes,No,,65_plus,True,generative,syn_t020_h0000013,syn_t020_h0000013_r001
14000US06089011100,1,24,68,2.0,2,2,2.0,2.0,,2.0,15.0,1.0,0,18.0,1,30.0,5.0,2,1.0,Reference person,"Some college, but less than 1 year",Male,"Civilian employed, at work",14 to 26 weeks worked during past 12 months,"Car, truck, or van",,,Without a disability,No,No,No,No,No,No,,65_plus,True,generative,syn_t020_h0000014,syn_t020_h0000014_r001
14000US06089011100,2,26,67,2.0,2,2,2.0,1.0,,2.0,,,1,16.0,2,,,1,6.0,Husband/wife,Regular high school diploma,Female,Not in labor force,,,,,With a disability,No,No,No,Yes,No,No,,65_plus,True,generative,syn_t020_h0000014,syn_t020_h0000014_r002
14000US06089011100,1,45,49,1.0,2,2,1.0,1.0,,1.0,,,0,14.0,1,,,1,6.0,Reference person,Grade 11,Male,Not in labor force,,,,,With a disability,No,No,Yes,Yes,Yes,Yes,,35_64,True,generative,syn_t020_h0000015,syn_t020_h0000015_r001
14000US06089011100,1,21,72,2.0,1,1,2.0,2.0,2.0,2.0,,,0,20.0,1,,,1,3.0,Reference person,Associate's degree,Male,Unemployed,,,,,With a disability,Yes,Yes,No,No,No,No,10 or 20 percent,65_plus,True,generative,syn_t020_h0000016,syn_t020_h0000016_r001
14000US06089011100,2,42,64,2.0,2,2,2.0,2.0,,2.0,15.0,1.0,1,16.0,2,8.0,1.0,2,1.0,Husband/wife,Regular high school diploma,Female,"Civilian employed, at work",50 to 52 weeks worked during past 12 months,"Car, truck, or van",,,Without a disability,No,No,No,No,No,No,,35_64,True,generative,syn_t020_h0000016,syn_t020_h0000016_r002
14000US06089011100,1,98,60,2.0,2,2,2.0,2.0,,2.0,20.0,1.0,0,18.0,1,20.0,3.0,2,1.0,Reference person,"Some college, but less than 1 year",Male,"Civilian employed, at work",40 to 47 weeks worked during past 12 months,"Car, truck, or van",,,Without a disability,No,No,No,No,No,No,,35_64,True,generative,syn_t020_h0000017,syn_t020_h0000017_r001
14000US06089011100,2,96,60,2.0,2,2,2.0,2.0,,2.0,75.0,1.0,1,19.0,2,45.0,1.0,2,1.0,Husband/wife,"1 or more years of college credit, no degree",Female,"Civilian employed, at work",50 to 52 weeks worked during past 12 months,"Car, truck, or van",,,Without a disability,No,No,No,No,No,No,,35_64,True,generative,syn_t020_h0000017,syn_t020_h0000017_r002
14000US06089011100,3,100,25,2.0,2,2,2.0,2.0,,2.0,,,2,18.0,2,,,2,6.0,Biological son or daughter,"Some college, but less than 1 year",Female,Not in labor force,,,,,Without a disability,No,No,No,No,No,No,,18_34,True,generative,syn_t020_h0000017,syn_t020_h0000017_r003
14000US06089011100,4,84,5,2.0,2,2,,2.0,,2.0,,,7,3.0,2,,,2,,Grandchild,Kindergarten,Female,,,,,,Without a disability,No,No,No,No,,No,,0_17,False,dependent,syn_t020_h0000017,syn_t020_h0000017_r004
14000US06089011209,1,26,41,2.0,2,2,2.0,2.0,,2.0,15.0,1.0,0,20.0,2,29.0,1.0,2,1.0,Reference person,Associate's degree,Female,"Civilian employed, at work",50 to 52 weeks worked during past 12 months,"Car, truck, or van",,,Without a disability,No,No,No,No,No,No,,35_64,True,generative,syn_t021_h0000001,syn_t021_h0000001_r001
14000US06089011209,2,26,12,2.0,2,2,,2.0,,2.0,,,2,10.0,2,,,2,,Biological son or daughter,Grade 7,Female,,,,,,Without a disability,No,No,No,No,,No,,0_17,False,dependent,syn_t021_h0000001,syn_t021_h0000001_r002
14000US06089011209,3,25,9,2.0,2,2,,2.0,,2.0,,,2,7.0,1,,,2,,Biological son or daughter,Grade 4,Male,,,,,,Without a disability,No,No,No,No,,No,,0_17,False,dependent,syn_t021_h0000001,syn_t021_h0000001_r003
14000US06089011209,4,24,60,2.0,2,2,2.0,2.0,,2.0,,,6,16.0,2,,,2,6.0,Father or mother,Regular high school diploma,Female,Not in labor force,,,,,Without a disability,No,No,No,No,No,No,,35_64,True,generative,syn_t021_h0000001,syn_t021_h0000001_r004
14000US06089011209,1,11,74,2.0,2,2,2.0,2.0,,2.0,,,0,15.0,2,,,2,6.0,Reference person,12th grade - no diploma,Female,Not in labor force,,,,,Without a disability,No,No,No,No,No,No,,65_plus,True,generative,syn_t021_h0000002,syn_t021_h0000002_r001
14000US06089011209,1,33,28,2.0,2,2,2.0,2.0,,2.0,5.0,1.0,0,20.0,1,40.0,1.0,2,1.0,Reference person,Associate's degree,Male,"Civilian employed, at work",50 to 52 weeks worked during past 12 months,"Car, truck, or van",,,Without a disability,No,No,No,No,No,No,,18_34,True,generative,syn_t021_h0000003,syn_t021_h0000003_r001
14000US06089011209,2,48,21,2.0,2,2,2.0,2.0,,2.0,10.0,1.0,12,19.0,1,60.0,5.0,2,1.0,Housemate or roommate,"1 or more years of college credit, no degree",Male,"Civilian employed, at work",14 to 26 weeks worked during past 12 months,"Car, truck, or van",,,Without a disability,No,No,No,No,No,No,,18_34,True,generative,syn_t021_h0000003,syn_t021_h0000003_r002
14000US06089011209,1,55,60,2.0,2,2,2.0,1.0,,2.0,,,0,16.0,1,,,1,6.0,Reference person,Regular high school diploma,Male,Not in labor force,,,,,With a disability,No,No,No,Yes,No,No,,35_64,True,generative,syn_t021_h0000004,syn_t021_h0000004_r001
14000US06089011209,1,7,53,2.0,2,2,2.0,2.0,,2.0,30.0,10.0,0,16.0,1,40.0,1.0,2,1.0,Reference person,Regular high school diploma,Male,"Civilian employed, at work",50 to 52 weeks worked during past 12 months,Walked,,,Without a disability,No,No,No,No,No,No,,35_64,True,generative,syn_t021_h0000005,syn_t021_h0000005_r001
14000US06089011209,1,13,56,1.0,2,2,2.0,2.0,,1.0,,,0,18.0,1,,,1,6.0,Reference person,"Some college, but less than 1 year",Male,Not in labor force,,,,,With a disability,No,No,Yes,No,No,Yes,,35_64,True,generative,syn_t021_h0000006,syn_t021_h0000006_r001
14000US06089011209,1,13,60,2.0,2,2,2.0,1.0,,2.0,,,0,16.0,2,,,1,6.0,Reference person,Regular high school diploma,Female,Not in labor force,,,,,With a disability,No,No,No,Yes,No,No,,35_64,True,generative,syn_t021_h0000007,syn_t021_h0000007_r001
14000US06089011209,2,14,16,2.0,2,2,2.0,2.0,,2.0,,,3,14.0,1,,,2,6.0,Adopted son or daughter,Grade 11,Male,Not in labor force,,,,,Without a disability,No,No,No,No,No,No,,0_17,False,dependent,syn_t021_h0000007,syn_t021_h0000007_r002
14000US06089011209,3,25,14,2.0,2,2,,2.0,,2.0,,,3,12.0,2,,,2,,Adopted son or daughter,Grade 9,Female,,,,,,Without a disability,No,No,No,No,,No,,0_17,False,dependent,syn_t021_h0000007,syn_t021_h0000007_r003
14000US06089011209,1,9,58,2.0,2,2,2.0,2.0,,2.0,45.0,1.0,0,16.0,1,40.0,1.0,2,1.0,Reference person,Regular high school diploma,Male,"Civilian employed, at work",50 to 52 weeks worked during past 12 months,"Car, truck, or van",,,Without a disability,No,No,No,No,No,No,,35_64,True,generative,syn_t021_h0000008,syn_t021_h0000008_r001
14000US06089011209,2,11,60,2.0,2,2,2.0,2.0,,2.0,,,1,19.0,2,,,2,6.0,Husband/wife,"1 or more years of college credit, no degree",Female,Not in labor force,,,,,Without a disability,No,No,No,No,No,No,,35_64,True,generative,syn_t021_h0000008,syn_t021_h0000008_r002
14000US06089011209,1,47,43,2.0,2,2,1.0,2.0,,1.0,,,0,19.0,2,,,1,6.0,Reference person,"1 or more years of college credit, no degree",Female,Not in labor force,,,,,With a disability,No,No,Yes,No,Yes,No,,35_64,True,generative,syn_t021_h0000009,syn_t021_h0000009_r001
14000US06089011209,1,32,60,1.0,2,2,2.0,1.0,,2.0,10.0,1.0,0,21.0,2,45.0,1.0,1,1.0,Reference person,Bachelor's degree,Female,"Civilian employed, at work",50 to 52 weeks worked during past 12 months,"Car, truck, or van",,,With a disability,No,No,No,Yes,No,Yes,,35_64,True,generative,syn_t021_h0000010,syn_t021_h0000010_r001
14000US06089011209,2,44,16,2.0,2,2,2.0,2.0,,2.0,,,7,12.0,2,,,2,6.0,Grandchild,Grade 9,Female,Not in labor force,,,,,Without a disability,No,No,No,No,No,No,,0_17,False,dependent,syn_t021_h0000010,syn_t021_h0000010_r002
14000US06089011209,3,46,9,2.0,2,2,,2.0,,2.0,,,7,6.0,1,,,2,,Grandchild,Grade 3,Male,,,,,,Without a disability,No,No,No,No,,No,,0_17,False,dependent,syn_t021_h0000010,syn_t021_h0000010_r003
14000US06089011209,4,32,58,2.0,2,2,2.0,2.0,,2.0,,,13,16.0,1,,,2,6.0,Unmarried partner,Regular high school diploma,Male,Not in labor force,,,,,Without a disability,No,No,No,No,No,No,,35_64,True,generative,syn_t021_h0000010,syn_t021_h0000010_r004
14000US06089011209,1,13,62,1.0,2,2,1.0,1.0,,2.0,,,0,13.0,1,,,1,6.0,Reference person,Grade 10,Male,Not in labor force,,,,,With a disability,No,No,No,Yes,Yes,Yes,,35_64,True,generative,syn_t021_h0000011,syn_t021_h0000011_r001
14000US06089011209,1,12,63,2.0,1,1,2.0,2.0,,2.0,,,0,19.0,1,,,1,6.0,Reference person,"1 or more years of college credit, no degree",Male,Not in labor force,,,,,With a disability,Yes,Yes,No,No,No,No,,35_64,True,generative,syn_t021_h0000012,syn_t021_h0000012_r001
14000US06089011209,1,35,55,2.0,2,2,2.0,2.0,,2.0,5.0,1.0,0,17.0,1,30.0,4.0,2,1.0,Reference person,GED or alternative credential,Male,"Civilian employed, at work",27 to 39 weeks worked during past 12 months,"Car, truck, or van",,,Without a disability,No,No,No,No,No,No,,35_64,True,generative,syn_t021_h0000013,syn_t021_h0000013_r001
14000US06089011209,2,33,15,2.0,2,2,2.0,2.0,,2.0,,,2,12.0,1,,,2,,Biological son or daughter,Grade 9,Male,,,,,,Without a disability,No,No,No,No,No,No,,0_17,False,dependent,syn_t021_h0000013,syn_t021_h0000013_r002
14000US06089011209,3,41,14,2.0,2,2,,2.0,,2.0,,,2,11.0,1,,,2,,Biological son or daughter,Grade 8,Male,,,,,,Without a disability,No,No,No,No,,No,,0_17,False,dependent,syn_t021_h0000013,syn_t021_h0000013_r003
14000US06089011209,1,25,40,2.0,2,2,2.0,2.0,,2.0,,,0,20.0,2,,,2,6.0,Reference person,Associate's degree,Female,Not in labor force,,,,,Without a disability,No,No,No,No,No,No,,35_64,True,generative,syn_t021_h0000014,syn_t021_h0000014_r001
14000US06089011209,2,32,38,2.0,2,2,2.0,2.0,,2.0,60.0,1.0,1,19.0,1,40.0,1.0,2,1.0,Husband/wife,"1 or more years of college credit, no degree",Male,"Civilian employed, at work",50 to 52 weeks worked during past 12 months,"Car, truck, or van",,,Without a disability,No,No,No,No,No,No,,35_64,True,generative,syn_t021_h0000014,syn_t021_h0000014_r002
14000US06089011209,3,14,16,2.0,2,2,2.0,2.0,,2.0,,,2,14.0,2,,,2,6.0,Biological son or daughter,Grade 11,Female,Not in labor force,,,,,Without a disability,No,No,No,No,No,No,,0_17,False,dependent,syn_t021_h0000014,syn_t021_h0000014_r003
14000US06089011209,4,22,7,2.0,2,2,,2.0,,2.0,,,2,4.0,1,,,2,,Biological son or daughter,Grade 1,Male,,,,,,Without a disability,No,No,No,No,,No,,0_17,False,dependent,syn_t021_h0000014,syn_t021_h0000014_r004
14000US06089011209,5,23,5,2.0,2,2,,2.0,,2.0,,,2,2.0,1,,,2,,Biological son or daughter,"Nursery school, preschool",Male,,,,,,Without a disability,No,No,No,No,,No,,0_17,False,dependent,syn_t021_h0000014,syn_t021_h0000014_r005
14000US06089011209,1,65,60,2.0,2,2,2.0,2.0,,2.0,,,0,19.0,1,,,2,6.0,Reference person,"1 or more years of college credit, no degree",Male,Not in labor force,,,,,Without a disability,No,No,No,No,No,No,,35_64,True,generative,syn_t021_h0000015,syn_t021_h0000015_r001
14000US06089011209,2,72,58,2.0,2,2,2.0,2.0,,2.0,10.0,1.0,1,18.0,2,10.0,4.0,2,1.0,Husband/wife,"Some college, but less than 1 year",Female,"Civilian employed, at work",27 to 39 weeks worked during past 12 months,"Car, truck, or van",,,Without a disability,No,No,No,No,No,No,,35_64,True,generative,syn_t021_h0000015,syn_t021_h0000015_r002
14000US06089011209,1,11,52,2.0,2,2,2.0,2.0,,2.0,5.0,1.0,0,16.0,2,40.0,1.0,2,1.0,Reference person,Regular high school diploma,Female,"Civilian employed, at work",50 to 52 weeks worked during past 12 months,"Car, truck, or van",,,Without a disability,No,No,No,No,No,No,,35_64,True,generative,syn_t021_h0000016,syn_t021_h0000016_r001
14000US06089011209,2,14,17,2.0,2,2,2.0,2.0,,2.0,,,2,14.0,2,,,2,6.0,Biological son or daughter,Grade 11,Female,Not in labor force,,,,,Without a disability,No,No,No,No,No,No,,0_17,False,dependent,syn_t021_h0000016,syn_t021_h0000016_r002
14000US06089011209,1,16,73,2.0,2,2,2.0,2.0,,2.0,,,0,1.0,1,,,2,6.0,Reference person,No schooling completed,Male,Not in labor force,,,,,Without a disability,No,No,No,No,No,No,,65_plus,True,generative,syn_t021_h0000017,syn_t021_h0000017_r001
14000US06089011209,2,22,28,2.0,2,2,2.0,2.0,,2.0,20.0,1.0,2,1.0,2,29.0,1.0,2,1.0,Biological son or daughter,No schooling completed,Female,"Civilian employed, at work",50 to 52 weeks worked during past 12 months,"Car, truck, or van",,,Without a disability,No,No,No,No,No,No,,18_34,True,generative,syn_t021_h0000017,syn_t021_h0000017_r002
14000US06089011209,1,18,43,2.0,1,2,2.0,2.0,,2.0,15.0,2.0,0,16.0,1,40.0,2.0,1,1.0,Reference person,Regular high school diploma,Male,"Civilian employed, at work",48 to 49 weeks worked during past 12 months,Bus or trolley bus,,,With a disability,Yes,No,No,No,No,No,,35_64,True,generative,syn_t021_h0000018,syn_t021_h0000018_r001
14000US06089011209,2,14,28,2.0,2,2,2.0,2.0,,2.0,25.0,2.0,2,15.0,1,40.0,1.0,2,1.0,Biological son or daughter,12th grade - no diploma,Male,"Civilian employed, at work",50 to 52 weeks worked during past 12 months,Bus or trolley bus,,,Without a disability,No,No,No,No,No,No,,18_34,True,generative,syn_t021_h0000018,syn_t021_h0000018_r002
14000US06089011209,3,14,9,2.0,2,2,,2.0,,2.0,,,4,6.0,2,,,2,,Stepson or stepdaughter,Grade 3,Female,,,,,,Without a disability,No,No,No,No,,No,,0_17,False,dependent,syn_t021_h0000018,syn_t021_h0000018_r003
14000US06089011209,4,18,49,2.0,2,2,2.0,2.0,,2.0,30.0,10.0,10,16.0,1,40.0,3.0,2,1.0,Other relative,Regular high school diploma,Male,"Civilian employed, at work",40 to 47 weeks worked during past 12 months,Walked,,,Without a disability,No,No,No,No,No,No,,35_64,True,generative,syn_t021_h0000018,syn_t021_h0000018_r004
14000US06089011209,5,17,37,2.0,2,2,2.0,2.0,,2.0,30.0,1.0,10,16.0,2,30.0,1.0,2,1.0,Other relative,Regular high school diploma,Female,"Civilian employed, at work",50 to 52 weeks worked during past 12 months,"Car, truck, or van",,,Without a disability,No,No,No,No,No,No,,35_64,True,generative,syn_t021_h0000018,syn_t021_h0000018_r005
14000US06089011209,1,57,52,2.0,2,2,2.0,2.0,,2.0,15.0,1.0,0,19.0,1,40.0,1.0,2,1.0,Reference person,"1 or more years of college credit, no degree",Male,"Civilian employed, at work",50 to 52 weeks worked during past 12 months,"Car, truck, or van",,,Without a disability,No,No,No,No,No,No,,35_64,True,generative,syn_t021_h0000019,syn_t021_h0000019_r001
14000US06089011209,2,69,49,2.0,2,2,2.0,2.0,,2.0,,11.0,1,18.0,2,40.0,1.0,2,1.0,Husband/wife,"Some college, but less than 1 year",Female,"Civilian employed, at work",50 to 52 weeks worked during past 12 months,Worked at home,,,Without a disability,No,No,No,No,No,No,,35_64,True,generative,syn_t021_h0000019,syn_t021_h0000019_r002
14000US06089011209,1,38,64,2.0,2,2,2.0,2.0,,2.0,15.0,12.0,0,16.0,1,35.0,1.0,2,1.0,Reference person,Regular high school diploma,Male,"Civilian employed, at work",50 to 52 weeks worked during past 12 months,Other method,,,Without a disability,No,No,No,No,No,No,,35_64,True,generative,syn_t021_h0000020,syn_t021_h0000020_r001
14000US06089011209,2,55,35,2.0,2,2,2.0,2.0,,2.0,,,2,20.0,1,,,2,6.0,Biological son or daughter,Associate's degree,Male,Not in labor force,,,,,Without a disability,No,No,No,No,No,No,,35_64,True,generative,syn_t021_h0000020,syn_t021_h0000020_r002
14000US06089011209,1,14,81,2.0,2,2,2.0,2.0,,2.0,,,0,16.0,2,,,2,6.0,Reference person,Regular high school diploma,Female,Not in labor force,,,,,Without a disability,No,No,No,No,No,No,,65_plus,True,generative,syn_t021_h0000021,syn_t021_h0000021_r001
14000US06089011209,1,40,31,2.0,2,2,2.0,2.0,,2.0,,,0,17.0,1,,,2,6.0,Reference person,GED or alternative credential,Male,Not in labor force,,,,,Without a disability,No,No,No,No,No,No,,18_34,True,generative,syn_t021_h0000022,syn_t021_h0000022_r001
14000US06089011209,2,31,31,2.0,2,2,2.0,2.0,,2.0,5.0,1.0,1,16.0,2,30.0,1.0,2,1.0,Husband/wife,Regular high school diploma,Female,"Civilian employed, at work",50 to 52 weeks worked during past 12 months,"Car, truck, or van",,,Without a disability,No,No,No,No,No,No,,18_34,True,generative,syn_t021_h0000022,syn_t021_h0000022_r002
14000US06089011209,3,41,13,2.0,2,2,,2.0,,2.0,,,2,8.0,1,,,2,,Biological son or daughter,Grade 5,Male,,,,,,Without a disability,No,No,No,No,,No,,0_17,False,dependent,syn_t021_h0000022,syn_t021_h0000022_r003
14000US06089011209,4,43,11,2.0,2,2,,2.0,,2.0,,,2,6.0,2,,,2,,Biological son or daughter,Grade 3,Female,,,,,,Without a disability,No,No,No,No,,No,,0_17,False,dependent,syn_t021_h0000022,syn_t021_h0000022_r004
14000US06089011209,5,44,3,,2,2,,,,,,,2,1.0,2,,,2,,Biological son or daughter,No schooling completed,Female,,,,,,Without a disability,No,No,,,,,,0_17,False,dependent,syn_t021_h0000022,syn_t021_h0000022_r005
14000US06089011209,1,40,62,1.0,2,2,2.0,2.0,1.0,2.0,,,0,21.0,1,,,1,6.0,Reference person,Bachelor's degree,Male,Not in labor force,,,,,With a disability,No,No,No,No,No,Yes,0 percent,35_64,True,generative,syn_t021_h0000023,syn_t021_h0000023_r001
14000US06089011209,2,70,59,1.0,2,2,1.0,1.0,,2.0,,,11,14.0,2,,,1,6.0,Roomer or boarder,Grade 11,Female,Not in labor force,,,,,With a disability,No,No,No,Yes,Yes,Yes,,35_64,True,generative,syn_t021_h0000023,syn_t021_h0000023_r002
14000US06089011209,1,23,28,2.0,2,2,2.0,2.0,,2.0,15.0,1.0,0,19.0,1,40.0,1.0,2,1.0,Reference person,"1 or more years of college credit, no degree",Male,"Civilian employed, at work",50 to 52 weeks worked during past 12 months,"Car, truck, or van",,,Without a disability,No,No,No,No,No,No,,18_34,True,generative,syn_t021_h0000024,syn_t021_h0000024_r001
14000US06089011209,1,18,22,2.0,2,2,2.0,2.0,,2.0,,,0,19.0,1,,,2,6.0,Reference person,"1 or more years of college credit, no degree",Male,Not in labor force,,,,,Without a disability,No,No,No,No,No,No,,18_34,True,generative,syn_t021_h0000025,syn_t021_h0000025_r001
14000US06089011209,2,29,21,2.0,2,2,2.0,2.0,,2.0,,,13,16.0,2,,,2,6.0,Unmarried partner,Regular high school diploma,Female,Not in labor force,,,,,Without a disability,No,No,No,No,No,No,,18_34,True,generative,syn_t021_h0000025,syn_t021_h0000025_r002
14000US06089011209,1,8,58,2.0,2,2,2.0,2.0,,2.0,,,0,19.0,1,25.0,3.0,2,2.0,Reference person,"1 or more years of college credit, no degree",Male,"Civilian employed, with a job but not at work",40 to 47 weeks worked during past 12 months,,,,Without a disability,No,No,No,No,No,No,,35_64,True,generative,syn_t021_h0000026,syn_t021_h0000026_r001
14000US06089011209,2,7,58,2.0,2,2,2.0,2.0,,2.0,,,13,19.0,2,,,2,6.0,Unmarried partner,"1 or more years of college credit, no degree",Female,Not in labor force,,,,,Without a disability,No,No,No,No,No,No,,35_64,True,generative,syn_t021_h0000026,syn_t021_h0000026_r002
14000US06089011209,1,13,77,2.0,2,2,2.0,2.0,,2.0,,,0,16.0,1,,,2,6.0,Reference person,Regular high school diploma,Male,Not in labor force,,,,,Without a disability,No,No,No,No,No,No,,65_plus,True,generative,syn_t021_h0000027,syn_t021_h0000027_r001
14000US06089011209,2,13,74,2.0,2,2,2.0,2.0,,2.0,,,1,20.0,2,,,2,6.0,Husband/wife,Associate's degree,Female,Not in labor force,,,,,Without a disability,No,No,No,No,No,No,,65_plus,True,generative,syn_t021_h0000027,syn_t021_h0000027_r002
14000US06089011209,1,27,41,2.0,2,2,2.0,2.0,2.0,2.0,20.0,1.0,0,20.0,1,50.0,1.0,2,1.0,Reference person,Associate's degree,Male,"Civilian employed, at work",50 to 52 weeks worked during past 12 months,"Car, truck, or van",,,Without a disability,No,No,No,No,No,No,10 or 20 percent,35_64,True,generative,syn_t021_h0000028,syn_t021_h0000028_r001
14000US06089011209,2,24,2,,2,2,,,,,,,2,,2,,,2,,Biological son or daughter,,Female,,,,,,Without a disability,No,No,,,,,,0_17,False,dependent,syn_t021_h0000028,syn_t021_h0000028_r002
14000US06089011209,3,25,1,,2,2,,,,,,,2,,1,,,2,,Biological son or daughter,,Male,,,,,,Without a disability,No,No,,,,,,0_17,False,dependent,syn_t021_h0000028,syn_t021_h0000028_r003
14000US06089011209,4,23,30,2.0,2,2,2.0,2.0,,2.0,,,13,17.0,2,,,2,6.0,Unmarried partner,GED or alternative credential,Female,Not in labor force,,,,,Without a disability,No,No,No,No,No,No,,18_34,True,generative,syn_t021_h0000028,syn_t021_h0000028_r004
14000US06089011209,1,20,31,2.0,2,2,2.0,2.0,,2.0,,,0,14.0,2,40.0,2.0,2,6.0,Reference person,Grade 11,Female,Not in labor force,48 to 49 weeks worked during past 12 months,,,,Without a disability,No,No,No,No,No,No,,18_34,True,generative,syn_t021_h0000029,syn_t021_h0000029_r001
14000US06089011209,2,39,6,2.0,2,2,,2.0,,2.0,,,2,3.0,2,,,2,,Biological son or daughter,Kindergarten,Female,,,,,,Without a disability,No,No,No,No,,No,,0_17,False,dependent,syn_t021_h0000029,syn_t021_h0000029_r002
14000US06089011209,1,14,94,2.0,2,2,1.0,1.0,,2.0,,,0,16.0,1,,,1,6.0,Reference person,Regular high school diploma,Male,Not in labor force,,,,,With a disability,No,No,No,Yes,Yes,No,,65_plus,True,generative,syn_t021_h0000030,syn_t021_h0000030_r001
14000US06089011209,1,6,47,2.0,2,2,2.0,2.0,,2.0,,,0,21.0,1,40.0,1.0,2,2.0,Reference person,Bachelor's degree,Male,"Civilian employed, with a job but not at work",50 to 52 weeks worked during past 12 months,,,,Without a disability,No,No,No,No,No,No,,35_64,True,generative,syn_t021_h0000031,syn_t021_h0000031_r001
14000US06089011300,1,24,61,2.0,1,2,2.0,2.0,2.0,2.0,10.0,8.0,0,16.0,1,40.0,1.0,1,1.0,Reference person,Regular high school diploma,Male,"Civilian employed, at work",50 to 52 weeks worked during past 12 months,Motorcycle,,,With a disability,Yes,No,No,No,No,No,10 or 20 percent,35_64,True,generative,syn_t022_h0000001,syn_t022_h0000001_r001
14000US06089011300,2,23,54,2.0,2,2,2.0,2.0,,2.0,,,1,17.0,2,,,2,6.0,Husband/wife,GED or alternative credential,Female,Not in labor force,,,,,Without a disability,No,No,No,No,No,No,,35_64,True,generative,syn_t022_h0000001,syn_t022_h0000001_r002
14000US06089011300,1,33,25,2.0,2,2,2.0,1.0,,2.0,,,0,19.0,1,,,1,6.0,Reference person,"1 or more years of college credit, no degree",Male,Not in labor force,,,,,With a disability,No,No,No,Yes,No,No,,18_34,True,generative,syn_t022_h0000002,syn_t022_h0000002_r001
14000US06089011300,2,68,3,,2,2,,,,,,,2,1.0,1,,,2,,Biological son or daughter,No schooling completed,Male,,,,,,Without a disability,No,No,,,,,,0_17,False,dependent,syn_t022_h0000002,syn_t022_h0000002_r002
14000US06089011300,3,44,22,2.0,2,2,2.0,2.0,,2.0,15.0,1.0,13,19.0,2,40.0,1.0,2,1.0,Unmarried partner,"1 or more years of college credit, no degree",Female,"Civilian employed, at work",50 to 52 weeks worked during past 12 months,"Car, truck, or van",,,Without a disability,No,No,No,No,No,No,,18_34,True,generative,syn_t022_h0000002,syn_t022_h0000002_r003
14000US06089011300,1,14,56,2.0,2,2,2.0,2.0,,2.0,15.0,1.0,0,21.0,1,70.0,1.0,2,1.0,Reference person,Bachelor's degree,Male,"Civilian employed, at work",50 to 52 weeks worked during past 12 months,"Car, truck, or van",,,Without a disability,No,No,No,No,No,No,,35_64,True,generative,syn_t022_h0000003,syn_t022_h0000003_r001
14000US06089011300,1,12,57,2.0,2,2,2.0,2.0,,2.0,,,0,21.0,1,,,2,6.0,Reference person,Bachelor's degree,Male,Not in labor force,,,,,Without a disability,No,No,No,No,No,No,,35_64,True,generative,syn_t022_h0000004,syn_t022_h0000004_r001
14000US06089011300,2,12,57,2.0,2,2,2.0,2.0,,2.0,,,1,16.0,2,,,2,6.0,Husband/wife,Regular high school diploma,Female,Not in labor force,,,,,Without a disability,No,No,No,No,No,No,,35_64,True,generative,syn_t022_h0000004,syn_t022_h0000004_r002
14000US06089011300,1,29,63,2.0,2,2,2.0,2.0,,2.0,,,0,18.0,2,,,2,6.0,Reference person,"Some college, but less than 1 year",Female,Not in labor force,,,,,Without a disability,No,No,No,No,No,No,,35_64,True,generative,syn_t022_h0000005,syn_t022_h0000005_r001
14000US06089011300,2,28,35,2.0,2,2,2.0,2.0,,2.0,20.0,1.0,2,16.0,1,8.0,1.0,2,1.0,Biological son or daughter,Regular high school diploma,Male,"Civilian employed, at work",50 to 52 weeks worked during past 12 months,"Car, truck, or van",,,Without a disability,No,No,No,No,No,No,,35_64,True,generative,syn_t022_h0000005,syn_t022_h0000005_r002
14000US06089011300,1,25,29,2.0,2,2,2.0,2.0,,2.0,,11.0,0,20.0,2,25.0,1.0,2,1.0,Reference person,Associate's degree,Female,"Civilian employed, at work",50 to 52 weeks worked during past 12 months,Worked at home,,,Without a disability,No,No,No,No,No,No,,18_34,True,generative,syn_t022_h0000006,syn_t022_h0000006_r001
14000US06089011300,2,26,10,2.0,2,2,,2.0,,2.0,,,2,6.0,2,,,2,,Biological son or daughter,Grade 3,Female,,,,,,Without a disability,No,No,No,No,,No,,0_17,False,dependent,syn_t022_h0000006,syn_t022_h0000006_r002
14000US06089011300,3,29,8,2.0,2,2,,2.0,,2.0,,,2,4.0,1,,,2,,Biological son or daughter,Grade 1,Male,,,,,,Without a disability,No,No,No,No,,No,,0_17,False,dependent,syn_t022_h0000006,syn_t022_h0000006_r003
14000US06089011300,1,20,57,2.0,2,2,2.0,2.0,,2.0,,,0,16.0,2,40.0,5.0,2,2.0,Reference person,Regular high school diploma,Female,"Civilian employed, with a job but not at work",14 to 26 weeks worked during past 12 months,,,,Without a disability,No,No,No,No,No,No,,35_64,True,generative,syn_t022_h0000007,syn_t022_h0000007_r001
14000US06089011300,2,20,59,2.0,2,2,2.0,2.0,,2.0,7.0,1.0,1,16.0,1,50.0,1.0,2,1.0,Husband/wife,Regular high school diploma,Male,"Civilian employed, at work",50 to 52 weeks worked during past 12 months,"Car, truck, or van",,,Without a disability,No,No,No,No,No,No,,35_64,True,generative,syn_t022_h0000007,syn_t022_h0000007_r002
14000US06089011300,3,24,24,2.0,2,2,2.0,2.0,,2.0,,,2,19.0,1,,,2,6.0,Biological son or daughter,"1 or more years of college credit, no degree",Male,Not in labor force,,,,,Without a disability,No,No,No,No,No,No,,18_34,True,generative,syn_t022_h0000007,syn_t022_h0000007_r003
14000US06089011300,1,29,38,2.0,2,2,2.0,2.0,,2.0,50.0,1.0,0,13.0,1,45.0,1.0,2,1.0,Reference person,Grade 10,Male,"Civilian employed, at work",50 to 52 weeks worked during past 12 months,"Car, truck, or van",,,Without a disability,No,No,No,No,No,No,,35_64,True,generative,syn_t022_h0000008,syn_t022_h0000008_r001
14000US06089011300,2,35,38,2.0,2,2,2.0,2.0,,2.0,,,1,19.0,2,,,2,6.0,Husband/wife,"1 or more years of college credit, no degree",Female,Not in labor force,,,,,Without a disability,No,No,No,No,No,No,,35_64,True,generative,syn_t022_h0000008,syn_t022_h0000008_r002
14000US06089011300,3,38,11,2.0,2,2,,2.0,,2.0,,,2,8.0,1,,,2,,Biological son or daughter,Grade 5,Male,,,,,,Without a disability,No,No,No,No,,No,,0_17,False,dependent,syn_t022_h0000008,syn_t022_h0000008_r003
14000US06089011300,4,35,9,2.0,2,2,,2.0,,2.0,,,2,6.0,2,,,2,,Biological son or daughter,Grade 3,Female,,,,,,Without a disability,No,No,No,No,,No,,0_17,False,dependent,syn_t022_h0000008,syn_t022_h0000008_r004
14000US06089011300,5,40,4,,2,2,,,,,,,2,2.0,1,,,2,,Biological son or daughter,"Nursery school, preschool",Male,,,,,,Without a disability,No,No,,,,,,0_17,False,dependent,syn_t022_h0000008,syn_t022_h0000008_r005
14000US06089011300,6,39,4,,2,2,,,,,,,2,2.0,1,,,2,,Biological son or daughter,"Nursery school, preschool",Male,,,,,,Without a disability,No,No,,,,,,0_17,False,dependent,syn_t022_h0000008,syn_t022_h0000008_r006
14000US06089011300,1,90,47,2.0,2,2,2.0,2.0,,2.0,25.0,1.0,0,19.0,1,40.0,1.0,2,1.0,Reference person,"1 or more years of college credit, no degree",Male,"Civilian employed, at work",50 to 52 weeks worked during past 12 months,"Car, truck, or van",,,Without a disability,No,No,No,No,No,No,,35_64,True,generative,syn_t022_h0000009,syn_t022_h0000009_r001
14000US06089011300,2,46,48,2.0,2,2,2.0,2.0,,2.0,15.0,1.0,1,19.0,2,40.0,1.0,2,1.0,Husband/wife,"1 or more years of college credit, no degree",Female,"Civilian employed, at work",50 to 52 weeks worked during past 12 months,"Car, truck, or van",,,Without a disability,No,No,No,No,No,No,,35_64,True,generative,syn_t022_h0000009,syn_t022_h0000009_r002
14000US06089011300,3,57,10,2.0,2,2,,2.0,,2.0,,,2,8.0,2,,,2,,Biological son or daughter,Grade 5,Female,,,,,,Without a disability,No,No,No,No,,No,,0_17,False,dependent,syn_t022_h0000009,syn_t022_h0000009_r003
14000US06089011300,1,10,70,2.0,2,2,2.0,2.0,,2.0,17.0,1.0,0,21.0,1,40.0,1.0,2,1.0,Reference person,Bachelor's degree,Male,"Civilian employed, at work",50 to 52 weeks worked during past 12 months,"Car, truck, or van",,,Without a disability,No,No,No,No,No,No,,65_plus,True,generative,syn_t022_h0000010,syn_t022_h0000010_r001
14000US06089011300,2,11,64,2.0,2,2,2.0,2.0,,2.0,,,1,19.0,2,,,2,3.0,Husband/wife,"1 or more years of college credit, no degree",Female,Unemployed,,,,,Without a disability,No,No,No,No,No,No,,35_64,True,generative,syn_t022_h0000010,syn_t022_h0000010_r002
14000US06089011300,1,59,57,2.0,2,2,2.0,2.0,,2.0,15.0,1.0,0,16.0,1,40.0,1.0,2,1.0,Reference person,Regular high school diploma,Male,"Civilian employed, at work",50 to 52 weeks worked during past 12 months,"Car, truck, or van",,,Without a disability,No,No,No,No,No,No,,35_64,True,generative,syn_t022_h0000011,syn_t022_h0000011_r001
14000US06089011300,1,17,44,2.0,2,2,2.0,2.0,,2.0,15.0,1.0,0,20.0,2,35.0,1.0,2,1.0,Reference person,Associate's degree,Female,"Civilian employed, at work",50 to 52 weeks worked during past 12 months,"Car, truck, or van",,,Without a disability,No,No,No,No,No,No,,35_64,True,generative,syn_t022_h0000012,syn_t022_h0000012_r001
14000US06089011300,2,19,13,2.0,2,2,,2.0,,2.0,,,2,10.0,1,,,2,,Biological son or daughter,Grade 7,Male,,,,,,Without a disability,No,No,No,No,,No,,0_17,False,dependent,syn_t022_h0000012,syn_t022_h0000012_r002
14000US06089011300,1,76,40,2.0,2,2,2.0,2.0,,2.0,30.0,1.0,0,16.0,1,40.0,1.0,2,1.0,Reference person,Regular high school diploma,Male,"Civilian employed, at work",50 to 52 weeks worked during past 12 months,"Car, truck, or van",,,Without a disability,No,No,No,No,No,No,,35_64,True,generative,syn_t022_h0000013,syn_t022_h0000013_r001
14000US06089011300,2,49,18,2.0,2,2,2.0,2.0,,2.0,5.0,1.0,2,19.0,1,24.0,3.0,2,1.0,Biological son or daughter,"1 or more years of college credit, no degree",Male,"Civilian employed, at work",40 to 47 weeks worked during past 12 months,"Car, truck, or van",,,Without a disability,No,No,No,No,No,No,,18_34,True,generative,syn_t022_h0000013,syn_t022_h0000013_r002
14000US06089011300,3,132,9,2.0,2,2,,2.0,,2.0,,,5,7.0,2,,,2,,Brother or sister,Grade 4,Female,,,,,,Without a disability,No,No,No,No,,No,,0_17,False,dependent,syn_t022_h0000013,syn_t022_h0000013_r003
14000US06089011300,4,90,34,2.0,2,2,2.0,2.0,,2.0,15.0,1.0,10,11.0,2,40.0,1.0,2,1.0,Other relative,Grade 8,Female,"Civilian employed, at work",50 to 52 weeks worked during past 12 months,"Car, truck, or van",,,Without a disability,No,No,No,No,No,No,,18_34,True,generative,syn_t022_h0000013,syn_t022_h0000013_r004
14000US06089011300,1,17,57,2.0,2,2,2.0,2.0,,1.0,,,0,16.0,1,,,1,6.0,Reference person,Regular high school diploma,Male,Not in labor force,,,,,With a disability,No,No,Yes,No,No,No,,35_64,True,generative,syn_t022_h0000014,syn_t022_h0000014_r001
14000US06089011300,1,61,57,2.0,2,2,2.0,2.0,,2.0,141.0,1.0,0,19.0,1,40.0,1.0,2,1.0,Reference person,"1 or more years of college credit, no degree",Male,"Civilian employed, at work",50 to 52 weeks worked during past 12 months,"Car, truck, or van",,,Without a disability,No,No,No,No,No,No,,35_64,True,generative,syn_t022_h0000015,syn_t022_h0000015_r001
14000US06089011300,2,60,63,2.0,1,2,2.0,1.0,,1.0,,,1,19.0,2,,,1,6.0,Husband/wife,"1 or more years of college credit, no degree",Female,Not in labor force,,,,,With a disability,Yes,No,Yes,Yes,No,No,,35_64,True,generative,syn_t022_h0000015,syn_t022_h0000015_r002
14000US06089011300,1,10,31,2.0,2,2,2.0,2.0,,2.0,12.0,1.0,0,19.0,2,40.0,1.0,2,1.0,Reference person,"1 or more years of college credit, no degree",Female,"Civilian employed, at work",50 to 52 weeks worked during past 12 months,"Car, truck, or van",,,Without a disability,No,No,No,No,No,No,,18_34,True,generative,syn_t022_h0000016,syn_t022_h0000016_r001
14000US06089011300,2,12,30,2.0,2,2,2.0,2.0,,2.0,,11.0,1,20.0,1,40.0,1.0,2,1.0,Husband/wife,Associate's degree,Male,"Civilian employed, at work",50 to 52 weeks worked during past 12 months,Worked at home,,,Without a disability,No,No,No,No,No,No,,18_34,True,generative,syn_t022_h0000016,syn_t022_h0000016_r002
14000US06089011300,1,21,56,2.0,2,2,2.0,2.0,,2.0,15.0,1.0,0,19.0,2,52.0,1.0,2,1.0,Reference person,"1 or more years of college credit, no degree",Female,"Civilian employed, at work",50 to 52 weeks worked during past 12 months,"Car, truck, or van",,,Without a disability,No,No,No,No,No,No,,35_64,True,generative,syn_t022_h0000017,syn_t022_h0000017_r001
14000US06089011300,2,24,55,2.0,2,2,2.0,2.0,,2.0,90.0,1.0,1,19.0,1,35.0,3.0,2,1.0,Husband/wife,"1 or more years of college credit, no degree",Male,"Civilian employed, at work",40 to 47 weeks worked during past 12 months,"Car, truck, or van",,,Without a disability,No,No,No,No,No,No,,35_64,True,generative,syn_t022_h0000017,syn_t022_h0000017_r002
14000US06089011300,1,16,23,2.0,2,2,2.0,2.0,,2.0,,,0,16.0,2,,,2,6.0,Reference person,Regular high school diploma,Female,Not in labor force,,,,,Without a disability,No,No,No,No,No,No,,18_34,True,generative,syn_t022_h0000018,syn_t022_h0000018_r001
14000US06089011300,2,13,23,2.0,2,2,2.0,2.0,5.0,2.0,30.0,1.0,1,19.0,1,80.0,2.0,2,1.0,Husband/wife,"1 or more years of college credit, no degree",Male,"Civilian employed, at work",48 to 49 weeks worked during past 12 months,"Car, truck, or van",,,Without a disability,No,No,No,No,No,No,"70, 80, 90, or 100 percent",18_34,True,generative,syn_t022_h0000018,syn_t022_h0000018_r002
14000US06089011300,3,16,2,,2,2,,,,,,,2,,1,,,2,,Biological son or daughter,,Male,,,,,,Without a disability,No,No,,,,,,0_17,False,dependent,syn_t022_h0000018,syn_t022_h0000018_r003
14000US06089011300,1,6,52,2.0,2,2,2.0,2.0,,2.0,,,0,19.0,2,,,2,6.0,Reference person,"1 or more years of college credit, no degree",Female,Not in labor force,,,,,Without a disability,No,No,No,No,No,No,,35_64,True,generative,syn_t022_h0000019,syn_t022_h0000019_r001
14000US06089011300,2,7,55,2.0,2,2,2.0,2.0,,2.0,,,1,16.0,1,,,2,6.0,Husband/wife,Regular high school diploma,Male,Not in labor force,,,,,Without a disability,No,No,No,No,No,No,,35_64,True,generative,syn_t022_h0000019,syn_t022_h0000019_r002
14000US06089011300,1,12,73,2.0,2,2,2.0,2.0,4.0,2.0,,,0,20.0,1,,,2,6.0,Reference person,Associate's degree,Male,Not in labor force,,,,,Without a disability,No,No,No,No,No,No,50 or 60 percent,65_plus,True,generative,syn_t022_h0000020,syn_t022_h0000020_r001
14000US06089011300,2,16,72,2.0,2,2,2.0,2.0,,2.0,,,1,19.0,2,,,2,6.0,Husband/wife,"1 or more years of college credit, no degree",Female,Not in labor force,,,,,Without a disability,No,No,No,No,No,No,,65_plus,True,generative,syn_t022_h0000020,syn_t022_h0000020_r002
14000US06089011300,1,51,63,2.0,2,2,2.0,2.0,,2.0,,,0,21.0,1,,,2,6.0,Reference person,Bachelor's degree,Male,Not in labor force,,,,,Without a disability,No,No,No,No,No,No,,35_64,True,generative,syn_t022_h0000021,syn_t022_h0000021_r001
14000US06089011300,2,55,60,2.0,2,2,2.0,2.0,,2.0,,,1,20.0,2,,,2,6.0,Husband/wife,Associate's degree,Female,Not in labor force,,,,,Without a disability,No,No,No,No,No,No,,35_64,True,generative,syn_t022_h0000021,syn_t022_h0000021_r002
14000US06089011300,1,13,69,2.0,2,2,2.0,2.0,,2.0,,,0,20.0,1,,,2,6.0,Reference person,Associate's degree,Male,Not in labor force,,,,,Without a disability,No,No,No,No,No,No,,65_plus,True,generative,syn_t022_h0000022,syn_t022_h0000022_r001
14000US06089011300,1,34,56,2.0,2,2,2.0,2.0,,2.0,,,0,19.0,2,,,2,6.0,Reference person,"1 or more years of college credit, no degree",Female,Not in labor force,,,,,Without a disability,No,No,No,No,No,No,,35_64,True,generative,syn_t022_h0000023,syn_t022_h0000023_r001
14000US06089011300,2,35,66,2.0,2,2,2.0,1.0,5.0,2.0,,,1,20.0,1,,,1,6.0,Husband/wife,Associate's degree,Male,Not in labor force,,,,,With a disability,No,No,No,Yes,No,No,"70, 80, 90, or 100 percent",65_plus,True,generative,syn_t022_h0000023,syn_t022_h0000023_r002
14000US06089011300,1,22,45,2.0,2,2,2.0,2.0,,2.0,,,0,15.0,2,,,2,6.0,Reference person,12th grade - no diploma,Female,Not in labor force,,,,,Without a disability,No,No,No,No,No,No,,35_64,True,generative,syn_t022_h0000024,syn_t022_h0000024_r001
14000US06089011300,1,76,40,2.0,2,2,2.0,2.0,,2.0,15.0,1.0,0,20.0,1,40.0,1.0,2,1.0,Reference person,Associate's degree,Male,"Civilian employed, at work",50 to 52 weeks worked during past 12 months,"Car, truck, or van",,,Without a disability,No,No,No,No,No,No,,35_64,True,generative,syn_t022_h0000025,syn_t022_h0000025_r001
14000US06089011300,1,20,18,2.0,2,2,2.0,2.0,,2.0,15.0,1.0,0,16.0,2,20.0,3.0,2,1.0,Reference person,Regular high school diploma,Female,"Civilian employed, at work",40 to 47 weeks worked during past 12 months,"Car, truck, or van",,,Without a disability,No,No,No,No,No,No,,18_34,True,generative,syn_t022_h0000026,syn_t022_h0000026_r001
14000US06089011300,2,42,0,,2,2,,,,,,,2,,1,,,2,,Biological son or daughter,,Male,,,,,,Without a disability,No,No,,,,,,0_17,False,dependent,syn_t022_h0000026,syn_t022_h0000026_r002
14000US06089011300,3,13,18,2.0,2,2,2.0,2.0,,2.0,10.0,1.0,13,16.0,1,40.0,1.0,2,1.0,Unmarried partner,Regular high school diploma,Male,"Civilian employed, at work",50 to 52 weeks worked during past 12 months,"Car, truck, or van",,,Without a disability,No,No,No,No,No,No,,18_34,True,generative,syn_t022_h0000026,syn_t022_h0000026_r003
14000US06089011401,1,18,55,2.0,2,2,1.0,2.0,,2.0,,,0,21.0,1,,,1,6.0,Reference person,Bachelor's degree,Male,Not in labor force,,,,,With a disability,No,No,No,No,Yes,No,,35_64,True,generative,syn_t023_h0000001,syn_t023_h0000001_r001
14000US06089011401,2,23,17,2.0,2,2,1.0,2.0,,2.0,,,2,14.0,1,,,1,6.0,Biological son or daughter,Grade 11,Male,Not in labor force,,,,,With a disability,No,No,No,No,Yes,No,,0_17,False,dependent,syn_t023_h0000001,syn_t023_h0000001_r002
14000US06089011401,1,38,49,2.0,2,2,2.0,2.0,,2.0,5.0,1.0,0,20.0,2,60.0,1.0,2,1.0,Reference person,Associate's degree,Female,"Civilian employed, at work",50 to 52 weeks worked during past 12 months,"Car, truck, or van",,,Without a disability,No,No,No,No,No,No,,35_64,True,generative,syn_t023_h0000002,syn_t023_h0000002_r001
14000US06089011401,2,48,20,2.0,2,2,2.0,2.0,,2.0,,,2,19.0,2,,,2,6.0,Biological son or daughter,"1 or more years of college credit, no degree",Female,Not in labor force,,,,,Without a disability,No,No,No,No,No,No,,18_34,True,generative,syn_t023_h0000002,syn_t023_h0000002_r002
14000US06089011401,1,20,65,2.0,2,2,2.0,2.0,,2.0,,11.0,0,22.0,1,30.0,1.0,2,1.0,Reference person,Master's degree,Male,"Civilian employed, at work",50 to 52 weeks worked during past 12 months,Worked at home,,,Without a disability,No,No,No,No,No,No,,65_plus,True,generative,syn_t023_h0000003,syn_t023_h0000003_r001
14000US06089011401,2,18,64,2.0,2,2,2.0,2.0,,2.0,,11.0,1,20.0,2,30.0,1.0,2,1.0,Husband/wife,Associate's degree,Female,"Civilian employed, at work",50 to 52 weeks worked during past 12 months,Worked at home,,,Without a disability,No,No,No,No,No,No,,35_64,True,generative,syn_t023_h0000003,syn_t023_h0000003_r002
14000US06089011401,1,58,56,2.0,2,2,2.0,2.0,,2.0,30.0,1.0,0,19.0,1,52.0,1.0,2,1.0,Reference person,"1 or more years of college credit, no degree",Male,"Civilian employed, at work",50 to 52 weeks worked during past 12 months,"Car, truck, or van",,,Without a disability,No,No,No,No,No,No,,35_64,True,generative,syn_t023_h0000004,syn_t023_h0000004_r001
14000US06089011401,1,15,80,2.0,2,2,2.0,2.0,,2.0,15.0,1.0,0,17.0,1,3.0,1.0,2,1.0,Reference person,GED or alternative credential,Male,"Civilian employed, at work",50 to 52 weeks worked during past 12 months,"Car, truck, or van",,,Without a disability,No,No,No,No,No,No,,65_plus,True,generative,syn_t023_h0000005,syn_t023_h0000005_r001
14000US06089011401,2,13,80,2.0,2,2,2.0,2.0,,2.0,,,1,16.0,2,,,2,6.0,Husband/wife,Regular high school diploma,Female,Not in labor force,,,,,Without a disability,No,No,No,No,No,No,,65_plus,True,generative,syn_t023_h0000005,syn_t023_h0000005_r002
14000US06089011401,1,80,22,2.0,2,2,2.0,2.0,,2.0,30.0,1.0,0,16.0,2,40.0,1.0,2,1.0,Reference person,Regular high school diploma,Female,"Civilian employed, at work",50 to 52 weeks worked during past 12 months,"Car, truck, or van",,,Without a disability,No,No,No,No,No,No,,18_34,True,generative,syn_t023_h0000006,syn_t023_h0000006_r001
14000US06089011401,2,66,4,,2,2,,,,,,,2,1.0,1,,,2,,Biological son or daughter,No schooling completed,Male,,,,,,Without a disability,No,No,,,,,,0_17,False,dependent,syn_t023_h0000006,syn_t023_h0000006_r002
14000US06089011401,3,83,0,,2,2,,,,,,,2,,2,,,2,,Biological son or daughter,,Female,,,,,,Without a disability,No,No,,,,,,0_17,False,dependent,syn_t023_h0000006,syn_t023_h0000006_r003
14000US06089011401,4,83,29,2.0,2,2,2.0,2.0,,2.0,20.0,1.0,13,16.0,1,40.0,1.0,2,1.0,Unmarried partner,Regular high school diploma,Male,"Civilian employed, at work",50 to 52 weeks worked during past 12 months,"Car, truck, or van",,,Without a disability,No,No,No,No,No,No,,18_34,True,generative,syn_t023_h0000006,syn_t023_h0000006_r004
14000US06089011401,1,27,78,2.0,2,2,2.0,2.0,,2.0,,,0,21.0,1,,,2,6.0,Reference person,Bachelor's degree,Male,Not in labor force,,,,,Without a disability,No,No,No,No,No,No,,65_plus,True,generative,syn_t023_h0000007,syn_t023_h0000007_r001
14000US06089011401,2,30,84,2.0,2,2,2.0,2.0,,2.0,,,1,16.0,2,,,2,6.0,Husband/wife,Regular high school diploma,Female,Not in labor force,,,,,Without a disability,No,No,No,No,No,No,,65_plus,True,generative,syn_t023_h0000007,syn_t023_h0000007_r002
14000US06089011401,1,36,52,2.0,2,2,2.0,1.0,,2.0,10.0,1.0,0,20.0,2,24.0,5.0,1,1.0,Reference person,Associate's degree,Female,"Civilian employed, at work",14 to 26 weeks worked during past 12 months,"Car, truck, or van",,,With a disability,No,No,No,Yes,No,No,,35_64,True,generative,syn_t023_h0000008,syn_t023_h0000008_r001
14000US06089011401,2,32,53,2.0,2,2,2.0,2.0,,2.0,10.0,1.0,1,20.0,1,36.0,1.0,2,1.0,Husband/wife,Associate's degree,Male,"Civilian employed, at work",50 to 52 weeks worked during past 12 months,"Car, truck, or van",,,Without a disability,No,No,No,No,No,No,,35_64,True,generative,syn_t023_h0000008,syn_t023_h0000008_r002
14000US06089011401,1,15,19,2.0,2,2,2.0,2.0,,2.0,10.0,1.0,0,16.0,1,35.0,1.0,2,1.0,Reference person,Regular high school diploma,Male,"Civilian employed, at work",50 to 52 weeks worked during past 12 months,"Car, truck, or van",,,Without a disability,No,No,No,No,No,No,,18_34,True,generative,syn_t023_h0000009,syn_t023_h0000009_r001
14000US06089011401,2,29,20,2.0,2,2,2.0,2.0,,2.0,10.0,1.0,1,16.0,2,35.0,1.0,2,1.0,Husband/wife,Regular high school diploma,Female,"Civilian employed, at work",50 to 52 weeks worked during past 12 months,"Car, truck, or van",,,Without a disability,No,No,No,No,No,No,,18_34,True,generative,syn_t023_h0000009,syn_t023_h0000009_r002
14000US06089011401,1,2,54,2.0,2,2,2.0,2.0,,2.0,30.0,1.0,0,21.0,2,40.0,1.0,2,1.0,Reference person,Bachelor's degree,Female,"Civilian employed, at work",50 to 52 weeks worked during past 12 months,"Car, truck, or van",,,Without a disability,No,No,No,No,No,No,,35_64,True,generative,syn_t023_h0000010,syn_t023_h0000010_r001
14000US06089011401,2,3,56,2.0,2,2,2.0,2.0,,2.0,,,1,19.0,1,,,2,6.0,Husband/wife,"1 or more years of college credit, no degree",Male,Not in labor force,,,,,Without a disability,No,No,No,No,No,No,,35_64,True,generative,syn_t023_h0000010,syn_t023_h0000010_r002
14000US06089011401,1,17,43,2.0,2,2,2.0,2.0,,2.0,5.0,1.0,0,18.0,1,40.0,1.0,2,1.0,Reference person,"Some college, but less than 1 year",Male,"Civilian employed, at work",50 to 52 weeks worked during past 12 months,"Car, truck, or van",,,Without a disability,No,No,No,No,No,No,,35_64,True,generative,syn_t023_h0000011,syn_t023_h0000011_r001
14000US06089011401,2,17,42,2.0,2,2,2.0,2.0,,2.0,40.0,1.0,1,16.0,2,40.0,1.0,2,1.0,Husband/wife,Regular high school diploma,Female,"Civilian employed, at work",50 to 52 weeks worked during past 12 months,"Car, truck, or van",,,Without a disability,No,No,No,No,No,No,,35_64,True,generative,syn_t023_h0000011,syn_t023_h0000011_r002
14000US06089011401,3,23,20,2.0,2,2,2.0,2.0,,2.0,30.0,1.0,2,19.0,1,30.0,4.0,2,1.0,Biological son or daughter,"1 or more years of college credit, no degree",Male,"Civilian employed, at work",27 to 39 weeks worked during past 12 months,"Car, truck, or van",,,Without a disability,No,No,No,No,No,No,,18_34,True,generative,syn_t023_h0000011,syn_t023_h0000011_r003
14000US06089011401,4,22,18,2.0,2,2,2.0,2.0,,2.0,,,2,14.0,1,,,2,6.0,Biological son or daughter,Grade 11,Male,Not in labor force,,,,,Without a disability,No,No,No,No,No,No,,18_34,True,generative,syn_t023_h0000011,syn_t023_h0000011_r004
14000US06089011401,1,20,66,2.0,2,2,2.0,1.0,,2.0,,,0,12.0,2,,,1,6.0,Reference person,Grade 9,Female,Not in labor force,,,,,With a disability,No,No,No,Yes,No,No,,65_plus,True,generative,syn_t023_h0000012,syn_t023_h0000012_r001
14000US06089011401,2,19,71,2.0,2,2,2.0,2.0,,2.0,25.0,1.0,1,19.0,1,20.0,4.0,2,1.0,Husband/wife,"1 or more years of college credit, no degree",Male,"Civilian employed, at work",27 to 39 weeks worked during past 12 months,"Car, truck, or van",,,Without a disability,No,No,No,No,No,No,,65_plus,True,generative,syn_t023_h0000012,syn_t023_h0000012_r002
14000US06089011401,1,38,31,2.0,2,2,2.0,2.0,,2.0,,,0,18.0,2,40.0,2.0,2,6.0,Reference person,"Some college, but less than 1 year",Female,Not in labor force,48 to 49 weeks worked during past 12 months,,,,Without a disability,No,No,No,No,No,No,,18_34,True,generative,syn_t023_h0000013,syn_t023_h0000013_r001
14000US06089011401,2,41,11,2.0,2,2,,2.0,,2.0,,,2,8.0,1,,,2,,Biological son or daughter,Grade 5,Male,,,,,,Without a disability,No,No,No,No,,No,,0_17,False,dependent,syn_t023_h0000013,syn_t023_h0000013_r002
14000US06089011401,3,39,3,,2,2,,,,,,,2,1.0,2,,,2,,Biological son or daughter,No schooling completed,Female,,,,,,Without a disability,No,No,,,,,,0_17,False,dependent,syn_t023_h0000013,syn_t023_h0000013_r003
14000US06089011401,1,13,83,2.0,2,2,2.0,2.0,,2.0,10.0,1.0,0,22.0,1,4.0,1.0,2,1.0,Reference person,Master's degree,Male,"Civilian employed, at work",50 to 52 weeks worked during past 12 months,"Car, truck, or van",,,Without a disability,No,No,No,No,No,No,,65_plus,True,generative,syn_t023_h0000014,syn_t023_h0000014_r001
14000US06089011401,1,7,44,2.0,2,2,2.0,2.0,,2.0,10.0,1.0,0,20.0,2,40.0,1.0,2,1.0,Reference person,Associate's degree,Female,"Civilian employed, at work",50 to 52 weeks worked during past 12 months,"Car, truck, or van",,,Without a disability,No,No,No,No,No,No,,35_64,True,generative,syn_t023_h0000015,syn_t023_h0000015_r001
14000US06089011401,2,6,46,2.0,2,2,2.0,2.0,,2.0,30.0,1.0,1,16.0,1,40.0,1.0,2,1.0,Husband/wife,Regular high school diploma,Male,"Civilian employed, at work",50 to 52 weeks worked during past 12 months,"Car, truck, or van",,,Without a disability,No,No,No,No,No,No,,35_64,True,generative,syn_t023_h0000015,syn_t023_h0000015_r002
14000US06089011401,1,37,46,2.0,2,2,2.0,2.0,,2.0,5.0,1.0,0,19.0,1,60.0,1.0,2,1.0,Reference person,"1 or more years of college credit, no degree",Male,"Civilian employed, at work",50 to 52 weeks worked during past 12 months,"Car, truck, or van",,,Without a disability,No,No,No,No,No,No,,35_64,True,generative,syn_t023_h0000016,syn_t023_h0000016_r001
14000US06089011401,1,12,67,2.0,2,2,2.0,2.0,,2.0,,,0,17.0,2,,,2,6.0,Reference person,GED or alternative credential,Female,Not in labor force,,,,,Without a disability,No,No,No,No,No,No,,65_plus,True,generative,syn_t023_h0000017,syn_t023_h0000017_r001
14000US06089011401,1,26,64,2.0,2,2,2.0,2.0,,2.0,5.0,1.0,0,20.0,2,32.0,1.0,2,1.0,Reference person,Associate's degree,Female,"Civilian employed, at work",50 to 52 weeks worked during past 12 months,"Car, truck, or van",,,Without a disability,No,No,No,No,No,No,,35_64,True,generative,syn_t023_h0000018,syn_t023_h0000018_r001
14000US06089011401,2,34,62,2.0,2,2,2.0,2.0,,2.0,5.0,1.0,1,12.0,1,40.0,1.0,2,1.0,Husband/wife,Grade 9,Male,"Civilian employed, at work",50 to 52 weeks worked during past 12 months,"Car, truck, or van",,,Without a disability,No,No,No,No,No,No,,35_64,True,generative,syn_t023_h0000018,syn_t023_h0000018_r002
14000US06089011401,1,50,51,2.0,2,2,2.0,2.0,,2.0,20.0,1.0,0,21.0,2,35.0,1.0,2,1.0,Reference person,Bachelor's degree,Female,"Civilian employed, at work",50 to 52 weeks worked during past 12 months,"Car, truck, or van",,,Without a disability,No,No,No,No,No,No,,35_64,True,generative,syn_t023_h0000019,syn_t023_h0000019_r001
14000US06089011401,2,36,22,2.0,2,2,2.0,2.0,,2.0,8.0,1.0,2,20.0,2,25.0,1.0,2,1.0,Biological son or daughter,Associate's degree,Female,"Civilian employed, at work",50 to 52 weeks worked during past 12 months,"Car, truck, or van",,,Without a disability,No,No,No,No,No,No,,18_34,True,generative,syn_t023_h0000019,syn_t023_h0000019_r002
14000US06089011401,3,98,13,2.0,2,2,,2.0,,2.0,,,2,10.0,2,,,2,,Biological son or daughter,Grade 7,Female,,,,,,Without a disability,No,No,No,No,,No,,0_17,False,dependent,syn_t023_h0000019,syn_t023_h0000019_r003
14000US06089011401,1,22,35,2.0,2,2,2.0,2.0,,2.0,10.0,1.0,0,23.0,2,45.0,2.0,2,1.0,Reference person,Professional degree beyond a bachelor's degree,Female,"Civilian employed, at work",48 to 49 weeks worked during past 12 months,"Car, truck, or van",,,Without a disability,No,No,No,No,No,No,,35_64,True,generative,syn_t023_h0000020,syn_t023_h0000020_r001
14000US06089011401,2,21,38,2.0,2,2,2.0,2.0,,2.0,,,1,23.0,2,45.0,1.0,2,2.0,Husband/wife,Professional degree beyond a bachelor's degree,Female,"Civilian employed, with a job but not at work",50 to 52 weeks worked during past 12 months,,,,Without a disability,No,No,No,No,No,No,,35_64,True,generative,syn_t023_h0000020,syn_t023_h0000020_r002
14000US06089011401,3,21,4,,2,2,,,,,,,2,2.0,1,,,2,,Biological son or daughter,"Nursery school, preschool",Male,,,,,,Without a disability,No,No,,,,,,0_17,False,dependent,syn_t023_h0000020,syn_t023_h0000020_r003
14000US06089011401,4,21,1,,2,2,,,,,,,2,,1,,,2,,Biological son or daughter,,Male,,,,,,Without a disability,No,No,,,,,,0_17,False,dependent,syn_t023_h0000020,syn_t023_h0000020_r004
14000US06089011401,1,14,68,2.0,1,2,2.0,1.0,,2.0,,,0,19.0,1,4.0,4.0,1,6.0,Reference person,"1 or more years of college credit, no degree",Male,Not in labor force,27 to 39 weeks worked during past 12 months,,,,With a disability,Yes,No,No,Yes,No,No,,65_plus,True,generative,syn_t023_h0000021,syn_t023_h0000021_r001
14000US06089011401,2,13,58,2.0,2,2,2.0,2.0,,2.0,7.0,1.0,1,21.0,2,40.0,1.0,2,1.0,Husband/wife,Bachelor's degree,Female,"Civilian employed, at work",50 to 52 weeks worked during past 12 months,"Car, truck, or van",,,Without a disability,No,No,No,No,No,No,,35_64,True,generative,syn_t023_h0000021,syn_t023_h0000021_r002
14000US06089011402,1,27,69,2.0,2,2,2.0,2.0,,2.0,,,0,18.0,1,,,2,6.0,Reference person,"Some college, but less than 1 year",Male,Not in labor force,,,,,Without a disability,No,No,No,No,No,No,,65_plus,True,generative,syn_t024_h0000001,syn_t024_h0000001_r001
14000US06089011402,1,15,41,2.0,2,2,2.0,2.0,,2.0,15.0,1.0,0,21.0,2,40.0,1.0,2,1.0,Reference person,Bachelor's degree,Female,"Civilian employed, at work",50 to 52 weeks worked during past 12 months,"Car, truck, or van",,,Without a disability,No,No,No,No,No,No,,35_64,True,generative,syn_t024_h0000002,syn_t024_h0000002_r001
14000US06089011402,2,14,43,2.0,2,2,2.0,2.0,,2.0,3.0,10.0,1,18.0,1,40.0,1.0,2,1.0,Husband/wife,"Some college, but less than 1 year",Male,"Civilian employed, at work",50 to 52 weeks worked during past 12 months,Walked,,,Without a disability,No,No,No,No,No,No,,35_64,True,generative,syn_t024_h0000002,syn_t024_h0000002_r002
14000US06089011402,3,17,18,2.0,2,2,2.0,2.0,,2.0,,,2,16.0,1,,,2,6.0,Biological son or daughter,Regular high school diploma,Male,Not in labor force,,,,,Without a disability,No,No,No,No,No,No,,18_34,True,generative,syn_t024_h0000002,syn_t024_h0000002_r003
14000US06089011402,4,17,16,2.0,2,2,1.0,2.0,,1.0,,,2,13.0,2,,,1,6.0,Biological son or daughter,Grade 10,Female,Not in labor force,,,,,With a disability,No,No,Yes,No,Yes,No,,0_17,False,dependent,syn_t024_h0000002,syn_t024_h0000002_r004
14000US06089011402,5,16,15,2.0,2,2,2.0,2.0,,2.0,,,2,12.0,2,,,2,,Biological son or daughter,Grade 9,Female,,,,,,Without a disability,No,No,No,No,No,No,,0_17,False,dependent,syn_t024_h0000002,syn_t024_h0000002_r005
14000US06089011402,1,5,62,2.0,1,2,1.0,1.0,,1.0,,,0,19.0,1,,,1,6.0,Reference person,"1 or more years of college credit, no degree",Male,Not in labor force,,,,,With a disability,Yes,No,Yes,Yes,Yes,No,,35_64,True,generative,syn_t024_h0000003,syn_t024_h0000003_r001
14000US06089011402,1,15,19,2.0,2,2,2.0,2.0,,2.0,10.0,1.0,0,16.0,1,35.0,1.0,2,1.0,Reference person,Regular high school diploma,Male,"Civilian employed, at work",50 to 52 weeks worked during past 12 months,"Car, truck, or van",,,Without a disability,No,No,No,No,No,No,,18_34,True,generative,syn_t024_h0000004,syn_t024_h0000004_r001
14000US06089011402,2,29,20,2.0,2,2,2.0,2.0,,2.0,10.0,1.0,1,16.0,2,35.0,1.0,2,1.0,Husband/wife,Regular high school diploma,Female,"Civilian employed, at work",50 to 52 weeks worked during past 12 months,"Car, truck, or van",,,Without a disability,No,No,No,No,No,No,,18_34,True,generative,syn_t024_h0000004,syn_t024_h0000004_r002
14000US06089011402,1,10,57,2.0,2,2,2.0,2.0,,2.0,5.0,1.0,0,16.0,1,50.0,1.0,2,1.0,Reference person,Regular high school diploma,Male,"Civilian employed, at work",50 to 52 weeks worked during past 12 months,"Car, truck, or van",,,Without a disability,No,No,No,No,No,No,,35_64,True,generative,syn_t024_h0000005,syn_t024_h0000005_r001
14000US06089011402,2,11,57,2.0,2,2,2.0,2.0,,2.0,,11.0,1,21.0,2,40.0,1.0,2,1.0,Husband/wife,Bachelor's degree,Female,"Civilian employed, at work",50 to 52 weeks worked during past 12 months,Worked at home,,,Without a disability,No,No,No,No,No,No,,35_64,True,generative,syn_t024_h0000005,syn_t024_h0000005_r002
14000US06089011402,1,9,58,2.0,1,2,2.0,2.0,,2.0,5.0,1.0,0,19.0,1,40.0,1.0,1,1.0,Reference person,"1 or more years of college credit, no degree",Male,"Civilian employed, at work",50 to 52 weeks worked during past 12 months,"Car, truck, or van",,,With a disability,Yes,No,No,No,No,No,,35_64,True,generative,syn_t024_h0000006,syn_t024_h0000006_r001
14000US06089011402,2,14,39,2.0,2,2,2.0,2.0,,2.0,,,2,15.0,1,,,2,6.0,Biological son or daughter,12th grade - no diploma,Male,Not in labor force,,,,,Without a disability,No,No,No,No,No,No,,35_64,True,generative,syn_t024_h0000006,syn_t024_h0000006_r002
14000US06089011402,3,12,35,2.0,2,2,2.0,2.0,,2.0,,,2,16.0,2,,,2,6.0,Biological son or daughter,Regular high school diploma,Female,Not in labor force,,,,,Without a disability,No,No,No,No,No,No,,35_64,True,generative,syn_t024_h0000006,syn_t024_h0000006_r003
14000US06089011402,4,9,69,2.0,2,2,2.0,2.0,,2.0,5.0,1.0,13,16.0,2,40.0,2.0,2,1.0,Unmarried partner,Regular high school diploma,Female,"Civilian employed, at work",48 to 49 weeks worked during past 12 months,"Car, truck, or van",,,Without a disability,No,No,No,No,No,No,,65_plus,True,generative,syn_t024_h0000006,syn_t024_h0000006_r004
14000US06089011402,1,98,60,2.0,2,2,2.0,2.0,,2.0,20.0,1.0,0,18.0,1,20.0,3.0,2,1.0,Reference person,"Some college, but less than 1 year",Male,"Civilian employed, at work",40 to 47 weeks worked during past 12 months,"Car, truck, or van",,,Without a disability,No,No,No,No,No,No,,35_64,True,generative,syn_t024_h0000007,syn_t024_h0000007_r001
14000US06089011402,2,96,60,2.0,2,2,2.0,2.0,,2.0,75.0,1.0,1,19.0,2,45.0,1.0,2,1.0,Husband/wife,"1 or more years of college credit, no degree",Female,"Civilian employed, at work",50 to 52 weeks worked during past 12 months,"Car, truck, or van",,,Without a disability,No,No,No,No,No,No,,35_64,True,generative,syn_t024_h0000007,syn_t024_h0000007_r002
14000US06089011402,3,100,25,2.0,2,2,2.0,2.0,,2.0,,,2,18.0,2,,,2,6.0,Biological son or daughter,"Some college, but less than 1 year",Female,Not in labor force,,,,,Without a disability,No,No,No,No,No,No,,18_34,True,generative,syn_t024_h0000007,syn_t024_h0000007_r003
14000US06089011402,4,84,5,2.0,2,2,,2.0,,2.0,,,7,3.0,2,,,2,,Grandchild,Kindergarten,Female,,,,,,Without a disability,No,No,No,No,,No,,0_17,False,dependent,syn_t024_h0000007,syn_t024_h0000007_r004
14000US06089011402,1,48,36,2.0,2,2,2.0,2.0,,2.0,,,0,21.0,2,,,2,6.0,Reference person,Bachelor's degree,Female,Not in labor force,,,,,Without a disability,No,No,No,No,No,No,,35_64,True,generative,syn_t024_h0000008,syn_t024_h0000008_r001
14000US06089011402,2,55,36,2.0,2,2,2.0,2.0,,2.0,80.0,1.0,1,21.0,1,40.0,1.0,2,1.0,Husband/wife,Bachelor's degree,Male,"Civilian employed, at work",50 to 52 weeks worked during past 12 months,"Car, truck, or van",,,Without a disability,No,No,No,No,No,No,,35_64,True,generative,syn_t024_h0000008,syn_t024_h0000008_r002
14000US06089011402,3,53,5,2.0,2,2,,2.0,,2.0,,,2,2.0,1,,,2,,Biological son or daughter,"Nursery school, preschool",Male,,,,,,Without a disability,No,No,No,No,,No,,0_17,False,dependent,syn_t024_h0000008,syn_t024_h0000008_r003
14000US06089011402,4,51,3,,2,2,,,,,,,2,1.0,2,,,2,,Biological son or daughter,No schooling completed,Female,,,,,,Without a disability,No,No,,,,,,0_17,False,dependent,syn_t024_h0000008,syn_t024_h0000008_r004
14000US06089011402,1,20,70,2.0,1,2,2.0,2.0,,2.0,,,0,18.0,1,,,1,6.0,Reference person,"Some college, but less than 1 year",Male,Not in labor force,,,,,With a disability,Yes,No,No,No,No,No,,65_plus,True,generative,syn_t024_h0000009,syn_t024_h0000009_r001
14000US06089011402,2,19,70,2.0,2,2,2.0,2.0,,2.0,,,13,24.0,2,,,2,6.0,Unmarried partner,Doctorate degree,Female,Not in labor force,,,,,Without a disability,No,No,No,No,No,No,,65_plus,True,generative,syn_t024_h0000009,syn_t024_h0000009_r002
14000US06089011402,1,56,46,2.0,2,2,2.0,2.0,,2.0,20.0,1.0,0,19.0,2,40.0,1.0,2,1.0,Reference person,"1 or more years of college credit, no degree",Female,"Civilian employed, at work",50 to 52 weeks worked during past 12 months,"Car, truck, or van",,,Without a disability,No,No,No,No,No,No,,35_64,True,generative,syn_t024_h0000010,syn_t024_h0000010_r001
14000US06089011402,2,34,31,2.0,2,2,2.0,2.0,,2.0,10.0,1.0,1,16.0,1,40.0,4.0,2,1.0,Husband/wife,Regular high school diploma,Male,"Civilian employed, at work",27 to 39 weeks worked during past 12 months,"Car, truck, or van",,,Without a disability,No,No,No,No,No,No,,18_34,True,generative,syn_t024_h0000010,syn_t024_h0000010_r002
14000US06089011402,3,41,16,2.0,2,2,2.0,2.0,,2.0,,,2,13.0,1,,,2,6.0,Biological son or daughter,Grade 10,Male,Not in labor force,,,,,Without a disability,No,No,No,No,No,No,,0_17,False,dependent,syn_t024_h0000010,syn_t024_h0000010_r003
14000US06089011402,4,81,12,2.0,2,2,,2.0,,2.0,,,2,9.0,1,,,2,,Biological son or daughter,Grade 6,Male,,,,,,Without a disability,No,No,No,No,,No,,0_17,False,dependent,syn_t024_h0000010,syn_t024_h0000010_r004
14000US06089011402,1,11,60,2.0,2,2,2.0,2.0,,2.0,30.0,1.0,0,20.0,1,40.0,1.0,2,1.0,Reference person,Associate's degree,Male,"Civilian employed, at work",50 to 52 weeks worked during past 12 months,"Car, truck, or van",,,Without a disability,No,No,No,No,No,No,,35_64,True,generative,syn_t024_h0000011,syn_t024_h0000011_r001
14000US06089011402,2,8,57,2.0,2,2,2.0,2.0,,2.0,30.0,1.0,1,16.0,2,35.0,1.0,2,1.0,Husband/wife,Regular high school diploma,Female,"Civilian employed, at work",50 to 52 weeks worked during past 12 months,"Car, truck, or van",,,Without a disability,No,No,No,No,No,No,,35_64,True,generative,syn_t024_h0000011,syn_t024_h0000011_r002
14000US06089011402,1,4,43,2.0,2,2,2.0,2.0,,2.0,30.0,1.0,0,21.0,1,60.0,1.0,2,1.0,Reference person,Bachelor's degree,Male,"Civilian employed, at work",50 to 52 weeks worked during past 12 months,"Car, truck, or van",,,Without a disability,No,No,No,No,No,No,,35_64,True,generative,syn_t024_h0000012,syn_t024_h0000012_r001
14000US06089011402,1,9,63,2.0,2,2,2.0,2.0,2.0,2.0,,,0,18.0,1,40.0,3.0,2,6.0,Reference person,"Some college, but less than 1 year",Male,Not in labor force,40 to 47 weeks worked during past 12 months,,,,Without a disability,No,No,No,No,No,No,10 or 20 percent,35_64,True,generative,syn_t024_h0000013,syn_t024_h0000013_r001
14000US06089011402,2,9,63,2.0,2,2,2.0,2.0,,2.0,,,1,4.0,2,,,2,6.0,Husband/wife,Grade 1,Female,Not in labor force,,,,,Without a disability,No,No,No,No,No,No,,35_64,True,generative,syn_t024_h0000013,syn_t024_h0000013_r002
14000US06089011402,1,16,47,2.0,2,2,2.0,2.0,,2.0,30.0,1.0,0,21.0,2,40.0,1.0,2,1.0,Reference person,Bachelor's degree,Female,"Civilian employed, at work",50 to 52 weeks worked during past 12 months,"Car, truck, or van",,,Without a disability,No,No,No,No,No,No,,35_64,True,generative,syn_t024_h0000014,syn_t024_h0000014_r001
14000US06089011402,2,14,46,2.0,2,2,2.0,2.0,,2.0,10.0,1.0,1,21.0,1,40.0,1.0,2,1.0,Husband/wife,Bachelor's degree,Male,"Civilian employed, at work",50 to 52 weeks worked during past 12 months,"Car, truck, or van",,,Without a disability,No,No,No,No,No,No,,35_64,True,generative,syn_t024_h0000014,syn_t024_h0000014_r002
14000US06089011402,3,15,17,2.0,2,2,2.0,2.0,,2.0,,,2,13.0,2,16.0,6.0,2,6.0,Biological son or daughter,Grade 10,Female,Not in labor force,less than 14 weeks worked during past 12 months,,,,Without a disability,No,No,No,No,No,No,,0_17,False,dependent,syn_t024_h0000014,syn_t024_h0000014_r003
14000US06089011402,4,15,14,2.0,2,2,,2.0,,2.0,,,2,11.0,2,,,2,,Biological son or daughter,Grade 8,Female,,,,,,Without a disability,No,No,No,No,,No,,0_17,False,dependent,syn_t024_h0000014,syn_t024_h0000014_r004
14000US06089011402,5,15,12,2.0,2,2,,2.0,,2.0,,,2,9.0,1,,,2,,Biological son or daughter,Grade 6,Male,,,,,,Without a disability,No,No,No,No,,No,,0_17,False,dependent,syn_t024_h0000014,syn_t024_h0000014_r005
14000US06089011402,1,39,68,2.0,2,2,2.0,2.0,,2.0,,,0,20.0,2,,,2,6.0,Reference person,Associate's degree,Female,Not in labor force,,,,,Without a disability,No,No,No,No,No,No,,65_plus,True,generative,syn_t024_h0000015,syn_t024_h0000015_r001
14000US06089011402,2,50,84,2.0,1,1,1.0,1.0,,2.0,,,1,19.0,1,,,1,6.0,Husband/wife,"1 or more years of college credit, no degree",Male,Not in labor force,,,,,With a disability,Yes,Yes,No,Yes,Yes,No,,65_plus,True,generative,syn_t024_h0000015,syn_t024_h0000015_r002
14000US06089011402,1,19,39,2.0,2,2,2.0,2.0,,2.0,25.0,1.0,0,18.0,1,99.0,1.0,2,1.0,Reference person,"Some college, but less than 1 year",Male,"Civilian employed, at work",50 to 52 weeks worked during past 12 months,"Car, truck, or van",99 or more usual hours,,Without a disability,No,No,No,No,No,No,,35_64,True,generative,syn_t024_h0000016,syn_t024_h0000016_r001
14000US06089011402,2,15,37,2.0,2,2,2.0,2.0,,2.0,,11.0,1,19.0,2,65.0,1.0,2,1.0,Husband/wife,"1 or more years of college credit, no degree",Female,"Civilian employed, at work",50 to 52 weeks worked during past 12 months,Worked at home,,,Without a disability,No,No,No,No,No,No,,35_64,True,generative,syn_t024_h0000016,syn_t024_h0000016_r002
14000US06089011402,3,18,13,2.0,2,2,,2.0,,2.0,,,2,11.0,1,,,2,,Biological son or daughter,Grade 8,Male,,,,,,Without a disability,No,No,No,No,,No,,0_17,False,dependent,syn_t024_h0000016,syn_t024_h0000016_r003
14000US06089011402,4,18,7,2.0,2,2,,2.0,,2.0,,,2,4.0,2,,,2,,Biological son or daughter,Grade 1,Female,,,,,,Without a disability,No,No,No,No,,No,,0_17,False,dependent,syn_t024_h0000016,syn_t024_h0000016_r004
14000US06089011402,5,18,9,2.0,2,2,,2.0,,2.0,,,3,6.0,2,,,2,,Adopted son or daughter,Grade 3,Female,,,,,,Without a disability,No,No,No,No,,No,,0_17,False,dependent,syn_t024_h0000016,syn_t024_h0000016_r005
14000US06089011402,6,18,8,2.0,2,2,,2.0,,2.0,,,3,5.0,2,,,2,,Adopted son or daughter,Grade 2,Female,,,,,,Without a disability,No,No,No,No,,No,,0_17,False,dependent,syn_t024_h0000016,syn_t024_h0000016_r006
14000US06089011402,7,16,18,2.0,2,2,2.0,2.0,,2.0,,,4,18.0,1,,,2,3.0,Stepson or stepdaughter,"Some college, but less than 1 year",Male,Unemployed,,,,,Without a disability,No,No,No,No,No,No,,18_34,True,generative,syn_t024_h0000016,syn_t024_h0000016_r007
14000US06089011403,1,9,51,2.0,2,2,2.0,2.0,,2.0,,,0,20.0,1,,,2,6.0,Reference person,Associate's degree,Male,Not in labor force,,,,,Without a disability,No,No,No,No,No,No,,35_64,True,generative,syn_t025_h0000001,syn_t025_h0000001_r001
14000US06089011403,2,6,52,2.0,2,2,2.0,2.0,,2.0,,,1,15.0,2,,,2,6.0,Husband/wife,12th grade - no diploma,Female,Not in labor force,,,,,Without a disability,No,No,No,No,No,No,,35_64,True,generative,syn_t025_h0000001,syn_t025_h0000001_r002
14000US06089011403,1,17,27,2.0,2,2,2.0,2.0,,2.0,,,0,16.0,2,8.0,4.0,2,3.0,Reference person,Regular high school diploma,Female,Unemployed,27 to 39 weeks worked during past 12 months,,,,Without a disability,No,No,No,No,No,No,,18_34,True,generative,syn_t025_h0000002,syn_t025_h0000002_r001
14000US06089011403,2,22,56,2.0,2,2,2.0,2.0,,2.0,20.0,12.0,6,16.0,1,40.0,1.0,2,1.0,Father or mother,Regular high school diploma,Male,"Civilian employed, at work",50 to 52 weeks worked during past 12 months,Other method,,,Without a disability,No,No,No,No,No,No,,35_64,True,generative,syn_t025_h0000002,syn_t025_h0000002_r002
14000US06089011403,3,48,25,2.0,2,2,2.0,2.0,,2.0,20.0,12.0,10,17.0,1,20.0,1.0,2,1.0,Other relative,GED or alternative credential,Male,"Civilian employed, at work",50 to 52 weeks worked during past 12 months,Other method,,,Without a disability,No,No,No,No,No,No,,18_34,True,generative,syn_t025_h0000002,syn_t025_h0000002_r003
14000US06089011403,4,43,18,2.0,2,2,2.0,2.0,,2.0,,11.0,10,17.0,1,15.0,1.0,2,1.0,Other relative,GED or alternative credential,Male,"Civilian employed, at work",50 to 52 weeks worked during past 12 months,Worked at home,,,Without a disability,No,No,No,No,No,No,,18_34,True,generative,syn_t025_h0000002,syn_t025_h0000002_r004
14000US06089011403,1,24,57,2.0,2,2,2.0,2.0,,2.0,10.0,9.0,0,18.0,1,40.0,1.0,2,1.0,Reference person,"Some college, but less than 1 year",Male,"Civilian employed, at work",50 to 52 weeks worked during past 12 months,Bicycle,,,Without a disability,No,No,No,No,No,No,,35_64,True,generative,syn_t025_h0000003,syn_t025_h0000003_r001
14000US06089011403,1,14,49,2.0,2,2,2.0,1.0,,2.0,,,0,18.0,2,,,1,6.0,Reference person,"Some college, but less than 1 year",Female,Not in labor force,,,,,With a disability,No,No,No,Yes,No,No,,35_64,True,generative,syn_t025_h0000004,syn_t025_h0000004_r001
14000US06089011403,2,13,57,2.0,2,2,2.0,2.0,,2.0,,11.0,1,18.0,1,50.0,1.0,2,1.0,Husband/wife,"Some college, but less than 1 year",Male,"Civilian employed, at work",50 to 52 weeks worked during past 12 months,Worked at home,,,Without a disability,No,No,No,No,No,No,,35_64,True,generative,syn_t025_h0000004,syn_t025_h0000004_r002
14000US06089011403,3,15,26,2.0,2,2,2.0,2.0,,2.0,15.0,1.0,15,16.0,1,28.0,3.0,2,1.0,Other nonrelative,Regular high school diploma,Male,"Civilian employed, at work",40 to 47 weeks worked during past 12 months,"Car, truck, or van",,,Without a disability,No,No,No,No,No,No,,18_34,True,generative,syn_t025_h0000004,syn_t025_h0000004_r003
14000US06089011403,4,18,26,2.0,2,2,2.0,2.0,,2.0,,,15,16.0,2,6.0,4.0,2,2.0,Other nonrelative,Regular high school diploma,Female,"Civilian employed, with a job but not at work",27 to 39 weeks worked during past 12 months,,,,Without a disability,No,No,No,No,No,No,,18_34,True,generative,syn_t025_h0000004,syn_t025_h0000004_r004
14000US06089011403,1,52,90,2.0,2,2,2.0,2.0,,2.0,,,0,16.0,1,,,2,6.0,Reference person,Regular high school diploma,Male,Not in labor force,,,,,Without a disability,No,No,No,No,No,No,,65_plus,True,generative,syn_t025_h0000005,syn_t025_h0000005_r001
14000US06089011403,1,12,46,2.0,2,2,2.0,2.0,,2.0,15.0,1.0,0,21.0,1,36.0,1.0,2,1.0,Reference person,Bachelor's degree,Male,"Civilian employed, at work",50 to 52 weeks worked during past 12 months,"Car, truck, or van",,,Without a disability,No,No,No,No,No,No,,35_64,True,generative,syn_t025_h0000006,syn_t025_h0000006_r001
14000US06089011403,2,13,48,2.0,2,2,2.0,2.0,,2.0,15.0,1.0,1,17.0,2,10.0,1.0,2,1.0,Husband/wife,GED or alternative credential,Female,"Civilian employed, at work",50 to 52 weeks worked during past 12 months,"Car, truck, or van",,,Without a disability,No,No,No,No,No,No,,35_64,True,generative,syn_t025_h0000006,syn_t025_h0000006_r002
14000US06089011403,3,18,18,2.0,2,2,2.0,2.0,,2.0,7.0,1.0,2,16.0,2,20.0,1.0,2,1.0,Biological son or daughter,Regular high school diploma,Female,"Civilian employed, at work",50 to 52 weeks worked during past 12 months,"Car, truck, or van",,,Without a disability,No,No,No,No,No,No,,18_34,True,generative,syn_t025_h0000006,syn_t025_h0000006_r003
14000US06089011403,1,13,57,2.0,2,2,2.0,2.0,,2.0,15.0,1.0,0,21.0,2,40.0,1.0,2,1.0,Reference person,Bachelor's degree,Female,"Civilian employed, at work",50 to 52 weeks worked during past 12 months,"Car, truck, or van",,,Without a disability,No,No,No,No,No,No,,35_64,True,generative,syn_t025_h0000007,syn_t025_h0000007_r001
14000US06089011403,2,12,57,2.0,2,2,2.0,2.0,,2.0,20.0,1.0,1,22.0,1,40.0,1.0,2,1.0,Husband/wife,Master's degree,Male,"Civilian employed, at work",50 to 52 weeks worked during past 12 months,"Car, truck, or van",,,Without a disability,No,No,No,No,No,No,,35_64,True,generative,syn_t025_h0000007,syn_t025_h0000007_r002
14000US06089011403,1,34,77,2.0,2,2,2.0,1.0,,2.0,,,0,18.0,1,,,1,6.0,Reference person,"Some college, but less than 1 year",Male,Not in labor force,,,,,With a disability,No,No,No,Yes,No,No,,65_plus,True,generative,syn_t025_h0000008,syn_t025_h0000008_r001
14000US06089011403,2,37,69,2.0,2,2,2.0,2.0,,2.0,,,1,21.0,2,,,2,6.0,Husband/wife,Bachelor's degree,Female,Not in labor force,,,,,Without a disability,No,No,No,No,No,No,,65_plus,True,generative,syn_t025_h0000008,syn_t025_h0000008_r002
14000US06089011403,1,36,38,2.0,2,2,2.0,2.0,,2.0,,11.0,0,16.0,2,35.0,1.0,2,1.0,Reference person,Regular high school diploma,Female,"Civilian employed, at work",50 to 52 weeks worked during past 12 months,Worked at home,,,Without a disability,No,No,No,No,No,No,,35_64,True,generative,syn_t025_h0000009,syn_t025_h0000009_r001
14000US06089011403,2,33,6,2.0,2,2,,2.0,,2.0,,,2,3.0,2,,,2,,Biological son or daughter,Kindergarten,Female,,,,,,Without a disability,No,No,No,No,,No,,0_17,False,dependent,syn_t025_h0000009,syn_t025_h0000009_r002
14000US06089011403,3,41,39,2.0,2,2,2.0,2.0,,2.0,20.0,1.0,13,16.0,1,45.0,1.0,2,1.0,Unmarried partner,Regular high school diploma,Male,"Civilian employed, at work",50 to 52 weeks worked during past 12 months,"Car, truck, or van",,,Without a disability,No,No,No,No,No,No,,35_64,True,generative,syn_t025_h0000009,syn_t025_h0000009_r003
14000US06089011403,1,12,75,2.0,2,2,2.0,2.0,,2.0,,,0,22.0,2,4.0,6.0,2,6.0,Reference person,Master's degree,Female,Not in labor force,less than 14 weeks worked during past 12 months,,,,Without a disability,No,No,No,No,No,No,,65_plus,True,generative,syn_t025_h0000010,syn_t025_h0000010_r001
14000US06089011403,2,15,75,2.0,2,2,2.0,2.0,,2.0,25.0,1.0,1,24.0,1,3.0,3.0,2,1.0,Husband/wife,Doctorate degree,Male,"Civilian employed, at work",40 to 47 weeks worked during past 12 months,"Car, truck, or van",,,Without a disability,No,No,No,No,No,No,,65_plus,True,generative,syn_t025_h0000010,syn_t025_h0000010_r002
14000US06089011403,1,13,61,2.0,2,2,2.0,2.0,,2.0,20.0,1.0,0,19.0,1,50.0,1.0,2,1.0,Reference person,"1 or more years of college credit, no degree",Male,"Civilian employed, at work",50 to 52 weeks worked during past 12 months,"Car, truck, or van",,,Without a disability,No,No,No,No,No,No,,35_64,True,generative,syn_t025_h0000011,syn_t025_h0000011_r001
14000US06089011403,1,23,74,2.0,2,2,2.0,2.0,,2.0,20.0,1.0,0,16.0,2,32.0,1.0,2,1.0,Reference person,Regular high school diploma,Female,"Civilian employed, at work",50 to 52 weeks worked during past 12 months,"Car, truck, or van",,,Without a disability,No,No,No,No,No,No,,65_plus,True,generative,syn_t025_h0000012,syn_t025_h0000012_r001
14000US06089011403,2,31,57,2.0,2,2,2.0,2.0,,2.0,20.0,1.0,2,19.0,2,36.0,6.0,2,1.0,Biological son or daughter,"1 or more years of college credit, no degree",Female,"Civilian employed, at work",less than 14 weeks worked during past 12 months,"Car, truck, or van",,,Without a disability,No,No,No,No,No,No,,35_64,True,generative,syn_t025_h0000012,syn_t025_h0000012_r002
14000US06089011403,3,28,57,2.0,2,2,2.0,2.0,,2.0,45.0,1.0,2,1.0,1,22.0,1.0,2,1.0,Biological son or daughter,No schooling completed,Male,"Civilian employed, at work",50 to 52 weeks worked during past 12 months,"Car, truck, or van",,,Without a disability,No,No,No,No,No,No,,35_64,True,generative,syn_t025_h0000012,syn_t025_h0000012_r003
14000US06089011403,4,26,54,2.0,2,2,2.0,2.0,,2.0,,,2,16.0,1,,,2,6.0,Biological son or daughter,Regular high school diploma,Male,Not in labor force,,,,,Without a disability,No,No,No,No,No,No,,35_64,True,generative,syn_t025_h0000012,syn_t025_h0000012_r004
14000US06089011403,5,25,52,2.0,2,2,1.0,2.0,,2.0,,,2,16.0,1,,,1,6.0,Biological son or daughter,Regular high school diploma,Male,Not in labor force,,,,,With a disability,No,No,No,No,Yes,No,,35_64,True,generative,syn_t025_h0000012,syn_t025_h0000012_r005
14000US06089011403,1,6,41,2.0,2,2,2.0,2.0,,2.0,25.0,1.0,0,21.0,2,40.0,1.0,2,1.0,Reference person,Bachelor's degree,Female,"Civilian employed, at work",50 to 52 weeks worked during past 12 months,"Car, truck, or van",,,Without a disability,No,No,No,No,No,No,,35_64,True,generative,syn_t025_h0000013,syn_t025_h0000013_r001
14000US06089011403,2,10,46,2.0,2,2,2.0,2.0,,2.0,15.0,1.0,1,17.0,1,40.0,1.0,2,1.0,Husband/wife,GED or alternative credential,Male,"Civilian employed, at work",50 to 52 weeks worked during past 12 months,"Car, truck, or van",,,Without a disability,No,No,No,No,No,No,,35_64,True,generative,syn_t025_h0000013,syn_t025_h0000013_r002
14000US06089011403,3,6,15,2.0,2,2,2.0,2.0,,2.0,,,2,12.0,1,,,2,,Biological son or daughter,Grade 9,Male,,,,,,Without a disability,No,No,No,No,No,No,,0_17,False,dependent,syn_t025_h0000013,syn_t025_h0000013_r003
14000US06089011403,4,9,12,2.0,2,2,,2.0,,2.0,,,2,9.0,1,,,2,,Biological son or daughter,Grade 6,Male,,,,,,Without a disability,No,No,No,No,,No,,0_17,False,dependent,syn_t025_h0000013,syn_t025_h0000013_r004
14000US06089011403,1,18,30,2.0,2,2,2.0,2.0,,2.0,10.0,1.0,0,21.0,1,50.0,1.0,2,1.0,Reference person,Bachelor's degree,Male,"Civilian employed, at work",50 to 52 weeks worked during past 12 months,"Car, truck, or van",,,Without a disability,No,No,No,No,No,No,,18_34,True,generative,syn_t025_h0000014,syn_t025_h0000014_r001
14000US06089011403,2,31,30,2.0,2,2,2.0,2.0,,2.0,15.0,1.0,12,21.0,1,40.0,1.0,2,1.0,Housemate or roommate,Bachelor's degree,Male,"Civilian employed, at work",50 to 52 weeks worked during past 12 months,"Car, truck, or van",,,Without a disability,No,No,No,No,No,No,,18_34,True,generative,syn_t025_h0000014,syn_t025_h0000014_r002
14000US06089011403,1,7,59,2.0,2,2,1.0,1.0,,1.0,,,0,19.0,2,,,1,6.0,Reference person,"1 or more years of college credit, no degree",Female,Not in labor force,,,,,With a disability,No,No,Yes,Yes,Yes,No,,35_64,True,generative,syn_t025_h0000015,syn_t025_h0000015_r001
14000US06089011403,2,9,47,2.0,2,2,2.0,2.0,,2.0,,,13,10.0,1,,,2,6.0,Unmarried partner,Grade 7,Male,Not in labor force,,,,,Without a disability,No,No,No,No,No,No,,35_64,True,generative,syn_t025_h0000015,syn_t025_h0000015_r002
14000US06089011500,1,26,33,2.0,2,2,2.0,2.0,,2.0,30.0,1.0,0,19.0,1,40.0,1.0,2,1.0,Reference person,"1 or more years of college credit, no degree",Male,"Civilian employed, at work",50 to 52 weeks worked during past 12 months,"Car, truck, or van",,,Without a disability,No,No,No,No,No,No,,18_34,True,generative,syn_t026_h0000001,syn_t026_h0000001_r001
14000US06089011500,2,28,34,2.0,2,2,2.0,2.0,,2.0,20.0,1.0,1,20.0,2,40.0,1.0,2,1.0,Husband/wife,Associate's degree,Female,"Civilian employed, at work",50 to 52 weeks worked during past 12 months,"Car, truck, or van",,,Without a disability,No,No,No,No,No,No,,18_34,True,generative,syn_t026_h0000001,syn_t026_h0000001_r002
14000US06089011500,3,31,7,2.0,2,2,,2.0,,2.0,,,2,5.0,1,,,2,,Biological son or daughter,Grade 2,Male,,,,,,Without a disability,No,No,No,No,,No,,0_17,False,dependent,syn_t026_h0000001,syn_t026_h0000001_r003
14000US06089011500,4,31,4,,2,2,,,,,,,2,2.0,1,,,2,,Biological son or daughter,"Nursery school, preschool",Male,,,,,,Without a disability,No,No,,,,,,0_17,False,dependent,syn_t026_h0000001,syn_t026_h0000001_r004
14000US06089011500,1,23,47,2.0,2,2,2.0,2.0,,2.0,,,0,19.0,2,,,2,6.0,Reference person,"1 or more years of college credit, no degree",Female,Not in labor force,,,,,Without a disability,No,No,No,No,No,No,,35_64,True,generative,syn_t026_h0000002,syn_t026_h0000002_r001
14000US06089011500,2,20,49,2.0,2,2,2.0,2.0,,2.0,20.0,1.0,1,21.0,1,40.0,1.0,2,1.0,Husband/wife,Bachelor's degree,Male,"Civilian employed, at work",50 to 52 weeks worked during past 12 months,"Car, truck, or van",,,Without a disability,No,No,No,No,No,No,,35_64,True,generative,syn_t026_h0000002,syn_t026_h0000002_r002
14000US06089011500,3,19,18,2.0,2,2,2.0,2.0,,2.0,25.0,1.0,2,19.0,1,30.0,6.0,2,1.0,Biological son or daughter,"1 or more years of college credit, no degree",Male,"Civilian employed, at work",less than 14 weeks worked during past 12 months,"Car, truck, or van",,,Without a disability,No,No,No,No,No,No,,18_34,True,generative,syn_t026_h0000002,syn_t026_h0000002_r003
14000US06089011500,4,19,16,2.0,2,2,2.0,2.0,,2.0,,,2,13.0,2,,,2,6.0,Biological son or daughter,Grade 10,Female,Not in labor force,,,,,Without a disability,No,No,No,No,No,No,,0_17,False,dependent,syn_t026_h0000002,syn_t026_h0000002_r004
14000US06089011500,1,50,28,2.0,2,2,2.0,2.0,,2.0,15.0,1.0,0,21.0,2,10.0,1.0,2,1.0,Reference person,Bachelor's degree,Female,"Civilian employed, at work",50 to 52 weeks worked during past 12 months,"Car, truck, or van",,,Without a disability,No,No,No,No,No,No,,18_34,True,generative,syn_t026_h0000003,syn_t026_h0000003_r001
14000US06089011500,2,30,30,2.0,2,2,2.0,2.0,,2.0,10.0,1.0,1,18.0,1,40.0,1.0,2,1.0,Husband/wife,"Some college, but less than 1 year",Male,"Civilian employed, at work",50 to 52 weeks worked during past 12 months,"Car, truck, or van",,,Without a disability,No,No,No,No,No,No,,18_34,True,generative,syn_t026_h0000003,syn_t026_h0000003_r002
14000US06089011500,3,37,7,2.0,2,2,,2.0,,2.0,,,2,4.0,2,,,2,,Biological son or daughter,Grade 1,Female,,,,,,Without a disability,No,No,No,No,,No,,0_17,False,dependent,syn_t026_h0000003,syn_t026_h0000003_r003
14000US06089011500,4,42,4,,2,2,,,,,,,2,1.0,2,,,2,,Biological son or daughter,No schooling completed,Female,,,,,,Without a disability,No,No,,,,,,0_17,False,dependent,syn_t026_h0000003,syn_t026_h0000003_r004
14000US06089011500,5,67,60,1.0,1,1,1.0,1.0,,1.0,,,8,16.0,2,,,1,6.0,Parent-in-law,Regular high school diploma,Female,Not in labor force,,,,,With a disability,Yes,Yes,Yes,Yes,Yes,Yes,,35_64,True,generative,syn_t026_h0000003,syn_t026_h0000003_r005
14000US06089011500,1,45,46,2.0,2,2,2.0,2.0,,2.0,10.0,1.0,0,18.0,1,40.0,1.0,2,1.0,Reference person,"Some college, but less than 1 year",Male,"Civilian employed, at work",50 to 52 weeks worked during past 12 months,"Car, truck, or van",,,Without a disability,No,No,No,No,No,No,,35_64,True,generative,syn_t026_h0000004,syn_t026_h0000004_r001
14000US06089011500,2,51,42,2.0,2,2,2.0,2.0,,2.0,10.0,1.0,1,18.0,2,36.0,4.0,2,1.0,Husband/wife,"Some college, but less than 1 year",Female,"Civilian employed, at work",27 to 39 weeks worked during past 12 months,"Car, truck, or van",,,Without a disability,No,No,No,No,No,No,,35_64,True,generative,syn_t026_h0000004,syn_t026_h0000004_r002
14000US06089011500,3,42,17,2.0,2,2,2.0,2.0,,2.0,,,2,14.0,2,,,2,6.0,Biological son or daughter,Grade 11,Female,Not in labor force,,,,,Without a disability,No,No,No,No,No,No,,0_17,False,dependent,syn_t026_h0000004,syn_t026_h0000004_r003
14000US06089011500,4,31,19,2.0,2,2,2.0,2.0,,2.0,10.0,1.0,4,16.0,1,32.0,6.0,2,1.0,Stepson or stepdaughter,Regular high school diploma,Male,"Civilian employed, at work",less than 14 weeks worked during past 12 months,"Car, truck, or van",,,Without a disability,No,No,No,No,No,No,,18_34,True,generative,syn_t026_h0000004,syn_t026_h0000004_r004
14000US06089011500,5,43,16,2.0,2,1,2.0,1.0,,2.0,,,4,13.0,2,,,1,6.0,Stepson or stepdaughter,Grade 10,Female,Not in labor force,,,,,With a disability,No,Yes,No,Yes,No,No,,0_17,False,dependent,syn_t026_h0000004,syn_t026_h0000004_r005
14000US06089011500,1,31,44,2.0,2,2,2.0,2.0,,2.0,,,0,22.0,1,,,2,6.0,Reference person,Master's degree,Male,Not in labor force,,,,,Without a disability,No,No,No,No,No,No,,35_64,True,generative,syn_t026_h0000005,syn_t026_h0000005_r001
14000US06089011500,2,27,43,2.0,2,2,2.0,2.0,,2.0,,,1,22.0,2,,,2,6.0,Husband/wife,Master's degree,Female,Not in labor force,,,,,Without a disability,No,No,No,No,No,No,,35_64,True,generative,syn_t026_h0000005,syn_t026_h0000005_r002
14000US06089011500,3,27,18,2.0,2,2,2.0,2.0,,2.0,,,2,8.0,1,,,2,6.0,Biological son or daughter,Grade 5,Male,Not in labor force,,,,,Without a disability,No,No,No,No,No,No,,18_34,True,generative,syn_t026_h0000005,syn_t026_h0000005_r003
14000US06089011500,4,30,16,2.0,2,2,2.0,2.0,,2.0,,,2,10.0,2,,,2,6.0,Biological son or daughter,Grade 7,Female,Not in labor force,,,,,Without a disability,No,No,No,No,No,No,,0_17,False,dependent,syn_t026_h0000005,syn_t026_h0000005_r004
14000US06089011500,5,31,8,2.0,2,2,,2.0,,2.0,,,2,5.0,2,,,2,,Biological son or daughter,Grade 2,Female,,,,,,Without a disability,No,No,No,No,,No,,0_17,False,dependent,syn_t026_h0000005,syn_t026_h0000005_r005
14000US06089011500,1,6,52,2.0,2,2,2.0,2.0,,2.0,,,0,19.0,2,,,2,6.0,Reference person,"1 or more years of college credit, no degree",Female,Not in labor force,,,,,Without a disability,No,No,No,No,No,No,,35_64,True,generative,syn_t026_h0000006,syn_t026_h0000006_r001
14000US06089011500,2,7,55,2.0,2,2,2.0,2.0,,2.0,,,1,16.0,1,,,2,6.0,Husband/wife,Regular high school diploma,Male,Not in labor force,,,,,Without a disability,No,No,No,No,No,No,,35_64,True,generative,syn_t026_h0000006,syn_t026_h0000006_r002
14000US06089011500,1,14,81,2.0,2,2,2.0,2.0,,2.0,15.0,1.0,0,16.0,1,20.0,1.0,2,1.0,Reference person,Regular high school diploma,Male,"Civilian employed, at work",50 to 52 weeks worked during past 12 months,"Car, truck, or van",,,Without a disability,No,No,No,No,No,No,,65_plus,True,generative,syn_t026_h0000007,syn_t026_h0000007_r001
14000US06089011500,1,49,33,2.0,2,2,2.0,2.0,,2.0,10.0,1.0,0,21.0,1,40.0,1.0,2,1.0,Reference person,Bachelor's degree,Male,"Civilian employed, at work",50 to 52 weeks worked during past 12 months,"Car, truck, or van",,,Without a disability,No,No,No,No,No,No,,18_34,True,generative,syn_t026_h0000008,syn_t026_h0000008_r001
14000US06089011500,2,48,31,2.0,2,2,2.0,2.0,,2.0,10.0,1.0,1,21.0,2,20.0,1.0,2,1.0,Husband/wife,Bachelor's degree,Female,"Civilian employed, at work",50 to 52 weeks worked during past 12 months,"Car, truck, or van",,,Without a disability,No,No,No,No,No,No,,18_34,True,generative,syn_t026_h0000008,syn_t026_h0000008_r002
14000US06089011500,1,62,34,2.0,2,2,2.0,2.0,,2.0,,,0,16.0,1,,,2,6.0,Reference person,Regular high school diploma,Male,Not in labor force,,,,,Without a disability,No,No,No,No,No,No,,18_34,True,generative,syn_t026_h0000009,syn_t026_h0000009_r001
14000US06089011500,2,77,27,2.0,2,2,2.0,2.0,,2.0,10.0,1.0,1,19.0,2,45.0,1.0,2,1.0,Husband/wife,"1 or more years of college credit, no degree",Female,"Civilian employed, at work",50 to 52 weeks worked during past 12 months,"Car, truck, or van",,,Without a disability,No,No,No,No,No,No,,18_34,True,generative,syn_t026_h0000009,syn_t026_h0000009_r002
14000US06089011500,1,46,53,2.0,2,2,2.0,2.0,,2.0,15.0,1.0,0,16.0,1,50.0,1.0,2,1.0,Reference person,Regular high school diploma,Male,"Civilian employed, at work",50 to 52 weeks worked during past 12 months,"Car, truck, or van",,,Without a disability,No,No,No,No,No,No,,35_64,True,generative,syn_t026_h0000010,syn_t026_h0000010_r001
14000US06089011500,2,50,74,2.0,2,2,1.0,2.0,,1.0,,,6,23.0,1,,,1,6.0,Father or mother,Professional degree beyond a bachelor's degree,Male,Not in labor force,,,,,With a disability,No,No,Yes,No,Yes,No,,65_plus,True,generative,syn_t026_h0000010,syn_t026_h0000010_r002
14000US06089011500,1,84,43,2.0,2,2,2.0,2.0,,2.0,15.0,1.0,0,19.0,2,40.0,1.0,2,1.0,Reference person,"1 or more years of college credit, no degree",Female,"Civilian employed, at work",50 to 52 weeks worked during past 12 months,"Car, truck, or van",,,Without a disability,No,No,No,No,No,No,,35_64,True,generative,syn_t026_h0000011,syn_t026_h0000011_r001
14000US06089011500,2,78,47,2.0,2,2,2.0,2.0,,2.0,30.0,1.0,1,16.0,1,60.0,1.0,2,1.0,Husband/wife,Regular high school diploma,Male,"Civilian employed, at work",50 to 52 weeks worked during past 12 months,"Car, truck, or van",,,Without a disability,No,No,No,No,No,No,,35_64,True,generative,syn_t026_h0000011,syn_t026_h0000011_r002
14000US06089011500,3,80,16,2.0,2,2,2.0,2.0,,2.0,,,2,13.0,2,,,2,6.0,Biological son or daughter,Grade 10,Female,Not in labor force,,,,,Without a disability,No,No,No,No,No,No,,0_17,False,dependent,syn_t026_h0000011,syn_t026_h0000011_r003
14000US06089011500,4,84,14,2.0,2,2,,2.0,,2.0,,,2,12.0,1,,,2,,Biological son or daughter,Grade 9,Male,,,,,,Without a disability,No,No,No,No,,No,,0_17,False,dependent,syn_t026_h0000011,syn_t026_h0000011_r004
14000US06089011500,5,78,12,2.0,2,2,,2.0,,2.0,,,2,9.0,2,,,2,,Biological son or daughter,Grade 6,Female,,,,,,Without a disability,No,No,No,No,,No,,0_17,False,dependent,syn_t026_h0000011,syn_t026_h0000011_r005
14000US06089011500,1,11,88,2.0,2,2,2.0,2.0,,2.0,,,0,21.0,1,,,2,6.0,Reference person,Bachelor's degree,Male,Not in labor force,,,,,Without a disability,No,No,No,No,No,No,,65_plus,True,generative,syn_t026_h0000012,syn_t026_h0000012_r001
14000US06089011500,2,12,86,2.0,2,2,2.0,2.0,,2.0,,,1,14.0,2,,,2,6.0,Husband/wife,Grade 11,Female,Not in labor force,,,,,Without a disability,No,No,No,No,No,No,,65_plus,True,generative,syn_t026_h0000012,syn_t026_h0000012_r002
14000US06089011500,1,43,40,2.0,2,2,2.0,2.0,,2.0,15.0,1.0,0,22.0,1,40.0,1.0,2,1.0,Reference person,Master's degree,Male,"Civilian employed, at work",50 to 52 weeks worked during past 12 months,"Car, truck, or van",,,Without a disability,No,No,No,No,No,No,,35_64,True,generative,syn_t026_h0000013,syn_t026_h0000013_r001
14000US06089011500,1,15,59,2.0,2,2,2.0,2.0,,2.0,30.0,1.0,0,21.0,2,50.0,1.0,2,1.0,Reference person,Bachelor's degree,Female,"Civilian employed, at work",50 to 52 weeks worked during past 12 months,"Car, truck, or van",,,Without a disability,No,No,No,No,No,No,,35_64,True,generative,syn_t026_h0000014,syn_t026_h0000014_r001
14000US06089011500,2,20,56,2.0,2,2,2.0,2.0,,2.0,10.0,1.0,1,17.0,1,30.0,4.0,2,1.0,Husband/wife,GED or alternative credential,Male,"Civilian employed, at work",27 to 39 weeks worked during past 12 months,"Car, truck, or van",,,Without a disability,No,No,No,No,No,No,,35_64,True,generative,syn_t026_h0000014,syn_t026_h0000014_r002
14000US06089011500,3,12,27,2.0,2,2,2.0,2.0,,2.0,,,2,19.0,1,,,2,6.0,Biological son or daughter,"1 or more years of college credit, no degree",Male,Not in labor force,,,,,Without a disability,No,No,No,No,No,No,,18_34,True,generative,syn_t026_h0000014,syn_t026_h0000014_r003
14000US06089011500,4,14,30,2.0,2,2,1.0,2.0,,2.0,,,9,16.0,2,,,1,6.0,Son-in-law or daughter-in-law,Regular high school diploma,Female,Not in labor force,,,,,With a disability,No,No,No,No,Yes,No,,18_34,True,generative,syn_t026_h0000014,syn_t026_h0000014_r004
14000US06089011500,1,17,67,2.0,2,2,2.0,2.0,,2.0,,,0,20.0,1,,,2,6.0,Reference person,Associate's degree,Male,Not in labor force,,,,,Without a disability,No,No,No,No,No,No,,65_plus,True,generative,syn_t026_h0000015,syn_t026_h0000015_r001
14000US06089011500,2,17,68,2.0,2,2,2.0,2.0,,2.0,,,1,17.0,2,,,2,6.0,Husband/wife,GED or alternative credential,Female,Not in labor force,,,,,Without a disability,No,No,No,No,No,No,,65_plus,True,generative,syn_t026_h0000015,syn_t026_h0000015_r002
14000US06089011500,3,16,19,2.0,2,2,2.0,2.0,,2.0,141.0,1.0,7,16.0,1,30.0,1.0,2,1.0,Grandchild,Regular high school diploma,Male,"Civilian employed, at work",50 to 52 weeks worked during past 12 months,"Car, truck, or van",,,Without a disability,No,No,No,No,No,No,,18_34,True,generative,syn_t026_h0000015,syn_t026_h0000015_r003
14000US06089011500,1,40,62,1.0,2,2,2.0,2.0,1.0,2.0,,,0,21.0,1,,,1,6.0,Reference person,Bachelor's degree,Male,Not in labor force,,,,,With a disability,No,No,No,No,No,Yes,0 percent,35_64,True,generative,syn_t026_h0000016,syn_t026_h0000016_r001
14000US06089011500,2,70,59,1.0,2,2,1.0,1.0,,2.0,,,11,14.0,2,,,1,6.0,Roomer or boarder,Grade 11,Female,Not in labor force,,,,,With a disability,No,No,No,Yes,Yes,Yes,,35_64,True,generative,syn_t026_h0000016,syn_t026_h0000016_r002
14000US06089011500,1,42,59,2.0,2,2,2.0,2.0,,2.0,,,0,14.0,1,,,2,6.0,Reference person,Grade 11,Male,Not in labor force,,,,,Without a disability,No,No,No,No,No,No,,35_64,True,generative,syn_t026_h0000017,syn_t026_h0000017_r001
14000US06089011500,2,46,56,2.0,2,2,2.0,2.0,,2.0,35.0,1.0,1,14.0,2,45.0,1.0,2,1.0,Husband/wife,Grade 11,Female,"Civilian employed, at work",50 to 52 weeks worked during past 12 months,"Car, truck, or van",,,Without a disability,No,No,No,No,No,No,,35_64,True,generative,syn_t026_h0000017,syn_t026_h0000017_r002
14000US06089011500,3,59,80,1.0,1,1,1.0,1.0,,1.0,,,8,16.0,2,,,1,6.0,Parent-in-law,Regular high school diploma,Female,Not in labor force,,,,,With a disability,Yes,Yes,Yes,Yes,Yes,Yes,,65_plus,True,generative,syn_t026_h0000017,syn_t026_h0000017_r003
14000US06089011500,1,38,76,2.0,1,1,2.0,2.0,,2.0,,,0,14.0,2,,,1,6.0,Reference person,Grade 11,Female,Not in labor force,,,,,With a disability,Yes,Yes,No,No,No,No,,65_plus,True,generative,syn_t026_h0000018,syn_t026_h0000018_r001
14000US06089011500,2,71,35,2.0,2,2,2.0,2.0,,2.0,20.0,1.0,7,19.0,1,40.0,1.0,2,1.0,Grandchild,"1 or more years of college credit, no degree",Male,"Civilian employed, at work",50 to 52 weeks worked during past 12 months,"Car, truck, or van",,,Without a disability,No,No,No,No,No,No,,35_64,True,generative,syn_t026_h0000018,syn_t026_h0000018_r002
14000US06089011500,3,75,35,2.0,1,2,2.0,2.0,,2.0,,,7,20.0,2,,,1,6.0,Grandchild,Associate's degree,Female,Not in labor force,,,,,With a disability,Yes,No,No,No,No,No,,35_64,True,generative,syn_t026_h0000018,syn_t026_h0000018_r003
14000US06089011500,1,4,69,2.0,2,2,2.0,2.0,,2.0,45.0,1.0,0,20.0,2,24.0,1.0,2,1.0,Reference person,Associate's degree,Female,"Civilian employed, at work",50 to 52 weeks worked during past 12 months,"Car, truck, or van",,,Without a disability,No,No,No,No,No,No,,65_plus,True,generative,syn_t026_h0000019,syn_t026_h0000019_r001
14000US06089011500,2,3,65,2.0,2,2,2.0,2.0,,2.0,,,1,19.0,1,,,2,6.0,Husband/wife,"1 or more years of college credit, no degree",Male,Not in labor force,,,,,Without a disability,No,No,No,No,No,No,,65_plus,True,generative,syn_t026_h0000019,syn_t026_h0000019_r002
14000US06089011500,3,5,38,2.0,2,2,2.0,2.0,,2.0,5.0,1.0,2,17.0,2,60.0,5.0,2,1.0,Biological son or daughter,GED or alternative credential,Female,"Civilian employed, at work",14 to 26 weeks worked during past 12 months,"Car, truck, or van",,,Without a disability,No,No,No,No,No,No,,35_64,True,generative,syn_t026_h0000019,syn_t026_h0000019_r003
14000US06089011500,4,5,20,2.0,2,2,2.0,2.0,,2.0,45.0,1.0,7,16.0,2,20.0,1.0,2,1.0,Grandchild,Regular high school diploma,Female,"Civilian employed, at work",50 to 52 weeks worked during past 12 months,"Car, truck, or van",,,Without a disability,No,No,No,No,No,No,,18_34,True,generative,syn_t026_h0000019,syn_t026_h0000019_r004
14000US06089011500,5,5,13,2.0,2,2,,2.0,,2.0,,,7,11.0,2,,,2,,Grandchild,Grade 8,Female,,,,,,Without a disability,No,No,No,No,,No,,0_17,False,dependent,syn_t026_h0000019,syn_t026_h0000019_r005
14000US06089011500,6,4,11,2.0,2,2,,2.0,,2.0,,,7,9.0,2,,,2,,Grandchild,Grade 6,Female,,,,,,Without a disability,No,No,No,No,,No,,0_17,False,dependent,syn_t026_h0000019,syn_t026_h0000019_r006
14000US06089011500,7,6,42,2.0,2,2,2.0,2.0,,2.0,5.0,1.0,9,21.0,1,45.0,1.0,2,1.0,Son-in-law or daughter-in-law,Bachelor's degree,Male,"Civilian employed, at work",50 to 52 weeks worked during past 12 months,"Car, truck, or van",,,Without a disability,No,No,No,No,No,No,,35_64,True,generative,syn_t026_h0000019,syn_t026_h0000019_r007
14000US06089011500,1,52,57,2.0,2,2,2.0,2.0,,2.0,15.0,1.0,0,19.0,1,40.0,1.0,2,1.0,Reference person,"1 or more years of college credit, no degree",Male,"Civilian employed, at work",50 to 52 weeks worked during past 12 months,"Car, truck, or van",,,Without a disability,No,No,No,No,No,No,,35_64,True,generative,syn_t026_h0000020,syn_t026_h0000020_r001
14000US06089011500,1,25,58,2.0,2,2,2.0,2.0,,2.0,25.0,1.0,0,21.0,1,50.0,1.0,2,1.0,Reference person,Bachelor's degree,Male,"Civilian employed, at work",50 to 52 weeks worked during past 12 months,"Car, truck, or van",,,Without a disability,No,No,No,No,No,No,,35_64,True,generative,syn_t026_h0000021,syn_t026_h0000021_r001
14000US06089011500,2,23,61,2.0,2,2,2.0,2.0,,2.0,5.0,1.0,1,21.0,2,16.0,6.0,2,1.0,Husband/wife,Bachelor's degree,Female,"Civilian employed, at work",less than 14 weeks worked during past 12 months,"Car, truck, or van",,,Without a disability,No,No,No,No,No,No,,35_64,True,generative,syn_t026_h0000021,syn_t026_h0000021_r002
14000US06089011500,3,28,23,2.0,2,2,2.0,2.0,,2.0,,,2,21.0,2,8.0,4.0,2,3.0,Biological son or daughter,Bachelor's degree,Female,Unemployed,27 to 39 weeks worked during past 12 months,,,,Without a disability,No,No,No,No,No,No,,18_34,True,generative,syn_t026_h0000021,syn_t026_h0000021_r003
14000US06089011500,1,11,54,2.0,2,2,2.0,2.0,2.0,2.0,,,0,23.0,1,,,2,3.0,Reference person,Professional degree beyond a bachelor's degree,Male,Unemployed,,,,,Without a disability,No,No,No,No,No,No,10 or 20 percent,35_64,True,generative,syn_t026_h0000022,syn_t026_h0000022_r001
14000US06089011500,1,18,34,2.0,2,2,2.0,2.0,,2.0,7.0,1.0,0,19.0,1,40.0,1.0,2,1.0,Reference person,"1 or more years of college credit, no degree",Male,"Civilian employed, at work",50 to 52 weeks worked during past 12 months,"Car, truck, or van",,,Without a disability,No,No,No,No,No,No,,18_34,True,generative,syn_t026_h0000023,syn_t026_h0000023_r001
14000US06089011500,2,18,38,2.0,2,2,2.0,2.0,,2.0,15.0,1.0,1,21.0,2,60.0,1.0,2,1.0,Husband/wife,Bachelor's degree,Female,"Civilian employed, at work",50 to 52 weeks worked during past 12 months,"Car, truck, or van",,,Without a disability,No,No,No,No,No,No,,35_64,True,generative,syn_t026_h0000023,syn_t026_h0000023_r002
14000US06089011500,3,19,6,2.0,2,2,,2.0,,2.0,,,2,3.0,1,,,2,,Biological son or daughter,Kindergarten,Male,,,,,,Without a disability,No,No,No,No,,No,,0_17,False,dependent,syn_t026_h0000023,syn_t026_h0000023_r003
14000US06089011500,4,17,3,,2,2,,,,,,,2,2.0,1,,,2,,Biological son or daughter,"Nursery school, preschool",Male,,,,,,Without a disability,No,No,,,,,,0_17,False,dependent,syn_t026_h0000023,syn_t026_h0000023_r004
14000US06089011500,5,17,0,,2,2,,,,,,,2,,1,,,2,,Biological son or daughter,,Male,,,,,,Without a disability,No,No,,,,,,0_17,False,dependent,syn_t026_h0000023,syn_t026_h0000023_r005
14000US06089011500,6,21,27,2.0,2,2,2.0,2.0,,2.0,7.0,1.0,12,16.0,1,24.0,4.0,2,1.0,Housemate or roommate,Regular high school diploma,Male,"Civilian employed, at work",27 to 39 weeks worked during past 12 months,"Car, truck, or van",,,Without a disability,No,No,No,No,No,No,,18_34,True,generative,syn_t026_h0000023,syn_t026_h0000023_r006
14000US06089011500,1,50,46,1.0,1,1,1.0,1.0,,2.0,,,0,19.0,1,,,1,6.0,Reference person,"1 or more years of college credit, no degree",Male,Not in labor force,,,,,With a disability,Yes,Yes,No,Yes,Yes,Yes,,35_64,True,generative,syn_t026_h0000024,syn_t026_h0000024_r001
14000US06089011500,2,57,27,2.0,2,2,2.0,2.0,,2.0,8.0,1.0,1,16.0,2,32.0,1.0,2,1.0,Husband/wife,Regular high school diploma,Female,"Civilian employed, at work",50 to 52 weeks worked during past 12 months,"Car, truck, or van",,,Without a disability,No,No,No,No,No,No,,18_34,True,generative,syn_t026_h0000024,syn_t026_h0000024_r002
14000US06089011500,3,58,8,2.0,2,2,,2.0,,2.0,,,2,5.0,2,,,2,,Biological son or daughter,Grade 2,Female,,,,,,Without a disability,No,No,No,No,,No,,0_17,False,dependent,syn_t026_h0000024,syn_t026_h0000024_r003
14000US06089011500,4,63,6,2.0,2,2,,2.0,,2.0,,,2,3.0,1,,,2,,Biological son or daughter,Kindergarten,Male,,,,,,Without a disability,No,No,No,No,,No,,0_17,False,dependent,syn_t026_h0000024,syn_t026_h0000024_r004
14000US06089011500,5,66,1,,2,2,,,,,,,2,,1,,,2,,Biological son or daughter,,Male,,,,,,Without a disability,No,No,,,,,,0_17,False,dependent,syn_t026_h0000024,syn_t026_h0000024_r005
14000US06089011500,6,62,6,2.0,2,2,,2.0,,2.0,,,3,3.0,1,,,2,,Adopted son or daughter,Kindergarten,Male,,,,,,Without a disability,No,No,No,No,,No,,0_17,False,dependent,syn_t026_h0000024,syn_t026_h0000024_r006
14000US06089011500,1,4,55,2.0,2,2,2.0,2.0,,1.0,,,0,13.0,1,,,1,6.0,Reference person,Grade 10,Male,Not in labor force,,,,,With a disability,No,No,Yes,No,No,No,,35_64,True,generative,syn_t026_h0000025,syn_t026_h0000025_r001
14000US06089011500,2,6,23,2.0,2,2,2.0,2.0,,2.0,,,2,15.0,1,,,2,6.0,Biological son or daughter,12th grade - no diploma,Male,Not in labor force,,,,,Without a disability,No,No,No,No,No,No,,18_34,True,generative,syn_t026_h0000025,syn_t026_h0000025_r002
14000US06089011500,1,25,44,2.0,2,2,2.0,2.0,,1.0,30.0,1.0,0,19.0,1,40.0,1.0,1,1.0,Reference person,"1 or more years of college credit, no degree",Male,"Civilian employed, at work",50 to 52 weeks worked during past 12 months,"Car, truck, or van",,,With a disability,No,No,Yes,No,No,No,,35_64,True,generative,syn_t026_h0000026,syn_t026_h0000026_r001
14000US06089011500,1,12,69,2.0,1,2,2.0,2.0,2.0,2.0,,,0,21.0,1,,,1,6.0,Reference person,Bachelor's degree,Male,Not in labor force,,,,,With a disability,Yes,No,No,No,No,No,10 or 20 percent,65_plus,True,generative,syn_t026_h0000027,syn_t026_h0000027_r001
14000US06089011500,2,11,71,2.0,1,2,2.0,2.0,,2.0,,,1,18.0,2,,,1,6.0,Husband/wife,"Some college, but less than 1 year",Female,Not in labor force,,,,,With a disability,Yes,No,No,No,No,No,,65_plus,True,generative,syn_t026_h0000027,syn_t026_h0000027_r002
14000US06089011500,1,14,72,2.0,1,2,2.0,2.0,,2.0,,,0,17.0,1,,,1,6.0,Reference person,GED or alternative credential,Male,Not in labor force,,,,,With a disability,Yes,No,No,No,No,No,,65_plus,True,generative,syn_t026_h0000028,syn_t026_h0000028_r001
14000US06089011500,2,15,71,2.0,2,2,2.0,2.0,,2.0,,,1,14.0,2,,,2,6.0,Husband/wife,Grade 11,Female,Not in labor force,,,,,Without a disability,No,No,No,No,No,No,,65_plus,True,generative,syn_t026_h0000028,syn_t026_h0000028_r002
14000US06089011500,1,44,39,2.0,2,2,2.0,2.0,,2.0,15.0,1.0,0,18.0,1,42.0,1.0,2,1.0,Reference person,"Some college, but less than 1 year",Male,"Civilian employed, at work",50 to 52 weeks worked during past 12 months,"Car, truck, or van",,,Without a disability,No,No,No,No,No,No,,35_64,True,generative,syn_t026_h0000029,syn_t026_h0000029_r001
14000US06089011500,2,108,11,2.0,2,2,,2.0,,2.0,,,2,8.0,2,,,2,,Biological son or daughter,Grade 5,Female,,,,,,Without a disability,No,No,No,No,,No,,0_17,False,dependent,syn_t026_h0000029,syn_t026_h0000029_r002
14000US06089011500,1,51,38,2.0,2,2,2.0,2.0,,2.0,,,0,16.0,1,,,2,6.0,Reference person,Regular high school diploma,Male,Not in labor force,,,,,Without a disability,No,No,No,No,No,No,,35_64,True,generative,syn_t026_h0000030,syn_t026_h0000030_r001
14000US06089011500,2,63,7,2.0,2,2,,2.0,,2.0,,,2,3.0,2,,,2,,Biological son or daughter,Kindergarten,Female,,,,,,Without a disability,No,No,No,No,,No,,0_17,False,dependent,syn_t026_h0000030,syn_t026_h0000030_r002
14000US06089011500,1,9,67,2.0,2,2,2.0,2.0,,2.0,,,0,19.0,2,,,2,6.0,Reference person,"1 or more years of college credit, no degree",Female,Not in labor force,,,,,Without a disability,No,No,No,No,No,No,,65_plus,True,generative,syn_t026_h0000031,syn_t026_h0000031_r001
14000US06089011500,2,8,63,2.0,2,2,2.0,2.0,,2.0,15.0,1.0,1,21.0,1,48.0,3.0,2,1.0,Husband/wife,Bachelor's degree,Male,"Civilian employed, at work",40 to 47 weeks worked during past 12 months,"Car, truck, or van",,,Without a disability,No,No,No,No,No,No,,35_64,True,generative,syn_t026_h0000031,syn_t026_h0000031_r002
14000US06089011600,1,12,45,2.0,2,2,2.0,2.0,,2.0,,,0,22.0,2,,,2,6.0,Reference person,Master's degree,Female,Not in labor force,,,,,Without a disability,No,No,No,No,No,No,,35_64,True,generative,syn_t027_h0000001,syn_t027_h0000001_r001
14000US06089011600,2,12,43,2.0,2,2,2.0,2.0,,2.0,5.0,1.0,1,21.0,1,40.0,2.0,2,1.0,Husband/wife,Bachelor's degree,Male,"Civilian employed, at work",48 to 49 weeks worked during past 12 months,"Car, truck, or van",,,Without a disability,No,No,No,No,No,No,,35_64,True,generative,syn_t027_h0000001,syn_t027_h0000001_r002
14000US06089011600,3,10,19,2.0,2,2,2.0,2.0,,2.0,3.0,1.0,2,18.0,2,3.0,6.0,2,1.0,Biological son or daughter,"Some college, but less than 1 year",Female,"Civilian employed, at work",less than 14 weeks worked during past 12 months,"Car, truck, or van",,,Without a disability,No,No,No,No,No,No,,18_34,True,generative,syn_t027_h0000001,syn_t027_h0000001_r003
14000US06089011600,4,17,17,2.0,2,2,2.0,2.0,,2.0,,,2,14.0,1,,,2,6.0,Biological son or daughter,Grade 11,Male,Not in labor force,,,,,Without a disability,No,No,No,No,No,No,,0_17,False,dependent,syn_t027_h0000001,syn_t027_h0000001_r004
14000US06089011600,5,11,12,2.0,2,2,,2.0,,2.0,,,2,9.0,2,,,2,,Biological son or daughter,Grade 6,Female,,,,,,Without a disability,No,No,No,No,,No,,0_17,False,dependent,syn_t027_h0000001,syn_t027_h0000001_r005
14000US06089011600,1,11,79,1.0,2,2,1.0,1.0,,2.0,,,0,1.0,2,,,1,6.0,Reference person,No schooling completed,Female,Not in labor force,,,,,With a disability,No,No,No,Yes,Yes,Yes,,65_plus,True,generative,syn_t027_h0000002,syn_t027_h0000002_r001
14000US06089011600,1,13,23,2.0,2,2,2.0,2.0,,2.0,15.0,1.0,0,14.0,1,40.0,1.0,2,1.0,Reference person,Grade 11,Male,"Civilian employed, at work",50 to 52 weeks worked during past 12 months,"Car, truck, or van",,,Without a disability,No,No,No,No,No,No,,18_34,True,generative,syn_t027_h0000003,syn_t027_h0000003_r001
14000US06089011600,2,16,2,,2,2,,,,,,,2,,1,,,2,,Biological son or daughter,,Male,,,,,,Without a disability,No,No,,,,,,0_17,False,dependent,syn_t027_h0000003,syn_t027_h0000003_r002
14000US06089011600,3,10,23,1.0,2,2,1.0,1.0,,1.0,,,10,14.0,1,40.0,6.0,1,6.0,Other relative,Grade 11,Male,Not in labor force,less than 14 weeks worked during past 12 months,,,,With a disability,No,No,Yes,Yes,Yes,Yes,,18_34,True,generative,syn_t027_h0000003,syn_t027_h0000003_r003
14000US06089011600,1,42,70,1.0,1,1,1.0,1.0,4.0,2.0,,,0,19.0,1,,,1,6.0,Reference person,"1 or more years of college credit, no degree",Male,Not in labor force,,,,,With a disability,Yes,Yes,No,Yes,Yes,Yes,50 or 60 percent,65_plus,True,generative,syn_t027_h0000004,syn_t027_h0000004_r001
14000US06089011600,1,13,36,2.0,2,2,2.0,2.0,,2.0,,,0,18.0,2,,,2,6.0,Reference person,"Some college, but less than 1 year",Female,Not in labor force,,,,,Without a disability,No,No,No,No,No,No,,35_64,True,generative,syn_t027_h0000005,syn_t027_h0000005_r001
14000US06089011600,2,14,6,2.0,2,2,,2.0,,2.0,,,2,3.0,2,,,2,,Biological son or daughter,Kindergarten,Female,,,,,,Without a disability,No,No,No,No,,No,,0_17,False,dependent,syn_t027_h0000005,syn_t027_h0000005_r002
14000US06089011600,1,12,50,2.0,2,2,2.0,2.0,,2.0,30.0,1.0,0,19.0,2,20.0,1.0,2,1.0,Reference person,"1 or more years of college credit, no degree",Female,"Civilian employed, at work",50 to 52 weeks worked during past 12 months,"Car, truck, or van",,,Without a disability,No,No,No,No,No,No,,35_64,True,generative,syn_t027_h0000006,syn_t027_h0000006_r001
14000US06089011600,2,15,46,2.0,2,2,2.0,2.0,,2.0,30.0,1.0,1,16.0,1,40.0,1.0,2,1.0,Husband/wife,Regular high school diploma,Male,"Civilian employed, at work",50 to 52 weeks worked during past 12 months,"Car, truck, or van",,,Without a disability,No,No,No,No,No,No,,35_64,True,generative,syn_t027_h0000006,syn_t027_h0000006_r002
14000US06089011600,1,54,56,2.0,2,2,2.0,2.0,,2.0,25.0,1.0,0,21.0,2,30.0,1.0,2,1.0,Reference person,Bachelor's degree,Female,"Civilian employed, at work",50 to 52 weeks worked during past 12 months,"Car, truck, or van",,,Without a disability,No,No,No,No,No,No,,35_64,True,generative,syn_t027_h0000007,syn_t027_h0000007_r001
14000US06089011600,2,69,52,1.0,2,2,1.0,2.0,,1.0,,,5,16.0,2,,,1,6.0,Brother or sister,Regular high school diploma,Female,Not in labor force,,,,,With a disability,No,No,Yes,No,Yes,Yes,,35_64,True,generative,syn_t027_h0000007,syn_t027_h0000007_r002
14000US06089011600,3,64,62,1.0,2,2,2.0,1.0,,1.0,,,10,22.0,2,,,1,6.0,Other relative,Master's degree,Female,Not in labor force,,,,,With a disability,No,No,Yes,Yes,No,Yes,,35_64,True,generative,syn_t027_h0000007,syn_t027_h0000007_r003
14000US06089011600,1,25,66,2.0,2,2,2.0,2.0,,2.0,,,0,16.0,1,,,2,6.0,Reference person,Regular high school diploma,Male,Not in labor force,,,,,Without a disability,No,No,No,No,No,No,,65_plus,True,generative,syn_t027_h0000008,syn_t027_h0000008_r001
14000US06089011600,2,23,57,2.0,2,2,2.0,2.0,,2.0,,,1,21.0,2,40.0,1.0,2,2.0,Husband/wife,Bachelor's degree,Female,"Civilian employed, with a job but not at work",50 to 52 weeks worked during past 12 months,,,,Without a disability,No,No,No,No,No,No,,35_64,True,generative,syn_t027_h0000008,syn_t027_h0000008_r002
14000US06089011600,3,31,27,2.0,2,2,2.0,2.0,,2.0,9.0,1.0,4,19.0,2,40.0,1.0,2,1.0,Stepson or stepdaughter,"1 or more years of college credit, no degree",Female,"Civilian employed, at work",50 to 52 weeks worked during past 12 months,"Car, truck, or van",,,Without a disability,No,No,No,No,No,No,,18_34,True,generative,syn_t027_h0000008,syn_t027_h0000008_r003
14000US06089011600,1,30,23,2.0,2,2,2.0,2.0,,2.0,,,0,16.0,2,,,2,6.0,Reference person,Regular high school diploma,Female,Not in labor force,,,,,Without a disability,No,No,No,No,No,No,,18_34,True,generative,syn_t027_h0000009,syn_t027_h0000009_r001
14000US06089011600,2,39,3,,2,2,,,,,,,2,1.0,2,,,2,,Biological son or daughter,No schooling completed,Female,,,,,,Without a disability,No,No,,,,,,0_17,False,dependent,syn_t027_h0000009,syn_t027_h0000009_r002
14000US06089011600,3,34,1,,2,2,,,,,,,2,,1,,,2,,Biological son or daughter,,Male,,,,,,Without a disability,No,No,,,,,,0_17,False,dependent,syn_t027_h0000009,syn_t027_h0000009_r003
14000US06089011600,1,14,43,2.0,2,2,2.0,2.0,,2.0,8.0,1.0,0,18.0,1,40.0,1.0,2,1.0,Reference person,"Some college, but less than 1 year",Male,"Civilian employed, at work",50 to 52 weeks worked during past 12 months,"Car, truck, or van",,,Without a disability,No,No,No,No,No,No,,35_64,True,generative,syn_t027_h0000010,syn_t027_h0000010_r001
14000US06089011600,1,22,34,2.0,2,2,2.0,2.0,3.0,2.0,20.0,1.0,0,18.0,1,60.0,1.0,2,1.0,Reference person,"Some college, but less than 1 year",Male,"Civilian employed, at work",50 to 52 weeks worked during past 12 months,"Car, truck, or van",,,Without a disability,No,No,No,No,No,No,30 or 40 percent,18_34,True,generative,syn_t027_h0000011,syn_t027_h0000011_r001
14000US06089011600,2,17,30,2.0,2,2,2.0,2.0,,2.0,30.0,1.0,1,19.0,2,25.0,3.0,2,1.0,Husband/wife,"1 or more years of college credit, no degree",Female,"Civilian employed, at work",40 to 47 weeks worked during past 12 months,"Car, truck, or van",,,Without a disability,No,No,No,No,No,No,,18_34,True,generative,syn_t027_h0000011,syn_t027_h0000011_r002
14000US06089011600,3,22,11,2.0,2,2,,2.0,,2.0,,,2,8.0,1,,,2,,Biological son or daughter,Grade 5,Male,,,,,,Without a disability,No,No,No,No,,No,,0_17,False,dependent,syn_t027_h0000011,syn_t027_h0000011_r003
14000US06089011600,4,25,7,2.0,2,2,,2.0,,2.0,,,2,4.0,2,,,2,,Biological son or daughter,Grade 1,Female,,,,,,Without a disability,No,No,No,No,,No,,0_17,False,dependent,syn_t027_h0000011,syn_t027_h0000011_r004
14000US06089011600,1,24,63,2.0,2,2,2.0,2.0,,2.0,25.0,1.0,0,19.0,1,40.0,1.0,2,1.0,Reference person,"1 or more years of college credit, no degree",Male,"Civilian employed, at work",50 to 52 weeks worked during past 12 months,"Car, truck, or van",,,Without a disability,No,No,No,No,No,No,,35_64,True,generative,syn_t027_h0000012,syn_t027_h0000012_r001
14000US06089011600,2,22,63,2.0,2,2,2.0,1.0,,2.0,,,1,14.0,2,,,1,6.0,Husband/wife,Grade 11,Female,Not in labor force,,,,,With a disability,No,No,No,Yes,No,No,,35_64,True,generative,syn_t027_h0000012,syn_t027_h0000012_r002
14000US06089011600,1,39,66,2.0,2,2,2.0,1.0,,2.0,,,0,16.0,1,,,1,6.0,Reference person,Regular high school diploma,Male,Not in labor force,,,,,With a disability,No,No,No,Yes,No,No,,65_plus,True,generative,syn_t027_h0000013,syn_t027_h0000013_r001
14000US06089011600,2,44,33,2.0,2,2,2.0,2.0,,2.0,,,13,16.0,2,,,2,6.0,Unmarried partner,Regular high school diploma,Female,Not in labor force,,,,,Without a disability,No,No,No,No,No,No,,18_34,True,generative,syn_t027_h0000013,syn_t027_h0000013_r002
14000US06089011600,1,19,61,2.0,2,2,2.0,2.0,,2.0,20.0,9.0,0,19.0,1,40.0,1.0,2,1.0,Reference person,"1 or more years of college credit, no degree",Male,"Civilian employed, at work",50 to 52 weeks worked during past 12 months,Bicycle,,,Without a disability,No,No,No,No,No,No,,35_64,True,generative,syn_t027_h0000014,syn_t027_h0000014_r001
14000US06089011600,1,14,94,2.0,1,2,1.0,1.0,2.0,2.0,,,0,16.0,1,,,1,6.0,Reference person,Regular high school diploma,Male,Not in labor force,,,,,With a disability,Yes,No,No,Yes,Yes,No,10 or 20 percent,65_plus,True,generative,syn_t027_h0000015,syn_t027_h0000015_r001
14000US06089011600,2,16,84,2.0,2,2,2.0,2.0,,2.0,,,1,19.0,2,,,2,6.0,Husband/wife,"1 or more years of college credit, no degree",Female,Not in labor force,,,,,Without a disability,No,No,No,No,No,No,,65_plus,True,generative,syn_t027_h0000015,syn_t027_h0000015_r002
14000US06089011600,1,16,42,2.0,2,2,2.0,2.0,,2.0,10.0,1.0,0,19.0,2,30.0,1.0,2,1.0,Reference person,"1 or more years of college credit, no degree",Female,"Civilian employed, at work",50 to 52 weeks worked during past 12 months,"Car, truck, or van",,,Without a disability,No,No,No,No,No,No,,35_64,True,generative,syn_t027_h0000016,syn_t027_h0000016_r001
14000US06089011600,2,15,10,2.0,2,2,,2.0,,2.0,,,2,7.0,2,,,2,,Biological son or daughter,Grade 4,Female,,,,,,Without a disability,No,No,No,No,,No,,0_17,False,dependent,syn_t027_h0000016,syn_t027_h0000016_r002
14000US06089011600,3,14,71,2.0,1,2,1.0,1.0,,2.0,,,6,21.0,2,,,1,6.0,Father or mother,Bachelor's degree,Female,Not in labor force,,,,,With a disability,Yes,No,No,Yes,Yes,No,,65_plus,True,generative,syn_t027_h0000016,syn_t027_h0000016_r003
14000US06089011600,4,16,41,2.0,2,2,2.0,2.0,,2.0,10.0,1.0,13,16.0,1,50.0,1.0,2,1.0,Unmarried partner,Regular high school diploma,Male,"Civilian employed, at work",50 to 52 weeks worked during past 12 months,"Car, truck, or van",,,Without a disability,No,No,No,No,No,No,,35_64,True,generative,syn_t027_h0000016,syn_t027_h0000016_r004
14000US06089011600,5,15,10,2.0,2,2,,2.0,,2.0,,,15,7.0,1,,,2,,Other nonrelative,Grade 4,Male,,,,,,Without a disability,No,No,No,No,,No,,0_17,False,dependent,syn_t027_h0000016,syn_t027_h0000016_r005
14000US06089011600,6,14,7,2.0,2,2,,2.0,,2.0,,,15,4.0,2,,,2,,Other nonrelative,Grade 1,Female,,,,,,Without a disability,No,No,No,No,,No,,0_17,False,dependent,syn_t027_h0000016,syn_t027_h0000016_r006
14000US06089011600,1,13,54,2.0,2,2,2.0,2.0,,2.0,,,0,16.0,1,,,2,6.0,Reference person,Regular high school diploma,Male,Not in labor force,,,,,Without a disability,No,No,No,No,No,No,,35_64,True,generative,syn_t027_h0000017,syn_t027_h0000017_r001
14000US06089011600,2,15,51,2.0,2,2,2.0,2.0,,2.0,,,1,16.0,2,,,2,6.0,Husband/wife,Regular high school diploma,Female,Not in labor force,,,,,Without a disability,No,No,No,No,No,No,,35_64,True,generative,syn_t027_h0000017,syn_t027_h0000017_r002
14000US06089011600,1,27,52,2.0,2,2,2.0,2.0,,2.0,2.0,1.0,0,19.0,2,50.0,1.0,2,1.0,Reference person,"1 or more years of college credit, no degree",Female,"Civilian employed, at work",50 to 52 weeks worked during past 12 months,"Car, truck, or van",,,Without a disability,No,No,No,No,No,No,,35_64,True,generative,syn_t027_h0000018,syn_t027_h0000018_r001
14000US06089011600,1,20,70,2.0,1,2,2.0,2.0,,2.0,,,0,18.0,1,,,1,6.0,Reference person,"Some college, but less than 1 year",Male,Not in labor force,,,,,With a disability,Yes,No,No,No,No,No,,65_plus,True,generative,syn_t027_h0000019,syn_t027_h0000019_r001
14000US06089011600,2,19,70,2.0,2,2,2.0,2.0,,2.0,,,13,24.0,2,,,2,6.0,Unmarried partner,Doctorate degree,Female,Not in labor force,,,,,Without a disability,No,No,No,No,No,No,,65_plus,True,generative,syn_t027_h0000019,syn_t027_h0000019_r002
14000US06089011600,1,12,66,2.0,2,2,2.0,2.0,,2.0,5.0,1.0,0,19.0,1,10.0,5.0,2,1.0,Reference person,"1 or more years of college credit, no degree",Male,"Civilian employed, at work",14 to 26 weeks worked during past 12 months,"Car, truck, or van",,,Without a disability,No,No,No,No,No,No,,65_plus,True,generative,syn_t027_h0000020,syn_t027_h0000020_r001
14000US06089011600,1,11,38,2.0,2,2,2.0,2.0,,2.0,2.0,1.0,0,21.0,1,65.0,1.0,2,1.0,Reference person,Bachelor's degree,Male,"Civilian employed, at work",50 to 52 weeks worked during past 12 months,"Car, truck, or van",,,Without a disability,No,No,No,No,No,No,,35_64,True,generative,syn_t027_h0000021,syn_t027_h0000021_r001
14000US06089011600,2,11,44,2.0,2,2,2.0,2.0,,2.0,5.0,1.0,1,19.0,2,5.0,1.0,2,1.0,Husband/wife,"1 or more years of college credit, no degree",Female,"Civilian employed, at work",50 to 52 weeks worked during past 12 months,"Car, truck, or van",,,Without a disability,No,No,No,No,No,No,,35_64,True,generative,syn_t027_h0000021,syn_t027_h0000021_r002
14000US06089011600,3,9,19,2.0,2,2,2.0,2.0,,2.0,5.0,1.0,2,14.0,2,4.0,6.0,2,1.0,Biological son or daughter,Grade 11,Female,"Civilian employed, at work",less than 14 weeks worked during past 12 months,"Car, truck, or van",,,Without a disability,No,No,No,No,No,No,,18_34,True,generative,syn_t027_h0000021,syn_t027_h0000021_r003
14000US06089011600,4,15,16,2.0,2,2,2.0,2.0,,2.0,5.0,1.0,2,12.0,1,5.0,6.0,2,1.0,Biological son or daughter,Grade 9,Male,"Civilian employed, at work",less than 14 weeks worked during past 12 months,"Car, truck, or van",,,Without a disability,No,No,No,No,No,No,,0_17,False,dependent,syn_t027_h0000021,syn_t027_h0000021_r004
14000US06089011600,5,11,15,2.0,2,2,2.0,2.0,,2.0,,,2,12.0,2,,,2,,Biological son or daughter,Grade 9,Female,,,,,,Without a disability,No,No,No,No,No,No,,0_17,False,dependent,syn_t027_h0000021,syn_t027_h0000021_r005
14000US06089011600,6,11,14,2.0,2,2,,2.0,,2.0,,,2,12.0,1,,,2,,Biological son or daughter,Grade 9,Male,,,,,,Without a disability,No,No,No,No,,No,,0_17,False,dependent,syn_t027_h0000021,syn_t027_h0000021_r006
14000US06089011600,7,11,13,2.0,2,2,,2.0,,2.0,,,2,10.0,1,,,2,,Biological son or daughter,Grade 7,Male,,,,,,Without a disability,No,No,No,No,,No,,0_17,False,dependent,syn_t027_h0000021,syn_t027_h0000021_r007
14000US06089011600,8,11,12,2.0,2,2,,2.0,,2.0,,,2,11.0,1,,,2,,Biological son or daughter,Grade 8,Male,,,,,,Without a disability,No,No,No,No,,No,,0_17,False,dependent,syn_t027_h0000021,syn_t027_h0000021_r008
14000US06089011600,9,11,11,2.0,2,2,,2.0,,2.0,,,2,7.0,1,,,2,,Biological son or daughter,Grade 4,Male,,,,,,Without a disability,No,No,No,No,,No,,0_17,False,dependent,syn_t027_h0000021,syn_t027_h0000021_r009
14000US06089011600,10,10,10,2.0,2,2,,2.0,,2.0,,,2,9.0,2,,,2,,Biological son or daughter,Grade 6,Female,,,,,,Without a disability,No,No,No,No,,No,,0_17,False,dependent,syn_t027_h0000021,syn_t027_h0000021_r010
14000US06089011600,11,11,10,2.0,2,2,,2.0,,2.0,,,2,5.0,1,,,2,,Biological son or daughter,Grade 2,Male,,,,,,Without a disability,No,No,No,No,,No,,0_17,False,dependent,syn_t027_h0000021,syn_t027_h0000021_r011
14000US06089011600,12,11,7,2.0,2,2,,2.0,,2.0,,,2,6.0,1,,,2,,Biological son or daughter,Grade 3,Male,,,,,,Without a disability,No,No,No,No,,No,,0_17,False,dependent,syn_t027_h0000021,syn_t027_h0000021_r012
14000US06089011701,1,28,38,2.0,2,2,2.0,2.0,,2.0,25.0,1.0,0,19.0,1,40.0,1.0,2,1.0,Reference person,"1 or more years of college credit, no degree",Male,"Civilian employed, at work",50 to 52 weeks worked during past 12 months,"Car, truck, or van",,,Without a disability,No,No,No,No,No,No,,35_64,True,generative,syn_t028_h0000001,syn_t028_h0000001_r001
14000US06089011701,2,24,39,2.0,1,2,2.0,2.0,,2.0,30.0,1.0,1,19.0,2,40.0,1.0,1,1.0,Husband/wife,"1 or more years of college credit, no degree",Female,"Civilian employed, at work",50 to 52 weeks worked during past 12 months,"Car, truck, or van",,,With a disability,Yes,No,No,No,No,No,,35_64,True,generative,syn_t028_h0000001,syn_t028_h0000001_r002
14000US06089011701,1,22,71,2.0,2,2,2.0,2.0,,2.0,,,0,19.0,1,,,2,6.0,Reference person,"1 or more years of college credit, no degree",Male,Not in labor force,,,,,Without a disability,No,No,No,No,No,No,,65_plus,True,generative,syn_t028_h0000002,syn_t028_h0000002_r001
14000US06089011701,2,23,68,2.0,2,2,2.0,2.0,,2.0,,,1,20.0,2,,,2,6.0,Husband/wife,Associate's degree,Female,Not in labor force,,,,,Without a disability,No,No,No,No,No,No,,65_plus,True,generative,syn_t028_h0000002,syn_t028_h0000002_r002
14000US06089011701,3,45,36,2.0,2,2,2.0,2.0,,2.0,,,2,19.0,1,,,2,6.0,Biological son or daughter,"1 or more years of college credit, no degree",Male,Not in labor force,,,,,Without a disability,No,No,No,No,No,No,,35_64,True,generative,syn_t028_h0000002,syn_t028_h0000002_r003
14000US06089011701,1,30,49,2.0,2,2,2.0,2.0,,2.0,15.0,1.0,0,20.0,1,25.0,4.0,2,1.0,Reference person,Associate's degree,Male,"Civilian employed, at work",27 to 39 weeks worked during past 12 months,"Car, truck, or van",,,Without a disability,No,No,No,No,No,No,,35_64,True,generative,syn_t028_h0000003,syn_t028_h0000003_r001
14000US06089011701,2,21,36,2.0,2,2,2.0,2.0,,2.0,15.0,1.0,1,16.0,2,38.0,1.0,2,1.0,Husband/wife,Regular high school diploma,Female,"Civilian employed, at work",50 to 52 weeks worked during past 12 months,"Car, truck, or van",,,Without a disability,No,No,No,No,No,No,,35_64,True,generative,syn_t028_h0000003,syn_t028_h0000003_r002
14000US06089011701,3,18,12,2.0,2,2,,2.0,,2.0,,,2,9.0,2,,,2,,Biological son or daughter,Grade 6,Female,,,,,,Without a disability,No,No,No,No,,No,,0_17,False,dependent,syn_t028_h0000003,syn_t028_h0000003_r003
14000US06089011701,4,17,9,2.0,2,2,,2.0,,2.0,,,2,7.0,1,,,2,,Biological son or daughter,Grade 4,Male,,,,,,Without a disability,No,No,No,No,,No,,0_17,False,dependent,syn_t028_h0000003,syn_t028_h0000003_r004
14000US06089011701,5,17,9,2.0,2,2,,2.0,,2.0,,,2,6.0,1,,,2,,Biological son or daughter,Grade 3,Male,,,,,,Without a disability,No,No,No,No,,No,,0_17,False,dependent,syn_t028_h0000003,syn_t028_h0000003_r005
14000US06089011701,6,26,63,2.0,2,2,2.0,2.0,,2.0,15.0,1.0,8,16.0,2,12.0,3.0,2,1.0,Parent-in-law,Regular high school diploma,Female,"Civilian employed, at work",40 to 47 weeks worked during past 12 months,"Car, truck, or van",,,Without a disability,No,No,No,No,No,No,,35_64,True,generative,syn_t028_h0000003,syn_t028_h0000003_r006
14000US06089011701,7,29,62,2.0,2,2,2.0,2.0,,2.0,15.0,1.0,8,1.0,1,55.0,1.0,2,1.0,Parent-in-law,No schooling completed,Male,"Civilian employed, at work",50 to 52 weeks worked during past 12 months,"Car, truck, or van",,,Without a disability,No,No,No,No,No,No,,35_64,True,generative,syn_t028_h0000003,syn_t028_h0000003_r007
14000US06089011701,1,32,27,2.0,2,2,2.0,2.0,,2.0,35.0,1.0,0,18.0,2,40.0,6.0,2,1.0,Reference person,"Some college, but less than 1 year",Female,"Civilian employed, at work",less than 14 weeks worked during past 12 months,"Car, truck, or van",,,Without a disability,No,No,No,No,No,No,,18_34,True,generative,syn_t028_h0000004,syn_t028_h0000004_r001
14000US06089011701,2,29,7,2.0,2,2,,2.0,,2.0,,,2,4.0,2,,,2,,Biological son or daughter,Grade 1,Female,,,,,,Without a disability,No,No,No,No,,No,,0_17,False,dependent,syn_t028_h0000004,syn_t028_h0000004_r002
14000US06089011701,3,26,3,,2,2,,,,,,,2,1.0,1,,,2,,Biological son or daughter,No schooling completed,Male,,,,,,Without a disability,No,No,,,,,,0_17,False,dependent,syn_t028_h0000004,syn_t028_h0000004_r003
14000US06089011701,4,29,37,2.0,2,2,2.0,2.0,,2.0,,,13,21.0,1,,,2,3.0,Unmarried partner,Bachelor's degree,Male,Unemployed,,,,,Without a disability,No,No,No,No,No,No,,35_64,True,generative,syn_t028_h0000004,syn_t028_h0000004_r004
14000US06089011701,1,35,58,2.0,2,2,2.0,2.0,,2.0,15.0,1.0,0,19.0,1,25.0,4.0,2,1.0,Reference person,"1 or more years of college credit, no degree",Male,"Civilian employed, at work",27 to 39 weeks worked during past 12 months,"Car, truck, or van",,,Without a disability,No,No,No,No,No,No,,35_64,True,generative,syn_t028_h0000005,syn_t028_h0000005_r001
14000US06089011701,2,33,63,2.0,2,2,2.0,2.0,,2.0,,,1,16.0,2,,,2,6.0,Husband/wife,Regular high school diploma,Female,Not in labor force,,,,,Without a disability,No,No,No,No,No,No,,35_64,True,generative,syn_t028_h0000005,syn_t028_h0000005_r002
14000US06089011701,1,7,64,2.0,2,2,2.0,2.0,,2.0,,,0,15.0,1,,,2,6.0,Reference person,12th grade - no diploma,Male,Not in labor force,,,,,Without a disability,No,No,No,No,No,No,,35_64,True,generative,syn_t028_h0000006,syn_t028_h0000006_r001
14000US06089011701,2,8,63,2.0,2,2,1.0,2.0,,2.0,,,1,15.0,2,,,1,6.0,Husband/wife,12th grade - no diploma,Female,Not in labor force,,,,,With a disability,No,No,No,No,Yes,No,,35_64,True,generative,syn_t028_h0000006,syn_t028_h0000006_r002
14000US06089011701,1,25,28,2.0,2,2,2.0,2.0,,2.0,10.0,1.0,0,20.0,2,8.0,1.0,2,1.0,Reference person,Associate's degree,Female,"Civilian employed, at work",50 to 52 weeks worked during past 12 months,"Car, truck, or van",,,Without a disability,No,No,No,No,No,No,,18_34,True,generative,syn_t028_h0000007,syn_t028_h0000007_r001
14000US06089011701,2,21,27,2.0,2,2,2.0,2.0,,2.0,90.0,1.0,13,17.0,1,40.0,1.0,2,1.0,Unmarried partner,GED or alternative credential,Male,"Civilian employed, at work",50 to 52 weeks worked during past 12 months,"Car, truck, or van",,,Without a disability,No,No,No,No,No,No,,18_34,True,generative,syn_t028_h0000007,syn_t028_h0000007_r002
14000US06089011701,1,41,28,2.0,2,1,2.0,2.0,,2.0,,,0,18.0,2,,,1,6.0,Reference person,"Some college, but less than 1 year",Female,Not in labor force,,,,,With a disability,No,Yes,No,No,No,No,,18_34,True,generative,syn_t028_h0000008,syn_t028_h0000008_r001
14000US06089011701,2,45,5,2.0,2,2,,2.0,,2.0,,,2,1.0,2,,,2,,Biological son or daughter,No schooling completed,Female,,,,,,Without a disability,No,No,No,No,,No,,0_17,False,dependent,syn_t028_h0000008,syn_t028_h0000008_r002
14000US06089011701,3,43,2,,2,2,,,,,,,2,,2,,,2,,Biological son or daughter,,Female,,,,,,Without a disability,No,No,,,,,,0_17,False,dependent,syn_t028_h0000008,syn_t028_h0000008_r003
14000US06089011701,4,35,26,2.0,2,2,2.0,2.0,,2.0,90.0,1.0,13,18.0,1,60.0,1.0,2,1.0,Unmarried partner,"Some college, but less than 1 year",Male,"Civilian employed, at work",50 to 52 weeks worked during past 12 months,"Car, truck, or van",,,Without a disability,No,No,No,No,No,No,,18_34,True,generative,syn_t028_h0000008,syn_t028_h0000008_r004
14000US06089011701,1,15,67,2.0,2,2,2.0,2.0,,2.0,,,0,19.0,1,,,2,6.0,Reference person,"1 or more years of college credit, no degree",Male,Not in labor force,,,,,Without a disability,No,No,No,No,No,No,,65_plus,True,generative,syn_t028_h0000009,syn_t028_h0000009_r001
14000US06089011701,2,16,66,2.0,2,2,2.0,2.0,,2.0,,,1,18.0,2,8.0,6.0,2,6.0,Husband/wife,"Some college, but less than 1 year",Female,Not in labor force,less than 14 weeks worked during past 12 months,,,,Without a disability,No,No,No,No,No,No,,65_plus,True,generative,syn_t028_h0000009,syn_t028_h0000009_r002
14000US06089011701,1,78,28,2.0,2,2,2.0,2.0,,2.0,15.0,1.0,0,21.0,2,35.0,1.0,2,1.0,Reference person,Bachelor's degree,Female,"Civilian employed, at work",50 to 52 weeks worked during past 12 months,"Car, truck, or van",,,Without a disability,No,No,No,No,No,No,,18_34,True,generative,syn_t028_h0000010,syn_t028_h0000010_r001
14000US06089011701,2,70,9,2.0,2,2,,2.0,,2.0,,,2,6.0,1,,,2,,Biological son or daughter,Grade 3,Male,,,,,,Without a disability,No,No,No,No,,No,,0_17,False,dependent,syn_t028_h0000010,syn_t028_h0000010_r002
14000US06089011701,3,62,14,2.0,2,2,,2.0,,2.0,,,4,11.0,2,,,2,,Stepson or stepdaughter,Grade 8,Female,,,,,,Without a disability,No,No,No,No,,No,,0_17,False,dependent,syn_t028_h0000010,syn_t028_h0000010_r003
14000US06089011701,4,77,39,2.0,2,2,2.0,2.0,,2.0,60.0,1.0,13,21.0,1,45.0,1.0,2,1.0,Unmarried partner,Bachelor's degree,Male,"Civilian employed, at work",50 to 52 weeks worked during past 12 months,"Car, truck, or van",,,Without a disability,No,No,No,No,No,No,,35_64,True,generative,syn_t028_h0000010,syn_t028_h0000010_r004
14000US06089011701,1,7,71,2.0,2,2,2.0,2.0,,2.0,,,0,17.0,1,,,2,6.0,Reference person,GED or alternative credential,Male,Not in labor force,,,,,Without a disability,No,No,No,No,No,No,,65_plus,True,generative,syn_t028_h0000011,syn_t028_h0000011_r001
14000US06089011701,2,9,75,2.0,2,2,2.0,2.0,,2.0,,,1,16.0,2,,,2,6.0,Husband/wife,Regular high school diploma,Female,Not in labor force,,,,,Without a disability,No,No,No,No,No,No,,65_plus,True,generative,syn_t028_h0000011,syn_t028_h0000011_r002
14000US06089011701,1,36,54,2.0,2,2,2.0,2.0,,2.0,22.0,1.0,0,19.0,1,40.0,5.0,2,1.0,Reference person,"1 or more years of college credit, no degree",Male,"Civilian employed, at work",14 to 26 weeks worked during past 12 months,"Car, truck, or van",,,Without a disability,No,No,No,No,No,No,,35_64,True,generative,syn_t028_h0000012,syn_t028_h0000012_r001
14000US06089011701,2,28,53,2.0,2,2,2.0,2.0,,2.0,3.0,1.0,1,20.0,2,15.0,1.0,2,1.0,Husband/wife,Associate's degree,Female,"Civilian employed, at work",50 to 52 weeks worked during past 12 months,"Car, truck, or van",,,Without a disability,No,No,No,No,No,No,,35_64,True,generative,syn_t028_h0000012,syn_t028_h0000012_r002
14000US06089011701,3,41,74,2.0,2,2,1.0,2.0,,1.0,,,6,16.0,2,,,1,6.0,Father or mother,Regular high school diploma,Female,Not in labor force,,,,,With a disability,No,No,Yes,No,Yes,No,,65_plus,True,generative,syn_t028_h0000012,syn_t028_h0000012_r003
14000US06089011702,1,15,69,2.0,2,2,2.0,2.0,,2.0,,,0,17.0,2,,,2,6.0,Reference person,GED or alternative credential,Female,Not in labor force,,,,,Without a disability,No,No,No,No,No,No,,65_plus,True,generative,syn_t029_h0000001,syn_t029_h0000001_r001
14000US06089011702,2,15,65,2.0,2,2,2.0,2.0,,2.0,,,1,18.0,1,,,2,6.0,Husband/wife,"Some college, but less than 1 year",Male,Not in labor force,,,,,Without a disability,No,No,No,No,No,No,,65_plus,True,generative,syn_t029_h0000001,syn_t029_h0000001_r002
14000US06089011702,1,8,66,2.0,2,2,2.0,2.0,1.0,2.0,,,0,20.0,1,,,2,6.0,Reference person,Associate's degree,Male,Not in labor force,,,,,Without a disability,No,No,No,No,No,No,0 percent,65_plus,True,generative,syn_t029_h0000002,syn_t029_h0000002_r001
14000US06089011702,2,8,68,2.0,2,2,2.0,2.0,,2.0,,,1,16.0,2,,,2,6.0,Husband/wife,Regular high school diploma,Female,Not in labor force,,,,,Without a disability,No,No,No,No,No,No,,65_plus,True,generative,syn_t029_h0000002,syn_t029_h0000002_r002
14000US06089011702,1,12,71,2.0,2,2,2.0,1.0,,2.0,,,0,19.0,2,,,1,6.0,Reference person,"1 or more years of college credit, no degree",Female,Not in labor force,,,,,With a disability,No,No,No,Yes,No,No,,65_plus,True,generative,syn_t029_h0000003,syn_t029_h0000003_r001
14000US06089011702,2,22,42,2.0,2,2,2.0,2.0,,2.0,,,2,17.0,1,,,2,6.0,Biological son or daughter,GED or alternative credential,Male,Not in labor force,,,,,Without a disability,No,No,No,No,No,No,,35_64,True,generative,syn_t029_h0000003,syn_t029_h0000003_r002
14000US06089011702,1,39,50,2.0,2,2,2.0,2.0,,2.0,15.0,1.0,0,19.0,2,40.0,1.0,2,1.0,Reference person,"1 or more years of college credit, no degree",Female,"Civilian employed, at work",50 to 52 weeks worked during past 12 months,"Car, truck, or van",,,Without a disability,No,No,No,No,No,No,,35_64,True,generative,syn_t029_h0000004,syn_t029_h0000004_r001
14000US06089011702,2,65,19,2.0,2,2,2.0,2.0,,2.0,10.0,1.0,2,16.0,1,40.0,4.0,2,1.0,Biological son or daughter,Regular high school diploma,Male,"Civilian employed, at work",27 to 39 weeks worked during past 12 months,"Car, truck, or van",,,Without a disability,No,No,No,No,No,No,,18_34,True,generative,syn_t029_h0000004,syn_t029_h0000004_r002
14000US06089011702,1,33,64,2.0,2,2,2.0,2.0,,2.0,,,0,19.0,2,,,2,6.0,Reference person,"1 or more years of college credit, no degree",Female,Not in labor force,,,,,Without a disability,No,No,No,No,No,No,,35_64,True,generative,syn_t029_h0000005,syn_t029_h0000005_r001
14000US06089011702,2,55,86,2.0,1,1,2.0,1.0,,1.0,,,6,16.0,2,,,1,6.0,Father or mother,Regular high school diploma,Female,Not in labor force,,,,,With a disability,Yes,Yes,Yes,Yes,No,No,,65_plus,True,generative,syn_t029_h0000005,syn_t029_h0000005_r002
14000US06089011702,3,59,27,2.0,2,2,1.0,2.0,,1.0,,,10,7.0,2,,,1,6.0,Other relative,Grade 4,Female,Not in labor force,,,,,With a disability,No,No,Yes,No,Yes,No,,18_34,True,generative,syn_t029_h0000005,syn_t029_h0000005_r003
14000US06089011702,1,38,50,2.0,2,2,2.0,2.0,,2.0,45.0,1.0,0,14.0,1,40.0,1.0,2,1.0,Reference person,Grade 11,Male,"Civilian employed, at work",50 to 52 weeks worked during past 12 months,"Car, truck, or van",,,Without a disability,No,No,No,No,No,No,,35_64,True,generative,syn_t029_h0000006,syn_t029_h0000006_r001
14000US06089011702,1,34,28,2.0,2,2,2.0,2.0,,2.0,,,0,19.0,1,30.0,4.0,2,3.0,Reference person,"1 or more years of college credit, no degree",Male,Unemployed,27 to 39 weeks worked during past 12 months,,,,Without a disability,No,No,No,No,No,No,,18_34,True,generative,syn_t029_h0000007,syn_t029_h0000007_r001
14000US06089011702,1,43,46,2.0,2,2,2.0,2.0,,2.0,,11.0,0,18.0,2,40.0,3.0,2,1.0,Reference person,"Some college, but less than 1 year",Female,"Civilian employed, at work",40 to 47 weeks worked during past 12 months,Worked at home,,,Without a disability,No,No,No,No,No,No,,35_64,True,generative,syn_t029_h0000008,syn_t029_h0000008_r001
14000US06089011702,2,46,18,2.0,2,2,2.0,2.0,,2.0,,,2,19.0,2,,,2,6.0,Biological son or daughter,"1 or more years of college credit, no degree",Female,Not in labor force,,,,,Without a disability,No,No,No,No,No,No,,18_34,True,generative,syn_t029_h0000008,syn_t029_h0000008_r002
14000US06089011702,1,9,51,2.0,2,2,2.0,1.0,,2.0,15.0,1.0,0,19.0,1,40.0,3.0,1,1.0,Reference person,"1 or more years of college credit, no degree",Male,"Civilian employed, at work",40 to 47 weeks worked during past 12 months,"Car, truck, or van",,,With a disability,No,No,No,Yes,No,No,,35_64,True,generative,syn_t029_h0000009,syn_t029_h0000009_r001
14000US06089011702,2,13,31,2.0,2,2,2.0,2.0,,2.0,10.0,1.0,5,19.0,1,40.0,1.0,2,1.0,Brother or sister,"1 or more years of college credit, no degree",Male,"Civilian employed, at work",50 to 52 weeks worked during past 12 months,"Car, truck, or van",,,Without a disability,No,No,No,No,No,No,,18_34,True,generative,syn_t029_h0000009,syn_t029_h0000009_r002
14000US06089011702,1,75,34,2.0,1,2,2.0,2.0,,2.0,15.0,1.0,0,19.0,1,50.0,1.0,1,1.0,Reference person,"1 or more years of college credit, no degree",Male,"Civilian employed, at work",50 to 52 weeks worked during past 12 months,"Car, truck, or van",,,With a disability,Yes,No,No,No,No,No,,18_34,True,generative,syn_t029_h0000010,syn_t029_h0000010_r001
14000US06089011702,1,9,27,2.0,2,2,2.0,2.0,,2.0,30.0,1.0,0,21.0,1,50.0,1.0,2,1.0,Reference person,Bachelor's degree,Male,"Civilian employed, at work",50 to 52 weeks worked during past 12 months,"Car, truck, or van",,,Without a disability,No,No,No,No,No,No,,18_34,True,generative,syn_t029_h0000011,syn_t029_h0000011_r001
14000US06089011702,2,12,26,2.0,2,2,2.0,2.0,,2.0,90.0,1.0,1,22.0,2,40.0,1.0,2,1.0,Husband/wife,Master's degree,Female,"Civilian employed, at work",50 to 52 weeks worked during past 12 months,"Car, truck, or van",,,Without a disability,No,No,No,No,No,No,,18_34,True,generative,syn_t029_h0000011,syn_t029_h0000011_r002
14000US06089011702,1,14,40,2.0,2,2,2.0,2.0,,2.0,10.0,1.0,0,21.0,2,40.0,1.0,2,1.0,Reference person,Bachelor's degree,Female,"Civilian employed, at work",50 to 52 weeks worked during past 12 months,"Car, truck, or van",,,Without a disability,No,No,No,No,No,No,,35_64,True,generative,syn_t029_h0000012,syn_t029_h0000012_r001
14000US06089011702,2,11,17,2.0,2,2,2.0,2.0,,2.0,10.0,1.0,2,14.0,1,30.0,5.0,2,1.0,Biological son or daughter,Grade 11,Male,"Civilian employed, at work",14 to 26 weeks worked during past 12 months,"Car, truck, or van",,,Without a disability,No,No,No,No,No,No,,0_17,False,dependent,syn_t029_h0000012,syn_t029_h0000012_r002
14000US06089011702,3,13,14,2.0,2,2,,2.0,,2.0,,,2,11.0,1,,,2,,Biological son or daughter,Grade 8,Male,,,,,,Without a disability,No,No,No,No,,No,,0_17,False,dependent,syn_t029_h0000012,syn_t029_h0000012_r003
14000US06089011702,1,41,31,2.0,2,2,2.0,2.0,,2.0,45.0,1.0,0,21.0,2,18.0,5.0,2,1.0,Reference person,Bachelor's degree,Female,"Civilian employed, at work",14 to 26 weeks worked during past 12 months,"Car, truck, or van",,,Without a disability,No,No,No,No,No,No,,18_34,True,generative,syn_t029_h0000013,syn_t029_h0000013_r001
14000US06089011702,2,38,5,2.0,2,2,,2.0,,2.0,,,2,2.0,2,,,2,,Biological son or daughter,"Nursery school, preschool",Female,,,,,,Without a disability,No,No,No,No,,No,,0_17,False,dependent,syn_t029_h0000013,syn_t029_h0000013_r002
14000US06089011702,3,71,62,2.0,2,2,2.0,2.0,,2.0,,,6,18.0,2,,,2,6.0,Father or mother,"Some college, but less than 1 year",Female,Not in labor force,,,,,Without a disability,No,No,No,No,No,No,,35_64,True,generative,syn_t029_h0000013,syn_t029_h0000013_r003
14000US06089011702,4,54,59,1.0,2,1,1.0,1.0,2.0,1.0,,,6,16.0,1,,,1,6.0,Father or mother,Regular high school diploma,Male,Not in labor force,,,,,With a disability,No,Yes,Yes,Yes,Yes,Yes,10 or 20 percent,35_64,True,generative,syn_t029_h0000013,syn_t029_h0000013_r004
14000US06089011702,5,38,14,2.0,2,2,,2.0,,2.0,,,10,11.0,2,,,2,,Other relative,Grade 8,Female,,,,,,Without a disability,No,No,No,No,,No,,0_17,False,dependent,syn_t029_h0000013,syn_t029_h0000013_r005
14000US06089011702,6,46,36,2.0,2,2,2.0,2.0,,2.0,5.0,1.0,13,19.0,1,40.0,1.0,2,1.0,Unmarried partner,"1 or more years of college credit, no degree",Male,"Civilian employed, at work",50 to 52 weeks worked during past 12 months,"Car, truck, or van",,,Without a disability,No,No,No,No,No,No,,35_64,True,generative,syn_t029_h0000013,syn_t029_h0000013_r006
14000US06089011702,1,29,69,1.0,2,2,1.0,1.0,,2.0,,,0,19.0,2,,,1,6.0,Reference person,"1 or more years of college credit, no degree",Female,Not in labor force,,,,,With a disability,No,No,No,Yes,Yes,Yes,,65_plus,True,generative,syn_t029_h0000014,syn_t029_h0000014_r001
14000US06089011702,2,24,45,2.0,2,2,2.0,2.0,,2.0,,11.0,2,16.0,2,13.0,1.0,2,1.0,Biological son or daughter,Regular high school diploma,Female,"Civilian employed, at work",50 to 52 weeks worked during past 12 months,Worked at home,,,Without a disability,No,No,No,No,No,No,,35_64,True,generative,syn_t029_h0000014,syn_t029_h0000014_r002
14000US06089011702,1,7,62,2.0,2,2,2.0,2.0,,2.0,,,0,19.0,1,,,2,6.0,Reference person,"1 or more years of college credit, no degree",Male,Not in labor force,,,,,Without a disability,No,No,No,No,No,No,,35_64,True,generative,syn_t029_h0000015,syn_t029_h0000015_r001
14000US06089011702,2,7,47,2.0,2,2,2.0,2.0,,2.0,45.0,1.0,1,19.0,2,40.0,1.0,2,1.0,Husband/wife,"1 or more years of college credit, no degree",Female,"Civilian employed, at work",50 to 52 weeks worked during past 12 months,"Car, truck, or van",,,Without a disability,No,No,No,No,No,No,,35_64,True,generative,syn_t029_h0000015,syn_t029_h0000015_r002
14000US06089011702,3,9,16,2.0,2,2,2.0,2.0,,2.0,,,4,14.0,2,,,2,6.0,Stepson or stepdaughter,Grade 11,Female,Not in labor force,,,,,Without a disability,No,No,No,No,No,No,,0_17,False,dependent,syn_t029_h0000015,syn_t029_h0000015_r003
14000US06089011702,1,16,54,2.0,2,2,2.0,2.0,,2.0,,,0,19.0,2,24.0,3.0,2,6.0,Reference person,"1 or more years of college credit, no degree",Female,Not in labor force,40 to 47 weeks worked during past 12 months,,,,Without a disability,No,No,No,No,No,No,,35_64,True,generative,syn_t029_h0000016,syn_t029_h0000016_r001
14000US06089011702,2,15,56,2.0,2,2,2.0,2.0,5.0,2.0,141.0,12.0,1,20.0,1,60.0,1.0,2,1.0,Husband/wife,Associate's degree,Male,"Civilian employed, at work",50 to 52 weeks worked during past 12 months,Other method,,,Without a disability,No,No,No,No,No,No,"70, 80, 90, or 100 percent",35_64,True,generative,syn_t029_h0000016,syn_t029_h0000016_r002
14000US06089011702,1,42,35,1.0,2,2,1.0,1.0,,1.0,,,0,19.0,2,,,1,6.0,Reference person,"1 or more years of college credit, no degree",Female,Not in labor force,,,,,With a disability,No,No,Yes,Yes,Yes,Yes,,35_64,True,generative,syn_t029_h0000017,syn_t029_h0000017_r001
14000US06089011702,2,40,14,2.0,2,2,,2.0,,2.0,,,2,10.0,1,,,2,,Biological son or daughter,Grade 7,Male,,,,,,Without a disability,No,No,No,No,,No,,0_17,False,dependent,syn_t029_h0000017,syn_t029_h0000017_r002
14000US06089011702,3,32,16,2.0,2,2,2.0,2.0,,2.0,,,10,11.0,1,,,2,6.0,Other relative,Grade 8,Male,Not in labor force,,,,,Without a disability,No,No,No,No,No,No,,0_17,False,dependent,syn_t029_h0000017,syn_t029_h0000017_r003
14000US06089011702,4,39,13,2.0,2,2,,2.0,,2.0,,,10,10.0,1,,,2,,Other relative,Grade 7,Male,,,,,,Without a disability,No,No,No,No,,No,,0_17,False,dependent,syn_t029_h0000017,syn_t029_h0000017_r004
14000US06089011702,1,15,56,2.0,2,2,2.0,2.0,,2.0,,,0,17.0,2,40.0,5.0,2,2.0,Reference person,GED or alternative credential,Female,"Civilian employed, with a job but not at work",14 to 26 weeks worked during past 12 months,,,,Without a disability,No,No,No,No,No,No,,35_64,True,generative,syn_t029_h0000018,syn_t029_h0000018_r001
14000US06089011702,2,10,21,2.0,2,2,2.0,2.0,,2.0,,,2,16.0,2,6.0,6.0,2,6.0,Biological son or daughter,Regular high school diploma,Female,Not in labor force,less than 14 weeks worked during past 12 months,,,,Without a disability,No,No,No,No,No,No,,18_34,True,generative,syn_t029_h0000018,syn_t029_h0000018_r002
14000US06089011703,1,8,49,2.0,2,1,1.0,2.0,,1.0,,,0,18.0,2,,,1,6.0,Reference person,"Some college, but less than 1 year",Female,Not in labor force,,,,,With a disability,No,Yes,Yes,No,Yes,No,,35_64,True,generative,syn_t030_h0000001,syn_t030_h0000001_r001
14000US06089011703,2,8,13,2.0,2,2,,2.0,,2.0,,,2,10.0,2,,,2,,Biological son or daughter,Grade 7,Female,,,,,,Without a disability,No,No,No,No,,No,,0_17,False,dependent,syn_t030_h0000001,syn_t030_h0000001_r002
14000US06089011703,3,8,8,2.0,2,2,,2.0,,2.0,,,2,5.0,2,,,2,,Biological son or daughter,Grade 2,Female,,,,,,Without a disability,No,No,No,No,,No,,0_17,False,dependent,syn_t030_h0000001,syn_t030_h0000001_r003
14000US06089011703,1,18,22,2.0,2,2,2.0,2.0,,2.0,,,0,19.0,1,,,2,6.0,Reference person,"1 or more years of college credit, no degree",Male,Not in labor force,,,,,Without a disability,No,No,No,No,No,No,,18_34,True,generative,syn_t030_h0000002,syn_t030_h0000002_r001
14000US06089011703,2,29,21,2.0,2,2,2.0,2.0,,2.0,,,13,16.0,2,,,2,6.0,Unmarried partner,Regular high school diploma,Female,Not in labor force,,,,,Without a disability,No,No,No,No,No,No,,18_34,True,generative,syn_t030_h0000002,syn_t030_h0000002_r002
14000US06089011703,1,47,85,2.0,2,2,2.0,2.0,,2.0,,,0,14.0,1,,,2,6.0,Reference person,Grade 11,Male,Not in labor force,,,,,Without a disability,No,No,No,No,No,No,,65_plus,True,generative,syn_t030_h0000003,syn_t030_h0000003_r001
14000US06089011703,1,13,30,2.0,2,2,2.0,2.0,,2.0,5.0,1.0,0,19.0,2,48.0,1.0,2,1.0,Reference person,"1 or more years of college credit, no degree",Female,"Civilian employed, at work",50 to 52 weeks worked during past 12 months,"Car, truck, or van",,,Without a disability,No,No,No,No,No,No,,18_34,True,generative,syn_t030_h0000004,syn_t030_h0000004_r001
14000US06089011703,2,12,32,2.0,2,2,2.0,2.0,,2.0,15.0,1.0,1,16.0,1,40.0,6.0,2,1.0,Husband/wife,Regular high school diploma,Male,"Civilian employed, at work",less than 14 weeks worked during past 12 months,"Car, truck, or van",,,Without a disability,No,No,No,No,No,No,,18_34,True,generative,syn_t030_h0000004,syn_t030_h0000004_r002
14000US06089011703,3,15,6,2.0,2,2,,2.0,,2.0,,,2,1.0,1,,,2,,Biological son or daughter,No schooling completed,Male,,,,,,Without a disability,No,No,No,No,,No,,0_17,False,dependent,syn_t030_h0000004,syn_t030_h0000004_r003
14000US06089011703,4,14,4,,2,2,,,,,,,2,2.0,1,,,2,,Biological son or daughter,"Nursery school, preschool",Male,,,,,,Without a disability,No,No,,,,,,0_17,False,dependent,syn_t030_h0000004,syn_t030_h0000004_r004
14000US06089011703,1,28,69,2.0,2,2,2.0,2.0,,2.0,,,0,19.0,1,,,2,6.0,Reference person,"1 or more years of college credit, no degree",Male,Not in labor force,,,,,Without a disability,No,No,No,No,No,No,,65_plus,True,generative,syn_t030_h0000005,syn_t030_h0000005_r001
14000US06089011703,2,45,36,2.0,2,2,2.0,2.0,,2.0,,,2,16.0,1,,,2,6.0,Biological son or daughter,Regular high school diploma,Male,Not in labor force,,,,,Without a disability,No,No,No,No,No,No,,35_64,True,generative,syn_t030_h0000005,syn_t030_h0000005_r002
14000US06089011703,1,20,51,1.0,2,2,1.0,1.0,,1.0,,,0,19.0,1,,,1,6.0,Reference person,"1 or more years of college credit, no degree",Male,Not in labor force,,,,,With a disability,No,No,Yes,Yes,Yes,Yes,,35_64,True,generative,syn_t030_h0000006,syn_t030_h0000006_r001
14000US06089011703,2,20,19,2.0,2,2,2.0,2.0,,2.0,,,2,16.0,1,40.0,2.0,2,3.0,Biological son or daughter,Regular high school diploma,Male,Unemployed,48 to 49 weeks worked during past 12 months,,,,Without a disability,No,No,No,No,No,No,,18_34,True,generative,syn_t030_h0000006,syn_t030_h0000006_r002
14000US06089011703,1,59,48,2.0,2,2,2.0,1.0,,2.0,25.0,1.0,0,19.0,1,45.0,1.0,1,1.0,Reference person,"1 or more years of college credit, no degree",Male,"Civilian employed, at work",50 to 52 weeks worked during past 12 months,"Car, truck, or van",,,With a disability,No,No,No,Yes,No,No,,35_64,True,generative,syn_t030_h0000007,syn_t030_h0000007_r001
14000US06089011703,2,68,37,2.0,2,2,2.0,1.0,4.0,1.0,,,15,19.0,1,,,1,6.0,Other nonrelative,"1 or more years of college credit, no degree",Male,Not in labor force,,,,,With a disability,No,No,Yes,Yes,No,No,50 or 60 percent,35_64,True,generative,syn_t030_h0000007,syn_t030_h0000007_r002
14000US06089011703,1,37,49,2.0,1,1,2.0,1.0,,1.0,,,0,19.0,2,,,1,6.0,Reference person,"1 or more years of college credit, no degree",Female,Not in labor force,,,,,With a disability,Yes,Yes,Yes,Yes,No,No,,35_64,True,generative,syn_t030_h0000008,syn_t030_h0000008_r001
14000US06089011703,2,23,19,2.0,2,2,2.0,2.0,,2.0,,,2,14.0,1,,,2,6.0,Biological son or daughter,Grade 11,Male,Not in labor force,,,,,Without a disability,No,No,No,No,No,No,,18_34,True,generative,syn_t030_h0000008,syn_t030_h0000008_r002
14000US06089011703,3,36,2,,2,2,,,,,,,7,,2,,,2,,Grandchild,,Female,,,,,,Without a disability,No,No,,,,,,0_17,False,dependent,syn_t030_h0000008,syn_t030_h0000008_r003
14000US06089011703,4,47,19,2.0,2,2,2.0,2.0,,2.0,25.0,10.0,9,16.0,2,30.0,6.0,2,1.0,Son-in-law or daughter-in-law,Regular high school diploma,Female,"Civilian employed, at work",less than 14 weeks worked during past 12 months,Walked,,,Without a disability,No,No,No,No,No,No,,18_34,True,generative,syn_t030_h0000008,syn_t030_h0000008_r004
14000US06089011703,1,36,52,2.0,2,2,2.0,2.0,,2.0,30.0,2.0,0,22.0,2,40.0,1.0,2,1.0,Reference person,Master's degree,Female,"Civilian employed, at work",50 to 52 weeks worked during past 12 months,Bus or trolley bus,,,Without a disability,No,No,No,No,No,No,,35_64,True,generative,syn_t030_h0000009,syn_t030_h0000009_r001
14000US06089011703,2,28,21,2.0,2,2,2.0,2.0,,2.0,12.0,9.0,2,19.0,2,15.0,5.0,2,1.0,Biological son or daughter,"1 or more years of college credit, no degree",Female,"Civilian employed, at work",14 to 26 weeks worked during past 12 months,Bicycle,,,Without a disability,No,No,No,No,No,No,,18_34,True,generative,syn_t030_h0000009,syn_t030_h0000009_r002
14000US06089011703,1,61,25,2.0,2,2,2.0,2.0,,2.0,,,0,13.0,2,,,2,6.0,Reference person,Grade 10,Female,Not in labor force,,,,,Without a disability,No,No,No,No,No,No,,18_34,True,generative,syn_t030_h0000010,syn_t030_h0000010_r001
14000US06089011703,2,63,6,2.0,2,2,,2.0,,2.0,,,2,4.0,2,,,2,,Biological son or daughter,Grade 1,Female,,,,,,Without a disability,No,No,No,No,,No,,0_17,False,dependent,syn_t030_h0000010,syn_t030_h0000010_r002
14000US06089011703,3,58,1,,2,2,,,,,,,2,,2,,,2,,Biological son or daughter,,Female,,,,,,Without a disability,No,No,,,,,,0_17,False,dependent,syn_t030_h0000010,syn_t030_h0000010_r003
14000US06089011703,4,54,24,2.0,2,2,2.0,2.0,,2.0,15.0,1.0,13,13.0,1,25.0,6.0,2,1.0,Unmarried partner,Grade 10,Male,"Civilian employed, at work",less than 14 weeks worked during past 12 months,"Car, truck, or van",,,Without a disability,No,No,No,No,No,No,,18_34,True,generative,syn_t030_h0000010,syn_t030_h0000010_r004
14000US06089011703,1,12,60,2.0,1,2,2.0,2.0,,2.0,10.0,1.0,0,18.0,2,15.0,1.0,1,1.0,Reference person,"Some college, but less than 1 year",Female,"Civilian employed, at work",50 to 52 weeks worked during past 12 months,"Car, truck, or van",,,With a disability,Yes,No,No,No,No,No,,35_64,True,generative,syn_t030_h0000011,syn_t030_h0000011_r001
14000US06089011703,2,13,60,2.0,2,2,2.0,2.0,,2.0,10.0,1.0,1,21.0,1,50.0,1.0,2,1.0,Husband/wife,Bachelor's degree,Male,"Civilian employed, at work",50 to 52 weeks worked during past 12 months,"Car, truck, or van",,,Without a disability,No,No,No,No,No,No,,35_64,True,generative,syn_t030_h0000011,syn_t030_h0000011_r002
14000US06089011703,3,15,24,1.0,2,2,1.0,2.0,,1.0,,,2,21.0,1,,,1,6.0,Biological son or daughter,Bachelor's degree,Male,Not in labor force,,,,,With a disability,No,No,Yes,No,Yes,Yes,,18_34,True,generative,syn_t030_h0000011,syn_t030_h0000011_r003
14000US06089011703,1,25,45,2.0,2,2,2.0,2.0,,2.0,,,0,19.0,2,,,2,6.0,Reference person,"1 or more years of college credit, no degree",Female,Not in labor force,,,,,Without a disability,No,No,No,No,No,No,,35_64,True,generative,syn_t030_h0000012,syn_t030_h0000012_r001
14000US06089011703,2,35,25,2.0,2,2,2.0,2.0,,2.0,10.0,1.0,2,19.0,1,60.0,1.0,2,1.0,Biological son or daughter,"1 or more years of college credit, no degree",Male,"Civilian employed, at work",50 to 52 weeks worked during past 12 months,"Car, truck, or van",,,Without a disability,No,No,No,No,No,No,,18_34,True,generative,syn_t030_h0000012,syn_t030_h0000012_r002
14000US06089011703,3,48,22,2.0,2,2,2.0,2.0,,2.0,5.0,1.0,2,20.0,2,40.0,1.0,2,1.0,Biological son or daughter,Associate's degree,Female,"Civilian employed, at work",50 to 52 weeks worked during past 12 months,"Car, truck, or van",,,Without a disability,No,No,No,No,No,No,,18_34,True,generative,syn_t030_h0000012,syn_t030_h0000012_r003
14000US06089011703,1,14,69,2.0,2,1,2.0,2.0,,2.0,20.0,1.0,0,20.0,1,40.0,1.0,1,1.0,Reference person,Associate's degree,Male,"Civilian employed, at work",50 to 52 weeks worked during past 12 months,"Car, truck, or van",,,With a disability,No,Yes,No,No,No,No,,65_plus,True,generative,syn_t030_h0000013,syn_t030_h0000013_r001
14000US06089011703,1,28,62,2.0,2,2,2.0,2.0,,2.0,,,0,1.0,1,35.0,4.0,2,3.0,Reference person,No schooling completed,Male,Unemployed,27 to 39 weeks worked during past 12 months,,,,Without a disability,No,No,No,No,No,No,,35_64,True,generative,syn_t030_h0000014,syn_t030_h0000014_r001
14000US06089011703,2,36,19,2.0,2,2,2.0,2.0,,2.0,,,2,14.0,1,,,2,3.0,Biological son or daughter,Grade 11,Male,Unemployed,,,,,Without a disability,No,No,No,No,No,No,,18_34,True,generative,syn_t030_h0000014,syn_t030_h0000014_r002
14000US06089011703,3,25,17,2.0,2,2,2.0,2.0,,2.0,,,2,14.0,2,,,2,6.0,Biological son or daughter,Grade 11,Female,Not in labor force,,,,,Without a disability,No,No,No,No,No,No,,0_17,False,dependent,syn_t030_h0000014,syn_t030_h0000014_r003
14000US06089011703,4,25,16,2.0,2,2,2.0,2.0,,2.0,,,2,12.0,2,,,2,6.0,Biological son or daughter,Grade 9,Female,Not in labor force,,,,,Without a disability,No,No,No,No,No,No,,0_17,False,dependent,syn_t030_h0000014,syn_t030_h0000014_r004
14000US06089011703,1,64,30,2.0,2,2,2.0,2.0,,2.0,20.0,1.0,0,16.0,1,40.0,1.0,2,1.0,Reference person,Regular high school diploma,Male,"Civilian employed, at work",50 to 52 weeks worked during past 12 months,"Car, truck, or van",,,Without a disability,No,No,No,No,No,No,,18_34,True,generative,syn_t030_h0000015,syn_t030_h0000015_r001
14000US06089011703,1,38,31,2.0,2,2,2.0,2.0,,2.0,,,0,18.0,2,40.0,2.0,2,6.0,Reference person,"Some college, but less than 1 year",Female,Not in labor force,48 to 49 weeks worked during past 12 months,,,,Without a disability,No,No,No,No,No,No,,18_34,True,generative,syn_t030_h0000016,syn_t030_h0000016_r001
14000US06089011703,2,41,11,2.0,2,2,,2.0,,2.0,,,2,8.0,1,,,2,,Biological son or daughter,Grade 5,Male,,,,,,Without a disability,No,No,No,No,,No,,0_17,False,dependent,syn_t030_h0000016,syn_t030_h0000016_r002
14000US06089011703,3,39,3,,2,2,,,,,,,2,1.0,2,,,2,,Biological son or daughter,No schooling completed,Female,,,,,,Without a disability,No,No,,,,,,0_17,False,dependent,syn_t030_h0000016,syn_t030_h0000016_r003
14000US06089011703,1,9,77,2.0,2,2,2.0,2.0,,2.0,,,0,21.0,1,,,2,6.0,Reference person,Bachelor's degree,Male,Not in labor force,,,,,Without a disability,No,No,No,No,No,No,,65_plus,True,generative,syn_t030_h0000017,syn_t030_h0000017_r001
14000US06089011801,1,28,69,2.0,2,2,2.0,2.0,1.0,2.0,,,0,22.0,1,,,2,6.0,Reference person,Master's degree,Male,Not in labor force,,,,,Without a disability,No,No,No,No,No,No,0 percent,65_plus,True,generative,syn_t031_h0000001,syn_t031_h0000001_r001
14000US06089011801,2,25,62,2.0,2,2,2.0,2.0,,2.0,,,1,22.0,2,25.0,6.0,2,6.0,Husband/wife,Master's degree,Female,Not in labor force,less than 14 weeks worked during past 12 months,,,,Without a disability,No,No,No,No,No,No,,35_64,True,generative,syn_t031_h0000001,syn_t031_h0000001_r002
14000US06089011801,1,47,85,2.0,2,2,2.0,2.0,,2.0,,,0,14.0,1,,,2,6.0,Reference person,Grade 11,Male,Not in labor force,,,,,Without a disability,No,No,No,No,No,No,,65_plus,True,generative,syn_t031_h0000002,syn_t031_h0000002_r001
14000US06089011801,1,34,80,2.0,1,1,1.0,1.0,,2.0,,,0,16.0,2,,,1,6.0,Reference person,Regular high school diploma,Female,Not in labor force,,,,,With a disability,Yes,Yes,No,Yes,Yes,No,,65_plus,True,generative,syn_t031_h0000003,syn_t031_h0000003_r001
14000US06089011801,2,33,55,2.0,2,2,2.0,2.0,,2.0,15.0,1.0,2,19.0,2,40.0,1.0,2,1.0,Biological son or daughter,"1 or more years of college credit, no degree",Female,"Civilian employed, at work",50 to 52 weeks worked during past 12 months,"Car, truck, or van",,,Without a disability,No,No,No,No,No,No,,35_64,True,generative,syn_t031_h0000003,syn_t031_h0000003_r002
14000US06089011801,3,41,31,2.0,2,2,2.0,2.0,,2.0,15.0,1.0,7,19.0,1,40.0,3.0,2,1.0,Grandchild,"1 or more years of college credit, no degree",Male,"Civilian employed, at work",40 to 47 weeks worked during past 12 months,"Car, truck, or van",,,Without a disability,No,No,No,No,No,No,,18_34,True,generative,syn_t031_h0000003,syn_t031_h0000003_r003
14000US06089011801,4,40,30,2.0,2,2,2.0,2.0,,2.0,25.0,1.0,7,22.0,2,40.0,1.0,2,1.0,Grandchild,Master's degree,Female,"Civilian employed, at work",50 to 52 weeks worked during past 12 months,"Car, truck, or van",,,Without a disability,No,No,No,No,No,No,,18_34,True,generative,syn_t031_h0000003,syn_t031_h0000003_r004
14000US06089011801,5,40,30,2.0,2,2,2.0,2.0,,2.0,,,7,19.0,2,,,2,6.0,Grandchild,"1 or more years of college credit, no degree",Female,Not in labor force,,,,,Without a disability,No,No,No,No,No,No,,18_34,True,generative,syn_t031_h0000003,syn_t031_h0000003_r005
14000US06089011801,1,11,52,2.0,2,2,2.0,2.0,,2.0,15.0,1.0,0,18.0,2,17.0,1.0,2,1.0,Reference person,"Some college, but less than 1 year",Female,"Civilian employed, at work",50 to 52 weeks worked during past 12 months,"Car, truck, or van",,,Without a disability,No,No,No,No,No,No,,35_64,True,generative,syn_t031_h0000004,syn_t031_h0000004_r001
14000US06089011801,2,13,45,2.0,2,2,2.0,2.0,,2.0,15.0,1.0,1,20.0,1,40.0,1.0,2,1.0,Husband/wife,Associate's degree,Male,"Civilian employed, at work",50 to 52 weeks worked during past 12 months,"Car, truck, or van",,,Without a disability,No,No,No,No,No,No,,35_64,True,generative,syn_t031_h0000004,syn_t031_h0000004_r002
14000US06089011801,3,14,14,2.0,2,2,,2.0,,2.0,,,2,11.0,2,,,2,,Biological son or daughter,Grade 8,Female,,,,,,Without a disability,No,No,No,No,,No,,0_17,False,dependent,syn_t031_h0000004,syn_t031_h0000004_r003
14000US06089011801,4,13,18,2.0,2,2,2.0,2.0,,2.0,,,3,14.0,1,,,2,6.0,Adopted son or daughter,Grade 11,Male,Not in labor force,,,,,Without a disability,No,No,No,No,No,No,,18_34,True,generative,syn_t031_h0000004,syn_t031_h0000004_r004
14000US06089011801,5,13,15,2.0,2,2,2.0,2.0,,2.0,,,3,12.0,2,,,2,,Adopted son or daughter,Grade 9,Female,,,,,,Without a disability,No,No,No,No,No,No,,0_17,False,dependent,syn_t031_h0000004,syn_t031_h0000004_r005
14000US06089011801,1,74,28,2.0,2,2,2.0,2.0,,2.0,15.0,1.0,0,21.0,2,40.0,1.0,2,1.0,Reference person,Bachelor's degree,Female,"Civilian employed, at work",50 to 52 weeks worked during past 12 months,"Car, truck, or van",,,Without a disability,No,No,No,No,No,No,,18_34,True,generative,syn_t031_h0000005,syn_t031_h0000005_r001
14000US06089011801,2,65,37,2.0,2,2,2.0,2.0,,2.0,15.0,1.0,1,19.0,1,40.0,1.0,2,1.0,Husband/wife,"1 or more years of college credit, no degree",Male,"Civilian employed, at work",50 to 52 weeks worked during past 12 months,"Car, truck, or van",,,Without a disability,No,No,No,No,No,No,,35_64,True,generative,syn_t031_h0000005,syn_t031_h0000005_r002
14000US06089011801,3,65,0,,2,2,,,,,,,2,,2,,,2,,Biological son or daughter,,Female,,,,,,Without a disability,No,No,,,,,,0_17,False,dependent,syn_t031_h0000005,syn_t031_h0000005_r003
14000US06089011801,1,9,40,2.0,2,2,2.0,2.0,,2.0,5.0,1.0,0,20.0,2,36.0,1.0,2,1.0,Reference person,Associate's degree,Female,"Civilian employed, at work",50 to 52 weeks worked during past 12 months,"Car, truck, or van",,,Without a disability,No,No,No,No,No,No,,35_64,True,generative,syn_t031_h0000006,syn_t031_h0000006_r001
14000US06089011801,2,8,40,2.0,2,2,2.0,2.0,,2.0,30.0,1.0,1,17.0,1,30.0,1.0,2,1.0,Husband/wife,GED or alternative credential,Male,"Civilian employed, at work",50 to 52 weeks worked during past 12 months,"Car, truck, or van",,,Without a disability,No,No,No,No,No,No,,35_64,True,generative,syn_t031_h0000006,syn_t031_h0000006_r002
14000US06089011801,3,9,22,2.0,2,2,2.0,2.0,,2.0,,,2,16.0,1,40.0,3.0,2,3.0,Biological son or daughter,Regular high school diploma,Male,Unemployed,40 to 47 weeks worked during past 12 months,,,,Without a disability,No,No,No,No,No,No,,18_34,True,generative,syn_t031_h0000006,syn_t031_h0000006_r003
14000US06089011801,4,9,20,2.0,2,2,2.0,2.0,,2.0,15.0,1.0,2,17.0,1,15.0,4.0,2,1.0,Biological son or daughter,GED or alternative credential,Male,"Civilian employed, at work",27 to 39 weeks worked during past 12 months,"Car, truck, or van",,,Without a disability,No,No,No,No,No,No,,18_34,True,generative,syn_t031_h0000006,syn_t031_h0000006_r004
14000US06089011801,5,15,23,2.0,2,2,2.0,2.0,,2.0,20.0,1.0,9,18.0,2,45.0,5.0,2,1.0,Son-in-law or daughter-in-law,"Some college, but less than 1 year",Female,"Civilian employed, at work",14 to 26 weeks worked during past 12 months,"Car, truck, or van",,,Without a disability,No,No,No,No,No,No,,18_34,True,generative,syn_t031_h0000006,syn_t031_h0000006_r005
14000US06089011801,1,35,32,2.0,2,2,2.0,2.0,,2.0,5.0,1.0,0,18.0,1,55.0,1.0,2,1.0,Reference person,"Some college, but less than 1 year",Male,"Civilian employed, at work",50 to 52 weeks worked during past 12 months,"Car, truck, or van",,,Without a disability,No,No,No,No,No,No,,18_34,True,generative,syn_t031_h0000007,syn_t031_h0000007_r001
14000US06089011801,2,29,52,2.0,2,2,2.0,2.0,,2.0,5.0,1.0,12,18.0,1,40.0,1.0,2,1.0,Housemate or roommate,"Some college, but less than 1 year",Male,"Civilian employed, at work",50 to 52 weeks worked during past 12 months,"Car, truck, or van",,,Without a disability,No,No,No,No,No,No,,35_64,True,generative,syn_t031_h0000007,syn_t031_h0000007_r002
14000US06089011801,1,46,71,2.0,1,1,2.0,2.0,,2.0,,,0,1.0,1,,,1,6.0,Reference person,No schooling completed,Male,Not in labor force,,,,,With a disability,Yes,Yes,No,No,No,No,,65_plus,True,generative,syn_t031_h0000008,syn_t031_h0000008_r001
14000US06089011801,2,46,64,1.0,2,2,1.0,1.0,,2.0,,,10,1.0,2,,,1,6.0,Other relative,No schooling completed,Female,Not in labor force,,,,,With a disability,No,No,No,Yes,Yes,Yes,,35_64,True,generative,syn_t031_h0000008,syn_t031_h0000008_r002
14000US06089011801,1,13,46,2.0,2,2,2.0,2.0,,2.0,,11.0,0,19.0,1,40.0,1.0,2,1.0,Reference person,"1 or more years of college credit, no degree",Male,"Civilian employed, at work",50 to 52 weeks worked during past 12 months,Worked at home,,,Without a disability,No,No,No,No,No,No,,35_64,True,generative,syn_t031_h0000009,syn_t031_h0000009_r001
14000US06089011801,1,34,56,2.0,2,2,2.0,2.0,,2.0,,,0,19.0,2,,,2,6.0,Reference person,"1 or more years of college credit, no degree",Female,Not in labor force,,,,,Without a disability,No,No,No,No,No,No,,35_64,True,generative,syn_t031_h0000010,syn_t031_h0000010_r001
14000US06089011801,2,35,66,2.0,2,2,2.0,1.0,5.0,2.0,,,1,20.0,1,,,1,6.0,Husband/wife,Associate's degree,Male,Not in labor force,,,,,With a disability,No,No,No,Yes,No,No,"70, 80, 90, or 100 percent",65_plus,True,generative,syn_t031_h0000010,syn_t031_h0000010_r002
14000US06089011801,1,29,59,2.0,2,2,2.0,2.0,,2.0,,,0,21.0,1,,,2,6.0,Reference person,Bachelor's degree,Male,Not in labor force,,,,,Without a disability,No,No,No,No,No,No,,35_64,True,generative,syn_t031_h0000011,syn_t031_h0000011_r001
14000US06089011801,2,27,40,2.0,2,2,2.0,2.0,,2.0,12.0,1.0,12,18.0,2,40.0,4.0,2,1.0,Housemate or roommate,"Some college, but less than 1 year",Female,"Civilian employed, at work",27 to 39 weeks worked during past 12 months,"Car, truck, or van",,,Without a disability,No,No,No,No,No,No,,35_64,True,generative,syn_t031_h0000011,syn_t031_h0000011_r002
14000US06089011801,1,8,69,2.0,2,2,1.0,1.0,,2.0,,,0,16.0,2,,,1,6.0,Reference person,Regular high school diploma,Female,Not in labor force,,,,,With a disability,No,No,No,Yes,Yes,No,,65_plus,True,generative,syn_t031_h0000012,syn_t031_h0000012_r001
14000US06089011801,1,10,76,2.0,1,2,2.0,2.0,,2.0,,11.0,0,16.0,1,40.0,1.0,1,1.0,Reference person,Regular high school diploma,Male,"Civilian employed, at work",50 to 52 weeks worked during past 12 months,Worked at home,,,With a disability,Yes,No,No,No,No,No,,65_plus,True,generative,syn_t031_h0000013,syn_t031_h0000013_r001
14000US06089011801,2,8,75,2.0,2,2,2.0,2.0,,2.0,,11.0,1,16.0,2,40.0,1.0,2,1.0,Husband/wife,Regular high school diploma,Female,"Civilian employed, at work",50 to 52 weeks worked during past 12 months,Worked at home,,,Without a disability,No,No,No,No,No,No,,65_plus,True,generative,syn_t031_h0000013,syn_t031_h0000013_r002
14000US06089011802,1,5,50,1.0,2,2,1.0,1.0,,2.0,,,0,11.0,1,,,1,6.0,Reference person,Grade 8,Male,Not in labor force,,,,,With a disability,No,No,No,Yes,Yes,Yes,,35_64,True,generative,syn_t032_h0000001,syn_t032_h0000001_r001
14000US06089011802,2,3,52,2.0,2,2,2.0,2.0,,2.0,1.0,1.0,1,16.0,2,32.0,1.0,2,1.0,Husband/wife,Regular high school diploma,Female,"Civilian employed, at work",50 to 52 weeks worked during past 12 months,"Car, truck, or van",,,Without a disability,No,No,No,No,No,No,,35_64,True,generative,syn_t032_h0000001,syn_t032_h0000001_r002
14000US06089011802,1,10,52,2.0,2,2,2.0,2.0,,2.0,,,0,21.0,2,,,2,6.0,Reference person,Bachelor's degree,Female,Not in labor force,,,,,Without a disability,No,No,No,No,No,No,,35_64,True,generative,syn_t032_h0000002,syn_t032_h0000002_r001
14000US06089011802,2,5,54,2.0,2,2,2.0,2.0,,2.0,12.0,1.0,1,23.0,1,40.0,1.0,2,1.0,Husband/wife,Professional degree beyond a bachelor's degree,Male,"Civilian employed, at work",50 to 52 weeks worked during past 12 months,"Car, truck, or van",,,Without a disability,No,No,No,No,No,No,,35_64,True,generative,syn_t032_h0000002,syn_t032_h0000002_r002
14000US06089011802,3,11,17,2.0,2,2,2.0,2.0,,2.0,,,3,14.0,2,,,2,6.0,Adopted son or daughter,Grade 11,Female,Not in labor force,,,,,Without a disability,No,No,No,No,No,No,,0_17,False,dependent,syn_t032_h0000002,syn_t032_h0000002_r003
14000US06089011802,4,11,16,2.0,2,2,2.0,2.0,,2.0,,,3,12.0,1,,,2,6.0,Adopted son or daughter,Grade 9,Male,Not in labor force,,,,,Without a disability,No,No,No,No,No,No,,0_17,False,dependent,syn_t032_h0000002,syn_t032_h0000002_r004
14000US06089011802,5,23,18,2.0,2,2,2.0,2.0,,2.0,,,15,13.0,1,,,2,6.0,Other nonrelative,Grade 10,Male,Not in labor force,,,,,Without a disability,No,No,No,No,No,No,,18_34,True,generative,syn_t032_h0000002,syn_t032_h0000002_r005
14000US06089011802,6,10,17,2.0,2,2,2.0,2.0,,2.0,,,15,13.0,1,,,2,6.0,Other nonrelative,Grade 10,Male,Not in labor force,,,,,Without a disability,No,No,No,No,No,No,,0_17,False,dependent,syn_t032_h0000002,syn_t032_h0000002_r006
14000US06089011802,1,45,41,2.0,2,2,2.0,2.0,,2.0,40.0,1.0,0,19.0,1,40.0,5.0,2,1.0,Reference person,"1 or more years of college credit, no degree",Male,"Civilian employed, at work",14 to 26 weeks worked during past 12 months,"Car, truck, or van",,,Without a disability,No,No,No,No,No,No,,35_64,True,generative,syn_t032_h0000003,syn_t032_h0000003_r001
14000US06089011802,2,48,37,2.0,2,2,2.0,2.0,,2.0,30.0,1.0,1,19.0,2,40.0,1.0,2,1.0,Husband/wife,"1 or more years of college credit, no degree",Female,"Civilian employed, at work",50 to 52 weeks worked during past 12 months,"Car, truck, or van",,,Without a disability,No,No,No,No,No,No,,35_64,True,generative,syn_t032_h0000003,syn_t032_h0000003_r002
14000US06089011802,3,56,9,2.0,2,2,,2.0,,2.0,,,2,5.0,1,,,2,,Biological son or daughter,Grade 2,Male,,,,,,Without a disability,No,No,No,No,,No,,0_17,False,dependent,syn_t032_h0000003,syn_t032_h0000003_r003
14000US06089011802,1,14,45,2.0,2,2,2.0,2.0,,2.0,15.0,1.0,0,16.0,2,40.0,1.0,2,1.0,Reference person,Regular high school diploma,Female,"Civilian employed, at work",50 to 52 weeks worked during past 12 months,"Car, truck, or van",,,Without a disability,No,No,No,No,No,No,,35_64,True,generative,syn_t032_h0000004,syn_t032_h0000004_r001
14000US06089011802,2,14,14,2.0,2,2,,2.0,,2.0,,,2,11.0,1,,,2,,Biological son or daughter,Grade 8,Male,,,,,,Without a disability,No,No,No,No,,No,,0_17,False,dependent,syn_t032_h0000004,syn_t032_h0000004_r002
14000US06089011802,1,68,59,2.0,2,2,2.0,2.0,,2.0,75.0,1.0,0,21.0,2,40.0,1.0,2,1.0,Reference person,Bachelor's degree,Female,"Civilian employed, at work",50 to 52 weeks worked during past 12 months,"Car, truck, or van",,,Without a disability,No,No,No,No,No,No,,35_64,True,generative,syn_t032_h0000005,syn_t032_h0000005_r001
14000US06089011802,2,54,68,2.0,2,2,2.0,2.0,,2.0,,,1,16.0,1,,,2,6.0,Husband/wife,Regular high school diploma,Male,Not in labor force,,,,,Without a disability,No,No,No,No,No,No,,65_plus,True,generative,syn_t032_h0000005,syn_t032_h0000005_r002
14000US06089011802,3,62,15,2.0,2,2,2.0,2.0,,2.0,,,7,11.0,1,,,2,,Grandchild,Grade 8,Male,,,,,,Without a disability,No,No,No,No,No,No,,0_17,False,dependent,syn_t032_h0000005,syn_t032_h0000005_r003
14000US06089011802,4,61,38,2.0,2,2,2.0,2.0,,2.0,20.0,1.0,15,16.0,2,40.0,1.0,2,1.0,Other nonrelative,Regular high school diploma,Female,"Civilian employed, at work",50 to 52 weeks worked during past 12 months,"Car, truck, or van",,,Without a disability,No,No,No,No,No,No,,35_64,True,generative,syn_t032_h0000005,syn_t032_h0000005_r004
14000US06089011802,1,46,57,2.0,2,2,2.0,2.0,,2.0,,,0,20.0,2,,,2,6.0,Reference person,Associate's degree,Female,Not in labor force,,,,,Without a disability,No,No,No,No,No,No,,35_64,True,generative,syn_t032_h0000006,syn_t032_h0000006_r001
14000US06089011802,2,44,61,2.0,1,2,2.0,2.0,,2.0,10.0,1.0,1,20.0,1,24.0,1.0,1,1.0,Husband/wife,Associate's degree,Male,"Civilian employed, at work",50 to 52 weeks worked during past 12 months,"Car, truck, or van",,,With a disability,Yes,No,No,No,No,No,,35_64,True,generative,syn_t032_h0000006,syn_t032_h0000006_r002
14000US06089011802,1,22,34,2.0,2,2,2.0,2.0,3.0,2.0,20.0,1.0,0,18.0,1,60.0,1.0,2,1.0,Reference person,"Some college, but less than 1 year",Male,"Civilian employed, at work",50 to 52 weeks worked during past 12 months,"Car, truck, or van",,,Without a disability,No,No,No,No,No,No,30 or 40 percent,18_34,True,generative,syn_t032_h0000007,syn_t032_h0000007_r001
14000US06089011802,2,17,30,2.0,2,2,2.0,2.0,,2.0,30.0,1.0,1,19.0,2,25.0,3.0,2,1.0,Husband/wife,"1 or more years of college credit, no degree",Female,"Civilian employed, at work",40 to 47 weeks worked during past 12 months,"Car, truck, or van",,,Without a disability,No,No,No,No,No,No,,18_34,True,generative,syn_t032_h0000007,syn_t032_h0000007_r002
14000US06089011802,3,22,11,2.0,2,2,,2.0,,2.0,,,2,8.0,1,,,2,,Biological son or daughter,Grade 5,Male,,,,,,Without a disability,No,No,No,No,,No,,0_17,False,dependent,syn_t032_h0000007,syn_t032_h0000007_r003
14000US06089011802,4,25,7,2.0,2,2,,2.0,,2.0,,,2,4.0,2,,,2,,Biological son or daughter,Grade 1,Female,,,,,,Without a disability,No,No,No,No,,No,,0_17,False,dependent,syn_t032_h0000007,syn_t032_h0000007_r004
14000US06089011802,1,35,29,2.0,2,2,2.0,2.0,3.0,2.0,20.0,1.0,0,19.0,1,35.0,1.0,2,1.0,Reference person,"1 or more years of college credit, no degree",Male,"Civilian employed, at work",50 to 52 weeks worked during past 12 months,"Car, truck, or van",,,Without a disability,No,No,No,No,No,No,30 or 40 percent,18_34,True,generative,syn_t032_h0000008,syn_t032_h0000008_r001
14000US06089011802,2,28,28,2.0,2,2,2.0,2.0,,2.0,,,1,19.0,2,,,2,6.0,Husband/wife,"1 or more years of college credit, no degree",Female,Not in labor force,,,,,Without a disability,No,No,No,No,No,No,,18_34,True,generative,syn_t032_h0000008,syn_t032_h0000008_r002
14000US06089011802,3,30,6,2.0,2,2,,2.0,,2.0,,,2,2.0,1,,,2,,Biological son or daughter,"Nursery school, preschool",Male,,,,,,Without a disability,No,No,No,No,,No,,0_17,False,dependent,syn_t032_h0000008,syn_t032_h0000008_r003
14000US06089011802,4,32,3,,2,2,,,,,,,2,1.0,1,,,2,,Biological son or daughter,No schooling completed,Male,,,,,,Without a disability,No,No,,,,,,0_17,False,dependent,syn_t032_h0000008,syn_t032_h0000008_r004
14000US06089011802,5,32,0,,2,2,,,,,,,2,,1,,,2,,Biological son or daughter,,Male,,,,,,Without a disability,No,No,,,,,,0_17,False,dependent,syn_t032_h0000008,syn_t032_h0000008_r005
14000US06089011802,1,42,25,2.0,2,2,2.0,2.0,,2.0,,,0,19.0,1,56.0,2.0,2,6.0,Reference person,"1 or more years of college credit, no degree",Male,Not in labor force,48 to 49 weeks worked during past 12 months,,,,Without a disability,No,No,No,No,No,No,,18_34,True,generative,syn_t032_h0000009,syn_t032_h0000009_r001
14000US06089011802,2,44,27,2.0,2,2,2.0,2.0,,2.0,15.0,1.0,5,16.0,1,40.0,1.0,2,1.0,Brother or sister,Regular high school diploma,Male,"Civilian employed, at work",50 to 52 weeks worked during past 12 months,"Car, truck, or van",,,Without a disability,No,No,No,No,No,No,,18_34,True,generative,syn_t032_h0000009,syn_t032_h0000009_r002
14000US06089011802,1,41,45,2.0,2,2,2.0,2.0,,2.0,,,0,19.0,1,55.0,1.0,2,2.0,Reference person,"1 or more years of college credit, no degree",Male,"Civilian employed, with a job but not at work",50 to 52 weeks worked during past 12 months,,,,Without a disability,No,No,No,No,No,No,,35_64,True,generative,syn_t032_h0000010,syn_t032_h0000010_r001
14000US06089011802,2,54,11,2.0,2,2,,2.0,,2.0,,,2,8.0,2,,,2,,Biological son or daughter,Grade 5,Female,,,,,,Without a disability,No,No,No,No,,No,,0_17,False,dependent,syn_t032_h0000010,syn_t032_h0000010_r002
14000US06089011802,1,15,44,2.0,2,2,2.0,2.0,,2.0,5.0,1.0,0,15.0,1,40.0,1.0,2,1.0,Reference person,12th grade - no diploma,Male,"Civilian employed, at work",50 to 52 weeks worked during past 12 months,"Car, truck, or van",,,Without a disability,No,No,No,No,No,No,,35_64,True,generative,syn_t032_h0000011,syn_t032_h0000011_r001
14000US06089011802,2,14,14,2.0,2,2,,2.0,,2.0,,,2,12.0,2,,,2,,Biological son or daughter,Grade 9,Female,,,,,,Without a disability,No,No,No,No,,No,,0_17,False,dependent,syn_t032_h0000011,syn_t032_h0000011_r002
14000US06089011802,3,13,13,2.0,2,2,,2.0,,2.0,,,2,9.0,2,,,2,,Biological son or daughter,Grade 6,Female,,,,,,Without a disability,No,No,No,No,,No,,0_17,False,dependent,syn_t032_h0000011,syn_t032_h0000011_r003
14000US06089011802,1,12,59,2.0,2,2,2.0,2.0,,2.0,15.0,1.0,0,19.0,1,40.0,3.0,2,1.0,Reference person,"1 or more years of college credit, no degree",Male,"Civilian employed, at work",40 to 47 weeks worked during past 12 months,"Car, truck, or van",,,Without a disability,No,No,No,No,No,No,,35_64,True,generative,syn_t032_h0000012,syn_t032_h0000012_r001
14000US06089011802,2,11,56,2.0,2,2,2.0,2.0,,2.0,30.0,1.0,1,19.0,2,40.0,3.0,2,1.0,Husband/wife,"1 or more years of college credit, no degree",Female,"Civilian employed, at work",40 to 47 weeks worked during past 12 months,"Car, truck, or van",,,Without a disability,No,No,No,No,No,No,,35_64,True,generative,syn_t032_h0000012,syn_t032_h0000012_r002
14000US06089011802,1,80,22,2.0,2,2,2.0,2.0,,2.0,30.0,1.0,0,16.0,2,40.0,1.0,2,1.0,Reference person,Regular high school diploma,Female,"Civilian employed, at work",50 to 52 weeks worked during past 12 months,"Car, truck, or van",,,Without a disability,No,No,No,No,No,No,,18_34,True,generative,syn_t032_h0000013,syn_t032_h0000013_r001
14000US06089011802,2,66,4,,2,2,,,,,,,2,1.0,1,,,2,,Biological son or daughter,No schooling completed,Male,,,,,,Without a disability,No,No,,,,,,0_17,False,dependent,syn_t032_h0000013,syn_t032_h0000013_r002
14000US06089011802,3,83,0,,2,2,,,,,,,2,,2,,,2,,Biological son or daughter,,Female,,,,,,Without a disability,No,No,,,,,,0_17,False,dependent,syn_t032_h0000013,syn_t032_h0000013_r003
14000US06089011802,4,83,29,2.0,2,2,2.0,2.0,,2.0,20.0,1.0,13,16.0,1,40.0,1.0,2,1.0,Unmarried partner,Regular high school diploma,Male,"Civilian employed, at work",50 to 52 weeks worked during past 12 months,"Car, truck, or van",,,Without a disability,No,No,No,No,No,No,,18_34,True,generative,syn_t032_h0000013,syn_t032_h0000013_r004
14000US06089011802,1,11,64,2.0,2,2,2.0,2.0,,2.0,15.0,1.0,0,23.0,1,45.0,1.0,2,1.0,Reference person,Professional degree beyond a bachelor's degree,Male,"Civilian employed, at work",50 to 52 weeks worked during past 12 months,"Car, truck, or van",,,Without a disability,No,No,No,No,No,No,,35_64,True,generative,syn_t032_h0000014,syn_t032_h0000014_r001
14000US06089011802,2,11,60,2.0,2,2,2.0,2.0,,2.0,,,1,23.0,2,25.0,6.0,2,3.0,Husband/wife,Professional degree beyond a bachelor's degree,Female,Unemployed,less than 14 weeks worked during past 12 months,,,,Without a disability,No,No,No,No,No,No,,35_64,True,generative,syn_t032_h0000014,syn_t032_h0000014_r002
14000US06089011803,1,18,66,2.0,2,2,2.0,2.0,,2.0,15.0,10.0,0,19.0,2,29.0,4.0,2,1.0,Reference person,"1 or more years of college credit, no degree",Female,"Civilian employed, at work",27 to 39 weeks worked during past 12 months,Walked,,,Without a disability,No,No,No,No,No,No,,65_plus,True,generative,syn_t033_h0000001,syn_t033_h0000001_r001
14000US06089011803,2,19,24,2.0,2,2,2.0,2.0,,2.0,,,2,16.0,1,,,2,6.0,Biological son or daughter,Regular high school diploma,Male,Not in labor force,,,,,Without a disability,No,No,No,No,No,No,,18_34,True,generative,syn_t033_h0000001,syn_t033_h0000001_r002
14000US06089011803,1,12,73,2.0,2,2,2.0,2.0,,2.0,,,0,20.0,1,,,2,6.0,Reference person,Associate's degree,Male,Not in labor force,,,,,Without a disability,No,No,No,No,No,No,,65_plus,True,generative,syn_t033_h0000002,syn_t033_h0000002_r001
14000US06089011803,2,12,73,2.0,1,2,2.0,1.0,,2.0,,,1,22.0,2,,,1,6.0,Husband/wife,Master's degree,Female,Not in labor force,,,,,With a disability,Yes,No,No,Yes,No,No,,65_plus,True,generative,syn_t033_h0000002,syn_t033_h0000002_r002
14000US06089011803,3,21,94,2.0,2,2,2.0,2.0,,2.0,,,6,16.0,2,,,2,6.0,Father or mother,Regular high school diploma,Female,Not in labor force,,,,,Without a disability,No,No,No,No,No,No,,65_plus,True,generative,syn_t033_h0000002,syn_t033_h0000002_r003
14000US06089011803,1,20,29,2.0,2,2,2.0,2.0,,2.0,10.0,1.0,0,20.0,1,60.0,1.0,2,1.0,Reference person,Associate's degree,Male,"Civilian employed, at work",50 to 52 weeks worked during past 12 months,"Car, truck, or van",,,Without a disability,No,No,No,No,No,No,,18_34,True,generative,syn_t033_h0000003,syn_t033_h0000003_r001
14000US06089011803,2,18,28,2.0,2,2,2.0,2.0,,2.0,5.0,1.0,13,20.0,2,25.0,4.0,2,1.0,Unmarried partner,Associate's degree,Female,"Civilian employed, at work",27 to 39 weeks worked during past 12 months,"Car, truck, or van",,,Without a disability,No,No,No,No,No,No,,18_34,True,generative,syn_t033_h0000003,syn_t033_h0000003_r002
14000US06089011803,1,34,56,2.0,2,2,2.0,2.0,,2.0,,,0,19.0,2,,,2,6.0,Reference person,"1 or more years of college credit, no degree",Female,Not in labor force,,,,,Without a disability,No,No,No,No,No,No,,35_64,True,generative,syn_t033_h0000004,syn_t033_h0000004_r001
14000US06089011803,2,21,56,2.0,2,2,2.0,2.0,,2.0,29.0,1.0,1,18.0,1,50.0,1.0,2,1.0,Husband/wife,"Some college, but less than 1 year",Male,"Civilian employed, at work",50 to 52 weeks worked during past 12 months,"Car, truck, or van",,,Without a disability,No,No,No,No,No,No,,35_64,True,generative,syn_t033_h0000004,syn_t033_h0000004_r002
14000US06089011803,3,39,79,2.0,2,2,2.0,1.0,,2.0,,,6,15.0,2,,,1,6.0,Father or mother,12th grade - no diploma,Female,Not in labor force,,,,,With a disability,No,No,No,Yes,No,No,,65_plus,True,generative,syn_t033_h0000004,syn_t033_h0000004_r003
14000US06089011803,1,13,73,2.0,2,2,2.0,2.0,,2.0,,,0,15.0,1,,,2,6.0,Reference person,12th grade - no diploma,Male,Not in labor force,,,,,Without a disability,No,No,No,No,No,No,,65_plus,True,generative,syn_t033_h0000005,syn_t033_h0000005_r001
14000US06089011803,1,25,44,2.0,2,2,2.0,2.0,,2.0,20.0,1.0,0,19.0,2,40.0,1.0,2,1.0,Reference person,"1 or more years of college credit, no degree",Female,"Civilian employed, at work",50 to 52 weeks worked during past 12 months,"Car, truck, or van",,,Without a disability,No,No,No,No,No,No,,35_64,True,generative,syn_t033_h0000006,syn_t033_h0000006_r001
14000US06089011803,2,22,52,2.0,2,2,2.0,2.0,,2.0,11.0,1.0,1,19.0,1,65.0,1.0,2,1.0,Husband/wife,"1 or more years of college credit, no degree",Male,"Civilian employed, at work",50 to 52 weeks worked during past 12 months,"Car, truck, or van",,,Without a disability,No,No,No,No,No,No,,35_64,True,generative,syn_t033_h0000006,syn_t033_h0000006_r002
14000US06089011803,1,22,59,2.0,2,2,2.0,2.0,,2.0,30.0,1.0,0,22.0,1,36.0,3.0,2,1.0,Reference person,Master's degree,Male,"Civilian employed, at work",40 to 47 weeks worked during past 12 months,"Car, truck, or van",,,Without a disability,No,No,No,No,No,No,,35_64,True,generative,syn_t033_h0000007,syn_t033_h0000007_r001
14000US06089011803,2,16,66,2.0,2,2,2.0,2.0,,2.0,,11.0,1,16.0,2,12.0,1.0,2,1.0,Husband/wife,Regular high school diploma,Female,"Civilian employed, at work",50 to 52 weeks worked during past 12 months,Worked at home,,,Without a disability,No,No,No,No,No,No,,65_plus,True,generative,syn_t033_h0000007,syn_t033_h0000007_r002
14000US06089011803,1,29,50,2.0,2,2,2.0,2.0,,2.0,15.0,1.0,0,16.0,1,40.0,1.0,2,1.0,Reference person,Regular high school diploma,Male,"Civilian employed, at work",50 to 52 weeks worked during past 12 months,"Car, truck, or van",,,Without a disability,No,No,No,No,No,No,,35_64,True,generative,syn_t033_h0000008,syn_t033_h0000008_r001
14000US06089011803,2,47,21,2.0,2,2,2.0,2.0,,2.0,,,5,16.0,1,,,2,6.0,Brother or sister,Regular high school diploma,Male,Not in labor force,,,,,Without a disability,No,No,No,No,No,No,,18_34,True,generative,syn_t033_h0000008,syn_t033_h0000008_r002
14000US06089011803,3,46,21,2.0,2,2,2.0,2.0,,2.0,10.0,10.0,5,16.0,1,40.0,1.0,2,1.0,Brother or sister,Regular high school diploma,Male,"Civilian employed, at work",50 to 52 weeks worked during past 12 months,Walked,,,Without a disability,No,No,No,No,No,No,,18_34,True,generative,syn_t033_h0000008,syn_t033_h0000008_r003
14000US06089011803,4,48,46,2.0,2,2,2.0,2.0,,2.0,10.0,10.0,10,16.0,1,40.0,1.0,2,1.0,Other relative,Regular high school diploma,Male,"Civilian employed, at work",50 to 52 weeks worked during past 12 months,Walked,,,Without a disability,No,No,No,No,No,No,,35_64,True,generative,syn_t033_h0000008,syn_t033_h0000008_r004
14000US06089011803,1,42,59,2.0,2,2,2.0,2.0,,2.0,,,0,14.0,1,,,2,6.0,Reference person,Grade 11,Male,Not in labor force,,,,,Without a disability,No,No,No,No,No,No,,35_64,True,generative,syn_t033_h0000009,syn_t033_h0000009_r001
14000US06089011803,2,46,56,2.0,2,2,2.0,2.0,,2.0,35.0,1.0,1,14.0,2,45.0,1.0,2,1.0,Husband/wife,Grade 11,Female,"Civilian employed, at work",50 to 52 weeks worked during past 12 months,"Car, truck, or van",,,Without a disability,No,No,No,No,No,No,,35_64,True,generative,syn_t033_h0000009,syn_t033_h0000009_r002
14000US06089011803,3,59,80,1.0,1,1,1.0,1.0,,1.0,,,8,16.0,2,,,1,6.0,Parent-in-law,Regular high school diploma,Female,Not in labor force,,,,,With a disability,Yes,Yes,Yes,Yes,Yes,Yes,,65_plus,True,generative,syn_t033_h0000009,syn_t033_h0000009_r003
14000US06089011803,1,18,18,2.0,2,2,2.0,2.0,,2.0,,,0,15.0,1,,,2,6.0,Reference person,12th grade - no diploma,Male,Not in labor force,,,,,Without a disability,No,No,No,No,No,No,,18_34,True,generative,syn_t033_h0000010,syn_t033_h0000010_r001
14000US06089011803,2,15,40,2.0,2,2,2.0,2.0,,2.0,30.0,1.0,6,15.0,2,30.0,1.0,2,1.0,Father or mother,12th grade - no diploma,Female,"Civilian employed, at work",50 to 52 weeks worked during past 12 months,"Car, truck, or van",,,Without a disability,No,No,No,No,No,No,,35_64,True,generative,syn_t033_h0000010,syn_t033_h0000010_r002
14000US06089011803,3,14,45,2.0,2,2,2.0,2.0,,2.0,20.0,1.0,8,20.0,1,35.0,5.0,2,1.0,Parent-in-law,Associate's degree,Male,"Civilian employed, at work",14 to 26 weeks worked during past 12 months,"Car, truck, or van",,,Without a disability,No,No,No,No,No,No,,35_64,True,generative,syn_t033_h0000010,syn_t033_h0000010_r003
14000US06089011803,4,14,74,2.0,2,2,2.0,2.0,,2.0,30.0,1.0,10,15.0,2,10.0,1.0,2,1.0,Other relative,12th grade - no diploma,Female,"Civilian employed, at work",50 to 52 weeks worked during past 12 months,"Car, truck, or van",,,Without a disability,No,No,No,No,No,No,,65_plus,True,generative,syn_t033_h0000010,syn_t033_h0000010_r004
14000US06089011803,1,13,76,2.0,1,2,2.0,2.0,,2.0,,,0,20.0,1,,,1,6.0,Reference person,Associate's degree,Male,Not in labor force,,,,,With a disability,Yes,No,No,No,No,No,,65_plus,True,generative,syn_t033_h0000011,syn_t033_h0000011_r001
14000US06089011803,1,14,40,2.0,2,2,2.0,2.0,,2.0,10.0,1.0,0,23.0,1,50.0,1.0,2,1.0,Reference person,Professional degree beyond a bachelor's degree,Male,"Civilian employed, at work",50 to 52 weeks worked during past 12 months,"Car, truck, or van",,,Without a disability,No,No,No,No,No,No,,35_64,True,generative,syn_t033_h0000012,syn_t033_h0000012_r001
14000US06089011803,2,10,32,2.0,2,2,2.0,2.0,,2.0,15.0,1.0,1,23.0,2,50.0,1.0,2,1.0,Husband/wife,Professional degree beyond a bachelor's degree,Female,"Civilian employed, at work",50 to 52 weeks worked during past 12 months,"Car, truck, or van",,,Without a disability,No,No,No,No,No,No,,18_34,True,generative,syn_t033_h0000012,syn_t033_h0000012_r002
14000US06089011803,3,13,1,,2,2,,,,,,,2,,1,,,2,,Biological son or daughter,,Male,,,,,,Without a disability,No,No,,,,,,0_17,False,dependent,syn_t033_h0000012,syn_t033_h0000012_r003
14000US06089011803,1,12,61,2.0,2,2,2.0,2.0,,2.0,,,0,21.0,2,,,2,6.0,Reference person,Bachelor's degree,Female,Not in labor force,,,,,Without a disability,No,No,No,No,No,No,,35_64,True,generative,syn_t033_h0000013,syn_t033_h0000013_r001
14000US06089011803,2,10,64,2.0,2,2,2.0,2.0,,2.0,,,1,16.0,1,,,2,6.0,Husband/wife,Regular high school diploma,Male,Not in labor force,,,,,Without a disability,No,No,No,No,No,No,,35_64,True,generative,syn_t033_h0000013,syn_t033_h0000013_r002
14000US06089011803,1,33,57,2.0,2,1,2.0,2.0,,2.0,,,0,20.0,1,,,1,6.0,Reference person,Associate's degree,Male,Not in labor force,,,,,With a disability,No,Yes,No,No,No,No,,35_64,True,generative,syn_t033_h0000014,syn_t033_h0000014_r001
14000US06089011803,2,43,24,2.0,2,2,2.0,2.0,,2.0,,,2,19.0,1,,,2,6.0,Biological son or daughter,"1 or more years of college credit, no degree",Male,Not in labor force,,,,,Without a disability,No,No,No,No,No,No,,18_34,True,generative,syn_t033_h0000014,syn_t033_h0000014_r002
14000US06089011803,3,70,21,2.0,2,2,2.0,2.0,,2.0,,,2,19.0,2,,,2,6.0,Biological son or daughter,"1 or more years of college credit, no degree",Female,Not in labor force,,,,,Without a disability,No,No,No,No,No,No,,18_34,True,generative,syn_t033_h0000014,syn_t033_h0000014_r003
14000US06089011803,4,47,16,2.0,2,2,2.0,2.0,,2.0,,,2,13.0,2,,,2,6.0,Biological son or daughter,Grade 10,Female,Not in labor force,,,,,Without a disability,No,No,No,No,No,No,,0_17,False,dependent,syn_t033_h0000014,syn_t033_h0000014_r004
14000US06089011803,1,76,40,2.0,2,2,2.0,2.0,,2.0,15.0,1.0,0,20.0,1,40.0,1.0,2,1.0,Reference person,Associate's degree,Male,"Civilian employed, at work",50 to 52 weeks worked during past 12 months,"Car, truck, or van",,,Without a disability,No,No,No,No,No,No,,35_64,True,generative,syn_t033_h0000015,syn_t033_h0000015_r001
14000US06089011900,1,56,34,2.0,2,2,2.0,2.0,,2.0,15.0,1.0,0,21.0,2,40.0,1.0,2,1.0,Reference person,Bachelor's degree,Female,"Civilian employed, at work",50 to 52 weeks worked during past 12 months,"Car, truck, or van",,,Without a disability,No,No,No,No,No,No,,18_34,True,generative,syn_t034_h0000001,syn_t034_h0000001_r001
14000US06089011900,2,59,14,2.0,2,2,,2.0,,2.0,,,2,11.0,2,,,2,,Biological son or daughter,Grade 8,Female,,,,,,Without a disability,No,No,No,No,,No,,0_17,False,dependent,syn_t034_h0000001,syn_t034_h0000001_r002
14000US06089011900,3,59,10,2.0,2,2,,2.0,,2.0,,,2,8.0,2,,,2,,Biological son or daughter,Grade 5,Female,,,,,,Without a disability,No,No,No,No,,No,,0_17,False,dependent,syn_t034_h0000001,syn_t034_h0000001_r003
14000US06089011900,4,59,5,2.0,2,2,,2.0,,2.0,,,2,2.0,2,,,2,,Biological son or daughter,"Nursery school, preschool",Female,,,,,,Without a disability,No,No,No,No,,No,,0_17,False,dependent,syn_t034_h0000001,syn_t034_h0000001_r004
14000US06089011900,5,65,35,2.0,2,2,2.0,2.0,,2.0,,11.0,13,16.0,1,40.0,1.0,2,1.0,Unmarried partner,Regular high school diploma,Male,"Civilian employed, at work",50 to 52 weeks worked during past 12 months,Worked at home,,,Without a disability,No,No,No,No,No,No,,35_64,True,generative,syn_t034_h0000001,syn_t034_h0000001_r005
14000US06089011900,1,11,71,2.0,1,1,1.0,1.0,,2.0,,,0,16.0,2,,,1,6.0,Reference person,Regular high school diploma,Female,Not in labor force,,,,,With a disability,Yes,Yes,No,Yes,Yes,No,,65_plus,True,generative,syn_t034_h0000002,syn_t034_h0000002_r001
14000US06089011900,2,11,68,2.0,2,2,2.0,1.0,,2.0,,,1,12.0,1,,,1,6.0,Husband/wife,Grade 9,Male,Not in labor force,,,,,With a disability,No,No,No,Yes,No,No,,65_plus,True,generative,syn_t034_h0000002,syn_t034_h0000002_r002
14000US06089011900,1,16,67,2.0,2,2,2.0,2.0,,2.0,35.0,1.0,0,23.0,1,35.0,3.0,2,1.0,Reference person,Professional degree beyond a bachelor's degree,Male,"Civilian employed, at work",40 to 47 weeks worked during past 12 months,"Car, truck, or van",,,Without a disability,No,No,No,No,No,No,,65_plus,True,generative,syn_t034_h0000003,syn_t034_h0000003_r001
14000US06089011900,2,20,61,2.0,2,2,2.0,2.0,,2.0,35.0,1.0,1,16.0,2,32.0,1.0,2,1.0,Husband/wife,Regular high school diploma,Female,"Civilian employed, at work",50 to 52 weeks worked during past 12 months,"Car, truck, or van",,,Without a disability,No,No,No,No,No,No,,35_64,True,generative,syn_t034_h0000003,syn_t034_h0000003_r002
14000US06089011900,1,10,47,2.0,2,2,2.0,2.0,,2.0,20.0,1.0,0,20.0,1,72.0,1.0,2,1.0,Reference person,Associate's degree,Male,"Civilian employed, at work",50 to 52 weeks worked during past 12 months,"Car, truck, or van",,,Without a disability,No,No,No,No,No,No,,35_64,True,generative,syn_t034_h0000004,syn_t034_h0000004_r001
14000US06089011900,2,11,39,2.0,2,2,2.0,2.0,,2.0,,,1,19.0,2,,,2,3.0,Husband/wife,"1 or more years of college credit, no degree",Female,Unemployed,,,,,Without a disability,No,No,No,No,No,No,,35_64,True,generative,syn_t034_h0000004,syn_t034_h0000004_r002
14000US06089011900,3,13,19,2.0,2,2,2.0,2.0,,2.0,20.0,1.0,2,18.0,2,16.0,1.0,2,1.0,Biological son or daughter,"Some college, but less than 1 year",Female,"Civilian employed, at work",50 to 52 weeks worked during past 12 months,"Car, truck, or van",,,Without a disability,No,No,No,No,No,No,,18_34,True,generative,syn_t034_h0000004,syn_t034_h0000004_r003
14000US06089011900,4,20,14,2.0,2,2,,2.0,,2.0,,,2,11.0,2,,,2,,Biological son or daughter,Grade 8,Female,,,,,,Without a disability,No,No,No,No,,No,,0_17,False,dependent,syn_t034_h0000004,syn_t034_h0000004_r004
14000US06089011900,1,25,66,2.0,1,2,2.0,2.0,,2.0,75.0,1.0,0,23.0,1,40.0,1.0,1,1.0,Reference person,Professional degree beyond a bachelor's degree,Male,"Civilian employed, at work",50 to 52 weeks worked during past 12 months,"Car, truck, or van",,,With a disability,Yes,No,No,No,No,No,,65_plus,True,generative,syn_t034_h0000005,syn_t034_h0000005_r001
14000US06089011900,2,27,69,2.0,2,2,2.0,2.0,,2.0,75.0,1.0,1,20.0,2,40.0,1.0,2,1.0,Husband/wife,Associate's degree,Female,"Civilian employed, at work",50 to 52 weeks worked during past 12 months,"Car, truck, or van",,,Without a disability,No,No,No,No,No,No,,65_plus,True,generative,syn_t034_h0000005,syn_t034_h0000005_r002
14000US06089011900,1,43,44,2.0,2,2,2.0,2.0,,2.0,10.0,1.0,0,18.0,1,30.0,1.0,2,1.0,Reference person,"Some college, but less than 1 year",Male,"Civilian employed, at work",50 to 52 weeks worked during past 12 months,"Car, truck, or van",,,Without a disability,No,No,No,No,No,No,,35_64,True,generative,syn_t034_h0000006,syn_t034_h0000006_r001
14000US06089011900,2,82,7,2.0,2,2,,2.0,,2.0,,,2,4.0,1,,,2,,Biological son or daughter,Grade 1,Male,,,,,,Without a disability,No,No,No,No,,No,,0_17,False,dependent,syn_t034_h0000006,syn_t034_h0000006_r002
14000US06089011900,3,83,6,2.0,2,2,,2.0,,2.0,,,2,3.0,2,,,2,,Biological son or daughter,Kindergarten,Female,,,,,,Without a disability,No,No,No,No,,No,,0_17,False,dependent,syn_t034_h0000006,syn_t034_h0000006_r003
14000US06089011900,4,105,3,,2,2,,,,,,,2,2.0,2,,,2,,Biological son or daughter,"Nursery school, preschool",Female,,,,,,Without a disability,No,No,,,,,,0_17,False,dependent,syn_t034_h0000006,syn_t034_h0000006_r004
14000US06089011900,5,43,25,2.0,2,2,2.0,2.0,,2.0,5.0,1.0,13,21.0,2,30.0,1.0,2,1.0,Unmarried partner,Bachelor's degree,Female,"Civilian employed, at work",50 to 52 weeks worked during past 12 months,"Car, truck, or van",,,Without a disability,No,No,No,No,No,No,,18_34,True,generative,syn_t034_h0000006,syn_t034_h0000006_r005
14000US06089011900,1,18,72,2.0,2,2,2.0,2.0,,2.0,,,0,20.0,2,,,2,6.0,Reference person,Associate's degree,Female,Not in labor force,,,,,Without a disability,No,No,No,No,No,No,,65_plus,True,generative,syn_t034_h0000007,syn_t034_h0000007_r001
14000US06089011900,2,25,38,2.0,2,2,2.0,2.0,,2.0,15.0,1.0,12,21.0,1,40.0,1.0,2,1.0,Housemate or roommate,Bachelor's degree,Male,"Civilian employed, at work",50 to 52 weeks worked during past 12 months,"Car, truck, or van",,,Without a disability,No,No,No,No,No,No,,35_64,True,generative,syn_t034_h0000007,syn_t034_h0000007_r002
14000US06089011900,1,13,30,2.0,2,2,2.0,2.0,,2.0,45.0,1.0,0,17.0,2,40.0,1.0,2,1.0,Reference person,GED or alternative credential,Female,"Civilian employed, at work",50 to 52 weeks worked during past 12 months,"Car, truck, or van",,,Without a disability,No,No,No,No,No,No,,18_34,True,generative,syn_t034_h0000008,syn_t034_h0000008_r001
14000US06089011900,2,10,36,2.0,2,2,2.0,2.0,,2.0,20.0,1.0,1,21.0,1,40.0,1.0,2,1.0,Husband/wife,Bachelor's degree,Male,"Civilian employed, at work",50 to 52 weeks worked during past 12 months,"Car, truck, or van",,,Without a disability,No,No,No,No,No,No,,35_64,True,generative,syn_t034_h0000008,syn_t034_h0000008_r002
14000US06089011900,3,12,8,2.0,2,2,,2.0,,2.0,,,2,6.0,2,,,2,,Biological son or daughter,Grade 3,Female,,,,,,Without a disability,No,No,No,No,,No,,0_17,False,dependent,syn_t034_h0000008,syn_t034_h0000008_r003
14000US06089011900,4,13,8,2.0,2,2,,2.0,,2.0,,,2,6.0,2,,,2,,Biological son or daughter,Grade 3,Female,,,,,,Without a disability,No,No,No,No,,No,,0_17,False,dependent,syn_t034_h0000008,syn_t034_h0000008_r004
14000US06089011900,5,14,6,2.0,2,2,,2.0,,2.0,,,4,4.0,1,,,2,,Stepson or stepdaughter,Grade 1,Male,,,,,,Without a disability,No,No,No,No,,No,,0_17,False,dependent,syn_t034_h0000008,syn_t034_h0000008_r005
14000US06089011900,6,18,55,2.0,2,2,2.0,1.0,,2.0,,,10,16.0,2,,,1,6.0,Other relative,Regular high school diploma,Female,Not in labor force,,,,,With a disability,No,No,No,Yes,No,No,,35_64,True,generative,syn_t034_h0000008,syn_t034_h0000008_r006
14000US06089011900,7,20,34,2.0,2,2,1.0,2.0,,2.0,,,10,16.0,1,1.0,6.0,1,3.0,Other relative,Regular high school diploma,Male,Unemployed,less than 14 weeks worked during past 12 months,,,,With a disability,No,No,No,No,Yes,No,,18_34,True,generative,syn_t034_h0000008,syn_t034_h0000008_r007
14000US06089011900,8,13,7,2.0,1,2,,2.0,,1.0,,,10,1.0,1,,,1,,Other relative,No schooling completed,Male,,,,,,With a disability,Yes,No,Yes,No,,No,,0_17,False,dependent,syn_t034_h0000008,syn_t034_h0000008_r008
14000US06089011900,1,13,49,2.0,2,2,2.0,2.0,,2.0,15.0,1.0,0,22.0,2,67.0,1.0,2,1.0,Reference person,Master's degree,Female,"Civilian employed, at work",50 to 52 weeks worked during past 12 months,"Car, truck, or van",,,Without a disability,No,No,No,No,No,No,,35_64,True,generative,syn_t034_h0000009,syn_t034_h0000009_r001
14000US06089011900,2,8,51,2.0,1,2,1.0,2.0,,1.0,,,1,16.0,1,43.0,1.0,1,2.0,Husband/wife,Regular high school diploma,Male,"Civilian employed, with a job but not at work",50 to 52 weeks worked during past 12 months,,,,With a disability,Yes,No,Yes,No,Yes,No,,35_64,True,generative,syn_t034_h0000009,syn_t034_h0000009_r002
14000US06089011900,3,16,18,2.0,2,2,2.0,2.0,,2.0,,,2,16.0,1,20.0,5.0,2,3.0,Biological son or daughter,Regular high school diploma,Male,Unemployed,14 to 26 weeks worked during past 12 months,,,,Without a disability,No,No,No,No,No,No,,18_34,True,generative,syn_t034_h0000009,syn_t034_h0000009_r003
14000US06089011900,1,23,52,2.0,2,2,2.0,1.0,,2.0,,,0,20.0,2,,,1,6.0,Reference person,Associate's degree,Female,Not in labor force,,,,,With a disability,No,No,No,Yes,No,No,,35_64,True,generative,syn_t034_h0000010,syn_t034_h0000010_r001
14000US06089011900,2,26,31,2.0,2,2,2.0,2.0,,2.0,2.0,1.0,1,19.0,1,60.0,6.0,2,1.0,Husband/wife,"1 or more years of college credit, no degree",Male,"Civilian employed, at work",less than 14 weeks worked during past 12 months,"Car, truck, or van",,,Without a disability,No,No,No,No,No,No,,18_34,True,generative,syn_t034_h0000010,syn_t034_h0000010_r002
14000US06089011900,3,36,31,2.0,2,2,2.0,2.0,,2.0,15.0,1.0,2,19.0,2,34.0,5.0,2,1.0,Biological son or daughter,"1 or more years of college credit, no degree",Female,"Civilian employed, at work",14 to 26 weeks worked during past 12 months,"Car, truck, or van",,,Without a disability,No,No,No,No,No,No,,18_34,True,generative,syn_t034_h0000010,syn_t034_h0000010_r003
14000US06089011900,4,26,5,2.0,2,2,,2.0,,2.0,,,2,2.0,1,,,2,,Biological son or daughter,"Nursery school, preschool",Male,,,,,,Without a disability,No,No,No,No,,No,,0_17,False,dependent,syn_t034_h0000010,syn_t034_h0000010_r004
14000US06089011900,5,22,4,,2,2,,,,,,,2,1.0,2,,,2,,Biological son or daughter,No schooling completed,Female,,,,,,Without a disability,No,No,,,,,,0_17,False,dependent,syn_t034_h0000010,syn_t034_h0000010_r005
14000US06089011900,6,22,2,,2,2,,,,,,,7,,2,,,2,,Grandchild,,Female,,,,,,Without a disability,No,No,,,,,,0_17,False,dependent,syn_t034_h0000010,syn_t034_h0000010_r006
14000US06089011900,1,8,26,2.0,2,2,2.0,2.0,,2.0,45.0,1.0,0,19.0,1,30.0,1.0,2,1.0,Reference person,"1 or more years of college credit, no degree",Male,"Civilian employed, at work",50 to 52 weeks worked during past 12 months,"Car, truck, or van",,,Without a disability,No,No,No,No,No,No,,18_34,True,generative,syn_t034_h0000011,syn_t034_h0000011_r001
14000US06089011900,2,6,26,2.0,2,2,2.0,2.0,,2.0,45.0,1.0,13,16.0,2,40.0,1.0,2,1.0,Unmarried partner,Regular high school diploma,Female,"Civilian employed, at work",50 to 52 weeks worked during past 12 months,"Car, truck, or van",,,Without a disability,No,No,No,No,No,No,,18_34,True,generative,syn_t034_h0000011,syn_t034_h0000011_r002
14000US06089011900,1,16,77,2.0,2,2,2.0,2.0,,2.0,,,0,21.0,1,,,2,6.0,Reference person,Bachelor's degree,Male,Not in labor force,,,,,Without a disability,No,No,No,No,No,No,,65_plus,True,generative,syn_t034_h0000012,syn_t034_h0000012_r001
14000US06089011900,2,16,73,2.0,2,2,2.0,2.0,,2.0,,,1,21.0,2,,,2,6.0,Husband/wife,Bachelor's degree,Female,Not in labor force,,,,,Without a disability,No,No,No,No,No,No,,65_plus,True,generative,syn_t034_h0000012,syn_t034_h0000012_r002
14000US06089011900,1,44,35,2.0,2,2,2.0,2.0,,2.0,15.0,1.0,0,21.0,2,40.0,1.0,2,1.0,Reference person,Bachelor's degree,Female,"Civilian employed, at work",50 to 52 weeks worked during past 12 months,"Car, truck, or van",,,Without a disability,No,No,No,No,No,No,,35_64,True,generative,syn_t034_h0000013,syn_t034_h0000013_r001
14000US06089011900,2,44,35,2.0,2,2,2.0,2.0,,2.0,,11.0,1,16.0,1,40.0,1.0,2,1.0,Husband/wife,Regular high school diploma,Male,"Civilian employed, at work",50 to 52 weeks worked during past 12 months,Worked at home,,,Without a disability,No,No,No,No,No,No,,35_64,True,generative,syn_t034_h0000013,syn_t034_h0000013_r002
14000US06089011900,3,22,12,2.0,2,2,,2.0,,2.0,,,2,9.0,1,,,2,,Biological son or daughter,Grade 6,Male,,,,,,Without a disability,No,No,No,No,,No,,0_17,False,dependent,syn_t034_h0000013,syn_t034_h0000013_r003
14000US06089011900,4,44,12,2.0,2,2,,2.0,,2.0,,,4,9.0,1,,,2,,Stepson or stepdaughter,Grade 6,Male,,,,,,Without a disability,No,No,No,No,,No,,0_17,False,dependent,syn_t034_h0000013,syn_t034_h0000013_r004
14000US06089011900,5,41,9,2.0,2,2,,2.0,,2.0,,,4,7.0,2,,,2,,Stepson or stepdaughter,Grade 4,Female,,,,,,Without a disability,No,No,No,No,,No,,0_17,False,dependent,syn_t034_h0000013,syn_t034_h0000013_r005
14000US06089011900,6,36,69,1.0,2,2,2.0,1.0,,1.0,,,8,17.0,1,,,1,6.0,Parent-in-law,GED or alternative credential,Male,Not in labor force,,,,,With a disability,No,No,Yes,Yes,No,Yes,,65_plus,True,generative,syn_t034_h0000013,syn_t034_h0000013_r006
14000US06089011900,1,12,77,2.0,2,2,2.0,2.0,,2.0,,,0,21.0,2,,,2,6.0,Reference person,Bachelor's degree,Female,Not in labor force,,,,,Without a disability,No,No,No,No,No,No,,65_plus,True,generative,syn_t034_h0000014,syn_t034_h0000014_r001
14000US06089011900,1,15,48,2.0,2,2,2.0,2.0,,2.0,,11.0,0,16.0,2,40.0,1.0,2,1.0,Reference person,Regular high school diploma,Female,"Civilian employed, at work",50 to 52 weeks worked during past 12 months,Worked at home,,,Without a disability,No,No,No,No,No,No,,35_64,True,generative,syn_t034_h0000015,syn_t034_h0000015_r001
14000US06089011900,2,13,47,2.0,2,2,2.0,2.0,,2.0,15.0,1.0,1,17.0,1,50.0,1.0,2,1.0,Husband/wife,GED or alternative credential,Male,"Civilian employed, at work",50 to 52 weeks worked during past 12 months,"Car, truck, or van",,,Without a disability,No,No,No,No,No,No,,35_64,True,generative,syn_t034_h0000015,syn_t034_h0000015_r002
14000US06089011900,3,19,15,2.0,2,2,2.0,2.0,,2.0,,,2,12.0,1,,,2,,Biological son or daughter,Grade 9,Male,,,,,,Without a disability,No,No,No,No,No,No,,0_17,False,dependent,syn_t034_h0000015,syn_t034_h0000015_r003
14000US06089011900,4,13,14,2.0,2,2,,2.0,,2.0,,,2,11.0,2,,,2,,Biological son or daughter,Grade 8,Female,,,,,,Without a disability,No,No,No,No,,No,,0_17,False,dependent,syn_t034_h0000015,syn_t034_h0000015_r004
14000US06089011900,1,23,35,2.0,2,2,2.0,2.0,,2.0,10.0,1.0,0,16.0,1,40.0,1.0,2,1.0,Reference person,Regular high school diploma,Male,"Civilian employed, at work",50 to 52 weeks worked during past 12 months,"Car, truck, or van",,,Without a disability,No,No,No,No,No,No,,35_64,True,generative,syn_t034_h0000016,syn_t034_h0000016_r001
14000US06089011900,2,13,33,2.0,2,2,2.0,2.0,,2.0,15.0,1.0,1,16.0,2,40.0,1.0,2,1.0,Husband/wife,Regular high school diploma,Female,"Civilian employed, at work",50 to 52 weeks worked during past 12 months,"Car, truck, or van",,,Without a disability,No,No,No,No,No,No,,18_34,True,generative,syn_t034_h0000016,syn_t034_h0000016_r002
14000US06089011900,3,27,7,2.0,2,2,,2.0,,2.0,,,2,5.0,1,,,2,,Biological son or daughter,Grade 2,Male,,,,,,Without a disability,No,No,No,No,,No,,0_17,False,dependent,syn_t034_h0000016,syn_t034_h0000016_r003
14000US06089011900,4,27,6,2.0,2,2,,2.0,,2.0,,,2,3.0,1,,,2,,Biological son or daughter,Kindergarten,Male,,,,,,Without a disability,No,No,No,No,,No,,0_17,False,dependent,syn_t034_h0000016,syn_t034_h0000016_r004
14000US06089011900,5,18,54,2.0,2,2,2.0,2.0,,2.0,16.0,1.0,8,17.0,2,40.0,6.0,2,1.0,Parent-in-law,GED or alternative credential,Female,"Civilian employed, at work",less than 14 weeks worked during past 12 months,"Car, truck, or van",,,Without a disability,No,No,No,No,No,No,,35_64,True,generative,syn_t034_h0000016,syn_t034_h0000016_r005
14000US06089011900,1,48,30,2.0,2,2,2.0,2.0,,2.0,45.0,1.0,0,16.0,1,40.0,1.0,2,1.0,Reference person,Regular high school diploma,Male,"Civilian employed, at work",50 to 52 weeks worked during past 12 months,"Car, truck, or van",,,Without a disability,No,No,No,No,No,No,,18_34,True,generative,syn_t034_h0000017,syn_t034_h0000017_r001
14000US06089011900,2,60,29,2.0,2,2,2.0,2.0,,2.0,10.0,1.0,1,19.0,2,40.0,1.0,2,1.0,Husband/wife,"1 or more years of college credit, no degree",Female,"Civilian employed, at work",50 to 52 weeks worked during past 12 months,"Car, truck, or van",,,Without a disability,No,No,No,No,No,No,,18_34,True,generative,syn_t034_h0000017,syn_t034_h0000017_r002
14000US06089011900,3,52,12,2.0,2,2,,2.0,,2.0,,,2,8.0,2,,,2,,Biological son or daughter,Grade 5,Female,,,,,,Without a disability,No,No,No,No,,No,,0_17,False,dependent,syn_t034_h0000017,syn_t034_h0000017_r003
14000US06089011900,1,26,36,2.0,2,2,2.0,2.0,1.0,2.0,25.0,1.0,0,19.0,1,50.0,1.0,2,1.0,Reference person,"1 or more years of college credit, no degree",Male,"Civilian employed, at work",50 to 52 weeks worked during past 12 months,"Car, truck, or van",,,Without a disability,No,No,No,No,No,No,0 percent,35_64,True,generative,syn_t034_h0000018,syn_t034_h0000018_r001
14000US06089011900,1,33,30,2.0,2,2,2.0,2.0,,2.0,12.0,1.0,0,20.0,1,50.0,1.0,2,1.0,Reference person,Associate's degree,Male,"Civilian employed, at work",50 to 52 weeks worked during past 12 months,"Car, truck, or van",,,Without a disability,No,No,No,No,No,No,,18_34,True,generative,syn_t034_h0000019,syn_t034_h0000019_r001
14000US06089011900,2,37,26,2.0,2,2,2.0,2.0,,2.0,,,1,19.0,2,17.0,4.0,2,6.0,Husband/wife,"1 or more years of college credit, no degree",Female,Not in labor force,27 to 39 weeks worked during past 12 months,,,,Without a disability,No,No,No,No,No,No,,18_34,True,generative,syn_t034_h0000019,syn_t034_h0000019_r002
14000US06089011900,3,40,5,2.0,2,2,,2.0,,2.0,,,2,2.0,1,,,2,,Biological son or daughter,"Nursery school, preschool",Male,,,,,,Without a disability,No,No,No,No,,No,,0_17,False,dependent,syn_t034_h0000019,syn_t034_h0000019_r003
14000US06089011900,1,60,58,2.0,1,2,2.0,2.0,,2.0,,,0,16.0,1,,,1,6.0,Reference person,Regular high school diploma,Male,Not in labor force,,,,,With a disability,Yes,No,No,No,No,No,,35_64,True,generative,syn_t034_h0000020,syn_t034_h0000020_r001
14000US06089011900,2,59,58,2.0,2,2,2.0,2.0,,2.0,,,1,18.0,2,,,2,6.0,Husband/wife,"Some college, but less than 1 year",Female,Not in labor force,,,,,Without a disability,No,No,No,No,No,No,,35_64,True,generative,syn_t034_h0000020,syn_t034_h0000020_r002
14000US06089011900,1,17,69,2.0,2,2,2.0,2.0,,2.0,,,0,19.0,1,,,2,6.0,Reference person,"1 or more years of college credit, no degree",Male,Not in labor force,,,,,Without a disability,No,No,No,No,No,No,,65_plus,True,generative,syn_t034_h0000021,syn_t034_h0000021_r001
14000US06089011900,2,21,67,2.0,2,2,2.0,2.0,,2.0,,,1,18.0,2,,,2,6.0,Husband/wife,"Some college, but less than 1 year",Female,Not in labor force,,,,,Without a disability,No,No,No,No,No,No,,65_plus,True,generative,syn_t034_h0000021,syn_t034_h0000021_r002
14000US06089011900,1,71,49,2.0,2,2,2.0,2.0,,2.0,20.0,1.0,0,16.0,2,30.0,1.0,2,1.0,Reference person,Regular high school diploma,Female,"Civilian employed, at work",50 to 52 weeks worked during past 12 months,"Car, truck, or van",,,Without a disability,No,No,No,No,No,No,,35_64,True,generative,syn_t034_h0000022,syn_t034_h0000022_r001
14000US06089011900,2,54,50,2.0,2,2,2.0,2.0,,2.0,15.0,1.0,1,16.0,1,40.0,1.0,2,1.0,Husband/wife,Regular high school diploma,Male,"Civilian employed, at work",50 to 52 weeks worked during past 12 months,"Car, truck, or van",,,Without a disability,No,No,No,No,No,No,,35_64,True,generative,syn_t034_h0000022,syn_t034_h0000022_r002
14000US06089011900,1,49,51,2.0,2,2,1.0,1.0,,1.0,,,0,16.0,2,,,1,6.0,Reference person,Regular high school diploma,Female,Not in labor force,,,,,With a disability,No,No,Yes,Yes,Yes,No,,35_64,True,generative,syn_t034_h0000023,syn_t034_h0000023_r001
14000US06089011900,2,56,45,2.0,2,2,2.0,2.0,,2.0,,11.0,1,16.0,1,50.0,1.0,2,1.0,Husband/wife,Regular high school diploma,Male,"Civilian employed, at work",50 to 52 weeks worked during past 12 months,Worked at home,,,Without a disability,No,No,No,No,No,No,,35_64,True,generative,syn_t034_h0000023,syn_t034_h0000023_r002
14000US06089011900,1,10,60,2.0,2,2,2.0,2.0,2.0,2.0,15.0,1.0,0,19.0,1,40.0,1.0,2,1.0,Reference person,"1 or more years of college credit, no degree",Male,"Civilian employed, at work",50 to 52 weeks worked during past 12 months,"Car, truck, or van",,,Without a disability,No,No,No,No,No,No,10 or 20 percent,35_64,True,generative,syn_t034_h0000024,syn_t034_h0000024_r001
14000US06089012000,1,102,27,2.0,2,2,2.0,2.0,,2.0,,,0,10.0,1,,,2,6.0,Reference person,Grade 7,Male,Not in labor force,,,,,Without a disability,No,No,No,No,No,No,,18_34,True,generative,syn_t035_h0000001,syn_t035_h0000001_r001
14000US06089012000,1,17,80,2.0,2,2,2.0,1.0,,2.0,,,0,21.0,1,,,1,6.0,Reference person,Bachelor's degree,Male,Not in labor force,,,,,With a disability,No,No,No,Yes,No,No,,65_plus,True,generative,syn_t035_h0000002,syn_t035_h0000002_r001
14000US06089012000,2,21,64,2.0,2,2,2.0,2.0,,2.0,15.0,1.0,1,16.0,1,6.0,1.0,2,1.0,Husband/wife,Regular high school diploma,Male,"Civilian employed, at work",50 to 52 weeks worked during past 12 months,"Car, truck, or van",,,Without a disability,No,No,No,No,No,No,,35_64,True,generative,syn_t035_h0000002,syn_t035_h0000002_r002
14000US06089012000,1,39,63,2.0,2,2,2.0,1.0,,2.0,,,0,13.0,1,,,1,6.0,Reference person,Grade 10,Male,Not in labor force,,,,,With a disability,No,No,No,Yes,No,No,,35_64,True,generative,syn_t035_h0000003,syn_t035_h0000003_r001
14000US06089012000,1,71,27,2.0,2,2,2.0,2.0,,2.0,10.0,1.0,0,19.0,1,60.0,1.0,2,1.0,Reference person,"1 or more years of college credit, no degree",Male,"Civilian employed, at work",50 to 52 weeks worked during past 12 months,"Car, truck, or van",,,Without a disability,No,No,No,No,No,No,,18_34,True,generative,syn_t035_h0000004,syn_t035_h0000004_r001
14000US06089012000,1,14,59,2.0,2,2,2.0,2.0,,2.0,,,0,17.0,1,,,2,6.0,Reference person,GED or alternative credential,Male,Not in labor force,,,,,Without a disability,No,No,No,No,No,No,,35_64,True,generative,syn_t035_h0000005,syn_t035_h0000005_r001
14000US06089012000,1,58,56,2.0,2,2,2.0,2.0,,2.0,30.0,1.0,0,19.0,1,52.0,1.0,2,1.0,Reference person,"1 or more years of college credit, no degree",Male,"Civilian employed, at work",50 to 52 weeks worked during past 12 months,"Car, truck, or van",,,Without a disability,No,No,No,No,No,No,,35_64,True,generative,syn_t035_h0000006,syn_t035_h0000006_r001
14000US06089012000,1,61,70,1.0,2,2,1.0,1.0,,2.0,15.0,1.0,0,19.0,2,28.0,1.0,1,1.0,Reference person,"1 or more years of college credit, no degree",Female,"Civilian employed, at work",50 to 52 weeks worked during past 12 months,"Car, truck, or van",,,With a disability,No,No,No,Yes,Yes,Yes,,65_plus,True,generative,syn_t035_h0000007,syn_t035_h0000007_r001
14000US06089012000,2,76,43,2.0,1,2,1.0,2.0,,1.0,,,2,16.0,2,,,1,6.0,Biological son or daughter,Regular high school diploma,Female,Not in labor force,,,,,With a disability,Yes,No,Yes,No,Yes,No,,35_64,True,generative,syn_t035_h0000007,syn_t035_h0000007_r002
14000US06089012000,3,43,6,2.0,2,2,,2.0,,2.0,,,7,3.0,2,,,2,,Grandchild,Kindergarten,Female,,,,,,Without a disability,No,No,No,No,,No,,0_17,False,dependent,syn_t035_h0000007,syn_t035_h0000007_r003
14000US06089012000,4,83,45,2.0,2,2,2.0,2.0,,2.0,,,11,15.0,1,,,2,6.0,Roomer or boarder,12th grade - no diploma,Male,Not in labor force,,,,,Without a disability,No,No,No,No,No,No,,35_64,True,generative,syn_t035_h0000007,syn_t035_h0000007_r004
14000US06089012000,1,11,31,2.0,2,2,2.0,2.0,,2.0,9.0,1.0,0,21.0,2,40.0,4.0,2,1.0,Reference person,Bachelor's degree,Female,"Civilian employed, at work",27 to 39 weeks worked during past 12 months,"Car, truck, or van",,,Without a disability,No,No,No,No,No,No,,18_34,True,generative,syn_t035_h0000008,syn_t035_h0000008_r001
14000US06089012000,1,26,61,2.0,2,2,1.0,1.0,,1.0,,,0,19.0,2,,,1,6.0,Reference person,"1 or more years of college credit, no degree",Female,Not in labor force,,,,,With a disability,No,No,Yes,Yes,Yes,No,,35_64,True,generative,syn_t035_h0000009,syn_t035_h0000009_r001
14000US06089012000,1,20,42,2.0,2,2,2.0,2.0,,2.0,,,0,21.0,2,40.0,3.0,2,6.0,Reference person,Bachelor's degree,Female,Not in labor force,40 to 47 weeks worked during past 12 months,,,,Without a disability,No,No,No,No,No,No,,35_64,True,generative,syn_t035_h0000010,syn_t035_h0000010_r001
14000US06089012000,2,30,23,2.0,2,2,2.0,2.0,,2.0,,,2,18.0,1,,,2,6.0,Biological son or daughter,"Some college, but less than 1 year",Male,Not in labor force,,,,,Without a disability,No,No,No,No,No,No,,18_34,True,generative,syn_t035_h0000010,syn_t035_h0000010_r002
14000US06089012000,3,19,18,2.0,2,2,2.0,2.0,,2.0,,,2,14.0,1,,,2,6.0,Biological son or daughter,Grade 11,Male,Not in labor force,,,,,Without a disability,No,No,No,No,No,No,,18_34,True,generative,syn_t035_h0000010,syn_t035_h0000010_r003
14000US06089012000,4,21,8,2.0,2,2,,2.0,,2.0,,,2,5.0,2,,,2,,Biological son or daughter,Grade 2,Female,,,,,,Without a disability,No,No,No,No,,No,,0_17,False,dependent,syn_t035_h0000010,syn_t035_h0000010_r004
14000US06089012000,1,13,61,2.0,2,2,2.0,2.0,,2.0,40.0,1.0,0,19.0,2,10.0,1.0,2,1.0,Reference person,"1 or more years of college credit, no degree",Female,"Civilian employed, at work",50 to 52 weeks worked during past 12 months,"Car, truck, or van",,,Without a disability,No,No,No,No,No,No,,35_64,True,generative,syn_t035_h0000011,syn_t035_h0000011_r001
14000US06089012000,2,18,74,2.0,2,2,2.0,1.0,,2.0,,,1,17.0,1,,,1,6.0,Husband/wife,GED or alternative credential,Male,Not in labor force,,,,,With a disability,No,No,No,Yes,No,No,,65_plus,True,generative,syn_t035_h0000011,syn_t035_h0000011_r002
14000US06089012000,1,13,61,2.0,2,2,2.0,1.0,,2.0,,,0,16.0,1,,,1,6.0,Reference person,Regular high school diploma,Male,Not in labor force,,,,,With a disability,No,No,No,Yes,No,No,,35_64,True,generative,syn_t035_h0000012,syn_t035_h0000012_r001
14000US06089012000,1,15,79,2.0,2,2,2.0,2.0,,2.0,,,0,19.0,1,,,2,6.0,Reference person,"1 or more years of college credit, no degree",Male,Not in labor force,,,,,Without a disability,No,No,No,No,No,No,,65_plus,True,generative,syn_t035_h0000013,syn_t035_h0000013_r001
14000US06089012000,2,14,72,2.0,2,2,2.0,2.0,,2.0,,,1,19.0,2,,,2,6.0,Husband/wife,"1 or more years of college credit, no degree",Female,Not in labor force,,,,,Without a disability,No,No,No,No,No,No,,65_plus,True,generative,syn_t035_h0000013,syn_t035_h0000013_r002
14000US06089012000,1,23,22,2.0,2,2,2.0,2.0,,2.0,10.0,1.0,0,20.0,2,40.0,1.0,2,1.0,Reference person,Associate's degree,Female,"Civilian employed, at work",50 to 52 weeks worked during past 12 months,"Car, truck, or van",,,Without a disability,No,No,No,No,No,No,,18_34,True,generative,syn_t035_h0000014,syn_t035_h0000014_r001
14000US06089012000,2,17,21,2.0,2,2,2.0,2.0,,2.0,,,1,16.0,1,30.0,4.0,2,6.0,Husband/wife,Regular high school diploma,Male,Not in labor force,27 to 39 weeks worked during past 12 months,,,,Without a disability,No,No,No,No,No,No,,18_34,True,generative,syn_t035_h0000014,syn_t035_h0000014_r002
14000US06089012000,1,50,43,2.0,2,2,2.0,2.0,,2.0,10.0,1.0,0,18.0,2,40.0,1.0,2,1.0,Reference person,"Some college, but less than 1 year",Female,"Civilian employed, at work",50 to 52 weeks worked during past 12 months,"Car, truck, or van",,,Without a disability,No,No,No,No,No,No,,35_64,True,generative,syn_t035_h0000015,syn_t035_h0000015_r001
14000US06089012000,2,53,6,2.0,2,2,,2.0,,2.0,,,7,3.0,2,,,2,,Grandchild,Kindergarten,Female,,,,,,Without a disability,No,No,No,No,,No,,0_17,False,dependent,syn_t035_h0000015,syn_t035_h0000015_r002
14000US06089012000,3,51,1,,2,2,,,,,,,7,,2,,,2,,Grandchild,,Female,,,,,,Without a disability,No,No,,,,,,0_17,False,dependent,syn_t035_h0000015,syn_t035_h0000015_r003
14000US06089012000,1,13,33,2.0,2,2,2.0,2.0,,2.0,5.0,1.0,0,18.0,2,30.0,1.0,2,1.0,Reference person,"Some college, but less than 1 year",Female,"Civilian employed, at work",50 to 52 weeks worked during past 12 months,"Car, truck, or van",,,Without a disability,No,No,No,No,No,No,,18_34,True,generative,syn_t035_h0000016,syn_t035_h0000016_r001
14000US06089012000,2,13,34,2.0,2,2,2.0,2.0,,2.0,141.0,1.0,1,18.0,1,60.0,4.0,2,1.0,Husband/wife,"Some college, but less than 1 year",Male,"Civilian employed, at work",27 to 39 weeks worked during past 12 months,"Car, truck, or van",,,Without a disability,No,No,No,No,No,No,,18_34,True,generative,syn_t035_h0000016,syn_t035_h0000016_r002
14000US06089012000,3,12,6,2.0,2,2,,2.0,,2.0,,,2,3.0,2,,,2,,Biological son or daughter,Kindergarten,Female,,,,,,Without a disability,No,No,No,No,,No,,0_17,False,dependent,syn_t035_h0000016,syn_t035_h0000016_r003
14000US06089012000,1,11,90,2.0,1,2,2.0,2.0,,2.0,,,0,10.0,1,,,1,6.0,Reference person,Grade 7,Male,Not in labor force,,,,,With a disability,Yes,No,No,No,No,No,,65_plus,True,generative,syn_t035_h0000017,syn_t035_h0000017_r001
14000US06089012000,1,22,71,2.0,2,2,2.0,2.0,,2.0,,,0,19.0,1,,,2,6.0,Reference person,"1 or more years of college credit, no degree",Male,Not in labor force,,,,,Without a disability,No,No,No,No,No,No,,65_plus,True,generative,syn_t035_h0000018,syn_t035_h0000018_r001
14000US06089012000,2,23,68,2.0,2,2,2.0,2.0,,2.0,,,1,20.0,2,,,2,6.0,Husband/wife,Associate's degree,Female,Not in labor force,,,,,Without a disability,No,No,No,No,No,No,,65_plus,True,generative,syn_t035_h0000018,syn_t035_h0000018_r002
14000US06089012000,3,45,36,2.0,2,2,2.0,2.0,,2.0,,,2,19.0,1,,,2,6.0,Biological son or daughter,"1 or more years of college credit, no degree",Male,Not in labor force,,,,,Without a disability,No,No,No,No,No,No,,35_64,True,generative,syn_t035_h0000018,syn_t035_h0000018_r003
14000US06089012000,1,28,22,2.0,2,2,2.0,2.0,,2.0,10.0,1.0,0,16.0,2,40.0,1.0,2,1.0,Reference person,Regular high school diploma,Female,"Civilian employed, at work",50 to 52 weeks worked during past 12 months,"Car, truck, or van",,,Without a disability,No,No,No,No,No,No,,18_34,True,generative,syn_t035_h0000019,syn_t035_h0000019_r001
14000US06089012000,2,51,40,2.0,2,2,2.0,2.0,,2.0,,,6,20.0,2,,,2,3.0,Father or mother,Associate's degree,Female,Unemployed,,,,,Without a disability,No,No,No,No,No,No,,35_64,True,generative,syn_t035_h0000019,syn_t035_h0000019_r002
14000US06089012000,3,42,39,1.0,2,2,1.0,1.0,,2.0,,,11,17.0,1,,,1,6.0,Roomer or boarder,GED or alternative credential,Male,Not in labor force,,,,,With a disability,No,No,No,Yes,Yes,Yes,,35_64,True,generative,syn_t035_h0000019,syn_t035_h0000019_r003
14000US06089012000,1,12,55,2.0,2,2,2.0,2.0,,2.0,4.0,1.0,0,14.0,2,35.0,1.0,2,1.0,Reference person,Grade 11,Female,"Civilian employed, at work",50 to 52 weeks worked during past 12 months,"Car, truck, or van",,,Without a disability,No,No,No,No,No,No,,35_64,True,generative,syn_t035_h0000020,syn_t035_h0000020_r001
14000US06089012000,2,15,19,2.0,2,2,2.0,2.0,,2.0,,,2,18.0,2,,,2,6.0,Biological son or daughter,"Some college, but less than 1 year",Female,Not in labor force,,,,,Without a disability,No,No,No,No,No,No,,18_34,True,generative,syn_t035_h0000020,syn_t035_h0000020_r002
14000US06089012000,1,20,64,2.0,2,2,1.0,1.0,,1.0,,,0,10.0,1,,,1,6.0,Reference person,Grade 7,Male,Not in labor force,,,,,With a disability,No,No,Yes,Yes,Yes,No,,35_64,True,generative,syn_t035_h0000021,syn_t035_h0000021_r001
14000US06089012000,1,13,43,2.0,2,2,2.0,2.0,,2.0,10.0,1.0,0,21.0,2,40.0,1.0,2,1.0,Reference person,Bachelor's degree,Female,"Civilian employed, at work",50 to 52 weeks worked during past 12 months,"Car, truck, or van",,,Without a disability,No,No,No,No,No,No,,35_64,True,generative,syn_t035_h0000022,syn_t035_h0000022_r001
14000US06089012000,2,15,23,2.0,2,2,2.0,2.0,,2.0,,,2,16.0,2,,,2,6.0,Biological son or daughter,Regular high school diploma,Female,Not in labor force,,,,,Without a disability,No,No,No,No,No,No,,18_34,True,generative,syn_t035_h0000022,syn_t035_h0000022_r002
14000US06089012000,3,15,3,,2,2,,,,,,,7,1.0,1,,,2,,Grandchild,No schooling completed,Male,,,,,,Without a disability,No,No,,,,,,0_17,False,dependent,syn_t035_h0000022,syn_t035_h0000022_r003
14000US06089012000,4,11,25,2.0,2,2,2.0,2.0,,2.0,5.0,1.0,9,16.0,1,25.0,6.0,2,1.0,Son-in-law or daughter-in-law,Regular high school diploma,Male,"Civilian employed, at work",less than 14 weeks worked during past 12 months,"Car, truck, or van",,,Without a disability,No,No,No,No,No,No,,18_34,True,generative,syn_t035_h0000022,syn_t035_h0000022_r004
14000US06089012000,1,60,29,2.0,2,2,2.0,2.0,,2.0,,,0,19.0,2,,,2,6.0,Reference person,"1 or more years of college credit, no degree",Female,Not in labor force,,,,,Without a disability,No,No,No,No,No,No,,18_34,True,generative,syn_t035_h0000023,syn_t035_h0000023_r001
14000US06089012000,2,85,68,1.0,2,2,1.0,2.0,,1.0,,,6,21.0,2,,,1,6.0,Father or mother,Bachelor's degree,Female,Not in labor force,,,,,With a disability,No,No,Yes,No,Yes,Yes,,65_plus,True,generative,syn_t035_h0000023,syn_t035_h0000023_r002
14000US06089012000,3,85,63,2.0,2,2,2.0,2.0,,2.0,,,10,19.0,1,,,2,6.0,Other relative,"1 or more years of college credit, no degree",Male,Not in labor force,,,,,Without a disability,No,No,No,No,No,No,,35_64,True,generative,syn_t035_h0000023,syn_t035_h0000023_r003
14000US06089012000,1,15,86,2.0,2,2,2.0,2.0,5.0,2.0,,,0,16.0,1,,,2,6.0,Reference person,Regular high school diploma,Male,Not in labor force,,,,,Without a disability,No,No,No,No,No,No,"70, 80, 90, or 100 percent",65_plus,True,generative,syn_t035_h0000024,syn_t035_h0000024_r001
14000US06089012000,2,7,84,2.0,2,2,1.0,2.0,,2.0,,,1,16.0,2,,,1,6.0,Husband/wife,Regular high school diploma,Female,Not in labor force,,,,,With a disability,No,No,No,No,Yes,No,,65_plus,True,generative,syn_t035_h0000024,syn_t035_h0000024_r002
14000US06089012000,1,41,37,2.0,2,2,2.0,2.0,,2.0,,,0,16.0,2,,,2,6.0,Reference person,Regular high school diploma,Female,Not in labor force,,,,,Without a disability,No,No,No,No,No,No,,35_64,True,generative,syn_t035_h0000025,syn_t035_h0000025_r001
14000US06089012000,2,26,19,2.0,2,2,2.0,2.0,,2.0,,,2,14.0,1,,,2,6.0,Biological son or daughter,Grade 11,Male,Not in labor force,,,,,Without a disability,No,No,No,No,No,No,,18_34,True,generative,syn_t035_h0000025,syn_t035_h0000025_r002
14000US06089012000,3,35,16,2.0,2,2,2.0,2.0,,2.0,,,2,13.0,2,,,2,6.0,Biological son or daughter,Grade 10,Female,Not in labor force,,,,,Without a disability,No,No,No,No,No,No,,0_17,False,dependent,syn_t035_h0000025,syn_t035_h0000025_r003
14000US06089012000,4,42,10,2.0,2,2,,2.0,,2.0,,,2,8.0,2,,,2,,Biological son or daughter,Grade 5,Female,,,,,,Without a disability,No,No,No,No,,No,,0_17,False,dependent,syn_t035_h0000025,syn_t035_h0000025_r004
14000US06089012000,5,46,8,2.0,2,2,,2.0,,2.0,,,2,6.0,1,,,2,,Biological son or daughter,Grade 3,Male,,,,,,Without a disability,No,No,No,No,,No,,0_17,False,dependent,syn_t035_h0000025,syn_t035_h0000025_r005
14000US06089012101,1,42,63,2.0,2,2,2.0,1.0,,2.0,,,0,18.0,2,,,1,6.0,Reference person,"Some college, but less than 1 year",Female,Not in labor force,,,,,With a disability,No,No,No,Yes,No,No,,35_64,True,generative,syn_t036_h0000001,syn_t036_h0000001_r001
14000US06089012101,2,24,87,1.0,1,2,1.0,1.0,,1.0,,,6,1.0,1,,,1,6.0,Father or mother,No schooling completed,Male,Not in labor force,,,,,With a disability,Yes,No,Yes,Yes,Yes,Yes,,65_plus,True,generative,syn_t036_h0000001,syn_t036_h0000001_r002
14000US06089012101,1,9,53,2.0,2,2,2.0,2.0,,1.0,15.0,1.0,0,21.0,2,40.0,3.0,1,1.0,Reference person,Bachelor's degree,Female,"Civilian employed, at work",40 to 47 weeks worked during past 12 months,"Car, truck, or van",,,With a disability,No,No,Yes,No,No,No,,35_64,True,generative,syn_t036_h0000002,syn_t036_h0000002_r001
14000US06089012101,2,9,51,2.0,2,2,2.0,2.0,,2.0,20.0,1.0,1,21.0,2,40.0,6.0,2,1.0,Husband/wife,Bachelor's degree,Female,"Civilian employed, at work",less than 14 weeks worked during past 12 months,"Car, truck, or van",,,Without a disability,No,No,No,No,No,No,,35_64,True,generative,syn_t036_h0000002,syn_t036_h0000002_r002
14000US06089012101,1,58,21,2.0,2,2,2.0,2.0,,2.0,15.0,1.0,0,19.0,2,30.0,1.0,2,1.0,Reference person,"1 or more years of college credit, no degree",Female,"Civilian employed, at work",50 to 52 weeks worked during past 12 months,"Car, truck, or van",,,Without a disability,No,No,No,No,No,No,,18_34,True,generative,syn_t036_h0000003,syn_t036_h0000003_r001
14000US06089012101,2,54,20,2.0,2,2,2.0,2.0,,2.0,15.0,1.0,13,16.0,1,30.0,1.0,2,1.0,Unmarried partner,Regular high school diploma,Male,"Civilian employed, at work",50 to 52 weeks worked during past 12 months,"Car, truck, or van",,,Without a disability,No,No,No,No,No,No,,18_34,True,generative,syn_t036_h0000003,syn_t036_h0000003_r002
14000US06089012101,3,80,23,2.0,1,2,2.0,2.0,,2.0,15.0,1.0,15,16.0,1,40.0,1.0,1,1.0,Other nonrelative,Regular high school diploma,Male,"Civilian employed, at work",50 to 52 weeks worked during past 12 months,"Car, truck, or van",,,With a disability,Yes,No,No,No,No,No,,18_34,True,generative,syn_t036_h0000003,syn_t036_h0000003_r003
14000US06089012101,4,66,20,2.0,2,2,2.0,2.0,,2.0,,,15,16.0,2,30.0,4.0,2,6.0,Other nonrelative,Regular high school diploma,Female,Not in labor force,27 to 39 weeks worked during past 12 months,,,,Without a disability,No,No,No,No,No,No,,18_34,True,generative,syn_t036_h0000003,syn_t036_h0000003_r004
14000US06089012101,1,27,35,2.0,1,2,2.0,2.0,,2.0,15.0,1.0,0,22.0,2,40.0,1.0,1,1.0,Reference person,Master's degree,Female,"Civilian employed, at work",50 to 52 weeks worked during past 12 months,"Car, truck, or van",,,With a disability,Yes,No,No,No,No,No,,35_64,True,generative,syn_t036_h0000004,syn_t036_h0000004_r001
14000US06089012101,2,24,34,2.0,2,2,2.0,2.0,5.0,2.0,20.0,1.0,1,21.0,1,25.0,1.0,2,1.0,Husband/wife,Bachelor's degree,Male,"Civilian employed, at work",50 to 52 weeks worked during past 12 months,"Car, truck, or van",,,Without a disability,No,No,No,No,No,No,"70, 80, 90, or 100 percent",18_34,True,generative,syn_t036_h0000004,syn_t036_h0000004_r002
14000US06089012101,1,18,54,2.0,2,2,2.0,2.0,,2.0,10.0,1.0,0,18.0,2,40.0,1.0,2,1.0,Reference person,"Some college, but less than 1 year",Female,"Civilian employed, at work",50 to 52 weeks worked during past 12 months,"Car, truck, or van",,,Without a disability,No,No,No,No,No,No,,35_64,True,generative,syn_t036_h0000005,syn_t036_h0000005_r001
14000US06089012101,2,18,56,2.0,2,2,1.0,1.0,,1.0,,,1,18.0,1,,,1,6.0,Husband/wife,"Some college, but less than 1 year",Male,Not in labor force,,,,,With a disability,No,No,Yes,Yes,Yes,No,,35_64,True,generative,syn_t036_h0000005,syn_t036_h0000005_r002
14000US06089012101,1,20,23,2.0,2,2,2.0,2.0,,2.0,30.0,1.0,0,21.0,2,35.0,1.0,2,1.0,Reference person,Bachelor's degree,Female,"Civilian employed, at work",50 to 52 weeks worked during past 12 months,"Car, truck, or van",,,Without a disability,No,No,No,No,No,No,,18_34,True,generative,syn_t036_h0000006,syn_t036_h0000006_r001
14000US06089012101,2,38,24,2.0,2,2,2.0,2.0,,2.0,15.0,1.0,1,16.0,1,40.0,1.0,2,1.0,Husband/wife,Regular high school diploma,Male,"Civilian employed, at work",50 to 52 weeks worked during past 12 months,"Car, truck, or van",,,Without a disability,No,No,No,No,No,No,,18_34,True,generative,syn_t036_h0000006,syn_t036_h0000006_r002
14000US06089012101,3,19,6,2.0,2,1,,2.0,,2.0,,,2,3.0,2,,,1,,Biological son or daughter,Kindergarten,Female,,,,,,With a disability,No,Yes,No,No,,No,,0_17,False,dependent,syn_t036_h0000006,syn_t036_h0000006_r003
14000US06089012101,1,26,26,2.0,2,2,2.0,2.0,,2.0,25.0,1.0,0,20.0,2,36.0,1.0,2,1.0,Reference person,Associate's degree,Female,"Civilian employed, at work",50 to 52 weeks worked during past 12 months,"Car, truck, or van",,,Without a disability,No,No,No,No,No,No,,18_34,True,generative,syn_t036_h0000007,syn_t036_h0000007_r001
14000US06089012101,2,19,28,2.0,2,2,2.0,2.0,,2.0,,,1,16.0,1,,,2,3.0,Husband/wife,Regular high school diploma,Male,Unemployed,,,,,Without a disability,No,No,No,No,No,No,,18_34,True,generative,syn_t036_h0000007,syn_t036_h0000007_r002
14000US06089012101,3,28,5,2.0,2,2,,2.0,,2.0,,,2,1.0,2,,,2,,Biological son or daughter,No schooling completed,Female,,,,,,Without a disability,No,No,No,No,,No,,0_17,False,dependent,syn_t036_h0000007,syn_t036_h0000007_r003
14000US06089012101,4,30,0,,2,2,,,,,,,2,,2,,,2,,Biological son or daughter,,Female,,,,,,Without a disability,No,No,,,,,,0_17,False,dependent,syn_t036_h0000007,syn_t036_h0000007_r004
14000US06089012101,5,32,26,2.0,2,2,2.0,2.0,,2.0,30.0,1.0,10,19.0,1,40.0,3.0,2,1.0,Other relative,"1 or more years of college credit, no degree",Male,"Civilian employed, at work",40 to 47 weeks worked during past 12 months,"Car, truck, or van",,,Without a disability,No,No,No,No,No,No,,18_34,True,generative,syn_t036_h0000007,syn_t036_h0000007_r005
14000US06089012101,1,10,52,2.0,2,2,2.0,2.0,,2.0,15.0,1.0,0,19.0,1,40.0,1.0,2,1.0,Reference person,"1 or more years of college credit, no degree",Male,"Civilian employed, at work",50 to 52 weeks worked during past 12 months,"Car, truck, or van",,,Without a disability,No,No,No,No,No,No,,35_64,True,generative,syn_t036_h0000008,syn_t036_h0000008_r001
14000US06089012101,2,12,51,2.0,2,2,2.0,2.0,,2.0,15.0,1.0,1,16.0,2,40.0,1.0,2,1.0,Husband/wife,Regular high school diploma,Female,"Civilian employed, at work",50 to 52 weeks worked during past 12 months,"Car, truck, or van",,,Without a disability,No,No,No,No,No,No,,35_64,True,generative,syn_t036_h0000008,syn_t036_h0000008_r002
14000US06089012101,1,19,40,2.0,2,2,2.0,2.0,,2.0,,,0,20.0,2,20.0,4.0,2,6.0,Reference person,Associate's degree,Female,Not in labor force,27 to 39 weeks worked during past 12 months,,,,Without a disability,No,No,No,No,No,No,,35_64,True,generative,syn_t036_h0000009,syn_t036_h0000009_r001
14000US06089012101,2,20,42,2.0,2,2,2.0,2.0,,2.0,12.0,1.0,1,21.0,1,45.0,1.0,2,1.0,Husband/wife,Bachelor's degree,Male,"Civilian employed, at work",50 to 52 weeks worked during past 12 months,"Car, truck, or van",,,Without a disability,No,No,No,No,No,No,,35_64,True,generative,syn_t036_h0000009,syn_t036_h0000009_r002
14000US06089012101,3,26,15,2.0,2,2,2.0,2.0,,2.0,,,2,11.0,1,,,2,,Biological son or daughter,Grade 8,Male,,,,,,Without a disability,No,No,No,No,No,No,,0_17,False,dependent,syn_t036_h0000009,syn_t036_h0000009_r003
14000US06089012101,4,17,13,2.0,2,2,,2.0,,2.0,,,2,10.0,2,,,2,,Biological son or daughter,Grade 7,Female,,,,,,Without a disability,No,No,No,No,,No,,0_17,False,dependent,syn_t036_h0000009,syn_t036_h0000009_r004
14000US06089012101,5,18,11,2.0,2,2,,2.0,,2.0,,,2,8.0,2,,,2,,Biological son or daughter,Grade 5,Female,,,,,,Without a disability,No,No,No,No,,No,,0_17,False,dependent,syn_t036_h0000009,syn_t036_h0000009_r005
14000US06089012101,6,20,8,2.0,2,2,,2.0,,2.0,,,2,5.0,1,,,2,,Biological son or daughter,Grade 2,Male,,,,,,Without a disability,No,No,No,No,,No,,0_17,False,dependent,syn_t036_h0000009,syn_t036_h0000009_r006
14000US06089012101,7,19,6,2.0,2,2,,2.0,,2.0,,,2,3.0,1,,,2,,Biological son or daughter,Kindergarten,Male,,,,,,Without a disability,No,No,No,No,,No,,0_17,False,dependent,syn_t036_h0000009,syn_t036_h0000009_r007
14000US06089012101,8,20,4,,2,2,,,,,,,3,1.0,2,,,2,,Adopted son or daughter,No schooling completed,Female,,,,,,Without a disability,No,No,,,,,,0_17,False,dependent,syn_t036_h0000009,syn_t036_h0000009_r008
14000US06089012101,9,21,58,2.0,2,2,2.0,2.0,,2.0,,,11,23.0,1,,,2,6.0,Roomer or boarder,Professional degree beyond a bachelor's degree,Male,Not in labor force,,,,,Without a disability,No,No,No,No,No,No,,35_64,True,generative,syn_t036_h0000009,syn_t036_h0000009_r009
14000US06089012101,1,74,28,2.0,2,2,2.0,2.0,,2.0,15.0,1.0,0,21.0,2,40.0,1.0,2,1.0,Reference person,Bachelor's degree,Female,"Civilian employed, at work",50 to 52 weeks worked during past 12 months,"Car, truck, or van",,,Without a disability,No,No,No,No,No,No,,18_34,True,generative,syn_t036_h0000010,syn_t036_h0000010_r001
14000US06089012101,2,65,37,2.0,2,2,2.0,2.0,,2.0,15.0,1.0,1,19.0,1,40.0,1.0,2,1.0,Husband/wife,"1 or more years of college credit, no degree",Male,"Civilian employed, at work",50 to 52 weeks worked during past 12 months,"Car, truck, or van",,,Without a disability,No,No,No,No,No,No,,35_64,True,generative,syn_t036_h0000010,syn_t036_h0000010_r002
14000US06089012101,3,65,0,,2,2,,,,,,,2,,2,,,2,,Biological son or daughter,,Female,,,,,,Without a disability,No,No,,,,,,0_17,False,dependent,syn_t036_h0000010,syn_t036_h0000010_r003
14000US06089012101,1,49,51,2.0,2,2,1.0,1.0,,1.0,,,0,16.0,2,,,1,6.0,Reference person,Regular high school diploma,Female,Not in labor force,,,,,With a disability,No,No,Yes,Yes,Yes,No,,35_64,True,generative,syn_t036_h0000011,syn_t036_h0000011_r001
14000US06089012101,2,56,45,2.0,2,2,2.0,2.0,,2.0,,11.0,1,16.0,1,50.0,1.0,2,1.0,Husband/wife,Regular high school diploma,Male,"Civilian employed, at work",50 to 52 weeks worked during past 12 months,Worked at home,,,Without a disability,No,No,No,No,No,No,,35_64,True,generative,syn_t036_h0000011,syn_t036_h0000011_r002
14000US06089012101,1,19,70,2.0,2,2,2.0,2.0,,2.0,,,0,23.0,2,40.0,5.0,2,6.0,Reference person,Professional degree beyond a bachelor's degree,Female,Not in labor force,14 to 26 weeks worked during past 12 months,,,,Without a disability,No,No,No,No,No,No,,65_plus,True,generative,syn_t036_h0000012,syn_t036_h0000012_r001
14000US06089012101,2,20,69,2.0,2,2,2.0,2.0,,2.0,,,1,23.0,1,,,2,6.0,Husband/wife,Professional degree beyond a bachelor's degree,Male,Not in labor force,,,,,Without a disability,No,No,No,No,No,No,,65_plus,True,generative,syn_t036_h0000012,syn_t036_h0000012_r002
14000US06089012101,1,55,60,2.0,2,2,2.0,1.0,,2.0,,,0,16.0,1,,,1,6.0,Reference person,Regular high school diploma,Male,Not in labor force,,,,,With a disability,No,No,No,Yes,No,No,,35_64,True,generative,syn_t036_h0000013,syn_t036_h0000013_r001
14000US06089012101,1,18,63,2.0,2,2,2.0,2.0,,2.0,,,0,16.0,1,,,2,6.0,Reference person,Regular high school diploma,Male,Not in labor force,,,,,Without a disability,No,No,No,No,No,No,,35_64,True,generative,syn_t036_h0000014,syn_t036_h0000014_r001
14000US06089012101,1,22,58,2.0,2,1,2.0,1.0,3.0,2.0,,,0,16.0,1,,,1,6.0,Reference person,Regular high school diploma,Male,Not in labor force,,,,,With a disability,No,Yes,No,Yes,No,No,30 or 40 percent,35_64,True,generative,syn_t036_h0000015,syn_t036_h0000015_r001
14000US06089012101,2,7,63,2.0,2,2,2.0,2.0,,2.0,35.0,1.0,1,19.0,2,36.0,3.0,2,1.0,Husband/wife,"1 or more years of college credit, no degree",Female,"Civilian employed, at work",40 to 47 weeks worked during past 12 months,"Car, truck, or van",,,Without a disability,No,No,No,No,No,No,,35_64,True,generative,syn_t036_h0000015,syn_t036_h0000015_r002
14000US06089012101,1,20,47,2.0,2,2,2.0,2.0,,2.0,10.0,1.0,0,21.0,2,80.0,1.0,2,1.0,Reference person,Bachelor's degree,Female,"Civilian employed, at work",50 to 52 weeks worked during past 12 months,"Car, truck, or van",,,Without a disability,No,No,No,No,No,No,,35_64,True,generative,syn_t036_h0000016,syn_t036_h0000016_r001
14000US06089012101,2,20,50,2.0,2,2,2.0,2.0,,2.0,10.0,1.0,1,19.0,1,80.0,1.0,2,1.0,Husband/wife,"1 or more years of college credit, no degree",Male,"Civilian employed, at work",50 to 52 weeks worked during past 12 months,"Car, truck, or van",,,Without a disability,No,No,No,No,No,No,,35_64,True,generative,syn_t036_h0000016,syn_t036_h0000016_r002
14000US06089012101,1,9,28,2.0,2,2,2.0,2.0,,2.0,,,0,19.0,2,,,2,6.0,Reference person,"1 or more years of college credit, no degree",Female,Not in labor force,,,,,Without a disability,No,No,No,No,No,No,,18_34,True,generative,syn_t036_h0000017,syn_t036_h0000017_r001
14000US06089012101,2,10,9,2.0,2,2,,2.0,,2.0,,,2,5.0,1,,,2,,Biological son or daughter,Grade 2,Male,,,,,,Without a disability,No,No,No,No,,No,,0_17,False,dependent,syn_t036_h0000017,syn_t036_h0000017_r002
14000US06089012101,3,10,6,2.0,2,2,,2.0,,2.0,,,2,2.0,2,,,2,,Biological son or daughter,"Nursery school, preschool",Female,,,,,,Without a disability,No,No,No,No,,No,,0_17,False,dependent,syn_t036_h0000017,syn_t036_h0000017_r003
14000US06089012101,4,11,1,,2,2,,,,,,,2,,1,,,2,,Biological son or daughter,,Male,,,,,,Without a disability,No,No,,,,,,0_17,False,dependent,syn_t036_h0000017,syn_t036_h0000017_r004
14000US06089012101,5,10,1,,2,2,,,,,,,2,,1,,,2,,Biological son or daughter,,Male,,,,,,Without a disability,No,No,,,,,,0_17,False,dependent,syn_t036_h0000017,syn_t036_h0000017_r005
14000US06089012101,1,14,62,2.0,2,2,2.0,2.0,,2.0,,,0,16.0,2,,,2,6.0,Reference person,Regular high school diploma,Female,Not in labor force,,,,,Without a disability,No,No,No,No,No,No,,35_64,True,generative,syn_t036_h0000018,syn_t036_h0000018_r001
14000US06089012101,2,12,65,2.0,2,2,2.0,2.0,,2.0,4.0,1.0,1,19.0,1,16.0,3.0,2,1.0,Husband/wife,"1 or more years of college credit, no degree",Male,"Civilian employed, at work",40 to 47 weeks worked during past 12 months,"Car, truck, or van",,,Without a disability,No,No,No,No,No,No,,65_plus,True,generative,syn_t036_h0000018,syn_t036_h0000018_r002
14000US06089012101,3,13,38,2.0,2,2,2.0,2.0,,2.0,4.0,1.0,2,16.0,1,40.0,1.0,2,1.0,Biological son or daughter,Regular high school diploma,Male,"Civilian employed, at work",50 to 52 weeks worked during past 12 months,"Car, truck, or van",,,Without a disability,No,No,No,No,No,No,,35_64,True,generative,syn_t036_h0000018,syn_t036_h0000018_r003
14000US06089012101,1,13,47,2.0,2,2,2.0,2.0,,2.0,,,0,16.0,2,30.0,4.0,2,6.0,Reference person,Regular high school diploma,Female,Not in labor force,27 to 39 weeks worked during past 12 months,,,,Without a disability,No,No,No,No,No,No,,35_64,True,generative,syn_t036_h0000019,syn_t036_h0000019_r001
14000US06089012101,2,11,53,2.0,2,2,2.0,2.0,,2.0,5.0,1.0,13,16.0,1,70.0,1.0,2,1.0,Unmarried partner,Regular high school diploma,Male,"Civilian employed, at work",50 to 52 weeks worked during past 12 months,"Car, truck, or van",,,Without a disability,No,No,No,No,No,No,,35_64,True,generative,syn_t036_h0000019,syn_t036_h0000019_r002
14000US06089012101,1,40,31,2.0,2,2,2.0,2.0,,2.0,,,0,17.0,1,,,2,6.0,Reference person,GED or alternative credential,Male,Not in labor force,,,,,Without a disability,No,No,No,No,No,No,,18_34,True,generative,syn_t036_h0000020,syn_t036_h0000020_r001
14000US06089012101,2,31,31,2.0,2,2,2.0,2.0,,2.0,5.0,1.0,1,16.0,2,30.0,1.0,2,1.0,Husband/wife,Regular high school diploma,Female,"Civilian employed, at work",50 to 52 weeks worked during past 12 months,"Car, truck, or van",,,Without a disability,No,No,No,No,No,No,,18_34,True,generative,syn_t036_h0000020,syn_t036_h0000020_r002
14000US06089012101,3,41,13,2.0,2,2,,2.0,,2.0,,,2,8.0,1,,,2,,Biological son or daughter,Grade 5,Male,,,,,,Without a disability,No,No,No,No,,No,,0_17,False,dependent,syn_t036_h0000020,syn_t036_h0000020_r003
14000US06089012101,4,43,11,2.0,2,2,,2.0,,2.0,,,2,6.0,2,,,2,,Biological son or daughter,Grade 3,Female,,,,,,Without a disability,No,No,No,No,,No,,0_17,False,dependent,syn_t036_h0000020,syn_t036_h0000020_r004
14000US06089012101,5,44,3,,2,2,,,,,,,2,1.0,2,,,2,,Biological son or daughter,No schooling completed,Female,,,,,,Without a disability,No,No,,,,,,0_17,False,dependent,syn_t036_h0000020,syn_t036_h0000020_r005
14000US06089012101,1,8,55,2.0,2,2,2.0,2.0,,2.0,70.0,1.0,0,19.0,2,40.0,1.0,2,1.0,Reference person,"1 or more years of college credit, no degree",Female,"Civilian employed, at work",50 to 52 weeks worked during past 12 months,"Car, truck, or van",,,Without a disability,No,No,No,No,No,No,,35_64,True,generative,syn_t036_h0000021,syn_t036_h0000021_r001
14000US06089012101,1,15,85,2.0,2,2,2.0,2.0,,2.0,,,0,20.0,1,,,2,6.0,Reference person,Associate's degree,Male,Not in labor force,,,,,Without a disability,No,No,No,No,No,No,,65_plus,True,generative,syn_t036_h0000022,syn_t036_h0000022_r001
14000US06089012101,1,11,55,2.0,2,2,2.0,2.0,,2.0,20.0,1.0,0,16.0,1,40.0,1.0,2,1.0,Reference person,Regular high school diploma,Male,"Civilian employed, at work",50 to 52 weeks worked during past 12 months,"Car, truck, or van",,,Without a disability,No,No,No,No,No,No,,35_64,True,generative,syn_t036_h0000023,syn_t036_h0000023_r001
14000US06089012101,2,11,54,2.0,2,2,2.0,2.0,,2.0,,11.0,1,16.0,2,50.0,1.0,2,1.0,Husband/wife,Regular high school diploma,Female,"Civilian employed, at work",50 to 52 weeks worked during past 12 months,Worked at home,,,Without a disability,No,No,No,No,No,No,,35_64,True,generative,syn_t036_h0000023,syn_t036_h0000023_r002
14000US06089012101,1,8,64,2.0,2,2,2.0,2.0,,2.0,7.0,1.0,0,21.0,2,12.0,1.0,2,1.0,Reference person,Bachelor's degree,Female,"Civilian employed, at work",50 to 52 weeks worked during past 12 months,"Car, truck, or van",,,Without a disability,No,No,No,No,No,No,,35_64,True,generative,syn_t036_h0000024,syn_t036_h0000024_r001
14000US06089012101,2,8,79,2.0,2,2,1.0,2.0,,1.0,,,1,22.0,1,,,1,6.0,Husband/wife,Master's degree,Male,Not in labor force,,,,,With a disability,No,No,Yes,No,Yes,No,,65_plus,True,generative,syn_t036_h0000024,syn_t036_h0000024_r002
14000US06089012101,1,45,36,2.0,2,2,2.0,2.0,,2.0,60.0,1.0,0,12.0,1,40.0,4.0,2,1.0,Reference person,Grade 9,Male,"Civilian employed, at work",27 to 39 weeks worked during past 12 months,"Car, truck, or van",,,Without a disability,No,No,No,No,No,No,,35_64,True,generative,syn_t036_h0000025,syn_t036_h0000025_r001
14000US06089012101,2,36,32,2.0,2,2,2.0,2.0,,2.0,,,1,16.0,2,,,2,6.0,Husband/wife,Regular high school diploma,Female,Not in labor force,,,,,Without a disability,No,No,No,No,No,No,,18_34,True,generative,syn_t036_h0000025,syn_t036_h0000025_r002
14000US06089012101,3,43,10,2.0,2,2,,2.0,,2.0,,,2,6.0,2,,,2,,Biological son or daughter,Grade 3,Female,,,,,,Without a disability,No,No,No,No,,No,,0_17,False,dependent,syn_t036_h0000025,syn_t036_h0000025_r003
14000US06089012101,4,56,1,,2,2,,,,,,,2,,1,,,2,,Biological son or daughter,,Male,,,,,,Without a disability,No,No,,,,,,0_17,False,dependent,syn_t036_h0000025,syn_t036_h0000025_r004
14000US06089012102,1,13,34,2.0,2,2,2.0,2.0,,1.0,,,0,15.0,1,,,1,6.0,Reference person,12th grade - no diploma,Male,Not in labor force,,,,,With a disability,No,No,Yes,No,No,No,,18_34,True,generative,syn_t037_h0000001,syn_t037_h0000001_r001
14000US06089012102,2,12,0,,2,2,,,,,,,2,,1,,,2,,Biological son or daughter,,Male,,,,,,Without a disability,No,No,,,,,,0_17,False,dependent,syn_t037_h0000001,syn_t037_h0000001_r002
14000US06089012102,3,13,30,2.0,2,2,2.0,2.0,,2.0,,,13,18.0,2,25.0,4.0,2,6.0,Unmarried partner,"Some college, but less than 1 year",Female,Not in labor force,27 to 39 weeks worked during past 12 months,,,,Without a disability,No,No,No,No,No,No,,18_34,True,generative,syn_t037_h0000001,syn_t037_h0000001_r003
14000US06089012102,1,58,56,2.0,2,2,2.0,2.0,,2.0,30.0,1.0,0,19.0,1,52.0,1.0,2,1.0,Reference person,"1 or more years of college credit, no degree",Male,"Civilian employed, at work",50 to 52 weeks worked during past 12 months,"Car, truck, or van",,,Without a disability,No,No,No,No,No,No,,35_64,True,generative,syn_t037_h0000002,syn_t037_h0000002_r001
14000US06089012102,1,5,58,2.0,2,2,2.0,2.0,,2.0,110.0,1.0,0,20.0,1,14.0,1.0,2,1.0,Reference person,Associate's degree,Male,"Civilian employed, at work",50 to 52 weeks worked during past 12 months,"Car, truck, or van",,,Without a disability,No,No,No,No,No,No,,35_64,True,generative,syn_t037_h0000003,syn_t037_h0000003_r001
14000US06089012102,2,7,50,2.0,2,2,2.0,2.0,,2.0,30.0,1.0,1,20.0,2,40.0,1.0,2,1.0,Husband/wife,Associate's degree,Female,"Civilian employed, at work",50 to 52 weeks worked during past 12 months,"Car, truck, or van",,,Without a disability,No,No,No,No,No,No,,35_64,True,generative,syn_t037_h0000003,syn_t037_h0000003_r002
14000US06089012102,1,26,42,2.0,2,2,2.0,2.0,,2.0,10.0,1.0,0,18.0,2,40.0,1.0,2,1.0,Reference person,"Some college, but less than 1 year",Female,"Civilian employed, at work",50 to 52 weeks worked during past 12 months,"Car, truck, or van",,,Without a disability,No,No,No,No,No,No,,35_64,True,generative,syn_t037_h0000004,syn_t037_h0000004_r001
14000US06089012102,2,26,16,2.0,2,2,2.0,2.0,,2.0,,,2,13.0,1,,,2,6.0,Biological son or daughter,Grade 10,Male,Not in labor force,,,,,Without a disability,No,No,No,No,No,No,,0_17,False,dependent,syn_t037_h0000004,syn_t037_h0000004_r002
14000US06089012102,1,22,67,2.0,2,2,2.0,2.0,2.0,2.0,,,0,19.0,1,,,2,6.0,Reference person,"1 or more years of college credit, no degree",Male,Not in labor force,,,,,Without a disability,No,No,No,No,No,No,10 or 20 percent,65_plus,True,generative,syn_t037_h0000005,syn_t037_h0000005_r001
14000US06089012102,2,23,66,2.0,2,2,2.0,2.0,,2.0,,,1,20.0,2,,,2,6.0,Husband/wife,Associate's degree,Female,Not in labor force,,,,,Without a disability,No,No,No,No,No,No,,65_plus,True,generative,syn_t037_h0000005,syn_t037_h0000005_r002
14000US06089012102,3,35,22,2.0,2,2,2.0,2.0,,2.0,20.0,1.0,7,16.0,1,35.0,1.0,2,1.0,Grandchild,Regular high school diploma,Male,"Civilian employed, at work",50 to 52 weeks worked during past 12 months,"Car, truck, or van",,,Without a disability,No,No,No,No,No,No,,18_34,True,generative,syn_t037_h0000005,syn_t037_h0000005_r003
14000US06089012102,1,6,84,2.0,1,2,1.0,1.0,2.0,2.0,,,0,18.0,1,,,1,6.0,Reference person,"Some college, but less than 1 year",Male,Not in labor force,,,,,With a disability,Yes,No,No,Yes,Yes,No,10 or 20 percent,65_plus,True,generative,syn_t037_h0000006,syn_t037_h0000006_r001
14000US06089012102,2,7,80,2.0,2,2,2.0,2.0,,2.0,,,1,15.0,2,,,2,6.0,Husband/wife,12th grade - no diploma,Female,Not in labor force,,,,,Without a disability,No,No,No,No,No,No,,65_plus,True,generative,syn_t037_h0000006,syn_t037_h0000006_r002
14000US06089012102,1,22,54,2.0,2,2,2.0,2.0,,2.0,20.0,1.0,0,20.0,2,70.0,1.0,2,1.0,Reference person,Associate's degree,Female,"Civilian employed, at work",50 to 52 weeks worked during past 12 months,"Car, truck, or van",,,Without a disability,No,No,No,No,No,No,,35_64,True,generative,syn_t037_h0000007,syn_t037_h0000007_r001
14000US06089012102,2,44,25,1.0,2,2,1.0,2.0,,1.0,,,5,15.0,1,,,1,6.0,Brother or sister,12th grade - no diploma,Male,Not in labor force,,,,,With a disability,No,No,Yes,No,Yes,Yes,,18_34,True,generative,syn_t037_h0000007,syn_t037_h0000007_r002
14000US06089012102,3,28,18,2.0,2,2,2.0,2.0,,2.0,,,7,16.0,2,,,2,6.0,Grandchild,Regular high school diploma,Female,Not in labor force,,,,,Without a disability,No,No,No,No,No,No,,18_34,True,generative,syn_t037_h0000007,syn_t037_h0000007_r003
14000US06089012102,1,20,28,2.0,2,2,2.0,2.0,,2.0,10.0,1.0,0,16.0,1,15.0,3.0,2,1.0,Reference person,Regular high school diploma,Male,"Civilian employed, at work",40 to 47 weeks worked during past 12 months,"Car, truck, or van",,,Without a disability,No,No,No,No,No,No,,18_34,True,generative,syn_t037_h0000008,syn_t037_h0000008_r001
14000US06089012102,2,25,25,2.0,2,2,2.0,2.0,,2.0,,,1,16.0,2,15.0,1.0,2,6.0,Husband/wife,Regular high school diploma,Female,Not in labor force,50 to 52 weeks worked during past 12 months,,,,Without a disability,No,No,No,No,No,No,,18_34,True,generative,syn_t037_h0000008,syn_t037_h0000008_r002
14000US06089012102,1,19,80,2.0,2,2,2.0,2.0,,2.0,,,0,22.0,1,,,2,6.0,Reference person,Master's degree,Male,Not in labor force,,,,,Without a disability,No,No,No,No,No,No,,65_plus,True,generative,syn_t037_h0000009,syn_t037_h0000009_r001
14000US06089012102,2,19,74,2.0,2,2,2.0,2.0,,2.0,,,1,22.0,2,,,2,6.0,Husband/wife,Master's degree,Female,Not in labor force,,,,,Without a disability,No,No,No,No,No,No,,65_plus,True,generative,syn_t037_h0000009,syn_t037_h0000009_r002
14000US06089012102,1,11,64,2.0,2,2,2.0,2.0,,2.0,15.0,1.0,0,21.0,1,25.0,1.0,2,1.0,Reference person,Bachelor's degree,Male,"Civilian employed, at work",50 to 52 weeks worked during past 12 months,"Car, truck, or van",,,Without a disability,No,No,No,No,No,No,,35_64,True,generative,syn_t037_h0000010,syn_t037_h0000010_r001
14000US06089012102,1,19,75,2.0,1,1,2.0,2.0,,1.0,,,0,19.0,1,,,1,6.0,Reference person,"1 or more years of college credit, no degree",Male,Not in labor force,,,,,With a disability,Yes,Yes,Yes,No,No,No,,65_plus,True,generative,syn_t037_h0000011,syn_t037_h0000011_r001
14000US06089012102,1,9,54,2.0,2,2,2.0,2.0,,2.0,,11.0,0,19.0,2,14.0,1.0,2,1.0,Reference person,"1 or more years of college credit, no degree",Female,"Civilian employed, at work",50 to 52 weeks worked during past 12 months,Worked at home,,,Without a disability,No,No,No,No,No,No,,35_64,True,generative,syn_t037_h0000012,syn_t037_h0000012_r001
14000US06089012102,2,14,20,1.0,2,2,1.0,2.0,,1.0,,,2,13.0,1,,,1,6.0,Biological son or daughter,Grade 10,Male,Not in labor force,,,,,With a disability,No,No,Yes,No,Yes,Yes,,18_34,True,generative,syn_t037_h0000012,syn_t037_h0000012_r002
14000US06089012102,3,12,11,2.0,2,2,,2.0,,2.0,,,3,7.0,2,,,2,,Adopted son or daughter,Grade 4,Female,,,,,,Without a disability,No,No,No,No,,No,,0_17,False,dependent,syn_t037_h0000012,syn_t037_h0000012_r003
14000US06089012102,4,11,9,2.0,2,2,,2.0,,2.0,,,3,6.0,1,,,2,,Adopted son or daughter,Grade 3,Male,,,,,,Without a disability,No,No,No,No,,No,,0_17,False,dependent,syn_t037_h0000012,syn_t037_h0000012_r004
14000US06089012102,1,38,67,2.0,2,2,2.0,2.0,,2.0,,,0,21.0,2,,,2,6.0,Reference person,Bachelor's degree,Female,Not in labor force,,,,,Without a disability,No,No,No,No,No,No,,65_plus,True,generative,syn_t037_h0000013,syn_t037_h0000013_r001
14000US06089012102,2,38,69,2.0,2,2,2.0,2.0,,2.0,,,1,21.0,1,,,2,6.0,Husband/wife,Bachelor's degree,Male,Not in labor force,,,,,Without a disability,No,No,No,No,No,No,,65_plus,True,generative,syn_t037_h0000013,syn_t037_h0000013_r002
14000US06089012200,1,5,64,2.0,2,2,2.0,2.0,,2.0,,,0,22.0,1,,,2,6.0,Reference person,Master's degree,Male,Not in labor force,,,,,Without a disability,No,No,No,No,No,No,,35_64,True,generative,syn_t038_h0000001,syn_t038_h0000001_r001
14000US06089012200,2,12,85,1.0,2,2,1.0,1.0,,2.0,,,6,18.0,2,,,1,6.0,Father or mother,"Some college, but less than 1 year",Female,Not in labor force,,,,,With a disability,No,No,No,Yes,Yes,Yes,,65_plus,True,generative,syn_t038_h0000001,syn_t038_h0000001_r002
14000US06089012200,1,15,30,2.0,2,2,2.0,2.0,3.0,2.0,15.0,1.0,0,19.0,1,40.0,1.0,2,1.0,Reference person,"1 or more years of college credit, no degree",Male,"Civilian employed, at work",50 to 52 weeks worked during past 12 months,"Car, truck, or van",,,Without a disability,No,No,No,No,No,No,30 or 40 percent,18_34,True,generative,syn_t038_h0000002,syn_t038_h0000002_r001
14000US06089012200,2,12,31,2.0,2,2,2.0,2.0,,2.0,20.0,1.0,1,21.0,2,36.0,1.0,2,1.0,Husband/wife,Bachelor's degree,Female,"Civilian employed, at work",50 to 52 weeks worked during past 12 months,"Car, truck, or van",,,Without a disability,No,No,No,No,No,No,,18_34,True,generative,syn_t038_h0000002,syn_t038_h0000002_r002
14000US06089012200,1,36,43,2.0,2,2,2.0,2.0,,2.0,20.0,1.0,0,19.0,1,50.0,1.0,2,1.0,Reference person,"1 or more years of college credit, no degree",Male,"Civilian employed, at work",50 to 52 weeks worked during past 12 months,"Car, truck, or van",,,Without a disability,No,No,No,No,No,No,,35_64,True,generative,syn_t038_h0000003,syn_t038_h0000003_r001
14000US06089012200,1,7,55,2.0,2,2,2.0,2.0,,2.0,10.0,1.0,0,23.0,2,30.0,1.0,2,1.0,Reference person,Professional degree beyond a bachelor's degree,Female,"Civilian employed, at work",50 to 52 weeks worked during past 12 months,"Car, truck, or van",,,Without a disability,No,No,No,No,No,No,,35_64,True,generative,syn_t038_h0000004,syn_t038_h0000004_r001
14000US06089012200,2,6,55,2.0,2,2,2.0,2.0,,2.0,,11.0,1,19.0,1,40.0,1.0,2,1.0,Husband/wife,"1 or more years of college credit, no degree",Male,"Civilian employed, at work",50 to 52 weeks worked during past 12 months,Worked at home,,,Without a disability,No,No,No,No,No,No,,35_64,True,generative,syn_t038_h0000004,syn_t038_h0000004_r002
14000US06089012200,3,10,16,2.0,2,2,2.0,2.0,,2.0,15.0,1.0,2,13.0,1,10.0,5.0,2,1.0,Biological son or daughter,Grade 10,Male,"Civilian employed, at work",14 to 26 weeks worked during past 12 months,"Car, truck, or van",,,Without a disability,No,No,No,No,No,No,,0_17,False,dependent,syn_t038_h0000004,syn_t038_h0000004_r003
14000US06089012200,1,14,44,2.0,2,2,2.0,2.0,,2.0,1.0,1.0,0,16.0,2,5.0,3.0,2,1.0,Reference person,Regular high school diploma,Female,"Civilian employed, at work",40 to 47 weeks worked during past 12 months,"Car, truck, or van",,,Without a disability,No,No,No,No,No,No,,35_64,True,generative,syn_t038_h0000005,syn_t038_h0000005_r001
14000US06089012200,2,8,58,2.0,2,2,2.0,2.0,,2.0,,,1,16.0,1,5.0,3.0,2,6.0,Husband/wife,Regular high school diploma,Male,Not in labor force,40 to 47 weeks worked during past 12 months,,,,Without a disability,No,No,No,No,No,No,,35_64,True,generative,syn_t038_h0000005,syn_t038_h0000005_r002
14000US06089012200,3,9,17,2.0,2,2,2.0,2.0,,2.0,,,2,15.0,1,,,2,6.0,Biological son or daughter,12th grade - no diploma,Male,Not in labor force,,,,,Without a disability,No,No,No,No,No,No,,0_17,False,dependent,syn_t038_h0000005,syn_t038_h0000005_r003
14000US06089012200,4,15,12,2.0,2,2,,2.0,,2.0,,,2,9.0,2,,,2,,Biological son or daughter,Grade 6,Female,,,,,,Without a disability,No,No,No,No,,No,,0_17,False,dependent,syn_t038_h0000005,syn_t038_h0000005_r004
14000US06089012200,1,36,23,2.0,2,2,2.0,2.0,,2.0,15.0,1.0,0,20.0,2,40.0,4.0,2,1.0,Reference person,Associate's degree,Female,"Civilian employed, at work",27 to 39 weeks worked during past 12 months,"Car, truck, or van",,,Without a disability,No,No,No,No,No,No,,18_34,True,generative,syn_t038_h0000006,syn_t038_h0000006_r001
14000US06089012200,2,44,5,2.0,2,2,,2.0,,2.0,,,2,2.0,2,,,2,,Biological son or daughter,"Nursery school, preschool",Female,,,,,,Without a disability,No,No,No,No,,No,,0_17,False,dependent,syn_t038_h0000006,syn_t038_h0000006_r002
14000US06089012200,3,39,4,,2,2,,,,,,,2,1.0,1,,,2,,Biological son or daughter,No schooling completed,Male,,,,,,Without a disability,No,No,,,,,,0_17,False,dependent,syn_t038_h0000006,syn_t038_h0000006_r003
14000US06089012200,4,44,1,,2,2,,,,,,,2,,2,,,2,,Biological son or daughter,,Female,,,,,,Without a disability,No,No,,,,,,0_17,False,dependent,syn_t038_h0000006,syn_t038_h0000006_r004
14000US06089012200,5,55,27,2.0,2,2,2.0,2.0,,2.0,,,13,14.0,1,,,2,6.0,Unmarried partner,Grade 11,Male,Not in labor force,,,,,Without a disability,No,No,No,No,No,No,,18_34,True,generative,syn_t038_h0000006,syn_t038_h0000006_r005
14000US06089012200,1,15,34,2.0,2,2,2.0,2.0,,2.0,20.0,1.0,0,19.0,1,43.0,1.0,2,1.0,Reference person,"1 or more years of college credit, no degree",Male,"Civilian employed, at work",50 to 52 weeks worked during past 12 months,"Car, truck, or van",,,Without a disability,No,No,No,No,No,No,,18_34,True,generative,syn_t038_h0000007,syn_t038_h0000007_r001
14000US06089012200,2,16,35,2.0,2,1,2.0,2.0,,2.0,,,1,20.0,2,,,1,3.0,Husband/wife,Associate's degree,Female,Unemployed,,,,,With a disability,No,Yes,No,No,No,No,,35_64,True,generative,syn_t038_h0000007,syn_t038_h0000007_r002
14000US06089012200,3,14,3,,2,2,,,,,,,2,1.0,1,,,2,,Biological son or daughter,No schooling completed,Male,,,,,,Without a disability,No,No,,,,,,0_17,False,dependent,syn_t038_h0000007,syn_t038_h0000007_r003
14000US06089012200,1,15,31,2.0,2,2,2.0,2.0,,2.0,10.0,1.0,0,19.0,2,40.0,1.0,2,1.0,Reference person,"1 or more years of college credit, no degree",Female,"Civilian employed, at work",50 to 52 weeks worked during past 12 months,"Car, truck, or van",,,Without a disability,No,No,No,No,No,No,,18_34,True,generative,syn_t038_h0000008,syn_t038_h0000008_r001
14000US06089012200,2,17,10,2.0,2,2,,2.0,,2.0,,,2,7.0,1,,,2,,Biological son or daughter,Grade 4,Male,,,,,,Without a disability,No,No,No,No,,No,,0_17,False,dependent,syn_t038_h0000008,syn_t038_h0000008_r002
14000US06089012200,3,62,27,2.0,2,2,2.0,2.0,,2.0,,11.0,13,13.0,1,40.0,1.0,2,1.0,Unmarried partner,Grade 10,Male,"Civilian employed, at work",50 to 52 weeks worked during past 12 months,Worked at home,,,Without a disability,No,No,No,No,No,No,,18_34,True,generative,syn_t038_h0000008,syn_t038_h0000008_r003
14000US06089012200,4,14,4,,2,2,,,,,,,15,1.0,2,,,2,,Other nonrelative,No schooling completed,Female,,,,,,Without a disability,No,No,,,,,,0_17,False,dependent,syn_t038_h0000008,syn_t038_h0000008_r004
14000US06089012200,1,20,37,2.0,2,2,2.0,2.0,,2.0,10.0,1.0,0,21.0,2,40.0,1.0,2,1.0,Reference person,Bachelor's degree,Female,"Civilian employed, at work",50 to 52 weeks worked during past 12 months,"Car, truck, or van",,,Without a disability,No,No,No,No,No,No,,35_64,True,generative,syn_t038_h0000009,syn_t038_h0000009_r001
14000US06089012200,2,17,43,2.0,2,2,2.0,2.0,,2.0,,,1,21.0,1,,,2,6.0,Husband/wife,Bachelor's degree,Male,Not in labor force,,,,,Without a disability,No,No,No,No,No,No,,35_64,True,generative,syn_t038_h0000009,syn_t038_h0000009_r002
14000US06089012200,3,19,6,2.0,2,2,,2.0,,2.0,,,2,3.0,2,,,2,,Biological son or daughter,Kindergarten,Female,,,,,,Without a disability,No,No,No,No,,No,,0_17,False,dependent,syn_t038_h0000009,syn_t038_h0000009_r003
14000US06089012200,4,23,1,,2,2,,,,,,,2,,1,,,2,,Biological son or daughter,,Male,,,,,,Without a disability,No,No,,,,,,0_17,False,dependent,syn_t038_h0000009,syn_t038_h0000009_r004
14000US06089012200,1,14,73,2.0,2,2,2.0,2.0,,2.0,,,0,18.0,1,,,2,6.0,Reference person,"Some college, but less than 1 year",Male,Not in labor force,,,,,Without a disability,No,No,No,No,No,No,,65_plus,True,generative,syn_t038_h0000010,syn_t038_h0000010_r001
14000US06089012200,2,13,71,2.0,2,2,2.0,2.0,,2.0,,,1,16.0,2,,,2,6.0,Husband/wife,Regular high school diploma,Female,Not in labor force,,,,,Without a disability,No,No,No,No,No,No,,65_plus,True,generative,syn_t038_h0000010,syn_t038_h0000010_r002
14000US06089012200,3,19,23,2.0,2,2,2.0,2.0,,2.0,15.0,1.0,7,21.0,2,18.0,3.0,2,1.0,Grandchild,Bachelor's degree,Female,"Civilian employed, at work",40 to 47 weeks worked during past 12 months,"Car, truck, or van",,,Without a disability,No,No,No,No,No,No,,18_34,True,generative,syn_t038_h0000010,syn_t038_h0000010_r003
14000US06089012200,1,13,52,2.0,2,2,2.0,2.0,,2.0,15.0,1.0,0,18.0,2,31.0,1.0,2,1.0,Reference person,"Some college, but less than 1 year",Female,"Civilian employed, at work",50 to 52 weeks worked during past 12 months,"Car, truck, or van",,,Without a disability,No,No,No,No,No,No,,35_64,True,generative,syn_t038_h0000011,syn_t038_h0000011_r001
14000US06089012200,2,15,20,2.0,2,2,2.0,2.0,,2.0,8.0,1.0,2,19.0,2,40.0,5.0,2,1.0,Biological son or daughter,"1 or more years of college credit, no degree",Female,"Civilian employed, at work",14 to 26 weeks worked during past 12 months,"Car, truck, or van",,,Without a disability,No,No,No,No,No,No,,18_34,True,generative,syn_t038_h0000011,syn_t038_h0000011_r002
14000US06089012200,1,43,46,2.0,2,2,2.0,2.0,,2.0,,11.0,0,18.0,2,40.0,3.0,2,1.0,Reference person,"Some college, but less than 1 year",Female,"Civilian employed, at work",40 to 47 weeks worked during past 12 months,Worked at home,,,Without a disability,No,No,No,No,No,No,,35_64,True,generative,syn_t038_h0000012,syn_t038_h0000012_r001
14000US06089012200,2,46,18,2.0,2,2,2.0,2.0,,2.0,,,2,19.0,2,,,2,6.0,Biological son or daughter,"1 or more years of college credit, no degree",Female,Not in labor force,,,,,Without a disability,No,No,No,No,No,No,,18_34,True,generative,syn_t038_h0000012,syn_t038_h0000012_r002
14000US06089012200,1,18,42,2.0,2,2,2.0,2.0,,2.0,60.0,1.0,0,18.0,2,35.0,1.0,2,1.0,Reference person,"Some college, but less than 1 year",Female,"Civilian employed, at work",50 to 52 weeks worked during past 12 months,"Car, truck, or van",,,Without a disability,No,No,No,No,No,No,,35_64,True,generative,syn_t038_h0000013,syn_t038_h0000013_r001
14000US06089012200,2,9,13,2.0,2,2,,2.0,,2.0,,,2,9.0,1,,,2,,Biological son or daughter,Grade 6,Male,,,,,,Without a disability,No,No,No,No,,No,,0_17,False,dependent,syn_t038_h0000013,syn_t038_h0000013_r002
14000US06089012200,1,19,23,2.0,2,2,2.0,2.0,,2.0,20.0,9.0,0,18.0,1,40.0,1.0,2,1.0,Reference person,"Some college, but less than 1 year",Male,"Civilian employed, at work",50 to 52 weeks worked during past 12 months,Bicycle,,,Without a disability,No,No,No,No,No,No,,18_34,True,generative,syn_t038_h0000014,syn_t038_h0000014_r001
14000US06089012200,2,26,21,2.0,1,2,2.0,1.0,,2.0,,,11,19.0,2,,,1,6.0,Roomer or boarder,"1 or more years of college credit, no degree",Female,Not in labor force,,,,,With a disability,Yes,No,No,Yes,No,No,,18_34,True,generative,syn_t038_h0000014,syn_t038_h0000014_r002
14000US06089012200,1,64,49,2.0,2,2,2.0,2.0,,2.0,20.0,1.0,0,19.0,2,30.0,1.0,2,1.0,Reference person,"1 or more years of college credit, no degree",Female,"Civilian employed, at work",50 to 52 weeks worked during past 12 months,"Car, truck, or van",,,Without a disability,No,No,No,No,No,No,,35_64,True,generative,syn_t038_h0000015,syn_t038_h0000015_r001
14000US06089012200,2,62,52,2.0,2,2,2.0,2.0,,2.0,,,1,16.0,1,,,2,3.0,Husband/wife,Regular high school diploma,Male,Unemployed,,,,,Without a disability,No,No,No,No,No,No,,35_64,True,generative,syn_t038_h0000015,syn_t038_h0000015_r002
14000US06089012200,1,18,63,2.0,2,2,2.0,2.0,,2.0,,,0,16.0,1,,,2,6.0,Reference person,Regular high school diploma,Male,Not in labor force,,,,,Without a disability,No,No,No,No,No,No,,35_64,True,generative,syn_t038_h0000016,syn_t038_h0000016_r001
14000US06089012200,1,19,68,2.0,2,2,2.0,1.0,,1.0,,,0,20.0,1,,,1,6.0,Reference person,Associate's degree,Male,Not in labor force,,,,,With a disability,No,No,Yes,Yes,No,No,,65_plus,True,generative,syn_t038_h0000017,syn_t038_h0000017_r001
14000US06089012200,1,33,25,2.0,2,2,2.0,1.0,,2.0,,,0,19.0,1,,,1,6.0,Reference person,"1 or more years of college credit, no degree",Male,Not in labor force,,,,,With a disability,No,No,No,Yes,No,No,,18_34,True,generative,syn_t038_h0000018,syn_t038_h0000018_r001
14000US06089012200,2,68,3,,2,2,,,,,,,2,1.0,1,,,2,,Biological son or daughter,No schooling completed,Male,,,,,,Without a disability,No,No,,,,,,0_17,False,dependent,syn_t038_h0000018,syn_t038_h0000018_r002
14000US06089012200,3,44,22,2.0,2,2,2.0,2.0,,2.0,15.0,1.0,13,19.0,2,40.0,1.0,2,1.0,Unmarried partner,"1 or more years of college credit, no degree",Female,"Civilian employed, at work",50 to 52 weeks worked during past 12 months,"Car, truck, or van",,,Without a disability,No,No,No,No,No,No,,18_34,True,generative,syn_t038_h0000018,syn_t038_h0000018_r003
14000US06089012200,1,7,67,1.0,1,2,1.0,2.0,,1.0,,,0,13.0,1,,,1,6.0,Reference person,Grade 10,Male,Not in labor force,,,,,With a disability,Yes,No,Yes,No,Yes,Yes,,65_plus,True,generative,syn_t038_h0000019,syn_t038_h0000019_r001
14000US06089012200,2,6,66,1.0,2,2,1.0,1.0,,1.0,,,1,13.0,2,,,1,6.0,Husband/wife,Grade 10,Female,Not in labor force,,,,,With a disability,No,No,Yes,Yes,Yes,Yes,,65_plus,True,generative,syn_t038_h0000019,syn_t038_h0000019_r002
14000US06089012200,3,14,27,2.0,1,1,2.0,2.0,,1.0,,,7,16.0,1,,,1,6.0,Grandchild,Regular high school diploma,Male,Not in labor force,,,,,With a disability,Yes,Yes,Yes,No,No,No,,18_34,True,generative,syn_t038_h0000019,syn_t038_h0000019_r003
14000US06089012200,1,18,63,2.0,2,2,2.0,2.0,,2.0,,11.0,0,20.0,2,8.0,1.0,2,1.0,Reference person,Associate's degree,Female,"Civilian employed, at work",50 to 52 weeks worked during past 12 months,Worked at home,,,Without a disability,No,No,No,No,No,No,,35_64,True,generative,syn_t038_h0000020,syn_t038_h0000020_r001
14000US06089012200,2,18,63,2.0,2,2,2.0,2.0,,2.0,2.0,1.0,1,16.0,1,60.0,1.0,2,1.0,Husband/wife,Regular high school diploma,Male,"Civilian employed, at work",50 to 52 weeks worked during past 12 months,"Car, truck, or van",,,Without a disability,No,No,No,No,No,No,,35_64,True,generative,syn_t038_h0000020,syn_t038_h0000020_r002
14000US06089012200,1,20,64,2.0,2,2,1.0,1.0,,1.0,,,0,10.0,1,,,1,6.0,Reference person,Grade 7,Male,Not in labor force,,,,,With a disability,No,No,Yes,Yes,Yes,No,,35_64,True,generative,syn_t038_h0000021,syn_t038_h0000021_r001
14000US06089012200,1,22,55,2.0,2,2,2.0,2.0,,2.0,,,0,14.0,1,,,2,6.0,Reference person,Grade 11,Male,Not in labor force,,,,,Without a disability,No,No,No,No,No,No,,35_64,True,generative,syn_t038_h0000022,syn_t038_h0000022_r001
14000US06089012200,2,29,55,2.0,2,2,2.0,2.0,,2.0,12.0,1.0,1,19.0,2,40.0,1.0,2,1.0,Husband/wife,"1 or more years of college credit, no degree",Female,"Civilian employed, at work",50 to 52 weeks worked during past 12 months,"Car, truck, or van",,,Without a disability,No,No,No,No,No,No,,35_64,True,generative,syn_t038_h0000022,syn_t038_h0000022_r002
14000US06089012200,1,7,54,2.0,2,2,2.0,2.0,,2.0,20.0,1.0,0,16.0,2,30.0,1.0,2,1.0,Reference person,Regular high school diploma,Female,"Civilian employed, at work",50 to 52 weeks worked during past 12 months,"Car, truck, or van",,,Without a disability,No,No,No,No,No,No,,35_64,True,generative,syn_t038_h0000023,syn_t038_h0000023_r001
14000US06089012200,2,8,52,2.0,2,2,2.0,2.0,,2.0,20.0,1.0,1,16.0,1,50.0,1.0,2,1.0,Husband/wife,Regular high school diploma,Male,"Civilian employed, at work",50 to 52 weeks worked during past 12 months,"Car, truck, or van",,,Without a disability,No,No,No,No,No,No,,35_64,True,generative,syn_t038_h0000023,syn_t038_h0000023_r002
14000US06089012200,1,3,60,2.0,2,2,2.0,2.0,,2.0,70.0,1.0,0,16.0,2,40.0,1.0,2,1.0,Reference person,Regular high school diploma,Female,"Civilian employed, at work",50 to 52 weeks worked during past 12 months,"Car, truck, or van",,,Without a disability,No,No,No,No,No,No,,35_64,True,generative,syn_t038_h0000024,syn_t038_h0000024_r001
14000US06089012200,2,3,71,2.0,2,2,2.0,2.0,,2.0,70.0,1.0,1,21.0,1,40.0,1.0,2,1.0,Husband/wife,Bachelor's degree,Male,"Civilian employed, at work",50 to 52 weeks worked during past 12 months,"Car, truck, or van",,,Without a disability,No,No,No,No,No,No,,65_plus,True,generative,syn_t038_h0000024,syn_t038_h0000024_r002
14000US06089012200,1,24,50,2.0,2,2,2.0,2.0,,2.0,,,0,16.0,1,,,2,6.0,Reference person,Regular high school diploma,Male,Not in labor force,,,,,Without a disability,No,No,No,No,No,No,,35_64,True,generative,syn_t038_h0000025,syn_t038_h0000025_r001
14000US06089012200,1,35,53,2.0,2,2,2.0,2.0,,2.0,20.0,1.0,0,19.0,2,40.0,1.0,2,1.0,Reference person,"1 or more years of college credit, no degree",Female,"Civilian employed, at work",50 to 52 weeks worked during past 12 months,"Car, truck, or van",,,Without a disability,No,No,No,No,No,No,,35_64,True,generative,syn_t038_h0000026,syn_t038_h0000026_r001
14000US06089012200,1,49,33,2.0,2,2,2.0,2.0,,2.0,10.0,1.0,0,21.0,1,40.0,1.0,2,1.0,Reference person,Bachelor's degree,Male,"Civilian employed, at work",50 to 52 weeks worked during past 12 months,"Car, truck, or van",,,Without a disability,No,No,No,No,No,No,,18_34,True,generative,syn_t038_h0000027,syn_t038_h0000027_r001
14000US06089012200,2,48,31,2.0,2,2,2.0,2.0,,2.0,10.0,1.0,1,21.0,2,20.0,1.0,2,1.0,Husband/wife,Bachelor's degree,Female,"Civilian employed, at work",50 to 52 weeks worked during past 12 months,"Car, truck, or van",,,Without a disability,No,No,No,No,No,No,,18_34,True,generative,syn_t038_h0000027,syn_t038_h0000027_r002
14000US06089012200,1,2,74,2.0,2,2,2.0,2.0,,2.0,35.0,1.0,0,21.0,1,40.0,4.0,2,1.0,Reference person,Bachelor's degree,Male,"Civilian employed, at work",27 to 39 weeks worked during past 12 months,"Car, truck, or van",,,Without a disability,No,No,No,No,No,No,,65_plus,True,generative,syn_t038_h0000028,syn_t038_h0000028_r001
14000US06089012200,2,3,65,2.0,2,2,2.0,2.0,,2.0,,,1,21.0,2,40.0,4.0,2,6.0,Husband/wife,Bachelor's degree,Female,Not in labor force,27 to 39 weeks worked during past 12 months,,,,Without a disability,No,No,No,No,No,No,,65_plus,True,generative,syn_t038_h0000028,syn_t038_h0000028_r002
14000US06089012200,1,15,59,1.0,2,1,1.0,1.0,,1.0,,,0,19.0,2,,,1,6.0,Reference person,"1 or more years of college credit, no degree",Female,Not in labor force,,,,,With a disability,No,Yes,Yes,Yes,Yes,Yes,,35_64,True,generative,syn_t038_h0000029,syn_t038_h0000029_r001
14000US06089012200,2,9,63,2.0,2,2,2.0,2.0,,2.0,,,1,19.0,1,,,2,6.0,Husband/wife,"1 or more years of college credit, no degree",Male,Not in labor force,,,,,Without a disability,No,No,No,No,No,No,,35_64,True,generative,syn_t038_h0000029,syn_t038_h0000029_r002
14000US06089012200,1,25,32,2.0,2,2,2.0,2.0,,2.0,7.0,1.0,0,16.0,2,40.0,1.0,2,1.0,Reference person,Regular high school diploma,Female,"Civilian employed, at work",50 to 52 weeks worked during past 12 months,"Car, truck, or van",,,Without a disability,No,No,No,No,No,No,,18_34,True,generative,syn_t038_h0000030,syn_t038_h0000030_r001
14000US06089012200,2,21,16,2.0,2,2,2.0,2.0,,2.0,,,2,14.0,1,,,2,6.0,Biological son or daughter,Grade 11,Male,Not in labor force,,,,,Without a disability,No,No,No,No,No,No,,0_17,False,dependent,syn_t038_h0000030,syn_t038_h0000030_r002
14000US06089012200,3,39,9,2.0,2,2,,2.0,,2.0,,,2,6.0,1,,,2,,Biological son or daughter,Grade 3,Male,,,,,,Without a disability,No,No,No,No,,No,,0_17,False,dependent,syn_t038_h0000030,syn_t038_h0000030_r003
14000US06089012200,4,27,2,,2,2,,,,,,,2,,1,,,2,,Biological son or daughter,,Male,,,,,,Without a disability,No,No,,,,,,0_17,False,dependent,syn_t038_h0000030,syn_t038_h0000030_r004
14000US06089012200,5,27,0,,2,2,,,,,,,2,,1,,,2,,Biological son or daughter,,Male,,,,,,Without a disability,No,No,,,,,,0_17,False,dependent,syn_t038_h0000030,syn_t038_h0000030_r005
14000US06089012200,1,40,32,2.0,2,2,2.0,2.0,2.0,2.0,60.0,1.0,0,20.0,1,36.0,1.0,2,1.0,Reference person,Associate's degree,Male,"Civilian employed, at work",50 to 52 weeks worked during past 12 months,"Car, truck, or van",,,Without a disability,No,No,No,No,No,No,10 or 20 percent,18_34,True,generative,syn_t038_h0000031,syn_t038_h0000031_r001
14000US06089012200,2,41,33,2.0,2,2,2.0,2.0,,2.0,,,1,22.0,2,,,2,6.0,Husband/wife,Master's degree,Female,Not in labor force,,,,,Without a disability,No,No,No,No,No,No,,18_34,True,generative,syn_t038_h0000031,syn_t038_h0000031_r002
14000US06089012200,3,48,2,,2,2,,,,,,,2,,2,,,2,,Biological son or daughter,,Female,,,,,,Without a disability,No,No,,,,,,0_17,False,dependent,syn_t038_h0000031,syn_t038_h0000031_r003
14000US06089012200,4,38,0,,2,2,,,,,,,2,,1,,,2,,Biological son or daughter,,Male,,,,,,Without a disability,No,No,,,,,,0_17,False,dependent,syn_t038_h0000031,syn_t038_h0000031_r004
14000US06089012301,1,45,46,2.0,2,2,2.0,2.0,,2.0,10.0,1.0,0,18.0,1,40.0,1.0,2,1.0,Reference person,"Some college, but less than 1 year",Male,"Civilian employed, at work",50 to 52 weeks worked during past 12 months,"Car, truck, or van",,,Without a disability,No,No,No,No,No,No,,35_64,True,generative,syn_t039_h0000001,syn_t039_h0000001_r001
14000US06089012301,2,51,42,2.0,2,2,2.0,2.0,,2.0,10.0,1.0,1,18.0,2,36.0,4.0,2,1.0,Husband/wife,"Some college, but less than 1 year",Female,"Civilian employed, at work",27 to 39 weeks worked during past 12 months,"Car, truck, or van",,,Without a disability,No,No,No,No,No,No,,35_64,True,generative,syn_t039_h0000001,syn_t039_h0000001_r002
14000US06089012301,3,42,17,2.0,2,2,2.0,2.0,,2.0,,,2,14.0,2,,,2,6.0,Biological son or daughter,Grade 11,Female,Not in labor force,,,,,Without a disability,No,No,No,No,No,No,,0_17,False,dependent,syn_t039_h0000001,syn_t039_h0000001_r003
14000US06089012301,4,31,19,2.0,2,2,2.0,2.0,,2.0,10.0,1.0,4,16.0,1,32.0,6.0,2,1.0,Stepson or stepdaughter,Regular high school diploma,Male,"Civilian employed, at work",less than 14 weeks worked during past 12 months,"Car, truck, or van",,,Without a disability,No,No,No,No,No,No,,18_34,True,generative,syn_t039_h0000001,syn_t039_h0000001_r004
14000US06089012301,5,43,16,2.0,2,1,2.0,1.0,,2.0,,,4,13.0,2,,,1,6.0,Stepson or stepdaughter,Grade 10,Female,Not in labor force,,,,,With a disability,No,Yes,No,Yes,No,No,,0_17,False,dependent,syn_t039_h0000001,syn_t039_h0000001_r005
14000US06089012301,1,11,82,2.0,2,2,2.0,2.0,,2.0,,,0,16.0,1,,,2,6.0,Reference person,Regular high school diploma,Male,Not in labor force,,,,,Without a disability,No,No,No,No,No,No,,65_plus,True,generative,syn_t039_h0000002,syn_t039_h0000002_r001
14000US06089012301,2,14,83,2.0,2,2,2.0,2.0,,2.0,,,1,16.0,2,,,2,6.0,Husband/wife,Regular high school diploma,Female,Not in labor force,,,,,Without a disability,No,No,No,No,No,No,,65_plus,True,generative,syn_t039_h0000002,syn_t039_h0000002_r002
14000US06089012301,1,35,53,2.0,2,2,2.0,2.0,,2.0,20.0,1.0,0,19.0,2,40.0,1.0,2,1.0,Reference person,"1 or more years of college credit, no degree",Female,"Civilian employed, at work",50 to 52 weeks worked during past 12 months,"Car, truck, or van",,,Without a disability,No,No,No,No,No,No,,35_64,True,generative,syn_t039_h0000003,syn_t039_h0000003_r001
14000US06089012301,1,35,65,2.0,1,2,2.0,2.0,,2.0,,,0,14.0,1,,,1,6.0,Reference person,Grade 11,Male,Not in labor force,,,,,With a disability,Yes,No,No,No,No,No,,65_plus,True,generative,syn_t039_h0000004,syn_t039_h0000004_r001
14000US06089012301,1,26,28,2.0,2,2,2.0,2.0,,2.0,30.0,1.0,0,19.0,2,40.0,1.0,2,1.0,Reference person,"1 or more years of college credit, no degree",Female,"Civilian employed, at work",50 to 52 weeks worked during past 12 months,"Car, truck, or van",,,Without a disability,No,No,No,No,No,No,,18_34,True,generative,syn_t039_h0000005,syn_t039_h0000005_r001
14000US06089012301,2,26,58,2.0,1,2,1.0,1.0,,1.0,,,8,16.0,2,,,1,6.0,Parent-in-law,Regular high school diploma,Female,Not in labor force,,,,,With a disability,Yes,No,Yes,Yes,Yes,No,,35_64,True,generative,syn_t039_h0000005,syn_t039_h0000005_r002
14000US06089012301,1,19,47,2.0,2,2,2.0,2.0,,2.0,2.0,10.0,0,16.0,1,40.0,1.0,2,1.0,Reference person,Regular high school diploma,Male,"Civilian employed, at work",50 to 52 weeks worked during past 12 months,Walked,,,Without a disability,No,No,No,No,No,No,,35_64,True,generative,syn_t039_h0000006,syn_t039_h0000006_r001
14000US06089012301,2,20,19,2.0,2,2,2.0,2.0,,2.0,3.0,1.0,4,14.0,2,20.0,6.0,2,1.0,Stepson or stepdaughter,Grade 11,Female,"Civilian employed, at work",less than 14 weeks worked during past 12 months,"Car, truck, or van",,,Without a disability,No,No,No,No,No,No,,18_34,True,generative,syn_t039_h0000006,syn_t039_h0000006_r002
14000US06089012301,1,23,22,2.0,2,2,2.0,2.0,,2.0,10.0,1.0,0,20.0,2,40.0,1.0,2,1.0,Reference person,Associate's degree,Female,"Civilian employed, at work",50 to 52 weeks worked during past 12 months,"Car, truck, or van",,,Without a disability,No,No,No,No,No,No,,18_34,True,generative,syn_t039_h0000007,syn_t039_h0000007_r001
14000US06089012301,2,17,21,2.0,2,2,2.0,2.0,,2.0,,,1,16.0,1,30.0,4.0,2,6.0,Husband/wife,Regular high school diploma,Male,Not in labor force,27 to 39 weeks worked during past 12 months,,,,Without a disability,No,No,No,No,No,No,,18_34,True,generative,syn_t039_h0000007,syn_t039_h0000007_r002
14000US06089012301,1,10,67,2.0,2,2,2.0,2.0,,2.0,,,0,16.0,1,,,2,6.0,Reference person,Regular high school diploma,Male,Not in labor force,,,,,Without a disability,No,No,No,No,No,No,,65_plus,True,generative,syn_t039_h0000008,syn_t039_h0000008_r001
14000US06089012301,1,12,56,2.0,2,2,2.0,2.0,,2.0,,,0,16.0,2,,,2,6.0,Reference person,Regular high school diploma,Female,Not in labor force,,,,,Without a disability,No,No,No,No,No,No,,35_64,True,generative,syn_t039_h0000009,syn_t039_h0000009_r001
14000US06089012301,2,11,57,2.0,1,2,1.0,2.0,,1.0,,,1,19.0,1,,,1,6.0,Husband/wife,"1 or more years of college credit, no degree",Male,Not in labor force,,,,,With a disability,Yes,No,Yes,No,Yes,No,,35_64,True,generative,syn_t039_h0000009,syn_t039_h0000009_r002
14000US06089012301,1,13,57,1.0,2,2,2.0,1.0,5.0,2.0,,,0,16.0,1,,,1,6.0,Reference person,Regular high school diploma,Male,Not in labor force,,,,,With a disability,No,No,No,Yes,No,Yes,"70, 80, 90, or 100 percent",35_64,True,generative,syn_t039_h0000010,syn_t039_h0000010_r001
14000US06089012301,2,14,62,2.0,2,1,2.0,2.0,,2.0,,,1,19.0,2,,,1,6.0,Husband/wife,"1 or more years of college credit, no degree",Female,Not in labor force,,,,,With a disability,No,Yes,No,No,No,No,,35_64,True,generative,syn_t039_h0000010,syn_t039_h0000010_r002
14000US06089012301,1,18,66,2.0,2,2,2.0,2.0,,2.0,15.0,10.0,0,19.0,2,29.0,4.0,2,1.0,Reference person,"1 or more years of college credit, no degree",Female,"Civilian employed, at work",27 to 39 weeks worked during past 12 months,Walked,,,Without a disability,No,No,No,No,No,No,,65_plus,True,generative,syn_t039_h0000011,syn_t039_h0000011_r001
14000US06089012301,2,19,24,2.0,2,2,2.0,2.0,,2.0,,,2,16.0,1,,,2,6.0,Biological son or daughter,Regular high school diploma,Male,Not in labor force,,,,,Without a disability,No,No,No,No,No,No,,18_34,True,generative,syn_t039_h0000011,syn_t039_h0000011_r002
14000US06089012301,1,28,62,2.0,2,2,2.0,2.0,,2.0,,,0,1.0,1,35.0,4.0,2,3.0,Reference person,No schooling completed,Male,Unemployed,27 to 39 weeks worked during past 12 months,,,,Without a disability,No,No,No,No,No,No,,35_64,True,generative,syn_t039_h0000012,syn_t039_h0000012_r001
14000US06089012301,2,36,19,2.0,2,2,2.0,2.0,,2.0,,,2,14.0,1,,,2,3.0,Biological son or daughter,Grade 11,Male,Unemployed,,,,,Without a disability,No,No,No,No,No,No,,18_34,True,generative,syn_t039_h0000012,syn_t039_h0000012_r002
14000US06089012301,3,25,17,2.0,2,2,2.0,2.0,,2.0,,,2,14.0,2,,,2,6.0,Biological son or daughter,Grade 11,Female,Not in labor force,,,,,Without a disability,No,No,No,No,No,No,,0_17,False,dependent,syn_t039_h0000012,syn_t039_h0000012_r003
14000US06089012301,4,25,16,2.0,2,2,2.0,2.0,,2.0,,,2,12.0,2,,,2,6.0,Biological son or daughter,Grade 9,Female,Not in labor force,,,,,Without a disability,No,No,No,No,No,No,,0_17,False,dependent,syn_t039_h0000012,syn_t039_h0000012_r004
14000US06089012301,1,6,61,2.0,2,2,2.0,2.0,,2.0,,,0,20.0,2,,,2,6.0,Reference person,Associate's degree,Female,Not in labor force,,,,,Without a disability,No,No,No,No,No,No,,35_64,True,generative,syn_t039_h0000013,syn_t039_h0000013_r001
14000US06089012301,1,37,60,2.0,2,2,2.0,2.0,,2.0,15.0,1.0,0,19.0,2,40.0,1.0,2,1.0,Reference person,"1 or more years of college credit, no degree",Female,"Civilian employed, at work",50 to 52 weeks worked during past 12 months,"Car, truck, or van",,,Without a disability,No,No,No,No,No,No,,35_64,True,generative,syn_t039_h0000014,syn_t039_h0000014_r001
14000US06089012301,2,38,56,2.0,2,2,2.0,2.0,,2.0,7.0,1.0,1,16.0,1,40.0,3.0,2,1.0,Husband/wife,Regular high school diploma,Male,"Civilian employed, at work",40 to 47 weeks worked during past 12 months,"Car, truck, or van",,,Without a disability,No,No,No,No,No,No,,35_64,True,generative,syn_t039_h0000014,syn_t039_h0000014_r002
14000US06089012301,3,40,21,2.0,2,2,2.0,2.0,,2.0,,,7,16.0,2,40.0,4.0,2,2.0,Grandchild,Regular high school diploma,Female,"Civilian employed, with a job but not at work",27 to 39 weeks worked during past 12 months,,,,Without a disability,No,No,No,No,No,No,,18_34,True,generative,syn_t039_h0000014,syn_t039_h0000014_r003
14000US06089012301,4,38,19,2.0,2,2,2.0,2.0,,2.0,20.0,1.0,7,16.0,1,20.0,5.0,2,1.0,Grandchild,Regular high school diploma,Male,"Civilian employed, at work",14 to 26 weeks worked during past 12 months,"Car, truck, or van",,,Without a disability,No,No,No,No,No,No,,18_34,True,generative,syn_t039_h0000014,syn_t039_h0000014_r004
14000US06089012301,5,34,33,2.0,2,2,2.0,2.0,,2.0,20.0,1.0,10,16.0,1,20.0,4.0,2,1.0,Other relative,Regular high school diploma,Male,"Civilian employed, at work",27 to 39 weeks worked during past 12 months,"Car, truck, or van",,,Without a disability,No,No,No,No,No,No,,18_34,True,generative,syn_t039_h0000014,syn_t039_h0000014_r005
14000US06089012301,6,32,6,2.0,2,2,,2.0,,2.0,,,10,4.0,2,,,2,,Other relative,Grade 1,Female,,,,,,Without a disability,No,No,No,No,,No,,0_17,False,dependent,syn_t039_h0000014,syn_t039_h0000014_r006
14000US06089012301,7,32,5,2.0,2,2,,2.0,,2.0,,,10,2.0,2,,,2,,Other relative,"Nursery school, preschool",Female,,,,,,Without a disability,No,No,No,No,,No,,0_17,False,dependent,syn_t039_h0000014,syn_t039_h0000014_r007
14000US06089012301,1,21,55,2.0,2,2,2.0,2.0,,2.0,,,0,20.0,1,,,2,6.0,Reference person,Associate's degree,Male,Not in labor force,,,,,Without a disability,No,No,No,No,No,No,,35_64,True,generative,syn_t039_h0000015,syn_t039_h0000015_r001
14000US06089012301,2,25,53,2.0,2,2,2.0,2.0,,2.0,15.0,1.0,1,21.0,2,40.0,1.0,2,1.0,Husband/wife,Bachelor's degree,Female,"Civilian employed, at work",50 to 52 weeks worked during past 12 months,"Car, truck, or van",,,Without a disability,No,No,No,No,No,No,,35_64,True,generative,syn_t039_h0000015,syn_t039_h0000015_r002
14000US06089012301,3,56,27,2.0,2,2,2.0,2.0,,2.0,,,2,21.0,1,30.0,6.0,2,3.0,Biological son or daughter,Bachelor's degree,Male,Unemployed,less than 14 weeks worked during past 12 months,,,,Without a disability,No,No,No,No,No,No,,18_34,True,generative,syn_t039_h0000015,syn_t039_h0000015_r003
14000US06089012301,1,44,31,2.0,2,2,2.0,2.0,,2.0,10.0,1.0,0,4.0,1,40.0,5.0,2,1.0,Reference person,Grade 1,Male,"Civilian employed, at work",14 to 26 weeks worked during past 12 months,"Car, truck, or van",,,Without a disability,No,No,No,No,No,No,,18_34,True,generative,syn_t039_h0000016,syn_t039_h0000016_r001
14000US06089012301,2,40,29,2.0,2,2,2.0,2.0,,2.0,,,1,20.0,2,,,2,6.0,Husband/wife,Associate's degree,Female,Not in labor force,,,,,Without a disability,No,No,No,No,No,No,,18_34,True,generative,syn_t039_h0000016,syn_t039_h0000016_r002
14000US06089012301,3,41,13,2.0,2,2,,2.0,,2.0,,,2,10.0,2,,,2,,Biological son or daughter,Grade 7,Female,,,,,,Without a disability,No,No,No,No,,No,,0_17,False,dependent,syn_t039_h0000016,syn_t039_h0000016_r003
14000US06089012301,4,46,4,,2,2,,,,,,,2,1.0,1,,,2,,Biological son or daughter,No schooling completed,Male,,,,,,Without a disability,No,No,,,,,,0_17,False,dependent,syn_t039_h0000016,syn_t039_h0000016_r004
14000US06089012301,5,37,2,,2,2,,,,,,,2,,2,,,2,,Biological son or daughter,,Female,,,,,,Without a disability,No,No,,,,,,0_17,False,dependent,syn_t039_h0000016,syn_t039_h0000016_r005
14000US06089012302,1,33,30,2.0,2,2,2.0,2.0,,2.0,12.0,1.0,0,20.0,1,50.0,1.0,2,1.0,Reference person,Associate's degree,Male,"Civilian employed, at work",50 to 52 weeks worked during past 12 months,"Car, truck, or van",,,Without a disability,No,No,No,No,No,No,,18_34,True,generative,syn_t040_h0000001,syn_t040_h0000001_r001
14000US06089012302,2,37,26,2.0,2,2,2.0,2.0,,2.0,,,1,19.0,2,17.0,4.0,2,6.0,Husband/wife,"1 or more years of college credit, no degree",Female,Not in labor force,27 to 39 weeks worked during past 12 months,,,,Without a disability,No,No,No,No,No,No,,18_34,True,generative,syn_t040_h0000001,syn_t040_h0000001_r002
14000US06089012302,3,40,5,2.0,2,2,,2.0,,2.0,,,2,2.0,1,,,2,,Biological son or daughter,"Nursery school, preschool",Male,,,,,,Without a disability,No,No,No,No,,No,,0_17,False,dependent,syn_t040_h0000001,syn_t040_h0000001_r003
14000US06089012302,1,52,72,2.0,2,2,2.0,1.0,,2.0,,,0,13.0,1,,,1,6.0,Reference person,Grade 10,Male,Not in labor force,,,,,With a disability,No,No,No,Yes,No,No,,65_plus,True,generative,syn_t040_h0000002,syn_t040_h0000002_r001
14000US06089012302,1,21,55,2.0,2,2,2.0,2.0,,2.0,,,0,20.0,1,,,2,6.0,Reference person,Associate's degree,Male,Not in labor force,,,,,Without a disability,No,No,No,No,No,No,,35_64,True,generative,syn_t040_h0000003,syn_t040_h0000003_r001
14000US06089012302,2,25,53,2.0,2,2,2.0,2.0,,2.0,15.0,1.0,1,21.0,2,40.0,1.0,2,1.0,Husband/wife,Bachelor's degree,Female,"Civilian employed, at work",50 to 52 weeks worked during past 12 months,"Car, truck, or van",,,Without a disability,No,No,No,No,No,No,,35_64,True,generative,syn_t040_h0000003,syn_t040_h0000003_r002
14000US06089012302,3,56,27,2.0,2,2,2.0,2.0,,2.0,,,2,21.0,1,30.0,6.0,2,3.0,Biological son or daughter,Bachelor's degree,Male,Unemployed,less than 14 weeks worked during past 12 months,,,,Without a disability,No,No,No,No,No,No,,18_34,True,generative,syn_t040_h0000003,syn_t040_h0000003_r003
14000US06089012302,1,12,57,2.0,2,2,2.0,2.0,,2.0,,,0,21.0,1,,,2,6.0,Reference person,Bachelor's degree,Male,Not in labor force,,,,,Without a disability,No,No,No,No,No,No,,35_64,True,generative,syn_t040_h0000004,syn_t040_h0000004_r001
14000US06089012302,2,12,57,2.0,2,2,2.0,2.0,,2.0,,,1,16.0,2,,,2,6.0,Husband/wife,Regular high school diploma,Female,Not in labor force,,,,,Without a disability,No,No,No,No,No,No,,35_64,True,generative,syn_t040_h0000004,syn_t040_h0000004_r002
14000US06089012302,1,20,53,2.0,2,2,2.0,2.0,,2.0,20.0,1.0,0,16.0,2,45.0,1.0,2,1.0,Reference person,Regular high school diploma,Female,"Civilian employed, at work",50 to 52 weeks worked during past 12 months,"Car, truck, or van",,,Without a disability,No,No,No,No,No,No,,35_64,True,generative,syn_t040_h0000005,syn_t040_h0000005_r001
14000US06089012302,2,19,55,2.0,2,2,2.0,2.0,,2.0,15.0,1.0,1,16.0,1,45.0,1.0,2,1.0,Husband/wife,Regular high school diploma,Male,"Civilian employed, at work",50 to 52 weeks worked during past 12 months,"Car, truck, or van",,,Without a disability,No,No,No,No,No,No,,35_64,True,generative,syn_t040_h0000005,syn_t040_h0000005_r002
14000US06089012302,1,12,57,2.0,2,2,2.0,2.0,,2.0,10.0,1.0,0,16.0,1,50.0,1.0,2,1.0,Reference person,Regular high school diploma,Male,"Civilian employed, at work",50 to 52 weeks worked during past 12 months,"Car, truck, or van",,,Without a disability,No,No,No,No,No,No,,35_64,True,generative,syn_t040_h0000006,syn_t040_h0000006_r001
14000US06089012302,2,12,55,2.0,2,2,2.0,2.0,,2.0,20.0,1.0,1,17.0,2,35.0,1.0,2,1.0,Husband/wife,GED or alternative credential,Female,"Civilian employed, at work",50 to 52 weeks worked during past 12 months,"Car, truck, or van",,,Without a disability,No,No,No,No,No,No,,35_64,True,generative,syn_t040_h0000006,syn_t040_h0000006_r002
14000US06089012302,1,9,51,2.0,2,2,2.0,2.0,,2.0,15.0,1.0,0,16.0,2,40.0,1.0,2,1.0,Reference person,Regular high school diploma,Female,"Civilian employed, at work",50 to 52 weeks worked during past 12 months,"Car, truck, or van",,,Without a disability,No,No,No,No,No,No,,35_64,True,generative,syn_t040_h0000007,syn_t040_h0000007_r001
14000US06089012302,2,10,67,2.0,2,2,2.0,2.0,5.0,2.0,,,1,16.0,1,,,2,6.0,Husband/wife,Regular high school diploma,Male,Not in labor force,,,,,Without a disability,No,No,No,No,No,No,"70, 80, 90, or 100 percent",65_plus,True,generative,syn_t040_h0000007,syn_t040_h0000007_r002
14000US06089012302,3,16,18,2.0,2,2,2.0,2.0,,2.0,15.0,1.0,2,18.0,2,29.0,1.0,2,1.0,Biological son or daughter,"Some college, but less than 1 year",Female,"Civilian employed, at work",50 to 52 weeks worked during past 12 months,"Car, truck, or van",,,Without a disability,No,No,No,No,No,No,,18_34,True,generative,syn_t040_h0000007,syn_t040_h0000007_r003
14000US06089012302,1,8,74,2.0,2,2,2.0,2.0,,2.0,15.0,1.0,0,19.0,1,25.0,1.0,2,1.0,Reference person,"1 or more years of college credit, no degree",Male,"Civilian employed, at work",50 to 52 weeks worked during past 12 months,"Car, truck, or van",,,Without a disability,No,No,No,No,No,No,,65_plus,True,generative,syn_t040_h0000008,syn_t040_h0000008_r001
14000US06089012302,2,13,81,2.0,2,2,2.0,1.0,,2.0,,,1,16.0,2,,,1,6.0,Husband/wife,Regular high school diploma,Female,Not in labor force,,,,,With a disability,No,No,No,Yes,No,No,,65_plus,True,generative,syn_t040_h0000008,syn_t040_h0000008_r002
14000US06089012302,1,80,22,2.0,2,2,2.0,2.0,,2.0,30.0,1.0,0,16.0,2,40.0,1.0,2,1.0,Reference person,Regular high school diploma,Female,"Civilian employed, at work",50 to 52 weeks worked during past 12 months,"Car, truck, or van",,,Without a disability,No,No,No,No,No,No,,18_34,True,generative,syn_t040_h0000009,syn_t040_h0000009_r001
14000US06089012302,2,66,4,,2,2,,,,,,,2,1.0,1,,,2,,Biological son or daughter,No schooling completed,Male,,,,,,Without a disability,No,No,,,,,,0_17,False,dependent,syn_t040_h0000009,syn_t040_h0000009_r002
14000US06089012302,3,83,0,,2,2,,,,,,,2,,2,,,2,,Biological son or daughter,,Female,,,,,,Without a disability,No,No,,,,,,0_17,False,dependent,syn_t040_h0000009,syn_t040_h0000009_r003
14000US06089012302,4,83,29,2.0,2,2,2.0,2.0,,2.0,20.0,1.0,13,16.0,1,40.0,1.0,2,1.0,Unmarried partner,Regular high school diploma,Male,"Civilian employed, at work",50 to 52 weeks worked during past 12 months,"Car, truck, or van",,,Without a disability,No,No,No,No,No,No,,18_34,True,generative,syn_t040_h0000009,syn_t040_h0000009_r004
14000US06089012302,1,43,50,2.0,2,2,2.0,2.0,,2.0,15.0,1.0,0,19.0,2,45.0,1.0,2,1.0,Reference person,"1 or more years of college credit, no degree",Female,"Civilian employed, at work",50 to 52 weeks worked during past 12 months,"Car, truck, or van",,,Without a disability,No,No,No,No,No,No,,35_64,True,generative,syn_t040_h0000010,syn_t040_h0000010_r001
14000US06089012302,2,25,50,2.0,2,2,2.0,2.0,,2.0,20.0,1.0,1,16.0,1,40.0,1.0,2,1.0,Husband/wife,Regular high school diploma,Male,"Civilian employed, at work",50 to 52 weeks worked during past 12 months,"Car, truck, or van",,,Without a disability,No,No,No,No,No,No,,35_64,True,generative,syn_t040_h0000010,syn_t040_h0000010_r002
14000US06089012302,3,25,18,2.0,2,2,2.0,2.0,,2.0,,,2,18.0,2,,,2,6.0,Biological son or daughter,"Some college, but less than 1 year",Female,Not in labor force,,,,,Without a disability,No,No,No,No,No,No,,18_34,True,generative,syn_t040_h0000010,syn_t040_h0000010_r003
14000US06089012302,1,35,55,2.0,2,2,2.0,2.0,,2.0,5.0,1.0,0,17.0,1,30.0,4.0,2,1.0,Reference person,GED or alternative credential,Male,"Civilian employed, at work",27 to 39 weeks worked during past 12 months,"Car, truck, or van",,,Without a disability,No,No,No,No,No,No,,35_64,True,generative,syn_t040_h0000011,syn_t040_h0000011_r001
14000US06089012302,2,33,15,2.0,2,2,2.0,2.0,,2.0,,,2,12.0,1,,,2,,Biological son or daughter,Grade 9,Male,,,,,,Without a disability,No,No,No,No,No,No,,0_17,False,dependent,syn_t040_h0000011,syn_t040_h0000011_r002
14000US06089012302,3,41,14,2.0,2,2,,2.0,,2.0,,,2,11.0,1,,,2,,Biological son or daughter,Grade 8,Male,,,,,,Without a disability,No,No,No,No,,No,,0_17,False,dependent,syn_t040_h0000011,syn_t040_h0000011_r003
14000US06089012302,1,55,48,2.0,2,2,2.0,2.0,,2.0,15.0,1.0,0,16.0,1,70.0,1.0,2,1.0,Reference person,Regular high school diploma,Male,"Civilian employed, at work",50 to 52 weeks worked during past 12 months,"Car, truck, or van",,,Without a disability,No,No,No,No,No,No,,35_64,True,generative,syn_t040_h0000012,syn_t040_h0000012_r001
14000US06089012302,1,12,77,2.0,2,2,2.0,1.0,,2.0,,,0,18.0,1,,,1,6.0,Reference person,"Some college, but less than 1 year",Male,Not in labor force,,,,,With a disability,No,No,No,Yes,No,No,,65_plus,True,generative,syn_t040_h0000013,syn_t040_h0000013_r001
14000US06089012302,2,13,74,2.0,2,2,2.0,2.0,,2.0,,,1,18.0,2,,,2,6.0,Husband/wife,"Some college, but less than 1 year",Female,Not in labor force,,,,,Without a disability,No,No,No,No,No,No,,65_plus,True,generative,syn_t040_h0000013,syn_t040_h0000013_r002
14000US06089012302,1,15,79,2.0,2,2,2.0,2.0,,2.0,,,0,19.0,1,,,2,6.0,Reference person,"1 or more years of college credit, no degree",Male,Not in labor force,,,,,Without a disability,No,No,No,No,No,No,,65_plus,True,generative,syn_t040_h0000014,syn_t040_h0000014_r001
14000US06089012302,2,14,72,2.0,2,2,2.0,2.0,,2.0,,,1,19.0,2,,,2,6.0,Husband/wife,"1 or more years of college credit, no degree",Female,Not in labor force,,,,,Without a disability,No,No,No,No,No,No,,65_plus,True,generative,syn_t040_h0000014,syn_t040_h0000014_r002
14000US06089012302,1,35,44,2.0,2,2,2.0,2.0,,2.0,3.0,1.0,0,20.0,2,40.0,1.0,2,1.0,Reference person,Associate's degree,Female,"Civilian employed, at work",50 to 52 weeks worked during past 12 months,"Car, truck, or van",,,Without a disability,No,No,No,No,No,No,,35_64,True,generative,syn_t040_h0000015,syn_t040_h0000015_r001
14000US06089012302,2,45,18,2.0,2,2,2.0,2.0,,2.0,,,2,19.0,2,,,2,6.0,Biological son or daughter,"1 or more years of college credit, no degree",Female,Not in labor force,,,,,Without a disability,No,No,No,No,No,No,,18_34,True,generative,syn_t040_h0000015,syn_t040_h0000015_r002
14000US06089012302,1,24,68,2.0,2,2,2.0,2.0,3.0,2.0,,,0,19.0,1,,,2,6.0,Reference person,"1 or more years of college credit, no degree",Male,Not in labor force,,,,,Without a disability,No,No,No,No,No,No,30 or 40 percent,65_plus,True,generative,syn_t040_h0000016,syn_t040_h0000016_r001
14000US06089012302,2,24,65,2.0,2,2,2.0,2.0,,2.0,,,1,19.0,2,,,2,6.0,Husband/wife,"1 or more years of college credit, no degree",Female,Not in labor force,,,,,Without a disability,No,No,No,No,No,No,,65_plus,True,generative,syn_t040_h0000016,syn_t040_h0000016_r002
14000US06089012302,1,24,23,2.0,2,2,2.0,2.0,,2.0,10.0,1.0,0,21.0,1,40.0,1.0,2,1.0,Reference person,Bachelor's degree,Male,"Civilian employed, at work",50 to 52 weeks worked during past 12 months,"Car, truck, or van",,,Without a disability,No,No,No,No,No,No,,18_34,True,generative,syn_t040_h0000017,syn_t040_h0000017_r001
14000US06089012302,2,25,23,2.0,2,2,2.0,2.0,,2.0,15.0,1.0,11,21.0,1,50.0,1.0,2,1.0,Roomer or boarder,Bachelor's degree,Male,"Civilian employed, at work",50 to 52 weeks worked during past 12 months,"Car, truck, or van",,,Without a disability,No,No,No,No,No,No,,18_34,True,generative,syn_t040_h0000017,syn_t040_h0000017_r002
14000US06089012302,1,13,56,2.0,2,2,2.0,2.0,,2.0,15.0,1.0,0,19.0,2,40.0,1.0,2,1.0,Reference person,"1 or more years of college credit, no degree",Female,"Civilian employed, at work",50 to 52 weeks worked during past 12 months,"Car, truck, or van",,,Without a disability,No,No,No,No,No,No,,35_64,True,generative,syn_t040_h0000018,syn_t040_h0000018_r001
14000US06089012302,2,9,57,2.0,2,2,2.0,2.0,,2.0,45.0,1.0,1,19.0,1,70.0,1.0,2,1.0,Husband/wife,"1 or more years of college credit, no degree",Male,"Civilian employed, at work",50 to 52 weeks worked during past 12 months,"Car, truck, or van",,,Without a disability,No,No,No,No,No,No,,35_64,True,generative,syn_t040_h0000018,syn_t040_h0000018_r002
14000US06089012302,3,33,32,2.0,2,2,2.0,2.0,,2.0,,,4,17.0,1,,,2,6.0,Stepson or stepdaughter,GED or alternative credential,Male,Not in labor force,,,,,Without a disability,No,No,No,No,No,No,,18_34,True,generative,syn_t040_h0000018,syn_t040_h0000018_r003
14000US06089012302,1,118,19,2.0,1,2,2.0,2.0,,2.0,10.0,1.0,0,18.0,1,25.0,1.0,1,1.0,Reference person,"Some college, but less than 1 year",Male,"Civilian employed, at work",50 to 52 weeks worked during past 12 months,"Car, truck, or van",,,With a disability,Yes,No,No,No,No,No,,18_34,True,generative,syn_t040_h0000019,syn_t040_h0000019_r001
14000US06089012302,2,70,53,2.0,1,2,2.0,2.0,,2.0,20.0,1.0,6,19.0,1,45.0,1.0,1,1.0,Father or mother,"1 or more years of college credit, no degree",Male,"Civilian employed, at work",50 to 52 weeks worked during past 12 months,"Car, truck, or van",,,With a disability,Yes,No,No,No,No,No,,35_64,True,generative,syn_t040_h0000019,syn_t040_h0000019_r002
14000US06089012302,3,74,51,2.0,2,2,2.0,2.0,,2.0,20.0,1.0,6,18.0,2,45.0,1.0,2,1.0,Father or mother,"Some college, but less than 1 year",Female,"Civilian employed, at work",50 to 52 weeks worked during past 12 months,"Car, truck, or van",,,Without a disability,No,No,No,No,No,No,,35_64,True,generative,syn_t040_h0000019,syn_t040_h0000019_r003
14000US06089012302,1,20,77,2.0,2,2,2.0,2.0,,2.0,,,0,21.0,1,,,2,6.0,Reference person,Bachelor's degree,Male,Not in labor force,,,,,Without a disability,No,No,No,No,No,No,,65_plus,True,generative,syn_t040_h0000020,syn_t040_h0000020_r001
14000US06089012302,2,20,73,1.0,2,2,1.0,1.0,,2.0,,,1,21.0,2,,,1,6.0,Husband/wife,Bachelor's degree,Female,Not in labor force,,,,,With a disability,No,No,No,Yes,Yes,Yes,,65_plus,True,generative,syn_t040_h0000020,syn_t040_h0000020_r002
14000US06089012302,1,14,69,2.0,2,2,2.0,2.0,,2.0,,,0,19.0,1,,,2,6.0,Reference person,"1 or more years of college credit, no degree",Male,Not in labor force,,,,,Without a disability,No,No,No,No,No,No,,65_plus,True,generative,syn_t040_h0000021,syn_t040_h0000021_r001
14000US06089012302,1,26,24,2.0,2,2,2.0,2.0,,2.0,10.0,1.0,0,16.0,1,40.0,1.0,2,1.0,Reference person,Regular high school diploma,Male,"Civilian employed, at work",50 to 52 weeks worked during past 12 months,"Car, truck, or van",,,Without a disability,No,No,No,No,No,No,,18_34,True,generative,syn_t040_h0000022,syn_t040_h0000022_r001
14000US06089012302,1,37,46,2.0,2,2,2.0,2.0,,2.0,5.0,1.0,0,19.0,1,60.0,1.0,2,1.0,Reference person,"1 or more years of college credit, no degree",Male,"Civilian employed, at work",50 to 52 weeks worked during past 12 months,"Car, truck, or van",,,Without a disability,No,No,No,No,No,No,,35_64,True,generative,syn_t040_h0000023,syn_t040_h0000023_r001
14000US06089012302,1,24,71,2.0,2,2,2.0,2.0,,2.0,20.0,1.0,0,21.0,1,45.0,1.0,2,1.0,Reference person,Bachelor's degree,Male,"Civilian employed, at work",50 to 52 weeks worked during past 12 months,"Car, truck, or van",,,Without a disability,No,No,No,No,No,No,,65_plus,True,generative,syn_t040_h0000024,syn_t040_h0000024_r001
14000US06089012302,2,24,68,2.0,2,2,2.0,2.0,,2.0,,,1,20.0,2,,,2,6.0,Husband/wife,Associate's degree,Female,Not in labor force,,,,,Without a disability,No,No,No,No,No,No,,65_plus,True,generative,syn_t040_h0000024,syn_t040_h0000024_r002
14000US06089012302,3,27,94,1.0,1,1,1.0,1.0,,2.0,,,6,16.0,2,,,1,6.0,Father or mother,Regular high school diploma,Female,Not in labor force,,,,,With a disability,Yes,Yes,No,Yes,Yes,Yes,,65_plus,True,generative,syn_t040_h0000024,syn_t040_h0000024_r003
14000US06089012302,4,25,21,2.0,2,2,2.0,2.0,,2.0,10.0,1.0,7,16.0,2,20.0,3.0,2,1.0,Grandchild,Regular high school diploma,Female,"Civilian employed, at work",40 to 47 weeks worked during past 12 months,"Car, truck, or van",,,Without a disability,No,No,No,No,No,No,,18_34,True,generative,syn_t040_h0000024,syn_t040_h0000024_r004
14000US06089012302,1,31,60,2.0,2,2,2.0,2.0,,2.0,,11.0,0,19.0,2,20.0,5.0,2,1.0,Reference person,"1 or more years of college credit, no degree",Female,"Civilian employed, at work",14 to 26 weeks worked during past 12 months,Worked at home,,,Without a disability,No,No,No,No,No,No,,35_64,True,generative,syn_t040_h0000025,syn_t040_h0000025_r001
14000US06089012302,2,35,62,2.0,2,2,2.0,2.0,,2.0,,11.0,1,18.0,1,8.0,1.0,2,1.0,Husband/wife,"Some college, but less than 1 year",Male,"Civilian employed, at work",50 to 52 weeks worked during past 12 months,Worked at home,,,Without a disability,No,No,No,No,No,No,,35_64,True,generative,syn_t040_h0000025,syn_t040_h0000025_r002
14000US06089012302,1,45,41,2.0,2,2,2.0,2.0,,2.0,40.0,1.0,0,19.0,1,40.0,5.0,2,1.0,Reference person,"1 or more years of college credit, no degree",Male,"Civilian employed, at work",14 to 26 weeks worked during past 12 months,"Car, truck, or van",,,Without a disability,No,No,No,No,No,No,,35_64,True,generative,syn_t040_h0000026,syn_t040_h0000026_r001
14000US06089012302,2,48,37,2.0,2,2,2.0,2.0,,2.0,30.0,1.0,1,19.0,2,40.0,1.0,2,1.0,Husband/wife,"1 or more years of college credit, no degree",Female,"Civilian employed, at work",50 to 52 weeks worked during past 12 months,"Car, truck, or van",,,Without a disability,No,No,No,No,No,No,,35_64,True,generative,syn_t040_h0000026,syn_t040_h0000026_r002
14000US06089012302,3,56,9,2.0,2,2,,2.0,,2.0,,,2,5.0,1,,,2,,Biological son or daughter,Grade 2,Male,,,,,,Without a disability,No,No,No,No,,No,,0_17,False,dependent,syn_t040_h0000026,syn_t040_h0000026_r003
14000US06089012302,1,14,43,2.0,2,2,2.0,2.0,,2.0,8.0,1.0,0,18.0,1,40.0,1.0,2,1.0,Reference person,"Some college, but less than 1 year",Male,"Civilian employed, at work",50 to 52 weeks worked during past 12 months,"Car, truck, or van",,,Without a disability,No,No,No,No,No,No,,35_64,True,generative,syn_t040_h0000027,syn_t040_h0000027_r001
14000US06089012302,1,14,72,2.0,2,1,2.0,2.0,,2.0,,,0,18.0,2,,,1,6.0,Reference person,"Some college, but less than 1 year",Female,Not in labor force,,,,,With a disability,No,Yes,No,No,No,No,,65_plus,True,generative,syn_t040_h0000028,syn_t040_h0000028_r001
14000US06089012302,2,13,74,2.0,1,1,2.0,2.0,,2.0,,,1,18.0,1,,,1,6.0,Husband/wife,"Some college, but less than 1 year",Male,Not in labor force,,,,,With a disability,Yes,Yes,No,No,No,No,,65_plus,True,generative,syn_t040_h0000028,syn_t040_h0000028_r002
14000US06089012302,1,9,49,2.0,2,2,2.0,2.0,,2.0,10.0,1.0,0,20.0,2,38.0,1.0,2,1.0,Reference person,Associate's degree,Female,"Civilian employed, at work",50 to 52 weeks worked during past 12 months,"Car, truck, or van",,,Without a disability,No,No,No,No,No,No,,35_64,True,generative,syn_t040_h0000029,syn_t040_h0000029_r001
14000US06089012302,2,7,47,2.0,2,2,2.0,2.0,,2.0,6.0,1.0,1,16.0,1,40.0,1.0,2,1.0,Husband/wife,Regular high school diploma,Male,"Civilian employed, at work",50 to 52 weeks worked during past 12 months,"Car, truck, or van",,,Without a disability,No,No,No,No,No,No,,35_64,True,generative,syn_t040_h0000029,syn_t040_h0000029_r002
14000US06089012302,3,10,21,2.0,2,2,2.0,2.0,,1.0,,,2,19.0,1,,,1,3.0,Biological son or daughter,"1 or more years of college credit, no degree",Male,Unemployed,,,,,With a disability,No,No,Yes,No,No,No,,18_34,True,generative,syn_t040_h0000029,syn_t040_h0000029_r003
14000US06089012302,4,8,11,2.0,2,2,,2.0,,2.0,,,2,8.0,1,,,2,,Biological son or daughter,Grade 5,Male,,,,,,Without a disability,No,No,No,No,,No,,0_17,False,dependent,syn_t040_h0000029,syn_t040_h0000029_r004
14000US06089012303,1,50,40,2.0,2,2,2.0,2.0,,2.0,7.0,1.0,0,19.0,1,40.0,1.0,2,1.0,Reference person,"1 or more years of college credit, no degree",Male,"Civilian employed, at work",50 to 52 weeks worked during past 12 months,"Car, truck, or van",,,Without a disability,No,No,No,No,No,No,,35_64,True,generative,syn_t041_h0000001,syn_t041_h0000001_r001
14000US06089012303,2,45,33,2.0,2,2,2.0,2.0,,2.0,,,1,19.0,2,,,2,6.0,Husband/wife,"1 or more years of college credit, no degree",Female,Not in labor force,,,,,Without a disability,No,No,No,No,No,No,,18_34,True,generative,syn_t041_h0000001,syn_t041_h0000001_r002
14000US06089012303,3,58,4,,2,2,,,,,,,2,1.0,2,,,2,,Biological son or daughter,No schooling completed,Female,,,,,,Without a disability,No,No,,,,,,0_17,False,dependent,syn_t041_h0000001,syn_t041_h0000001_r003
14000US06089012303,4,50,1,,2,2,,,,,,,2,,1,,,2,,Biological son or daughter,,Male,,,,,,Without a disability,No,No,,,,,,0_17,False,dependent,syn_t041_h0000001,syn_t041_h0000001_r004
14000US06089012303,1,53,30,2.0,2,2,2.0,2.0,,2.0,20.0,1.0,0,16.0,1,40.0,1.0,2,1.0,Reference person,Regular high school diploma,Male,"Civilian employed, at work",50 to 52 weeks worked during past 12 months,"Car, truck, or van",,,Without a disability,No,No,No,No,No,No,,18_34,True,generative,syn_t041_h0000002,syn_t041_h0000002_r001
14000US06089012303,2,67,25,2.0,2,2,2.0,2.0,,2.0,,,1,9.0,2,,,2,6.0,Husband/wife,Grade 6,Female,Not in labor force,,,,,Without a disability,No,No,No,No,No,No,,18_34,True,generative,syn_t041_h0000002,syn_t041_h0000002_r002
14000US06089012303,3,83,6,2.0,2,2,,2.0,,2.0,,,2,4.0,1,,,2,,Biological son or daughter,Grade 1,Male,,,,,,Without a disability,No,No,No,No,,No,,0_17,False,dependent,syn_t041_h0000002,syn_t041_h0000002_r003
14000US06089012303,4,67,3,,2,2,,,,,,,2,1.0,1,,,2,,Biological son or daughter,No schooling completed,Male,,,,,,Without a disability,No,No,,,,,,0_17,False,dependent,syn_t041_h0000002,syn_t041_h0000002_r004
14000US06089012303,1,8,32,2.0,2,2,2.0,2.0,,2.0,10.0,1.0,0,23.0,1,60.0,1.0,2,1.0,Reference person,Professional degree beyond a bachelor's degree,Male,"Civilian employed, at work",50 to 52 weeks worked during past 12 months,"Car, truck, or van",,,Without a disability,No,No,No,No,No,No,,18_34,True,generative,syn_t041_h0000003,syn_t041_h0000003_r001
14000US06089012303,2,10,29,2.0,2,2,2.0,2.0,,2.0,10.0,1.0,1,21.0,2,30.0,1.0,2,1.0,Husband/wife,Bachelor's degree,Female,"Civilian employed, at work",50 to 52 weeks worked during past 12 months,"Car, truck, or van",,,Without a disability,No,No,No,No,No,No,,18_34,True,generative,syn_t041_h0000003,syn_t041_h0000003_r002
14000US06089012303,3,8,0,,2,2,,,,,,,2,,1,,,2,,Biological son or daughter,,Male,,,,,,Without a disability,No,No,,,,,,0_17,False,dependent,syn_t041_h0000003,syn_t041_h0000003_r003
14000US06089012303,1,8,64,2.0,2,2,2.0,2.0,,2.0,20.0,1.0,0,21.0,1,40.0,1.0,2,1.0,Reference person,Bachelor's degree,Male,"Civilian employed, at work",50 to 52 weeks worked during past 12 months,"Car, truck, or van",,,Without a disability,No,No,No,No,No,No,,35_64,True,generative,syn_t041_h0000004,syn_t041_h0000004_r001
14000US06089012303,2,8,50,2.0,2,2,2.0,2.0,,2.0,20.0,1.0,1,20.0,2,32.0,1.0,2,1.0,Husband/wife,Associate's degree,Female,"Civilian employed, at work",50 to 52 weeks worked during past 12 months,"Car, truck, or van",,,Without a disability,No,No,No,No,No,No,,35_64,True,generative,syn_t041_h0000004,syn_t041_h0000004_r002
14000US06089012303,1,38,76,2.0,1,1,2.0,2.0,,2.0,,,0,14.0,2,,,1,6.0,Reference person,Grade 11,Female,Not in labor force,,,,,With a disability,Yes,Yes,No,No,No,No,,65_plus,True,generative,syn_t041_h0000005,syn_t041_h0000005_r001
14000US06089012303,2,71,35,2.0,2,2,2.0,2.0,,2.0,20.0,1.0,7,19.0,1,40.0,1.0,2,1.0,Grandchild,"1 or more years of college credit, no degree",Male,"Civilian employed, at work",50 to 52 weeks worked during past 12 months,"Car, truck, or van",,,Without a disability,No,No,No,No,No,No,,35_64,True,generative,syn_t041_h0000005,syn_t041_h0000005_r002
14000US06089012303,3,75,35,2.0,1,2,2.0,2.0,,2.0,,,7,20.0,2,,,1,6.0,Grandchild,Associate's degree,Female,Not in labor force,,,,,With a disability,Yes,No,No,No,No,No,,35_64,True,generative,syn_t041_h0000005,syn_t041_h0000005_r003
14000US06089012303,1,19,63,1.0,2,2,1.0,1.0,,1.0,,,0,16.0,2,,,1,6.0,Reference person,Regular high school diploma,Female,Not in labor force,,,,,With a disability,No,No,Yes,Yes,Yes,Yes,,35_64,True,generative,syn_t041_h0000006,syn_t041_h0000006_r001
14000US06089012303,1,3,54,2.0,2,2,2.0,2.0,,2.0,,,0,20.0,1,20.0,6.0,2,6.0,Reference person,Associate's degree,Male,Not in labor force,less than 14 weeks worked during past 12 months,,,,Without a disability,No,No,No,No,No,No,,35_64,True,generative,syn_t041_h0000007,syn_t041_h0000007_r001
14000US06089012303,2,4,44,2.0,2,2,2.0,2.0,,2.0,20.0,1.0,1,20.0,2,36.0,1.0,2,1.0,Husband/wife,Associate's degree,Female,"Civilian employed, at work",50 to 52 weeks worked during past 12 months,"Car, truck, or van",,,Without a disability,No,No,No,No,No,No,,35_64,True,generative,syn_t041_h0000007,syn_t041_h0000007_r002
14000US06089012303,3,4,16,2.0,2,2,2.0,2.0,,2.0,,,2,13.0,1,,,2,6.0,Biological son or daughter,Grade 10,Male,Not in labor force,,,,,Without a disability,No,No,No,No,No,No,,0_17,False,dependent,syn_t041_h0000007,syn_t041_h0000007_r003
14000US06089012303,4,4,13,2.0,2,2,,2.0,,2.0,,,2,10.0,1,,,2,,Biological son or daughter,Grade 7,Male,,,,,,Without a disability,No,No,No,No,,No,,0_17,False,dependent,syn_t041_h0000007,syn_t041_h0000007_r004
14000US06089012303,1,27,47,2.0,2,2,2.0,2.0,,2.0,20.0,1.0,0,16.0,1,40.0,1.0,2,1.0,Reference person,Regular high school diploma,Male,"Civilian employed, at work",50 to 52 weeks worked during past 12 months,"Car, truck, or van",,,Without a disability,No,No,No,No,No,No,,35_64,True,generative,syn_t041_h0000008,syn_t041_h0000008_r001
14000US06089012303,2,35,43,2.0,2,2,2.0,2.0,,2.0,10.0,1.0,13,16.0,2,40.0,1.0,2,1.0,Unmarried partner,Regular high school diploma,Female,"Civilian employed, at work",50 to 52 weeks worked during past 12 months,"Car, truck, or van",,,Without a disability,No,No,No,No,No,No,,35_64,True,generative,syn_t041_h0000008,syn_t041_h0000008_r002
14000US06089012303,1,16,76,2.0,2,2,2.0,2.0,,2.0,,,0,19.0,2,,,2,6.0,Reference person,"1 or more years of college credit, no degree",Female,Not in labor force,,,,,Without a disability,No,No,No,No,No,No,,65_plus,True,generative,syn_t041_h0000009,syn_t041_h0000009_r001
14000US06089012303,1,52,72,2.0,2,2,2.0,1.0,,2.0,,,0,13.0,1,,,1,6.0,Reference person,Grade 10,Male,Not in labor force,,,,,With a disability,No,No,No,Yes,No,No,,65_plus,True,generative,syn_t041_h0000010,syn_t041_h0000010_r001
14000US06089012303,1,14,69,2.0,2,2,2.0,2.0,,2.0,,,0,21.0,2,,,2,6.0,Reference person,Bachelor's degree,Female,Not in labor force,,,,,Without a disability,No,No,No,No,No,No,,65_plus,True,generative,syn_t041_h0000011,syn_t041_h0000011_r001
14000US06089012303,2,14,70,2.0,2,2,2.0,2.0,,2.0,,,1,22.0,1,,,2,6.0,Husband/wife,Master's degree,Male,Not in labor force,,,,,Without a disability,No,No,No,No,No,No,,65_plus,True,generative,syn_t041_h0000011,syn_t041_h0000011_r002
14000US06089012303,1,32,42,2.0,2,2,2.0,2.0,,2.0,10.0,1.0,0,23.0,1,40.0,1.0,2,1.0,Reference person,Professional degree beyond a bachelor's degree,Male,"Civilian employed, at work",50 to 52 weeks worked during past 12 months,"Car, truck, or van",,,Without a disability,No,No,No,No,No,No,,35_64,True,generative,syn_t041_h0000012,syn_t041_h0000012_r001
14000US06089012303,2,27,44,2.0,2,2,2.0,2.0,,2.0,,,1,22.0,2,,,2,6.0,Husband/wife,Master's degree,Female,Not in labor force,,,,,Without a disability,No,No,No,No,No,No,,35_64,True,generative,syn_t041_h0000012,syn_t041_h0000012_r002
14000US06089012303,3,30,7,2.0,2,2,,2.0,,2.0,,,2,5.0,2,,,2,,Biological son or daughter,Grade 2,Female,,,,,,Without a disability,No,No,No,No,,No,,0_17,False,dependent,syn_t041_h0000012,syn_t041_h0000012_r003
14000US06089012303,4,28,2,,2,2,,,,,,,2,,2,,,2,,Biological son or daughter,,Female,,,,,,Without a disability,No,No,,,,,,0_17,False,dependent,syn_t041_h0000012,syn_t041_h0000012_r004
14000US06089012303,1,16,86,2.0,2,2,2.0,2.0,,2.0,,,0,21.0,2,,,2,6.0,Reference person,Bachelor's degree,Female,Not in labor force,,,,,Without a disability,No,No,No,No,No,No,,65_plus,True,generative,syn_t041_h0000013,syn_t041_h0000013_r001
14000US06089012303,1,13,52,2.0,2,2,2.0,2.0,,2.0,20.0,1.0,0,19.0,2,40.0,1.0,2,1.0,Reference person,"1 or more years of college credit, no degree",Female,"Civilian employed, at work",50 to 52 weeks worked during past 12 months,"Car, truck, or van",,,Without a disability,No,No,No,No,No,No,,35_64,True,generative,syn_t041_h0000014,syn_t041_h0000014_r001
14000US06089012303,2,14,57,2.0,2,2,2.0,2.0,,2.0,4.0,1.0,1,18.0,1,60.0,1.0,2,1.0,Husband/wife,"Some college, but less than 1 year",Male,"Civilian employed, at work",50 to 52 weeks worked during past 12 months,"Car, truck, or van",,,Without a disability,No,No,No,No,No,No,,35_64,True,generative,syn_t041_h0000014,syn_t041_h0000014_r002
14000US06089012303,1,45,68,2.0,2,2,2.0,2.0,,2.0,,,0,19.0,2,,,2,6.0,Reference person,"1 or more years of college credit, no degree",Female,Not in labor force,,,,,Without a disability,No,No,No,No,No,No,,65_plus,True,generative,syn_t041_h0000015,syn_t041_h0000015_r001
14000US06089012303,2,49,21,2.0,2,2,2.0,2.0,,2.0,6.0,1.0,7,14.0,2,32.0,2.0,2,1.0,Grandchild,Grade 11,Female,"Civilian employed, at work",48 to 49 weeks worked during past 12 months,"Car, truck, or van",,,Without a disability,No,No,No,No,No,No,,18_34,True,generative,syn_t041_h0000015,syn_t041_h0000015_r002
14000US06089012303,1,10,46,2.0,2,2,2.0,2.0,,2.0,20.0,1.0,0,18.0,1,40.0,1.0,2,1.0,Reference person,"Some college, but less than 1 year",Male,"Civilian employed, at work",50 to 52 weeks worked during past 12 months,"Car, truck, or van",,,Without a disability,No,No,No,No,No,No,,35_64,True,generative,syn_t041_h0000016,syn_t041_h0000016_r001
14000US06089012303,2,10,47,2.0,2,2,2.0,2.0,,2.0,5.0,1.0,1,21.0,2,25.0,5.0,2,1.0,Husband/wife,Bachelor's degree,Female,"Civilian employed, at work",14 to 26 weeks worked during past 12 months,"Car, truck, or van",,,Without a disability,No,No,No,No,No,No,,35_64,True,generative,syn_t041_h0000016,syn_t041_h0000016_r002
14000US06089012303,3,9,21,2.0,2,2,2.0,2.0,,2.0,,,2,19.0,1,20.0,2.0,2,2.0,Biological son or daughter,"1 or more years of college credit, no degree",Male,"Civilian employed, with a job but not at work",48 to 49 weeks worked during past 12 months,,,,Without a disability,No,No,No,No,No,No,,18_34,True,generative,syn_t041_h0000016,syn_t041_h0000016_r003
14000US06089012303,4,9,18,2.0,2,2,2.0,2.0,,2.0,15.0,1.0,2,16.0,1,50.0,5.0,2,1.0,Biological son or daughter,Regular high school diploma,Male,"Civilian employed, at work",14 to 26 weeks worked during past 12 months,"Car, truck, or van",,,Without a disability,No,No,No,No,No,No,,18_34,True,generative,syn_t041_h0000016,syn_t041_h0000016_r004
14000US06089012303,5,9,18,2.0,2,2,2.0,2.0,,2.0,15.0,1.0,15,18.0,2,38.0,6.0,2,1.0,Other nonrelative,"Some college, but less than 1 year",Female,"Civilian employed, at work",less than 14 weeks worked during past 12 months,"Car, truck, or van",,,Without a disability,No,No,No,No,No,No,,18_34,True,generative,syn_t041_h0000016,syn_t041_h0000016_r005
14000US06089012303,1,8,56,2.0,2,2,2.0,2.0,,2.0,,,0,19.0,1,30.0,4.0,2,2.0,Reference person,"1 or more years of college credit, no degree",Male,"Civilian employed, with a job but not at work",27 to 39 weeks worked during past 12 months,,,,Without a disability,No,No,No,No,No,No,,35_64,True,generative,syn_t041_h0000017,syn_t041_h0000017_r001
14000US06089012303,2,7,55,2.0,2,2,2.0,2.0,,2.0,15.0,1.0,1,19.0,2,20.0,1.0,2,1.0,Husband/wife,"1 or more years of college credit, no degree",Female,"Civilian employed, at work",50 to 52 weeks worked during past 12 months,"Car, truck, or van",,,Without a disability,No,No,No,No,No,No,,35_64,True,generative,syn_t041_h0000017,syn_t041_h0000017_r002
14000US06089012303,3,9,19,2.0,2,2,2.0,2.0,,2.0,5.0,1.0,2,19.0,2,15.0,4.0,2,1.0,Biological son or daughter,"1 or more years of college credit, no degree",Female,"Civilian employed, at work",27 to 39 weeks worked during past 12 months,"Car, truck, or van",,,Without a disability,No,No,No,No,No,No,,18_34,True,generative,syn_t041_h0000017,syn_t041_h0000017_r003
14000US06089012303,1,17,60,2.0,2,2,2.0,1.0,,2.0,,,0,22.0,1,,,1,6.0,Reference person,Master's degree,Male,Not in labor force,,,,,With a disability,No,No,No,Yes,No,No,,35_64,True,generative,syn_t041_h0000018,syn_t041_h0000018_r001
14000US06089012303,2,18,59,2.0,2,2,2.0,2.0,,2.0,,,1,22.0,2,20.0,6.0,2,6.0,Husband/wife,Master's degree,Female,Not in labor force,less than 14 weeks worked during past 12 months,,,,Without a disability,No,No,No,No,No,No,,35_64,True,generative,syn_t041_h0000018,syn_t041_h0000018_r002
14000US06089012303,1,90,25,2.0,2,2,2.0,2.0,,2.0,141.0,1.0,0,19.0,1,60.0,1.0,2,1.0,Reference person,"1 or more years of college credit, no degree",Male,"Civilian employed, at work",50 to 52 weeks worked during past 12 months,"Car, truck, or van",,,Without a disability,No,No,No,No,No,No,,18_34,True,generative,syn_t041_h0000019,syn_t041_h0000019_r001
14000US06089012303,2,57,21,2.0,2,2,2.0,2.0,,2.0,20.0,1.0,13,19.0,2,40.0,1.0,2,1.0,Unmarried partner,"1 or more years of college credit, no degree",Female,"Civilian employed, at work",50 to 52 weeks worked during past 12 months,"Car, truck, or van",,,Without a disability,No,No,No,No,No,No,,18_34,True,generative,syn_t041_h0000019,syn_t041_h0000019_r002
14000US06089012303,1,43,35,2.0,2,2,2.0,2.0,,2.0,60.0,1.0,0,16.0,1,40.0,1.0,2,1.0,Reference person,Regular high school diploma,Male,"Civilian employed, at work",50 to 52 weeks worked during past 12 months,"Car, truck, or van",,,Without a disability,No,No,No,No,No,No,,35_64,True,generative,syn_t041_h0000020,syn_t041_h0000020_r001
14000US06089012303,2,52,35,2.0,2,2,2.0,2.0,,2.0,60.0,1.0,1,19.0,2,40.0,1.0,2,1.0,Husband/wife,"1 or more years of college credit, no degree",Female,"Civilian employed, at work",50 to 52 weeks worked during past 12 months,"Car, truck, or van",,,Without a disability,No,No,No,No,No,No,,35_64,True,generative,syn_t041_h0000020,syn_t041_h0000020_r002
14000US06089012303,3,57,15,2.0,2,2,2.0,2.0,,2.0,,,2,13.0,1,,,2,,Biological son or daughter,Grade 10,Male,,,,,,Without a disability,No,No,No,No,No,No,,0_17,False,dependent,syn_t041_h0000020,syn_t041_h0000020_r003
14000US06089012303,4,56,11,2.0,2,2,,2.0,,2.0,,,2,8.0,1,,,2,,Biological son or daughter,Grade 5,Male,,,,,,Without a disability,No,No,No,No,,No,,0_17,False,dependent,syn_t041_h0000020,syn_t041_h0000020_r004
14000US06089012303,5,77,37,2.0,2,2,1.0,2.0,,2.0,,,10,20.0,2,,,1,6.0,Other relative,Associate's degree,Female,Not in labor force,,,,,With a disability,No,No,No,No,Yes,No,,35_64,True,generative,syn_t041_h0000020,syn_t041_h0000020_r005
14000US06089012303,6,70,23,2.0,2,2,2.0,2.0,,2.0,30.0,1.0,10,16.0,1,40.0,1.0,2,1.0,Other relative,Regular high school diploma,Male,"Civilian employed, at work",50 to 52 weeks worked during past 12 months,"Car, truck, or van",,,Without a disability,No,No,No,No,No,No,,18_34,True,generative,syn_t041_h0000020,syn_t041_h0000020_r006
14000US06089012303,1,25,55,2.0,2,1,2.0,1.0,,2.0,,,0,19.0,1,,,1,6.0,Reference person,"1 or more years of college credit, no degree",Male,Not in labor force,,,,,With a disability,No,Yes,No,Yes,No,No,,35_64,True,generative,syn_t041_h0000021,syn_t041_h0000021_r001
14000US06089012303,1,43,27,2.0,2,2,2.0,2.0,,2.0,5.0,1.0,0,19.0,1,37.0,1.0,2,1.0,Reference person,"1 or more years of college credit, no degree",Male,"Civilian employed, at work",50 to 52 weeks worked during past 12 months,"Car, truck, or van",,,Without a disability,No,No,No,No,No,No,,18_34,True,generative,syn_t041_h0000022,syn_t041_h0000022_r001
14000US06089012303,2,18,24,2.0,2,2,2.0,2.0,,2.0,,,13,18.0,1,20.0,5.0,2,3.0,Unmarried partner,"Some college, but less than 1 year",Male,Unemployed,14 to 26 weeks worked during past 12 months,,,,Without a disability,No,No,No,No,No,No,,18_34,True,generative,syn_t041_h0000022,syn_t041_h0000022_r002
14000US06089012400,1,18,94,1.0,2,2,1.0,1.0,,2.0,,,0,16.0,1,,,1,6.0,Reference person,Regular high school diploma,Male,Not in labor force,,,,,With a disability,No,No,No,Yes,Yes,Yes,,65_plus,True,generative,syn_t042_h0000001,syn_t042_h0000001_r001
14000US06089012400,1,17,52,2.0,2,2,2.0,2.0,2.0,2.0,15.0,1.0,0,17.0,1,55.0,1.0,2,1.0,Reference person,GED or alternative credential,Male,"Civilian employed, at work",50 to 52 weeks worked during past 12 months,"Car, truck, or van",,,Without a disability,No,No,No,No,No,No,10 or 20 percent,35_64,True,generative,syn_t042_h0000002,syn_t042_h0000002_r001
14000US06089012400,1,30,26,2.0,2,2,2.0,2.0,,2.0,30.0,1.0,0,18.0,1,30.0,1.0,2,1.0,Reference person,"Some college, but less than 1 year",Male,"Civilian employed, at work",50 to 52 weeks worked during past 12 months,"Car, truck, or van",,,Without a disability,No,No,No,No,No,No,,18_34,True,generative,syn_t042_h0000003,syn_t042_h0000003_r001
14000US06089012400,2,24,2,,2,2,,,,,,,2,,2,,,2,,Biological son or daughter,,Female,,,,,,Without a disability,No,No,,,,,,0_17,False,dependent,syn_t042_h0000003,syn_t042_h0000003_r002
14000US06089012400,3,24,0,,2,2,,,,,,,2,,2,,,2,,Biological son or daughter,,Female,,,,,,Without a disability,No,No,,,,,,0_17,False,dependent,syn_t042_h0000003,syn_t042_h0000003_r003
14000US06089012400,4,24,10,2.0,2,2,,2.0,,2.0,,,4,8.0,2,,,2,,Stepson or stepdaughter,Grade 5,Female,,,,,,Without a disability,No,No,No,No,,No,,0_17,False,dependent,syn_t042_h0000003,syn_t042_h0000003_r004
14000US06089012400,5,24,7,2.0,2,2,,2.0,,2.0,,,4,5.0,2,,,2,,Stepson or stepdaughter,Grade 2,Female,,,,,,Without a disability,No,No,No,No,,No,,0_17,False,dependent,syn_t042_h0000003,syn_t042_h0000003_r005
14000US06089012400,6,17,34,2.0,2,2,2.0,2.0,,2.0,30.0,1.0,13,16.0,2,24.0,1.0,2,1.0,Unmarried partner,Regular high school diploma,Female,"Civilian employed, at work",50 to 52 weeks worked during past 12 months,"Car, truck, or van",,,Without a disability,No,No,No,No,No,No,,18_34,True,generative,syn_t042_h0000003,syn_t042_h0000003_r006
14000US06089012400,1,14,35,2.0,2,2,2.0,2.0,,1.0,,,0,19.0,1,40.0,6.0,1,3.0,Reference person,"1 or more years of college credit, no degree",Male,Unemployed,less than 14 weeks worked during past 12 months,,,,With a disability,No,No,Yes,No,No,No,,35_64,True,generative,syn_t042_h0000004,syn_t042_h0000004_r001
14000US06089012400,1,10,52,2.0,2,2,2.0,2.0,,2.0,,11.0,0,19.0,1,15.0,4.0,2,1.0,Reference person,"1 or more years of college credit, no degree",Male,"Civilian employed, at work",27 to 39 weeks worked during past 12 months,Worked at home,,,Without a disability,No,No,No,No,No,No,,35_64,True,generative,syn_t042_h0000005,syn_t042_h0000005_r001
14000US06089012400,1,81,44,2.0,2,2,2.0,2.0,,2.0,10.0,1.0,0,20.0,1,46.0,1.0,2,1.0,Reference person,Associate's degree,Male,"Civilian employed, at work",50 to 52 weeks worked during past 12 months,"Car, truck, or van",,,Without a disability,No,No,No,No,No,No,,35_64,True,generative,syn_t042_h0000006,syn_t042_h0000006_r001
14000US06089012400,2,70,44,2.0,2,2,2.0,2.0,,2.0,,,1,19.0,2,30.0,4.0,2,6.0,Husband/wife,"1 or more years of college credit, no degree",Female,Not in labor force,27 to 39 weeks worked during past 12 months,,,,Without a disability,No,No,No,No,No,No,,35_64,True,generative,syn_t042_h0000006,syn_t042_h0000006_r002
14000US06089012400,1,16,58,2.0,2,2,2.0,2.0,,2.0,30.0,1.0,0,22.0,1,45.0,1.0,2,1.0,Reference person,Master's degree,Male,"Civilian employed, at work",50 to 52 weeks worked during past 12 months,"Car, truck, or van",,,Without a disability,No,No,No,No,No,No,,35_64,True,generative,syn_t042_h0000007,syn_t042_h0000007_r001
14000US06089012400,2,15,58,2.0,2,2,2.0,2.0,,2.0,25.0,1.0,1,21.0,2,50.0,1.0,2,1.0,Husband/wife,Bachelor's degree,Female,"Civilian employed, at work",50 to 52 weeks worked during past 12 months,"Car, truck, or van",,,Without a disability,No,No,No,No,No,No,,35_64,True,generative,syn_t042_h0000007,syn_t042_h0000007_r002
14000US06089012400,3,16,29,2.0,2,2,2.0,2.0,,2.0,,,2,23.0,1,50.0,3.0,2,3.0,Biological son or daughter,Professional degree beyond a bachelor's degree,Male,Unemployed,40 to 47 weeks worked during past 12 months,,,,Without a disability,No,No,No,No,No,No,,18_34,True,generative,syn_t042_h0000007,syn_t042_h0000007_r003
14000US06089012400,1,39,44,2.0,2,2,2.0,2.0,,2.0,5.0,10.0,0,21.0,2,40.0,5.0,2,1.0,Reference person,Bachelor's degree,Female,"Civilian employed, at work",14 to 26 weeks worked during past 12 months,Walked,,,Without a disability,No,No,No,No,No,No,,35_64,True,generative,syn_t042_h0000008,syn_t042_h0000008_r001
14000US06089012400,2,33,58,2.0,2,2,2.0,2.0,,2.0,,,1,19.0,1,40.0,3.0,2,3.0,Husband/wife,"1 or more years of college credit, no degree",Male,Unemployed,40 to 47 weeks worked during past 12 months,,,,Without a disability,No,No,No,No,No,No,,35_64,True,generative,syn_t042_h0000008,syn_t042_h0000008_r002
14000US06089012400,1,18,42,2.0,2,2,2.0,2.0,,2.0,10.0,1.0,0,16.0,1,60.0,1.0,2,1.0,Reference person,Regular high school diploma,Male,"Civilian employed, at work",50 to 52 weeks worked during past 12 months,"Car, truck, or van",,,Without a disability,No,No,No,No,No,No,,35_64,True,generative,syn_t042_h0000009,syn_t042_h0000009_r001
14000US06089012400,2,18,46,2.0,2,2,2.0,2.0,,2.0,10.0,1.0,1,20.0,2,36.0,1.0,2,1.0,Husband/wife,Associate's degree,Female,"Civilian employed, at work",50 to 52 weeks worked during past 12 months,"Car, truck, or van",,,Without a disability,No,No,No,No,No,No,,35_64,True,generative,syn_t042_h0000009,syn_t042_h0000009_r002
14000US06089012400,1,24,59,2.0,2,2,2.0,2.0,2.0,2.0,,,0,20.0,1,,,2,6.0,Reference person,Associate's degree,Male,Not in labor force,,,,,Without a disability,No,No,No,No,No,No,10 or 20 percent,35_64,True,generative,syn_t042_h0000010,syn_t042_h0000010_r001
14000US06089012400,2,26,59,2.0,2,2,2.0,2.0,,2.0,25.0,1.0,1,23.0,2,35.0,1.0,2,1.0,Husband/wife,Professional degree beyond a bachelor's degree,Female,"Civilian employed, at work",50 to 52 weeks worked during past 12 months,"Car, truck, or van",,,Without a disability,No,No,No,No,No,No,,35_64,True,generative,syn_t042_h0000010,syn_t042_h0000010_r002
14000US06089012400,3,29,15,2.0,2,2,2.0,2.0,,2.0,,,2,12.0,1,,,2,,Biological son or daughter,Grade 9,Male,,,,,,Without a disability,No,No,No,No,No,No,,0_17,False,dependent,syn_t042_h0000010,syn_t042_h0000010_r003
14000US06089012400,1,15,41,2.0,2,2,2.0,2.0,,2.0,,,0,16.0,1,40.0,4.0,2,6.0,Reference person,Regular high school diploma,Male,Not in labor force,27 to 39 weeks worked during past 12 months,,,,Without a disability,No,No,No,No,No,No,,35_64,True,generative,syn_t042_h0000011,syn_t042_h0000011_r001
14000US06089012400,1,44,57,2.0,2,2,2.0,2.0,,2.0,15.0,9.0,0,18.0,1,45.0,1.0,2,1.0,Reference person,"Some college, but less than 1 year",Male,"Civilian employed, at work",50 to 52 weeks worked during past 12 months,Bicycle,,,Without a disability,No,No,No,No,No,No,,35_64,True,generative,syn_t042_h0000012,syn_t042_h0000012_r001
14000US06089012400,1,14,70,2.0,2,2,2.0,2.0,,2.0,,,0,20.0,1,,,2,6.0,Reference person,Associate's degree,Male,Not in labor force,,,,,Without a disability,No,No,No,No,No,No,,65_plus,True,generative,syn_t042_h0000013,syn_t042_h0000013_r001
14000US06089012400,2,16,67,2.0,2,2,2.0,2.0,,2.0,,,1,16.0,2,,,2,6.0,Husband/wife,Regular high school diploma,Female,Not in labor force,,,,,Without a disability,No,No,No,No,No,No,,65_plus,True,generative,syn_t042_h0000013,syn_t042_h0000013_r002
14000US06089012400,1,9,36,2.0,2,2,2.0,2.0,,2.0,,11.0,0,22.0,2,42.0,1.0,2,1.0,Reference person,Master's degree,Female,"Civilian employed, at work",50 to 52 weeks worked during past 12 months,Worked at home,,,Without a disability,No,No,No,No,No,No,,35_64,True,generative,syn_t042_h0000014,syn_t042_h0000014_r001
14000US06089012400,2,7,36,2.0,2,2,2.0,2.0,,2.0,10.0,9.0,1,21.0,1,40.0,1.0,2,1.0,Husband/wife,Bachelor's degree,Male,"Civilian employed, at work",50 to 52 weeks worked during past 12 months,Bicycle,,,Without a disability,No,No,No,No,No,No,,35_64,True,generative,syn_t042_h0000014,syn_t042_h0000014_r002
14000US06089012400,1,13,73,2.0,2,2,2.0,2.0,,2.0,,,0,17.0,1,,,2,6.0,Reference person,GED or alternative credential,Male,Not in labor force,,,,,Without a disability,No,No,No,No,No,No,,65_plus,True,generative,syn_t042_h0000015,syn_t042_h0000015_r001
14000US06089012400,2,16,72,2.0,2,2,2.0,2.0,,2.0,,,1,16.0,2,,,2,6.0,Husband/wife,Regular high school diploma,Female,Not in labor force,,,,,Without a disability,No,No,No,No,No,No,,65_plus,True,generative,syn_t042_h0000015,syn_t042_h0000015_r002
14000US06089012400,1,17,76,2.0,1,2,2.0,2.0,,2.0,,,0,19.0,1,,,1,6.0,Reference person,"1 or more years of college credit, no degree",Male,Not in labor force,,,,,With a disability,Yes,No,No,No,No,No,,65_plus,True,generative,syn_t042_h0000016,syn_t042_h0000016_r001
14000US06089012400,2,18,74,2.0,2,2,2.0,2.0,,2.0,,,1,16.0,2,,,2,6.0,Husband/wife,Regular high school diploma,Female,Not in labor force,,,,,Without a disability,No,No,No,No,No,No,,65_plus,True,generative,syn_t042_h0000016,syn_t042_h0000016_r002
14000US06089012400,1,11,70,2.0,2,2,2.0,1.0,5.0,2.0,,,0,21.0,1,,,1,6.0,Reference person,Bachelor's degree,Male,Not in labor force,,,,,With a disability,No,No,No,Yes,No,No,"70, 80, 90, or 100 percent",65_plus,True,generative,syn_t042_h0000017,syn_t042_h0000017_r001
14000US06089012400,2,11,63,2.0,2,2,2.0,2.0,,2.0,,,1,21.0,2,16.0,4.0,2,6.0,Husband/wife,Bachelor's degree,Female,Not in labor force,27 to 39 weeks worked during past 12 months,,,,Without a disability,No,No,No,No,No,No,,35_64,True,generative,syn_t042_h0000017,syn_t042_h0000017_r002
14000US06089012400,3,12,54,2.0,2,2,2.0,2.0,,2.0,,11.0,11,21.0,1,50.0,1.0,2,1.0,Roomer or boarder,Bachelor's degree,Male,"Civilian employed, at work",50 to 52 weeks worked during past 12 months,Worked at home,,,Without a disability,No,No,No,No,No,No,,35_64,True,generative,syn_t042_h0000017,syn_t042_h0000017_r003
14000US06089012400,1,10,58,2.0,2,2,2.0,2.0,,1.0,,,0,17.0,1,,,1,6.0,Reference person,GED or alternative credential,Male,Not in labor force,,,,,With a disability,No,No,Yes,No,No,No,,35_64,True,generative,syn_t042_h0000018,syn_t042_h0000018_r001
14000US06089012400,1,9,72,2.0,2,2,2.0,2.0,,2.0,,11.0,0,19.0,1,20.0,1.0,2,1.0,Reference person,"1 or more years of college credit, no degree",Male,"Civilian employed, at work",50 to 52 weeks worked during past 12 months,Worked at home,,,Without a disability,No,No,No,No,No,No,,65_plus,True,generative,syn_t042_h0000019,syn_t042_h0000019_r001
14000US06089012400,2,8,58,2.0,2,2,2.0,2.0,,2.0,,,1,19.0,2,,,2,6.0,Husband/wife,"1 or more years of college credit, no degree",Female,Not in labor force,,,,,Without a disability,No,No,No,No,No,No,,35_64,True,generative,syn_t042_h0000019,syn_t042_h0000019_r002
14000US06089012400,1,23,54,2.0,2,2,2.0,2.0,,2.0,20.0,1.0,0,16.0,1,40.0,1.0,2,1.0,Reference person,Regular high school diploma,Male,"Civilian employed, at work",50 to 52 weeks worked during past 12 months,"Car, truck, or van",,,Without a disability,No,No,No,No,No,No,,35_64,True,generative,syn_t042_h0000020,syn_t042_h0000020_r001
14000US06089012400,1,7,57,2.0,2,2,2.0,2.0,,2.0,,,0,19.0,2,,,2,6.0,Reference person,"1 or more years of college credit, no degree",Female,Not in labor force,,,,,Without a disability,No,No,No,No,No,No,,35_64,True,generative,syn_t042_h0000021,syn_t042_h0000021_r001
14000US06089012400,2,8,63,2.0,2,2,2.0,2.0,,2.0,15.0,1.0,1,18.0,1,40.0,1.0,2,1.0,Husband/wife,"Some college, but less than 1 year",Male,"Civilian employed, at work",50 to 52 weeks worked during past 12 months,"Car, truck, or van",,,Without a disability,No,No,No,No,No,No,,35_64,True,generative,syn_t042_h0000021,syn_t042_h0000021_r002
14000US06089012400,1,22,71,2.0,2,2,2.0,2.0,,2.0,,,0,12.0,2,,,2,6.0,Reference person,Grade 9,Female,Not in labor force,,,,,Without a disability,No,No,No,No,No,No,,65_plus,True,generative,syn_t042_h0000022,syn_t042_h0000022_r001
14000US06089012400,2,27,63,2.0,2,2,2.0,2.0,,2.0,,,5,16.0,1,,,2,6.0,Brother or sister,Regular high school diploma,Male,Not in labor force,,,,,Without a disability,No,No,No,No,No,No,,35_64,True,generative,syn_t042_h0000022,syn_t042_h0000022_r002
14000US06089012400,3,27,89,2.0,2,2,2.0,2.0,,2.0,,,6,13.0,2,,,2,6.0,Father or mother,Grade 10,Female,Not in labor force,,,,,Without a disability,No,No,No,No,No,No,,65_plus,True,generative,syn_t042_h0000022,syn_t042_h0000022_r003
14000US06089012400,4,25,33,2.0,2,2,2.0,2.0,,2.0,,,7,16.0,2,,,2,6.0,Grandchild,Regular high school diploma,Female,Not in labor force,,,,,Without a disability,No,No,No,No,No,No,,18_34,True,generative,syn_t042_h0000022,syn_t042_h0000022_r004
14000US06089012400,5,23,2,,2,2,,,,,,,7,,1,,,2,,Grandchild,,Male,,,,,,Without a disability,No,No,,,,,,0_17,False,dependent,syn_t042_h0000022,syn_t042_h0000022_r005
14000US06089012500,1,11,69,2.0,2,2,2.0,2.0,,2.0,5.0,1.0,0,19.0,1,40.0,1.0,2,1.0,Reference person,"1 or more years of college credit, no degree",Male,"Civilian employed, at work",50 to 52 weeks worked during past 12 months,"Car, truck, or van",,,Without a disability,No,No,No,No,No,No,,65_plus,True,generative,syn_t043_h0000001,syn_t043_h0000001_r001
14000US06089012500,2,12,71,2.0,1,2,2.0,2.0,,2.0,,,1,16.0,2,,,1,6.0,Husband/wife,Regular high school diploma,Female,Not in labor force,,,,,With a disability,Yes,No,No,No,No,No,,65_plus,True,generative,syn_t043_h0000001,syn_t043_h0000001_r002
14000US06089012500,1,45,41,2.0,2,2,2.0,2.0,,2.0,40.0,1.0,0,19.0,1,40.0,5.0,2,1.0,Reference person,"1 or more years of college credit, no degree",Male,"Civilian employed, at work",14 to 26 weeks worked during past 12 months,"Car, truck, or van",,,Without a disability,No,No,No,No,No,No,,35_64,True,generative,syn_t043_h0000002,syn_t043_h0000002_r001
14000US06089012500,2,48,37,2.0,2,2,2.0,2.0,,2.0,30.0,1.0,1,19.0,2,40.0,1.0,2,1.0,Husband/wife,"1 or more years of college credit, no degree",Female,"Civilian employed, at work",50 to 52 weeks worked during past 12 months,"Car, truck, or van",,,Without a disability,No,No,No,No,No,No,,35_64,True,generative,syn_t043_h0000002,syn_t043_h0000002_r002
14000US06089012500,3,56,9,2.0,2,2,,2.0,,2.0,,,2,5.0,1,,,2,,Biological son or daughter,Grade 2,Male,,,,,,Without a disability,No,No,No,No,,No,,0_17,False,dependent,syn_t043_h0000002,syn_t043_h0000002_r003
14000US06089012500,1,15,59,2.0,2,2,2.0,2.0,,2.0,30.0,1.0,0,21.0,2,50.0,1.0,2,1.0,Reference person,Bachelor's degree,Female,"Civilian employed, at work",50 to 52 weeks worked during past 12 months,"Car, truck, or van",,,Without a disability,No,No,No,No,No,No,,35_64,True,generative,syn_t043_h0000003,syn_t043_h0000003_r001
14000US06089012500,2,20,56,2.0,2,2,2.0,2.0,,2.0,10.0,1.0,1,17.0,1,30.0,4.0,2,1.0,Husband/wife,GED or alternative credential,Male,"Civilian employed, at work",27 to 39 weeks worked during past 12 months,"Car, truck, or van",,,Without a disability,No,No,No,No,No,No,,35_64,True,generative,syn_t043_h0000003,syn_t043_h0000003_r002
14000US06089012500,3,12,27,2.0,2,2,2.0,2.0,,2.0,,,2,19.0,1,,,2,6.0,Biological son or daughter,"1 or more years of college credit, no degree",Male,Not in labor force,,,,,Without a disability,No,No,No,No,No,No,,18_34,True,generative,syn_t043_h0000003,syn_t043_h0000003_r003
14000US06089012500,4,14,30,2.0,2,2,1.0,2.0,,2.0,,,9,16.0,2,,,1,6.0,Son-in-law or daughter-in-law,Regular high school diploma,Female,Not in labor force,,,,,With a disability,No,No,No,No,Yes,No,,18_34,True,generative,syn_t043_h0000003,syn_t043_h0000003_r004
14000US06089012500,1,12,49,2.0,2,2,2.0,2.0,,2.0,10.0,1.0,0,21.0,2,60.0,1.0,2,1.0,Reference person,Bachelor's degree,Female,"Civilian employed, at work",50 to 52 weeks worked during past 12 months,"Car, truck, or van",,,Without a disability,No,No,No,No,No,No,,35_64,True,generative,syn_t043_h0000004,syn_t043_h0000004_r001
14000US06089012500,1,38,60,2.0,2,2,2.0,2.0,,2.0,15.0,1.0,0,19.0,1,40.0,5.0,2,1.0,Reference person,"1 or more years of college credit, no degree",Male,"Civilian employed, at work",14 to 26 weeks worked during past 12 months,"Car, truck, or van",,,Without a disability,No,No,No,No,No,No,,35_64,True,generative,syn_t043_h0000005,syn_t043_h0000005_r001
14000US06089012500,2,58,19,2.0,2,2,2.0,2.0,,2.0,,,4,14.0,1,,,2,6.0,Stepson or stepdaughter,Grade 11,Male,Not in labor force,,,,,Without a disability,No,No,No,No,No,No,,18_34,True,generative,syn_t043_h0000005,syn_t043_h0000005_r002
14000US06089012500,3,41,45,2.0,2,2,2.0,2.0,,2.0,,,13,19.0,2,,,2,6.0,Unmarried partner,"1 or more years of college credit, no degree",Female,Not in labor force,,,,,Without a disability,No,No,No,No,No,No,,35_64,True,generative,syn_t043_h0000005,syn_t043_h0000005_r003
14000US06089012500,1,52,90,2.0,2,2,2.0,2.0,,2.0,,,0,16.0,1,,,2,6.0,Reference person,Regular high school diploma,Male,Not in labor force,,,,,Without a disability,No,No,No,No,No,No,,65_plus,True,generative,syn_t043_h0000006,syn_t043_h0000006_r001
14000US06089012500,1,39,66,2.0,2,2,2.0,1.0,,2.0,,,0,16.0,1,,,1,6.0,Reference person,Regular high school diploma,Male,Not in labor force,,,,,With a disability,No,No,No,Yes,No,No,,65_plus,True,generative,syn_t043_h0000007,syn_t043_h0000007_r001
14000US06089012500,2,44,33,2.0,2,2,2.0,2.0,,2.0,,,13,16.0,2,,,2,6.0,Unmarried partner,Regular high school diploma,Female,Not in labor force,,,,,Without a disability,No,No,No,No,No,No,,18_34,True,generative,syn_t043_h0000007,syn_t043_h0000007_r002
14000US06089012500,1,23,46,2.0,2,2,2.0,2.0,,2.0,,,0,16.0,2,,,2,3.0,Reference person,Regular high school diploma,Female,Unemployed,,,,,Without a disability,No,No,No,No,No,No,,35_64,True,generative,syn_t043_h0000008,syn_t043_h0000008_r001
14000US06089012500,2,14,51,2.0,2,2,2.0,2.0,,2.0,20.0,1.0,1,16.0,1,40.0,1.0,2,1.0,Husband/wife,Regular high school diploma,Male,"Civilian employed, at work",50 to 52 weeks worked during past 12 months,"Car, truck, or van",,,Without a disability,No,No,No,No,No,No,,35_64,True,generative,syn_t043_h0000008,syn_t043_h0000008_r002
14000US06089012500,3,27,24,2.0,2,2,2.0,2.0,,1.0,,,2,20.0,1,,,1,3.0,Biological son or daughter,Associate's degree,Male,Unemployed,,,,,With a disability,No,No,Yes,No,No,No,,18_34,True,generative,syn_t043_h0000008,syn_t043_h0000008_r003
14000US06089012500,4,17,19,2.0,2,2,2.0,2.0,,2.0,,,2,16.0,1,,,2,3.0,Biological son or daughter,Regular high school diploma,Male,Unemployed,,,,,Without a disability,No,No,No,No,No,No,,18_34,True,generative,syn_t043_h0000008,syn_t043_h0000008_r004
14000US06089012500,1,11,77,2.0,2,2,2.0,2.0,,2.0,,,0,18.0,1,,,2,6.0,Reference person,"Some college, but less than 1 year",Male,Not in labor force,,,,,Without a disability,No,No,No,No,No,No,,65_plus,True,generative,syn_t043_h0000009,syn_t043_h0000009_r001
14000US06089012500,2,15,73,2.0,2,2,2.0,2.0,,2.0,,,1,12.0,2,,,2,6.0,Husband/wife,Grade 9,Female,Not in labor force,,,,,Without a disability,No,No,No,No,No,No,,65_plus,True,generative,syn_t043_h0000009,syn_t043_h0000009_r002
14000US06089012500,1,52,72,2.0,2,2,2.0,1.0,,2.0,,,0,13.0,1,,,1,6.0,Reference person,Grade 10,Male,Not in labor force,,,,,With a disability,No,No,No,Yes,No,No,,65_plus,True,generative,syn_t043_h0000010,syn_t043_h0000010_r001
14000US06089012601,1,24,37,2.0,2,2,2.0,2.0,,2.0,60.0,1.0,0,17.0,1,20.0,1.0,2,1.0,Reference person,GED or alternative credential,Male,"Civilian employed, at work",50 to 52 weeks worked during past 12 months,"Car, truck, or van",,,Without a disability,No,No,No,No,No,No,,35_64,True,generative,syn_t044_h0000001,syn_t044_h0000001_r001
14000US06089012601,2,30,13,2.0,2,2,,2.0,,2.0,,,2,11.0,1,,,2,,Biological son or daughter,Grade 8,Male,,,,,,Without a disability,No,No,No,No,,No,,0_17,False,dependent,syn_t044_h0000001,syn_t044_h0000001_r002
14000US06089012601,3,26,37,2.0,2,2,2.0,2.0,,2.0,,,13,18.0,2,8.0,6.0,2,6.0,Unmarried partner,"Some college, but less than 1 year",Female,Not in labor force,less than 14 weeks worked during past 12 months,,,,Without a disability,No,No,No,No,No,No,,35_64,True,generative,syn_t044_h0000001,syn_t044_h0000001_r003
14000US06089012601,1,12,62,2.0,2,2,2.0,2.0,,2.0,2.0,1.0,0,21.0,2,32.0,1.0,2,1.0,Reference person,Bachelor's degree,Female,"Civilian employed, at work",50 to 52 weeks worked during past 12 months,"Car, truck, or van",,,Without a disability,No,No,No,No,No,No,,35_64,True,generative,syn_t044_h0000002,syn_t044_h0000002_r001
14000US06089012601,2,12,64,2.0,2,2,2.0,2.0,,2.0,,11.0,1,24.0,1,35.0,1.0,2,1.0,Husband/wife,Doctorate degree,Male,"Civilian employed, at work",50 to 52 weeks worked during past 12 months,Worked at home,,,Without a disability,No,No,No,No,No,No,,35_64,True,generative,syn_t044_h0000002,syn_t044_h0000002_r002
14000US06089012601,1,41,45,2.0,2,2,2.0,2.0,,2.0,,,0,19.0,1,55.0,1.0,2,2.0,Reference person,"1 or more years of college credit, no degree",Male,"Civilian employed, with a job but not at work",50 to 52 weeks worked during past 12 months,,,,Without a disability,No,No,No,No,No,No,,35_64,True,generative,syn_t044_h0000003,syn_t044_h0000003_r001
14000US06089012601,2,54,11,2.0,2,2,,2.0,,2.0,,,2,8.0,2,,,2,,Biological son or daughter,Grade 5,Female,,,,,,Without a disability,No,No,No,No,,No,,0_17,False,dependent,syn_t044_h0000003,syn_t044_h0000003_r002
14000US06089012601,1,5,41,2.0,2,2,2.0,2.0,,2.0,20.0,1.0,0,19.0,1,48.0,1.0,2,1.0,Reference person,"1 or more years of college credit, no degree",Male,"Civilian employed, at work",50 to 52 weeks worked during past 12 months,"Car, truck, or van",,,Without a disability,No,No,No,No,No,No,,35_64,True,generative,syn_t044_h0000004,syn_t044_h0000004_r001
14000US06089012601,2,5,36,2.0,2,2,2.0,2.0,,2.0,,,1,19.0,2,,,2,6.0,Husband/wife,"1 or more years of college credit, no degree",Female,Not in labor force,,,,,Without a disability,No,No,No,No,No,No,,35_64,True,generative,syn_t044_h0000004,syn_t044_h0000004_r002
14000US06089012601,3,5,12,2.0,2,2,,2.0,,2.0,,,2,9.0,2,,,2,,Biological son or daughter,Grade 6,Female,,,,,,Without a disability,No,No,No,No,,No,,0_17,False,dependent,syn_t044_h0000004,syn_t044_h0000004_r003
14000US06089012601,4,5,10,2.0,2,2,,2.0,,2.0,,,2,6.0,2,,,2,,Biological son or daughter,Grade 3,Female,,,,,,Without a disability,No,No,No,No,,No,,0_17,False,dependent,syn_t044_h0000004,syn_t044_h0000004_r004
14000US06089012601,5,5,8,2.0,2,2,,2.0,,2.0,,,2,5.0,2,,,2,,Biological son or daughter,Grade 2,Female,,,,,,Without a disability,No,No,No,No,,No,,0_17,False,dependent,syn_t044_h0000004,syn_t044_h0000004_r005
14000US06089012601,6,5,7,2.0,2,2,,2.0,,2.0,,,2,4.0,1,,,2,,Biological son or daughter,Grade 1,Male,,,,,,Without a disability,No,No,No,No,,No,,0_17,False,dependent,syn_t044_h0000004,syn_t044_h0000004_r006
14000US06089012601,7,5,6,2.0,2,2,,2.0,,2.0,,,2,3.0,1,,,2,,Biological son or daughter,Kindergarten,Male,,,,,,Without a disability,No,No,No,No,,No,,0_17,False,dependent,syn_t044_h0000004,syn_t044_h0000004_r007
14000US06089012601,8,5,5,2.0,2,2,,2.0,,2.0,,,2,3.0,2,,,2,,Biological son or daughter,Kindergarten,Female,,,,,,Without a disability,No,No,No,No,,No,,0_17,False,dependent,syn_t044_h0000004,syn_t044_h0000004_r008
14000US06089012601,1,18,74,2.0,1,2,2.0,2.0,,2.0,,,0,18.0,2,,,1,6.0,Reference person,"Some college, but less than 1 year",Female,Not in labor force,,,,,With a disability,Yes,No,No,No,No,No,,65_plus,True,generative,syn_t044_h0000005,syn_t044_h0000005_r001
14000US06089012601,2,19,79,2.0,2,2,2.0,2.0,,2.0,,,1,18.0,1,,,2,6.0,Husband/wife,"Some college, but less than 1 year",Male,Not in labor force,,,,,Without a disability,No,No,No,No,No,No,,65_plus,True,generative,syn_t044_h0000005,syn_t044_h0000005_r002
14000US06089012601,1,41,64,2.0,2,2,2.0,2.0,,2.0,10.0,1.0,0,16.0,1,25.0,1.0,2,1.0,Reference person,Regular high school diploma,Male,"Civilian employed, at work",50 to 52 weeks worked during past 12 months,"Car, truck, or van",,,Without a disability,No,No,No,No,No,No,,35_64,True,generative,syn_t044_h0000006,syn_t044_h0000006_r001
14000US06089012601,2,37,62,2.0,2,2,2.0,2.0,,2.0,,,1,16.0,2,,,2,6.0,Husband/wife,Regular high school diploma,Female,Not in labor force,,,,,Without a disability,No,No,No,No,No,No,,35_64,True,generative,syn_t044_h0000006,syn_t044_h0000006_r002
14000US06089012601,1,13,60,2.0,2,2,1.0,1.0,,2.0,,,0,19.0,1,,,1,6.0,Reference person,"1 or more years of college credit, no degree",Male,Not in labor force,,,,,With a disability,No,No,No,Yes,Yes,No,,35_64,True,generative,syn_t044_h0000007,syn_t044_h0000007_r001
14000US06089012601,1,16,90,1.0,2,2,1.0,1.0,,2.0,,,0,19.0,2,,,1,6.0,Reference person,"1 or more years of college credit, no degree",Female,Not in labor force,,,,,With a disability,No,No,No,Yes,Yes,Yes,,65_plus,True,generative,syn_t044_h0000008,syn_t044_h0000008_r001
14000US06089012601,2,19,57,2.0,2,2,2.0,2.0,,2.0,15.0,1.0,2,23.0,1,24.0,1.0,2,1.0,Biological son or daughter,Professional degree beyond a bachelor's degree,Male,"Civilian employed, at work",50 to 52 weeks worked during past 12 months,"Car, truck, or van",,,Without a disability,No,No,No,No,No,No,,35_64,True,generative,syn_t044_h0000008,syn_t044_h0000008_r002
14000US06089012601,1,12,47,2.0,2,2,2.0,2.0,,2.0,1.0,1.0,0,21.0,2,40.0,1.0,2,1.0,Reference person,Bachelor's degree,Female,"Civilian employed, at work",50 to 52 weeks worked during past 12 months,"Car, truck, or van",,,Without a disability,No,No,No,No,No,No,,35_64,True,generative,syn_t044_h0000009,syn_t044_h0000009_r001
14000US06089012601,2,11,48,2.0,2,2,2.0,2.0,,2.0,1.0,1.0,1,19.0,1,40.0,1.0,2,1.0,Husband/wife,"1 or more years of college credit, no degree",Male,"Civilian employed, at work",50 to 52 weeks worked during past 12 months,"Car, truck, or van",,,Without a disability,No,No,No,No,No,No,,35_64,True,generative,syn_t044_h0000009,syn_t044_h0000009_r002
14000US06089012601,3,7,19,2.0,2,2,2.0,2.0,,2.0,1.0,1.0,2,16.0,1,40.0,4.0,2,1.0,Biological son or daughter,Regular high school diploma,Male,"Civilian employed, at work",27 to 39 weeks worked during past 12 months,"Car, truck, or van",,,Without a disability,No,No,No,No,No,No,,18_34,True,generative,syn_t044_h0000009,syn_t044_h0000009_r003
14000US06089012601,4,14,17,2.0,2,2,2.0,2.0,,2.0,,,2,14.0,1,,,2,6.0,Biological son or daughter,Grade 11,Male,Not in labor force,,,,,Without a disability,No,No,No,No,No,No,,0_17,False,dependent,syn_t044_h0000009,syn_t044_h0000009_r004
14000US06089012601,1,11,69,2.0,2,2,2.0,2.0,,2.0,,,0,18.0,1,,,2,6.0,Reference person,"Some college, but less than 1 year",Male,Not in labor force,,,,,Without a disability,No,No,No,No,No,No,,65_plus,True,generative,syn_t044_h0000010,syn_t044_h0000010_r001
14000US06089012601,1,51,36,2.0,2,2,2.0,2.0,,2.0,,,0,19.0,2,,,2,3.0,Reference person,"1 or more years of college credit, no degree",Female,Unemployed,,,,,Without a disability,No,No,No,No,No,No,,35_64,True,generative,syn_t044_h0000011,syn_t044_h0000011_r001
14000US06089012601,1,7,73,2.0,1,2,2.0,2.0,2.0,2.0,5.0,1.0,0,18.0,1,40.0,1.0,1,1.0,Reference person,"Some college, but less than 1 year",Male,"Civilian employed, at work",50 to 52 weeks worked during past 12 months,"Car, truck, or van",,,With a disability,Yes,No,No,No,No,No,10 or 20 percent,65_plus,True,generative,syn_t044_h0000012,syn_t044_h0000012_r001
14000US06089012601,2,8,70,2.0,2,2,2.0,2.0,,2.0,,,1,17.0,2,,,2,6.0,Husband/wife,GED or alternative credential,Female,Not in labor force,,,,,Without a disability,No,No,No,No,No,No,,65_plus,True,generative,syn_t044_h0000012,syn_t044_h0000012_r002
14000US06089012601,1,15,89,2.0,2,2,2.0,2.0,,2.0,,,0,19.0,2,,,2,6.0,Reference person,"1 or more years of college credit, no degree",Female,Not in labor force,,,,,Without a disability,No,No,No,No,No,No,,65_plus,True,generative,syn_t044_h0000013,syn_t044_h0000013_r001
14000US06089012601,1,12,75,2.0,2,2,2.0,2.0,,2.0,,,0,16.0,2,,,2,6.0,Reference person,Regular high school diploma,Female,Not in labor force,,,,,Without a disability,No,No,No,No,No,No,,65_plus,True,generative,syn_t044_h0000014,syn_t044_h0000014_r001
14000US06089012601,1,14,72,2.0,2,1,2.0,2.0,,2.0,,,0,18.0,2,,,1,6.0,Reference person,"Some college, but less than 1 year",Female,Not in labor force,,,,,With a disability,No,Yes,No,No,No,No,,65_plus,True,generative,syn_t044_h0000015,syn_t044_h0000015_r001
14000US06089012601,2,13,74,2.0,1,1,2.0,2.0,,2.0,,,1,18.0,1,,,1,6.0,Husband/wife,"Some college, but less than 1 year",Male,Not in labor force,,,,,With a disability,Yes,Yes,No,No,No,No,,65_plus,True,generative,syn_t044_h0000015,syn_t044_h0000015_r002
14000US06089012601,1,11,53,2.0,2,2,2.0,2.0,,2.0,30.0,1.0,0,22.0,2,40.0,1.0,2,1.0,Reference person,Master's degree,Female,"Civilian employed, at work",50 to 52 weeks worked during past 12 months,"Car, truck, or van",,,Without a disability,No,No,No,No,No,No,,35_64,True,generative,syn_t044_h0000016,syn_t044_h0000016_r001
14000US06089012601,2,20,59,2.0,2,2,2.0,2.0,,2.0,,,1,18.0,1,,,2,6.0,Husband/wife,"Some college, but less than 1 year",Male,Not in labor force,,,,,Without a disability,No,No,No,No,No,No,,35_64,True,generative,syn_t044_h0000016,syn_t044_h0000016_r002
14000US06089012601,1,59,23,2.0,2,2,2.0,2.0,,2.0,15.0,1.0,0,19.0,1,40.0,1.0,2,1.0,Reference person,"1 or more years of college credit, no degree",Male,"Civilian employed, at work",50 to 52 weeks worked during past 12 months,"Car, truck, or van",,,Without a disability,No,No,No,No,No,No,,18_34,True,generative,syn_t044_h0000017,syn_t044_h0000017_r001
14000US06089012601,2,78,24,2.0,2,2,2.0,2.0,,2.0,20.0,1.0,1,19.0,2,40.0,1.0,2,1.0,Husband/wife,"1 or more years of college credit, no degree",Female,"Civilian employed, at work",50 to 52 weeks worked during past 12 months,"Car, truck, or van",,,Without a disability,No,No,No,No,No,No,,18_34,True,generative,syn_t044_h0000017,syn_t044_h0000017_r002
14000US06089012601,3,92,27,2.0,2,2,2.0,2.0,,2.0,,11.0,12,21.0,1,40.0,1.0,2,1.0,Housemate or roommate,Bachelor's degree,Male,"Civilian employed, at work",50 to 52 weeks worked during past 12 months,Worked at home,,,Without a disability,No,No,No,No,No,No,,18_34,True,generative,syn_t044_h0000017,syn_t044_h0000017_r003
14000US06089012601,4,95,25,2.0,2,2,2.0,2.0,,2.0,20.0,1.0,12,21.0,2,40.0,1.0,2,1.0,Housemate or roommate,Bachelor's degree,Female,"Civilian employed, at work",50 to 52 weeks worked during past 12 months,"Car, truck, or van",,,Without a disability,No,No,No,No,No,No,,18_34,True,generative,syn_t044_h0000017,syn_t044_h0000017_r004
14000US06089012601,1,33,24,2.0,2,2,2.0,2.0,,2.0,,,0,16.0,2,,,2,6.0,Reference person,Regular high school diploma,Female,Not in labor force,,,,,Without a disability,No,No,No,No,No,No,,18_34,True,generative,syn_t044_h0000018,syn_t044_h0000018_r001
14000US06089012601,2,53,27,2.0,2,2,2.0,2.0,,2.0,5.0,1.0,1,17.0,1,40.0,1.0,2,1.0,Husband/wife,GED or alternative credential,Male,"Civilian employed, at work",50 to 52 weeks worked during past 12 months,"Car, truck, or van",,,Without a disability,No,No,No,No,No,No,,18_34,True,generative,syn_t044_h0000018,syn_t044_h0000018_r002
14000US06089012601,3,47,10,2.0,2,2,,2.0,,2.0,,,2,6.0,1,,,2,,Biological son or daughter,Grade 3,Male,,,,,,Without a disability,No,No,No,No,,No,,0_17,False,dependent,syn_t044_h0000018,syn_t044_h0000018_r003
14000US06089012601,4,49,3,,2,2,,,,,,,3,1.0,1,,,2,,Adopted son or daughter,No schooling completed,Male,,,,,,Without a disability,No,No,,,,,,0_17,False,dependent,syn_t044_h0000018,syn_t044_h0000018_r004
14000US06089012601,5,39,0,,2,2,,,,,,,3,,2,,,2,,Adopted son or daughter,,Female,,,,,,Without a disability,No,No,,,,,,0_17,False,dependent,syn_t044_h0000018,syn_t044_h0000018_r005
14000US06089012601,1,29,38,2.0,2,2,2.0,2.0,,2.0,50.0,1.0,0,13.0,1,45.0,1.0,2,1.0,Reference person,Grade 10,Male,"Civilian employed, at work",50 to 52 weeks worked during past 12 months,"Car, truck, or van",,,Without a disability,No,No,No,No,No,No,,35_64,True,generative,syn_t044_h0000019,syn_t044_h0000019_r001
14000US06089012601,2,35,38,2.0,2,2,2.0,2.0,,2.0,,,1,19.0,2,,,2,6.0,Husband/wife,"1 or more years of college credit, no degree",Female,Not in labor force,,,,,Without a disability,No,No,No,No,No,No,,35_64,True,generative,syn_t044_h0000019,syn_t044_h0000019_r002
14000US06089012601,3,38,11,2.0,2,2,,2.0,,2.0,,,2,8.0,1,,,2,,Biological son or daughter,Grade 5,Male,,,,,,Without a disability,No,No,No,No,,No,,0_17,False,dependent,syn_t044_h0000019,syn_t044_h0000019_r003
14000US06089012601,4,35,9,2.0,2,2,,2.0,,2.0,,,2,6.0,2,,,2,,Biological son or daughter,Grade 3,Female,,,,,,Without a disability,No,No,No,No,,No,,0_17,False,dependent,syn_t044_h0000019,syn_t044_h0000019_r004
14000US06089012601,5,40,4,,2,2,,,,,,,2,2.0,1,,,2,,Biological son or daughter,"Nursery school, preschool",Male,,,,,,Without a disability,No,No,,,,,,0_17,False,dependent,syn_t044_h0000019,syn_t044_h0000019_r005
14000US06089012601,6,39,4,,2,2,,,,,,,2,2.0,1,,,2,,Biological son or daughter,"Nursery school, preschool",Male,,,,,,Without a disability,No,No,,,,,,0_17,False,dependent,syn_t044_h0000019,syn_t044_h0000019_r006
14000US06089012601,1,48,25,2.0,2,2,2.0,2.0,,2.0,15.0,1.0,0,19.0,2,40.0,1.0,2,1.0,Reference person,"1 or more years of college credit, no degree",Female,"Civilian employed, at work",50 to 52 weeks worked during past 12 months,"Car, truck, or van",,,Without a disability,No,No,No,No,No,No,,18_34,True,generative,syn_t044_h0000020,syn_t044_h0000020_r001
14000US06089012601,2,40,27,2.0,2,2,2.0,2.0,,2.0,80.0,1.0,1,19.0,1,40.0,1.0,2,1.0,Husband/wife,"1 or more years of college credit, no degree",Male,"Civilian employed, at work",50 to 52 weeks worked during past 12 months,"Car, truck, or van",,,Without a disability,No,No,No,No,No,No,,18_34,True,generative,syn_t044_h0000020,syn_t044_h0000020_r002
14000US06089012601,1,13,29,2.0,2,2,2.0,2.0,,2.0,,11.0,0,22.0,2,10.0,4.0,2,1.0,Reference person,Master's degree,Female,"Civilian employed, at work",27 to 39 weeks worked during past 12 months,Worked at home,,,Without a disability,No,No,No,No,No,No,,18_34,True,generative,syn_t044_h0000021,syn_t044_h0000021_r001
14000US06089012601,2,14,29,2.0,2,2,2.0,2.0,,2.0,10.0,1.0,1,19.0,1,40.0,1.0,2,1.0,Husband/wife,"1 or more years of college credit, no degree",Male,"Civilian employed, at work",50 to 52 weeks worked during past 12 months,"Car, truck, or van",,,Without a disability,No,No,No,No,No,No,,18_34,True,generative,syn_t044_h0000021,syn_t044_h0000021_r002
14000US06089012601,3,12,4,,2,2,,,,,,,2,2.0,2,,,2,,Biological son or daughter,"Nursery school, preschool",Female,,,,,,Without a disability,No,No,,,,,,0_17,False,dependent,syn_t044_h0000021,syn_t044_h0000021_r003
14000US06089012601,4,10,0,,2,2,,,,,,,2,,1,,,2,,Biological son or daughter,,Male,,,,,,Without a disability,No,No,,,,,,0_17,False,dependent,syn_t044_h0000021,syn_t044_h0000021_r004
14000US06089012601,1,17,65,2.0,2,2,2.0,2.0,,2.0,10.0,1.0,0,22.0,2,42.0,1.0,2,1.0,Reference person,Master's degree,Female,"Civilian employed, at work",50 to 52 weeks worked during past 12 months,"Car, truck, or van",,,Without a disability,No,No,No,No,No,No,,65_plus,True,generative,syn_t044_h0000022,syn_t044_h0000022_r001
14000US06089012601,2,17,58,2.0,2,2,2.0,2.0,,2.0,1.0,1.0,1,19.0,1,40.0,1.0,2,1.0,Husband/wife,"1 or more years of college credit, no degree",Male,"Civilian employed, at work",50 to 52 weeks worked during past 12 months,"Car, truck, or van",,,Without a disability,No,No,No,No,No,No,,35_64,True,generative,syn_t044_h0000022,syn_t044_h0000022_r002
14000US06089012601,1,74,28,2.0,2,2,2.0,2.0,,2.0,15.0,1.0,0,21.0,2,40.0,1.0,2,1.0,Reference person,Bachelor's degree,Female,"Civilian employed, at work",50 to 52 weeks worked during past 12 months,"Car, truck, or van",,,Without a disability,No,No,No,No,No,No,,18_34,True,generative,syn_t044_h0000023,syn_t044_h0000023_r001
14000US06089012601,2,65,37,2.0,2,2,2.0,2.0,,2.0,15.0,1.0,1,19.0,1,40.0,1.0,2,1.0,Husband/wife,"1 or more years of college credit, no degree",Male,"Civilian employed, at work",50 to 52 weeks worked during past 12 months,"Car, truck, or van",,,Without a disability,No,No,No,No,No,No,,35_64,True,generative,syn_t044_h0000023,syn_t044_h0000023_r002
14000US06089012601,3,65,0,,2,2,,,,,,,2,,2,,,2,,Biological son or daughter,,Female,,,,,,Without a disability,No,No,,,,,,0_17,False,dependent,syn_t044_h0000023,syn_t044_h0000023_r003
14000US06089012601,1,4,31,2.0,2,2,2.0,2.0,,2.0,35.0,1.0,0,19.0,2,8.0,1.0,2,1.0,Reference person,"1 or more years of college credit, no degree",Female,"Civilian employed, at work",50 to 52 weeks worked during past 12 months,"Car, truck, or van",,,Without a disability,No,No,No,No,No,No,,18_34,True,generative,syn_t044_h0000024,syn_t044_h0000024_r001
14000US06089012601,2,4,26,2.0,2,2,2.0,2.0,,2.0,40.0,1.0,1,20.0,1,50.0,1.0,2,1.0,Husband/wife,Associate's degree,Male,"Civilian employed, at work",50 to 52 weeks worked during past 12 months,"Car, truck, or van",,,Without a disability,No,No,No,No,No,No,,18_34,True,generative,syn_t044_h0000024,syn_t044_h0000024_r002
14000US06089012601,3,7,6,2.0,2,2,,2.0,,2.0,,,2,2.0,1,,,2,,Biological son or daughter,"Nursery school, preschool",Male,,,,,,Without a disability,No,No,No,No,,No,,0_17,False,dependent,syn_t044_h0000024,syn_t044_h0000024_r003
14000US06089012601,4,7,1,,2,2,,,,,,,2,,2,,,2,,Biological son or daughter,,Female,,,,,,Without a disability,No,No,,,,,,0_17,False,dependent,syn_t044_h0000024,syn_t044_h0000024_r004
14000US06089012601,1,13,65,2.0,2,2,2.0,2.0,,2.0,15.0,1.0,0,21.0,1,50.0,1.0,2,1.0,Reference person,Bachelor's degree,Male,"Civilian employed, at work",50 to 52 weeks worked during past 12 months,"Car, truck, or van",,,Without a disability,No,No,No,No,No,No,,65_plus,True,generative,syn_t044_h0000025,syn_t044_h0000025_r001
14000US06089012601,2,20,29,2.0,2,2,2.0,2.0,,2.0,15.0,1.0,2,16.0,1,39.0,4.0,2,1.0,Biological son or daughter,Regular high school diploma,Male,"Civilian employed, at work",27 to 39 weeks worked during past 12 months,"Car, truck, or van",,,Without a disability,No,No,No,No,No,No,,18_34,True,generative,syn_t044_h0000025,syn_t044_h0000025_r002
14000US06089012601,3,17,5,2.0,2,2,,2.0,,2.0,,,7,2.0,2,,,2,,Grandchild,"Nursery school, preschool",Female,,,,,,Without a disability,No,No,No,No,,No,,0_17,False,dependent,syn_t044_h0000025,syn_t044_h0000025_r003
14000US06089012601,4,19,3,,2,2,,,,,,,7,1.0,2,,,2,,Grandchild,No schooling completed,Female,,,,,,Without a disability,No,No,,,,,,0_17,False,dependent,syn_t044_h0000025,syn_t044_h0000025_r004
14000US06089012601,5,26,25,2.0,2,2,2.0,2.0,,2.0,10.0,1.0,9,19.0,2,18.0,2.0,2,1.0,Son-in-law or daughter-in-law,"1 or more years of college credit, no degree",Female,"Civilian employed, at work",48 to 49 weeks worked during past 12 months,"Car, truck, or van",,,Without a disability,No,No,No,No,No,No,,18_34,True,generative,syn_t044_h0000025,syn_t044_h0000025_r005
14000US06089012601,1,13,48,2.0,2,2,2.0,2.0,,2.0,10.0,1.0,0,22.0,2,47.0,1.0,2,1.0,Reference person,Master's degree,Female,"Civilian employed, at work",50 to 52 weeks worked during past 12 months,"Car, truck, or van",,,Without a disability,No,No,No,No,No,No,,35_64,True,generative,syn_t044_h0000026,syn_t044_h0000026_r001
14000US06089012601,2,13,49,2.0,2,2,2.0,2.0,,2.0,8.0,1.0,1,22.0,1,60.0,1.0,2,1.0,Husband/wife,Master's degree,Male,"Civilian employed, at work",50 to 52 weeks worked during past 12 months,"Car, truck, or van",,,Without a disability,No,No,No,No,No,No,,35_64,True,generative,syn_t044_h0000026,syn_t044_h0000026_r002
14000US06089012601,3,13,16,2.0,2,2,2.0,2.0,,2.0,,,2,13.0,2,,,2,6.0,Biological son or daughter,Grade 10,Female,Not in labor force,,,,,Without a disability,No,No,No,No,No,No,,0_17,False,dependent,syn_t044_h0000026,syn_t044_h0000026_r003
14000US06089012601,4,13,14,2.0,2,2,,2.0,,2.0,,,2,10.0,2,,,2,,Biological son or daughter,Grade 7,Female,,,,,,Without a disability,No,No,No,No,,No,,0_17,False,dependent,syn_t044_h0000026,syn_t044_h0000026_r004
14000US06089012601,5,14,12,2.0,2,2,,2.0,,2.0,,,2,8.0,1,,,2,,Biological son or daughter,Grade 5,Male,,,,,,Without a disability,No,No,No,No,,No,,0_17,False,dependent,syn_t044_h0000026,syn_t044_h0000026_r005
14000US06089012601,1,14,58,2.0,2,2,2.0,2.0,,2.0,,,0,21.0,2,,,2,6.0,Reference person,Bachelor's degree,Female,Not in labor force,,,,,Without a disability,No,No,No,No,No,No,,35_64,True,generative,syn_t044_h0000027,syn_t044_h0000027_r001
14000US06089012601,2,16,67,2.0,2,2,2.0,2.0,,2.0,,,1,19.0,1,,,2,6.0,Husband/wife,"1 or more years of college credit, no degree",Male,Not in labor force,,,,,Without a disability,No,No,No,No,No,No,,65_plus,True,generative,syn_t044_h0000027,syn_t044_h0000027_r002
14000US06089012601,1,70,25,2.0,2,2,2.0,2.0,,2.0,30.0,1.0,0,17.0,1,40.0,1.0,2,1.0,Reference person,GED or alternative credential,Male,"Civilian employed, at work",50 to 52 weeks worked during past 12 months,"Car, truck, or van",,,Without a disability,No,No,No,No,No,No,,18_34,True,generative,syn_t044_h0000028,syn_t044_h0000028_r001
14000US06089012601,2,55,26,2.0,2,2,2.0,2.0,,2.0,15.0,1.0,13,20.0,2,36.0,1.0,2,1.0,Unmarried partner,Associate's degree,Female,"Civilian employed, at work",50 to 52 weeks worked during past 12 months,"Car, truck, or van",,,Without a disability,No,No,No,No,No,No,,18_34,True,generative,syn_t044_h0000028,syn_t044_h0000028_r002
14000US06089012603,1,17,21,2.0,2,2,2.0,2.0,,2.0,10.0,1.0,0,20.0,1,30.0,1.0,2,1.0,Reference person,Associate's degree,Male,"Civilian employed, at work",50 to 52 weeks worked during past 12 months,"Car, truck, or van",,,Without a disability,No,No,No,No,No,No,,18_34,True,generative,syn_t045_h0000001,syn_t045_h0000001_r001
14000US06089012603,2,15,20,2.0,2,2,2.0,2.0,,2.0,10.0,1.0,13,19.0,2,16.0,1.0,2,1.0,Unmarried partner,"1 or more years of college credit, no degree",Female,"Civilian employed, at work",50 to 52 weeks worked during past 12 months,"Car, truck, or van",,,Without a disability,No,No,No,No,No,No,,18_34,True,generative,syn_t045_h0000001,syn_t045_h0000001_r002
14000US06089012603,1,90,25,2.0,2,2,2.0,2.0,,2.0,141.0,1.0,0,19.0,1,60.0,1.0,2,1.0,Reference person,"1 or more years of college credit, no degree",Male,"Civilian employed, at work",50 to 52 weeks worked during past 12 months,"Car, truck, or van",,,Without a disability,No,No,No,No,No,No,,18_34,True,generative,syn_t045_h0000002,syn_t045_h0000002_r001
14000US06089012603,2,57,21,2.0,2,2,2.0,2.0,,2.0,20.0,1.0,13,19.0,2,40.0,1.0,2,1.0,Unmarried partner,"1 or more years of college credit, no degree",Female,"Civilian employed, at work",50 to 52 weeks worked during past 12 months,"Car, truck, or van",,,Without a disability,No,No,No,No,No,No,,18_34,True,generative,syn_t045_h0000002,syn_t045_h0000002_r002
14000US06089012603,1,22,58,2.0,2,2,2.0,2.0,,2.0,30.0,1.0,0,20.0,2,40.0,1.0,2,1.0,Reference person,Associate's degree,Female,"Civilian employed, at work",50 to 52 weeks worked during past 12 months,"Car, truck, or van",,,Without a disability,No,No,No,No,No,No,,35_64,True,generative,syn_t045_h0000003,syn_t045_h0000003_r001
14000US06089012603,2,22,64,2.0,1,2,2.0,1.0,,2.0,,,1,19.0,1,,,1,6.0,Husband/wife,"1 or more years of college credit, no degree",Male,Not in labor force,,,,,With a disability,Yes,No,No,Yes,No,No,,35_64,True,generative,syn_t045_h0000003,syn_t045_h0000003_r002
14000US06089012603,3,33,41,2.0,2,2,2.0,1.0,,2.0,,,4,19.0,1,,,1,6.0,Stepson or stepdaughter,"1 or more years of college credit, no degree",Male,Not in labor force,,,,,With a disability,No,No,No,Yes,No,No,,35_64,True,generative,syn_t045_h0000003,syn_t045_h0000003_r003
14000US06089012603,4,30,7,2.0,2,2,,2.0,,2.0,,,7,4.0,2,,,2,,Grandchild,Grade 1,Female,,,,,,Without a disability,No,No,No,No,,No,,0_17,False,dependent,syn_t045_h0000003,syn_t045_h0000003_r004
14000US06089012603,1,31,52,2.0,2,2,2.0,2.0,,2.0,15.0,1.0,0,19.0,2,40.0,1.0,2,1.0,Reference person,"1 or more years of college credit, no degree",Female,"Civilian employed, at work",50 to 52 weeks worked during past 12 months,"Car, truck, or van",,,Without a disability,No,No,No,No,No,No,,35_64,True,generative,syn_t045_h0000004,syn_t045_h0000004_r001
14000US06089012603,2,37,51,2.0,2,2,2.0,2.0,,2.0,15.0,1.0,1,19.0,1,40.0,1.0,2,1.0,Husband/wife,"1 or more years of college credit, no degree",Male,"Civilian employed, at work",50 to 52 weeks worked during past 12 months,"Car, truck, or van",,,Without a disability,No,No,No,No,No,No,,35_64,True,generative,syn_t045_h0000004,syn_t045_h0000004_r002
14000US06089012603,3,48,15,2.0,2,2,2.0,2.0,,2.0,,,2,12.0,2,,,2,,Biological son or daughter,Grade 9,Female,,,,,,Without a disability,No,No,No,No,No,No,,0_17,False,dependent,syn_t045_h0000004,syn_t045_h0000004_r003
14000US06089012603,1,25,42,2.0,2,2,2.0,2.0,,2.0,100.0,1.0,0,16.0,2,30.0,1.0,2,1.0,Reference person,Regular high school diploma,Female,"Civilian employed, at work",50 to 52 weeks worked during past 12 months,"Car, truck, or van",,,Without a disability,No,No,No,No,No,No,,35_64,True,generative,syn_t045_h0000005,syn_t045_h0000005_r001
14000US06089012603,2,26,43,2.0,2,2,2.0,2.0,,2.0,143.0,1.0,1,16.0,1,30.0,4.0,2,1.0,Husband/wife,Regular high school diploma,Male,"Civilian employed, at work",27 to 39 weeks worked during past 12 months,"Car, truck, or van",,,Without a disability,No,No,No,No,No,No,,35_64,True,generative,syn_t045_h0000005,syn_t045_h0000005_r002
14000US06089012603,3,23,16,2.0,2,2,2.0,2.0,,2.0,,,2,13.0,1,,,2,6.0,Biological son or daughter,Grade 10,Male,Not in labor force,,,,,Without a disability,No,No,No,No,No,No,,0_17,False,dependent,syn_t045_h0000005,syn_t045_h0000005_r003
14000US06089012603,4,29,9,2.0,2,2,,2.0,,2.0,,,2,7.0,1,,,2,,Biological son or daughter,Grade 4,Male,,,,,,Without a disability,No,No,No,No,,No,,0_17,False,dependent,syn_t045_h0000005,syn_t045_h0000005_r004
14000US06089012603,5,26,9,2.0,2,2,,2.0,,2.0,,,2,4.0,2,,,2,,Biological son or daughter,Grade 1,Female,,,,,,Without a disability,No,No,No,No,,No,,0_17,False,dependent,syn_t045_h0000005,syn_t045_h0000005_r005
14000US06089012603,1,8,70,2.0,2,2,2.0,2.0,,2.0,,,0,18.0,2,,,2,6.0,Reference person,"Some college, but less than 1 year",Female,Not in labor force,,,,,Without a disability,No,No,No,No,No,No,,65_plus,True,generative,syn_t045_h0000006,syn_t045_h0000006_r001
14000US06089012603,2,7,73,2.0,2,2,2.0,2.0,,2.0,,,1,19.0,1,,,2,6.0,Husband/wife,"1 or more years of college credit, no degree",Male,Not in labor force,,,,,Without a disability,No,No,No,No,No,No,,65_plus,True,generative,syn_t045_h0000006,syn_t045_h0000006_r002
14000US06089012603,1,11,71,2.0,2,2,2.0,2.0,,2.0,,,0,21.0,2,4.0,1.0,2,6.0,Reference person,Bachelor's degree,Female,Not in labor force,50 to 52 weeks worked during past 12 months,,,,Without a disability,No,No,No,No,No,No,,65_plus,True,generative,syn_t045_h0000007,syn_t045_h0000007_r001
14000US06089012603,1,46,57,2.0,2,2,2.0,2.0,,2.0,,,0,20.0,2,,,2,6.0,Reference person,Associate's degree,Female,Not in labor force,,,,,Without a disability,No,No,No,No,No,No,,35_64,True,generative,syn_t045_h0000008,syn_t045_h0000008_r001
14000US06089012603,2,44,61,2.0,1,2,2.0,2.0,,2.0,10.0,1.0,1,20.0,1,24.0,1.0,1,1.0,Husband/wife,Associate's degree,Male,"Civilian employed, at work",50 to 52 weeks worked during past 12 months,"Car, truck, or van",,,With a disability,Yes,No,No,No,No,No,,35_64,True,generative,syn_t045_h0000008,syn_t045_h0000008_r002
14000US06089012603,1,69,41,2.0,2,2,2.0,2.0,,2.0,10.0,1.0,0,9.0,2,36.0,1.0,2,1.0,Reference person,Grade 6,Female,"Civilian employed, at work",50 to 52 weeks worked during past 12 months,"Car, truck, or van",,,Without a disability,No,No,No,No,No,No,,35_64,True,generative,syn_t045_h0000009,syn_t045_h0000009_r001
14000US06089012603,2,87,40,2.0,2,2,2.0,2.0,,2.0,15.0,1.0,1,16.0,1,30.0,1.0,2,1.0,Husband/wife,Regular high school diploma,Male,"Civilian employed, at work",50 to 52 weeks worked during past 12 months,"Car, truck, or van",,,Without a disability,No,No,No,No,No,No,,35_64,True,generative,syn_t045_h0000009,syn_t045_h0000009_r002
14000US06089012603,3,79,13,2.0,2,2,,2.0,,2.0,,,2,10.0,1,,,2,,Biological son or daughter,Grade 7,Male,,,,,,Without a disability,No,No,No,No,,No,,0_17,False,dependent,syn_t045_h0000009,syn_t045_h0000009_r003
14000US06089012603,4,78,10,2.0,2,2,,2.0,,2.0,,,2,7.0,1,,,2,,Biological son or daughter,Grade 4,Male,,,,,,Without a disability,No,No,No,No,,No,,0_17,False,dependent,syn_t045_h0000009,syn_t045_h0000009_r004
14000US06089012603,1,15,50,2.0,2,2,2.0,2.0,,2.0,,,0,1.0,2,,,2,6.0,Reference person,No schooling completed,Female,Not in labor force,,,,,Without a disability,No,No,No,No,No,No,,35_64,True,generative,syn_t045_h0000010,syn_t045_h0000010_r001
14000US06089012603,2,19,15,2.0,2,2,2.0,2.0,,2.0,,,2,11.0,1,,,2,,Biological son or daughter,Grade 8,Male,,,,,,Without a disability,No,No,No,No,No,No,,0_17,False,dependent,syn_t045_h0000010,syn_t045_h0000010_r002
14000US06089012603,3,23,8,2.0,2,2,,2.0,,2.0,,,2,4.0,1,,,2,,Biological son or daughter,Grade 1,Male,,,,,,Without a disability,No,No,No,No,,No,,0_17,False,dependent,syn_t045_h0000010,syn_t045_h0000010_r003
14000US06089012603,4,19,76,2.0,2,2,2.0,2.0,,2.0,,,6,1.0,2,,,2,6.0,Father or mother,No schooling completed,Female,Not in labor force,,,,,Without a disability,No,No,No,No,No,No,,65_plus,True,generative,syn_t045_h0000010,syn_t045_h0000010_r004
14000US06089012603,1,20,71,2.0,2,2,2.0,2.0,,2.0,,,0,18.0,2,,,2,6.0,Reference person,"Some college, but less than 1 year",Female,Not in labor force,,,,,Without a disability,No,No,No,No,No,No,,65_plus,True,generative,syn_t045_h0000011,syn_t045_h0000011_r001
14000US06089012603,1,12,70,2.0,2,2,2.0,2.0,,2.0,,,0,21.0,2,,,2,6.0,Reference person,Bachelor's degree,Female,Not in labor force,,,,,Without a disability,No,No,No,No,No,No,,65_plus,True,generative,syn_t045_h0000012,syn_t045_h0000012_r001
14000US06089012603,1,11,64,2.0,2,2,2.0,2.0,,2.0,15.0,1.0,0,21.0,1,25.0,1.0,2,1.0,Reference person,Bachelor's degree,Male,"Civilian employed, at work",50 to 52 weeks worked during past 12 months,"Car, truck, or van",,,Without a disability,No,No,No,No,No,No,,35_64,True,generative,syn_t045_h0000013,syn_t045_h0000013_r001
14000US06089012603,1,25,68,2.0,2,2,2.0,2.0,,2.0,,,0,20.0,2,,,2,6.0,Reference person,Associate's degree,Female,Not in labor force,,,,,Without a disability,No,No,No,No,No,No,,65_plus,True,generative,syn_t045_h0000014,syn_t045_h0000014_r001
14000US06089012603,2,25,68,2.0,2,2,2.0,2.0,,1.0,,,1,21.0,1,,,1,6.0,Husband/wife,Bachelor's degree,Male,Not in labor force,,,,,With a disability,No,No,Yes,No,No,No,,65_plus,True,generative,syn_t045_h0000014,syn_t045_h0000014_r002
14000US06089012603,1,20,77,2.0,2,2,2.0,2.0,,2.0,,,0,21.0,1,,,2,6.0,Reference person,Bachelor's degree,Male,Not in labor force,,,,,Without a disability,No,No,No,No,No,No,,65_plus,True,generative,syn_t045_h0000015,syn_t045_h0000015_r001
14000US06089012603,2,20,73,1.0,2,2,1.0,1.0,,2.0,,,1,21.0,2,,,1,6.0,Husband/wife,Bachelor's degree,Female,Not in labor force,,,,,With a disability,No,No,No,Yes,Yes,Yes,,65_plus,True,generative,syn_t045_h0000015,syn_t045_h0000015_r002
14000US06089012603,1,8,54,2.0,2,2,2.0,2.0,,2.0,23.0,1.0,0,21.0,2,30.0,1.0,2,1.0,Reference person,Bachelor's degree,Female,"Civilian employed, at work",50 to 52 weeks worked during past 12 months,"Car, truck, or van",,,Without a disability,No,No,No,No,No,No,,35_64,True,generative,syn_t045_h0000016,syn_t045_h0000016_r001
14000US06089012603,2,9,60,2.0,2,2,2.0,1.0,,2.0,,,1,19.0,1,,,1,6.0,Husband/wife,"1 or more years of college credit, no degree",Male,Not in labor force,,,,,With a disability,No,No,No,Yes,No,No,,35_64,True,generative,syn_t045_h0000016,syn_t045_h0000016_r002
14000US06089012603,1,32,46,2.0,2,2,2.0,2.0,,2.0,15.0,1.0,0,17.0,1,50.0,1.0,2,1.0,Reference person,GED or alternative credential,Male,"Civilian employed, at work",50 to 52 weeks worked during past 12 months,"Car, truck, or van",,,Without a disability,No,No,No,No,No,No,,35_64,True,generative,syn_t045_h0000017,syn_t045_h0000017_r001
14000US06089012603,1,62,34,2.0,2,2,2.0,2.0,,2.0,,,0,16.0,1,,,2,6.0,Reference person,Regular high school diploma,Male,Not in labor force,,,,,Without a disability,No,No,No,No,No,No,,18_34,True,generative,syn_t045_h0000018,syn_t045_h0000018_r001
14000US06089012603,2,77,27,2.0,2,2,2.0,2.0,,2.0,10.0,1.0,1,19.0,2,45.0,1.0,2,1.0,Husband/wife,"1 or more years of college credit, no degree",Female,"Civilian employed, at work",50 to 52 weeks worked during past 12 months,"Car, truck, or van",,,Without a disability,No,No,No,No,No,No,,18_34,True,generative,syn_t045_h0000018,syn_t045_h0000018_r002
14000US06089012603,1,20,65,2.0,2,2,2.0,2.0,,2.0,,,0,16.0,1,,,2,6.0,Reference person,Regular high school diploma,Male,Not in labor force,,,,,Without a disability,No,No,No,No,No,No,,65_plus,True,generative,syn_t045_h0000019,syn_t045_h0000019_r001
14000US06089012603,1,13,83,2.0,2,2,2.0,2.0,,2.0,,,0,16.0,1,,,2,6.0,Reference person,Regular high school diploma,Male,Not in labor force,,,,,Without a disability,No,No,No,No,No,No,,65_plus,True,generative,syn_t045_h0000020,syn_t045_h0000020_r001
14000US06089012603,1,6,73,2.0,2,2,2.0,1.0,,2.0,,,0,19.0,1,,,1,6.0,Reference person,"1 or more years of college credit, no degree",Male,Not in labor force,,,,,With a disability,No,No,No,Yes,No,No,,65_plus,True,generative,syn_t045_h0000021,syn_t045_h0000021_r001
14000US06089012603,2,7,71,2.0,2,2,2.0,2.0,,2.0,,,1,19.0,2,,,2,6.0,Husband/wife,"1 or more years of college credit, no degree",Female,Not in labor force,,,,,Without a disability,No,No,No,No,No,No,,65_plus,True,generative,syn_t045_h0000021,syn_t045_h0000021_r002
14000US06089012603,1,12,63,2.0,2,2,2.0,2.0,,2.0,,,0,21.0,1,,,2,6.0,Reference person,Bachelor's degree,Male,Not in labor force,,,,,Without a disability,No,No,No,No,No,No,,35_64,True,generative,syn_t045_h0000022,syn_t045_h0000022_r001
14000US06089012603,2,9,61,2.0,2,2,2.0,2.0,,2.0,,,1,21.0,1,,,2,6.0,Husband/wife,Bachelor's degree,Male,Not in labor force,,,,,Without a disability,No,No,No,No,No,No,,35_64,True,generative,syn_t045_h0000022,syn_t045_h0000022_r002
14000US06089012603,1,68,54,2.0,2,2,2.0,2.0,,2.0,45.0,1.0,0,19.0,1,40.0,1.0,2,1.0,Reference person,"1 or more years of college credit, no degree",Male,"Civilian employed, at work",50 to 52 weeks worked during past 12 months,"Car, truck, or van",,,Without a disability,No,No,No,No,No,No,,35_64,True,generative,syn_t045_h0000023,syn_t045_h0000023_r001
14000US06089012603,2,69,59,2.0,2,2,2.0,2.0,,2.0,20.0,1.0,1,19.0,2,40.0,1.0,2,1.0,Husband/wife,"1 or more years of college credit, no degree",Female,"Civilian employed, at work",50 to 52 weeks worked during past 12 months,"Car, truck, or van",,,Without a disability,No,No,No,No,No,No,,35_64,True,generative,syn_t045_h0000023,syn_t045_h0000023_r002
14000US06089012603,1,15,68,2.0,2,2,2.0,2.0,,2.0,,,0,20.0,2,,,2,6.0,Reference person,Associate's degree,Female,Not in labor force,,,,,Without a disability,No,No,No,No,No,No,,65_plus,True,generative,syn_t045_h0000024,syn_t045_h0000024_r001
14000US06089012603,2,13,72,2.0,2,2,2.0,2.0,,2.0,30.0,1.0,1,20.0,1,40.0,4.0,2,1.0,Husband/wife,Associate's degree,Male,"Civilian employed, at work",27 to 39 weeks worked during past 12 months,"Car, truck, or van",,,Without a disability,No,No,No,No,No,No,,65_plus,True,generative,syn_t045_h0000024,syn_t045_h0000024_r002
14000US06089012603,1,59,56,2.0,2,1,2.0,2.0,,2.0,15.0,1.0,0,19.0,2,25.0,4.0,1,1.0,Reference person,"1 or more years of college credit, no degree",Female,"Civilian employed, at work",27 to 39 weeks worked during past 12 months,"Car, truck, or van",,,With a disability,No,Yes,No,No,No,No,,35_64,True,generative,syn_t045_h0000025,syn_t045_h0000025_r001
14000US06089012603,2,57,64,2.0,2,2,2.0,2.0,,2.0,20.0,1.0,1,16.0,1,40.0,1.0,2,1.0,Husband/wife,Regular high school diploma,Male,"Civilian employed, at work",50 to 52 weeks worked during past 12 months,"Car, truck, or van",,,Without a disability,No,No,No,No,No,No,,35_64,True,generative,syn_t045_h0000025,syn_t045_h0000025_r002
14000US06089012604,1,10,71,2.0,2,1,2.0,2.0,,2.0,,,0,14.0,2,,,1,6.0,Reference person,Grade 11,Female,Not in labor force,,,,,With a disability,No,Yes,No,No,No,No,,65_plus,True,generative,syn_t046_h0000001,syn_t046_h0000001_r001
14000US06089012604,2,12,79,2.0,1,2,2.0,1.0,,2.0,,,1,15.0,1,,,1,6.0,Husband/wife,12th grade - no diploma,Male,Not in labor force,,,,,With a disability,Yes,No,No,Yes,No,No,,65_plus,True,generative,syn_t046_h0000001,syn_t046_h0000001_r002
14000US06089012604,1,64,41,2.0,2,2,2.0,2.0,,2.0,10.0,1.0,0,18.0,1,40.0,1.0,2,1.0,Reference person,"Some college, but less than 1 year",Male,"Civilian employed, at work",50 to 52 weeks worked during past 12 months,"Car, truck, or van",,,Without a disability,No,No,No,No,No,No,,35_64,True,generative,syn_t046_h0000002,syn_t046_h0000002_r001
14000US06089012604,2,64,44,2.0,2,2,2.0,2.0,,2.0,10.0,1.0,1,20.0,2,40.0,4.0,2,1.0,Husband/wife,Associate's degree,Female,"Civilian employed, at work",27 to 39 weeks worked during past 12 months,"Car, truck, or van",,,Without a disability,No,No,No,No,No,No,,35_64,True,generative,syn_t046_h0000002,syn_t046_h0000002_r002
14000US06089012604,3,64,2,,2,2,,,,,,,2,,2,,,2,,Biological son or daughter,,Female,,,,,,Without a disability,No,No,,,,,,0_17,False,dependent,syn_t046_h0000002,syn_t046_h0000002_r003
14000US06089012604,4,68,81,2.0,1,2,2.0,2.0,,2.0,,,6,16.0,1,,,1,6.0,Father or mother,Regular high school diploma,Male,Not in labor force,,,,,With a disability,Yes,No,No,No,No,No,,65_plus,True,generative,syn_t046_h0000002,syn_t046_h0000002_r004
14000US06089012604,1,18,62,2.0,2,2,2.0,2.0,,2.0,2.0,1.0,0,16.0,2,5.0,6.0,2,1.0,Reference person,Regular high school diploma,Female,"Civilian employed, at work",less than 14 weeks worked during past 12 months,"Car, truck, or van",,,Without a disability,No,No,No,No,No,No,,35_64,True,generative,syn_t046_h0000003,syn_t046_h0000003_r001
14000US06089012604,2,13,60,2.0,2,2,2.0,2.0,,2.0,20.0,1.0,1,16.0,1,40.0,1.0,2,1.0,Husband/wife,Regular high school diploma,Male,"Civilian employed, at work",50 to 52 weeks worked during past 12 months,"Car, truck, or van",,,Without a disability,No,No,No,No,No,No,,35_64,True,generative,syn_t046_h0000003,syn_t046_h0000003_r002
14000US06089012604,1,23,39,2.0,2,2,2.0,2.0,,2.0,35.0,1.0,0,10.0,1,57.0,3.0,2,1.0,Reference person,Grade 7,Male,"Civilian employed, at work",40 to 47 weeks worked during past 12 months,"Car, truck, or van",,,Without a disability,No,No,No,No,No,No,,35_64,True,generative,syn_t046_h0000004,syn_t046_h0000004_r001
14000US06089012604,2,11,37,2.0,2,2,2.0,2.0,,2.0,,,1,9.0,2,,,2,6.0,Husband/wife,Grade 6,Female,Not in labor force,,,,,Without a disability,No,No,No,No,No,No,,35_64,True,generative,syn_t046_h0000004,syn_t046_h0000004_r002
14000US06089012604,3,10,18,2.0,2,2,2.0,2.0,,2.0,,,2,18.0,1,40.0,3.0,2,3.0,Biological son or daughter,"Some college, but less than 1 year",Male,Unemployed,40 to 47 weeks worked during past 12 months,,,,Without a disability,No,No,No,No,No,No,,18_34,True,generative,syn_t046_h0000004,syn_t046_h0000004_r003
14000US06089012604,1,13,56,1.0,2,2,2.0,2.0,,1.0,,,0,18.0,1,,,1,6.0,Reference person,"Some college, but less than 1 year",Male,Not in labor force,,,,,With a disability,No,No,Yes,No,No,Yes,,35_64,True,generative,syn_t046_h0000005,syn_t046_h0000005_r001
14000US06089012604,1,15,33,2.0,2,2,2.0,2.0,,2.0,20.0,1.0,0,19.0,1,40.0,1.0,2,1.0,Reference person,"1 or more years of college credit, no degree",Male,"Civilian employed, at work",50 to 52 weeks worked during past 12 months,"Car, truck, or van",,,Without a disability,No,No,No,No,No,No,,18_34,True,generative,syn_t046_h0000006,syn_t046_h0000006_r001
14000US06089012604,2,16,34,1.0,2,2,1.0,1.0,,2.0,5.0,1.0,1,19.0,2,40.0,1.0,1,1.0,Husband/wife,"1 or more years of college credit, no degree",Female,"Civilian employed, at work",50 to 52 weeks worked during past 12 months,"Car, truck, or van",,,With a disability,No,No,No,Yes,Yes,Yes,,18_34,True,generative,syn_t046_h0000006,syn_t046_h0000006_r002
14000US06089012604,3,21,12,2.0,2,2,,2.0,,2.0,,,2,10.0,2,,,2,,Biological son or daughter,Grade 7,Female,,,,,,Without a disability,No,No,No,No,,No,,0_17,False,dependent,syn_t046_h0000006,syn_t046_h0000006_r003
14000US06089012604,4,23,6,2.0,2,2,,2.0,,2.0,,,2,3.0,1,,,2,,Biological son or daughter,Kindergarten,Male,,,,,,Without a disability,No,No,No,No,,No,,0_17,False,dependent,syn_t046_h0000006,syn_t046_h0000006_r004
14000US06089012604,1,45,46,2.0,2,2,2.0,2.0,,2.0,10.0,1.0,0,18.0,1,40.0,1.0,2,1.0,Reference person,"Some college, but less than 1 year",Male,"Civilian employed, at work",50 to 52 weeks worked during past 12 months,"Car, truck, or van",,,Without a disability,No,No,No,No,No,No,,35_64,True,generative,syn_t046_h0000007,syn_t046_h0000007_r001
14000US06089012604,2,51,42,2.0,2,2,2.0,2.0,,2.0,10.0,1.0,1,18.0,2,36.0,4.0,2,1.0,Husband/wife,"Some college, but less than 1 year",Female,"Civilian employed, at work",27 to 39 weeks worked during past 12 months,"Car, truck, or van",,,Without a disability,No,No,No,No,No,No,,35_64,True,generative,syn_t046_h0000007,syn_t046_h0000007_r002
14000US06089012604,3,42,17,2.0,2,2,2.0,2.0,,2.0,,,2,14.0,2,,,2,6.0,Biological son or daughter,Grade 11,Female,Not in labor force,,,,,Without a disability,No,No,No,No,No,No,,0_17,False,dependent,syn_t046_h0000007,syn_t046_h0000007_r003
14000US06089012604,4,31,19,2.0,2,2,2.0,2.0,,2.0,10.0,1.0,4,16.0,1,32.0,6.0,2,1.0,Stepson or stepdaughter,Regular high school diploma,Male,"Civilian employed, at work",less than 14 weeks worked during past 12 months,"Car, truck, or van",,,Without a disability,No,No,No,No,No,No,,18_34,True,generative,syn_t046_h0000007,syn_t046_h0000007_r004
14000US06089012604,5,43,16,2.0,2,1,2.0,1.0,,2.0,,,4,13.0,2,,,1,6.0,Stepson or stepdaughter,Grade 10,Female,Not in labor force,,,,,With a disability,No,Yes,No,Yes,No,No,,0_17,False,dependent,syn_t046_h0000007,syn_t046_h0000007_r005
14000US06089012604,1,13,75,2.0,1,1,1.0,1.0,,1.0,,,0,21.0,1,,,1,6.0,Reference person,Bachelor's degree,Male,Not in labor force,,,,,With a disability,Yes,Yes,Yes,Yes,Yes,No,,65_plus,True,generative,syn_t046_h0000008,syn_t046_h0000008_r001
14000US06089012604,2,14,71,2.0,2,2,1.0,2.0,,2.0,,,1,18.0,2,,,1,6.0,Husband/wife,"Some college, but less than 1 year",Female,Not in labor force,,,,,With a disability,No,No,No,No,Yes,No,,65_plus,True,generative,syn_t046_h0000008,syn_t046_h0000008_r002
14000US06089012604,3,15,55,1.0,2,2,2.0,1.0,,2.0,,,2,18.0,2,,,1,6.0,Biological son or daughter,"Some college, but less than 1 year",Female,Not in labor force,,,,,With a disability,No,No,No,Yes,No,Yes,,35_64,True,generative,syn_t046_h0000008,syn_t046_h0000008_r003
14000US06089012604,1,15,26,2.0,2,2,2.0,2.0,,2.0,,,0,19.0,2,30.0,4.0,2,6.0,Reference person,"1 or more years of college credit, no degree",Female,Not in labor force,27 to 39 weeks worked during past 12 months,,,,Without a disability,No,No,No,No,No,No,,18_34,True,generative,syn_t046_h0000009,syn_t046_h0000009_r001
14000US06089012604,2,13,5,2.0,2,2,,2.0,,2.0,,,2,3.0,2,,,2,,Biological son or daughter,Kindergarten,Female,,,,,,Without a disability,No,No,No,No,,No,,0_17,False,dependent,syn_t046_h0000009,syn_t046_h0000009_r002
14000US06089012604,1,22,63,2.0,2,2,2.0,2.0,,2.0,,11.0,0,20.0,2,46.0,1.0,2,1.0,Reference person,Associate's degree,Female,"Civilian employed, at work",50 to 52 weeks worked during past 12 months,Worked at home,,,Without a disability,No,No,No,No,No,No,,35_64,True,generative,syn_t046_h0000010,syn_t046_h0000010_r001
14000US06089012604,2,17,60,2.0,2,2,1.0,1.0,,1.0,,,1,14.0,1,,,1,6.0,Husband/wife,Grade 11,Male,Not in labor force,,,,,With a disability,No,No,Yes,Yes,Yes,No,,35_64,True,generative,syn_t046_h0000010,syn_t046_h0000010_r002
14000US06089012604,1,19,62,2.0,2,2,2.0,1.0,,2.0,1.0,10.0,0,16.0,1,20.0,4.0,1,1.0,Reference person,Regular high school diploma,Male,"Civilian employed, at work",27 to 39 weeks worked during past 12 months,Walked,,,With a disability,No,No,No,Yes,No,No,,35_64,True,generative,syn_t046_h0000011,syn_t046_h0000011_r001
14000US06089012604,2,21,63,2.0,2,2,2.0,1.0,,2.0,1.0,10.0,1,16.0,2,30.0,3.0,1,1.0,Husband/wife,Regular high school diploma,Female,"Civilian employed, at work",40 to 47 weeks worked during past 12 months,Walked,,,With a disability,No,No,No,Yes,No,No,,35_64,True,generative,syn_t046_h0000011,syn_t046_h0000011_r002
14000US06089012604,3,31,53,2.0,2,2,2.0,2.0,,2.0,,,5,19.0,2,,,2,6.0,Brother or sister,"1 or more years of college credit, no degree",Female,Not in labor force,,,,,Without a disability,No,No,No,No,No,No,,35_64,True,generative,syn_t046_h0000011,syn_t046_h0000011_r003
14000US06089012604,1,14,44,2.0,2,2,2.0,2.0,,2.0,15.0,1.0,0,21.0,1,40.0,1.0,2,1.0,Reference person,Bachelor's degree,Male,"Civilian employed, at work",50 to 52 weeks worked during past 12 months,"Car, truck, or van",,,Without a disability,No,No,No,No,No,No,,35_64,True,generative,syn_t046_h0000012,syn_t046_h0000012_r001
14000US06089012604,2,23,35,2.0,2,2,2.0,2.0,,2.0,15.0,9.0,12,21.0,1,35.0,1.0,2,1.0,Housemate or roommate,Bachelor's degree,Male,"Civilian employed, at work",50 to 52 weeks worked during past 12 months,Bicycle,,,Without a disability,No,No,No,No,No,No,,35_64,True,generative,syn_t046_h0000012,syn_t046_h0000012_r002
14000US06089012604,1,20,67,2.0,2,2,2.0,2.0,,2.0,,,0,16.0,1,,,2,6.0,Reference person,Regular high school diploma,Male,Not in labor force,,,,,Without a disability,No,No,No,No,No,No,,65_plus,True,generative,syn_t046_h0000013,syn_t046_h0000013_r001
14000US06089012604,1,12,72,2.0,2,2,2.0,2.0,,2.0,,,0,20.0,1,,,2,6.0,Reference person,Associate's degree,Male,Not in labor force,,,,,Without a disability,No,No,No,No,No,No,,65_plus,True,generative,syn_t046_h0000014,syn_t046_h0000014_r001
14000US06089012701,1,14,67,2.0,2,2,2.0,2.0,,2.0,10.0,1.0,0,22.0,2,24.0,1.0,2,1.0,Reference person,Master's degree,Female,"Civilian employed, at work",50 to 52 weeks worked during past 12 months,"Car, truck, or van",,,Without a disability,No,No,No,No,No,No,,65_plus,True,generative,syn_t047_h0000001,syn_t047_h0000001_r001
14000US06089012701,2,12,64,2.0,2,2,2.0,2.0,,2.0,10.0,1.0,1,19.0,1,5.0,4.0,2,1.0,Husband/wife,"1 or more years of college credit, no degree",Male,"Civilian employed, at work",27 to 39 weeks worked during past 12 months,"Car, truck, or van",,,Without a disability,No,No,No,No,No,No,,35_64,True,generative,syn_t047_h0000001,syn_t047_h0000001_r002
14000US06089012701,1,14,56,2.0,2,2,2.0,2.0,,2.0,15.0,1.0,0,21.0,1,70.0,1.0,2,1.0,Reference person,Bachelor's degree,Male,"Civilian employed, at work",50 to 52 weeks worked during past 12 months,"Car, truck, or van",,,Without a disability,No,No,No,No,No,No,,35_64,True,generative,syn_t047_h0000002,syn_t047_h0000002_r001
14000US06089012701,1,52,90,2.0,2,2,2.0,2.0,,2.0,,,0,16.0,1,,,2,6.0,Reference person,Regular high school diploma,Male,Not in labor force,,,,,Without a disability,No,No,No,No,No,No,,65_plus,True,generative,syn_t047_h0000003,syn_t047_h0000003_r001
14000US06089012701,1,15,55,2.0,2,2,2.0,2.0,,2.0,45.0,1.0,0,15.0,2,40.0,1.0,2,1.0,Reference person,12th grade - no diploma,Female,"Civilian employed, at work",50 to 52 weeks worked during past 12 months,"Car, truck, or van",,,Without a disability,No,No,No,No,No,No,,35_64,True,generative,syn_t047_h0000004,syn_t047_h0000004_r001
14000US06089012701,2,16,54,2.0,2,2,2.0,2.0,,2.0,,,5,15.0,2,,,2,6.0,Brother or sister,12th grade - no diploma,Female,Not in labor force,,,,,Without a disability,No,No,No,No,No,No,,35_64,True,generative,syn_t047_h0000004,syn_t047_h0000004_r002
14000US06089012701,3,14,84,2.0,2,2,2.0,2.0,,2.0,,,6,15.0,1,,,2,6.0,Father or mother,12th grade - no diploma,Male,Not in labor force,,,,,Without a disability,No,No,No,No,No,No,,65_plus,True,generative,syn_t047_h0000004,syn_t047_h0000004_r003
14000US06089012701,4,16,82,1.0,2,2,1.0,1.0,,2.0,,,6,15.0,2,,,1,6.0,Father or mother,12th grade - no diploma,Female,Not in labor force,,,,,With a disability,No,No,No,Yes,Yes,Yes,,65_plus,True,generative,syn_t047_h0000004,syn_t047_h0000004_r004
14000US06089012701,1,15,30,2.0,2,2,2.0,2.0,,2.0,,,0,20.0,2,,,2,6.0,Reference person,Associate's degree,Female,Not in labor force,,,,,Without a disability,No,No,No,No,No,No,,18_34,True,generative,syn_t047_h0000005,syn_t047_h0000005_r001
14000US06089012701,1,26,24,2.0,2,2,2.0,2.0,,2.0,10.0,1.0,0,16.0,1,40.0,1.0,2,1.0,Reference person,Regular high school diploma,Male,"Civilian employed, at work",50 to 52 weeks worked during past 12 months,"Car, truck, or van",,,Without a disability,No,No,No,No,No,No,,18_34,True,generative,syn_t047_h0000006,syn_t047_h0000006_r001
14000US06089012701,1,69,33,2.0,2,2,2.0,2.0,,2.0,20.0,12.0,0,16.0,1,40.0,1.0,2,1.0,Reference person,Regular high school diploma,Male,"Civilian employed, at work",50 to 52 weeks worked during past 12 months,Other method,,,Without a disability,No,No,No,No,No,No,,18_34,True,generative,syn_t047_h0000007,syn_t047_h0000007_r001
14000US06089012701,1,7,81,2.0,1,2,2.0,2.0,,2.0,,,0,23.0,1,,,1,6.0,Reference person,Professional degree beyond a bachelor's degree,Male,Not in labor force,,,,,With a disability,Yes,No,No,No,No,No,,65_plus,True,generative,syn_t047_h0000008,syn_t047_h0000008_r001
14000US06089012701,2,8,70,2.0,2,2,2.0,2.0,,2.0,20.0,12.0,1,15.0,2,8.0,1.0,2,1.0,Husband/wife,12th grade - no diploma,Female,"Civilian employed, at work",50 to 52 weeks worked during past 12 months,Other method,,,Without a disability,No,No,No,No,No,No,,65_plus,True,generative,syn_t047_h0000008,syn_t047_h0000008_r002
14000US06089012701,3,8,35,2.0,2,2,2.0,2.0,,2.0,,,2,20.0,2,,,2,6.0,Biological son or daughter,Associate's degree,Female,Not in labor force,,,,,Without a disability,No,No,No,No,No,No,,35_64,True,generative,syn_t047_h0000008,syn_t047_h0000008_r003
14000US06089012701,4,8,10,2.0,2,2,,2.0,,2.0,,,7,7.0,1,,,2,,Grandchild,Grade 4,Male,,,,,,Without a disability,No,No,No,No,,No,,0_17,False,dependent,syn_t047_h0000008,syn_t047_h0000008_r004
14000US06089012701,5,8,7,2.0,2,2,,2.0,,2.0,,,7,4.0,2,,,2,,Grandchild,Grade 1,Female,,,,,,Without a disability,No,No,No,No,,No,,0_17,False,dependent,syn_t047_h0000008,syn_t047_h0000008_r005
14000US06089012701,6,10,2,,2,2,,,,,,,7,,2,,,2,,Grandchild,,Female,,,,,,Without a disability,No,No,,,,,,0_17,False,dependent,syn_t047_h0000008,syn_t047_h0000008_r006
14000US06089012701,1,13,52,2.0,2,2,2.0,2.0,,2.0,5.0,1.0,0,16.0,2,50.0,1.0,2,1.0,Reference person,Regular high school diploma,Female,"Civilian employed, at work",50 to 52 weeks worked during past 12 months,"Car, truck, or van",,,Without a disability,No,No,No,No,No,No,,35_64,True,generative,syn_t047_h0000009,syn_t047_h0000009_r001
14000US06089012701,2,8,57,2.0,2,2,2.0,2.0,,2.0,2.0,1.0,1,16.0,1,40.0,1.0,2,1.0,Husband/wife,Regular high school diploma,Male,"Civilian employed, at work",50 to 52 weeks worked during past 12 months,"Car, truck, or van",,,Without a disability,No,No,No,No,No,No,,35_64,True,generative,syn_t047_h0000009,syn_t047_h0000009_r002
14000US06089012701,1,43,40,2.0,2,2,2.0,2.0,,2.0,20.0,1.0,0,19.0,1,40.0,1.0,2,1.0,Reference person,"1 or more years of college credit, no degree",Male,"Civilian employed, at work",50 to 52 weeks worked during past 12 months,"Car, truck, or van",,,Without a disability,No,No,No,No,No,No,,35_64,True,generative,syn_t047_h0000010,syn_t047_h0000010_r001
14000US06089012701,2,44,31,2.0,2,2,2.0,2.0,,2.0,,,1,19.0,2,,,2,6.0,Husband/wife,"1 or more years of college credit, no degree",Female,Not in labor force,,,,,Without a disability,No,No,No,No,No,No,,18_34,True,generative,syn_t047_h0000010,syn_t047_h0000010_r002
14000US06089012701,3,34,8,2.0,2,2,,2.0,,2.0,,,2,5.0,1,,,2,,Biological son or daughter,Grade 2,Male,,,,,,Without a disability,No,No,No,No,,No,,0_17,False,dependent,syn_t047_h0000010,syn_t047_h0000010_r003
14000US06089012701,1,12,62,2.0,1,2,2.0,2.0,,2.0,,,0,19.0,1,,,1,6.0,Reference person,"1 or more years of college credit, no degree",Male,Not in labor force,,,,,With a disability,Yes,No,No,No,No,No,,35_64,True,generative,syn_t047_h0000011,syn_t047_h0000011_r001
14000US06089012701,1,50,46,1.0,1,1,1.0,1.0,,2.0,,,0,19.0,1,,,1,6.0,Reference person,"1 or more years of college credit, no degree",Male,Not in labor force,,,,,With a disability,Yes,Yes,No,Yes,Yes,Yes,,35_64,True,generative,syn_t047_h0000012,syn_t047_h0000012_r001
14000US06089012701,2,57,27,2.0,2,2,2.0,2.0,,2.0,8.0,1.0,1,16.0,2,32.0,1.0,2,1.0,Husband/wife,Regular high school diploma,Female,"Civilian employed, at work",50 to 52 weeks worked during past 12 months,"Car, truck, or van",,,Without a disability,No,No,No,No,No,No,,18_34,True,generative,syn_t047_h0000012,syn_t047_h0000012_r002
14000US06089012701,3,58,8,2.0,2,2,,2.0,,2.0,,,2,5.0,2,,,2,,Biological son or daughter,Grade 2,Female,,,,,,Without a disability,No,No,No,No,,No,,0_17,False,dependent,syn_t047_h0000012,syn_t047_h0000012_r003
14000US06089012701,4,63,6,2.0,2,2,,2.0,,2.0,,,2,3.0,1,,,2,,Biological son or daughter,Kindergarten,Male,,,,,,Without a disability,No,No,No,No,,No,,0_17,False,dependent,syn_t047_h0000012,syn_t047_h0000012_r004
14000US06089012701,5,66,1,,2,2,,,,,,,2,,1,,,2,,Biological son or daughter,,Male,,,,,,Without a disability,No,No,,,,,,0_17,False,dependent,syn_t047_h0000012,syn_t047_h0000012_r005
14000US06089012701,6,62,6,2.0,2,2,,2.0,,2.0,,,3,3.0,1,,,2,,Adopted son or daughter,Kindergarten,Male,,,,,,Without a disability,No,No,No,No,,No,,0_17,False,dependent,syn_t047_h0000012,syn_t047_h0000012_r006
14000US06089012701,1,15,50,2.0,2,2,2.0,2.0,,2.0,,,0,1.0,2,,,2,6.0,Reference person,No schooling completed,Female,Not in labor force,,,,,Without a disability,No,No,No,No,No,No,,35_64,True,generative,syn_t047_h0000013,syn_t047_h0000013_r001
14000US06089012701,2,19,15,2.0,2,2,2.0,2.0,,2.0,,,2,11.0,1,,,2,,Biological son or daughter,Grade 8,Male,,,,,,Without a disability,No,No,No,No,No,No,,0_17,False,dependent,syn_t047_h0000013,syn_t047_h0000013_r002
14000US06089012701,3,23,8,2.0,2,2,,2.0,,2.0,,,2,4.0,1,,,2,,Biological son or daughter,Grade 1,Male,,,,,,Without a disability,No,No,No,No,,No,,0_17,False,dependent,syn_t047_h0000013,syn_t047_h0000013_r003
14000US06089012701,4,19,76,2.0,2,2,2.0,2.0,,2.0,,,6,1.0,2,,,2,6.0,Father or mother,No schooling completed,Female,Not in labor force,,,,,Without a disability,No,No,No,No,No,No,,65_plus,True,generative,syn_t047_h0000013,syn_t047_h0000013_r004
14000US06089012701,1,13,64,2.0,1,2,2.0,2.0,,2.0,30.0,1.0,0,16.0,1,40.0,6.0,1,1.0,Reference person,Regular high school diploma,Male,"Civilian employed, at work",less than 14 weeks worked during past 12 months,"Car, truck, or van",,,With a disability,Yes,No,No,No,No,No,,35_64,True,generative,syn_t047_h0000014,syn_t047_h0000014_r001
14000US06089012701,2,21,61,2.0,2,2,2.0,2.0,,2.0,,,12,16.0,2,20.0,6.0,2,6.0,Housemate or roommate,Regular high school diploma,Female,Not in labor force,less than 14 weeks worked during past 12 months,,,,Without a disability,No,No,No,No,No,No,,35_64,True,generative,syn_t047_h0000014,syn_t047_h0000014_r002
14000US06089012701,1,17,73,2.0,1,2,2.0,2.0,,2.0,,,0,16.0,1,,,1,6.0,Reference person,Regular high school diploma,Male,Not in labor force,,,,,With a disability,Yes,No,No,No,No,No,,65_plus,True,generative,syn_t047_h0000015,syn_t047_h0000015_r001
14000US06089012701,2,21,73,2.0,2,2,2.0,2.0,,2.0,,,1,19.0,2,,,2,6.0,Husband/wife,"1 or more years of college credit, no degree",Female,Not in labor force,,,,,Without a disability,No,No,No,No,No,No,,65_plus,True,generative,syn_t047_h0000015,syn_t047_h0000015_r002
14000US06089012701,1,64,30,2.0,2,2,2.0,2.0,,2.0,20.0,1.0,0,16.0,1,40.0,1.0,2,1.0,Reference person,Regular high school diploma,Male,"Civilian employed, at work",50 to 52 weeks worked during past 12 months,"Car, truck, or van",,,Without a disability,No,No,No,No,No,No,,18_34,True,generative,syn_t047_h0000016,syn_t047_h0000016_r001
14000US06089012701,1,13,43,2.0,2,2,2.0,2.0,,2.0,15.0,1.0,0,17.0,1,40.0,1.0,2,1.0,Reference person,GED or alternative credential,Male,"Civilian employed, at work",50 to 52 weeks worked during past 12 months,"Car, truck, or van",,,Without a disability,No,No,No,No,No,No,,35_64,True,generative,syn_t047_h0000017,syn_t047_h0000017_r001
14000US06089012701,2,13,38,2.0,2,2,2.0,2.0,,2.0,10.0,1.0,1,16.0,2,40.0,1.0,2,1.0,Husband/wife,Regular high school diploma,Female,"Civilian employed, at work",50 to 52 weeks worked during past 12 months,"Car, truck, or van",,,Without a disability,No,No,No,No,No,No,,35_64,True,generative,syn_t047_h0000017,syn_t047_h0000017_r002
14000US06089012701,3,15,13,2.0,2,2,,2.0,,2.0,,,2,10.0,2,,,2,,Biological son or daughter,Grade 7,Female,,,,,,Without a disability,No,No,No,No,,No,,0_17,False,dependent,syn_t047_h0000017,syn_t047_h0000017_r003
14000US06089012701,4,14,13,2.0,2,2,,2.0,,2.0,,,2,10.0,2,,,2,,Biological son or daughter,Grade 7,Female,,,,,,Without a disability,No,No,No,No,,No,,0_17,False,dependent,syn_t047_h0000017,syn_t047_h0000017_r004
14000US06089012701,1,14,65,2.0,2,2,2.0,2.0,,2.0,,,0,19.0,2,,,2,6.0,Reference person,"1 or more years of college credit, no degree",Female,Not in labor force,,,,,Without a disability,No,No,No,No,No,No,,65_plus,True,generative,syn_t047_h0000018,syn_t047_h0000018_r001
14000US06089012701,2,14,76,2.0,2,2,2.0,2.0,,2.0,,,1,21.0,1,,,2,6.0,Husband/wife,Bachelor's degree,Male,Not in labor force,,,,,Without a disability,No,No,No,No,No,No,,65_plus,True,generative,syn_t047_h0000018,syn_t047_h0000018_r002
14000US06089012701,1,90,25,2.0,2,2,2.0,2.0,,2.0,141.0,1.0,0,19.0,1,60.0,1.0,2,1.0,Reference person,"1 or more years of college credit, no degree",Male,"Civilian employed, at work",50 to 52 weeks worked during past 12 months,"Car, truck, or van",,,Without a disability,No,No,No,No,No,No,,18_34,True,generative,syn_t047_h0000019,syn_t047_h0000019_r001
14000US06089012701,2,57,21,2.0,2,2,2.0,2.0,,2.0,20.0,1.0,13,19.0,2,40.0,1.0,2,1.0,Unmarried partner,"1 or more years of college credit, no degree",Female,"Civilian employed, at work",50 to 52 weeks worked during past 12 months,"Car, truck, or van",,,Without a disability,No,No,No,No,No,No,,18_34,True,generative,syn_t047_h0000019,syn_t047_h0000019_r002
14000US06089012701,1,7,70,2.0,2,2,2.0,2.0,,2.0,,,0,21.0,1,,,2,6.0,Reference person,Bachelor's degree,Male,Not in labor force,,,,,Without a disability,No,No,No,No,No,No,,65_plus,True,generative,syn_t047_h0000020,syn_t047_h0000020_r001
14000US06089012701,2,8,69,2.0,2,2,2.0,2.0,,2.0,,,1,19.0,2,,,2,6.0,Husband/wife,"1 or more years of college credit, no degree",Female,Not in labor force,,,,,Without a disability,No,No,No,No,No,No,,65_plus,True,generative,syn_t047_h0000020,syn_t047_h0000020_r002
14000US06089012701,1,13,67,2.0,2,2,2.0,2.0,,2.0,,,0,16.0,1,,,2,6.0,Reference person,Regular high school diploma,Male,Not in labor force,,,,,Without a disability,No,No,No,No,No,No,,65_plus,True,generative,syn_t047_h0000021,syn_t047_h0000021_r001
14000US06089012701,2,14,58,2.0,2,2,2.0,2.0,,2.0,5.0,1.0,1,16.0,2,35.0,1.0,2,1.0,Husband/wife,Regular high school diploma,Female,"Civilian employed, at work",50 to 52 weeks worked during past 12 months,"Car, truck, or van",,,Without a disability,No,No,No,No,No,No,,35_64,True,generative,syn_t047_h0000021,syn_t047_h0000021_r002
14000US06089012701,1,17,75,2.0,2,2,2.0,2.0,,2.0,,,0,22.0,1,4.0,6.0,2,6.0,Reference person,Master's degree,Male,Not in labor force,less than 14 weeks worked during past 12 months,,,,Without a disability,No,No,No,No,No,No,,65_plus,True,generative,syn_t047_h0000022,syn_t047_h0000022_r001
14000US06089012701,1,9,61,2.0,2,2,2.0,2.0,,2.0,15.0,1.0,0,20.0,1,60.0,1.0,2,1.0,Reference person,Associate's degree,Male,"Civilian employed, at work",50 to 52 weeks worked during past 12 months,"Car, truck, or van",,,Without a disability,No,No,No,No,No,No,,35_64,True,generative,syn_t047_h0000023,syn_t047_h0000023_r001
14000US06089012701,2,8,51,2.0,2,2,2.0,2.0,,2.0,15.0,1.0,1,16.0,2,50.0,1.0,2,1.0,Husband/wife,Regular high school diploma,Female,"Civilian employed, at work",50 to 52 weeks worked during past 12 months,"Car, truck, or van",,,Without a disability,No,No,No,No,No,No,,35_64,True,generative,syn_t047_h0000023,syn_t047_h0000023_r002
14000US06089012701,1,12,71,2.0,2,2,2.0,2.0,,2.0,,,0,22.0,2,,,2,6.0,Reference person,Master's degree,Female,Not in labor force,,,,,Without a disability,No,No,No,No,No,No,,65_plus,True,generative,syn_t047_h0000024,syn_t047_h0000024_r001
14000US06089012701,2,12,75,2.0,2,2,2.0,2.0,,2.0,,,1,22.0,1,,,2,6.0,Husband/wife,Master's degree,Male,Not in labor force,,,,,Without a disability,No,No,No,No,No,No,,65_plus,True,generative,syn_t047_h0000024,syn_t047_h0000024_r002
14000US06089012701,1,12,56,2.0,2,2,2.0,2.0,,2.0,12.0,1.0,0,21.0,1,40.0,1.0,2,1.0,Reference person,Bachelor's degree,Male,"Civilian employed, at work",50 to 52 weeks worked during past 12 months,"Car, truck, or van",,,Without a disability,No,No,No,No,No,No,,35_64,True,generative,syn_t047_h0000025,syn_t047_h0000025_r001
14000US06089012701,2,14,43,2.0,2,1,2.0,2.0,,2.0,,,1,21.0,2,,,1,6.0,Husband/wife,Bachelor's degree,Female,Not in labor force,,,,,With a disability,No,Yes,No,No,No,No,,35_64,True,generative,syn_t047_h0000025,syn_t047_h0000025_r002
14000US06089012701,3,11,34,2.0,2,2,2.0,2.0,,2.0,10.0,1.0,2,20.0,2,40.0,1.0,2,1.0,Biological son or daughter,Associate's degree,Female,"Civilian employed, at work",50 to 52 weeks worked during past 12 months,"Car, truck, or van",,,Without a disability,No,No,No,No,No,No,,18_34,True,generative,syn_t047_h0000025,syn_t047_h0000025_r003
14000US06089012701,4,11,31,2.0,2,2,2.0,2.0,,2.0,35.0,2.0,2,19.0,2,35.0,1.0,2,1.0,Biological son or daughter,"1 or more years of college credit, no degree",Female,"Civilian employed, at work",50 to 52 weeks worked during past 12 months,Bus or trolley bus,,,Without a disability,No,No,No,No,No,No,,18_34,True,generative,syn_t047_h0000025,syn_t047_h0000025_r004
14000US06089012701,5,14,2,,2,2,,,,,,,7,,2,,,2,,Grandchild,,Female,,,,,,Without a disability,No,No,,,,,,0_17,False,dependent,syn_t047_h0000025,syn_t047_h0000025_r005
14000US06089012701,6,13,0,,2,2,,,,,,,10,,1,,,2,,Other relative,,Male,,,,,,Without a disability,No,No,,,,,,0_17,False,dependent,syn_t047_h0000025,syn_t047_h0000025_r006
14000US06089012701,1,45,49,1.0,2,2,1.0,1.0,,1.0,,,0,14.0,1,,,1,6.0,Reference person,Grade 11,Male,Not in labor force,,,,,With a disability,No,No,Yes,Yes,Yes,Yes,,35_64,True,generative,syn_t047_h0000026,syn_t047_h0000026_r001
14000US06089012702,1,5,85,2.0,2,2,2.0,2.0,,2.0,,,0,17.0,1,,,2,6.0,Reference person,GED or alternative credential,Male,Not in labor force,,,,,Without a disability,No,No,No,No,No,No,,65_plus,True,generative,syn_t048_h0000001,syn_t048_h0000001_r001
14000US06089012702,2,3,83,2.0,2,2,2.0,2.0,,2.0,,,1,18.0,2,,,2,6.0,Husband/wife,"Some college, but less than 1 year",Female,Not in labor force,,,,,Without a disability,No,No,No,No,No,No,,65_plus,True,generative,syn_t048_h0000001,syn_t048_h0000001_r002
14000US06089012702,1,15,69,2.0,2,2,2.0,2.0,,2.0,,,0,17.0,2,,,2,6.0,Reference person,GED or alternative credential,Female,Not in labor force,,,,,Without a disability,No,No,No,No,No,No,,65_plus,True,generative,syn_t048_h0000002,syn_t048_h0000002_r001
14000US06089012702,2,15,65,2.0,2,2,2.0,2.0,,2.0,,,1,18.0,1,,,2,6.0,Husband/wife,"Some college, but less than 1 year",Male,Not in labor force,,,,,Without a disability,No,No,No,No,No,No,,65_plus,True,generative,syn_t048_h0000002,syn_t048_h0000002_r002
14000US06089012702,1,34,27,2.0,2,2,2.0,2.0,,2.0,10.0,1.0,0,21.0,1,45.0,1.0,2,1.0,Reference person,Bachelor's degree,Male,"Civilian employed, at work",50 to 52 weeks worked during past 12 months,"Car, truck, or van",,,Without a disability,No,No,No,No,No,No,,18_34,True,generative,syn_t048_h0000003,syn_t048_h0000003_r001
14000US06089012702,2,18,27,2.0,2,2,2.0,2.0,,2.0,10.0,1.0,13,21.0,2,40.0,1.0,2,1.0,Unmarried partner,Bachelor's degree,Female,"Civilian employed, at work",50 to 52 weeks worked during past 12 months,"Car, truck, or van",,,Without a disability,No,No,No,No,No,No,,18_34,True,generative,syn_t048_h0000003,syn_t048_h0000003_r002
14000US06089012702,1,16,75,2.0,2,1,1.0,1.0,,2.0,,,0,21.0,1,,,1,6.0,Reference person,Bachelor's degree,Male,Not in labor force,,,,,With a disability,No,Yes,No,Yes,Yes,No,,65_plus,True,generative,syn_t048_h0000004,syn_t048_h0000004_r001
14000US06089012702,2,22,57,2.0,1,2,2.0,2.0,,2.0,,11.0,15,18.0,2,30.0,1.0,1,1.0,Other nonrelative,"Some college, but less than 1 year",Female,"Civilian employed, at work",50 to 52 weeks worked during past 12 months,Worked at home,,,With a disability,Yes,No,No,No,No,No,,35_64,True,generative,syn_t048_h0000004,syn_t048_h0000004_r002
14000US06089012702,1,21,55,2.0,2,2,2.0,2.0,,2.0,,,0,22.0,2,,,2,6.0,Reference person,Master's degree,Female,Not in labor force,,,,,Without a disability,No,No,No,No,No,No,,35_64,True,generative,syn_t048_h0000005,syn_t048_h0000005_r001
14000US06089012702,2,20,63,2.0,2,2,2.0,2.0,2.0,2.0,,,1,21.0,1,50.0,5.0,2,6.0,Husband/wife,Bachelor's degree,Male,Not in labor force,14 to 26 weeks worked during past 12 months,,,,Without a disability,No,No,No,No,No,No,10 or 20 percent,35_64,True,generative,syn_t048_h0000005,syn_t048_h0000005_r002
14000US06089012702,1,15,73,2.0,2,2,2.0,2.0,,2.0,,,0,16.0,1,,,2,6.0,Reference person,Regular high school diploma,Male,Not in labor force,,,,,Without a disability,No,No,No,No,No,No,,65_plus,True,generative,syn_t048_h0000006,syn_t048_h0000006_r001
14000US06089012702,2,15,67,2.0,2,2,2.0,2.0,,2.0,,,1,16.0,2,,,2,6.0,Husband/wife,Regular high school diploma,Female,Not in labor force,,,,,Without a disability,No,No,No,No,No,No,,65_plus,True,generative,syn_t048_h0000006,syn_t048_h0000006_r002
14000US06089012702,3,26,90,2.0,1,1,1.0,1.0,,2.0,,,8,16.0,2,,,1,6.0,Parent-in-law,Regular high school diploma,Female,Not in labor force,,,,,With a disability,Yes,Yes,No,Yes,Yes,No,,65_plus,True,generative,syn_t048_h0000006,syn_t048_h0000006_r003
14000US06089012702,1,36,35,2.0,2,2,2.0,2.0,,2.0,20.0,1.0,0,16.0,1,40.0,1.0,2,1.0,Reference person,Regular high school diploma,Male,"Civilian employed, at work",50 to 52 weeks worked during past 12 months,"Car, truck, or van",,,Without a disability,No,No,No,No,No,No,,35_64,True,generative,syn_t048_h0000007,syn_t048_h0000007_r001
14000US06089012702,1,13,83,2.0,2,2,2.0,2.0,,2.0,,,0,16.0,1,,,2,6.0,Reference person,Regular high school diploma,Male,Not in labor force,,,,,Without a disability,No,No,No,No,No,No,,65_plus,True,generative,syn_t048_h0000008,syn_t048_h0000008_r001
14000US06089012702,1,10,31,2.0,2,2,2.0,2.0,,2.0,20.0,1.0,0,22.0,1,40.0,1.0,2,1.0,Reference person,Master's degree,Male,"Civilian employed, at work",50 to 52 weeks worked during past 12 months,"Car, truck, or van",,,Without a disability,No,No,No,No,No,No,,18_34,True,generative,syn_t048_h0000009,syn_t048_h0000009_r001
14000US06089012702,2,11,29,2.0,2,2,2.0,2.0,,2.0,15.0,1.0,1,21.0,2,40.0,1.0,2,1.0,Husband/wife,Bachelor's degree,Female,"Civilian employed, at work",50 to 52 weeks worked during past 12 months,"Car, truck, or van",,,Without a disability,No,No,No,No,No,No,,18_34,True,generative,syn_t048_h0000009,syn_t048_h0000009_r002
14000US06089012702,1,58,33,2.0,2,2,2.0,2.0,,2.0,15.0,1.0,0,19.0,1,30.0,6.0,2,1.0,Reference person,"1 or more years of college credit, no degree",Male,"Civilian employed, at work",less than 14 weeks worked during past 12 months,"Car, truck, or van",,,Without a disability,No,No,No,No,No,No,,18_34,True,generative,syn_t048_h0000010,syn_t048_h0000010_r001
14000US06089012702,2,65,29,2.0,2,2,2.0,2.0,,2.0,15.0,1.0,1,17.0,2,40.0,1.0,2,1.0,Husband/wife,GED or alternative credential,Female,"Civilian employed, at work",50 to 52 weeks worked during past 12 months,"Car, truck, or van",,,Without a disability,No,No,No,No,No,No,,18_34,True,generative,syn_t048_h0000010,syn_t048_h0000010_r002
14000US06089012702,3,71,8,2.0,2,2,,2.0,,2.0,,,2,4.0,1,,,2,,Biological son or daughter,Grade 1,Male,,,,,,Without a disability,No,No,No,No,,No,,0_17,False,dependent,syn_t048_h0000010,syn_t048_h0000010_r003
14000US06089012702,4,67,1,,2,2,,,,,,,2,,1,,,2,,Biological son or daughter,,Male,,,,,,Without a disability,No,No,,,,,,0_17,False,dependent,syn_t048_h0000010,syn_t048_h0000010_r004
14000US06089012702,1,25,32,2.0,2,2,2.0,2.0,,2.0,7.0,1.0,0,16.0,2,40.0,1.0,2,1.0,Reference person,Regular high school diploma,Female,"Civilian employed, at work",50 to 52 weeks worked during past 12 months,"Car, truck, or van",,,Without a disability,No,No,No,No,No,No,,18_34,True,generative,syn_t048_h0000011,syn_t048_h0000011_r001
14000US06089012702,2,21,16,2.0,2,2,2.0,2.0,,2.0,,,2,14.0,1,,,2,6.0,Biological son or daughter,Grade 11,Male,Not in labor force,,,,,Without a disability,No,No,No,No,No,No,,0_17,False,dependent,syn_t048_h0000011,syn_t048_h0000011_r002
14000US06089012702,3,39,9,2.0,2,2,,2.0,,2.0,,,2,6.0,1,,,2,,Biological son or daughter,Grade 3,Male,,,,,,Without a disability,No,No,No,No,,No,,0_17,False,dependent,syn_t048_h0000011,syn_t048_h0000011_r003
14000US06089012702,4,27,2,,2,2,,,,,,,2,,1,,,2,,Biological son or daughter,,Male,,,,,,Without a disability,No,No,,,,,,0_17,False,dependent,syn_t048_h0000011,syn_t048_h0000011_r004
14000US06089012702,5,27,0,,2,2,,,,,,,2,,1,,,2,,Biological son or daughter,,Male,,,,,,Without a disability,No,No,,,,,,0_17,False,dependent,syn_t048_h0000011,syn_t048_h0000011_r005
14000US06089012702,1,21,72,2.0,1,1,2.0,2.0,2.0,2.0,,,0,20.0,1,,,1,3.0,Reference person,Associate's degree,Male,Unemployed,,,,,With a disability,Yes,Yes,No,No,No,No,10 or 20 percent,65_plus,True,generative,syn_t048_h0000012,syn_t048_h0000012_r001
14000US06089012702,2,42,64,2.0,2,2,2.0,2.0,,2.0,15.0,1.0,1,16.0,2,8.0,1.0,2,1.0,Husband/wife,Regular high school diploma,Female,"Civilian employed, at work",50 to 52 weeks worked during past 12 months,"Car, truck, or van",,,Without a disability,No,No,No,No,No,No,,35_64,True,generative,syn_t048_h0000012,syn_t048_h0000012_r002
14000US06089012702,1,9,46,2.0,2,2,2.0,2.0,,2.0,142.0,1.0,0,21.0,1,50.0,1.0,2,1.0,Reference person,Bachelor's degree,Male,"Civilian employed, at work",50 to 52 weeks worked during past 12 months,"Car, truck, or van",,,Without a disability,No,No,No,No,No,No,,35_64,True,generative,syn_t048_h0000013,syn_t048_h0000013_r001
14000US06089012702,2,10,46,2.0,2,2,2.0,2.0,,2.0,20.0,1.0,1,21.0,2,40.0,1.0,2,1.0,Husband/wife,Bachelor's degree,Female,"Civilian employed, at work",50 to 52 weeks worked during past 12 months,"Car, truck, or van",,,Without a disability,No,No,No,No,No,No,,35_64,True,generative,syn_t048_h0000013,syn_t048_h0000013_r002
14000US06089012702,3,11,16,2.0,2,2,2.0,2.0,,2.0,,,2,13.0,1,4.0,6.0,2,6.0,Biological son or daughter,Grade 10,Male,Not in labor force,less than 14 weeks worked during past 12 months,,,,Without a disability,No,No,No,No,No,No,,0_17,False,dependent,syn_t048_h0000013,syn_t048_h0000013_r003
14000US06089012702,1,48,30,2.0,2,2,2.0,2.0,,2.0,45.0,1.0,0,16.0,1,40.0,1.0,2,1.0,Reference person,Regular high school diploma,Male,"Civilian employed, at work",50 to 52 weeks worked during past 12 months,"Car, truck, or van",,,Without a disability,No,No,No,No,No,No,,18_34,True,generative,syn_t048_h0000014,syn_t048_h0000014_r001
14000US06089012702,2,60,29,2.0,2,2,2.0,2.0,,2.0,10.0,1.0,1,19.0,2,40.0,1.0,2,1.0,Husband/wife,"1 or more years of college credit, no degree",Female,"Civilian employed, at work",50 to 52 weeks worked during past 12 months,"Car, truck, or van",,,Without a disability,No,No,No,No,No,No,,18_34,True,generative,syn_t048_h0000014,syn_t048_h0000014_r002
14000US06089012702,3,52,12,2.0,2,2,,2.0,,2.0,,,2,8.0,2,,,2,,Biological son or daughter,Grade 5,Female,,,,,,Without a disability,No,No,No,No,,No,,0_17,False,dependent,syn_t048_h0000014,syn_t048_h0000014_r003
14000US06089012702,1,38,68,2.0,2,2,2.0,2.0,,2.0,,,0,20.0,2,,,2,6.0,Reference person,Associate's degree,Female,Not in labor force,,,,,Without a disability,No,No,No,No,No,No,,65_plus,True,generative,syn_t048_h0000015,syn_t048_h0000015_r001
14000US06089012702,2,67,50,2.0,1,2,2.0,2.0,,2.0,,,2,21.0,1,,,1,6.0,Biological son or daughter,Bachelor's degree,Male,Not in labor force,,,,,With a disability,Yes,No,No,No,No,No,,35_64,True,generative,syn_t048_h0000015,syn_t048_h0000015_r002
14000US06089012702,1,15,21,2.0,2,2,2.0,2.0,,2.0,20.0,1.0,0,16.0,1,20.0,5.0,2,1.0,Reference person,Regular high school diploma,Male,"Civilian employed, at work",14 to 26 weeks worked during past 12 months,"Car, truck, or van",,,Without a disability,No,No,No,No,No,No,,18_34,True,generative,syn_t048_h0000016,syn_t048_h0000016_r001
