geoid,PUMA,ADJINC,WGTP,NP,TYPE,ACCESS,BDSP,BLD,HISPEED,RMSP,SMARTPHONE,TEN,VEH,HHT,HINCP,HUPAC,HUPAOC,HUPARC,NOC,NRC,WIF,HINCP_ADJUSTED_2018,negative_income,TEN_label,BLD_label,ACCESS_label,HISPEED_label,SMARTPHONE_label,HUPAC_label,HUPAOC_label,HUPARC_label,WIF_label,household_income,vehicle_count,household_structure,household_older_adult_presence,weight,household_size,synthetic_household_id
14000US06089010100,8900,1070673,14,1,1,2,3.0,2,,4.0,2,1,1.0,6.0,37400.0,4,4,4,0.0,0.0,,40043.1702,False,Owned with mortgage or loan (include home equity loans),One-family house detached,"Yes, without paying a cell phone company or Internet service provider",,No,No children,No own children present,No related children present,,40000_44999,1,nonfamily_not_living_alone,has_65_plus,14.0,1,syn_t001_h0000001
14000US06089010100,8900,1070673,34,2,1,1,2.0,2,1.0,3.0,1,3,1.0,5.0,40000.0,4,4,4,0.0,0.0,,42826.92,False,Rented,One-family house detached,"Yes, by paying a cell phone company or Internet service provider",Yes,Yes,No children,No own children present,No related children present,,40000_44999,1,nonfamily_living_alone,no_65_plus,34.0,2,syn_t001_h0000002
14000US06089010100,8900,1061242,17,1,1,1,1.0,2,1.0,3.0,1,4,1.0,4.0,17001.0,4,4,4,0.0,0.0,,18042.175242,False,Occupied without payment of rent,One-family house detached,"Yes, by paying a cell phone company or Internet service provider",Yes,Yes,No children,No own children present,No related children present,,15000_19999,1,nonfamily_living_alone,no_65_plus,17.0,1,syn_t001_h0000003
14000US06089010100,8900,1070673,72,1,1,3,2.0,6,,3.0,1,3,1.0,4.0,22000.0,4,4,4,0.0,0.0,,23554.806,False,Rented,5-9 Apartments,"No access to the Internet at this house, apartment, or mobile home",,Yes,No children,No own children present,No related children present,,20000_24999,1,nonfamily_living_alone,no_65_plus,72.0,1,syn_t001_h0000004
14000US06089010100,8900,1061242,50,6,1,3,3.0,2,,5.0,2,3,1.0,1.0,24500.0,3,3,3,4.0,4.0,1.0,26000.429,False,Rented,One-family house detached,"No access to the Internet at this house, apartment, or mobile home",,No,With children under 6 years and 6 to 17 years,Presence of own children under 6 years and 6 to 17 years,Presence of related children under 6 years and 6 to 17 years,1 worker,25000_29999,1,married_couple,no_65_plus,50.0,6,syn_t001_h0000005
14000US06089010100,8900,1061242,23,3,1,3,3.0,2,,4.0,2,2,1.0,2.0,22200.0,2,2,2,2.0,2.0,0.0,23559.5724,False,Owned free and clear,One-family house detached,"No access to the Internet at this house, apartment, or mobile home",,No,With children 6 to 17 years only,Presence of own children 6 to 17 years only,Presence of related children 6 to 17 years only,No workers,20000_24999,1,other_male_householder,no_65_plus,23.0,3,syn_t001_h0000006
14000US06089010100,8900,1035838,40,3,1,1,1.0,2,1.0,3.0,1,3,0.0,3.0,27800.0,2,2,2,1.0,1.0,1.0,28796.2964,False,Rented,One-family house detached,"Yes, by paying a cell phone company or Internet service provider",Yes,Yes,With children 6 to 17 years only,Presence of own children 6 to 17 years only,Presence of related children 6 to 17 years only,1 worker,25000_29999,0,other_female_householder,no_65_plus,40.0,3,syn_t001_h0000007
14000US06089010100,8900,1054346,9,1,1,3,2.0,1,,4.0,2,2,1.0,6.0,13900.0,4,4,4,0.0,0.0,,14655.4094,False,Owned free and clear,Mobile home or trailer,"No access to the Internet at this house, apartment, or mobile home",,No,No children,No own children present,No related children present,,10000_14999,1,nonfamily_not_living_alone,has_65_plus,9.0,1,syn_t001_h0000008
14000US06089010100,8900,1054346,13,1,1,1,3.0,2,1.0,7.0,1,2,1.0,4.0,25500.0,4,4,4,0.0,0.0,,26885.823,False,Owned free and clear,One-family house detached,"Yes, by paying a cell phone company or Internet service provider",Yes,Yes,No children,No own children present,No related children present,,25000_29999,1,nonfamily_living_alone,has_65_plus,13.0,1,syn_t001_h0000009
14000US06089010100,8900,1070673,20,1,1,3,9.0,6,,19.0,2,3,0.0,4.0,12900.0,4,4,4,0.0,0.0,,13811.6817,False,Rented,5-9 Apartments,"No access to the Internet at this house, apartment, or mobile home",,No,No children,No own children present,No related children present,,10000_14999,0,nonfamily_living_alone,no_65_plus,20.0,1,syn_t001_h0000010
14000US06089010200,8900,1013097,71,1,1,1,2.0,1,1.0,3.0,1,3,0.0,4.0,1000.0,4,4,4,0.0,0.0,,1013.097,False,Rented,Mobile home or trailer,"Yes, by paying a cell phone company or Internet service provider",Yes,Yes,No children,No own children present,No related children present,,lt_10000,0,nonfamily_living_alone,no_65_plus,71.0,1,syn_t002_h0000001
14000US06089010200,8900,1070673,22,1,1,1,2.0,2,1.0,5.0,2,1,1.0,4.0,15600.0,4,4,4,0.0,0.0,,16702.4988,False,Owned with mortgage or loan (include home equity loans),One-family house detached,"Yes, by paying a cell phone company or Internet service provider",Yes,No,No children,No own children present,No related children present,,15000_19999,1,nonfamily_living_alone,has_65_plus,22.0,1,syn_t002_h0000002
14000US06089010200,8900,1061242,15,1,1,3,0.0,6,,1.0,2,3,0.0,4.0,9900.0,4,4,4,0.0,0.0,,10506.2958,False,Rented,5-9 Apartments,"No access to the Internet at this house, apartment, or mobile home",,No,No children,No own children present,No related children present,,10000_14999,0,nonfamily_living_alone,has_65_plus,15.0,1,syn_t002_h0000003
14000US06089010200,8900,1035838,14,1,1,1,2.0,3,1.0,7.0,2,1,0.0,4.0,64000.0,4,4,4,0.0,0.0,,66293.632,False,Owned with mortgage or loan (include home equity loans),One-family house attached,"Yes, by paying a cell phone company or Internet service provider",Yes,No,No children,No own children present,No related children present,,60000_74999,0,nonfamily_living_alone,has_65_plus,14.0,1,syn_t002_h0000004
14000US06089010200,8900,1061242,37,1,1,1,2.0,5,1.0,4.0,1,3,1.0,4.0,50000.0,4,4,4,0.0,0.0,,53062.1,False,Rented,3-4 Apartments,"Yes, by paying a cell phone company or Internet service provider",Yes,Yes,No children,No own children present,No related children present,,50000_59999,1,nonfamily_living_alone,no_65_plus,37.0,1,syn_t002_h0000005
14000US06089010200,8900,1054346,11,3,1,1,3.0,2,2.0,7.0,1,1,3.0,2.0,50000.0,3,2,2,1.0,1.0,1.0,52717.3,False,Owned with mortgage or loan (include home equity loans),One-family house detached,"Yes, by paying a cell phone company or Internet service provider",No,Yes,With children under 6 years and 6 to 17 years,Presence of own children 6 to 17 years only,Presence of related children 6 to 17 years only,1 worker,50000_59999,3,other_male_householder,no_65_plus,11.0,3,syn_t002_h0000006
14000US06089010200,8900,1054346,14,1,1,3,0.0,4,,1.0,2,3,0.0,4.0,23000.0,4,4,4,0.0,0.0,,24249.958,False,Rented,2 Apartments,"No access to the Internet at this house, apartment, or mobile home",,No,No children,No own children present,No related children present,,20000_24999,0,nonfamily_living_alone,has_65_plus,14.0,1,syn_t002_h0000007
14000US06089010200,8900,1070673,62,3,1,3,3.0,2,,6.0,1,3,1.0,3.0,36000.0,3,3,3,2.0,2.0,1.0,38544.228,False,Rented,One-family house detached,"No access to the Internet at this house, apartment, or mobile home",,Yes,With children under 6 years and 6 to 17 years,Presence of own children under 6 years and 6 to 17 years,Presence of related children under 6 years and 6 to 17 years,1 worker,35000_39999,1,other_female_householder,no_65_plus,62.0,3,syn_t002_h0000008
14000US06089010200,8900,1061242,44,2,1,1,2.0,5,1.0,3.0,1,3,1.0,5.0,5500.0,4,4,4,0.0,0.0,,5836.831,False,Rented,3-4 Apartments,"Yes, by paying a cell phone company or Internet service provider",Yes,Yes,No children,No own children present,No related children present,,lt_10000,1,nonfamily_living_alone,no_65_plus,44.0,2,syn_t002_h0000009
14000US06089010200,8900,1035838,10,2,1,1,3.0,2,2.0,5.0,1,2,2.0,7.0,84900.0,4,4,4,0.0,0.0,,87942.6462,False,Owned free and clear,One-family house detached,"Yes, by paying a cell phone company or Internet service provider",No,Yes,No children,No own children present,No related children present,,75000_99999,2,nonfamily_not_living_alone,no_65_plus,10.0,2,syn_t002_h0000010
14000US06089010200,8900,1070673,57,2,1,1,2.0,5,2.0,3.0,1,3,0.0,2.0,20000.0,2,2,2,1.0,1.0,0.0,21413.46,False,Rented,3-4 Apartments,"Yes, by paying a cell phone company or Internet service provider",No,Yes,With children 6 to 17 years only,Presence of own children 6 to 17 years only,Presence of related children 6 to 17 years only,No workers,20000_24999,0,other_male_householder,no_65_plus,57.0,2,syn_t002_h0000011
14000US06089010200,8900,1070673,36,1,1,3,2.0,2,,4.0,1,3,1.0,4.0,24000.0,4,4,4,0.0,0.0,,25696.152,False,Rented,One-family house detached,"No access to the Internet at this house, apartment, or mobile home",,Yes,No children,No own children present,No related children present,,25000_29999,1,nonfamily_living_alone,no_65_plus,36.0,1,syn_t002_h0000012
14000US06089010200,8900,1035838,29,3,1,1,2.0,2,2.0,3.0,1,2,1.0,3.0,12000.0,2,2,2,1.0,1.0,0.0,12430.056,False,Owned free and clear,One-family house detached,"Yes, by paying a cell phone company or Internet service provider",No,Yes,With children 6 to 17 years only,Presence of own children 6 to 17 years only,Presence of related children 6 to 17 years only,No workers,10000_14999,1,other_female_householder,no_65_plus,29.0,3,syn_t002_h0000013
14000US06089010200,8900,1013097,20,2,1,3,2.0,2,,3.0,2,3,1.0,7.0,142800.0,4,4,4,0.0,0.0,,144670.2516,False,Rented,One-family house detached,"No access to the Internet at this house, apartment, or mobile home",,No,No children,No own children present,No related children present,,125000_149999,1,nonfamily_not_living_alone,has_65_plus,20.0,2,syn_t002_h0000014
14000US06089010200,8900,1035838,45,1,1,3,0.0,9,,1.0,2,3,0.0,6.0,14400.0,4,4,4,0.0,0.0,,14916.0672,False,Rented,50 or more apartments,"No access to the Internet at this house, apartment, or mobile home",,No,No children,No own children present,No related children present,,10000_14999,0,nonfamily_not_living_alone,has_65_plus,45.0,1,syn_t002_h0000015
14000US06089010200,8900,1070673,13,1,1,1,3.0,2,1.0,6.0,1,1,1.0,6.0,67000.0,4,4,4,0.0,0.0,,71735.091,False,Owned with mortgage or loan (include home equity loans),One-family house detached,"Yes, by paying a cell phone company or Internet service provider",Yes,Yes,No children,No own children present,No related children present,,60000_74999,1,nonfamily_not_living_alone,has_65_plus,13.0,1,syn_t002_h0000016
14000US06089010300,8900,1061242,18,2,1,3,3.0,2,,8.0,2,3,2.0,5.0,26000.0,4,4,4,0.0,0.0,,27592.292,False,Rented,One-family house detached,"No access to the Internet at this house, apartment, or mobile home",,No,No children,No own children present,No related children present,,25000_29999,2,nonfamily_living_alone,has_65_plus,18.0,2,syn_t003_h0000001
14000US06089010300,8900,1070673,28,1,1,3,1.0,6,,3.0,2,3,1.0,4.0,12000.0,4,4,4,0.0,0.0,,12848.076,False,Rented,5-9 Apartments,"No access to the Internet at this house, apartment, or mobile home",,No,No children,No own children present,No related children present,,10000_14999,1,nonfamily_living_alone,no_65_plus,28.0,1,syn_t003_h0000002
14000US06089010300,8900,1070673,21,2,1,1,4.0,2,1.0,9.0,1,1,1.0,3.0,66500.0,2,2,2,1.0,1.0,1.0,71199.7545,False,Owned with mortgage or loan (include home equity loans),One-family house detached,"Yes, by paying a cell phone company or Internet service provider",Yes,Yes,With children 6 to 17 years only,Presence of own children 6 to 17 years only,Presence of related children 6 to 17 years only,1 worker,60000_74999,1,other_female_householder,no_65_plus,21.0,2,syn_t003_h0000003
14000US06089010300,8900,1035838,12,4,1,1,3.0,2,1.0,6.0,1,1,2.0,3.0,88300.0,1,4,1,0.0,1.0,2.0,91464.4954,False,Owned with mortgage or loan (include home equity loans),One-family house detached,"Yes, by paying a cell phone company or Internet service provider",Yes,Yes,With children under 6 years only,No own children present,Presence of related children under 6 years only,2 workers,75000_99999,2,other_female_householder,no_65_plus,12.0,4,syn_t003_h0000004
14000US06089010300,8900,1070673,13,1,1,3,1.0,2,,4.0,2,2,1.0,4.0,34900.0,4,4,4,0.0,0.0,,37366.4877,False,Owned free and clear,One-family house detached,"No access to the Internet at this house, apartment, or mobile home",,No,No children,No own children present,No related children present,,35000_39999,1,nonfamily_living_alone,has_65_plus,13.0,1,syn_t003_h0000005
14000US06089010300,8900,1054346,70,1,1,1,3.0,2,1.0,6.0,1,3,1.0,4.0,10000.0,4,4,4,0.0,0.0,,10543.46,False,Rented,One-family house detached,"Yes, by paying a cell phone company or Internet service provider",Yes,Yes,No children,No own children present,No related children present,,10000_14999,1,nonfamily_living_alone,no_65_plus,70.0,1,syn_t003_h0000006
14000US06089010300,8900,1035838,13,1,1,1,3.0,2,2.0,4.0,2,2,3.0,4.0,75000.0,4,4,4,0.0,0.0,,77687.85,False,Owned free and clear,One-family house detached,"Yes, by paying a cell phone company or Internet service provider",No,No,No children,No own children present,No related children present,,75000_99999,3,nonfamily_living_alone,no_65_plus,13.0,1,syn_t003_h0000007
14000US06089010300,8900,1070673,48,3,1,1,3.0,2,1.0,6.0,1,3,2.0,3.0,30000.0,2,4,2,0.0,1.0,1.0,32120.19,False,Rented,One-family house detached,"Yes, by paying a cell phone company or Internet service provider",Yes,Yes,With children 6 to 17 years only,No own children present,Presence of related children 6 to 17 years only,1 worker,30000_34999,2,other_female_householder,no_65_plus,48.0,3,syn_t003_h0000008
14000US06089010300,8900,1035838,19,4,1,1,3.0,2,1.0,6.0,1,3,3.0,1.0,71100.0,4,4,4,0.0,0.0,3.0,73648.0818,False,Rented,One-family house detached,"Yes, by paying a cell phone company or Internet service provider",Yes,Yes,No children,No own children present,No related children present,3 or more workers in family,60000_74999,3,married_couple,has_65_plus,19.0,4,syn_t003_h0000009
14000US06089010300,8900,1054346,13,2,1,1,2.0,5,1.0,6.0,1,3,1.0,3.0,65000.0,2,2,2,1.0,1.0,1.0,68532.49,False,Rented,3-4 Apartments,"Yes, by paying a cell phone company or Internet service provider",Yes,Yes,With children 6 to 17 years only,Presence of own children 6 to 17 years only,Presence of related children 6 to 17 years only,1 worker,60000_74999,1,other_female_householder,no_65_plus,13.0,2,syn_t003_h0000010
14000US06089010300,8900,1070673,9,1,1,3,2.0,2,,5.0,2,2,1.0,4.0,9000.0,4,4,4,0.0,0.0,,9636.057,False,Owned free and clear,One-family house detached,"No access to the Internet at this house, apartment, or mobile home",,No,No children,No own children present,No related children present,,lt_10000,1,nonfamily_living_alone,no_65_plus,9.0,1,syn_t003_h0000011
14000US06089010300,8900,1035838,44,1,1,3,1.0,1,,3.0,2,2,2.0,4.0,126900.0,4,4,4,0.0,0.0,,131447.8422,False,Owned free and clear,Mobile home or trailer,"No access to the Internet at this house, apartment, or mobile home",,No,No children,No own children present,No related children present,,125000_149999,2,nonfamily_living_alone,has_65_plus,44.0,1,syn_t003_h0000012
14000US06089010300,8900,1054346,59,1,1,1,4.0,2,1.0,8.0,2,2,2.0,4.0,45000.0,4,4,4,0.0,0.0,,47445.57,False,Owned free and clear,One-family house detached,"Yes, by paying a cell phone company or Internet service provider",Yes,No,No children,No own children present,No related children present,,45000_49999,2,nonfamily_living_alone,no_65_plus,59.0,1,syn_t003_h0000013
14000US06089010300,8900,1070673,25,3,1,1,3.0,2,2.0,4.0,1,2,1.0,3.0,50000.0,4,4,4,0.0,0.0,2.0,53533.65,False,Owned free and clear,One-family house detached,"Yes, by paying a cell phone company or Internet service provider",No,Yes,No children,No own children present,No related children present,2 workers,50000_59999,1,other_female_householder,no_65_plus,25.0,3,syn_t003_h0000014
14000US06089010300,8900,1061242,19,1,1,3,0.0,10,,1.0,2,3,1.0,4.0,10600.0,4,4,4,0.0,0.0,,11249.1652,False,Rented,"Boat, RV, van, etc.","No access to the Internet at this house, apartment, or mobile home",,No,No children,No own children present,No related children present,,10000_14999,1,nonfamily_living_alone,no_65_plus,19.0,1,syn_t003_h0000015
14000US06089010300,8900,1013097,41,3,1,1,2.0,2,1.0,5.0,1,3,2.0,2.0,32900.0,4,4,4,0.0,0.0,1.0,33330.8913,False,Rented,One-family house detached,"Yes, by paying a cell phone company or Internet service provider",Yes,Yes,No children,No own children present,No related children present,1 worker,30000_34999,2,other_male_householder,no_65_plus,41.0,3,syn_t003_h0000016
14000US06089010300,8900,1070673,13,1,1,1,2.0,4,1.0,4.0,2,3,1.0,6.0,11400.0,4,4,4,0.0,0.0,,12205.6722,False,Rented,2 Apartments,"Yes, by paying a cell phone company or Internet service provider",Yes,No,No children,No own children present,No related children present,,10000_14999,1,nonfamily_not_living_alone,has_65_plus,13.0,1,syn_t003_h0000017
14000US06089010300,8900,1070673,28,2,1,1,2.0,1,1.0,5.0,1,3,1.0,3.0,810.0,2,2,2,1.0,1.0,1.0,867.24513,False,Rented,Mobile home or trailer,"Yes, by paying a cell phone company or Internet service provider",Yes,Yes,With children 6 to 17 years only,Presence of own children 6 to 17 years only,Presence of related children 6 to 17 years only,1 worker,lt_10000,1,other_female_householder,no_65_plus,28.0,2,syn_t003_h0000018
14000US06089010300,8900,1061242,13,2,1,1,3.0,2,1.0,8.0,2,1,3.0,1.0,63404.0,4,4,4,0.0,0.0,0.0,67286.987768,False,Owned with mortgage or loan (include home equity loans),One-family house detached,"Yes, by paying a cell phone company or Internet service provider",Yes,No,No children,No own children present,No related children present,No workers,60000_74999,3,married_couple,has_65_plus,13.0,2,syn_t003_h0000019
14000US06089010300,8900,1035838,21,3,1,1,3.0,2,1.0,5.0,1,1,2.0,1.0,90000.0,1,1,1,1.0,1.0,2.0,93225.42,False,Owned with mortgage or loan (include home equity loans),One-family house detached,"Yes, by paying a cell phone company or Internet service provider",Yes,Yes,With children under 6 years only,Presence of own children under 6 years only,Presence of related children under 6 years only,2 workers,75000_99999,2,married_couple,no_65_plus,21.0,3,syn_t003_h0000020
14000US06089010300,8900,1061242,18,1,1,1,2.0,1,1.0,5.0,1,3,2.0,4.0,24900.0,4,4,4,0.0,0.0,,26424.9258,False,Rented,Mobile home or trailer,"Yes, by paying a cell phone company or Internet service provider",Yes,Yes,No children,No own children present,No related children present,,25000_29999,2,nonfamily_living_alone,no_65_plus,18.0,1,syn_t003_h0000021
14000US06089010300,8900,1035838,45,1,1,3,0.0,9,,1.0,2,3,0.0,6.0,14400.0,4,4,4,0.0,0.0,,14916.0672,False,Rented,50 or more apartments,"No access to the Internet at this house, apartment, or mobile home",,No,No children,No own children present,No related children present,,10000_14999,0,nonfamily_not_living_alone,has_65_plus,45.0,1,syn_t003_h0000022
14000US06089010400,8900,1013097,30,3,1,1,3.0,2,1.0,6.0,1,1,1.0,2.0,115000.0,2,2,2,2.0,2.0,1.0,116506.155,False,Owned with mortgage or loan (include home equity loans),One-family house detached,"Yes, by paying a cell phone company or Internet service provider",Yes,Yes,With children 6 to 17 years only,Presence of own children 6 to 17 years only,Presence of related children 6 to 17 years only,1 worker,100000_124999,1,other_male_householder,no_65_plus,30.0,3,syn_t004_h0000001
14000US06089010400,8900,1054346,14,3,1,1,2.0,4,1.0,4.0,1,3,1.0,3.0,20000.0,1,1,1,2.0,2.0,1.0,21086.92,False,Rented,2 Apartments,"Yes, by paying a cell phone company or Internet service provider",Yes,Yes,With children under 6 years only,Presence of own children under 6 years only,Presence of related children under 6 years only,1 worker,20000_24999,1,other_female_householder,no_65_plus,14.0,3,syn_t004_h0000002
14000US06089010400,8900,1054346,21,2,1,1,0.0,2,1.0,2.0,1,2,0.0,5.0,10000.0,4,4,4,0.0,0.0,,10543.46,False,Owned free and clear,One-family house detached,"Yes, by paying a cell phone company or Internet service provider",Yes,Yes,No children,No own children present,No related children present,,10000_14999,0,nonfamily_living_alone,no_65_plus,21.0,2,syn_t004_h0000003
14000US06089010400,8900,1070673,9,4,1,1,3.0,2,1.0,7.0,1,1,3.0,1.0,90000.0,1,1,1,2.0,2.0,1.0,96360.57,False,Owned with mortgage or loan (include home equity loans),One-family house detached,"Yes, by paying a cell phone company or Internet service provider",Yes,Yes,With children under 6 years only,Presence of own children under 6 years only,Presence of related children under 6 years only,1 worker,75000_99999,3,married_couple,no_65_plus,9.0,4,syn_t004_h0000004
14000US06089010400,8900,1070673,58,1,1,3,2.0,4,,4.0,2,3,1.0,6.0,19900.0,4,4,4,0.0,0.0,,21306.3927,False,Rented,2 Apartments,"No access to the Internet at this house, apartment, or mobile home",,No,No children,No own children present,No related children present,,20000_24999,1,nonfamily_not_living_alone,has_65_plus,58.0,1,syn_t004_h0000005
14000US06089010400,8900,1035838,25,3,1,1,1.0,8,2.0,3.0,1,3,2.0,1.0,38000.0,1,1,1,1.0,1.0,2.0,39361.844,False,Rented,20-49 Apartments,"Yes, by paying a cell phone company or Internet service provider",No,Yes,With children under 6 years only,Presence of own children under 6 years only,Presence of related children under 6 years only,2 workers,35000_39999,2,married_couple,no_65_plus,25.0,3,syn_t004_h0000006
14000US06089010400,8900,1070673,62,2,1,2,1.0,1,,2.0,1,3,1.0,1.0,26500.0,4,4,4,0.0,0.0,1.0,28372.8345,False,Rented,Mobile home or trailer,"Yes, without paying a cell phone company or Internet service provider",,Yes,No children,No own children present,No related children present,1 worker,25000_29999,1,married_couple,no_65_plus,62.0,2,syn_t004_h0000007
14000US06089010400,8900,1061242,44,2,1,1,2.0,6,1.0,4.0,1,4,2.0,2.0,32700.0,2,2,2,1.0,1.0,1.0,34702.6134,False,Occupied without payment of rent,5-9 Apartments,"Yes, by paying a cell phone company or Internet service provider",Yes,Yes,With children 6 to 17 years only,Presence of own children 6 to 17 years only,Presence of related children 6 to 17 years only,1 worker,30000_34999,2,other_male_householder,no_65_plus,44.0,2,syn_t004_h0000008
14000US06089010400,8900,1013097,36,2,1,1,2.0,9,1.0,3.0,1,3,2.0,3.0,118000.0,4,4,4,0.0,0.0,2.0,119545.446,False,Rented,50 or more apartments,"Yes, by paying a cell phone company or Internet service provider",Yes,Yes,No children,No own children present,No related children present,2 workers,100000_124999,2,other_female_householder,no_65_plus,36.0,2,syn_t004_h0000009
14000US06089010400,8900,1070673,24,4,1,1,4.0,5,1.0,5.0,1,3,1.0,3.0,10700.0,2,2,2,3.0,3.0,0.0,11456.2011,False,Rented,3-4 Apartments,"Yes, by paying a cell phone company or Internet service provider",Yes,Yes,With children 6 to 17 years only,Presence of own children 6 to 17 years only,Presence of related children 6 to 17 years only,No workers,10000_14999,1,other_female_householder,no_65_plus,24.0,4,syn_t004_h0000010
14000US06089010400,8900,1035838,59,2,1,1,3.0,2,2.0,5.0,1,1,2.0,5.0,119000.0,4,4,4,0.0,0.0,,123264.722,False,Owned with mortgage or loan (include home equity loans),One-family house detached,"Yes, by paying a cell phone company or Internet service provider",No,Yes,No children,No own children present,No related children present,,100000_124999,2,nonfamily_living_alone,no_65_plus,59.0,2,syn_t004_h0000011
14000US06089010400,8900,1035838,13,1,1,3,0.0,2,,1.0,2,3,1.0,4.0,9600.0,4,4,4,0.0,0.0,,9944.0448,False,Rented,One-family house detached,"No access to the Internet at this house, apartment, or mobile home",,No,No children,No own children present,No related children present,,lt_10000,1,nonfamily_living_alone,no_65_plus,13.0,1,syn_t004_h0000012
14000US06089010400,8900,1054346,15,5,1,1,4.0,2,1.0,7.0,1,1,4.0,1.0,98000.0,2,2,2,3.0,3.0,2.0,103325.908,False,Owned with mortgage or loan (include home equity loans),One-family house detached,"Yes, by paying a cell phone company or Internet service provider",Yes,Yes,With children 6 to 17 years only,Presence of own children 6 to 17 years only,Presence of related children 6 to 17 years only,2 workers,100000_124999,4_plus,married_couple,no_65_plus,15.0,5,syn_t004_h0000013
14000US06089010400,8900,1035838,87,3,1,1,2.0,6,1.0,4.0,1,3,1.0,3.0,38400.0,1,1,1,1.0,1.0,1.0,39776.1792,False,Rented,5-9 Apartments,"Yes, by paying a cell phone company or Internet service provider",Yes,Yes,With children under 6 years only,Presence of own children under 6 years only,Presence of related children under 6 years only,1 worker,35000_39999,1,other_female_householder,no_65_plus,87.0,3,syn_t004_h0000014
14000US06089010400,8900,1054346,11,2,1,1,2.0,6,2.0,6.0,1,3,1.0,3.0,32700.0,4,4,4,0.0,0.0,1.0,34477.1142,False,Rented,5-9 Apartments,"Yes, by paying a cell phone company or Internet service provider",No,Yes,No children,No own children present,No related children present,1 worker,30000_34999,1,other_female_householder,has_65_plus,11.0,2,syn_t004_h0000015
14000US06089010400,8900,1070673,3,2,1,3,3.0,2,,6.0,1,1,2.0,5.0,80540.0,4,4,4,0.0,0.0,,86232.00342,False,Owned with mortgage or loan (include home equity loans),One-family house detached,"No access to the Internet at this house, apartment, or mobile home",,Yes,No children,No own children present,No related children present,,75000_99999,2,nonfamily_living_alone,no_65_plus,3.0,2,syn_t004_h0000016
14000US06089010400,8900,1070673,57,2,1,1,2.0,5,2.0,3.0,1,3,0.0,2.0,20000.0,2,2,2,1.0,1.0,0.0,21413.46,False,Rented,3-4 Apartments,"Yes, by paying a cell phone company or Internet service provider",No,Yes,With children 6 to 17 years only,Presence of own children 6 to 17 years only,Presence of related children 6 to 17 years only,No workers,20000_24999,0,other_male_householder,no_65_plus,57.0,2,syn_t004_h0000017
14000US06089010400,8900,1054346,20,1,1,1,1.0,4,1.0,2.0,2,3,1.0,4.0,14000.0,4,4,4,0.0,0.0,,14760.844,False,Rented,2 Apartments,"Yes, by paying a cell phone company or Internet service provider",Yes,No,No children,No own children present,No related children present,,10000_14999,1,nonfamily_living_alone,no_65_plus,20.0,1,syn_t004_h0000018
14000US06089010400,8900,1054346,13,1,1,1,3.0,2,1.0,5.0,1,1,2.0,4.0,31200.0,4,4,4,0.0,0.0,,32895.5952,False,Owned with mortgage or loan (include home equity loans),One-family house detached,"Yes, by paying a cell phone company or Internet service provider",Yes,Yes,No children,No own children present,No related children present,,30000_34999,2,nonfamily_living_alone,has_65_plus,13.0,1,syn_t004_h0000019
14000US06089010400,8900,1035838,13,2,1,2,2.0,9,,5.0,1,3,1.0,3.0,550.0,1,1,1,1.0,1.0,0.0,569.7109,False,Rented,50 or more apartments,"Yes, without paying a cell phone company or Internet service provider",,Yes,With children under 6 years only,Presence of own children under 6 years only,Presence of related children under 6 years only,No workers,lt_10000,1,other_female_householder,no_65_plus,13.0,2,syn_t004_h0000020
14000US06089010400,8900,1070673,39,6,1,1,4.0,2,1.0,6.0,1,1,3.0,1.0,93800.0,3,3,3,3.0,3.0,3.0,100429.1274,False,Owned with mortgage or loan (include home equity loans),One-family house detached,"Yes, by paying a cell phone company or Internet service provider",Yes,Yes,With children under 6 years and 6 to 17 years,Presence of own children under 6 years and 6 to 17 years,Presence of related children under 6 years and 6 to 17 years,3 or more workers in family,100000_124999,3,married_couple,no_65_plus,39.0,6,syn_t004_h0000021
14000US06089010400,8900,1061242,13,1,1,3,2.0,2,,5.0,2,1,1.0,4.0,49000.0,4,4,4,0.0,0.0,,52000.858,False,Owned with mortgage or loan (include home equity loans),One-family house detached,"No access to the Internet at this house, apartment, or mobile home",,No,No children,No own children present,No related children present,,50000_59999,1,nonfamily_living_alone,no_65_plus,13.0,1,syn_t004_h0000022
14000US06089010400,8900,1061242,12,2,1,1,3.0,2,1.0,6.0,1,2,3.0,1.0,41900.0,4,4,4,0.0,0.0,1.0,44466.0398,False,Owned free and clear,One-family house detached,"Yes, by paying a cell phone company or Internet service provider",Yes,Yes,No children,No own children present,No related children present,1 worker,40000_44999,3,married_couple,no_65_plus,12.0,2,syn_t004_h0000023
14000US06089010500,8900,1035838,45,2,1,1,3.0,2,1.0,5.0,1,1,2.0,1.0,85000.0,4,4,4,0.0,0.0,2.0,88046.23,False,Owned with mortgage or loan (include home equity loans),One-family house detached,"Yes, by paying a cell phone company or Internet service provider",Yes,Yes,No children,No own children present,No related children present,2 workers,75000_99999,2,married_couple,no_65_plus,45.0,2,syn_t005_h0000001
14000US06089010500,8900,1070673,36,1,1,3,2.0,2,,5.0,1,2,1.0,4.0,20000.0,4,4,4,0.0,0.0,,21413.46,False,Owned free and clear,One-family house detached,"No access to the Internet at this house, apartment, or mobile home",,Yes,No children,No own children present,No related children present,,20000_24999,1,nonfamily_living_alone,no_65_plus,36.0,1,syn_t005_h0000002
14000US06089010500,8900,1013097,17,1,1,3,3.0,2,,6.0,2,1,2.0,4.0,65040.0,4,4,4,0.0,0.0,,65891.82888,False,Owned with mortgage or loan (include home equity loans),One-family house detached,"No access to the Internet at this house, apartment, or mobile home",,No,No children,No own children present,No related children present,,60000_74999,2,nonfamily_living_alone,no_65_plus,17.0,1,syn_t005_h0000003
14000US06089010500,8900,1054346,61,2,1,3,2.0,5,,4.0,2,3,1.0,1.0,33400.0,4,4,4,0.0,0.0,0.0,35215.1564,False,Rented,3-4 Apartments,"No access to the Internet at this house, apartment, or mobile home",,No,No children,No own children present,No related children present,No workers,35000_39999,1,married_couple,no_65_plus,61.0,2,syn_t005_h0000004
14000US06089010500,8900,1013097,13,2,1,1,3.0,2,1.0,7.0,1,1,3.0,1.0,97500.0,4,4,4,0.0,0.0,1.0,98776.9575,False,Owned with mortgage or loan (include home equity loans),One-family house detached,"Yes, by paying a cell phone company or Internet service provider",Yes,Yes,No children,No own children present,No related children present,1 worker,75000_99999,3,married_couple,has_65_plus,13.0,2,syn_t005_h0000005
14000US06089010500,8900,1070673,34,2,1,3,3.0,2,,6.0,2,2,2.0,1.0,25000.0,4,4,4,0.0,0.0,0.0,26766.825,False,Owned free and clear,One-family house detached,"No access to the Internet at this house, apartment, or mobile home",,No,No children,No own children present,No related children present,No workers,25000_29999,2,married_couple,has_65_plus,34.0,2,syn_t005_h0000006
14000US06089010500,8900,1054346,36,3,1,1,3.0,5,1.0,6.0,1,3,1.0,2.0,13000.0,2,2,2,2.0,2.0,1.0,13706.498,False,Rented,3-4 Apartments,"Yes, by paying a cell phone company or Internet service provider",Yes,Yes,With children 6 to 17 years only,Presence of own children 6 to 17 years only,Presence of related children 6 to 17 years only,1 worker,10000_14999,1,other_male_householder,no_65_plus,36.0,3,syn_t005_h0000007
14000US06089010500,8900,1061242,19,3,1,1,2.0,2,1.0,7.0,2,1,2.0,3.0,34000.0,4,4,4,0.0,0.0,1.0,36082.228,False,Owned with mortgage or loan (include home equity loans),One-family house detached,"Yes, by paying a cell phone company or Internet service provider",Yes,No,No children,No own children present,No related children present,1 worker,35000_39999,2,other_female_householder,has_65_plus,19.0,3,syn_t005_h0000008
14000US06089010500,8900,1070673,20,1,1,1,4.0,2,1.0,7.0,2,2,2.0,4.0,78400.0,4,4,4,0.0,0.0,,83940.7632,False,Owned free and clear,One-family house detached,"Yes, by paying a cell phone company or Internet service provider",Yes,No,No children,No own children present,No related children present,,75000_99999,2,nonfamily_living_alone,has_65_plus,20.0,1,syn_t005_h0000009
14000US06089010500,8900,1054346,8,1,1,1,0.0,6,1.0,2.0,2,3,0.0,6.0,40200.0,4,4,4,0.0,0.0,,42384.7092,False,Rented,5-9 Apartments,"Yes, by paying a cell phone company or Internet service provider",Yes,No,No children,No own children present,No related children present,,40000_44999,0,nonfamily_not_living_alone,no_65_plus,8.0,1,syn_t005_h0000010
14000US06089010500,8900,1035838,9,1,1,1,1.0,5,2.0,2.0,1,3,1.0,4.0,48000.0,4,4,4,0.0,0.0,,49720.224,False,Rented,3-4 Apartments,"Yes, by paying a cell phone company or Internet service provider",No,Yes,No children,No own children present,No related children present,,45000_49999,1,nonfamily_living_alone,no_65_plus,9.0,1,syn_t005_h0000011
14000US06089010500,8900,1035838,12,5,1,1,2.0,7,1.0,4.0,1,3,2.0,1.0,69000.0,1,1,1,3.0,3.0,2.0,71472.822,False,Rented,10-19 Apartments,"Yes, by paying a cell phone company or Internet service provider",Yes,Yes,With children under 6 years only,Presence of own children under 6 years only,Presence of related children under 6 years only,2 workers,60000_74999,2,married_couple,no_65_plus,12.0,5,syn_t005_h0000012
14000US06089010500,8900,1054346,75,1,1,1,3.0,2,1.0,6.0,1,2,1.0,4.0,10000.0,4,4,4,0.0,0.0,,10543.46,False,Owned free and clear,One-family house detached,"Yes, by paying a cell phone company or Internet service provider",Yes,Yes,No children,No own children present,No related children present,,10000_14999,1,nonfamily_living_alone,no_65_plus,75.0,1,syn_t005_h0000013
14000US06089010500,8900,1035838,30,2,1,1,3.0,2,1.0,7.0,1,1,3.0,1.0,196000.0,4,4,4,0.0,0.0,1.0,203024.248,False,Owned with mortgage or loan (include home equity loans),One-family house detached,"Yes, by paying a cell phone company or Internet service provider",Yes,Yes,No children,No own children present,No related children present,1 worker,200000_plus,3,married_couple,no_65_plus,30.0,2,syn_t005_h0000014
14000US06089010500,8900,1035838,40,4,1,1,3.0,2,1.0,6.0,1,1,2.0,1.0,96000.0,1,1,1,2.0,2.0,1.0,99440.448,False,Owned with mortgage or loan (include home equity loans),One-family house detached,"Yes, by paying a cell phone company or Internet service provider",Yes,Yes,With children under 6 years only,Presence of own children under 6 years only,Presence of related children under 6 years only,1 worker,75000_99999,2,married_couple,no_65_plus,40.0,4,syn_t005_h0000015
14000US06089010500,8900,1054346,14,1,1,2,2.0,1,,6.0,1,2,3.0,4.0,100000.0,4,4,4,0.0,0.0,,105434.6,False,Owned free and clear,Mobile home or trailer,"Yes, without paying a cell phone company or Internet service provider",,Yes,No children,No own children present,No related children present,,100000_124999,3,nonfamily_living_alone,no_65_plus,14.0,1,syn_t005_h0000016
14000US06089010500,8900,1035838,68,1,1,1,2.0,2,1.0,5.0,2,3,1.0,4.0,15000.0,4,4,4,0.0,0.0,,15537.57,False,Rented,One-family house detached,"Yes, by paying a cell phone company or Internet service provider",Yes,No,No children,No own children present,No related children present,,15000_19999,1,nonfamily_living_alone,no_65_plus,68.0,1,syn_t005_h0000017
14000US06089010500,8900,1035838,13,4,1,1,4.0,2,1.0,10.0,1,2,3.0,1.0,126800.0,2,2,2,2.0,2.0,2.0,131344.2584,False,Owned free and clear,One-family house detached,"Yes, by paying a cell phone company or Internet service provider",Yes,Yes,With children 6 to 17 years only,Presence of own children 6 to 17 years only,Presence of related children 6 to 17 years only,2 workers,125000_149999,3,married_couple,no_65_plus,13.0,4,syn_t005_h0000018
14000US06089010500,8900,1054346,62,2,1,1,2.0,2,1.0,5.0,1,2,2.0,1.0,75000.0,4,4,4,0.0,0.0,1.0,79075.95,False,Owned free and clear,One-family house detached,"Yes, by paying a cell phone company or Internet service provider",Yes,Yes,No children,No own children present,No related children present,1 worker,75000_99999,2,married_couple,has_65_plus,62.0,2,syn_t005_h0000019
14000US06089010500,8900,1035838,61,2,1,3,3.0,2,,7.0,2,2,1.0,3.0,369000.0,4,4,4,0.0,0.0,0.0,382224.222,False,Owned free and clear,One-family house detached,"No access to the Internet at this house, apartment, or mobile home",,No,No children,No own children present,No related children present,No workers,200000_plus,1,other_female_householder,has_65_plus,61.0,2,syn_t005_h0000020
14000US06089010500,8900,1070673,6,3,1,1,4.0,2,1.0,6.0,1,1,2.0,3.0,90500.0,4,4,4,0.0,0.0,1.0,96895.9065,False,Owned with mortgage or loan (include home equity loans),One-family house detached,"Yes, by paying a cell phone company or Internet service provider",Yes,Yes,No children,No own children present,No related children present,1 worker,75000_99999,2,other_female_householder,has_65_plus,6.0,3,syn_t005_h0000021
14000US06089010500,8900,1070673,60,3,1,1,3.0,2,1.0,6.0,1,3,2.0,3.0,36300.0,4,4,4,0.0,0.0,0.0,38865.4299,False,Rented,One-family house detached,"Yes, by paying a cell phone company or Internet service provider",Yes,Yes,No children,No own children present,No related children present,No workers,35000_39999,2,other_female_householder,has_65_plus,60.0,3,syn_t005_h0000022
14000US06089010500,8900,1035838,11,1,1,1,2.0,9,1.0,7.0,2,1,1.0,4.0,34000.0,4,4,4,0.0,0.0,,35218.492,False,Owned with mortgage or loan (include home equity loans),50 or more apartments,"Yes, by paying a cell phone company or Internet service provider",Yes,No,No children,No own children present,No related children present,,35000_39999,1,nonfamily_living_alone,no_65_plus,11.0,1,syn_t005_h0000023
14000US06089010500,8900,1013097,11,1,1,1,1.0,7,1.0,3.0,2,3,0.0,6.0,10700.0,4,4,4,0.0,0.0,,10840.1379,False,Rented,10-19 Apartments,"Yes, by paying a cell phone company or Internet service provider",Yes,No,No children,No own children present,No related children present,,10000_14999,0,nonfamily_not_living_alone,no_65_plus,11.0,1,syn_t005_h0000024
14000US06089010500,8900,1054346,12,2,1,1,4.0,2,1.0,7.0,1,2,3.0,1.0,598000.0,4,4,4,0.0,0.0,2.0,630498.908,False,Owned free and clear,One-family house detached,"Yes, by paying a cell phone company or Internet service provider",Yes,Yes,No children,No own children present,No related children present,2 workers,200000_plus,3,married_couple,no_65_plus,12.0,2,syn_t005_h0000025
14000US06089010500,8900,1035838,16,2,1,1,4.0,2,1.0,11.0,1,1,2.0,1.0,104000.0,4,4,4,0.0,0.0,2.0,107727.152,False,Owned with mortgage or loan (include home equity loans),One-family house detached,"Yes, by paying a cell phone company or Internet service provider",Yes,Yes,No children,No own children present,No related children present,2 workers,100000_124999,2,married_couple,has_65_plus,16.0,2,syn_t005_h0000026
14000US06089010500,8900,1013097,36,2,1,1,2.0,5,2.0,4.0,1,3,1.0,2.0,75000.0,4,4,4,0.0,0.0,1.0,75982.275,False,Rented,3-4 Apartments,"Yes, by paying a cell phone company or Internet service provider",No,Yes,No children,No own children present,No related children present,1 worker,75000_99999,1,other_male_householder,no_65_plus,36.0,2,syn_t005_h0000027
14000US06089010500,8900,1070673,72,1,1,3,2.0,6,,3.0,1,3,1.0,4.0,22000.0,4,4,4,0.0,0.0,,23554.806,False,Rented,5-9 Apartments,"No access to the Internet at this house, apartment, or mobile home",,Yes,No children,No own children present,No related children present,,20000_24999,1,nonfamily_living_alone,no_65_plus,72.0,1,syn_t005_h0000028
14000US06089010500,8900,1070673,15,2,1,3,2.0,1,,6.0,2,2,3.0,1.0,74600.0,4,4,4,0.0,0.0,0.0,79872.2058,False,Owned free and clear,Mobile home or trailer,"No access to the Internet at this house, apartment, or mobile home",,No,No children,No own children present,No related children present,No workers,75000_99999,3,married_couple,has_65_plus,15.0,2,syn_t005_h0000029
14000US06089010500,8900,1013097,15,2,1,1,3.0,2,1.0,6.0,1,1,2.0,1.0,183100.0,4,4,4,0.0,0.0,2.0,185498.0607,False,Owned with mortgage or loan (include home equity loans),One-family house detached,"Yes, by paying a cell phone company or Internet service provider",Yes,Yes,No children,No own children present,No related children present,2 workers,150000_199999,2,married_couple,no_65_plus,15.0,2,syn_t005_h0000030
14000US06089010601,8900,1054346,42,7,1,1,3.0,2,2.0,6.0,1,1,2.0,2.0,36600.0,2,2,2,5.0,5.0,0.0,38589.0636,False,Owned with mortgage or loan (include home equity loans),One-family house detached,"Yes, by paying a cell phone company or Internet service provider",No,Yes,With children 6 to 17 years only,Presence of own children 6 to 17 years only,Presence of related children 6 to 17 years only,No workers,35000_39999,2,other_male_householder,no_65_plus,42.0,7,syn_t006_h0000001
14000US06089010601,8900,1054346,11,2,1,1,3.0,2,1.0,6.0,2,1,2.0,2.0,32920.0,4,4,4,0.0,0.0,0.0,34709.07032,False,Owned with mortgage or loan (include home equity loans),One-family house detached,"Yes, by paying a cell phone company or Internet service provider",Yes,No,No children,No own children present,No related children present,No workers,30000_34999,2,other_male_householder,has_65_plus,11.0,2,syn_t006_h0000002
14000US06089010601,8900,1061242,118,3,1,1,2.0,5,1.0,4.0,1,3,2.0,2.0,106300.0,4,4,4,0.0,0.0,3.0,112810.0246,False,Rented,3-4 Apartments,"Yes, by paying a cell phone company or Internet service provider",Yes,Yes,No children,No own children present,No related children present,3 or more workers in family,100000_124999,2,other_male_householder,no_65_plus,118.0,3,syn_t006_h0000003
14000US06089010601,8900,1054346,15,3,1,1,2.0,1,1.0,4.0,1,2,4.0,3.0,129500.0,4,4,4,0.0,0.0,2.0,136537.807,False,Owned free and clear,Mobile home or trailer,"Yes, by paying a cell phone company or Internet service provider",Yes,Yes,No children,No own children present,No related children present,2 workers,125000_149999,4_plus,other_female_householder,has_65_plus,15.0,3,syn_t006_h0000004
14000US06089010601,8900,1070673,13,2,1,1,3.0,2,1.0,7.0,2,2,1.0,3.0,130500.0,4,4,4,0.0,0.0,1.0,139722.8265,False,Owned free and clear,One-family house detached,"Yes, by paying a cell phone company or Internet service provider",Yes,No,No children,No own children present,No related children present,1 worker,125000_149999,1,other_female_householder,has_65_plus,13.0,2,syn_t006_h0000005
14000US06089010601,8900,1061242,23,1,1,1,3.0,2,1.0,5.0,2,2,1.0,4.0,40101.0,4,4,4,0.0,0.0,,42556.865442,False,Owned free and clear,One-family house detached,"Yes, by paying a cell phone company or Internet service provider",Yes,No,No children,No own children present,No related children present,,40000_44999,1,nonfamily_living_alone,has_65_plus,23.0,1,syn_t006_h0000006
14000US06089010601,8900,1070673,30,2,1,1,3.0,2,1.0,6.0,1,1,2.0,1.0,90000.0,4,4,4,0.0,0.0,1.0,96360.57,False,Owned with mortgage or loan (include home equity loans),One-family house detached,"Yes, by paying a cell phone company or Internet service provider",Yes,Yes,No children,No own children present,No related children present,1 worker,75000_99999,2,married_couple,has_65_plus,30.0,2,syn_t006_h0000007
14000US06089010601,8900,1061242,9,3,1,1,0.0,10,2.0,1.0,2,4,1.0,5.0,9100.0,3,4,4,0.0,0.0,,9657.3022,False,Occupied without payment of rent,"Boat, RV, van, etc.","Yes, by paying a cell phone company or Internet service provider",No,No,With children under 6 years and 6 to 17 years,No own children present,No related children present,,lt_10000,1,nonfamily_living_alone,no_65_plus,9.0,3,syn_t006_h0000008
14000US06089010601,8900,1013097,5,2,1,1,4.0,2,1.0,9.0,1,2,2.0,1.0,49100.0,4,4,4,0.0,0.0,0.0,49743.0627,False,Owned free and clear,One-family house detached,"Yes, by paying a cell phone company or Internet service provider",Yes,Yes,No children,No own children present,No related children present,No workers,45000_49999,2,married_couple,has_65_plus,5.0,2,syn_t006_h0000009
14000US06089010601,8900,1035838,13,2,1,1,2.0,2,2.0,6.0,2,2,2.0,1.0,77600.0,4,4,4,0.0,0.0,0.0,80381.0288,False,Owned free and clear,One-family house detached,"Yes, by paying a cell phone company or Internet service provider",No,No,No children,No own children present,No related children present,No workers,75000_99999,2,married_couple,has_65_plus,13.0,2,syn_t006_h0000010
14000US06089010601,8900,1054346,12,1,1,1,3.0,2,1.0,5.0,1,1,1.0,4.0,61500.0,4,4,4,0.0,0.0,,64842.279,False,Owned with mortgage or loan (include home equity loans),One-family house detached,"Yes, by paying a cell phone company or Internet service provider",Yes,Yes,No children,No own children present,No related children present,,60000_74999,1,nonfamily_living_alone,no_65_plus,12.0,1,syn_t006_h0000011
14000US06089010601,8900,1035838,20,3,1,1,3.0,2,1.0,5.0,1,1,2.0,1.0,120000.0,1,1,1,1.0,1.0,2.0,124300.56,False,Owned with mortgage or loan (include home equity loans),One-family house detached,"Yes, by paying a cell phone company or Internet service provider",Yes,Yes,With children under 6 years only,Presence of own children under 6 years only,Presence of related children under 6 years only,2 workers,100000_124999,2,married_couple,no_65_plus,20.0,3,syn_t006_h0000012
14000US06089010601,8900,1035838,21,4,1,1,4.0,2,1.0,8.0,1,1,2.0,1.0,229000.0,2,2,2,2.0,2.0,2.0,237206.902,False,Owned with mortgage or loan (include home equity loans),One-family house detached,"Yes, by paying a cell phone company or Internet service provider",Yes,Yes,With children 6 to 17 years only,Presence of own children 6 to 17 years only,Presence of related children 6 to 17 years only,2 workers,200000_plus,2,married_couple,no_65_plus,21.0,4,syn_t006_h0000013
14000US06089010601,8900,1054346,12,5,1,1,4.0,2,2.0,7.0,1,1,3.0,1.0,200000.0,1,1,1,2.0,2.0,3.0,210869.2,False,Owned with mortgage or loan (include home equity loans),One-family house detached,"Yes, by paying a cell phone company or Internet service provider",No,Yes,With children under 6 years only,Presence of own children under 6 years only,Presence of related children under 6 years only,3 or more workers in family,200000_plus,3,married_couple,no_65_plus,12.0,5,syn_t006_h0000014
14000US06089010602,8900,1054346,20,3,1,1,2.0,6,1.0,4.0,1,3,1.0,3.0,11200.0,1,1,1,1.0,1.0,1.0,11808.6752,False,Rented,5-9 Apartments,"Yes, by paying a cell phone company or Internet service provider",Yes,Yes,With children under 6 years only,Presence of own children under 6 years only,Presence of related children under 6 years only,1 worker,10000_14999,1,other_female_householder,no_65_plus,20.0,3,syn_t007_h0000001
14000US06089010602,8900,1061242,23,1,1,1,3.0,2,1.0,10.0,1,2,2.0,4.0,42000.0,4,4,4,0.0,0.0,,44572.164,False,Owned free and clear,One-family house detached,"Yes, by paying a cell phone company or Internet service provider",Yes,Yes,No children,No own children present,No related children present,,40000_44999,2,nonfamily_living_alone,has_65_plus,23.0,1,syn_t007_h0000002
14000US06089010602,8900,1013097,16,1,1,1,2.0,6,1.0,4.0,2,3,1.0,4.0,23400.0,4,4,4,0.0,0.0,,23706.4698,False,Rented,5-9 Apartments,"Yes, by paying a cell phone company or Internet service provider",Yes,No,No children,No own children present,No related children present,,20000_24999,1,nonfamily_living_alone,has_65_plus,16.0,1,syn_t007_h0000003
14000US06089010602,8900,1054346,16,3,1,1,3.0,2,1.0,5.0,1,1,4.0,1.0,78900.0,4,4,4,0.0,0.0,2.0,83187.8994,False,Owned with mortgage or loan (include home equity loans),One-family house detached,"Yes, by paying a cell phone company or Internet service provider",Yes,Yes,No children,No own children present,No related children present,2 workers,75000_99999,4_plus,married_couple,no_65_plus,16.0,3,syn_t007_h0000004
14000US06089010602,8900,1061242,18,3,1,1,2.0,3,1.0,4.0,1,3,2.0,5.0,10500.0,4,4,4,0.0,0.0,,11143.041,False,Rented,One-family house attached,"Yes, by paying a cell phone company or Internet service provider",Yes,Yes,No children,No own children present,No related children present,,10000_14999,2,nonfamily_living_alone,no_65_plus,18.0,3,syn_t007_h0000005
14000US06089010602,8900,1054346,10,1,1,1,2.0,5,2.0,3.0,1,3,1.0,4.0,160000.0,4,4,4,0.0,0.0,,168695.36,False,Rented,3-4 Apartments,"Yes, by paying a cell phone company or Internet service provider",No,Yes,No children,No own children present,No related children present,,150000_199999,1,nonfamily_living_alone,no_65_plus,10.0,1,syn_t007_h0000006
14000US06089010602,8900,1061242,17,2,1,1,3.0,2,1.0,6.0,1,1,3.0,5.0,115000.0,4,4,4,0.0,0.0,,122042.83,False,Owned with mortgage or loan (include home equity loans),One-family house detached,"Yes, by paying a cell phone company or Internet service provider",Yes,Yes,No children,No own children present,No related children present,,100000_124999,3,nonfamily_living_alone,no_65_plus,17.0,2,syn_t007_h0000007
14000US06089010602,8900,1061242,5,1,1,3,1.0,1,,4.0,2,2,2.0,4.0,10800.0,4,4,4,0.0,0.0,,11461.4136,False,Owned free and clear,Mobile home or trailer,"No access to the Internet at this house, apartment, or mobile home",,No,No children,No own children present,No related children present,,10000_14999,2,nonfamily_living_alone,has_65_plus,5.0,1,syn_t007_h0000008
14000US06089010602,8900,1061242,18,2,1,3,3.0,2,,8.0,2,3,2.0,5.0,26000.0,4,4,4,0.0,0.0,,27592.292,False,Rented,One-family house detached,"No access to the Internet at this house, apartment, or mobile home",,No,No children,No own children present,No related children present,,25000_29999,2,nonfamily_living_alone,has_65_plus,18.0,2,syn_t007_h0000009
14000US06089010602,8900,1070673,22,2,1,3,3.0,2,,7.0,1,2,4.0,1.0,191300.0,4,4,4,0.0,0.0,2.0,204819.7449,False,Owned free and clear,One-family house detached,"No access to the Internet at this house, apartment, or mobile home",,Yes,No children,No own children present,No related children present,2 workers,200000_plus,4_plus,married_couple,no_65_plus,22.0,2,syn_t007_h0000010
14000US06089010602,8900,1035838,22,2,1,1,3.0,1,2.0,6.0,1,1,1.0,3.0,16500.0,1,1,1,1.0,1.0,1.0,17091.327,False,Owned with mortgage or loan (include home equity loans),Mobile home or trailer,"Yes, by paying a cell phone company or Internet service provider",No,Yes,With children under 6 years only,Presence of own children under 6 years only,Presence of related children under 6 years only,1 worker,15000_19999,1,other_female_householder,no_65_plus,22.0,2,syn_t007_h0000011
14000US06089010602,8900,1013097,16,2,1,1,4.0,2,1.0,7.0,1,1,3.0,1.0,73500.0,4,4,4,0.0,0.0,0.0,74462.6295,False,Owned with mortgage or loan (include home equity loans),One-family house detached,"Yes, by paying a cell phone company or Internet service provider",Yes,Yes,No children,No own children present,No related children present,No workers,60000_74999,3,married_couple,has_65_plus,16.0,2,syn_t007_h0000012
14000US06089010602,8900,1054346,33,2,1,1,3.0,2,2.0,7.0,2,2,2.0,1.0,61100.0,4,4,4,0.0,0.0,0.0,64420.5406,False,Owned free and clear,One-family house detached,"Yes, by paying a cell phone company or Internet service provider",No,No,No children,No own children present,No related children present,No workers,60000_74999,2,married_couple,has_65_plus,33.0,2,syn_t007_h0000013
14000US06089010602,8900,1013097,15,2,1,1,3.0,2,1.0,7.0,1,1,3.0,1.0,265600.0,4,4,4,0.0,0.0,2.0,269078.5632,False,Owned with mortgage or loan (include home equity loans),One-family house detached,"Yes, by paying a cell phone company or Internet service provider",Yes,Yes,No children,No own children present,No related children present,2 workers,200000_plus,3,married_couple,no_65_plus,15.0,2,syn_t007_h0000014
14000US06089010602,8900,1035838,102,1,1,2,3.0,2,,5.0,1,2,0.0,4.0,10000.0,4,4,4,0.0,0.0,,10358.38,False,Owned free and clear,One-family house detached,"Yes, without paying a cell phone company or Internet service provider",,Yes,No children,No own children present,No related children present,,10000_14999,0,nonfamily_living_alone,no_65_plus,102.0,1,syn_t007_h0000015
14000US06089010602,8900,1061242,16,3,1,1,3.0,2,1.0,6.0,1,1,3.0,3.0,485800.0,4,4,4,0.0,0.0,3.0,515551.3636,False,Owned with mortgage or loan (include home equity loans),One-family house detached,"Yes, by paying a cell phone company or Internet service provider",Yes,Yes,No children,No own children present,No related children present,3 or more workers in family,200000_plus,3,other_female_householder,no_65_plus,16.0,3,syn_t007_h0000016
14000US06089010602,8900,1061242,64,2,1,2,2.0,1,,4.0,1,1,1.0,1.0,155000.0,4,4,4,0.0,0.0,2.0,164492.51,False,Owned with mortgage or loan (include home equity loans),Mobile home or trailer,"Yes, without paying a cell phone company or Internet service provider",,Yes,No children,No own children present,No related children present,2 workers,150000_199999,1,married_couple,no_65_plus,64.0,2,syn_t007_h0000017
14000US06089010602,8900,1035838,74,3,1,3,2.0,1,,4.0,1,3,1.0,3.0,15000.0,2,2,2,2.0,2.0,1.0,15537.57,False,Rented,Mobile home or trailer,"No access to the Internet at this house, apartment, or mobile home",,Yes,With children 6 to 17 years only,Presence of own children 6 to 17 years only,Presence of related children 6 to 17 years only,1 worker,15000_19999,1,other_female_householder,no_65_plus,74.0,3,syn_t007_h0000018
14000US06089010602,8900,1054346,8,4,1,1,4.0,2,1.0,8.0,1,1,2.0,1.0,505500.0,2,2,2,2.0,2.0,2.0,532971.903,False,Owned with mortgage or loan (include home equity loans),One-family house detached,"Yes, by paying a cell phone company or Internet service provider",Yes,Yes,With children 6 to 17 years only,Presence of own children 6 to 17 years only,Presence of related children 6 to 17 years only,2 workers,200000_plus,2,married_couple,no_65_plus,8.0,4,syn_t007_h0000019
14000US06089010602,8900,1035838,87,3,1,1,2.0,6,1.0,4.0,1,3,1.0,3.0,38400.0,1,1,1,1.0,1.0,1.0,39776.1792,False,Rented,5-9 Apartments,"Yes, by paying a cell phone company or Internet service provider",Yes,Yes,With children under 6 years only,Presence of own children under 6 years only,Presence of related children under 6 years only,1 worker,35000_39999,1,other_female_householder,no_65_plus,87.0,3,syn_t007_h0000020
14000US06089010602,8900,1035838,10,3,1,1,4.0,1,1.0,8.0,1,2,2.0,1.0,133500.0,4,4,4,0.0,0.0,1.0,138284.373,False,Owned free and clear,Mobile home or trailer,"Yes, by paying a cell phone company or Internet service provider",Yes,Yes,No children,No own children present,No related children present,1 worker,125000_149999,2,married_couple,has_65_plus,10.0,3,syn_t007_h0000021
14000US06089010602,8900,1054346,14,3,1,1,4.0,2,1.0,6.0,1,1,2.0,3.0,85000.0,2,2,2,1.0,1.0,1.0,89619.41,False,Owned with mortgage or loan (include home equity loans),One-family house detached,"Yes, by paying a cell phone company or Internet service provider",Yes,Yes,With children 6 to 17 years only,Presence of own children 6 to 17 years only,Presence of related children 6 to 17 years only,1 worker,75000_99999,2,other_female_householder,no_65_plus,14.0,3,syn_t007_h0000022
14000US06089010602,8900,1054346,24,2,1,3,1.0,2,,4.0,1,2,2.0,1.0,17000.0,4,4,4,0.0,0.0,0.0,17923.882,False,Owned free and clear,One-family house detached,"No access to the Internet at this house, apartment, or mobile home",,Yes,No children,No own children present,No related children present,No workers,15000_19999,2,married_couple,no_65_plus,24.0,2,syn_t007_h0000023
14000US06089010602,8900,1054346,35,2,1,1,4.0,2,1.0,6.0,1,2,2.0,1.0,47200.0,4,4,4,0.0,0.0,1.0,49765.1312,False,Owned free and clear,One-family house detached,"Yes, by paying a cell phone company or Internet service provider",Yes,Yes,No children,No own children present,No related children present,1 worker,45000_49999,2,married_couple,no_65_plus,35.0,2,syn_t007_h0000024
14000US06089010602,8900,1054346,11,4,1,1,3.0,2,1.0,6.0,2,1,3.0,1.0,61354.0,4,4,4,0.0,0.0,3.0,64688.344484,False,Owned with mortgage or loan (include home equity loans),One-family house detached,"Yes, by paying a cell phone company or Internet service provider",Yes,No,No children,No own children present,No related children present,3 or more workers in family,60000_74999,3,married_couple,no_65_plus,11.0,4,syn_t007_h0000025
14000US06089010602,8900,1013097,10,5,1,1,3.0,2,1.0,6.0,1,1,6.0,1.0,157600.0,4,4,4,0.0,0.0,3.0,159664.0872,False,Owned with mortgage or loan (include home equity loans),One-family house detached,"Yes, by paying a cell phone company or Internet service provider",Yes,Yes,No children,No own children present,No related children present,3 or more workers in family,150000_199999,4_plus,married_couple,no_65_plus,10.0,5,syn_t007_h0000026
14000US06089010602,8900,1054346,90,2,1,1,3.0,2,1.0,6.0,1,1,2.0,5.0,81000.0,4,4,4,0.0,0.0,,85402.026,False,Owned with mortgage or loan (include home equity loans),One-family house detached,"Yes, by paying a cell phone company or Internet service provider",Yes,Yes,No children,No own children present,No related children present,,75000_99999,2,nonfamily_living_alone,no_65_plus,90.0,2,syn_t007_h0000027
14000US06089010602,8900,1070673,28,1,1,3,1.0,6,,3.0,2,3,1.0,4.0,12000.0,4,4,4,0.0,0.0,,12848.076,False,Rented,5-9 Apartments,"No access to the Internet at this house, apartment, or mobile home",,No,No children,No own children present,No related children present,,10000_14999,1,nonfamily_living_alone,no_65_plus,28.0,1,syn_t007_h0000028
14000US06089010602,8900,1070673,33,4,1,1,2.0,2,1.0,5.0,2,3,1.0,1.0,283000.0,1,1,1,2.0,2.0,2.0,303000.459,False,Rented,One-family house detached,"Yes, by paying a cell phone company or Internet service provider",Yes,No,With children under 6 years only,Presence of own children under 6 years only,Presence of related children under 6 years only,2 workers,200000_plus,1,married_couple,no_65_plus,33.0,4,syn_t007_h0000029
14000US06089010602,8900,1013097,19,2,1,1,3.0,2,1.0,6.0,1,1,3.0,1.0,283000.0,4,4,4,0.0,0.0,2.0,286706.451,False,Owned with mortgage or loan (include home equity loans),One-family house detached,"Yes, by paying a cell phone company or Internet service provider",Yes,Yes,No children,No own children present,No related children present,2 workers,200000_plus,3,married_couple,no_65_plus,19.0,2,syn_t007_h0000030
14000US06089010602,8900,1070673,20,3,1,1,3.0,2,1.0,7.0,1,2,4.0,1.0,172300.0,2,2,2,1.0,1.0,2.0,184476.9579,False,Owned free and clear,One-family house detached,"Yes, by paying a cell phone company or Internet service provider",Yes,Yes,With children 6 to 17 years only,Presence of own children 6 to 17 years only,Presence of related children 6 to 17 years only,2 workers,150000_199999,4_plus,married_couple,no_65_plus,20.0,3,syn_t007_h0000031
14000US06089010602,8900,1035838,17,1,1,3,3.0,2,,5.0,2,1,1.0,4.0,87800.0,4,4,4,0.0,0.0,,90946.5764,False,Owned with mortgage or loan (include home equity loans),One-family house detached,"No access to the Internet at this house, apartment, or mobile home",,No,No children,No own children present,No related children present,,75000_99999,1,nonfamily_living_alone,has_65_plus,17.0,1,syn_t007_h0000032
14000US06089010602,8900,1035838,60,1,1,3,1.0,5,,3.0,2,3,0.0,6.0,18000.0,4,4,4,0.0,0.0,,18645.084,False,Rented,3-4 Apartments,"No access to the Internet at this house, apartment, or mobile home",,No,No children,No own children present,No related children present,,15000_19999,0,nonfamily_not_living_alone,has_65_plus,60.0,1,syn_t007_h0000033
14000US06089010602,8900,1035838,9,5,1,1,3.0,2,1.0,5.0,1,3,1.0,3.0,73310.0,4,4,4,0.0,0.0,3.0,75937.28378,False,Rented,One-family house detached,"Yes, by paying a cell phone company or Internet service provider",Yes,Yes,No children,No own children present,No related children present,3 or more workers in family,75000_99999,1,other_female_householder,has_65_plus,9.0,5,syn_t007_h0000034
14000US06089010603,8900,1054346,15,7,1,1,4.0,2,1.0,7.0,1,3,4.0,3.0,65000.0,2,2,2,4.0,4.0,1.0,68532.49,False,Rented,One-family house detached,"Yes, by paying a cell phone company or Internet service provider",Yes,Yes,With children 6 to 17 years only,Presence of own children 6 to 17 years only,Presence of related children 6 to 17 years only,1 worker,60000_74999,4_plus,other_female_householder,no_65_plus,15.0,7,syn_t008_h0000001
14000US06089010603,8900,1061242,14,1,1,1,3.0,2,1.0,8.0,1,2,2.0,6.0,49100.0,4,4,4,0.0,0.0,,52106.9822,False,Owned free and clear,One-family house detached,"Yes, by paying a cell phone company or Internet service provider",Yes,Yes,No children,No own children present,No related children present,,50000_59999,2,nonfamily_not_living_alone,has_65_plus,14.0,1,syn_t008_h0000002
14000US06089010603,8900,1013097,17,3,1,1,4.0,2,1.0,14.0,1,3,3.0,1.0,34000.0,2,2,2,1.0,1.0,2.0,34445.298,False,Rented,One-family house detached,"Yes, by paying a cell phone company or Internet service provider",Yes,Yes,With children 6 to 17 years only,Presence of own children 6 to 17 years only,Presence of related children 6 to 17 years only,2 workers,30000_34999,3,married_couple,no_65_plus,17.0,3,syn_t008_h0000003
14000US06089010603,8900,1035838,24,3,1,1,4.0,2,1.0,8.0,1,1,3.0,1.0,123000.0,2,2,2,1.0,1.0,2.0,127408.074,False,Owned with mortgage or loan (include home equity loans),One-family house detached,"Yes, by paying a cell phone company or Internet service provider",Yes,Yes,With children 6 to 17 years only,Presence of own children 6 to 17 years only,Presence of related children 6 to 17 years only,2 workers,125000_149999,3,married_couple,no_65_plus,24.0,3,syn_t008_h0000004
14000US06089010603,8900,1013097,23,2,1,1,3.0,2,1.0,5.0,1,1,3.0,1.0,96000.0,4,4,4,0.0,0.0,2.0,97257.312,False,Owned with mortgage or loan (include home equity loans),One-family house detached,"Yes, by paying a cell phone company or Internet service provider",Yes,Yes,No children,No own children present,No related children present,2 workers,75000_99999,3,married_couple,no_65_plus,23.0,2,syn_t008_h0000005
14000US06089010603,8900,1035838,37,3,1,1,3.0,1,1.0,6.0,1,2,2.0,1.0,57000.0,4,4,4,0.0,0.0,2.0,59042.766,False,Owned free and clear,Mobile home or trailer,"Yes, by paying a cell phone company or Internet service provider",Yes,Yes,No children,No own children present,No related children present,2 workers,50000_59999,2,married_couple,has_65_plus,37.0,3,syn_t008_h0000006
14000US06089010603,8900,1035838,6,2,1,1,3.0,2,1.0,7.0,1,1,3.0,1.0,87020.0,4,4,4,0.0,0.0,0.0,90138.62276,False,Owned with mortgage or loan (include home equity loans),One-family house detached,"Yes, by paying a cell phone company or Internet service provider",Yes,Yes,No children,No own children present,No related children present,No workers,75000_99999,3,married_couple,has_65_plus,6.0,2,syn_t008_h0000007
14000US06089010603,8900,1070673,14,2,1,1,4.0,2,1.0,7.0,1,1,3.0,1.0,213430.0,4,4,4,0.0,0.0,1.0,228513.73839,False,Owned with mortgage or loan (include home equity loans),One-family house detached,"Yes, by paying a cell phone company or Internet service provider",Yes,Yes,No children,No own children present,No related children present,1 worker,200000_plus,3,married_couple,no_65_plus,14.0,2,syn_t008_h0000008
14000US06089010702,8900,1070673,12,2,1,1,3.0,2,1.0,7.0,1,1,2.0,1.0,38400.0,4,4,4,0.0,0.0,2.0,41113.8432,False,Owned with mortgage or loan (include home equity loans),One-family house detached,"Yes, by paying a cell phone company or Internet service provider",Yes,Yes,No children,No own children present,No related children present,2 workers,40000_44999,2,married_couple,no_65_plus,12.0,2,syn_t009_h0000001
14000US06089010702,8900,1013097,21,2,1,1,3.0,2,1.0,6.0,1,1,4.0,1.0,131400.0,4,4,4,0.0,0.0,1.0,133120.9458,False,Owned with mortgage or loan (include home equity loans),One-family house detached,"Yes, by paying a cell phone company or Internet service provider",Yes,Yes,No children,No own children present,No related children present,1 worker,125000_149999,4_plus,married_couple,has_65_plus,21.0,2,syn_t009_h0000002
14000US06089010702,8900,1054346,8,3,1,1,3.0,2,1.0,6.0,1,1,3.0,2.0,95510.0,4,4,4,0.0,0.0,0.0,100700.58646,False,Owned with mortgage or loan (include home equity loans),One-family house detached,"Yes, by paying a cell phone company or Internet service provider",Yes,Yes,No children,No own children present,No related children present,No workers,100000_124999,3,other_male_householder,has_65_plus,8.0,3,syn_t009_h0000003
14000US06089010702,8900,1035838,15,1,1,1,3.0,1,2.0,8.0,1,1,1.0,4.0,14000.0,4,4,4,0.0,0.0,,14501.732,False,Owned with mortgage or loan (include home equity loans),Mobile home or trailer,"Yes, by paying a cell phone company or Internet service provider",No,Yes,No children,No own children present,No related children present,,10000_14999,1,nonfamily_living_alone,no_65_plus,15.0,1,syn_t009_h0000004
14000US06089010702,8900,1035838,19,1,1,1,5.0,2,2.0,9.0,2,1,1.0,6.0,9600.0,4,4,4,0.0,0.0,,9944.0448,False,Owned with mortgage or loan (include home equity loans),One-family house detached,"Yes, by paying a cell phone company or Internet service provider",No,No,No children,No own children present,No related children present,,lt_10000,1,nonfamily_not_living_alone,has_65_plus,19.0,1,syn_t009_h0000005
14000US06089010702,8900,1061242,64,2,1,2,2.0,1,,4.0,1,1,1.0,1.0,155000.0,4,4,4,0.0,0.0,2.0,164492.51,False,Owned with mortgage or loan (include home equity loans),Mobile home or trailer,"Yes, without paying a cell phone company or Internet service provider",,Yes,No children,No own children present,No related children present,2 workers,150000_199999,1,married_couple,no_65_plus,64.0,2,syn_t009_h0000006
14000US06089010702,8900,1035838,14,2,1,1,2.0,2,1.0,4.0,1,3,3.0,5.0,70000.0,4,4,4,0.0,0.0,,72508.66,False,Rented,One-family house detached,"Yes, by paying a cell phone company or Internet service provider",Yes,Yes,No children,No own children present,No related children present,,60000_74999,3,nonfamily_living_alone,no_65_plus,14.0,2,syn_t009_h0000007
14000US06089010702,8900,1013097,13,3,1,1,3.0,2,1.0,5.0,1,3,2.0,1.0,178000.0,1,1,1,1.0,1.0,2.0,180331.266,False,Rented,One-family house detached,"Yes, by paying a cell phone company or Internet service provider",Yes,Yes,With children under 6 years only,Presence of own children under 6 years only,Presence of related children under 6 years only,2 workers,150000_199999,2,married_couple,no_65_plus,13.0,3,syn_t009_h0000008
14000US06089010702,8900,1070673,20,1,1,1,3.0,2,1.0,6.0,2,2,2.0,6.0,8400.0,4,4,4,0.0,0.0,,8993.6532,False,Owned free and clear,One-family house detached,"Yes, by paying a cell phone company or Internet service provider",Yes,No,No children,No own children present,No related children present,,lt_10000,2,nonfamily_not_living_alone,has_65_plus,20.0,1,syn_t009_h0000009
14000US06089010702,8900,1061242,26,2,1,1,2.0,6,1.0,4.0,1,3,2.0,3.0,31000.0,2,2,2,1.0,1.0,1.0,32898.502,False,Rented,5-9 Apartments,"Yes, by paying a cell phone company or Internet service provider",Yes,Yes,With children 6 to 17 years only,Presence of own children 6 to 17 years only,Presence of related children 6 to 17 years only,1 worker,30000_34999,2,other_female_householder,no_65_plus,26.0,2,syn_t009_h0000010
14000US06089010702,8900,1035838,102,1,1,2,3.0,2,,5.0,1,2,0.0,4.0,10000.0,4,4,4,0.0,0.0,,10358.38,False,Owned free and clear,One-family house detached,"Yes, without paying a cell phone company or Internet service provider",,Yes,No children,No own children present,No related children present,,10000_14999,0,nonfamily_living_alone,no_65_plus,102.0,1,syn_t009_h0000011
14000US06089010702,8900,1070673,38,1,1,3,2.0,2,,5.0,2,3,0.0,4.0,10400.0,4,4,4,0.0,0.0,,11134.9992,False,Rented,One-family house detached,"No access to the Internet at this house, apartment, or mobile home",,No,No children,No own children present,No related children present,,10000_14999,0,nonfamily_living_alone,no_65_plus,38.0,1,syn_t009_h0000012
14000US06089010702,8900,1061242,15,2,1,1,2.0,2,1.0,3.0,1,2,2.0,1.0,220000.0,4,4,4,0.0,0.0,2.0,233473.24,False,Owned free and clear,One-family house detached,"Yes, by paying a cell phone company or Internet service provider",Yes,Yes,No children,No own children present,No related children present,2 workers,200000_plus,2,married_couple,no_65_plus,15.0,2,syn_t009_h0000013
14000US06089010702,8900,1013097,19,2,1,1,3.0,4,1.0,8.0,1,3,2.0,1.0,160000.0,4,4,4,0.0,0.0,2.0,162095.52,False,Rented,2 Apartments,"Yes, by paying a cell phone company or Internet service provider",Yes,Yes,No children,No own children present,No related children present,2 workers,150000_199999,2,married_couple,no_65_plus,19.0,2,syn_t009_h0000014
14000US06089010702,8900,1054346,7,1,1,1,2.0,4,1.0,4.0,1,3,1.0,4.0,68000.0,4,4,4,0.0,0.0,,71695.528,False,Rented,2 Apartments,"Yes, by paying a cell phone company or Internet service provider",Yes,Yes,No children,No own children present,No related children present,,60000_74999,1,nonfamily_living_alone,no_65_plus,7.0,1,syn_t009_h0000015
14000US06089010702,8900,1035838,16,2,1,1,2.0,2,1.0,5.0,1,2,3.0,1.0,65200.0,4,4,4,0.0,0.0,0.0,67536.6376,False,Owned free and clear,One-family house detached,"Yes, by paying a cell phone company or Internet service provider",Yes,Yes,No children,No own children present,No related children present,No workers,60000_74999,3,married_couple,has_65_plus,16.0,2,syn_t009_h0000016
14000US06089010702,8900,1054346,38,1,1,1,3.0,1,1.0,6.0,2,2,4.0,4.0,18400.0,4,4,4,0.0,0.0,,19399.9664,False,Owned free and clear,Mobile home or trailer,"Yes, by paying a cell phone company or Internet service provider",Yes,No,No children,No own children present,No related children present,,15000_19999,4_plus,nonfamily_living_alone,no_65_plus,38.0,1,syn_t009_h0000017
14000US06089010702,8900,1070673,35,2,1,1,2.0,6,1.0,7.0,1,3,1.0,3.0,22000.0,4,4,4,0.0,0.0,1.0,23554.806,False,Rented,5-9 Apartments,"Yes, by paying a cell phone company or Internet service provider",Yes,Yes,No children,No own children present,No related children present,1 worker,20000_24999,1,other_female_householder,no_65_plus,35.0,2,syn_t009_h0000018
14000US06089010702,8900,1013097,28,2,1,1,3.0,1,1.0,5.0,1,1,5.0,1.0,94570.0,4,4,4,0.0,0.0,2.0,95808.58329,False,Owned with mortgage or loan (include home equity loans),Mobile home or trailer,"Yes, by paying a cell phone company or Internet service provider",Yes,Yes,No children,No own children present,No related children present,2 workers,75000_99999,4_plus,married_couple,no_65_plus,28.0,2,syn_t009_h0000019
14000US06089010702,8900,1054346,11,1,1,3,2.0,1,,3.0,2,3,0.0,4.0,960.0,4,4,4,0.0,0.0,,1012.17216,False,Rented,Mobile home or trailer,"No access to the Internet at this house, apartment, or mobile home",,No,No children,No own children present,No related children present,,lt_10000,0,nonfamily_living_alone,no_65_plus,11.0,1,syn_t009_h0000020
14000US06089010702,8900,1061242,24,2,1,1,3.0,2,1.0,5.0,1,1,2.0,1.0,152500.0,4,4,4,0.0,0.0,1.0,161839.405,False,Owned with mortgage or loan (include home equity loans),One-family house detached,"Yes, by paying a cell phone company or Internet service provider",Yes,Yes,No children,No own children present,No related children present,1 worker,150000_199999,2,married_couple,no_65_plus,24.0,2,syn_t009_h0000021
14000US06089010702,8900,1013097,13,5,1,1,4.0,2,1.0,8.0,1,1,4.0,1.0,185000.0,2,2,2,3.0,3.0,2.0,187422.945,False,Owned with mortgage or loan (include home equity loans),One-family house detached,"Yes, by paying a cell phone company or Internet service provider",Yes,Yes,With children 6 to 17 years only,Presence of own children 6 to 17 years only,Presence of related children 6 to 17 years only,2 workers,150000_199999,4_plus,married_couple,no_65_plus,13.0,5,syn_t009_h0000022
14000US06089010703,8900,1061242,56,2,1,1,3.0,2,1.0,6.0,1,1,1.0,2.0,120000.0,2,2,2,1.0,1.0,1.0,127349.04,False,Owned with mortgage or loan (include home equity loans),One-family house detached,"Yes, by paying a cell phone company or Internet service provider",Yes,Yes,With children 6 to 17 years only,Presence of own children 6 to 17 years only,Presence of related children 6 to 17 years only,1 worker,125000_149999,1,other_male_householder,no_65_plus,56.0,2,syn_t010_h0000001
14000US06089010703,8900,1061242,23,1,1,1,3.0,2,1.0,5.0,2,2,1.0,4.0,40101.0,4,4,4,0.0,0.0,,42556.865442,False,Owned free and clear,One-family house detached,"Yes, by paying a cell phone company or Internet service provider",Yes,No,No children,No own children present,No related children present,,40000_44999,1,nonfamily_living_alone,has_65_plus,23.0,1,syn_t010_h0000002
14000US06089010703,8900,1070673,5,1,1,3,2.0,2,,5.0,2,1,1.0,4.0,35000.0,4,4,4,0.0,0.0,,37473.555,False,Owned with mortgage or loan (include home equity loans),One-family house detached,"No access to the Internet at this house, apartment, or mobile home",,No,No children,No own children present,No related children present,,35000_39999,1,nonfamily_living_alone,no_65_plus,5.0,1,syn_t010_h0000003
14000US06089010703,8900,1054346,70,1,1,1,3.0,2,1.0,6.0,1,3,1.0,4.0,10000.0,4,4,4,0.0,0.0,,10543.46,False,Rented,One-family house detached,"Yes, by paying a cell phone company or Internet service provider",Yes,Yes,No children,No own children present,No related children present,,10000_14999,1,nonfamily_living_alone,no_65_plus,70.0,1,syn_t010_h0000004
14000US06089010703,8900,1070673,12,4,1,1,3.0,2,1.0,9.0,1,1,2.0,1.0,95000.0,3,3,3,2.0,2.0,2.0,101713.935,False,Owned with mortgage or loan (include home equity loans),One-family house detached,"Yes, by paying a cell phone company or Internet service provider",Yes,Yes,With children under 6 years and 6 to 17 years,Presence of own children under 6 years and 6 to 17 years,Presence of related children under 6 years and 6 to 17 years,2 workers,100000_124999,2,married_couple,no_65_plus,12.0,4,syn_t010_h0000005
14000US06089010703,8900,1054346,21,2,1,1,0.0,2,1.0,2.0,1,2,0.0,5.0,10000.0,4,4,4,0.0,0.0,,10543.46,False,Owned free and clear,One-family house detached,"Yes, by paying a cell phone company or Internet service provider",Yes,Yes,No children,No own children present,No related children present,,10000_14999,0,nonfamily_living_alone,no_65_plus,21.0,2,syn_t010_h0000006
14000US06089010703,8900,1061242,20,2,1,1,3.0,2,1.0,5.0,1,3,3.0,1.0,36600.0,4,4,4,0.0,0.0,2.0,38841.4572,False,Rented,One-family house detached,"Yes, by paying a cell phone company or Internet service provider",Yes,Yes,No children,No own children present,No related children present,2 workers,35000_39999,3,married_couple,no_65_plus,20.0,2,syn_t010_h0000007
14000US06089010703,8900,1061242,38,1,1,1,1.0,2,1.0,3.0,1,4,0.0,4.0,50000.0,4,4,4,0.0,0.0,,53062.1,False,Occupied without payment of rent,One-family house detached,"Yes, by paying a cell phone company or Internet service provider",Yes,Yes,No children,No own children present,No related children present,,50000_59999,0,nonfamily_living_alone,has_65_plus,38.0,1,syn_t010_h0000008
14000US06089010703,8900,1013097,47,1,1,3,0.0,1,,1.0,2,3,1.0,4.0,15600.0,4,4,4,0.0,0.0,,15804.3132,False,Rented,Mobile home or trailer,"No access to the Internet at this house, apartment, or mobile home",,No,No children,No own children present,No related children present,,15000_19999,1,nonfamily_living_alone,has_65_plus,47.0,1,syn_t010_h0000009
14000US06089010703,8900,1054346,2,3,1,2,1.0,2,,3.0,2,2,1.0,2.0,61290.0,4,4,4,0.0,0.0,1.0,64620.86634,False,Owned free and clear,One-family house detached,"Yes, without paying a cell phone company or Internet service provider",,No,No children,No own children present,No related children present,1 worker,60000_74999,1,other_male_householder,has_65_plus,2.0,3,syn_t010_h0000010
14000US06089010703,8900,1061242,27,2,1,2,3.0,2,,5.0,1,1,1.0,5.0,44800.0,4,4,4,0.0,0.0,,47543.6416,False,Owned with mortgage or loan (include home equity loans),One-family house detached,"Yes, without paying a cell phone company or Internet service provider",,Yes,No children,No own children present,No related children present,,45000_49999,1,nonfamily_living_alone,has_65_plus,27.0,2,syn_t010_h0000011
14000US06089010703,8900,1061242,16,1,1,3,1.0,9,,4.0,2,3,1.0,4.0,18700.0,4,4,4,0.0,0.0,,19845.2254,False,Rented,50 or more apartments,"No access to the Internet at this house, apartment, or mobile home",,No,No children,No own children present,No related children present,,15000_19999,1,nonfamily_living_alone,has_65_plus,16.0,1,syn_t010_h0000012
14000US06089010703,8900,1070673,31,1,1,1,0.0,1,2.0,1.0,1,3,1.0,4.0,0.0,4,4,4,0.0,0.0,,0.0,False,Rented,Mobile home or trailer,"Yes, by paying a cell phone company or Internet service provider",No,Yes,No children,No own children present,No related children present,,lt_10000,1,nonfamily_living_alone,no_65_plus,31.0,1,syn_t010_h0000013
14000US06089010703,8900,1054346,9,1,1,3,2.0,1,,5.0,2,2,1.0,4.0,12000.0,4,4,4,0.0,0.0,,12652.152,False,Owned free and clear,Mobile home or trailer,"No access to the Internet at this house, apartment, or mobile home",,No,No children,No own children present,No related children present,,10000_14999,1,nonfamily_living_alone,has_65_plus,9.0,1,syn_t010_h0000014
14000US06089010703,8900,1013097,14,2,1,1,3.0,2,2.0,5.0,1,2,1.0,7.0,14400.0,4,4,4,0.0,0.0,,14588.5968,False,Owned free and clear,One-family house detached,"Yes, by paying a cell phone company or Internet service provider",No,Yes,No children,No own children present,No related children present,,10000_14999,1,nonfamily_not_living_alone,has_65_plus,14.0,2,syn_t010_h0000015
14000US06089010703,8900,1013097,23,1,1,1,0.0,2,2.0,1.0,1,3,1.0,6.0,35000.0,4,4,4,0.0,0.0,,35458.395,False,Rented,One-family house detached,"Yes, by paying a cell phone company or Internet service provider",No,Yes,No children,No own children present,No related children present,,35000_39999,1,nonfamily_not_living_alone,no_65_plus,23.0,1,syn_t010_h0000016
14000US06089010703,8900,1054346,42,1,1,1,0.0,7,1.0,1.0,2,3,0.0,4.0,10800.0,4,4,4,0.0,0.0,,11386.9368,False,Rented,10-19 Apartments,"Yes, by paying a cell phone company or Internet service provider",Yes,No,No children,No own children present,No related children present,,10000_14999,0,nonfamily_living_alone,no_65_plus,42.0,1,syn_t010_h0000017
14000US06089010703,8900,1013097,15,2,1,1,3.0,2,1.0,5.0,2,1,2.0,1.0,43200.0,4,4,4,0.0,0.0,1.0,43765.7904,False,Owned with mortgage or loan (include home equity loans),One-family house detached,"Yes, by paying a cell phone company or Internet service provider",Yes,No,No children,No own children present,No related children present,1 worker,40000_44999,2,married_couple,has_65_plus,15.0,2,syn_t010_h0000018
14000US06089010703,8900,1013097,16,2,1,1,2.0,2,2.0,4.0,1,1,1.0,1.0,52100.0,4,4,4,0.0,0.0,0.0,52782.3537,False,Owned with mortgage or loan (include home equity loans),One-family house detached,"Yes, by paying a cell phone company or Internet service provider",No,Yes,No children,No own children present,No related children present,No workers,50000_59999,1,married_couple,has_65_plus,16.0,2,syn_t010_h0000019
14000US06089010703,8900,1013097,14,2,1,1,3.0,1,1.0,7.0,1,1,2.0,1.0,93100.0,4,4,4,0.0,0.0,1.0,94319.3307,False,Owned with mortgage or loan (include home equity loans),Mobile home or trailer,"Yes, by paying a cell phone company or Internet service provider",Yes,Yes,No children,No own children present,No related children present,1 worker,75000_99999,2,married_couple,has_65_plus,14.0,2,syn_t010_h0000020
14000US06089010703,8900,1013097,18,1,1,2,0.0,9,,1.0,2,3,0.0,4.0,18700.0,4,4,4,0.0,0.0,,18944.9139,False,Rented,50 or more apartments,"Yes, without paying a cell phone company or Internet service provider",,No,No children,No own children present,No related children present,,15000_19999,0,nonfamily_living_alone,has_65_plus,18.0,1,syn_t010_h0000021
14000US06089010703,8900,1061242,32,3,1,3,2.0,4,,4.0,2,3,2.0,3.0,16500.0,4,4,4,0.0,0.0,1.0,17510.493,False,Rented,2 Apartments,"No access to the Internet at this house, apartment, or mobile home",,No,No children,No own children present,No related children present,1 worker,15000_19999,2,other_female_householder,no_65_plus,32.0,3,syn_t010_h0000022
14000US06089010703,8900,1035838,14,1,1,1,3.0,2,1.0,8.0,2,2,1.0,6.0,49000.0,4,4,4,0.0,0.0,,50756.062,False,Owned free and clear,One-family house detached,"Yes, by paying a cell phone company or Internet service provider",Yes,No,No children,No own children present,No related children present,,50000_59999,1,nonfamily_not_living_alone,has_65_plus,14.0,1,syn_t010_h0000023
14000US06089010703,8900,1070673,72,1,1,3,2.0,6,,3.0,1,3,1.0,4.0,22000.0,4,4,4,0.0,0.0,,23554.806,False,Rented,5-9 Apartments,"No access to the Internet at this house, apartment, or mobile home",,Yes,No children,No own children present,No related children present,,20000_24999,1,nonfamily_living_alone,no_65_plus,72.0,1,syn_t010_h0000024
14000US06089010704,8900,1035838,8,1,1,1,3.0,2,1.0,8.0,2,2,1.0,4.0,44300.0,4,4,4,0.0,0.0,,45887.6234,False,Owned free and clear,One-family house detached,"Yes, by paying a cell phone company or Internet service provider",Yes,No,No children,No own children present,No related children present,,45000_49999,1,nonfamily_living_alone,has_65_plus,8.0,1,syn_t011_h0000001
14000US06089010704,8900,1061242,41,6,1,1,3.0,2,1.0,5.0,1,3,3.0,3.0,39000.0,3,1,3,1.0,2.0,1.0,41388.438,False,Rented,One-family house detached,"Yes, by paying a cell phone company or Internet service provider",Yes,Yes,With children under 6 years and 6 to 17 years,Presence of own children under 6 years only,Presence of related children under 6 years and 6 to 17 years,1 worker,40000_44999,3,other_female_householder,no_65_plus,41.0,6,syn_t011_h0000002
14000US06089010704,8900,1061242,37,1,1,1,2.0,1,1.0,4.0,1,2,1.0,4.0,29200.0,4,4,4,0.0,0.0,,30988.2664,False,Owned free and clear,Mobile home or trailer,"Yes, by paying a cell phone company or Internet service provider",Yes,Yes,No children,No own children present,No related children present,,30000_34999,1,nonfamily_living_alone,has_65_plus,37.0,1,syn_t011_h0000003
14000US06089010704,8900,1013097,15,3,1,1,3.0,2,1.0,7.0,2,1,1.0,5.0,76800.0,4,4,4,0.0,0.0,,77805.8496,False,Owned with mortgage or loan (include home equity loans),One-family house detached,"Yes, by paying a cell phone company or Internet service provider",Yes,No,No children,No own children present,No related children present,,75000_99999,1,nonfamily_living_alone,has_65_plus,15.0,3,syn_t011_h0000004
14000US06089010704,8900,1013097,49,3,1,1,3.0,2,1.0,5.0,1,1,2.0,2.0,111000.0,4,4,4,0.0,0.0,2.0,112453.767,False,Owned with mortgage or loan (include home equity loans),One-family house detached,"Yes, by paying a cell phone company or Internet service provider",Yes,Yes,No children,No own children present,No related children present,2 workers,100000_124999,2,other_male_householder,no_65_plus,49.0,3,syn_t011_h0000005
14000US06089010704,8900,1070673,36,1,1,3,2.0,2,,4.0,1,3,1.0,4.0,24000.0,4,4,4,0.0,0.0,,25696.152,False,Rented,One-family house detached,"No access to the Internet at this house, apartment, or mobile home",,Yes,No children,No own children present,No related children present,,25000_29999,1,nonfamily_living_alone,no_65_plus,36.0,1,syn_t011_h0000006
14000US06089010704,8900,1070673,14,4,1,1,3.0,2,1.0,6.0,1,3,2.0,1.0,68900.0,2,2,2,2.0,2.0,2.0,73769.3697,False,Rented,One-family house detached,"Yes, by paying a cell phone company or Internet service provider",Yes,Yes,With children 6 to 17 years only,Presence of own children 6 to 17 years only,Presence of related children 6 to 17 years only,2 workers,60000_74999,2,married_couple,no_65_plus,14.0,4,syn_t011_h0000007
14000US06089010704,8900,1013097,16,1,1,1,0.0,4,1.0,1.0,1,3,1.0,4.0,12000.0,4,4,4,0.0,0.0,,12157.164,False,Rented,2 Apartments,"Yes, by paying a cell phone company or Internet service provider",Yes,Yes,No children,No own children present,No related children present,,10000_14999,1,nonfamily_living_alone,no_65_plus,16.0,1,syn_t011_h0000008
14000US06089010704,8900,1061242,35,2,1,1,2.0,6,1.0,5.0,2,3,1.0,1.0,36000.0,4,4,4,0.0,0.0,0.0,38204.712,False,Rented,5-9 Apartments,"Yes, by paying a cell phone company or Internet service provider",Yes,No,No children,No own children present,No related children present,No workers,35000_39999,1,married_couple,has_65_plus,35.0,2,syn_t011_h0000009
14000US06089010704,8900,1070673,34,1,1,1,3.0,2,1.0,6.0,2,4,1.0,4.0,9500.0,4,4,4,0.0,0.0,,10171.3935,False,Occupied without payment of rent,One-family house detached,"Yes, by paying a cell phone company or Internet service provider",Yes,No,No children,No own children present,No related children present,,10000_14999,1,nonfamily_living_alone,has_65_plus,34.0,1,syn_t011_h0000010
14000US06089010704,8900,1054346,2,3,1,2,1.0,2,,3.0,2,2,1.0,2.0,61290.0,4,4,4,0.0,0.0,1.0,64620.86634,False,Owned free and clear,One-family house detached,"Yes, without paying a cell phone company or Internet service provider",,No,No children,No own children present,No related children present,1 worker,60000_74999,1,other_male_householder,has_65_plus,2.0,3,syn_t011_h0000011
14000US06089010704,8900,1061242,24,1,1,3,3.0,2,,6.0,2,1,1.0,4.0,48000.0,4,4,4,0.0,0.0,,50939.616,False,Owned with mortgage or loan (include home equity loans),One-family house detached,"No access to the Internet at this house, apartment, or mobile home",,No,No children,No own children present,No related children present,,50000_59999,1,nonfamily_living_alone,no_65_plus,24.0,1,syn_t011_h0000012
14000US06089010704,8900,1054346,11,1,1,3,2.0,1,,5.0,2,3,1.0,4.0,38400.0,4,4,4,0.0,0.0,,40486.8864,False,Rented,Mobile home or trailer,"No access to the Internet at this house, apartment, or mobile home",,No,No children,No own children present,No related children present,,40000_44999,1,nonfamily_living_alone,has_65_plus,11.0,1,syn_t011_h0000013
14000US06089010704,8900,1061242,57,6,1,1,2.0,3,1.0,5.0,1,3,1.0,1.0,155000.0,3,3,3,4.0,4.0,2.0,164492.51,False,Rented,One-family house attached,"Yes, by paying a cell phone company or Internet service provider",Yes,Yes,With children under 6 years and 6 to 17 years,Presence of own children under 6 years and 6 to 17 years,Presence of related children under 6 years and 6 to 17 years,2 workers,150000_199999,1,married_couple,no_65_plus,57.0,6,syn_t011_h0000014
14000US06089010704,8900,1013097,13,2,1,1,2.0,3,1.0,6.0,1,1,2.0,3.0,110000.0,4,4,4,0.0,0.0,2.0,111440.67,False,Owned with mortgage or loan (include home equity loans),One-family house attached,"Yes, by paying a cell phone company or Internet service provider",Yes,Yes,No children,No own children present,No related children present,2 workers,100000_124999,2,other_female_householder,no_65_plus,13.0,2,syn_t011_h0000015
14000US06089010704,8900,1035838,45,2,1,3,1.0,7,,3.0,2,3,0.0,3.0,6500.0,1,1,1,1.0,1.0,0.0,6732.947,False,Rented,10-19 Apartments,"No access to the Internet at this house, apartment, or mobile home",,No,With children under 6 years only,Presence of own children under 6 years only,Presence of related children under 6 years only,No workers,lt_10000,0,other_female_householder,no_65_plus,45.0,2,syn_t011_h0000016
14000US06089010704,8900,1070673,11,2,1,1,3.0,2,1.0,5.0,1,1,3.0,3.0,59000.0,4,4,4,0.0,0.0,2.0,63169.707,False,Owned with mortgage or loan (include home equity loans),One-family house detached,"Yes, by paying a cell phone company or Internet service provider",Yes,Yes,No children,No own children present,No related children present,2 workers,60000_74999,3,other_female_householder,has_65_plus,11.0,2,syn_t011_h0000017
14000US06089010704,8900,1054346,12,1,1,1,1.0,9,1.0,2.0,1,3,1.0,6.0,0.0,4,4,4,0.0,0.0,,0.0,False,Rented,50 or more apartments,"Yes, by paying a cell phone company or Internet service provider",Yes,Yes,No children,No own children present,No related children present,,lt_10000,1,nonfamily_not_living_alone,no_65_plus,12.0,1,syn_t011_h0000018
14000US06089010704,8900,1013097,38,3,1,1,2.0,7,2.0,4.0,1,3,1.0,3.0,20000.0,3,3,3,2.0,2.0,1.0,20261.94,False,Rented,10-19 Apartments,"Yes, by paying a cell phone company or Internet service provider",No,Yes,With children under 6 years and 6 to 17 years,Presence of own children under 6 years and 6 to 17 years,Presence of related children under 6 years and 6 to 17 years,1 worker,20000_24999,1,other_female_householder,no_65_plus,38.0,3,syn_t011_h0000019
14000US06089010704,8900,1061242,15,2,1,1,2.0,9,1.0,4.0,2,3,1.0,3.0,17200.0,1,4,1,0.0,1.0,1.0,18253.3624,False,Rented,50 or more apartments,"Yes, by paying a cell phone company or Internet service provider",Yes,No,With children under 6 years only,No own children present,Presence of related children under 6 years only,1 worker,15000_19999,1,other_female_householder,no_65_plus,15.0,2,syn_t011_h0000020
14000US06089010704,8900,1070673,11,5,1,1,3.0,2,1.0,5.0,1,3,2.0,2.0,31000.0,1,1,1,3.0,3.0,1.0,33190.863,False,Rented,One-family house detached,"Yes, by paying a cell phone company or Internet service provider",Yes,Yes,With children under 6 years only,Presence of own children under 6 years only,Presence of related children under 6 years only,1 worker,30000_34999,2,other_male_householder,no_65_plus,11.0,5,syn_t011_h0000021
14000US06089010704,8900,1013097,61,2,1,1,3.0,1,2.0,5.0,1,1,3.0,1.0,64000.0,4,4,4,0.0,0.0,1.0,64838.208,False,Owned with mortgage or loan (include home equity loans),Mobile home or trailer,"Yes, by paying a cell phone company or Internet service provider",No,Yes,No children,No own children present,No related children present,1 worker,60000_74999,3,married_couple,no_65_plus,61.0,2,syn_t011_h0000022
14000US06089010704,8900,1035838,68,1,1,1,2.0,2,1.0,5.0,2,3,1.0,4.0,15000.0,4,4,4,0.0,0.0,,15537.57,False,Rented,One-family house detached,"Yes, by paying a cell phone company or Internet service provider",Yes,No,No children,No own children present,No related children present,,15000_19999,1,nonfamily_living_alone,no_65_plus,68.0,1,syn_t011_h0000023
14000US06089010704,8900,1054346,20,1,1,1,3.0,2,1.0,5.0,2,3,0.0,4.0,10600.0,4,4,4,0.0,0.0,,11176.0676,False,Rented,One-family house detached,"Yes, by paying a cell phone company or Internet service provider",Yes,No,No children,No own children present,No related children present,,10000_14999,0,nonfamily_living_alone,no_65_plus,20.0,1,syn_t011_h0000024
14000US06089010704,8900,1054346,61,2,1,3,2.0,5,,4.0,2,3,1.0,1.0,33400.0,4,4,4,0.0,0.0,0.0,35215.1564,False,Rented,3-4 Apartments,"No access to the Internet at this house, apartment, or mobile home",,No,No children,No own children present,No related children present,No workers,35000_39999,1,married_couple,no_65_plus,61.0,2,syn_t011_h0000025
14000US06089010704,8900,1061242,17,1,1,1,2.0,1,1.0,3.0,2,3,2.0,6.0,12000.0,4,4,4,0.0,0.0,,12734.904,False,Rented,Mobile home or trailer,"Yes, by paying a cell phone company or Internet service provider",Yes,No,No children,No own children present,No related children present,,10000_14999,2,nonfamily_not_living_alone,has_65_plus,17.0,1,syn_t011_h0000026
14000US06089010803,8900,1070673,15,2,1,1,3.0,2,1.0,5.0,1,1,2.0,1.0,60800.0,4,4,4,0.0,0.0,2.0,65096.9184,False,Owned with mortgage or loan (include home equity loans),One-family house detached,"Yes, by paying a cell phone company or Internet service provider",Yes,Yes,No children,No own children present,No related children present,2 workers,60000_74999,2,married_couple,no_65_plus,15.0,2,syn_t012_h0000001
14000US06089010803,8900,1013097,45,2,1,1,2.0,5,2.0,4.0,1,3,0.0,3.0,15700.0,2,2,2,1.0,1.0,0.0,15905.6229,False,Rented,3-4 Apartments,"Yes, by paying a cell phone company or Internet service provider",No,Yes,With children 6 to 17 years only,Presence of own children 6 to 17 years only,Presence of related children 6 to 17 years only,No workers,15000_19999,0,other_female_householder,no_65_plus,45.0,2,syn_t012_h0000002
14000US06089010803,8900,1070673,38,3,1,3,3.0,2,,6.0,2,1,1.0,3.0,69900.0,4,4,4,0.0,0.0,1.0,74840.0427,False,Owned with mortgage or loan (include home equity loans),One-family house detached,"No access to the Internet at this house, apartment, or mobile home",,No,No children,No own children present,No related children present,1 worker,60000_74999,1,other_female_householder,has_65_plus,38.0,3,syn_t012_h0000003
14000US06089010803,8900,1061242,18,2,1,3,2.0,8,,4.0,2,3,0.0,3.0,19000.0,4,4,4,0.0,0.0,1.0,20163.598,False,Rented,20-49 Apartments,"No access to the Internet at this house, apartment, or mobile home",,No,No children,No own children present,No related children present,1 worker,20000_24999,0,other_female_householder,has_65_plus,18.0,2,syn_t012_h0000004
14000US06089010803,8900,1061242,15,4,1,1,3.0,2,1.0,5.0,1,1,1.0,1.0,80150.0,4,4,4,0.0,0.0,3.0,85058.5463,False,Owned with mortgage or loan (include home equity loans),One-family house detached,"Yes, by paying a cell phone company or Internet service provider",Yes,Yes,No children,No own children present,No related children present,3 or more workers in family,75000_99999,1,married_couple,has_65_plus,15.0,4,syn_t012_h0000005
14000US06089010803,8900,1054346,4,2,1,1,5.0,2,1.0,9.0,1,2,3.0,1.0,145700.0,4,4,4,0.0,0.0,1.0,153618.2122,False,Owned free and clear,One-family house detached,"Yes, by paying a cell phone company or Internet service provider",Yes,Yes,No children,No own children present,No related children present,1 worker,150000_199999,3,married_couple,has_65_plus,4.0,2,syn_t012_h0000006
14000US06089010803,8900,1061242,37,4,1,3,2.0,2,,3.0,2,3,1.0,3.0,21700.0,1,4,1,0.0,1.0,1.0,23028.9514,False,Rented,One-family house detached,"No access to the Internet at this house, apartment, or mobile home",,No,With children under 6 years only,No own children present,Presence of related children under 6 years only,1 worker,20000_24999,1,other_female_householder,no_65_plus,37.0,4,syn_t012_h0000007
14000US06089010803,8900,1061242,69,1,1,1,2.0,9,1.0,4.0,1,3,1.0,4.0,40000.0,4,4,4,0.0,0.0,,42449.68,False,Rented,50 or more apartments,"Yes, by paying a cell phone company or Internet service provider",Yes,Yes,No children,No own children present,No related children present,,40000_44999,1,nonfamily_living_alone,no_65_plus,69.0,1,syn_t012_h0000008
14000US06089010803,8900,1013097,16,5,1,1,4.0,2,2.0,5.0,1,3,1.0,3.0,29600.0,3,3,3,3.0,3.0,1.0,29987.6712,False,Rented,One-family house detached,"Yes, by paying a cell phone company or Internet service provider",No,Yes,With children under 6 years and 6 to 17 years,Presence of own children under 6 years and 6 to 17 years,Presence of related children under 6 years and 6 to 17 years,1 worker,25000_29999,1,other_female_householder,no_65_plus,16.0,5,syn_t012_h0000009
14000US06089010803,8900,1035838,15,1,1,1,3.0,2,1.0,5.0,1,1,1.0,4.0,57000.0,4,4,4,0.0,0.0,,59042.766,False,Owned with mortgage or loan (include home equity loans),One-family house detached,"Yes, by paying a cell phone company or Internet service provider",Yes,Yes,No children,No own children present,No related children present,,50000_59999,1,nonfamily_living_alone,no_65_plus,15.0,1,syn_t012_h0000010
14000US06089010803,8900,1070673,4,2,1,1,2.0,2,2.0,8.0,1,2,2.0,1.0,21000.0,4,4,4,0.0,0.0,1.0,22484.133,False,Owned free and clear,One-family house detached,"Yes, by paying a cell phone company or Internet service provider",No,Yes,No children,No own children present,No related children present,1 worker,20000_24999,2,married_couple,has_65_plus,4.0,2,syn_t012_h0000011
14000US06089010803,8900,1070673,62,2,1,2,1.0,1,,2.0,1,3,1.0,1.0,26500.0,4,4,4,0.0,0.0,1.0,28372.8345,False,Rented,Mobile home or trailer,"Yes, without paying a cell phone company or Internet service provider",,Yes,No children,No own children present,No related children present,1 worker,25000_29999,1,married_couple,no_65_plus,62.0,2,syn_t012_h0000012
14000US06089010803,8900,1070673,9,1,1,1,2.0,1,1.0,4.0,1,3,1.0,4.0,40000.0,4,4,4,0.0,0.0,,42826.92,False,Rented,Mobile home or trailer,"Yes, by paying a cell phone company or Internet service provider",Yes,Yes,No children,No own children present,No related children present,,40000_44999,1,nonfamily_living_alone,no_65_plus,9.0,1,syn_t012_h0000013
14000US06089010803,8900,1035838,42,4,1,1,3.0,2,2.0,5.0,1,1,2.0,1.0,76000.0,3,3,3,2.0,2.0,2.0,78723.688,False,Owned with mortgage or loan (include home equity loans),One-family house detached,"Yes, by paying a cell phone company or Internet service provider",No,Yes,With children under 6 years and 6 to 17 years,Presence of own children under 6 years and 6 to 17 years,Presence of related children under 6 years and 6 to 17 years,2 workers,75000_99999,2,married_couple,no_65_plus,42.0,4,syn_t012_h0000014
14000US06089010803,8900,1013097,14,1,1,1,1.0,5,1.0,3.0,1,3,1.0,6.0,65000.0,4,4,4,0.0,0.0,,65851.305,False,Rented,3-4 Apartments,"Yes, by paying a cell phone company or Internet service provider",Yes,Yes,No children,No own children present,No related children present,,60000_74999,1,nonfamily_not_living_alone,no_65_plus,14.0,1,syn_t012_h0000015
14000US06089010803,8900,1035838,45,2,1,3,1.0,7,,3.0,2,3,0.0,3.0,6500.0,1,1,1,1.0,1.0,0.0,6732.947,False,Rented,10-19 Apartments,"No access to the Internet at this house, apartment, or mobile home",,No,With children under 6 years only,Presence of own children under 6 years only,Presence of related children under 6 years only,No workers,lt_10000,0,other_female_householder,no_65_plus,45.0,2,syn_t012_h0000016
14000US06089010803,8900,1035838,74,3,1,3,2.0,1,,4.0,1,3,1.0,3.0,15000.0,2,2,2,2.0,2.0,1.0,15537.57,False,Rented,Mobile home or trailer,"No access to the Internet at this house, apartment, or mobile home",,Yes,With children 6 to 17 years only,Presence of own children 6 to 17 years only,Presence of related children 6 to 17 years only,1 worker,15000_19999,1,other_female_householder,no_65_plus,74.0,3,syn_t012_h0000017
14000US06089010803,8900,1070673,11,2,1,1,3.0,2,1.0,10.0,1,2,1.0,1.0,58000.0,4,4,4,0.0,0.0,2.0,62099.034,False,Owned free and clear,One-family house detached,"Yes, by paying a cell phone company or Internet service provider",Yes,Yes,No children,No own children present,No related children present,2 workers,60000_74999,1,married_couple,has_65_plus,11.0,2,syn_t012_h0000018
14000US06089010803,8900,1070673,34,4,1,1,3.0,2,1.0,5.0,1,1,2.0,1.0,80800.0,2,2,2,1.0,1.0,2.0,86510.3784,False,Owned with mortgage or loan (include home equity loans),One-family house detached,"Yes, by paying a cell phone company or Internet service provider",Yes,Yes,With children 6 to 17 years only,Presence of own children 6 to 17 years only,Presence of related children 6 to 17 years only,2 workers,75000_99999,2,married_couple,no_65_plus,34.0,4,syn_t012_h0000019
14000US06089010803,8900,1013097,16,3,1,1,4.0,2,1.0,7.0,1,1,1.0,1.0,180000.0,2,4,2,0.0,1.0,1.0,182357.46,False,Owned with mortgage or loan (include home equity loans),One-family house detached,"Yes, by paying a cell phone company or Internet service provider",Yes,Yes,With children 6 to 17 years only,No own children present,Presence of related children 6 to 17 years only,1 worker,150000_199999,1,married_couple,has_65_plus,16.0,3,syn_t012_h0000020
14000US06089010803,8900,1035838,15,1,1,1,3.0,1,2.0,8.0,1,1,1.0,4.0,14000.0,4,4,4,0.0,0.0,,14501.732,False,Owned with mortgage or loan (include home equity loans),Mobile home or trailer,"Yes, by paying a cell phone company or Internet service provider",No,Yes,No children,No own children present,No related children present,,10000_14999,1,nonfamily_living_alone,no_65_plus,15.0,1,syn_t012_h0000021
14000US06089010803,8900,1035838,19,5,1,1,3.0,5,2.0,5.0,1,3,1.0,1.0,11370.0,3,3,3,3.0,3.0,0.0,11777.47806,False,Rented,3-4 Apartments,"Yes, by paying a cell phone company or Internet service provider",No,Yes,With children under 6 years and 6 to 17 years,Presence of own children under 6 years and 6 to 17 years,Presence of related children under 6 years and 6 to 17 years,No workers,10000_14999,1,married_couple,no_65_plus,19.0,5,syn_t012_h0000022
14000US06089010803,8900,1013097,42,3,1,1,4.0,1,1.0,7.0,1,3,2.0,2.0,93800.0,4,4,4,0.0,0.0,2.0,95028.4986,False,Rented,Mobile home or trailer,"Yes, by paying a cell phone company or Internet service provider",Yes,Yes,No children,No own children present,No related children present,2 workers,75000_99999,2,other_male_householder,no_65_plus,42.0,3,syn_t012_h0000023
14000US06089010803,8900,1035838,27,2,1,1,2.0,8,2.0,5.0,1,3,2.0,7.0,50300.0,4,4,4,0.0,0.0,,52102.6514,False,Rented,20-49 Apartments,"Yes, by paying a cell phone company or Internet service provider",No,Yes,No children,No own children present,No related children present,,50000_59999,2,nonfamily_not_living_alone,no_65_plus,27.0,2,syn_t012_h0000024
14000US06089010803,8900,1061242,13,3,1,1,3.0,2,1.0,5.0,1,1,5.0,1.0,116600.0,4,4,4,0.0,0.0,2.0,123740.8172,False,Owned with mortgage or loan (include home equity loans),One-family house detached,"Yes, by paying a cell phone company or Internet service provider",Yes,Yes,No children,No own children present,No related children present,2 workers,100000_124999,4_plus,married_couple,has_65_plus,13.0,3,syn_t012_h0000025
14000US06089010803,8900,1054346,43,2,1,1,2.0,1,1.0,7.0,1,2,1.0,5.0,23700.0,4,4,4,0.0,0.0,,24988.0002,False,Owned free and clear,Mobile home or trailer,"Yes, by paying a cell phone company or Internet service provider",Yes,Yes,No children,No own children present,No related children present,,20000_24999,1,nonfamily_living_alone,no_65_plus,43.0,2,syn_t012_h0000026
14000US06089010803,8900,1035838,18,2,1,1,3.0,2,1.0,7.0,1,2,2.0,1.0,130300.0,4,4,4,0.0,0.0,0.0,134969.6914,False,Owned free and clear,One-family house detached,"Yes, by paying a cell phone company or Internet service provider",Yes,Yes,No children,No own children present,No related children present,No workers,125000_149999,2,married_couple,has_65_plus,18.0,2,syn_t012_h0000027
14000US06089010803,8900,1054346,12,3,1,1,3.0,2,1.0,4.0,1,1,1.0,1.0,91300.0,4,4,4,0.0,0.0,3.0,96261.7898,False,Owned with mortgage or loan (include home equity loans),One-family house detached,"Yes, by paying a cell phone company or Internet service provider",Yes,Yes,No children,No own children present,No related children present,3 or more workers in family,75000_99999,1,married_couple,no_65_plus,12.0,3,syn_t012_h0000028
14000US06089010803,8900,1013097,11,1,1,1,1.0,5,1.0,2.0,1,3,1.0,4.0,3100.0,4,4,4,0.0,0.0,,3140.6007,False,Rented,3-4 Apartments,"Yes, by paying a cell phone company or Internet service provider",Yes,Yes,No children,No own children present,No related children present,,lt_10000,1,nonfamily_living_alone,no_65_plus,11.0,1,syn_t012_h0000029
14000US06089010803,8900,1054346,9,2,1,1,4.0,2,1.0,9.0,2,1,2.0,1.0,116000.0,4,4,4,0.0,0.0,2.0,122304.136,False,Owned with mortgage or loan (include home equity loans),One-family house detached,"Yes, by paying a cell phone company or Internet service provider",Yes,No,No children,No own children present,No related children present,2 workers,100000_124999,2,married_couple,no_65_plus,9.0,2,syn_t012_h0000030
14000US06089010803,8900,1061242,11,4,1,1,3.0,2,1.0,6.0,1,1,4.0,1.0,93400.0,4,4,4,0.0,0.0,3.0,99120.0028,False,Owned with mortgage or loan (include home equity loans),One-family house detached,"Yes, by paying a cell phone company or Internet service provider",Yes,Yes,No children,No own children present,No related children present,3 or more workers in family,75000_99999,4_plus,married_couple,no_65_plus,11.0,4,syn_t012_h0000031
14000US06089010803,8900,1061242,50,6,1,3,3.0,2,,5.0,2,3,1.0,1.0,24500.0,3,3,3,4.0,4.0,1.0,26000.429,False,Rented,One-family house detached,"No access to the Internet at this house, apartment, or mobile home",,No,With children under 6 years and 6 to 17 years,Presence of own children under 6 years and 6 to 17 years,Presence of related children under 6 years and 6 to 17 years,1 worker,25000_29999,1,married_couple,no_65_plus,50.0,6,syn_t012_h0000032
14000US06089010803,8900,1054346,15,3,1,1,3.0,2,1.0,6.0,1,1,4.0,1.0,230000.0,1,1,1,1.0,1.0,2.0,242499.58,False,Owned with mortgage or loan (include home equity loans),One-family house detached,"Yes, by paying a cell phone company or Internet service provider",Yes,Yes,With children under 6 years only,Presence of own children under 6 years only,Presence of related children under 6 years only,2 workers,200000_plus,4_plus,married_couple,no_65_plus,15.0,3,syn_t012_h0000033
14000US06089010804,8900,1054346,12,1,1,3,2.0,2,,6.0,2,2,1.0,4.0,25100.0,4,4,4,0.0,0.0,,26464.0846,False,Owned free and clear,One-family house detached,"No access to the Internet at this house, apartment, or mobile home",,No,No children,No own children present,No related children present,,25000_29999,1,nonfamily_living_alone,has_65_plus,12.0,1,syn_t013_h0000001
14000US06089010804,8900,1061242,12,2,1,1,4.0,2,1.0,5.0,1,1,2.0,5.0,135080.0,4,4,4,0.0,0.0,,143352.56936,False,Owned with mortgage or loan (include home equity loans),One-family house detached,"Yes, by paying a cell phone company or Internet service provider",Yes,Yes,No children,No own children present,No related children present,,125000_149999,2,nonfamily_living_alone,no_65_plus,12.0,2,syn_t013_h0000002
14000US06089010804,8900,1035838,35,2,1,3,3.0,2,,6.0,2,2,1.0,1.0,27520.0,4,4,4,0.0,0.0,0.0,28506.26176,False,Owned free and clear,One-family house detached,"No access to the Internet at this house, apartment, or mobile home",,No,No children,No own children present,No related children present,No workers,25000_29999,1,married_couple,has_65_plus,35.0,2,syn_t013_h0000003
14000US06089010804,8900,1070673,49,3,1,1,3.0,5,1.0,5.0,1,3,2.0,3.0,28000.0,2,4,2,0.0,1.0,2.0,29978.844,False,Rented,3-4 Apartments,"Yes, by paying a cell phone company or Internet service provider",Yes,Yes,With children 6 to 17 years only,No own children present,Presence of related children 6 to 17 years only,2 workers,25000_29999,2,other_female_householder,no_65_plus,49.0,3,syn_t013_h0000004
14000US06089010804,8900,1013097,17,1,1,3,3.0,2,,4.0,2,1,1.0,4.0,104000.0,4,4,4,0.0,0.0,,105362.088,False,Owned with mortgage or loan (include home equity loans),One-family house detached,"No access to the Internet at this house, apartment, or mobile home",,No,No children,No own children present,No related children present,,100000_124999,1,nonfamily_living_alone,has_65_plus,17.0,1,syn_t013_h0000005
14000US06089010804,8900,1013097,45,1,1,3,2.0,6,,4.0,1,3,0.0,4.0,11400.0,4,4,4,0.0,0.0,,11549.3058,False,Rented,5-9 Apartments,"No access to the Internet at this house, apartment, or mobile home",,Yes,No children,No own children present,No related children present,,10000_14999,0,nonfamily_living_alone,no_65_plus,45.0,1,syn_t013_h0000006
14000US06089010804,8900,1054346,9,3,1,1,3.0,2,2.0,6.0,1,1,3.0,1.0,76000.0,4,4,4,0.0,0.0,3.0,80130.296,False,Owned with mortgage or loan (include home equity loans),One-family house detached,"Yes, by paying a cell phone company or Internet service provider",No,Yes,No children,No own children present,No related children present,3 or more workers in family,75000_99999,3,married_couple,no_65_plus,9.0,3,syn_t013_h0000007
14000US06089010804,8900,1054346,35,2,1,1,1.0,2,1.0,6.0,1,3,2.0,1.0,67000.0,4,4,4,0.0,0.0,2.0,70641.182,False,Rented,One-family house detached,"Yes, by paying a cell phone company or Internet service provider",Yes,Yes,No children,No own children present,No related children present,2 workers,60000_74999,2,married_couple,no_65_plus,35.0,2,syn_t013_h0000008
14000US06089010804,8900,1061242,69,1,1,1,2.0,9,1.0,4.0,1,3,1.0,4.0,40000.0,4,4,4,0.0,0.0,,42449.68,False,Rented,50 or more apartments,"Yes, by paying a cell phone company or Internet service provider",Yes,Yes,No children,No own children present,No related children present,,40000_44999,1,nonfamily_living_alone,no_65_plus,69.0,1,syn_t013_h0000009
14000US06089010804,8900,1035838,18,3,1,1,3.0,2,2.0,6.0,1,1,3.0,1.0,215000.0,2,2,2,1.0,1.0,2.0,222705.17,False,Owned with mortgage or loan (include home equity loans),One-family house detached,"Yes, by paying a cell phone company or Internet service provider",No,Yes,With children 6 to 17 years only,Presence of own children 6 to 17 years only,Presence of related children 6 to 17 years only,2 workers,200000_plus,3,married_couple,no_65_plus,18.0,3,syn_t013_h0000010
14000US06089010804,8900,1054346,48,3,1,1,4.0,2,1.0,6.0,1,1,2.0,1.0,90000.0,2,2,2,1.0,1.0,1.0,94891.14,False,Owned with mortgage or loan (include home equity loans),One-family house detached,"Yes, by paying a cell phone company or Internet service provider",Yes,Yes,With children 6 to 17 years only,Presence of own children 6 to 17 years only,Presence of related children 6 to 17 years only,1 worker,75000_99999,2,married_couple,no_65_plus,48.0,3,syn_t013_h0000011
14000US06089010804,8900,1061242,23,1,1,3,2.0,3,,4.0,2,3,1.0,6.0,20000.0,4,4,4,0.0,0.0,,21224.84,False,Rented,One-family house attached,"No access to the Internet at this house, apartment, or mobile home",,No,No children,No own children present,No related children present,,20000_24999,1,nonfamily_not_living_alone,no_65_plus,23.0,1,syn_t013_h0000012
14000US06089010805,8900,1070673,14,4,1,1,3.0,2,1.0,6.0,1,1,4.0,3.0,100100.0,2,2,2,2.0,2.0,1.0,107174.3673,False,Owned with mortgage or loan (include home equity loans),One-family house detached,"Yes, by paying a cell phone company or Internet service provider",Yes,Yes,With children 6 to 17 years only,Presence of own children 6 to 17 years only,Presence of related children 6 to 17 years only,1 worker,100000_124999,4_plus,other_female_householder,no_65_plus,14.0,4,syn_t014_h0000001
14000US06089010805,8900,1035838,11,1,1,1,3.0,2,1.0,7.0,1,1,1.0,4.0,24000.0,4,4,4,0.0,0.0,,24860.112,False,Owned with mortgage or loan (include home equity loans),One-family house detached,"Yes, by paying a cell phone company or Internet service provider",Yes,Yes,No children,No own children present,No related children present,,20000_24999,1,nonfamily_living_alone,no_65_plus,11.0,1,syn_t014_h0000002
14000US06089010805,8900,1061242,13,1,1,2,4.0,2,,14.0,2,2,1.0,6.0,17800.0,4,4,4,0.0,0.0,,18890.1076,False,Owned free and clear,One-family house detached,"Yes, without paying a cell phone company or Internet service provider",,No,No children,No own children present,No related children present,,15000_19999,1,nonfamily_not_living_alone,has_65_plus,13.0,1,syn_t014_h0000003
14000US06089010805,8900,1035838,14,4,1,1,2.0,5,1.0,6.0,1,3,1.0,3.0,6000.0,3,3,3,3.0,3.0,0.0,6215.028,False,Rented,3-4 Apartments,"Yes, by paying a cell phone company or Internet service provider",Yes,Yes,With children under 6 years and 6 to 17 years,Presence of own children under 6 years and 6 to 17 years,Presence of related children under 6 years and 6 to 17 years,No workers,lt_10000,1,other_female_householder,no_65_plus,14.0,4,syn_t014_h0000004
14000US06089010805,8900,1035838,81,4,1,1,2.0,1,2.0,4.0,1,3,2.0,3.0,50000.0,1,1,1,2.0,2.0,1.0,51791.9,False,Rented,Mobile home or trailer,"Yes, by paying a cell phone company or Internet service provider",No,Yes,With children under 6 years only,Presence of own children under 6 years only,Presence of related children under 6 years only,1 worker,50000_59999,2,other_female_householder,no_65_plus,81.0,4,syn_t014_h0000005
14000US06089010805,8900,1013097,61,4,1,1,2.0,2,1.0,6.0,1,1,2.0,3.0,51800.0,2,4,2,0.0,1.0,1.0,52478.4246,False,Owned with mortgage or loan (include home equity loans),One-family house detached,"Yes, by paying a cell phone company or Internet service provider",Yes,Yes,With children 6 to 17 years only,No own children present,Presence of related children 6 to 17 years only,1 worker,50000_59999,2,other_female_householder,has_65_plus,61.0,4,syn_t014_h0000006
14000US06089010805,8900,1054346,18,3,1,1,3.0,2,1.0,6.0,2,2,3.0,1.0,18500.0,4,4,4,0.0,0.0,1.0,19505.401,False,Owned free and clear,One-family house detached,"Yes, by paying a cell phone company or Internet service provider",Yes,No,No children,No own children present,No related children present,1 worker,15000_19999,3,married_couple,has_65_plus,18.0,3,syn_t014_h0000007
14000US06089010805,8900,1070673,39,3,1,1,3.0,2,2.0,5.0,2,3,1.0,2.0,20000.0,4,4,4,0.0,0.0,1.0,21413.46,False,Rented,One-family house detached,"Yes, by paying a cell phone company or Internet service provider",No,No,No children,No own children present,No related children present,1 worker,20000_24999,1,other_male_householder,no_65_plus,39.0,3,syn_t014_h0000008
14000US06089010805,8900,1054346,64,1,1,3,4.0,2,,7.0,1,1,1.0,4.0,26000.0,4,4,4,0.0,0.0,,27412.996,False,Owned with mortgage or loan (include home equity loans),One-family house detached,"No access to the Internet at this house, apartment, or mobile home",,Yes,No children,No own children present,No related children present,,25000_29999,1,nonfamily_living_alone,no_65_plus,64.0,1,syn_t014_h0000009
14000US06089010805,8900,1013097,16,4,1,1,3.0,2,1.0,5.0,1,3,2.0,1.0,110000.0,3,3,3,2.0,2.0,2.0,111440.67,False,Rented,One-family house detached,"Yes, by paying a cell phone company or Internet service provider",Yes,Yes,With children under 6 years and 6 to 17 years,Presence of own children under 6 years and 6 to 17 years,Presence of related children under 6 years and 6 to 17 years,2 workers,100000_124999,2,married_couple,no_65_plus,16.0,4,syn_t014_h0000010
14000US06089010805,8900,1070673,11,3,1,1,2.0,2,1.0,4.0,1,1,4.0,3.0,70900.0,4,4,4,0.0,0.0,2.0,75910.7157,False,Owned with mortgage or loan (include home equity loans),One-family house detached,"Yes, by paying a cell phone company or Internet service provider",Yes,Yes,No children,No own children present,No related children present,2 workers,75000_99999,4_plus,other_female_householder,has_65_plus,11.0,3,syn_t014_h0000011
14000US06089010805,8900,1013097,68,4,1,1,3.0,1,1.0,4.0,1,2,3.0,1.0,44500.0,2,2,2,2.0,2.0,2.0,45082.8165,False,Owned free and clear,Mobile home or trailer,"Yes, by paying a cell phone company or Internet service provider",Yes,Yes,With children 6 to 17 years only,Presence of own children 6 to 17 years only,Presence of related children 6 to 17 years only,2 workers,45000_49999,3,married_couple,no_65_plus,68.0,4,syn_t014_h0000012
14000US06089010805,8900,1070673,10,2,1,1,2.0,2,1.0,5.0,1,1,1.0,1.0,72300.0,4,4,4,0.0,0.0,1.0,77409.6579,False,Owned with mortgage or loan (include home equity loans),One-family house detached,"Yes, by paying a cell phone company or Internet service provider",Yes,Yes,No children,No own children present,No related children present,1 worker,75000_99999,1,married_couple,has_65_plus,10.0,2,syn_t014_h0000013
14000US06089010805,8900,1013097,11,2,1,1,4.0,2,1.0,6.0,2,2,2.0,1.0,36100.0,4,4,4,0.0,0.0,0.0,36572.8017,False,Owned free and clear,One-family house detached,"Yes, by paying a cell phone company or Internet service provider",Yes,No,No children,No own children present,No related children present,No workers,35000_39999,2,married_couple,has_65_plus,11.0,2,syn_t014_h0000014
14000US06089010805,8900,1035838,71,2,1,1,3.0,2,1.0,4.0,1,1,2.0,1.0,64000.0,4,4,4,0.0,0.0,2.0,66293.632,False,Owned with mortgage or loan (include home equity loans),One-family house detached,"Yes, by paying a cell phone company or Internet service provider",Yes,Yes,No children,No own children present,No related children present,2 workers,60000_74999,2,married_couple,no_65_plus,71.0,2,syn_t014_h0000015
14000US06089010805,8900,1070673,12,2,1,1,3.0,2,1.0,7.0,1,1,2.0,1.0,38400.0,4,4,4,0.0,0.0,2.0,41113.8432,False,Owned with mortgage or loan (include home equity loans),One-family house detached,"Yes, by paying a cell phone company or Internet service provider",Yes,Yes,No children,No own children present,No related children present,2 workers,40000_44999,2,married_couple,no_65_plus,12.0,2,syn_t014_h0000016
14000US06089010805,8900,1054346,7,2,1,1,3.0,2,1.0,6.0,2,2,1.0,1.0,56400.0,4,4,4,0.0,0.0,0.0,59465.1144,False,Owned free and clear,One-family house detached,"Yes, by paying a cell phone company or Internet service provider",Yes,No,No children,No own children present,No related children present,No workers,50000_59999,1,married_couple,has_65_plus,7.0,2,syn_t014_h0000017
14000US06089010805,8900,1013097,78,5,1,1,2.0,7,2.0,4.0,1,3,1.0,1.0,24000.0,3,3,3,3.0,3.0,1.0,24314.328,False,Rented,10-19 Apartments,"Yes, by paying a cell phone company or Internet service provider",No,Yes,With children under 6 years and 6 to 17 years,Presence of own children under 6 years and 6 to 17 years,Presence of related children under 6 years and 6 to 17 years,1 worker,20000_24999,1,married_couple,no_65_plus,78.0,5,syn_t014_h0000018
14000US06089010805,8900,1035838,14,1,1,1,2.0,1,1.0,5.0,1,2,1.0,6.0,13500.0,4,4,4,0.0,0.0,,13983.813,False,Owned free and clear,Mobile home or trailer,"Yes, by paying a cell phone company or Internet service provider",Yes,Yes,No children,No own children present,No related children present,,10000_14999,1,nonfamily_not_living_alone,has_65_plus,14.0,1,syn_t014_h0000019
14000US06089010805,8900,1035838,8,4,1,1,4.0,2,1.0,8.0,1,3,2.0,1.0,82000.0,3,3,3,2.0,2.0,2.0,84938.716,False,Rented,One-family house detached,"Yes, by paying a cell phone company or Internet service provider",Yes,Yes,With children under 6 years and 6 to 17 years,Presence of own children under 6 years and 6 to 17 years,Presence of related children under 6 years and 6 to 17 years,2 workers,75000_99999,2,married_couple,no_65_plus,8.0,4,syn_t014_h0000020
14000US06089010805,8900,1070673,17,3,1,1,3.0,2,1.0,5.0,1,3,2.0,1.0,152000.0,1,1,1,1.0,1.0,2.0,162742.296,False,Rented,One-family house detached,"Yes, by paying a cell phone company or Internet service provider",Yes,Yes,With children under 6 years only,Presence of own children under 6 years only,Presence of related children under 6 years only,2 workers,150000_199999,2,married_couple,no_65_plus,17.0,3,syn_t014_h0000021
14000US06089010805,8900,1013097,23,2,1,1,2.0,2,1.0,5.0,2,1,2.0,1.0,27040.0,4,4,4,0.0,0.0,0.0,27394.14288,False,Owned with mortgage or loan (include home equity loans),One-family house detached,"Yes, by paying a cell phone company or Internet service provider",Yes,No,No children,No own children present,No related children present,No workers,25000_29999,2,married_couple,has_65_plus,23.0,2,syn_t014_h0000022
14000US06089010805,8900,1054346,10,1,1,1,2.0,5,2.0,3.0,1,3,1.0,4.0,160000.0,4,4,4,0.0,0.0,,168695.36,False,Rented,3-4 Apartments,"Yes, by paying a cell phone company or Internet service provider",No,Yes,No children,No own children present,No related children present,,150000_199999,1,nonfamily_living_alone,no_65_plus,10.0,1,syn_t014_h0000023
14000US06089010805,8900,1035838,47,2,1,3,3.0,2,,5.0,1,3,2.0,1.0,70800.0,4,4,4,0.0,0.0,2.0,73337.3304,False,Rented,One-family house detached,"No access to the Internet at this house, apartment, or mobile home",,Yes,No children,No own children present,No related children present,2 workers,60000_74999,2,married_couple,no_65_plus,47.0,2,syn_t014_h0000024
14000US06089010805,8900,1061242,11,5,1,1,4.0,2,1.0,8.0,1,1,3.0,1.0,85900.0,4,4,4,0.0,0.0,2.0,91160.6878,False,Owned with mortgage or loan (include home equity loans),One-family house detached,"Yes, by paying a cell phone company or Internet service provider",Yes,Yes,No children,No own children present,No related children present,2 workers,75000_99999,3,married_couple,has_65_plus,11.0,5,syn_t014_h0000025
14000US06089010805,8900,1061242,47,4,1,1,4.0,2,1.0,7.0,1,1,2.0,1.0,120000.0,2,2,2,2.0,2.0,1.0,127349.04,False,Owned with mortgage or loan (include home equity loans),One-family house detached,"Yes, by paying a cell phone company or Internet service provider",Yes,Yes,With children 6 to 17 years only,Presence of own children 6 to 17 years only,Presence of related children 6 to 17 years only,1 worker,125000_149999,2,married_couple,no_65_plus,47.0,4,syn_t014_h0000026
14000US06089010805,8900,1013097,42,3,1,1,4.0,1,1.0,7.0,1,3,2.0,2.0,93800.0,4,4,4,0.0,0.0,2.0,95028.4986,False,Rented,Mobile home or trailer,"Yes, by paying a cell phone company or Internet service provider",Yes,Yes,No children,No own children present,No related children present,2 workers,75000_99999,2,other_male_householder,no_65_plus,42.0,3,syn_t014_h0000027
14000US06089010806,8900,1013097,6,2,1,1,2.0,1,1.0,7.0,1,2,1.0,1.0,34900.0,4,4,4,0.0,0.0,0.0,35357.0853,False,Owned free and clear,Mobile home or trailer,"Yes, by paying a cell phone company or Internet service provider",Yes,Yes,No children,No own children present,No related children present,No workers,35000_39999,1,married_couple,has_65_plus,6.0,2,syn_t015_h0000001
14000US06089010806,8900,1054346,75,2,1,1,3.0,2,1.0,5.0,2,1,2.0,1.0,23400.0,4,4,4,0.0,0.0,0.0,24671.6964,False,Owned with mortgage or loan (include home equity loans),One-family house detached,"Yes, by paying a cell phone company or Internet service provider",Yes,No,No children,No own children present,No related children present,No workers,20000_24999,2,married_couple,has_65_plus,75.0,2,syn_t015_h0000002
14000US06089010806,8900,1013097,11,1,1,1,1.0,5,1.0,2.0,1,3,1.0,4.0,3100.0,4,4,4,0.0,0.0,,3140.6007,False,Rented,3-4 Apartments,"Yes, by paying a cell phone company or Internet service provider",Yes,Yes,No children,No own children present,No related children present,,lt_10000,1,nonfamily_living_alone,no_65_plus,11.0,1,syn_t015_h0000003
14000US06089010806,8900,1070673,31,3,1,1,3.0,2,1.0,6.0,1,1,2.0,1.0,65000.0,2,2,2,1.0,1.0,2.0,69593.745,False,Owned with mortgage or loan (include home equity loans),One-family house detached,"Yes, by paying a cell phone company or Internet service provider",Yes,Yes,With children 6 to 17 years only,Presence of own children 6 to 17 years only,Presence of related children 6 to 17 years only,2 workers,60000_74999,2,married_couple,no_65_plus,31.0,3,syn_t015_h0000004
14000US06089010806,8900,1035838,14,1,1,1,1.0,6,2.0,4.0,1,3,0.0,6.0,0.0,4,4,4,0.0,0.0,,0.0,False,Rented,5-9 Apartments,"Yes, by paying a cell phone company or Internet service provider",No,Yes,No children,No own children present,No related children present,,lt_10000,0,nonfamily_not_living_alone,no_65_plus,14.0,1,syn_t015_h0000005
14000US06089010806,8900,1035838,12,1,1,3,3.0,2,,4.0,2,2,1.0,4.0,13000.0,4,4,4,0.0,0.0,,13465.894,False,Owned free and clear,One-family house detached,"No access to the Internet at this house, apartment, or mobile home",,No,No children,No own children present,No related children present,,10000_14999,1,nonfamily_living_alone,has_65_plus,12.0,1,syn_t015_h0000006
14000US06089010806,8900,1013097,28,2,1,1,4.0,2,1.0,8.0,1,1,2.0,1.0,100000.0,4,4,4,0.0,0.0,2.0,101309.7,False,Owned with mortgage or loan (include home equity loans),One-family house detached,"Yes, by paying a cell phone company or Internet service provider",Yes,Yes,No children,No own children present,No related children present,2 workers,100000_124999,2,married_couple,no_65_plus,28.0,2,syn_t015_h0000007
14000US06089010806,8900,1070673,20,1,1,3,9.0,6,,19.0,2,3,0.0,4.0,12900.0,4,4,4,0.0,0.0,,13811.6817,False,Rented,5-9 Apartments,"No access to the Internet at this house, apartment, or mobile home",,No,No children,No own children present,No related children present,,10000_14999,0,nonfamily_living_alone,no_65_plus,20.0,1,syn_t015_h0000008
14000US06089010806,8900,1070673,22,1,1,1,2.0,2,1.0,5.0,2,1,1.0,4.0,15600.0,4,4,4,0.0,0.0,,16702.4988,False,Owned with mortgage or loan (include home equity loans),One-family house detached,"Yes, by paying a cell phone company or Internet service provider",Yes,No,No children,No own children present,No related children present,,15000_19999,1,nonfamily_living_alone,has_65_plus,22.0,1,syn_t015_h0000009
14000US06089010806,8900,1070673,13,1,1,3,1.0,2,,4.0,2,2,1.0,4.0,34900.0,4,4,4,0.0,0.0,,37366.4877,False,Owned free and clear,One-family house detached,"No access to the Internet at this house, apartment, or mobile home",,No,No children,No own children present,No related children present,,35000_39999,1,nonfamily_living_alone,has_65_plus,13.0,1,syn_t015_h0000010
14000US06089010806,8900,1061242,14,3,1,1,2.0,2,1.0,3.0,2,3,2.0,3.0,21400.0,2,2,2,1.0,1.0,1.0,22710.5788,False,Rented,One-family house detached,"Yes, by paying a cell phone company or Internet service provider",Yes,No,With children 6 to 17 years only,Presence of own children 6 to 17 years only,Presence of related children 6 to 17 years only,1 worker,20000_24999,2,other_female_householder,no_65_plus,14.0,3,syn_t015_h0000011
14000US06089010806,8900,1054346,19,1,1,1,2.0,1,1.0,4.0,2,3,2.0,4.0,19000.0,4,4,4,0.0,0.0,,20032.574,False,Rented,Mobile home or trailer,"Yes, by paying a cell phone company or Internet service provider",Yes,No,No children,No own children present,No related children present,,20000_24999,2,nonfamily_living_alone,has_65_plus,19.0,1,syn_t015_h0000012
14000US06089010806,8900,1054346,25,10,1,1,4.0,2,1.0,7.0,1,1,2.0,1.0,53000.0,3,4,3,0.0,6.0,3.0,55880.338,False,Owned with mortgage or loan (include home equity loans),One-family house detached,"Yes, by paying a cell phone company or Internet service provider",Yes,Yes,With children under 6 years and 6 to 17 years,No own children present,Presence of related children under 6 years and 6 to 17 years,3 or more workers in family,50000_59999,2,married_couple,has_65_plus,25.0,10,syn_t015_h0000013
14000US06089010806,8900,1061242,19,3,1,1,4.0,2,1.0,7.0,1,3,2.0,2.0,24000.0,2,2,2,2.0,2.0,0.0,25469.808,False,Rented,One-family house detached,"Yes, by paying a cell phone company or Internet service provider",Yes,Yes,With children 6 to 17 years only,Presence of own children 6 to 17 years only,Presence of related children 6 to 17 years only,No workers,25000_29999,2,other_male_householder,no_65_plus,19.0,3,syn_t015_h0000014
14000US06089010806,8900,1070673,6,3,1,2,2.0,2,,5.0,2,3,2.0,1.0,55000.0,2,2,2,1.0,1.0,2.0,58887.015,False,Rented,One-family house detached,"Yes, without paying a cell phone company or Internet service provider",,No,With children 6 to 17 years only,Presence of own children 6 to 17 years only,Presence of related children 6 to 17 years only,2 workers,50000_59999,2,married_couple,no_65_plus,6.0,3,syn_t015_h0000015
14000US06089010806,8900,1054346,6,3,1,1,3.0,2,1.0,9.0,1,1,4.0,1.0,105000.0,2,2,2,1.0,1.0,2.0,110706.33,False,Owned with mortgage or loan (include home equity loans),One-family house detached,"Yes, by paying a cell phone company or Internet service provider",Yes,Yes,With children 6 to 17 years only,Presence of own children 6 to 17 years only,Presence of related children 6 to 17 years only,2 workers,100000_124999,4_plus,married_couple,no_65_plus,6.0,3,syn_t015_h0000016
14000US06089010806,8900,1061242,47,4,1,1,2.0,4,1.0,4.0,1,3,1.0,3.0,21000.0,3,3,3,3.0,3.0,1.0,22286.082,False,Rented,2 Apartments,"Yes, by paying a cell phone company or Internet service provider",Yes,Yes,With children under 6 years and 6 to 17 years,Presence of own children under 6 years and 6 to 17 years,Presence of related children under 6 years and 6 to 17 years,1 worker,20000_24999,1,other_female_householder,no_65_plus,47.0,4,syn_t015_h0000017
14000US06089010806,8900,1035838,59,2,1,1,3.0,2,2.0,5.0,1,1,2.0,5.0,119000.0,4,4,4,0.0,0.0,,123264.722,False,Owned with mortgage or loan (include home equity loans),One-family house detached,"Yes, by paying a cell phone company or Internet service provider",No,Yes,No children,No own children present,No related children present,,100000_124999,2,nonfamily_living_alone,no_65_plus,59.0,2,syn_t015_h0000018
14000US06089010806,8900,1070673,52,1,1,3,3.0,2,,6.0,2,2,2.0,4.0,46000.0,4,4,4,0.0,0.0,,49250.958,False,Owned free and clear,One-family house detached,"No access to the Internet at this house, apartment, or mobile home",,No,No children,No own children present,No related children present,,45000_49999,2,nonfamily_living_alone,has_65_plus,52.0,1,syn_t015_h0000019
14000US06089010806,8900,1061242,27,1,1,3,1.0,2,,3.0,2,2,0.0,6.0,8500.0,4,4,4,0.0,0.0,,9020.557,False,Owned free and clear,One-family house detached,"No access to the Internet at this house, apartment, or mobile home",,No,No children,No own children present,No related children present,,lt_10000,0,nonfamily_not_living_alone,no_65_plus,27.0,1,syn_t015_h0000020
14000US06089010807,8900,1054346,10,1,1,1,3.0,2,1.0,6.0,2,2,1.0,6.0,33800.0,4,4,4,0.0,0.0,,35636.8948,False,Owned free and clear,One-family house detached,"Yes, by paying a cell phone company or Internet service provider",Yes,No,No children,No own children present,No related children present,,35000_39999,1,nonfamily_not_living_alone,has_65_plus,10.0,1,syn_t016_h0000001
14000US06089010807,8900,1054346,18,3,1,1,3.0,4,2.0,5.0,1,3,2.0,2.0,22700.0,2,4,2,0.0,1.0,1.0,23933.6542,False,Rented,2 Apartments,"Yes, by paying a cell phone company or Internet service provider",No,Yes,With children 6 to 17 years only,No own children present,Presence of related children 6 to 17 years only,1 worker,20000_24999,2,other_male_householder,has_65_plus,18.0,3,syn_t016_h0000002
14000US06089010807,8900,1054346,18,5,1,1,4.0,2,1.0,8.0,1,3,5.0,1.0,86400.0,2,2,2,2.0,2.0,3.0,91095.4944,False,Rented,One-family house detached,"Yes, by paying a cell phone company or Internet service provider",Yes,Yes,With children 6 to 17 years only,Presence of own children 6 to 17 years only,Presence of related children 6 to 17 years only,3 or more workers in family,75000_99999,4_plus,married_couple,no_65_plus,18.0,5,syn_t016_h0000003
14000US06089010807,8900,1061242,12,2,1,1,1.0,2,1.0,5.0,1,3,2.0,1.0,50000.0,4,4,4,0.0,0.0,0.0,53062.1,False,Rented,One-family house detached,"Yes, by paying a cell phone company or Internet service provider",Yes,Yes,No children,No own children present,No related children present,No workers,50000_59999,2,married_couple,no_65_plus,12.0,2,syn_t016_h0000004
14000US06089010807,8900,1035838,15,3,1,1,3.0,2,1.0,5.0,1,1,0.0,1.0,127050.0,4,4,4,0.0,0.0,3.0,131603.2179,False,Owned with mortgage or loan (include home equity loans),One-family house detached,"Yes, by paying a cell phone company or Internet service provider",Yes,Yes,No children,No own children present,No related children present,3 or more workers in family,125000_149999,0,married_couple,no_65_plus,15.0,3,syn_t016_h0000005
14000US06089010807,8900,1013097,6,4,1,1,3.0,2,2.0,6.0,1,3,1.0,1.0,85000.0,3,3,3,2.0,2.0,2.0,86113.245,False,Rented,One-family house detached,"Yes, by paying a cell phone company or Internet service provider",No,Yes,With children under 6 years and 6 to 17 years,Presence of own children under 6 years and 6 to 17 years,Presence of related children under 6 years and 6 to 17 years,2 workers,75000_99999,1,married_couple,no_65_plus,6.0,4,syn_t016_h0000006
14000US06089010807,8900,1035838,15,2,1,3,3.0,2,,5.0,2,1,1.0,1.0,55600.0,4,4,4,0.0,0.0,0.0,57592.5928,False,Owned with mortgage or loan (include home equity loans),One-family house detached,"No access to the Internet at this house, apartment, or mobile home",,No,No children,No own children present,No related children present,No workers,50000_59999,1,married_couple,has_65_plus,15.0,2,syn_t016_h0000007
14000US06089010807,8900,1061242,11,4,1,1,3.0,2,1.0,6.0,2,1,2.0,1.0,70000.0,1,1,1,2.0,2.0,1.0,74286.94,False,Owned with mortgage or loan (include home equity loans),One-family house detached,"Yes, by paying a cell phone company or Internet service provider",Yes,No,With children under 6 years only,Presence of own children under 6 years only,Presence of related children under 6 years only,1 worker,60000_74999,2,married_couple,no_65_plus,11.0,4,syn_t016_h0000008
14000US06089010807,8900,1013097,31,4,1,1,3.0,2,1.0,6.0,1,1,6.0,1.0,146000.0,2,2,2,1.0,1.0,3.0,147912.162,False,Owned with mortgage or loan (include home equity loans),One-family house detached,"Yes, by paying a cell phone company or Internet service provider",Yes,Yes,With children 6 to 17 years only,Presence of own children 6 to 17 years only,Presence of related children 6 to 17 years only,3 or more workers in family,125000_149999,4_plus,married_couple,no_65_plus,31.0,4,syn_t016_h0000009
14000US06089010807,8900,1070673,14,1,1,1,3.0,2,2.0,6.0,2,2,2.0,4.0,125000.0,4,4,4,0.0,0.0,,133834.125,False,Owned free and clear,One-family house detached,"Yes, by paying a cell phone company or Internet service provider",No,No,No children,No own children present,No related children present,,125000_149999,2,nonfamily_living_alone,no_65_plus,14.0,1,syn_t016_h0000010
14000US06089010807,8900,1035838,12,2,1,1,1.0,2,1.0,2.0,1,3,3.0,1.0,170000.0,4,4,4,0.0,0.0,1.0,176092.46,False,Rented,One-family house detached,"Yes, by paying a cell phone company or Internet service provider",Yes,Yes,No children,No own children present,No related children present,1 worker,150000_199999,3,married_couple,no_65_plus,12.0,2,syn_t016_h0000011
14000US06089010807,8900,1061242,26,5,1,1,3.0,2,1.0,4.0,1,3,3.0,1.0,105000.0,2,2,2,2.0,3.0,2.0,111430.41,False,Rented,One-family house detached,"Yes, by paying a cell phone company or Internet service provider",Yes,Yes,With children 6 to 17 years only,Presence of own children 6 to 17 years only,Presence of related children 6 to 17 years only,2 workers,100000_124999,3,married_couple,no_65_plus,26.0,5,syn_t016_h0000012
14000US06089010807,8900,1061242,29,2,1,1,4.0,2,1.0,8.0,1,2,3.0,1.0,96000.0,4,4,4,0.0,0.0,1.0,101879.232,False,Owned free and clear,One-family house detached,"Yes, by paying a cell phone company or Internet service provider",Yes,Yes,No children,No own children present,No related children present,1 worker,100000_124999,3,married_couple,has_65_plus,29.0,2,syn_t016_h0000013
14000US06089010807,8900,1013097,50,3,1,1,3.0,5,2.0,4.0,1,3,2.0,3.0,83700.0,2,2,2,1.0,1.0,2.0,84796.2189,False,Rented,3-4 Apartments,"Yes, by paying a cell phone company or Internet service provider",No,Yes,With children 6 to 17 years only,Presence of own children 6 to 17 years only,Presence of related children 6 to 17 years only,2 workers,75000_99999,2,other_female_householder,no_65_plus,50.0,3,syn_t016_h0000014
14000US06089010807,8900,1035838,61,2,1,3,3.0,2,,7.0,2,2,1.0,3.0,369000.0,4,4,4,0.0,0.0,0.0,382224.222,False,Owned free and clear,One-family house detached,"No access to the Internet at this house, apartment, or mobile home",,No,No children,No own children present,No related children present,No workers,200000_plus,1,other_female_householder,has_65_plus,61.0,2,syn_t016_h0000015
14000US06089010807,8900,1013097,24,4,1,1,3.0,2,1.0,5.0,1,3,4.0,1.0,92000.0,2,2,2,2.0,2.0,3.0,93204.924,False,Rented,One-family house detached,"Yes, by paying a cell phone company or Internet service provider",Yes,Yes,With children 6 to 17 years only,Presence of own children 6 to 17 years only,Presence of related children 6 to 17 years only,3 or more workers in family,75000_99999,4_plus,married_couple,no_65_plus,24.0,4,syn_t016_h0000016
14000US06089010807,8900,1054346,43,2,1,1,3.0,2,2.0,5.0,1,3,2.0,5.0,91000.0,4,4,4,0.0,0.0,,95945.486,False,Rented,One-family house detached,"Yes, by paying a cell phone company or Internet service provider",No,Yes,No children,No own children present,No related children present,,75000_99999,2,nonfamily_living_alone,no_65_plus,43.0,2,syn_t016_h0000017
14000US06089010807,8900,1013097,8,2,1,1,4.0,2,2.0,6.0,1,1,2.0,1.0,49900.0,4,4,4,0.0,0.0,0.0,50553.5403,False,Owned with mortgage or loan (include home equity loans),One-family house detached,"Yes, by paying a cell phone company or Internet service provider",No,Yes,No children,No own children present,No related children present,No workers,50000_59999,2,married_couple,has_65_plus,8.0,2,syn_t016_h0000018
14000US06089010807,8900,1070673,40,2,1,3,2.0,2,,5.0,2,1,2.0,5.0,18000.0,4,4,4,0.0,0.0,,19272.114,False,Owned with mortgage or loan (include home equity loans),One-family house detached,"No access to the Internet at this house, apartment, or mobile home",,No,No children,No own children present,No related children present,,15000_19999,2,nonfamily_living_alone,no_65_plus,40.0,2,syn_t016_h0000019
14000US06089010807,8900,1035838,20,2,1,1,3.0,2,1.0,7.0,2,1,2.0,1.0,75200.0,4,4,4,0.0,0.0,0.0,77895.0176,False,Owned with mortgage or loan (include home equity loans),One-family house detached,"Yes, by paying a cell phone company or Internet service provider",Yes,No,No children,No own children present,No related children present,No workers,75000_99999,2,married_couple,has_65_plus,20.0,2,syn_t016_h0000020
14000US06089010807,8900,1054346,33,1,1,1,2.0,7,1.0,6.0,1,3,1.0,4.0,52000.0,4,4,4,0.0,0.0,,54825.992,False,Rented,10-19 Apartments,"Yes, by paying a cell phone company or Internet service provider",Yes,Yes,No children,No own children present,No related children present,,50000_59999,1,nonfamily_living_alone,no_65_plus,33.0,1,syn_t016_h0000021
14000US06089010807,8900,1054346,27,3,1,1,4.0,2,1.0,6.0,1,1,2.0,5.0,37570.0,2,4,4,0.0,0.0,,39611.77922,False,Owned with mortgage or loan (include home equity loans),One-family house detached,"Yes, by paying a cell phone company or Internet service provider",Yes,Yes,With children 6 to 17 years only,No own children present,No related children present,,35000_39999,2,nonfamily_living_alone,no_65_plus,27.0,3,syn_t016_h0000022
14000US06089010807,8900,1070673,12,2,1,1,4.0,2,1.0,6.0,1,1,2.0,1.0,89600.0,4,4,4,0.0,0.0,2.0,95932.3008,False,Owned with mortgage or loan (include home equity loans),One-family house detached,"Yes, by paying a cell phone company or Internet service provider",Yes,Yes,No children,No own children present,No related children present,2 workers,75000_99999,2,married_couple,no_65_plus,12.0,2,syn_t016_h0000023
14000US06089010807,8900,1061242,17,2,1,1,2.0,2,1.0,4.0,2,1,2.0,1.0,90000.0,4,4,4,0.0,0.0,1.0,95511.78,False,Owned with mortgage or loan (include home equity loans),One-family house detached,"Yes, by paying a cell phone company or Internet service provider",Yes,No,No children,No own children present,No related children present,1 worker,75000_99999,2,married_couple,has_65_plus,17.0,2,syn_t016_h0000024
14000US06089010900,8900,1035838,14,2,1,1,3.0,2,1.0,8.0,2,2,2.0,1.0,55000.0,4,4,4,0.0,0.0,0.0,56971.09,False,Owned free and clear,One-family house detached,"Yes, by paying a cell phone company or Internet service provider",Yes,No,No children,No own children present,No related children present,No workers,50000_59999,2,married_couple,has_65_plus,14.0,2,syn_t017_h0000001
14000US06089010900,8900,1035838,22,1,1,3,2.0,2,,4.0,2,4,1.0,4.0,3000.0,4,4,4,0.0,0.0,,3107.514,False,Occupied without payment of rent,One-family house detached,"No access to the Internet at this house, apartment, or mobile home",,No,No children,No own children present,No related children present,,lt_10000,1,nonfamily_living_alone,no_65_plus,22.0,1,syn_t017_h0000002
14000US06089010900,8900,1035838,61,2,1,3,3.0,2,,7.0,2,2,1.0,3.0,369000.0,4,4,4,0.0,0.0,0.0,382224.222,False,Owned free and clear,One-family house detached,"No access to the Internet at this house, apartment, or mobile home",,No,No children,No own children present,No related children present,No workers,200000_plus,1,other_female_householder,has_65_plus,61.0,2,syn_t017_h0000003
14000US06089010900,8900,1054346,3,2,1,1,4.0,1,2.0,7.0,2,4,1.0,1.0,0.0,4,4,4,0.0,0.0,0.0,0.0,False,Occupied without payment of rent,Mobile home or trailer,"Yes, by paying a cell phone company or Internet service provider",No,No,No children,No own children present,No related children present,No workers,lt_10000,1,married_couple,no_65_plus,3.0,2,syn_t017_h0000004
14000US06089010900,8900,1061242,25,2,1,3,4.0,2,,6.0,2,1,2.0,1.0,36000.0,4,4,4,0.0,0.0,1.0,38204.712,False,Owned with mortgage or loan (include home equity loans),One-family house detached,"No access to the Internet at this house, apartment, or mobile home",,No,No children,No own children present,No related children present,1 worker,35000_39999,2,married_couple,no_65_plus,25.0,2,syn_t017_h0000005
14000US06089010900,8900,1013097,50,3,1,1,2.0,1,1.0,4.0,1,3,1.0,3.0,49800.0,3,4,3,0.0,2.0,1.0,50452.2306,False,Rented,Mobile home or trailer,"Yes, by paying a cell phone company or Internet service provider",Yes,Yes,With children under 6 years and 6 to 17 years,No own children present,Presence of related children under 6 years and 6 to 17 years,1 worker,50000_59999,1,other_female_householder,no_65_plus,50.0,3,syn_t017_h0000006
14000US06089010900,8900,1054346,73,3,1,3,3.0,2,,6.0,1,3,2.0,1.0,15000.0,2,2,2,1.0,1.0,0.0,15815.19,False,Rented,One-family house detached,"No access to the Internet at this house, apartment, or mobile home",,Yes,With children 6 to 17 years only,Presence of own children 6 to 17 years only,Presence of related children 6 to 17 years only,No workers,15000_19999,2,married_couple,no_65_plus,73.0,3,syn_t017_h0000007
14000US06089010900,8900,1061242,7,2,1,1,3.0,2,1.0,6.0,1,1,2.0,1.0,97000.0,4,4,4,0.0,0.0,2.0,102940.474,False,Owned with mortgage or loan (include home equity loans),One-family house detached,"Yes, by paying a cell phone company or Internet service provider",Yes,Yes,No children,No own children present,No related children present,2 workers,100000_124999,2,married_couple,no_65_plus,7.0,2,syn_t017_h0000008
14000US06089010900,8900,1054346,19,2,1,3,4.0,2,,6.0,1,1,2.0,7.0,27800.0,4,4,4,0.0,0.0,,29310.8188,False,Owned with mortgage or loan (include home equity loans),One-family house detached,"No access to the Internet at this house, apartment, or mobile home",,Yes,No children,No own children present,No related children present,,25000_29999,2,nonfamily_not_living_alone,has_65_plus,19.0,2,syn_t017_h0000009
14000US06089010900,8900,1070673,33,4,1,1,4.0,2,1.0,8.0,1,1,1.0,3.0,34600.0,2,4,2,0.0,2.0,1.0,37045.2858,False,Owned with mortgage or loan (include home equity loans),One-family house detached,"Yes, by paying a cell phone company or Internet service provider",Yes,Yes,With children 6 to 17 years only,No own children present,Presence of related children 6 to 17 years only,1 worker,35000_39999,1,other_female_householder,no_65_plus,33.0,4,syn_t017_h0000010
14000US06089010900,8900,1061242,25,1,1,1,2.0,5,2.0,4.0,1,3,1.0,6.0,18000.0,4,4,4,0.0,0.0,,19102.356,False,Rented,3-4 Apartments,"Yes, by paying a cell phone company or Internet service provider",No,Yes,No children,No own children present,No related children present,,15000_19999,1,nonfamily_not_living_alone,no_65_plus,25.0,1,syn_t017_h0000011
14000US06089010900,8900,1070673,33,4,1,1,2.0,2,1.0,5.0,2,3,1.0,1.0,283000.0,1,1,1,2.0,2.0,2.0,303000.459,False,Rented,One-family house detached,"Yes, by paying a cell phone company or Internet service provider",Yes,No,With children under 6 years only,Presence of own children under 6 years only,Presence of related children under 6 years only,2 workers,200000_plus,1,married_couple,no_65_plus,33.0,4,syn_t017_h0000012
14000US06089010900,8900,1054346,15,2,1,3,2.0,1,,3.0,2,1,1.0,3.0,51600.0,2,2,2,1.0,1.0,1.0,54404.2536,False,Owned with mortgage or loan (include home equity loans),Mobile home or trailer,"No access to the Internet at this house, apartment, or mobile home",,No,With children 6 to 17 years only,Presence of own children 6 to 17 years only,Presence of related children 6 to 17 years only,1 worker,50000_59999,1,other_female_householder,no_65_plus,15.0,2,syn_t017_h0000013
14000US06089010900,8900,1013097,11,2,1,1,2.0,2,2.0,4.0,1,1,0.0,3.0,63200.0,4,4,4,0.0,0.0,2.0,64027.7304,False,Owned with mortgage or loan (include home equity loans),One-family house detached,"Yes, by paying a cell phone company or Internet service provider",No,Yes,No children,No own children present,No related children present,2 workers,60000_74999,0,other_female_householder,no_65_plus,11.0,2,syn_t017_h0000014
14000US06089010900,8900,1013097,16,1,1,1,0.0,4,1.0,1.0,1,3,1.0,4.0,12000.0,4,4,4,0.0,0.0,,12157.164,False,Rented,2 Apartments,"Yes, by paying a cell phone company or Internet service provider",Yes,Yes,No children,No own children present,No related children present,,10000_14999,1,nonfamily_living_alone,no_65_plus,16.0,1,syn_t017_h0000015
14000US06089010900,8900,1013097,7,2,1,1,3.0,2,1.0,7.0,1,1,4.0,1.0,64300.0,4,4,4,0.0,0.0,1.0,65142.1371,False,Owned with mortgage or loan (include home equity loans),One-family house detached,"Yes, by paying a cell phone company or Internet service provider",Yes,Yes,No children,No own children present,No related children present,1 worker,60000_74999,4_plus,married_couple,has_65_plus,7.0,2,syn_t017_h0000016
14000US06089010900,8900,1054346,71,4,1,1,1.0,5,1.0,2.0,1,3,2.0,5.0,42300.0,2,4,4,0.0,0.0,,44598.8358,False,Rented,3-4 Apartments,"Yes, by paying a cell phone company or Internet service provider",Yes,Yes,With children 6 to 17 years only,No own children present,No related children present,,40000_44999,2,nonfamily_living_alone,no_65_plus,71.0,4,syn_t017_h0000017
14000US06089010900,8900,1054346,16,3,1,1,3.0,2,1.0,5.0,1,1,4.0,1.0,78900.0,4,4,4,0.0,0.0,2.0,83187.8994,False,Owned with mortgage or loan (include home equity loans),One-family house detached,"Yes, by paying a cell phone company or Internet service provider",Yes,Yes,No children,No own children present,No related children present,2 workers,75000_99999,4_plus,married_couple,no_65_plus,16.0,3,syn_t017_h0000018
14000US06089010900,8900,1013097,73,1,1,3,3.0,2,,5.0,2,2,0.0,4.0,29200.0,4,4,4,0.0,0.0,,29582.4324,False,Owned free and clear,One-family house detached,"No access to the Internet at this house, apartment, or mobile home",,No,No children,No own children present,No related children present,,25000_29999,0,nonfamily_living_alone,no_65_plus,73.0,1,syn_t017_h0000019
14000US06089010900,8900,1070673,64,2,1,1,3.0,2,2.0,10.0,1,2,3.0,1.0,65000.0,4,4,4,0.0,0.0,1.0,69593.745,False,Owned free and clear,One-family house detached,"Yes, by paying a cell phone company or Internet service provider",No,Yes,No children,No own children present,No related children present,1 worker,60000_74999,3,married_couple,no_65_plus,64.0,2,syn_t017_h0000020
14000US06089010900,8900,1054346,90,2,1,1,3.0,2,1.0,6.0,1,1,2.0,5.0,81000.0,4,4,4,0.0,0.0,,85402.026,False,Owned with mortgage or loan (include home equity loans),One-family house detached,"Yes, by paying a cell phone company or Internet service provider",Yes,Yes,No children,No own children present,No related children present,,75000_99999,2,nonfamily_living_alone,no_65_plus,90.0,2,syn_t017_h0000021
14000US06089010900,8900,1061242,20,2,1,1,3.0,2,2.0,5.0,1,1,3.0,1.0,58100.0,4,4,4,0.0,0.0,0.0,61658.1602,False,Owned with mortgage or loan (include home equity loans),One-family house detached,"Yes, by paying a cell phone company or Internet service provider",No,Yes,No children,No own children present,No related children present,No workers,60000_74999,3,married_couple,has_65_plus,20.0,2,syn_t017_h0000022
14000US06089010900,8900,1035838,21,5,1,1,3.0,1,2.0,7.0,1,1,3.0,3.0,39500.0,1,4,1,0.0,1.0,0.0,40915.601,False,Owned with mortgage or loan (include home equity loans),Mobile home or trailer,"Yes, by paying a cell phone company or Internet service provider",No,Yes,With children under 6 years only,No own children present,Presence of related children under 6 years only,No workers,40000_44999,3,other_female_householder,has_65_plus,21.0,5,syn_t017_h0000023
14000US06089010900,8900,1061242,23,5,1,3,3.0,1,,5.0,2,1,1.0,3.0,70000.0,4,4,4,0.0,0.0,3.0,74286.94,False,Owned with mortgage or loan (include home equity loans),Mobile home or trailer,"No access to the Internet at this house, apartment, or mobile home",,No,No children,No own children present,No related children present,3 or more workers in family,60000_74999,1,other_female_householder,has_65_plus,23.0,5,syn_t017_h0000024
14000US06089011001,8900,1013097,49,3,1,1,3.0,2,1.0,5.0,1,1,2.0,2.0,111000.0,4,4,4,0.0,0.0,2.0,112453.767,False,Owned with mortgage or loan (include home equity loans),One-family house detached,"Yes, by paying a cell phone company or Internet service provider",Yes,Yes,No children,No own children present,No related children present,2 workers,100000_124999,2,other_male_householder,no_65_plus,49.0,3,syn_t018_h0000001
14000US06089011001,8900,1013097,15,5,1,1,4.0,2,1.0,7.0,1,1,5.0,1.0,326800.0,1,4,1,0.0,1.0,3.0,331080.0996,False,Owned with mortgage or loan (include home equity loans),One-family house detached,"Yes, by paying a cell phone company or Internet service provider",Yes,Yes,With children under 6 years only,No own children present,Presence of related children under 6 years only,3 or more workers in family,200000_plus,4_plus,married_couple,no_65_plus,15.0,5,syn_t018_h0000002
14000US06089011001,8900,1013097,17,3,1,1,2.0,2,1.0,4.0,1,1,2.0,1.0,90400.0,2,2,2,1.0,1.0,2.0,91583.9688,False,Owned with mortgage or loan (include home equity loans),One-family house detached,"Yes, by paying a cell phone company or Internet service provider",Yes,Yes,With children 6 to 17 years only,Presence of own children 6 to 17 years only,Presence of related children 6 to 17 years only,2 workers,75000_99999,2,married_couple,no_65_plus,17.0,3,syn_t018_h0000003
14000US06089011001,8900,1070673,39,3,1,1,3.0,2,2.0,5.0,2,3,1.0,2.0,20000.0,4,4,4,0.0,0.0,1.0,21413.46,False,Rented,One-family house detached,"Yes, by paying a cell phone company or Internet service provider",No,No,No children,No own children present,No related children present,1 worker,20000_24999,1,other_male_householder,no_65_plus,39.0,3,syn_t018_h0000004
14000US06089011001,8900,1054346,22,3,1,1,1.0,5,2.0,3.0,1,3,2.0,2.0,13000.0,1,1,1,1.0,1.0,1.0,13706.498,False,Rented,3-4 Apartments,"Yes, by paying a cell phone company or Internet service provider",No,Yes,With children under 6 years only,Presence of own children under 6 years only,Presence of related children under 6 years only,1 worker,10000_14999,2,other_male_householder,no_65_plus,22.0,3,syn_t018_h0000005
14000US06089011001,8900,1035838,10,2,1,1,3.0,2,1.0,6.0,1,1,3.0,1.0,65820.0,4,4,4,0.0,0.0,0.0,68178.85716,False,Owned with mortgage or loan (include home equity loans),One-family house detached,"Yes, by paying a cell phone company or Internet service provider",Yes,Yes,No children,No own children present,No related children present,No workers,60000_74999,3,married_couple,has_65_plus,10.0,2,syn_t018_h0000006
14000US06089011001,8900,1013097,34,3,1,1,3.0,2,1.0,5.0,1,1,3.0,2.0,143800.0,2,2,2,1.0,1.0,1.0,145683.3486,False,Owned with mortgage or loan (include home equity loans),One-family house detached,"Yes, by paying a cell phone company or Internet service provider",Yes,Yes,With children 6 to 17 years only,Presence of own children 6 to 17 years only,Presence of related children 6 to 17 years only,1 worker,125000_149999,3,other_male_householder,no_65_plus,34.0,3,syn_t018_h0000007
14000US06089011001,8900,1013097,8,2,1,1,3.0,2,1.0,4.0,1,1,2.0,1.0,95000.0,4,4,4,0.0,0.0,1.0,96244.215,False,Owned with mortgage or loan (include home equity loans),One-family house detached,"Yes, by paying a cell phone company or Internet service provider",Yes,Yes,No children,No own children present,No related children present,1 worker,75000_99999,2,married_couple,no_65_plus,8.0,2,syn_t018_h0000008
14000US06089011001,8900,1013097,18,3,1,1,3.0,2,1.0,7.0,1,2,3.0,1.0,377600.0,4,4,4,0.0,0.0,2.0,382545.4272,False,Owned free and clear,One-family house detached,"Yes, by paying a cell phone company or Internet service provider",Yes,Yes,No children,No own children present,No related children present,2 workers,200000_plus,3,married_couple,has_65_plus,18.0,3,syn_t018_h0000009
14000US06089011002,8900,1061242,9,4,1,1,2.0,2,2.0,6.0,2,2,4.0,2.0,136700.0,4,4,4,0.0,0.0,2.0,145071.7814,False,Owned free and clear,One-family house detached,"Yes, by paying a cell phone company or Internet service provider",No,No,No children,No own children present,No related children present,2 workers,125000_149999,4_plus,other_male_householder,has_65_plus,9.0,4,syn_t019_h0000001
14000US06089011002,8900,1035838,44,1,1,3,1.0,1,,3.0,2,2,2.0,4.0,126900.0,4,4,4,0.0,0.0,,131447.8422,False,Owned free and clear,Mobile home or trailer,"No access to the Internet at this house, apartment, or mobile home",,No,No children,No own children present,No related children present,,125000_149999,2,nonfamily_living_alone,has_65_plus,44.0,1,syn_t019_h0000002
14000US06089011002,8900,1070673,41,2,1,3,2.0,2,,4.0,2,1,2.0,1.0,155000.0,4,4,4,0.0,0.0,2.0,165954.315,False,Owned with mortgage or loan (include home equity loans),One-family house detached,"No access to the Internet at this house, apartment, or mobile home",,No,No children,No own children present,No related children present,2 workers,150000_199999,2,married_couple,no_65_plus,41.0,2,syn_t019_h0000003
14000US06089011002,8900,1013097,45,2,1,3,2.0,1,,4.0,1,3,3.0,2.0,5700.0,2,2,2,1.0,1.0,1.0,5774.6529,False,Rented,Mobile home or trailer,"No access to the Internet at this house, apartment, or mobile home",,Yes,With children 6 to 17 years only,Presence of own children 6 to 17 years only,Presence of related children 6 to 17 years only,1 worker,lt_10000,3,other_male_householder,no_65_plus,45.0,2,syn_t019_h0000004
14000US06089011002,8900,1054346,15,2,1,1,3.0,2,1.0,6.0,2,2,2.0,1.0,48200.0,4,4,4,0.0,0.0,0.0,50819.4772,False,Owned free and clear,One-family house detached,"Yes, by paying a cell phone company or Internet service provider",Yes,No,No children,No own children present,No related children present,No workers,50000_59999,2,married_couple,has_65_plus,15.0,2,syn_t019_h0000005
14000US06089011002,8900,1070673,21,3,1,1,4.0,2,1.0,10.0,1,1,3.0,1.0,174880.0,4,4,4,0.0,0.0,2.0,187239.29424,False,Owned with mortgage or loan (include home equity loans),One-family house detached,"Yes, by paying a cell phone company or Internet service provider",Yes,Yes,No children,No own children present,No related children present,2 workers,150000_199999,3,married_couple,no_65_plus,21.0,3,syn_t019_h0000006
14000US06089011002,8900,1035838,24,1,1,1,2.0,4,2.0,8.0,1,3,0.0,4.0,14700.0,4,4,4,0.0,0.0,,15226.8186,False,Rented,2 Apartments,"Yes, by paying a cell phone company or Internet service provider",No,Yes,No children,No own children present,No related children present,,15000_19999,0,nonfamily_living_alone,has_65_plus,24.0,1,syn_t019_h0000007
14000US06089011002,8900,1070673,8,2,1,1,3.0,2,2.0,6.0,2,2,2.0,1.0,36500.0,4,4,4,0.0,0.0,1.0,39079.5645,False,Owned free and clear,One-family house detached,"Yes, by paying a cell phone company or Internet service provider",No,No,No children,No own children present,No related children present,1 worker,35000_39999,2,married_couple,has_65_plus,8.0,2,syn_t019_h0000008
14000US06089011002,8900,1054346,19,1,1,1,2.0,1,1.0,4.0,2,3,2.0,4.0,19000.0,4,4,4,0.0,0.0,,20032.574,False,Rented,Mobile home or trailer,"Yes, by paying a cell phone company or Internet service provider",Yes,No,No children,No own children present,No related children present,,20000_24999,2,nonfamily_living_alone,has_65_plus,19.0,1,syn_t019_h0000009
14000US06089011002,8900,1035838,33,4,1,1,3.0,2,1.0,5.0,1,3,1.0,3.0,26500.0,2,2,2,3.0,3.0,1.0,27449.707,False,Rented,One-family house detached,"Yes, by paying a cell phone company or Internet service provider",Yes,Yes,With children 6 to 17 years only,Presence of own children 6 to 17 years only,Presence of related children 6 to 17 years only,1 worker,25000_29999,1,other_female_householder,no_65_plus,33.0,4,syn_t019_h0000010
14000US06089011002,8900,1054346,32,1,1,3,3.0,2,,5.0,2,1,1.0,6.0,37000.0,4,4,4,0.0,0.0,,39010.802,False,Owned with mortgage or loan (include home equity loans),One-family house detached,"No access to the Internet at this house, apartment, or mobile home",,No,No children,No own children present,No related children present,,35000_39999,1,nonfamily_not_living_alone,no_65_plus,32.0,1,syn_t019_h0000011
14000US06089011002,8900,1061242,19,1,1,3,0.0,10,,1.0,2,3,1.0,4.0,10600.0,4,4,4,0.0,0.0,,11249.1652,False,Rented,"Boat, RV, van, etc.","No access to the Internet at this house, apartment, or mobile home",,No,No children,No own children present,No related children present,,10000_14999,1,nonfamily_living_alone,no_65_plus,19.0,1,syn_t019_h0000012
14000US06089011002,8900,1054346,21,1,1,3,1.0,6,,3.0,2,3,0.0,4.0,11500.0,4,4,4,0.0,0.0,,12124.979,False,Rented,5-9 Apartments,"No access to the Internet at this house, apartment, or mobile home",,No,No children,No own children present,No related children present,,10000_14999,0,nonfamily_living_alone,has_65_plus,21.0,1,syn_t019_h0000013
14000US06089011002,8900,1061242,12,2,1,1,3.0,1,1.0,7.0,1,2,2.0,3.0,43500.0,4,4,4,0.0,0.0,1.0,46164.027,False,Owned free and clear,Mobile home or trailer,"Yes, by paying a cell phone company or Internet service provider",Yes,Yes,No children,No own children present,No related children present,1 worker,45000_49999,2,other_female_householder,has_65_plus,12.0,2,syn_t019_h0000014
14000US06089011002,8900,1013097,9,2,1,1,2.0,2,1.0,3.0,2,2,2.0,2.0,27600.0,4,4,4,0.0,0.0,0.0,27961.4772,False,Owned free and clear,One-family house detached,"Yes, by paying a cell phone company or Internet service provider",Yes,No,No children,No own children present,No related children present,No workers,25000_29999,2,other_male_householder,has_65_plus,9.0,2,syn_t019_h0000015
14000US06089011002,8900,1061242,10,1,1,3,2.0,2,,4.0,1,1,1.0,4.0,15400.0,4,4,4,0.0,0.0,,16343.1268,False,Owned with mortgage or loan (include home equity loans),One-family house detached,"No access to the Internet at this house, apartment, or mobile home",,Yes,No children,No own children present,No related children present,,15000_19999,1,nonfamily_living_alone,no_65_plus,10.0,1,syn_t019_h0000016
14000US06089011002,8900,1035838,40,1,1,1,2.0,2,1.0,4.0,2,4,1.0,6.0,13700.0,4,4,4,0.0,0.0,,14190.9806,False,Occupied without payment of rent,One-family house detached,"Yes, by paying a cell phone company or Internet service provider",Yes,No,No children,No own children present,No related children present,,10000_14999,1,nonfamily_not_living_alone,no_65_plus,40.0,1,syn_t019_h0000017
14000US06089011002,8900,1070673,35,2,1,1,3.0,2,1.0,7.0,1,1,2.0,1.0,93000.0,4,4,4,0.0,0.0,1.0,99572.589,False,Owned with mortgage or loan (include home equity loans),One-family house detached,"Yes, by paying a cell phone company or Internet service provider",Yes,Yes,No children,No own children present,No related children present,1 worker,75000_99999,2,married_couple,has_65_plus,35.0,2,syn_t019_h0000018
14000US06089011002,8900,1070673,12,2,1,1,5.0,2,1.0,9.0,1,2,3.0,1.0,78000.0,4,4,4,0.0,0.0,0.0,83512.494,False,Owned free and clear,One-family house detached,"Yes, by paying a cell phone company or Internet service provider",Yes,Yes,No children,No own children present,No related children present,No workers,75000_99999,3,married_couple,has_65_plus,12.0,2,syn_t019_h0000019
14000US06089011002,8900,1070673,9,1,1,3,2.0,2,,5.0,2,2,1.0,4.0,9000.0,4,4,4,0.0,0.0,,9636.057,False,Owned free and clear,One-family house detached,"No access to the Internet at this house, apartment, or mobile home",,No,No children,No own children present,No related children present,,lt_10000,1,nonfamily_living_alone,no_65_plus,9.0,1,syn_t019_h0000020
14000US06089011002,8900,1035838,81,4,1,1,2.0,1,2.0,4.0,1,3,2.0,3.0,50000.0,1,1,1,2.0,2.0,1.0,51791.9,False,Rented,Mobile home or trailer,"Yes, by paying a cell phone company or Internet service provider",No,Yes,With children under 6 years only,Presence of own children under 6 years only,Presence of related children under 6 years only,1 worker,50000_59999,2,other_female_householder,no_65_plus,81.0,4,syn_t019_h0000021
14000US06089011002,8900,1054346,37,1,1,3,0.0,7,,1.0,2,3,0.0,4.0,11500.0,4,4,4,0.0,0.0,,12124.979,False,Rented,10-19 Apartments,"No access to the Internet at this house, apartment, or mobile home",,No,No children,No own children present,No related children present,,10000_14999,0,nonfamily_living_alone,no_65_plus,37.0,1,syn_t019_h0000022
14000US06089011002,8900,1061242,13,1,1,1,2.0,1,1.0,6.0,2,2,1.0,6.0,27900.0,4,4,4,0.0,0.0,,29608.6518,False,Owned free and clear,Mobile home or trailer,"Yes, by paying a cell phone company or Internet service provider",Yes,No,No children,No own children present,No related children present,,25000_29999,1,nonfamily_not_living_alone,has_65_plus,13.0,1,syn_t019_h0000023
14000US06089011002,8900,1035838,34,2,1,1,2.0,5,2.0,3.0,1,3,2.0,1.0,52000.0,4,4,4,0.0,0.0,1.0,53863.576,False,Rented,3-4 Apartments,"Yes, by paying a cell phone company or Internet service provider",No,Yes,No children,No own children present,No related children present,1 worker,50000_59999,2,married_couple,no_65_plus,34.0,2,syn_t019_h0000024
14000US06089011002,8900,1035838,17,4,1,1,2.0,1,2.0,6.0,1,3,3.0,5.0,0.0,4,4,4,0.0,0.0,,0.0,False,Rented,Mobile home or trailer,"Yes, by paying a cell phone company or Internet service provider",No,Yes,No children,No own children present,No related children present,,lt_10000,3,nonfamily_living_alone,no_65_plus,17.0,4,syn_t019_h0000025
14000US06089011002,8900,1054346,6,4,1,2,3.0,2,,5.0,2,2,2.0,1.0,0.0,2,2,2,1.0,1.0,0.0,0.0,False,Owned free and clear,One-family house detached,"Yes, without paying a cell phone company or Internet service provider",,No,With children 6 to 17 years only,Presence of own children 6 to 17 years only,Presence of related children 6 to 17 years only,No workers,lt_10000,2,married_couple,no_65_plus,6.0,4,syn_t019_h0000026
14000US06089011002,8900,1070673,19,2,1,1,3.0,2,1.0,6.0,2,1,2.0,1.0,70200.0,4,4,4,0.0,0.0,1.0,75161.2446,False,Owned with mortgage or loan (include home equity loans),One-family house detached,"Yes, by paying a cell phone company or Internet service provider",Yes,No,No children,No own children present,No related children present,1 worker,75000_99999,2,married_couple,has_65_plus,19.0,2,syn_t019_h0000027
14000US06089011002,8900,1054346,15,2,1,1,2.0,2,1.0,7.0,1,1,3.0,1.0,66000.0,4,4,4,0.0,0.0,0.0,69586.836,False,Owned with mortgage or loan (include home equity loans),One-family house detached,"Yes, by paying a cell phone company or Internet service provider",Yes,Yes,No children,No own children present,No related children present,No workers,60000_74999,3,married_couple,has_65_plus,15.0,2,syn_t019_h0000028
14000US06089011002,8900,1054346,26,4,1,1,4.0,2,1.0,12.0,1,2,2.0,3.0,36800.0,2,2,2,2.0,2.0,1.0,38799.9328,False,Owned free and clear,One-family house detached,"Yes, by paying a cell phone company or Internet service provider",Yes,Yes,With children 6 to 17 years only,Presence of own children 6 to 17 years only,Presence of related children 6 to 17 years only,1 worker,35000_39999,2,other_female_householder,no_65_plus,26.0,4,syn_t019_h0000029
14000US06089011100,8900,1061242,13,4,1,1,3.0,2,1.0,6.0,2,1,2.0,1.0,62100.0,2,2,2,2.0,2.0,2.0,65903.1282,False,Owned with mortgage or loan (include home equity loans),One-family house detached,"Yes, by paying a cell phone company or Internet service provider",Yes,No,With children 6 to 17 years only,Presence of own children 6 to 17 years only,Presence of related children 6 to 17 years only,2 workers,60000_74999,2,married_couple,no_65_plus,13.0,4,syn_t020_h0000001
14000US06089011100,8900,1013097,11,1,1,1,4.0,2,2.0,10.0,1,1,2.0,4.0,72500.0,4,4,4,0.0,0.0,,73449.5325,False,Owned with mortgage or loan (include home equity loans),One-family house detached,"Yes, by paying a cell phone company or Internet service provider",No,Yes,No children,No own children present,No related children present,,60000_74999,2,nonfamily_living_alone,has_65_plus,11.0,1,syn_t020_h0000002
14000US06089011100,8900,1061242,14,1,1,2,2.0,1,,5.0,2,3,1.0,4.0,32000.0,4,4,4,0.0,0.0,,33959.744,False,Rented,Mobile home or trailer,"Yes, without paying a cell phone company or Internet service provider",,No,No children,No own children present,No related children present,,30000_34999,1,nonfamily_living_alone,has_65_plus,14.0,1,syn_t020_h0000003
14000US06089011100,8900,1061242,10,2,1,1,3.0,2,1.0,6.0,1,2,1.0,1.0,168600.0,4,4,4,0.0,0.0,2.0,178925.4012,False,Owned free and clear,One-family house detached,"Yes, by paying a cell phone company or Internet service provider",Yes,Yes,No children,No own children present,No related children present,2 workers,150000_199999,1,married_couple,has_65_plus,10.0,2,syn_t020_h0000004
14000US06089011100,8900,1013097,37,1,1,3,2.0,1,,3.0,1,2,1.0,4.0,9600.0,4,4,4,0.0,0.0,,9725.7312,False,Owned free and clear,Mobile home or trailer,"No access to the Internet at this house, apartment, or mobile home",,Yes,No children,No own children present,No related children present,,lt_10000,1,nonfamily_living_alone,has_65_plus,37.0,1,syn_t020_h0000005
14000US06089011100,8900,1013097,38,3,1,1,2.0,7,2.0,4.0,1,3,1.0,3.0,20000.0,3,3,3,2.0,2.0,1.0,20261.94,False,Rented,10-19 Apartments,"Yes, by paying a cell phone company or Internet service provider",No,Yes,With children under 6 years and 6 to 17 years,Presence of own children under 6 years and 6 to 17 years,Presence of related children under 6 years and 6 to 17 years,1 worker,20000_24999,1,other_female_householder,no_65_plus,38.0,3,syn_t020_h0000006
14000US06089011100,8900,1013097,18,1,1,1,2.0,3,1.0,5.0,1,3,1.0,4.0,0.0,4,4,4,0.0,0.0,,0.0,False,Rented,One-family house attached,"Yes, by paying a cell phone company or Internet service provider",Yes,Yes,No children,No own children present,No related children present,,lt_10000,1,nonfamily_living_alone,no_65_plus,18.0,1,syn_t020_h0000007
14000US06089011100,8900,1035838,14,1,1,1,2.0,6,1.0,5.0,1,1,1.0,4.0,108000.0,4,4,4,0.0,0.0,,111870.504,False,Owned with mortgage or loan (include home equity loans),5-9 Apartments,"Yes, by paying a cell phone company or Internet service provider",Yes,Yes,No children,No own children present,No related children present,,100000_124999,1,nonfamily_living_alone,no_65_plus,14.0,1,syn_t020_h0000008
14000US06089011100,8900,1054346,14,1,1,1,2.0,2,1.0,3.0,1,1,2.0,4.0,120000.0,4,4,4,0.0,0.0,,126521.52,False,Owned with mortgage or loan (include home equity loans),One-family house detached,"Yes, by paying a cell phone company or Internet service provider",Yes,Yes,No children,No own children present,No related children present,,125000_149999,2,nonfamily_living_alone,no_65_plus,14.0,1,syn_t020_h0000009
14000US06089011100,8900,1054346,21,5,1,1,2.0,1,2.0,5.0,1,1,1.0,1.0,145500.0,1,4,1,0.0,1.0,3.0,153407.343,False,Owned with mortgage or loan (include home equity loans),Mobile home or trailer,"Yes, by paying a cell phone company or Internet service provider",No,Yes,With children under 6 years only,No own children present,Presence of related children under 6 years only,3 or more workers in family,150000_199999,1,married_couple,no_65_plus,21.0,5,syn_t020_h0000010
14000US06089011100,8900,1061242,21,2,1,1,3.0,2,2.0,5.0,2,2,5.0,5.0,55000.0,4,4,4,0.0,0.0,,58368.31,False,Owned free and clear,One-family house detached,"Yes, by paying a cell phone company or Internet service provider",No,No,No children,No own children present,No related children present,,50000_59999,4_plus,nonfamily_living_alone,no_65_plus,21.0,2,syn_t020_h0000011
14000US06089011100,8900,1035838,32,1,1,1,0.0,1,2.0,1.0,1,1,1.0,4.0,168000.0,4,4,4,0.0,0.0,,174020.784,False,Owned with mortgage or loan (include home equity loans),Mobile home or trailer,"Yes, by paying a cell phone company or Internet service provider",No,Yes,No children,No own children present,No related children present,,150000_199999,1,nonfamily_living_alone,no_65_plus,32.0,1,syn_t020_h0000012
14000US06089011100,8900,1035838,12,1,1,3,3.0,2,,6.0,2,2,1.0,4.0,10400.0,4,4,4,0.0,0.0,,10772.7152,False,Owned free and clear,One-family house detached,"No access to the Internet at this house, apartment, or mobile home",,No,No children,No own children present,No related children present,,10000_14999,1,nonfamily_living_alone,has_65_plus,12.0,1,syn_t020_h0000013
14000US06089011100,8900,1035838,24,2,1,1,4.0,2,2.0,7.0,1,1,2.0,1.0,45400.0,4,4,4,0.0,0.0,1.0,47027.0452,False,Owned with mortgage or loan (include home equity loans),One-family house detached,"Yes, by paying a cell phone company or Internet service provider",No,Yes,No children,No own children present,No related children present,1 worker,45000_49999,2,married_couple,has_65_plus,24.0,2,syn_t020_h0000014
14000US06089011100,8900,1013097,45,1,1,3,2.0,6,,4.0,1,3,0.0,4.0,11400.0,4,4,4,0.0,0.0,,11549.3058,False,Rented,5-9 Apartments,"No access to the Internet at this house, apartment, or mobile home",,Yes,No children,No own children present,No related children present,,10000_14999,0,nonfamily_living_alone,no_65_plus,45.0,1,syn_t020_h0000015
14000US06089011100,8900,1013097,21,2,1,1,4.0,2,1.0,7.0,1,1,2.0,1.0,29300.0,4,4,4,0.0,0.0,1.0,29683.7421,False,Owned with mortgage or loan (include home equity loans),One-family house detached,"Yes, by paying a cell phone company or Internet service provider",Yes,Yes,No children,No own children present,No related children present,1 worker,25000_29999,2,married_couple,has_65_plus,21.0,2,syn_t020_h0000016
14000US06089011100,8900,1035838,98,4,1,1,3.0,2,1.0,5.0,2,2,2.0,1.0,63000.0,1,4,1,0.0,1.0,2.0,65257.794,False,Owned free and clear,One-family house detached,"Yes, by paying a cell phone company or Internet service provider",Yes,No,With children under 6 years only,No own children present,Presence of related children under 6 years only,2 workers,60000_74999,2,married_couple,no_65_plus,98.0,4,syn_t020_h0000017
14000US06089011209,8900,1054346,26,4,1,1,4.0,2,1.0,12.0,1,2,2.0,3.0,36800.0,2,2,2,2.0,2.0,1.0,38799.9328,False,Owned free and clear,One-family house detached,"Yes, by paying a cell phone company or Internet service provider",Yes,Yes,With children 6 to 17 years only,Presence of own children 6 to 17 years only,Presence of related children 6 to 17 years only,1 worker,35000_39999,2,other_female_householder,no_65_plus,26.0,4,syn_t021_h0000001
14000US06089011209,8900,1035838,10,1,1,1,2.0,6,1.0,4.0,1,3,1.0,6.0,10000.0,4,4,4,0.0,0.0,,10358.38,False,Rented,5-9 Apartments,"Yes, by paying a cell phone company or Internet service provider",Yes,Yes,No children,No own children present,No related children present,,10000_14999,1,nonfamily_not_living_alone,has_65_plus,10.0,1,syn_t021_h0000002
14000US06089011209,8900,1070673,33,2,1,2,2.0,5,,4.0,1,3,2.0,5.0,18500.0,4,4,4,0.0,0.0,,19807.4505,False,Rented,3-4 Apartments,"Yes, without paying a cell phone company or Internet service provider",,Yes,No children,No own children present,No related children present,,15000_19999,2,nonfamily_living_alone,no_65_plus,33.0,2,syn_t021_h0000003
14000US06089011209,8900,1013097,56,1,1,3,2.0,2,,4.0,1,3,1.0,4.0,20000.0,4,4,4,0.0,0.0,,20261.94,False,Rented,One-family house detached,"No access to the Internet at this house, apartment, or mobile home",,Yes,No children,No own children present,No related children present,,20000_24999,1,nonfamily_living_alone,no_65_plus,56.0,1,syn_t021_h0000004
14000US06089011209,8900,1054346,6,1,1,3,0.0,8,,1.0,2,3,0.0,4.0,45600.0,4,4,4,0.0,0.0,,48078.1776,False,Rented,20-49 Apartments,"No access to the Internet at this house, apartment, or mobile home",,No,No children,No own children present,No related children present,,45000_49999,0,nonfamily_living_alone,no_65_plus,6.0,1,syn_t021_h0000005
14000US06089011209,8900,1070673,12,1,1,3,2.0,2,,4.0,2,2,2.0,4.0,18600.0,4,4,4,0.0,0.0,,19914.5178,False,Owned free and clear,One-family house detached,"No access to the Internet at this house, apartment, or mobile home",,No,No children,No own children present,No related children present,,15000_19999,2,nonfamily_living_alone,no_65_plus,12.0,1,syn_t021_h0000006
14000US06089011209,8900,1070673,13,3,1,1,4.0,2,1.0,7.0,2,3,1.0,3.0,25000.0,2,2,2,2.0,2.0,0.0,26766.825,False,Rented,One-family house detached,"Yes, by paying a cell phone company or Internet service provider",Yes,No,With children 6 to 17 years only,Presence of own children 6 to 17 years only,Presence of related children 6 to 17 years only,No workers,25000_29999,1,other_female_householder,no_65_plus,13.0,3,syn_t021_h0000007
14000US06089011209,8900,1061242,10,2,1,1,3.0,1,1.0,4.0,1,1,3.0,1.0,22000.0,4,4,4,0.0,0.0,1.0,23347.324,False,Owned with mortgage or loan (include home equity loans),Mobile home or trailer,"Yes, by paying a cell phone company or Internet service provider",Yes,Yes,No children,No own children present,No related children present,1 worker,20000_24999,3,married_couple,no_65_plus,10.0,2,syn_t021_h0000008
14000US06089011209,8900,1061242,47,1,1,2,2.0,5,,4.0,1,3,0.0,6.0,10800.0,4,4,4,0.0,0.0,,11461.4136,False,Rented,3-4 Apartments,"Yes, without paying a cell phone company or Internet service provider",,Yes,No children,No own children present,No related children present,,10000_14999,0,nonfamily_not_living_alone,no_65_plus,47.0,1,syn_t021_h0000009
14000US06089011209,8900,1070673,33,4,1,1,4.0,2,1.0,8.0,1,1,1.0,3.0,34600.0,2,4,2,0.0,2.0,1.0,37045.2858,False,Owned with mortgage or loan (include home equity loans),One-family house detached,"Yes, by paying a cell phone company or Internet service provider",Yes,Yes,With children 6 to 17 years only,No own children present,Presence of related children 6 to 17 years only,1 worker,35000_39999,1,other_female_householder,no_65_plus,33.0,4,syn_t021_h0000010
14000US06089011209,8900,1013097,13,1,1,3,3.0,4,,5.0,2,3,0.0,4.0,29800.0,4,4,4,0.0,0.0,,30190.2906,False,Rented,2 Apartments,"No access to the Internet at this house, apartment, or mobile home",,No,No children,No own children present,No related children present,,30000_34999,0,nonfamily_living_alone,no_65_plus,13.0,1,syn_t021_h0000011
14000US06089011209,8900,1070673,12,1,1,3,0.0,9,,1.0,2,3,0.0,4.0,36700.0,4,4,4,0.0,0.0,,39293.6991,False,Rented,50 or more apartments,"No access to the Internet at this house, apartment, or mobile home",,No,No children,No own children present,No related children present,,35000_39999,0,nonfamily_living_alone,no_65_plus,12.0,1,syn_t021_h0000012
14000US06089011209,8900,1054346,36,3,1,1,3.0,5,1.0,6.0,1,3,1.0,2.0,13000.0,2,2,2,2.0,2.0,1.0,13706.498,False,Rented,3-4 Apartments,"Yes, by paying a cell phone company or Internet service provider",Yes,Yes,With children 6 to 17 years only,Presence of own children 6 to 17 years only,Presence of related children 6 to 17 years only,1 worker,10000_14999,1,other_male_householder,no_65_plus,36.0,3,syn_t021_h0000013
14000US06089011209,8900,1013097,25,5,1,1,3.0,2,1.0,5.0,1,3,3.0,1.0,60000.0,3,3,3,3.0,3.0,1.0,60785.82,False,Rented,One-family house detached,"Yes, by paying a cell phone company or Internet service provider",Yes,Yes,With children under 6 years and 6 to 17 years,Presence of own children under 6 years and 6 to 17 years,Presence of related children under 6 years and 6 to 17 years,1 worker,60000_74999,3,married_couple,no_65_plus,25.0,5,syn_t021_h0000014
14000US06089011209,8900,1061242,65,2,1,1,3.0,2,1.0,7.0,1,1,3.0,1.0,38200.0,4,4,4,0.0,0.0,1.0,40539.4444,False,Owned with mortgage or loan (include home equity loans),One-family house detached,"Yes, by paying a cell phone company or Internet service provider",Yes,Yes,No children,No own children present,No related children present,1 worker,40000_44999,3,married_couple,no_65_plus,65.0,2,syn_t021_h0000015
14000US06089011209,8900,1013097,11,2,1,1,2.0,9,1.0,4.0,1,3,2.0,3.0,45000.0,2,2,2,1.0,1.0,1.0,45589.365,False,Rented,50 or more apartments,"Yes, by paying a cell phone company or Internet service provider",Yes,Yes,With children 6 to 17 years only,Presence of own children 6 to 17 years only,Presence of related children 6 to 17 years only,1 worker,45000_49999,2,other_female_householder,no_65_plus,11.0,2,syn_t021_h0000016
14000US06089011209,8900,1035838,16,2,1,1,3.0,1,1.0,5.0,1,2,2.0,2.0,46600.0,4,4,4,0.0,0.0,1.0,48270.0508,False,Owned free and clear,Mobile home or trailer,"Yes, by paying a cell phone company or Internet service provider",Yes,Yes,No children,No own children present,No related children present,1 worker,45000_49999,2,other_male_householder,has_65_plus,16.0,2,syn_t021_h0000017
14000US06089011209,8900,1035838,17,5,1,3,3.0,2,,5.0,1,2,2.0,2.0,87000.0,2,2,2,1.0,1.0,3.0,90117.906,False,Owned free and clear,One-family house detached,"No access to the Internet at this house, apartment, or mobile home",,Yes,With children 6 to 17 years only,Presence of own children 6 to 17 years only,Presence of related children 6 to 17 years only,3 or more workers in family,75000_99999,2,other_male_householder,no_65_plus,17.0,5,syn_t021_h0000018
14000US06089011209,8900,1054346,57,2,1,1,3.0,2,1.0,6.0,1,1,2.0,1.0,70000.0,4,4,4,0.0,0.0,2.0,73804.22,False,Owned with mortgage or loan (include home equity loans),One-family house detached,"Yes, by paying a cell phone company or Internet service provider",Yes,Yes,No children,No own children present,No related children present,2 workers,60000_74999,2,married_couple,no_65_plus,57.0,2,syn_t021_h0000019
14000US06089011209,8900,1061242,38,2,1,3,0.0,1,,1.0,2,2,2.0,2.0,74900.0,4,4,4,0.0,0.0,1.0,79487.0258,False,Owned free and clear,Mobile home or trailer,"No access to the Internet at this house, apartment, or mobile home",,No,No children,No own children present,No related children present,1 worker,75000_99999,2,other_male_householder,no_65_plus,38.0,2,syn_t021_h0000020
14000US06089011209,8900,1035838,15,1,1,3,3.0,7,,6.0,2,3,1.0,6.0,26100.0,4,4,4,0.0,0.0,,27035.3718,False,Rented,10-19 Apartments,"No access to the Internet at this house, apartment, or mobile home",,No,No children,No own children present,No related children present,,25000_29999,1,nonfamily_not_living_alone,has_65_plus,15.0,1,syn_t021_h0000021
14000US06089011209,8900,1054346,40,5,1,2,3.0,2,,10.0,1,3,1.0,1.0,30000.0,3,3,3,3.0,3.0,1.0,31630.38,False,Rented,One-family house detached,"Yes, without paying a cell phone company or Internet service provider",,Yes,With children under 6 years and 6 to 17 years,Presence of own children under 6 years and 6 to 17 years,Presence of related children under 6 years and 6 to 17 years,1 worker,30000_34999,1,married_couple,no_65_plus,40.0,5,syn_t021_h0000022
14000US06089011209,8900,1070673,40,2,1,3,2.0,2,,5.0,2,1,2.0,5.0,18000.0,4,4,4,0.0,0.0,,19272.114,False,Owned with mortgage or loan (include home equity loans),One-family house detached,"No access to the Internet at this house, apartment, or mobile home",,No,No children,No own children present,No related children present,,15000_19999,2,nonfamily_living_alone,no_65_plus,40.0,2,syn_t021_h0000023
14000US06089011209,8900,1070673,23,1,1,1,2.0,2,1.0,3.0,1,1,1.0,4.0,40000.0,4,4,4,0.0,0.0,,42826.92,False,Owned with mortgage or loan (include home equity loans),One-family house detached,"Yes, by paying a cell phone company or Internet service provider",Yes,Yes,No children,No own children present,No related children present,,40000_44999,1,nonfamily_living_alone,no_65_plus,23.0,1,syn_t021_h0000024
14000US06089011209,8900,1070673,18,2,1,3,1.0,2,,3.0,2,3,1.0,5.0,9500.0,4,4,4,0.0,0.0,,10171.3935,False,Rented,One-family house detached,"No access to the Internet at this house, apartment, or mobile home",,No,No children,No own children present,No related children present,,10000_14999,1,nonfamily_living_alone,no_65_plus,18.0,2,syn_t021_h0000025
14000US06089011209,8900,1054346,8,2,1,1,3.0,2,1.0,6.0,1,3,3.0,5.0,63000.0,4,4,4,0.0,0.0,,66423.798,False,Rented,One-family house detached,"Yes, by paying a cell phone company or Internet service provider",Yes,Yes,No children,No own children present,No related children present,,60000_74999,3,nonfamily_living_alone,no_65_plus,8.0,2,syn_t021_h0000026
14000US06089011209,8900,1054346,13,2,1,1,4.0,2,1.0,8.0,2,1,1.0,1.0,39300.0,4,4,4,0.0,0.0,0.0,41435.7978,False,Owned with mortgage or loan (include home equity loans),One-family house detached,"Yes, by paying a cell phone company or Internet service provider",Yes,No,No children,No own children present,No related children present,No workers,40000_44999,1,married_couple,has_65_plus,13.0,2,syn_t021_h0000027
14000US06089011209,8900,1013097,27,4,1,1,2.0,2,1.0,4.0,1,3,0.0,2.0,53000.0,1,1,1,2.0,2.0,1.0,53694.141,False,Rented,One-family house detached,"Yes, by paying a cell phone company or Internet service provider",Yes,Yes,With children under 6 years only,Presence of own children under 6 years only,Presence of related children under 6 years only,1 worker,50000_59999,0,other_male_householder,no_65_plus,27.0,4,syn_t021_h0000028
14000US06089011209,8900,1070673,20,2,1,1,0.0,5,1.0,1.0,1,3,1.0,3.0,36000.0,2,2,2,1.0,1.0,1.0,38544.228,False,Rented,3-4 Apartments,"Yes, by paying a cell phone company or Internet service provider",Yes,Yes,With children 6 to 17 years only,Presence of own children 6 to 17 years only,Presence of related children 6 to 17 years only,1 worker,35000_39999,1,other_female_householder,no_65_plus,20.0,2,syn_t021_h0000029
14000US06089011209,8900,1013097,14,1,1,1,3.0,2,2.0,7.0,2,2,2.0,4.0,11400.0,4,4,4,0.0,0.0,,11549.3058,False,Owned free and clear,One-family house detached,"Yes, by paying a cell phone company or Internet service provider",No,No,No children,No own children present,No related children present,,10000_14999,2,nonfamily_living_alone,has_65_plus,14.0,1,syn_t021_h0000030
14000US06089011209,8900,1061242,6,1,1,1,3.0,2,1.0,7.0,1,1,2.0,4.0,99000.0,4,4,4,0.0,0.0,,105062.958,False,Owned with mortgage or loan (include home equity loans),One-family house detached,"Yes, by paying a cell phone company or Internet service provider",Yes,Yes,No children,No own children present,No related children present,,100000_124999,2,nonfamily_living_alone,no_65_plus,6.0,1,syn_t021_h0000031
14000US06089011300,8900,1035838,24,2,1,1,3.0,2,1.0,5.0,1,1,2.0,1.0,124000.0,4,4,4,0.0,0.0,1.0,128443.912,False,Owned with mortgage or loan (include home equity loans),One-family house detached,"Yes, by paying a cell phone company or Internet service provider",Yes,Yes,No children,No own children present,No related children present,1 worker,125000_149999,2,married_couple,no_65_plus,24.0,2,syn_t022_h0000001
14000US06089011300,8900,1070673,33,3,1,1,3.0,2,1.0,6.0,1,3,2.0,2.0,19800.0,1,1,1,1.0,1.0,0.0,21199.3254,False,Rented,One-family house detached,"Yes, by paying a cell phone company or Internet service provider",Yes,Yes,With children under 6 years only,Presence of own children under 6 years only,Presence of related children under 6 years only,No workers,20000_24999,2,other_male_householder,no_65_plus,33.0,3,syn_t022_h0000002
14000US06089011300,8900,1035838,15,1,1,1,3.0,3,1.0,4.0,1,3,2.0,4.0,45000.0,4,4,4,0.0,0.0,,46612.71,False,Rented,One-family house attached,"Yes, by paying a cell phone company or Internet service provider",Yes,Yes,No children,No own children present,No related children present,,45000_49999,2,nonfamily_living_alone,no_65_plus,15.0,1,syn_t022_h0000003
14000US06089011300,8900,1013097,12,2,1,1,2.0,1,1.0,6.0,1,2,2.0,1.0,0.0,4,4,4,0.0,0.0,0.0,0.0,False,Owned free and clear,Mobile home or trailer,"Yes, by paying a cell phone company or Internet service provider",Yes,Yes,No children,No own children present,No related children present,No workers,lt_10000,2,married_couple,no_65_plus,12.0,2,syn_t022_h0000004
14000US06089011300,8900,1035838,29,2,1,1,3.0,2,2.0,8.0,1,3,3.0,3.0,32600.0,4,4,4,0.0,0.0,1.0,33768.3188,False,Rented,One-family house detached,"Yes, by paying a cell phone company or Internet service provider",No,Yes,No children,No own children present,No related children present,1 worker,30000_34999,3,other_female_householder,no_65_plus,29.0,2,syn_t022_h0000005
14000US06089011300,8900,1061242,25,3,1,1,3.0,2,1.0,7.0,1,3,1.0,3.0,30000.0,2,2,2,2.0,2.0,1.0,31837.26,False,Rented,One-family house detached,"Yes, by paying a cell phone company or Internet service provider",Yes,Yes,With children 6 to 17 years only,Presence of own children 6 to 17 years only,Presence of related children 6 to 17 years only,1 worker,30000_34999,1,other_female_householder,no_65_plus,25.0,3,syn_t022_h0000006
14000US06089011300,8900,1013097,20,3,1,1,3.0,2,1.0,6.0,1,1,2.0,1.0,30000.0,4,4,4,0.0,0.0,2.0,30392.91,False,Owned with mortgage or loan (include home equity loans),One-family house detached,"Yes, by paying a cell phone company or Internet service provider",Yes,Yes,No children,No own children present,No related children present,2 workers,30000_34999,2,married_couple,no_65_plus,20.0,3,syn_t022_h0000007
14000US06089011300,8900,1061242,29,6,1,1,3.0,2,1.0,10.0,1,1,2.0,1.0,152000.0,3,3,3,4.0,4.0,1.0,161308.784,False,Owned with mortgage or loan (include home equity loans),One-family house detached,"Yes, by paying a cell phone company or Internet service provider",Yes,Yes,With children under 6 years and 6 to 17 years,Presence of own children under 6 years and 6 to 17 years,Presence of related children under 6 years and 6 to 17 years,1 worker,150000_199999,2,married_couple,no_65_plus,29.0,6,syn_t022_h0000008
14000US06089011300,8900,1070673,90,3,1,1,3.0,2,1.0,6.0,2,1,2.0,1.0,72000.0,2,2,2,1.0,1.0,2.0,77088.456,False,Owned with mortgage or loan (include home equity loans),One-family house detached,"Yes, by paying a cell phone company or Internet service provider",Yes,No,With children 6 to 17 years only,Presence of own children 6 to 17 years only,Presence of related children 6 to 17 years only,2 workers,75000_99999,2,married_couple,no_65_plus,90.0,3,syn_t022_h0000009
14000US06089011300,8900,1070673,10,2,1,1,2.0,2,1.0,5.0,1,1,1.0,1.0,72300.0,4,4,4,0.0,0.0,1.0,77409.6579,False,Owned with mortgage or loan (include home equity loans),One-family house detached,"Yes, by paying a cell phone company or Internet service provider",Yes,Yes,No children,No own children present,No related children present,1 worker,75000_99999,1,married_couple,has_65_plus,10.0,2,syn_t022_h0000010
14000US06089011300,8900,1054346,59,1,1,1,4.0,2,1.0,8.0,2,2,2.0,4.0,45000.0,4,4,4,0.0,0.0,,47445.57,False,Owned free and clear,One-family house detached,"Yes, by paying a cell phone company or Internet service provider",Yes,No,No children,No own children present,No related children present,,45000_49999,2,nonfamily_living_alone,no_65_plus,59.0,1,syn_t022_h0000011
14000US06089011300,8900,1061242,17,2,1,1,3.0,4,1.0,5.0,1,3,1.0,3.0,18000.0,2,2,2,1.0,1.0,1.0,19102.356,False,Rented,2 Apartments,"Yes, by paying a cell phone company or Internet service provider",Yes,Yes,With children 6 to 17 years only,Presence of own children 6 to 17 years only,Presence of related children 6 to 17 years only,1 worker,15000_19999,1,other_female_householder,no_65_plus,17.0,2,syn_t022_h0000012
14000US06089011300,8900,1054346,76,4,1,1,4.0,2,1.0,7.0,1,3,3.0,2.0,68800.0,2,4,2,0.0,1.0,3.0,72539.0048,False,Rented,One-family house detached,"Yes, by paying a cell phone company or Internet service provider",Yes,Yes,With children 6 to 17 years only,No own children present,Presence of related children 6 to 17 years only,3 or more workers in family,60000_74999,3,other_male_householder,no_65_plus,76.0,4,syn_t022_h0000013
14000US06089011300,8900,1035838,17,1,1,3,2.0,1,,4.0,2,3,1.0,4.0,10700.0,4,4,4,0.0,0.0,,11083.4666,False,Rented,Mobile home or trailer,"No access to the Internet at this house, apartment, or mobile home",,No,No children,No own children present,No related children present,,10000_14999,1,nonfamily_living_alone,no_65_plus,17.0,1,syn_t022_h0000014
14000US06089011300,8900,1013097,61,2,1,1,3.0,1,2.0,5.0,1,1,3.0,1.0,64000.0,4,4,4,0.0,0.0,1.0,64838.208,False,Owned with mortgage or loan (include home equity loans),Mobile home or trailer,"Yes, by paying a cell phone company or Internet service provider",No,Yes,No children,No own children present,No related children present,1 worker,60000_74999,3,married_couple,no_65_plus,61.0,2,syn_t022_h0000015
14000US06089011300,8900,1054346,9,2,1,1,4.0,1,1.0,6.0,1,3,2.0,1.0,42500.0,4,4,4,0.0,0.0,2.0,44809.705,False,Rented,Mobile home or trailer,"Yes, by paying a cell phone company or Internet service provider",Yes,Yes,No children,No own children present,No related children present,2 workers,40000_44999,2,married_couple,no_65_plus,9.0,2,syn_t022_h0000016
14000US06089011300,8900,1054346,21,2,1,1,4.0,2,1.0,5.0,2,2,3.0,1.0,42000.0,4,4,4,0.0,0.0,2.0,44282.532,False,Owned free and clear,One-family house detached,"Yes, by paying a cell phone company or Internet service provider",Yes,No,No children,No own children present,No related children present,2 workers,40000_44999,3,married_couple,no_65_plus,21.0,2,syn_t022_h0000017
14000US06089011300,8900,1013097,16,3,1,1,3.0,2,1.0,5.0,1,3,3.0,1.0,37400.0,1,1,1,1.0,1.0,1.0,37889.8278,False,Rented,One-family house detached,"Yes, by paying a cell phone company or Internet service provider",Yes,Yes,With children under 6 years only,Presence of own children under 6 years only,Presence of related children under 6 years only,1 worker,35000_39999,3,married_couple,no_65_plus,16.0,3,syn_t022_h0000018
14000US06089011300,8900,1070673,6,2,1,1,4.0,2,1.0,7.0,2,1,3.0,1.0,138000.0,4,4,4,0.0,0.0,0.0,147752.874,False,Owned with mortgage or loan (include home equity loans),One-family house detached,"Yes, by paying a cell phone company or Internet service provider",Yes,No,No children,No own children present,No related children present,No workers,125000_149999,3,married_couple,no_65_plus,6.0,2,syn_t022_h0000019
14000US06089011300,8900,1013097,12,2,1,1,3.0,2,2.0,5.0,2,1,2.0,1.0,64700.0,4,4,4,0.0,0.0,0.0,65547.3759,False,Owned with mortgage or loan (include home equity loans),One-family house detached,"Yes, by paying a cell phone company or Internet service provider",No,No,No children,No own children present,No related children present,No workers,60000_74999,2,married_couple,has_65_plus,12.0,2,syn_t022_h0000020
14000US06089011300,8900,1070673,52,2,1,1,2.0,2,1.0,6.0,1,1,2.0,1.0,58500.0,4,4,4,0.0,0.0,0.0,62634.3705,False,Owned with mortgage or loan (include home equity loans),One-family house detached,"Yes, by paying a cell phone company or Internet service provider",Yes,Yes,No children,No own children present,No related children present,No workers,60000_74999,2,married_couple,no_65_plus,52.0,2,syn_t022_h0000021
14000US06089011300,8900,1054346,12,1,1,1,3.0,2,1.0,5.0,1,1,2.0,4.0,33101.0,4,4,4,0.0,0.0,,34899.906946,False,Owned with mortgage or loan (include home equity loans),One-family house detached,"Yes, by paying a cell phone company or Internet service provider",Yes,Yes,No children,No own children present,No related children present,,30000_34999,2,nonfamily_living_alone,has_65_plus,12.0,1,syn_t022_h0000022
14000US06089011300,8900,1054346,34,2,1,1,3.0,2,2.0,5.0,1,2,2.0,1.0,15460.0,4,4,4,0.0,0.0,0.0,16300.18916,False,Owned free and clear,One-family house detached,"Yes, by paying a cell phone company or Internet service provider",No,Yes,No children,No own children present,No related children present,No workers,15000_19999,2,married_couple,has_65_plus,34.0,2,syn_t022_h0000023
14000US06089011300,8900,1035838,22,1,1,1,1.0,6,2.0,3.0,1,3,0.0,6.0,10800.0,4,4,4,0.0,0.0,,11187.0504,False,Rented,5-9 Apartments,"Yes, by paying a cell phone company or Internet service provider",No,Yes,No children,No own children present,No related children present,,10000_14999,0,nonfamily_not_living_alone,no_65_plus,22.0,1,syn_t022_h0000024
14000US06089011300,8900,1054346,75,1,1,1,3.0,2,1.0,6.0,1,2,1.0,4.0,10000.0,4,4,4,0.0,0.0,,10543.46,False,Owned free and clear,One-family house detached,"Yes, by paying a cell phone company or Internet service provider",Yes,Yes,No children,No own children present,No related children present,,10000_14999,1,nonfamily_living_alone,no_65_plus,75.0,1,syn_t022_h0000025
14000US06089011300,8900,1054346,20,3,1,1,2.0,6,1.0,4.0,1,3,1.0,3.0,11200.0,1,1,1,1.0,1.0,1.0,11808.6752,False,Rented,5-9 Apartments,"Yes, by paying a cell phone company or Internet service provider",Yes,Yes,With children under 6 years only,Presence of own children under 6 years only,Presence of related children under 6 years only,1 worker,10000_14999,1,other_female_householder,no_65_plus,20.0,3,syn_t022_h0000026
14000US06089011401,8900,1035838,18,2,1,1,3.0,2,1.0,6.0,1,1,1.0,2.0,162850.0,2,2,2,1.0,1.0,0.0,168686.2183,False,Owned with mortgage or loan (include home equity loans),One-family house detached,"Yes, by paying a cell phone company or Internet service provider",Yes,Yes,With children 6 to 17 years only,Presence of own children 6 to 17 years only,Presence of related children 6 to 17 years only,No workers,150000_199999,1,other_male_householder,no_65_plus,18.0,2,syn_t023_h0000001
14000US06089011401,8900,1061242,38,2,1,1,2.0,5,1.0,4.0,1,3,1.0,3.0,55000.0,4,4,4,0.0,0.0,1.0,58368.31,False,Rented,3-4 Apartments,"Yes, by paying a cell phone company or Internet service provider",Yes,Yes,No children,No own children present,No related children present,1 worker,50000_59999,1,other_female_householder,no_65_plus,38.0,2,syn_t023_h0000002
14000US06089011401,8900,1061242,20,2,1,1,2.0,2,2.0,5.0,2,1,3.0,1.0,73400.0,4,4,4,0.0,0.0,2.0,77895.1628,False,Owned with mortgage or loan (include home equity loans),One-family house detached,"Yes, by paying a cell phone company or Internet service provider",No,No,No children,No own children present,No related children present,2 workers,75000_99999,3,married_couple,has_65_plus,20.0,2,syn_t023_h0000003
14000US06089011401,8900,1070673,57,1,1,3,2.0,2,,4.0,2,1,1.0,4.0,40000.0,4,4,4,0.0,0.0,,42826.92,False,Owned with mortgage or loan (include home equity loans),One-family house detached,"No access to the Internet at this house, apartment, or mobile home",,No,No children,No own children present,No related children present,,40000_44999,1,nonfamily_living_alone,no_65_plus,57.0,1,syn_t023_h0000004
14000US06089011401,8900,1070673,15,2,1,1,3.0,1,1.0,6.0,1,2,2.0,1.0,31200.0,4,4,4,0.0,0.0,1.0,33404.9976,False,Owned free and clear,Mobile home or trailer,"Yes, by paying a cell phone company or Internet service provider",Yes,Yes,No children,No own children present,No related children present,1 worker,30000_34999,2,married_couple,has_65_plus,15.0,2,syn_t023_h0000005
14000US06089011401,8900,1035838,81,4,1,1,2.0,1,2.0,4.0,1,3,2.0,3.0,50000.0,1,1,1,2.0,2.0,1.0,51791.9,False,Rented,Mobile home or trailer,"Yes, by paying a cell phone company or Internet service provider",No,Yes,With children under 6 years only,Presence of own children under 6 years only,Presence of related children under 6 years only,1 worker,50000_59999,2,other_female_householder,no_65_plus,81.0,4,syn_t023_h0000006
14000US06089011401,8900,1054346,27,2,1,1,2.0,2,1.0,5.0,2,3,1.0,1.0,29200.0,4,4,4,0.0,0.0,0.0,30786.9032,False,Rented,One-family house detached,"Yes, by paying a cell phone company or Internet service provider",Yes,No,No children,No own children present,No related children present,No workers,30000_34999,1,married_couple,has_65_plus,27.0,2,syn_t023_h0000007
14000US06089011401,8900,1054346,35,2,1,1,2.0,5,1.0,4.0,1,3,2.0,1.0,118000.0,4,4,4,0.0,0.0,2.0,124412.828,False,Rented,3-4 Apartments,"Yes, by paying a cell phone company or Internet service provider",Yes,Yes,No children,No own children present,No related children present,2 workers,100000_124999,2,married_couple,no_65_plus,35.0,2,syn_t023_h0000008
14000US06089011401,8900,1035838,16,2,1,1,2.0,6,2.0,4.0,1,3,1.0,1.0,16000.0,4,4,4,0.0,0.0,2.0,16573.408,False,Rented,5-9 Apartments,"Yes, by paying a cell phone company or Internet service provider",No,Yes,No children,No own children present,No related children present,2 workers,15000_19999,1,married_couple,no_65_plus,16.0,2,syn_t023_h0000009
14000US06089011401,8900,1054346,2,2,1,1,3.0,2,1.0,6.0,1,1,2.0,1.0,55000.0,4,4,4,0.0,0.0,1.0,57989.03,False,Owned with mortgage or loan (include home equity loans),One-family house detached,"Yes, by paying a cell phone company or Internet service provider",Yes,Yes,No children,No own children present,No related children present,1 worker,50000_59999,2,married_couple,no_65_plus,2.0,2,syn_t023_h0000010
14000US06089011401,8900,1035838,17,4,1,1,4.0,2,1.0,8.0,1,1,3.0,1.0,145000.0,4,4,4,0.0,0.0,3.0,150196.51,False,Owned with mortgage or loan (include home equity loans),One-family house detached,"Yes, by paying a cell phone company or Internet service provider",Yes,Yes,No children,No own children present,No related children present,3 or more workers in family,150000_199999,3,married_couple,no_65_plus,17.0,4,syn_t023_h0000011
14000US06089011401,8900,1070673,19,2,1,1,3.0,2,1.0,6.0,2,2,4.0,1.0,46700.0,4,4,4,0.0,0.0,1.0,50000.4291,False,Owned free and clear,One-family house detached,"Yes, by paying a cell phone company or Internet service provider",Yes,No,No children,No own children present,No related children present,1 worker,50000_59999,4_plus,married_couple,has_65_plus,19.0,2,syn_t023_h0000012
14000US06089011401,8900,1013097,38,3,1,1,2.0,7,2.0,4.0,1,3,1.0,3.0,20000.0,3,3,3,2.0,2.0,1.0,20261.94,False,Rented,10-19 Apartments,"Yes, by paying a cell phone company or Internet service provider",No,Yes,With children under 6 years and 6 to 17 years,Presence of own children under 6 years and 6 to 17 years,Presence of related children under 6 years and 6 to 17 years,1 worker,20000_24999,1,other_female_householder,no_65_plus,38.0,3,syn_t023_h0000013
14000US06089011401,8900,1070673,13,1,1,1,3.0,2,1.0,6.0,2,2,2.0,4.0,56200.0,4,4,4,0.0,0.0,,60171.8226,False,Owned free and clear,One-family house detached,"Yes, by paying a cell phone company or Internet service provider",Yes,No,No children,No own children present,No related children present,,60000_74999,2,nonfamily_living_alone,has_65_plus,13.0,1,syn_t023_h0000014
14000US06089011401,8900,1061242,8,2,1,1,3.0,2,2.0,5.0,1,1,2.0,1.0,123000.0,4,4,4,0.0,0.0,2.0,130532.766,False,Owned with mortgage or loan (include home equity loans),One-family house detached,"Yes, by paying a cell phone company or Internet service provider",No,Yes,No children,No own children present,No related children present,2 workers,125000_149999,2,married_couple,no_65_plus,8.0,2,syn_t023_h0000015
14000US06089011401,8900,1061242,37,1,1,1,2.0,5,1.0,4.0,1,3,1.0,4.0,50000.0,4,4,4,0.0,0.0,,53062.1,False,Rented,3-4 Apartments,"Yes, by paying a cell phone company or Internet service provider",Yes,Yes,No children,No own children present,No related children present,,50000_59999,1,nonfamily_living_alone,no_65_plus,37.0,1,syn_t023_h0000016
14000US06089011401,8900,1035838,12,1,1,3,2.0,2,,7.0,2,1,1.0,6.0,48500.0,4,4,4,0.0,0.0,,50238.143,False,Owned with mortgage or loan (include home equity loans),One-family house detached,"No access to the Internet at this house, apartment, or mobile home",,No,No children,No own children present,No related children present,,50000_59999,1,nonfamily_not_living_alone,has_65_plus,12.0,1,syn_t023_h0000017
14000US06089011401,8900,1035838,25,2,1,1,2.0,9,1.0,6.0,2,3,2.0,1.0,54200.0,4,4,4,0.0,0.0,2.0,56142.4196,False,Rented,50 or more apartments,"Yes, by paying a cell phone company or Internet service provider",Yes,No,No children,No own children present,No related children present,2 workers,50000_59999,2,married_couple,no_65_plus,25.0,2,syn_t023_h0000018
14000US06089011401,8900,1013097,50,3,1,1,3.0,5,2.0,4.0,1,3,2.0,3.0,83700.0,2,2,2,1.0,1.0,2.0,84796.2189,False,Rented,3-4 Apartments,"Yes, by paying a cell phone company or Internet service provider",No,Yes,With children 6 to 17 years only,Presence of own children 6 to 17 years only,Presence of related children 6 to 17 years only,2 workers,75000_99999,2,other_female_householder,no_65_plus,50.0,3,syn_t023_h0000019
14000US06089011401,8900,1013097,22,4,1,1,3.0,3,1.0,9.0,1,1,2.0,1.0,135000.0,1,1,1,2.0,2.0,2.0,136768.095,False,Owned with mortgage or loan (include home equity loans),One-family house attached,"Yes, by paying a cell phone company or Internet service provider",Yes,Yes,With children under 6 years only,Presence of own children under 6 years only,Presence of related children under 6 years only,2 workers,125000_149999,2,married_couple,no_65_plus,22.0,4,syn_t023_h0000020
14000US06089011401,8900,1061242,15,2,1,1,3.0,2,2.0,5.0,2,1,5.0,1.0,141550.0,4,4,4,0.0,0.0,2.0,150218.8051,False,Owned with mortgage or loan (include home equity loans),One-family house detached,"Yes, by paying a cell phone company or Internet service provider",No,No,No children,No own children present,No related children present,2 workers,150000_199999,4_plus,married_couple,has_65_plus,15.0,2,syn_t023_h0000021
14000US06089011402,8900,1013097,26,1,1,1,2.0,5,1.0,5.0,1,3,1.0,4.0,99900.0,4,4,4,0.0,0.0,,101208.3903,False,Rented,3-4 Apartments,"Yes, by paying a cell phone company or Internet service provider",Yes,Yes,No children,No own children present,No related children present,,100000_124999,1,nonfamily_living_alone,has_65_plus,26.0,1,syn_t024_h0000001
14000US06089011402,8900,1070673,14,5,1,1,3.0,1,2.0,7.0,1,1,1.0,1.0,88000.0,2,2,2,2.0,2.0,2.0,94219.224,False,Owned with mortgage or loan (include home equity loans),Mobile home or trailer,"Yes, by paying a cell phone company or Internet service provider",No,Yes,With children 6 to 17 years only,Presence of own children 6 to 17 years only,Presence of related children 6 to 17 years only,2 workers,75000_99999,1,married_couple,no_65_plus,14.0,5,syn_t024_h0000002
14000US06089011402,8900,1070673,5,1,1,3,1.0,2,,3.0,2,3,0.0,4.0,10600.0,4,4,4,0.0,0.0,,11349.1338,False,Rented,One-family house detached,"No access to the Internet at this house, apartment, or mobile home",,No,No children,No own children present,No related children present,,10000_14999,0,nonfamily_living_alone,no_65_plus,5.0,1,syn_t024_h0000003
14000US06089011402,8900,1035838,16,2,1,1,2.0,6,2.0,4.0,1,3,1.0,1.0,16000.0,4,4,4,0.0,0.0,2.0,16573.408,False,Rented,5-9 Apartments,"Yes, by paying a cell phone company or Internet service provider",No,Yes,No children,No own children present,No related children present,2 workers,15000_19999,1,married_couple,no_65_plus,16.0,2,syn_t024_h0000004
14000US06089011402,8900,1061242,10,2,1,1,4.0,2,1.0,7.0,2,1,2.0,1.0,198000.0,4,4,4,0.0,0.0,2.0,210125.916,False,Owned with mortgage or loan (include home equity loans),One-family house detached,"Yes, by paying a cell phone company or Internet service provider",Yes,No,No children,No own children present,No related children present,2 workers,200000_plus,2,married_couple,no_65_plus,10.0,2,syn_t024_h0000005
14000US06089011402,8900,1013097,10,4,1,1,3.0,2,1.0,8.0,1,1,4.0,2.0,80600.0,4,4,4,0.0,0.0,1.0,81655.6182,False,Owned with mortgage or loan (include home equity loans),One-family house detached,"Yes, by paying a cell phone company or Internet service provider",Yes,Yes,No children,No own children present,No related children present,1 worker,75000_99999,4_plus,other_male_householder,has_65_plus,10.0,4,syn_t024_h0000006
14000US06089011402,8900,1035838,98,4,1,1,3.0,2,1.0,5.0,2,2,2.0,1.0,63000.0,1,4,1,0.0,1.0,2.0,65257.794,False,Owned free and clear,One-family house detached,"Yes, by paying a cell phone company or Internet service provider",Yes,No,With children under 6 years only,No own children present,Presence of related children under 6 years only,2 workers,60000_74999,2,married_couple,no_65_plus,98.0,4,syn_t024_h0000007
14000US06089011402,8900,1013097,48,4,1,1,3.0,2,1.0,4.0,1,3,2.0,1.0,71000.0,1,1,1,2.0,2.0,1.0,71929.887,False,Rented,One-family house detached,"Yes, by paying a cell phone company or Internet service provider",Yes,Yes,With children under 6 years only,Presence of own children under 6 years only,Presence of related children under 6 years only,1 worker,60000_74999,2,married_couple,no_65_plus,48.0,4,syn_t024_h0000008
14000US06089011402,8900,1013097,20,2,1,1,3.0,2,1.0,7.0,1,1,3.0,5.0,114000.0,4,4,4,0.0,0.0,,115493.058,False,Owned with mortgage or loan (include home equity loans),One-family house detached,"Yes, by paying a cell phone company or Internet service provider",Yes,Yes,No children,No own children present,No related children present,,100000_124999,3,nonfamily_living_alone,has_65_plus,20.0,2,syn_t024_h0000009
14000US06089011402,8900,1070673,57,4,1,3,3.0,2,,6.0,2,3,2.0,1.0,85000.0,2,2,2,2.0,2.0,2.0,91007.205,False,Rented,One-family house detached,"No access to the Internet at this house, apartment, or mobile home",,No,With children 6 to 17 years only,Presence of own children 6 to 17 years only,Presence of related children 6 to 17 years only,2 workers,75000_99999,2,married_couple,no_65_plus,57.0,4,syn_t024_h0000010
14000US06089011402,8900,1070673,11,2,1,1,5.0,2,1.0,8.0,1,1,3.0,1.0,153000.0,4,4,4,0.0,0.0,2.0,163812.969,False,Owned with mortgage or loan (include home equity loans),One-family house detached,"Yes, by paying a cell phone company or Internet service provider",Yes,Yes,No children,No own children present,No related children present,2 workers,150000_199999,3,married_couple,no_65_plus,11.0,2,syn_t024_h0000011
14000US06089011402,8900,1054346,5,1,1,2,3.0,2,,6.0,2,1,1.0,4.0,100000.0,4,4,4,0.0,0.0,,105434.6,False,Owned with mortgage or loan (include home equity loans),One-family house detached,"Yes, without paying a cell phone company or Internet service provider",,No,No children,No own children present,No related children present,,100000_124999,1,nonfamily_living_alone,no_65_plus,5.0,1,syn_t024_h0000012
14000US06089011402,8900,1061242,9,2,1,1,3.0,2,1.0,4.0,2,1,2.0,1.0,61850.0,4,4,4,0.0,0.0,1.0,65637.8177,False,Owned with mortgage or loan (include home equity loans),One-family house detached,"Yes, by paying a cell phone company or Internet service provider",Yes,No,No children,No own children present,No related children present,1 worker,60000_74999,2,married_couple,no_65_plus,9.0,2,syn_t024_h0000013
14000US06089011402,8900,1035838,16,5,1,1,4.0,2,1.0,6.0,1,1,3.0,1.0,170200.0,2,2,2,3.0,3.0,3.0,176299.6276,False,Owned with mortgage or loan (include home equity loans),One-family house detached,"Yes, by paying a cell phone company or Internet service provider",Yes,Yes,With children 6 to 17 years only,Presence of own children 6 to 17 years only,Presence of related children 6 to 17 years only,3 or more workers in family,150000_199999,3,married_couple,no_65_plus,16.0,5,syn_t024_h0000014
14000US06089011402,8900,1070673,39,2,1,1,2.0,2,1.0,5.0,2,2,2.0,1.0,59400.0,4,4,4,0.0,0.0,0.0,63597.9762,False,Owned free and clear,One-family house detached,"Yes, by paying a cell phone company or Internet service provider",Yes,No,No children,No own children present,No related children present,No workers,60000_74999,2,married_couple,has_65_plus,39.0,2,syn_t024_h0000015
14000US06089011402,8900,1013097,19,7,1,1,4.0,2,1.0,7.0,1,1,3.0,1.0,204800.0,2,2,2,4.0,4.0,2.0,207482.2656,False,Owned with mortgage or loan (include home equity loans),One-family house detached,"Yes, by paying a cell phone company or Internet service provider",Yes,Yes,With children 6 to 17 years only,Presence of own children 6 to 17 years only,Presence of related children 6 to 17 years only,2 workers,200000_plus,3,married_couple,no_65_plus,19.0,7,syn_t024_h0000016
14000US06089011403,8900,1070673,10,2,1,1,3.0,2,1.0,5.0,1,1,3.0,1.0,72000.0,4,4,4,0.0,0.0,0.0,77088.456,False,Owned with mortgage or loan (include home equity loans),One-family house detached,"Yes, by paying a cell phone company or Internet service provider",Yes,Yes,No children,No own children present,No related children present,No workers,75000_99999,3,married_couple,no_65_plus,10.0,2,syn_t025_h0000001
14000US06089011403,8900,1070673,17,4,1,1,2.0,2,1.0,4.0,2,3,1.0,3.0,100000.0,4,4,4,0.0,0.0,3.0,107067.3,False,Rented,One-family house detached,"Yes, by paying a cell phone company or Internet service provider",Yes,No,No children,No own children present,No related children present,3 or more workers in family,100000_124999,1,other_female_householder,no_65_plus,17.0,4,syn_t025_h0000002
14000US06089011403,8900,1013097,24,1,1,2,1.0,6,,2.0,1,3,0.0,4.0,25000.0,4,4,4,0.0,0.0,,25327.425,False,Rented,5-9 Apartments,"Yes, without paying a cell phone company or Internet service provider",,Yes,No children,No own children present,No related children present,,25000_29999,0,nonfamily_living_alone,no_65_plus,24.0,1,syn_t025_h0000003
14000US06089011403,8900,1054346,14,4,1,1,2.0,2,1.0,6.0,1,1,2.0,1.0,106500.0,4,4,4,0.0,0.0,1.0,112287.849,False,Owned with mortgage or loan (include home equity loans),One-family house detached,"Yes, by paying a cell phone company or Internet service provider",Yes,Yes,No children,No own children present,No related children present,1 worker,100000_124999,2,married_couple,no_65_plus,14.0,4,syn_t025_h0000004
14000US06089011403,8900,1070673,52,1,1,3,3.0,2,,6.0,2,2,2.0,4.0,46000.0,4,4,4,0.0,0.0,,49250.958,False,Owned free and clear,One-family house detached,"No access to the Internet at this house, apartment, or mobile home",,No,No children,No own children present,No related children present,,45000_49999,2,nonfamily_living_alone,has_65_plus,52.0,1,syn_t025_h0000005
14000US06089011403,8900,1070673,13,3,1,1,3.0,2,1.0,4.0,1,1,3.0,1.0,149600.0,4,4,4,0.0,0.0,3.0,160172.6808,False,Owned with mortgage or loan (include home equity loans),One-family house detached,"Yes, by paying a cell phone company or Internet service provider",Yes,Yes,No children,No own children present,No related children present,3 or more workers in family,150000_199999,3,married_couple,no_65_plus,13.0,3,syn_t025_h0000006
14000US06089011403,8900,1013097,13,2,1,1,3.0,2,1.0,7.0,1,1,3.0,1.0,138200.0,4,4,4,0.0,0.0,2.0,140010.0054,False,Owned with mortgage or loan (include home equity loans),One-family house detached,"Yes, by paying a cell phone company or Internet service provider",Yes,Yes,No children,No own children present,No related children present,2 workers,125000_149999,3,married_couple,no_65_plus,13.0,2,syn_t025_h0000007
14000US06089011403,8900,1061242,35,2,1,1,2.0,6,1.0,5.0,2,3,1.0,1.0,36000.0,4,4,4,0.0,0.0,0.0,38204.712,False,Rented,5-9 Apartments,"Yes, by paying a cell phone company or Internet service provider",Yes,No,No children,No own children present,No related children present,No workers,35000_39999,1,married_couple,has_65_plus,35.0,2,syn_t025_h0000008
14000US06089011403,8900,1035838,36,3,1,3,3.0,2,,5.0,1,3,3.0,3.0,52000.0,2,2,2,1.0,1.0,1.0,53863.576,False,Rented,One-family house detached,"No access to the Internet at this house, apartment, or mobile home",,Yes,With children 6 to 17 years only,Presence of own children 6 to 17 years only,Presence of related children 6 to 17 years only,1 worker,50000_59999,3,other_female_householder,no_65_plus,36.0,3,syn_t025_h0000009
14000US06089011403,8900,1070673,12,2,1,1,4.0,2,1.0,8.0,2,2,3.0,1.0,43000.0,4,4,4,0.0,0.0,2.0,46038.939,False,Owned free and clear,One-family house detached,"Yes, by paying a cell phone company or Internet service provider",Yes,No,No children,No own children present,No related children present,2 workers,45000_49999,3,married_couple,has_65_plus,12.0,2,syn_t025_h0000010
14000US06089011403,8900,1070673,13,1,1,1,2.0,2,2.0,4.0,1,1,0.0,4.0,465500.0,4,4,4,0.0,0.0,,498398.2815,False,Owned with mortgage or loan (include home equity loans),One-family house detached,"Yes, by paying a cell phone company or Internet service provider",No,Yes,No children,No own children present,No related children present,,200000_plus,0,nonfamily_living_alone,no_65_plus,13.0,1,syn_t025_h0000011
14000US06089011403,8900,1061242,23,5,1,3,3.0,1,,5.0,2,1,1.0,3.0,70000.0,4,4,4,0.0,0.0,3.0,74286.94,False,Owned with mortgage or loan (include home equity loans),Mobile home or trailer,"No access to the Internet at this house, apartment, or mobile home",,No,No children,No own children present,No related children present,3 or more workers in family,60000_74999,1,other_female_householder,has_65_plus,23.0,5,syn_t025_h0000012
14000US06089011403,8900,1013097,6,4,1,1,4.0,2,1.0,5.0,1,1,0.0,1.0,249000.0,2,2,2,2.0,2.0,2.0,252261.153,False,Owned with mortgage or loan (include home equity loans),One-family house detached,"Yes, by paying a cell phone company or Internet service provider",Yes,Yes,With children 6 to 17 years only,Presence of own children 6 to 17 years only,Presence of related children 6 to 17 years only,2 workers,200000_plus,0,married_couple,no_65_plus,6.0,4,syn_t025_h0000013
14000US06089011403,8900,1070673,18,2,1,1,3.0,2,1.0,6.0,1,3,2.0,5.0,134700.0,4,4,4,0.0,0.0,,144219.6531,False,Rented,One-family house detached,"Yes, by paying a cell phone company or Internet service provider",Yes,Yes,No children,No own children present,No related children present,,125000_149999,2,nonfamily_living_alone,no_65_plus,18.0,2,syn_t025_h0000014
14000US06089011403,8900,1013097,7,2,1,1,1.0,2,1.0,3.0,1,3,1.0,7.0,83800.0,4,4,4,0.0,0.0,,84897.5286,False,Rented,One-family house detached,"Yes, by paying a cell phone company or Internet service provider",Yes,Yes,No children,No own children present,No related children present,,75000_99999,1,nonfamily_not_living_alone,no_65_plus,7.0,2,syn_t025_h0000015
14000US06089011500,8900,1013097,27,4,1,1,3.0,2,1.0,5.0,1,1,2.0,1.0,160000.0,3,3,3,2.0,2.0,2.0,162095.52,False,Owned with mortgage or loan (include home equity loans),One-family house detached,"Yes, by paying a cell phone company or Internet service provider",Yes,Yes,With children under 6 years and 6 to 17 years,Presence of own children under 6 years and 6 to 17 years,Presence of related children under 6 years and 6 to 17 years,2 workers,150000_199999,2,married_couple,no_65_plus,27.0,4,syn_t026_h0000001
14000US06089011500,8900,1054346,23,4,1,1,5.0,2,1.0,8.0,1,1,4.0,1.0,81500.0,2,2,2,1.0,1.0,2.0,85929.199,False,Owned with mortgage or loan (include home equity loans),One-family house detached,"Yes, by paying a cell phone company or Internet service provider",Yes,Yes,With children 6 to 17 years only,Presence of own children 6 to 17 years only,Presence of related children 6 to 17 years only,2 workers,75000_99999,4_plus,married_couple,no_65_plus,23.0,4,syn_t026_h0000002
14000US06089011500,8900,1061242,50,5,1,1,3.0,2,2.0,4.0,2,3,2.0,1.0,50500.0,3,3,3,2.0,2.0,2.0,53592.721,False,Rented,One-family house detached,"Yes, by paying a cell phone company or Internet service provider",No,No,With children under 6 years and 6 to 17 years,Presence of own children under 6 years and 6 to 17 years,Presence of related children under 6 years and 6 to 17 years,2 workers,50000_59999,2,married_couple,no_65_plus,50.0,5,syn_t026_h0000003
14000US06089011500,8900,1061242,45,5,1,1,3.0,2,1.0,7.0,1,3,5.0,1.0,74500.0,2,2,2,2.0,2.0,3.0,79062.529,False,Rented,One-family house detached,"Yes, by paying a cell phone company or Internet service provider",Yes,Yes,With children 6 to 17 years only,Presence of own children 6 to 17 years only,Presence of related children 6 to 17 years only,3 or more workers in family,75000_99999,4_plus,married_couple,no_65_plus,45.0,5,syn_t026_h0000004
14000US06089011500,8900,1013097,31,5,1,1,3.0,2,1.0,4.0,1,2,1.0,1.0,0.0,2,2,2,2.0,2.0,0.0,0.0,False,Owned free and clear,One-family house detached,"Yes, by paying a cell phone company or Internet service provider",Yes,Yes,With children 6 to 17 years only,Presence of own children 6 to 17 years only,Presence of related children 6 to 17 years only,No workers,lt_10000,1,married_couple,no_65_plus,31.0,5,syn_t026_h0000005
14000US06089011500,8900,1070673,6,2,1,1,4.0,2,1.0,7.0,2,1,3.0,1.0,138000.0,4,4,4,0.0,0.0,0.0,147752.874,False,Owned with mortgage or loan (include home equity loans),One-family house detached,"Yes, by paying a cell phone company or Internet service provider",Yes,No,No children,No own children present,No related children present,No workers,125000_149999,3,married_couple,no_65_plus,6.0,2,syn_t026_h0000006
14000US06089011500,8900,1070673,13,1,1,3,1.0,2,,4.0,2,2,1.0,4.0,34900.0,4,4,4,0.0,0.0,,37366.4877,False,Owned free and clear,One-family house detached,"No access to the Internet at this house, apartment, or mobile home",,No,No children,No own children present,No related children present,,35000_39999,1,nonfamily_living_alone,has_65_plus,13.0,1,syn_t026_h0000007
14000US06089011500,8900,1061242,50,2,1,1,3.0,2,1.0,5.0,1,1,2.0,1.0,26000.0,4,4,4,0.0,0.0,2.0,27592.292,False,Owned with mortgage or loan (include home equity loans),One-family house detached,"Yes, by paying a cell phone company or Internet service provider",Yes,Yes,No children,No own children present,No related children present,2 workers,25000_29999,2,married_couple,no_65_plus,50.0,2,syn_t026_h0000008
14000US06089011500,8900,1070673,62,2,1,2,1.0,1,,2.0,1,3,1.0,1.0,26500.0,4,4,4,0.0,0.0,1.0,28372.8345,False,Rented,Mobile home or trailer,"Yes, without paying a cell phone company or Internet service provider",,Yes,No children,No own children present,No related children present,1 worker,25000_29999,1,married_couple,no_65_plus,62.0,2,syn_t026_h0000009
14000US06089011500,8900,1013097,46,2,1,1,5.0,2,2.0,7.0,1,1,2.0,2.0,130000.0,4,4,4,0.0,0.0,1.0,131702.61,False,Owned with mortgage or loan (include home equity loans),One-family house detached,"Yes, by paying a cell phone company or Internet service provider",No,Yes,No children,No own children present,No related children present,1 worker,125000_149999,2,other_male_householder,has_65_plus,46.0,2,syn_t026_h0000010
14000US06089011500,8900,1035838,84,5,1,1,4.0,2,2.0,8.0,1,3,4.0,1.0,162000.0,2,2,2,3.0,3.0,2.0,167805.756,False,Rented,One-family house detached,"Yes, by paying a cell phone company or Internet service provider",No,Yes,With children 6 to 17 years only,Presence of own children 6 to 17 years only,Presence of related children 6 to 17 years only,2 workers,150000_199999,4_plus,married_couple,no_65_plus,84.0,5,syn_t026_h0000011
14000US06089011500,8900,1013097,11,2,1,1,2.0,2,1.0,7.0,2,3,1.0,1.0,36020.0,4,4,4,0.0,0.0,0.0,36491.75394,False,Rented,One-family house detached,"Yes, by paying a cell phone company or Internet service provider",Yes,No,No children,No own children present,No related children present,No workers,35000_39999,1,married_couple,has_65_plus,11.0,2,syn_t026_h0000012
14000US06089011500,8900,1035838,42,1,1,3,2.0,2,,4.0,2,1,1.0,4.0,45000.0,4,4,4,0.0,0.0,,46612.71,False,Owned with mortgage or loan (include home equity loans),One-family house detached,"No access to the Internet at this house, apartment, or mobile home",,No,No children,No own children present,No related children present,,45000_49999,1,nonfamily_living_alone,no_65_plus,42.0,1,syn_t026_h0000013
14000US06089011500,8900,1035838,15,4,1,1,3.0,2,1.0,7.0,1,1,3.0,1.0,163240.0,4,4,4,0.0,0.0,2.0,169090.19512,False,Owned with mortgage or loan (include home equity loans),One-family house detached,"Yes, by paying a cell phone company or Internet service provider",Yes,Yes,No children,No own children present,No related children present,2 workers,150000_199999,3,married_couple,no_65_plus,15.0,4,syn_t026_h0000014
14000US06089011500,8900,1054346,18,3,1,1,3.0,2,1.0,6.0,2,2,3.0,1.0,18500.0,4,4,4,0.0,0.0,1.0,19505.401,False,Owned free and clear,One-family house detached,"Yes, by paying a cell phone company or Internet service provider",Yes,No,No children,No own children present,No related children present,1 worker,15000_19999,3,married_couple,has_65_plus,18.0,3,syn_t026_h0000015
14000US06089011500,8900,1070673,40,2,1,3,2.0,2,,5.0,2,1,2.0,5.0,18000.0,4,4,4,0.0,0.0,,19272.114,False,Owned with mortgage or loan (include home equity loans),One-family house detached,"No access to the Internet at this house, apartment, or mobile home",,No,No children,No own children present,No related children present,,15000_19999,2,nonfamily_living_alone,no_65_plus,40.0,2,syn_t026_h0000016
14000US06089011500,8900,1061242,42,3,1,1,4.0,2,1.0,5.0,2,3,1.0,1.0,45800.0,4,4,4,0.0,0.0,1.0,48604.8836,False,Rented,One-family house detached,"Yes, by paying a cell phone company or Internet service provider",Yes,No,No children,No own children present,No related children present,1 worker,45000_49999,1,married_couple,has_65_plus,42.0,3,syn_t026_h0000017
14000US06089011500,8900,1070673,38,3,1,3,3.0,2,,6.0,2,1,1.0,3.0,69900.0,4,4,4,0.0,0.0,1.0,74840.0427,False,Owned with mortgage or loan (include home equity loans),One-family house detached,"No access to the Internet at this house, apartment, or mobile home",,No,No children,No own children present,No related children present,1 worker,60000_74999,1,other_female_householder,has_65_plus,38.0,3,syn_t026_h0000018
14000US06089011500,8900,1013097,3,7,1,1,1.0,10,2.0,2.0,2,1,2.0,1.0,218100.0,2,4,2,0.0,2.0,3.0,220956.4557,False,Owned with mortgage or loan (include home equity loans),"Boat, RV, van, etc.","Yes, by paying a cell phone company or Internet service provider",No,No,With children 6 to 17 years only,No own children present,Presence of related children 6 to 17 years only,3 or more workers in family,200000_plus,2,married_couple,has_65_plus,3.0,7,syn_t026_h0000019
14000US06089011500,8900,1013097,52,1,1,1,1.0,6,2.0,2.0,1,3,1.0,4.0,61000.0,4,4,4,0.0,0.0,,61798.917,False,Rented,5-9 Apartments,"Yes, by paying a cell phone company or Internet service provider",No,Yes,No children,No own children present,No related children present,,60000_74999,1,nonfamily_living_alone,no_65_plus,52.0,1,syn_t026_h0000020
14000US06089011500,8900,1054346,25,3,1,1,4.0,2,1.0,9.0,1,2,5.0,1.0,163900.0,4,4,4,0.0,0.0,3.0,172807.3094,False,Owned free and clear,One-family house detached,"Yes, by paying a cell phone company or Internet service provider",Yes,Yes,No children,No own children present,No related children present,3 or more workers in family,150000_199999,4_plus,married_couple,no_65_plus,25.0,3,syn_t026_h0000021
14000US06089011500,8900,1013097,11,1,1,1,1.0,5,1.0,2.0,1,3,1.0,4.0,3100.0,4,4,4,0.0,0.0,,3140.6007,False,Rented,3-4 Apartments,"Yes, by paying a cell phone company or Internet service provider",Yes,Yes,No children,No own children present,No related children present,,lt_10000,1,nonfamily_living_alone,no_65_plus,11.0,1,syn_t026_h0000022
14000US06089011500,8900,1035838,18,6,1,1,3.0,2,1.0,5.0,1,3,1.0,1.0,125600.0,3,3,3,3.0,3.0,2.0,130101.2528,False,Rented,One-family house detached,"Yes, by paying a cell phone company or Internet service provider",Yes,Yes,With children under 6 years and 6 to 17 years,Presence of own children under 6 years and 6 to 17 years,Presence of related children under 6 years and 6 to 17 years,2 workers,125000_149999,1,married_couple,no_65_plus,18.0,6,syn_t026_h0000023
14000US06089011500,8900,1061242,50,6,1,3,3.0,2,,5.0,2,3,1.0,1.0,24500.0,3,3,3,4.0,4.0,1.0,26000.429,False,Rented,One-family house detached,"No access to the Internet at this house, apartment, or mobile home",,No,With children under 6 years and 6 to 17 years,Presence of own children under 6 years and 6 to 17 years,Presence of related children under 6 years and 6 to 17 years,1 worker,25000_29999,1,married_couple,no_65_plus,50.0,6,syn_t026_h0000024
14000US06089011500,8900,1035838,4,2,1,1,3.0,1,2.0,5.0,1,2,1.0,2.0,600.0,4,4,4,0.0,0.0,0.0,621.5028,False,Owned free and clear,Mobile home or trailer,"Yes, by paying a cell phone company or Internet service provider",No,Yes,No children,No own children present,No related children present,No workers,lt_10000,1,other_male_householder,no_65_plus,4.0,2,syn_t026_h0000025
14000US06089011500,8900,1054346,25,1,1,3,2.0,1,,4.0,1,2,1.0,4.0,15850.0,4,4,4,0.0,0.0,,16711.3841,False,Owned free and clear,Mobile home or trailer,"No access to the Internet at this house, apartment, or mobile home",,Yes,No children,No own children present,No related children present,,15000_19999,1,nonfamily_living_alone,no_65_plus,25.0,1,syn_t026_h0000026
14000US06089011500,8900,1013097,12,2,1,1,3.0,2,1.0,9.0,1,1,2.0,1.0,86400.0,4,4,4,0.0,0.0,0.0,87531.5808,False,Owned with mortgage or loan (include home equity loans),One-family house detached,"Yes, by paying a cell phone company or Internet service provider",Yes,Yes,No children,No own children present,No related children present,No workers,75000_99999,2,married_couple,has_65_plus,12.0,2,syn_t026_h0000027
14000US06089011500,8900,1061242,14,2,1,1,2.0,2,1.0,5.0,2,2,2.0,1.0,23400.0,4,4,4,0.0,0.0,0.0,24833.0628,False,Owned free and clear,One-family house detached,"Yes, by paying a cell phone company or Internet service provider",Yes,No,No children,No own children present,No related children present,No workers,20000_24999,2,married_couple,has_65_plus,14.0,2,syn_t026_h0000028
14000US06089011500,8900,1061242,44,2,1,1,2.0,6,1.0,4.0,1,4,2.0,2.0,32700.0,2,2,2,1.0,1.0,1.0,34702.6134,False,Occupied without payment of rent,5-9 Apartments,"Yes, by paying a cell phone company or Internet service provider",Yes,Yes,With children 6 to 17 years only,Presence of own children 6 to 17 years only,Presence of related children 6 to 17 years only,1 worker,30000_34999,2,other_male_householder,no_65_plus,44.0,2,syn_t026_h0000029
14000US06089011500,8900,1061242,51,2,1,3,3.0,2,,4.0,1,3,1.0,2.0,150000.0,2,2,2,1.0,1.0,0.0,159186.3,False,Rented,One-family house detached,"No access to the Internet at this house, apartment, or mobile home",,Yes,With children 6 to 17 years only,Presence of own children 6 to 17 years only,Presence of related children 6 to 17 years only,No workers,150000_199999,1,other_male_householder,no_65_plus,51.0,2,syn_t026_h0000030
14000US06089011500,8900,1054346,9,2,1,1,4.0,2,1.0,15.0,1,1,4.0,1.0,113000.0,4,4,4,0.0,0.0,1.0,119141.098,False,Owned with mortgage or loan (include home equity loans),One-family house detached,"Yes, by paying a cell phone company or Internet service provider",Yes,Yes,No children,No own children present,No related children present,1 worker,100000_124999,4_plus,married_couple,has_65_plus,9.0,2,syn_t026_h0000031
14000US06089011600,8900,1035838,13,5,1,1,4.0,2,1.0,7.0,1,3,3.0,1.0,51380.0,2,2,2,2.0,2.0,2.0,53221.35644,False,Rented,One-family house detached,"Yes, by paying a cell phone company or Internet service provider",Yes,Yes,With children 6 to 17 years only,Presence of own children 6 to 17 years only,Presence of related children 6 to 17 years only,2 workers,50000_59999,3,married_couple,no_65_plus,13.0,5,syn_t027_h0000001
14000US06089011600,8900,1061242,11,1,1,1,2.0,2,1.0,5.0,1,1,1.0,6.0,48200.0,4,4,4,0.0,0.0,,51151.8644,False,Owned with mortgage or loan (include home equity loans),One-family house detached,"Yes, by paying a cell phone company or Internet service provider",Yes,Yes,No children,No own children present,No related children present,,50000_59999,1,nonfamily_not_living_alone,has_65_plus,11.0,1,syn_t027_h0000002
14000US06089011600,8900,1054346,13,3,1,1,1.0,4,2.0,2.0,1,3,1.0,2.0,28800.0,1,1,1,1.0,1.0,2.0,30365.1648,False,Rented,2 Apartments,"Yes, by paying a cell phone company or Internet service provider",No,Yes,With children under 6 years only,Presence of own children under 6 years only,Presence of related children under 6 years only,2 workers,30000_34999,1,other_male_householder,no_65_plus,13.0,3,syn_t027_h0000003
14000US06089011600,8900,1013097,41,1,1,3,3.0,2,,5.0,1,3,2.0,4.0,2000.0,4,4,4,0.0,0.0,,2026.194,False,Rented,One-family house detached,"No access to the Internet at this house, apartment, or mobile home",,Yes,No children,No own children present,No related children present,,lt_10000,2,nonfamily_living_alone,has_65_plus,41.0,1,syn_t027_h0000004
14000US06089011600,8900,1070673,12,2,1,1,3.0,2,1.0,6.0,1,3,1.0,3.0,0.0,2,2,2,1.0,1.0,0.0,0.0,False,Rented,One-family house detached,"Yes, by paying a cell phone company or Internet service provider",Yes,Yes,With children 6 to 17 years only,Presence of own children 6 to 17 years only,Presence of related children 6 to 17 years only,No workers,lt_10000,1,other_female_householder,no_65_plus,12.0,2,syn_t027_h0000005
14000US06089011600,8900,1070673,12,2,1,1,3.0,2,2.0,6.0,1,1,3.0,1.0,51100.0,4,4,4,0.0,0.0,2.0,54711.3903,False,Owned with mortgage or loan (include home equity loans),One-family house detached,"Yes, by paying a cell phone company or Internet service provider",No,Yes,No children,No own children present,No related children present,2 workers,50000_59999,3,married_couple,no_65_plus,12.0,2,syn_t027_h0000006
14000US06089011600,8900,1054346,55,3,1,1,3.0,2,1.0,6.0,1,1,1.0,3.0,51900.0,4,4,4,0.0,0.0,1.0,54720.5574,False,Owned with mortgage or loan (include home equity loans),One-family house detached,"Yes, by paying a cell phone company or Internet service provider",Yes,Yes,No children,No own children present,No related children present,1 worker,50000_59999,1,other_female_householder,no_65_plus,55.0,3,syn_t027_h0000007
14000US06089011600,8900,1013097,25,3,1,1,3.0,2,1.0,5.0,1,1,5.0,1.0,128000.0,4,4,4,0.0,0.0,2.0,129676.416,False,Owned with mortgage or loan (include home equity loans),One-family house detached,"Yes, by paying a cell phone company or Internet service provider",Yes,Yes,No children,No own children present,No related children present,2 workers,125000_149999,4_plus,married_couple,has_65_plus,25.0,3,syn_t027_h0000008
14000US06089011600,8900,1054346,31,3,1,1,2.0,5,2.0,4.0,1,3,1.0,3.0,8000.0,1,1,1,2.0,2.0,0.0,8434.768,False,Rented,3-4 Apartments,"Yes, by paying a cell phone company or Internet service provider",No,Yes,With children under 6 years only,Presence of own children under 6 years only,Presence of related children under 6 years only,No workers,lt_10000,1,other_female_householder,no_65_plus,31.0,3,syn_t027_h0000009
14000US06089011600,8900,1054346,14,1,1,1,2.0,3,2.0,4.0,1,3,1.0,4.0,60000.0,4,4,4,0.0,0.0,,63260.76,False,Rented,One-family house attached,"Yes, by paying a cell phone company or Internet service provider",No,Yes,No children,No own children present,No related children present,,60000_74999,1,nonfamily_living_alone,no_65_plus,14.0,1,syn_t027_h0000010
14000US06089011600,8900,1054346,22,4,1,1,3.0,2,1.0,7.0,1,1,2.0,1.0,98000.0,2,2,2,2.0,2.0,2.0,103325.908,False,Owned with mortgage or loan (include home equity loans),One-family house detached,"Yes, by paying a cell phone company or Internet service provider",Yes,Yes,With children 6 to 17 years only,Presence of own children 6 to 17 years only,Presence of related children 6 to 17 years only,2 workers,100000_124999,2,married_couple,no_65_plus,22.0,4,syn_t027_h0000011
14000US06089011600,8900,1054346,23,2,1,1,4.0,2,2.0,7.0,1,2,4.0,1.0,58800.0,4,4,4,0.0,0.0,1.0,61995.5448,False,Owned free and clear,One-family house detached,"Yes, by paying a cell phone company or Internet service provider",No,Yes,No children,No own children present,No related children present,1 worker,60000_74999,4_plus,married_couple,no_65_plus,23.0,2,syn_t027_h0000012
14000US06089011600,8900,1054346,38,2,1,1,2.0,3,2.0,4.0,1,3,2.0,5.0,0.0,4,4,4,0.0,0.0,,0.0,False,Rented,One-family house attached,"Yes, by paying a cell phone company or Internet service provider",No,Yes,No children,No own children present,No related children present,,lt_10000,2,nonfamily_living_alone,has_65_plus,38.0,2,syn_t027_h0000013
14000US06089011600,8900,1061242,18,1,1,2,0.0,2,,1.0,1,3,1.0,4.0,24000.0,4,4,4,0.0,0.0,,25469.808,False,Rented,One-family house detached,"Yes, without paying a cell phone company or Internet service provider",,Yes,No children,No own children present,No related children present,,25000_29999,1,nonfamily_living_alone,no_65_plus,18.0,1,syn_t027_h0000014
14000US06089011600,8900,1054346,14,2,1,1,3.0,2,1.0,5.0,2,2,2.0,1.0,25100.0,4,4,4,0.0,0.0,0.0,26464.0846,False,Owned free and clear,One-family house detached,"Yes, by paying a cell phone company or Internet service provider",Yes,No,No children,No own children present,No related children present,No workers,25000_29999,2,married_couple,has_65_plus,14.0,2,syn_t027_h0000015
14000US06089011600,8900,1035838,16,6,1,1,5.0,2,1.0,7.0,1,3,4.0,3.0,87400.0,2,2,2,1.0,1.0,1.0,90532.2412,False,Rented,One-family house detached,"Yes, by paying a cell phone company or Internet service provider",Yes,Yes,With children 6 to 17 years only,Presence of own children 6 to 17 years only,Presence of related children 6 to 17 years only,1 worker,75000_99999,4_plus,other_female_householder,has_65_plus,16.0,6,syn_t027_h0000016
14000US06089011600,8900,1054346,14,2,1,1,2.0,2,1.0,5.0,1,4,1.0,1.0,18000.0,4,4,4,0.0,0.0,0.0,18978.228,False,Occupied without payment of rent,One-family house detached,"Yes, by paying a cell phone company or Internet service provider",Yes,Yes,No children,No own children present,No related children present,No workers,15000_19999,1,married_couple,no_65_plus,14.0,2,syn_t027_h0000017
14000US06089011600,8900,1070673,27,1,1,1,2.0,4,1.0,4.0,2,3,1.0,6.0,47000.0,4,4,4,0.0,0.0,,50321.631,False,Rented,2 Apartments,"Yes, by paying a cell phone company or Internet service provider",Yes,No,No children,No own children present,No related children present,,50000_59999,1,nonfamily_not_living_alone,no_65_plus,27.0,1,syn_t027_h0000018
14000US06089011600,8900,1013097,20,2,1,1,3.0,2,1.0,7.0,1,1,3.0,5.0,114000.0,4,4,4,0.0,0.0,,115493.058,False,Owned with mortgage or loan (include home equity loans),One-family house detached,"Yes, by paying a cell phone company or Internet service provider",Yes,Yes,No children,No own children present,No related children present,,100000_124999,3,nonfamily_living_alone,has_65_plus,20.0,2,syn_t027_h0000019
14000US06089011600,8900,1054346,11,1,1,3,2.0,2,,6.0,2,3,2.0,4.0,2130.0,4,4,4,0.0,0.0,,2245.75698,False,Rented,One-family house detached,"No access to the Internet at this house, apartment, or mobile home",,No,No children,No own children present,No related children present,,lt_10000,2,nonfamily_living_alone,has_65_plus,11.0,1,syn_t027_h0000020
14000US06089011600,8900,1035838,11,12,1,1,3.0,2,1.0,6.0,1,3,2.0,1.0,46500.0,2,2,2,9.0,9.0,3.0,48166.467,False,Rented,One-family house detached,"Yes, by paying a cell phone company or Internet service provider",Yes,Yes,With children 6 to 17 years only,Presence of own children 6 to 17 years only,Presence of related children 6 to 17 years only,3 or more workers in family,45000_49999,2,married_couple,no_65_plus,11.0,12,syn_t027_h0000021
14000US06089011701,8900,1013097,28,2,1,1,3.0,1,1.0,5.0,1,1,5.0,1.0,94570.0,4,4,4,0.0,0.0,2.0,95808.58329,False,Owned with mortgage or loan (include home equity loans),Mobile home or trailer,"Yes, by paying a cell phone company or Internet service provider",Yes,Yes,No children,No own children present,No related children present,2 workers,75000_99999,4_plus,married_couple,no_65_plus,28.0,2,syn_t028_h0000001
14000US06089011701,8900,1070673,23,3,1,1,2.0,1,2.0,6.0,1,2,2.0,1.0,33300.0,4,4,4,0.0,0.0,0.0,35653.4109,False,Owned free and clear,Mobile home or trailer,"Yes, by paying a cell phone company or Internet service provider",No,Yes,No children,No own children present,No related children present,No workers,35000_39999,2,married_couple,has_65_plus,23.0,3,syn_t028_h0000002
14000US06089011701,8900,1013097,30,7,1,1,4.0,2,1.0,5.0,1,1,3.0,1.0,164120.0,2,2,2,3.0,3.0,3.0,166269.47964,False,Owned with mortgage or loan (include home equity loans),One-family house detached,"Yes, by paying a cell phone company or Internet service provider",Yes,Yes,With children 6 to 17 years only,Presence of own children 6 to 17 years only,Presence of related children 6 to 17 years only,3 or more workers in family,150000_199999,3,married_couple,no_65_plus,30.0,7,syn_t028_h0000003
14000US06089011701,8900,1054346,33,4,1,1,2.0,2,2.0,4.0,1,3,2.0,3.0,16000.0,3,3,3,2.0,2.0,1.0,16869.536,False,Rented,One-family house detached,"Yes, by paying a cell phone company or Internet service provider",No,Yes,With children under 6 years and 6 to 17 years,Presence of own children under 6 years and 6 to 17 years,Presence of related children under 6 years and 6 to 17 years,1 worker,15000_19999,2,other_female_householder,no_65_plus,33.0,4,syn_t028_h0000004
14000US06089011701,8900,1054346,35,2,1,1,4.0,2,1.0,6.0,1,2,2.0,1.0,47200.0,4,4,4,0.0,0.0,1.0,49765.1312,False,Owned free and clear,One-family house detached,"Yes, by paying a cell phone company or Internet service provider",Yes,Yes,No children,No own children present,No related children present,1 worker,45000_49999,2,married_couple,no_65_plus,35.0,2,syn_t028_h0000005
14000US06089011701,8900,1061242,7,2,1,1,2.0,2,2.0,5.0,2,1,3.0,1.0,136000.0,4,4,4,0.0,0.0,0.0,144328.912,False,Owned with mortgage or loan (include home equity loans),One-family house detached,"Yes, by paying a cell phone company or Internet service provider",No,No,No children,No own children present,No related children present,No workers,125000_149999,3,married_couple,no_65_plus,7.0,2,syn_t028_h0000006
14000US06089011701,8900,1013097,26,2,1,1,1.0,2,1.0,2.0,1,3,2.0,7.0,40300.0,4,4,4,0.0,0.0,,40827.8091,False,Rented,One-family house detached,"Yes, by paying a cell phone company or Internet service provider",Yes,Yes,No children,No own children present,No related children present,,40000_44999,2,nonfamily_not_living_alone,no_65_plus,26.0,2,syn_t028_h0000007
14000US06089011701,8900,1013097,41,4,1,1,3.0,2,1.0,6.0,1,1,1.0,3.0,65600.0,1,1,1,2.0,2.0,0.0,66459.1632,False,Owned with mortgage or loan (include home equity loans),One-family house detached,"Yes, by paying a cell phone company or Internet service provider",Yes,Yes,With children under 6 years only,Presence of own children under 6 years only,Presence of related children under 6 years only,No workers,60000_74999,1,other_female_householder,no_65_plus,41.0,4,syn_t028_h0000008
14000US06089011701,8900,1061242,15,2,1,1,3.0,2,1.0,8.0,2,1,2.0,1.0,44420.0,4,4,4,0.0,0.0,1.0,47140.36964,False,Owned with mortgage or loan (include home equity loans),One-family house detached,"Yes, by paying a cell phone company or Internet service provider",Yes,No,No children,No own children present,No related children present,1 worker,45000_49999,2,married_couple,has_65_plus,15.0,2,syn_t028_h0000009
14000US06089011701,8900,1035838,78,4,1,1,4.0,2,1.0,8.0,1,3,3.0,3.0,68900.0,2,2,2,2.0,2.0,1.0,71369.2382,False,Rented,One-family house detached,"Yes, by paying a cell phone company or Internet service provider",Yes,Yes,With children 6 to 17 years only,Presence of own children 6 to 17 years only,Presence of related children 6 to 17 years only,1 worker,60000_74999,3,other_female_householder,no_65_plus,78.0,4,syn_t028_h0000010
14000US06089011701,8900,1070673,8,2,1,1,3.0,2,1.0,5.0,2,3,1.0,1.0,44500.0,4,4,4,0.0,0.0,0.0,47644.9485,False,Rented,One-family house detached,"Yes, by paying a cell phone company or Internet service provider",Yes,No,No children,No own children present,No related children present,No workers,45000_49999,1,married_couple,has_65_plus,8.0,2,syn_t028_h0000011
14000US06089011701,8900,1035838,37,3,1,1,3.0,1,1.0,6.0,1,2,2.0,1.0,57000.0,4,4,4,0.0,0.0,2.0,59042.766,False,Owned free and clear,Mobile home or trailer,"Yes, by paying a cell phone company or Internet service provider",Yes,Yes,No children,No own children present,No related children present,2 workers,50000_59999,2,married_couple,has_65_plus,37.0,3,syn_t028_h0000012
14000US06089011702,8900,1061242,15,2,1,1,3.0,2,1.0,6.0,2,1,2.0,1.0,42400.0,4,4,4,0.0,0.0,0.0,44996.6608,False,Owned with mortgage or loan (include home equity loans),One-family house detached,"Yes, by paying a cell phone company or Internet service provider",Yes,No,No children,No own children present,No related children present,No workers,40000_44999,2,married_couple,has_65_plus,15.0,2,syn_t029_h0000001
14000US06089011702,8900,1013097,9,2,1,1,4.0,2,1.0,5.0,1,2,2.0,1.0,63800.0,4,4,4,0.0,0.0,0.0,64635.5886,False,Owned free and clear,One-family house detached,"Yes, by paying a cell phone company or Internet service provider",Yes,Yes,No children,No own children present,No related children present,No workers,60000_74999,2,married_couple,has_65_plus,9.0,2,syn_t029_h0000002
14000US06089011702,8900,1070673,12,2,1,1,2.0,3,1.0,6.0,2,2,1.0,3.0,12600.0,4,4,4,0.0,0.0,0.0,13490.4798,False,Owned free and clear,One-family house attached,"Yes, by paying a cell phone company or Internet service provider",Yes,No,No children,No own children present,No related children present,No workers,10000_14999,1,other_female_householder,has_65_plus,12.0,2,syn_t029_h0000003
14000US06089011702,8900,1070673,39,2,1,3,3.0,2,,6.0,2,1,2.0,3.0,55000.0,4,4,4,0.0,0.0,2.0,58887.015,False,Owned with mortgage or loan (include home equity loans),One-family house detached,"No access to the Internet at this house, apartment, or mobile home",,No,No children,No own children present,No related children present,2 workers,50000_59999,2,other_female_householder,no_65_plus,39.0,2,syn_t029_h0000004
14000US06089011702,8900,1054346,33,3,1,1,3.0,1,1.0,6.0,2,3,2.0,3.0,29400.0,4,4,4,0.0,0.0,0.0,30997.7724,False,Rented,Mobile home or trailer,"Yes, by paying a cell phone company or Internet service provider",Yes,No,No children,No own children present,No related children present,No workers,30000_34999,2,other_female_householder,has_65_plus,33.0,3,syn_t029_h0000005
14000US06089011702,8900,1054346,38,1,1,1,3.0,2,1.0,5.0,1,1,1.0,4.0,40000.0,4,4,4,0.0,0.0,,42173.84,False,Owned with mortgage or loan (include home equity loans),One-family house detached,"Yes, by paying a cell phone company or Internet service provider",Yes,Yes,No children,No own children present,No related children present,,40000_44999,1,nonfamily_living_alone,no_65_plus,38.0,1,syn_t029_h0000006
14000US06089011702,8900,1054346,34,1,1,1,2.0,6,1.0,3.0,1,3,1.0,4.0,6000.0,4,4,4,0.0,0.0,,6326.076,False,Rented,5-9 Apartments,"Yes, by paying a cell phone company or Internet service provider",Yes,Yes,No children,No own children present,No related children present,,lt_10000,1,nonfamily_living_alone,no_65_plus,34.0,1,syn_t029_h0000007
14000US06089011702,8900,1054346,43,2,1,3,2.0,2,,4.0,2,3,2.0,3.0,9000.0,4,4,4,0.0,0.0,1.0,9489.114,False,Rented,One-family house detached,"No access to the Internet at this house, apartment, or mobile home",,No,No children,No own children present,No related children present,1 worker,lt_10000,2,other_female_householder,no_65_plus,43.0,2,syn_t029_h0000008
14000US06089011702,8900,1035838,10,2,1,1,2.0,3,1.0,7.0,1,3,2.0,2.0,65000.0,4,4,4,0.0,0.0,2.0,67329.47,False,Rented,One-family house attached,"Yes, by paying a cell phone company or Internet service provider",Yes,Yes,No children,No own children present,No related children present,2 workers,60000_74999,2,other_male_householder,no_65_plus,10.0,2,syn_t029_h0000009
14000US06089011702,8900,1054346,75,1,1,1,3.0,2,2.0,6.0,1,1,1.0,4.0,55000.0,4,4,4,0.0,0.0,,57989.03,False,Owned with mortgage or loan (include home equity loans),One-family house detached,"Yes, by paying a cell phone company or Internet service provider",No,Yes,No children,No own children present,No related children present,,50000_59999,1,nonfamily_living_alone,no_65_plus,75.0,1,syn_t029_h0000010
14000US06089011702,8900,1013097,10,2,1,1,4.0,2,2.0,6.0,1,1,2.0,1.0,103000.0,4,4,4,0.0,0.0,2.0,104348.991,False,Owned with mortgage or loan (include home equity loans),One-family house detached,"Yes, by paying a cell phone company or Internet service provider",No,Yes,No children,No own children present,No related children present,2 workers,100000_124999,2,married_couple,no_65_plus,10.0,2,syn_t029_h0000011
14000US06089011702,8900,1054346,14,3,1,1,3.0,2,1.0,5.0,1,1,2.0,3.0,72000.0,2,2,2,2.0,2.0,2.0,75912.912,False,Owned with mortgage or loan (include home equity loans),One-family house detached,"Yes, by paying a cell phone company or Internet service provider",Yes,Yes,With children 6 to 17 years only,Presence of own children 6 to 17 years only,Presence of related children 6 to 17 years only,2 workers,75000_99999,2,other_female_householder,no_65_plus,14.0,3,syn_t029_h0000012
14000US06089011702,8900,1061242,41,6,1,1,3.0,2,1.0,5.0,1,3,3.0,3.0,39000.0,3,1,3,1.0,2.0,1.0,41388.438,False,Rented,One-family house detached,"Yes, by paying a cell phone company or Internet service provider",Yes,Yes,With children under 6 years and 6 to 17 years,Presence of own children under 6 years only,Presence of related children under 6 years and 6 to 17 years,1 worker,40000_44999,3,other_female_householder,no_65_plus,41.0,6,syn_t029_h0000013
14000US06089011702,8900,1013097,29,2,1,1,1.0,6,2.0,3.0,1,3,0.0,3.0,16000.0,4,4,4,0.0,0.0,1.0,16209.552,False,Rented,5-9 Apartments,"Yes, by paying a cell phone company or Internet service provider",No,Yes,No children,No own children present,No related children present,1 worker,15000_19999,0,other_female_householder,has_65_plus,29.0,2,syn_t029_h0000014
14000US06089011702,8900,1061242,7,3,1,1,3.0,2,1.0,6.0,1,2,4.0,1.0,129600.0,2,2,2,1.0,1.0,1.0,137536.9632,False,Owned free and clear,One-family house detached,"Yes, by paying a cell phone company or Internet service provider",Yes,Yes,With children 6 to 17 years only,Presence of own children 6 to 17 years only,Presence of related children 6 to 17 years only,1 worker,125000_149999,4_plus,married_couple,no_65_plus,7.0,3,syn_t029_h0000015
14000US06089011702,8900,1013097,15,2,1,1,3.0,2,1.0,6.0,1,2,2.0,1.0,144000.0,4,4,4,0.0,0.0,2.0,145885.968,False,Owned free and clear,One-family house detached,"Yes, by paying a cell phone company or Internet service provider",Yes,Yes,No children,No own children present,No related children present,2 workers,125000_149999,2,married_couple,no_65_plus,15.0,2,syn_t029_h0000016
14000US06089011702,8900,1054346,42,4,1,3,7.0,2,,12.0,1,3,0.0,3.0,14400.0,2,2,2,1.0,3.0,0.0,15182.5824,False,Rented,One-family house detached,"No access to the Internet at this house, apartment, or mobile home",,Yes,With children 6 to 17 years only,Presence of own children 6 to 17 years only,Presence of related children 6 to 17 years only,No workers,15000_19999,0,other_female_householder,no_65_plus,42.0,4,syn_t029_h0000017
14000US06089011702,8900,1013097,16,2,1,1,3.0,2,1.0,7.0,2,2,2.0,3.0,31000.0,4,4,4,0.0,0.0,2.0,31406.007,False,Owned free and clear,One-family house detached,"Yes, by paying a cell phone company or Internet service provider",Yes,No,No children,No own children present,No related children present,2 workers,30000_34999,2,other_female_householder,no_65_plus,16.0,2,syn_t029_h0000018
14000US06089011703,8900,1054346,7,3,1,1,2.0,1,2.0,3.0,1,3,3.0,3.0,6500.0,2,2,2,2.0,2.0,0.0,6853.249,False,Rented,Mobile home or trailer,"Yes, by paying a cell phone company or Internet service provider",No,Yes,With children 6 to 17 years only,Presence of own children 6 to 17 years only,Presence of related children 6 to 17 years only,No workers,lt_10000,3,other_female_householder,no_65_plus,7.0,3,syn_t030_h0000001
14000US06089011703,8900,1070673,18,2,1,3,1.0,2,,3.0,2,3,1.0,5.0,9500.0,4,4,4,0.0,0.0,,10171.3935,False,Rented,One-family house detached,"No access to the Internet at this house, apartment, or mobile home",,No,No children,No own children present,No related children present,,10000_14999,1,nonfamily_living_alone,no_65_plus,18.0,2,syn_t030_h0000002
14000US06089011703,8900,1013097,47,1,1,3,0.0,1,,1.0,2,3,1.0,4.0,15600.0,4,4,4,0.0,0.0,,15804.3132,False,Rented,Mobile home or trailer,"No access to the Internet at this house, apartment, or mobile home",,No,No children,No own children present,No related children present,,15000_19999,1,nonfamily_living_alone,has_65_plus,47.0,1,syn_t030_h0000003
14000US06089011703,8900,1013097,13,4,1,1,3.0,2,2.0,5.0,1,1,2.0,1.0,75000.0,3,3,3,2.0,2.0,2.0,75982.275,False,Owned with mortgage or loan (include home equity loans),One-family house detached,"Yes, by paying a cell phone company or Internet service provider",No,Yes,With children under 6 years and 6 to 17 years,Presence of own children under 6 years and 6 to 17 years,Presence of related children under 6 years and 6 to 17 years,2 workers,75000_99999,2,married_couple,no_65_plus,13.0,4,syn_t030_h0000004
14000US06089011703,8900,1013097,28,2,1,3,3.0,2,,5.0,1,3,1.0,2.0,14400.0,4,4,4,0.0,0.0,0.0,14588.5968,False,Rented,One-family house detached,"No access to the Internet at this house, apartment, or mobile home",,Yes,No children,No own children present,No related children present,No workers,10000_14999,1,other_male_householder,has_65_plus,28.0,2,syn_t030_h0000005
14000US06089011703,8900,1035838,20,2,1,1,2.0,5,1.0,5.0,1,3,0.0,2.0,11700.0,4,4,4,0.0,0.0,1.0,12119.3046,False,Rented,3-4 Apartments,"Yes, by paying a cell phone company or Internet service provider",Yes,Yes,No children,No own children present,No related children present,1 worker,10000_14999,0,other_male_householder,no_65_plus,20.0,2,syn_t030_h0000006
14000US06089011703,8900,1035838,59,2,1,1,3.0,2,2.0,5.0,1,1,2.0,5.0,119000.0,4,4,4,0.0,0.0,,123264.722,False,Owned with mortgage or loan (include home equity loans),One-family house detached,"Yes, by paying a cell phone company or Internet service provider",No,Yes,No children,No own children present,No related children present,,100000_124999,2,nonfamily_living_alone,no_65_plus,59.0,2,syn_t030_h0000007
14000US06089011703,8900,1061242,37,4,1,3,2.0,2,,3.0,2,3,1.0,3.0,21700.0,1,4,1,0.0,1.0,1.0,23028.9514,False,Rented,One-family house detached,"No access to the Internet at this house, apartment, or mobile home",,No,With children under 6 years only,No own children present,Presence of related children under 6 years only,1 worker,20000_24999,1,other_female_householder,no_65_plus,37.0,4,syn_t030_h0000008
14000US06089011703,8900,1013097,36,2,1,1,2.0,9,1.0,3.0,1,3,2.0,3.0,118000.0,4,4,4,0.0,0.0,2.0,119545.446,False,Rented,50 or more apartments,"Yes, by paying a cell phone company or Internet service provider",Yes,Yes,No children,No own children present,No related children present,2 workers,100000_124999,2,other_female_householder,no_65_plus,36.0,2,syn_t030_h0000009
14000US06089011703,8900,1061242,61,4,1,1,2.0,1,1.0,4.0,1,2,1.0,3.0,10350.0,3,3,3,2.0,2.0,0.0,10983.8547,False,Owned free and clear,Mobile home or trailer,"Yes, by paying a cell phone company or Internet service provider",Yes,Yes,With children under 6 years and 6 to 17 years,Presence of own children under 6 years and 6 to 17 years,Presence of related children under 6 years and 6 to 17 years,No workers,10000_14999,1,other_female_householder,no_65_plus,61.0,4,syn_t030_h0000010
14000US06089011703,8900,1061242,11,3,1,1,4.0,2,1.0,5.0,2,1,2.0,1.0,11500.0,4,4,4,0.0,0.0,2.0,12204.283,False,Owned with mortgage or loan (include home equity loans),One-family house detached,"Yes, by paying a cell phone company or Internet service provider",Yes,No,No children,No own children present,No related children present,2 workers,10000_14999,2,married_couple,no_65_plus,11.0,3,syn_t030_h0000011
14000US06089011703,8900,1070673,25,3,1,1,3.0,2,2.0,4.0,1,2,1.0,3.0,50000.0,4,4,4,0.0,0.0,2.0,53533.65,False,Owned free and clear,One-family house detached,"Yes, by paying a cell phone company or Internet service provider",No,Yes,No children,No own children present,No related children present,2 workers,50000_59999,1,other_female_householder,no_65_plus,25.0,3,syn_t030_h0000012
14000US06089011703,8900,1013097,14,1,1,1,2.0,1,1.0,6.0,1,1,2.0,4.0,48200.0,4,4,4,0.0,0.0,,48831.2754,False,Owned with mortgage or loan (include home equity loans),Mobile home or trailer,"Yes, by paying a cell phone company or Internet service provider",Yes,Yes,No children,No own children present,No related children present,,45000_49999,2,nonfamily_living_alone,has_65_plus,14.0,1,syn_t030_h0000013
14000US06089011703,8900,1013097,29,4,1,1,3.0,1,1.0,5.0,1,2,3.0,2.0,45400.0,2,2,2,2.0,2.0,1.0,45994.6038,False,Owned free and clear,Mobile home or trailer,"Yes, by paying a cell phone company or Internet service provider",Yes,Yes,With children 6 to 17 years only,Presence of own children 6 to 17 years only,Presence of related children 6 to 17 years only,1 worker,45000_49999,3,other_male_householder,no_65_plus,29.0,4,syn_t030_h0000014
14000US06089011703,8900,1054346,64,1,1,3,4.0,2,,7.0,1,1,1.0,4.0,26000.0,4,4,4,0.0,0.0,,27412.996,False,Owned with mortgage or loan (include home equity loans),One-family house detached,"No access to the Internet at this house, apartment, or mobile home",,Yes,No children,No own children present,No related children present,,25000_29999,1,nonfamily_living_alone,no_65_plus,64.0,1,syn_t030_h0000015
14000US06089011703,8900,1013097,38,3,1,1,2.0,7,2.0,4.0,1,3,1.0,3.0,20000.0,3,3,3,2.0,2.0,1.0,20261.94,False,Rented,10-19 Apartments,"Yes, by paying a cell phone company or Internet service provider",No,Yes,With children under 6 years and 6 to 17 years,Presence of own children under 6 years and 6 to 17 years,Presence of related children under 6 years and 6 to 17 years,1 worker,20000_24999,1,other_female_householder,no_65_plus,38.0,3,syn_t030_h0000016
14000US06089011703,8900,1035838,8,1,1,1,3.0,2,1.0,8.0,2,2,1.0,4.0,44300.0,4,4,4,0.0,0.0,,45887.6234,False,Owned free and clear,One-family house detached,"Yes, by paying a cell phone company or Internet service provider",Yes,No,No children,No own children present,No related children present,,45000_49999,1,nonfamily_living_alone,has_65_plus,8.0,1,syn_t030_h0000017
14000US06089011801,8900,1061242,29,2,1,1,4.0,2,1.0,8.0,1,2,3.0,1.0,96000.0,4,4,4,0.0,0.0,1.0,101879.232,False,Owned free and clear,One-family house detached,"Yes, by paying a cell phone company or Internet service provider",Yes,Yes,No children,No own children present,No related children present,1 worker,100000_124999,3,married_couple,has_65_plus,29.0,2,syn_t031_h0000001
14000US06089011801,8900,1013097,47,1,1,3,0.0,1,,1.0,2,3,1.0,4.0,15600.0,4,4,4,0.0,0.0,,15804.3132,False,Rented,Mobile home or trailer,"No access to the Internet at this house, apartment, or mobile home",,No,No children,No own children present,No related children present,,15000_19999,1,nonfamily_living_alone,has_65_plus,47.0,1,syn_t031_h0000002
14000US06089011801,8900,1070673,34,5,1,1,5.0,2,1.0,6.0,2,2,3.0,3.0,184300.0,4,4,4,0.0,0.0,3.0,197325.0339,False,Owned free and clear,One-family house detached,"Yes, by paying a cell phone company or Internet service provider",Yes,No,No children,No own children present,No related children present,3 or more workers in family,150000_199999,3,other_female_householder,has_65_plus,34.0,5,syn_t031_h0000003
14000US06089011801,8900,1013097,11,5,1,1,4.0,2,1.0,8.0,1,1,5.0,1.0,97700.0,2,2,2,2.0,2.0,2.0,98979.5769,False,Owned with mortgage or loan (include home equity loans),One-family house detached,"Yes, by paying a cell phone company or Internet service provider",Yes,Yes,With children 6 to 17 years only,Presence of own children 6 to 17 years only,Presence of related children 6 to 17 years only,2 workers,75000_99999,4_plus,married_couple,no_65_plus,11.0,5,syn_t031_h0000004
14000US06089011801,8900,1054346,74,3,1,1,3.0,2,1.0,5.0,1,1,2.0,1.0,88000.0,1,1,1,1.0,1.0,2.0,92782.448,False,Owned with mortgage or loan (include home equity loans),One-family house detached,"Yes, by paying a cell phone company or Internet service provider",Yes,Yes,With children under 6 years only,Presence of own children under 6 years only,Presence of related children under 6 years only,2 workers,75000_99999,2,married_couple,no_65_plus,74.0,3,syn_t031_h0000005
14000US06089011801,8900,1070673,9,5,1,1,4.0,2,1.0,5.0,1,1,5.0,1.0,226300.0,4,4,4,0.0,0.0,3.0,242293.2999,False,Owned with mortgage or loan (include home equity loans),One-family house detached,"Yes, by paying a cell phone company or Internet service provider",Yes,Yes,No children,No own children present,No related children present,3 or more workers in family,200000_plus,4_plus,married_couple,no_65_plus,9.0,5,syn_t031_h0000006
14000US06089011801,8900,1035838,35,2,1,1,3.0,2,1.0,5.0,1,1,3.0,5.0,157000.0,4,4,4,0.0,0.0,,162626.566,False,Owned with mortgage or loan (include home equity loans),One-family house detached,"Yes, by paying a cell phone company or Internet service provider",Yes,Yes,No children,No own children present,No related children present,,150000_199999,3,nonfamily_living_alone,no_65_plus,35.0,2,syn_t031_h0000007
14000US06089011801,8900,1054346,47,2,1,1,2.0,2,1.0,5.0,1,3,2.0,2.0,18000.0,4,4,4,0.0,0.0,0.0,18978.228,False,Rented,One-family house detached,"Yes, by paying a cell phone company or Internet service provider",Yes,Yes,No children,No own children present,No related children present,No workers,15000_19999,2,other_male_householder,has_65_plus,47.0,2,syn_t031_h0000008
14000US06089011801,8900,1070673,13,1,1,1,2.0,2,2.0,5.0,2,3,2.0,4.0,18000.0,4,4,4,0.0,0.0,,19272.114,False,Rented,One-family house detached,"Yes, by paying a cell phone company or Internet service provider",No,No,No children,No own children present,No related children present,,15000_19999,2,nonfamily_living_alone,no_65_plus,13.0,1,syn_t031_h0000009
14000US06089011801,8900,1054346,34,2,1,1,3.0,2,2.0,5.0,1,2,2.0,1.0,15460.0,4,4,4,0.0,0.0,0.0,16300.18916,False,Owned free and clear,One-family house detached,"Yes, by paying a cell phone company or Internet service provider",No,Yes,No children,No own children present,No related children present,No workers,15000_19999,2,married_couple,has_65_plus,34.0,2,syn_t031_h0000010
14000US06089011801,8900,1035838,29,2,1,1,3.0,2,2.0,5.0,1,2,3.0,5.0,54500.0,4,4,4,0.0,0.0,,56453.171,False,Owned free and clear,One-family house detached,"Yes, by paying a cell phone company or Internet service provider",No,Yes,No children,No own children present,No related children present,,50000_59999,3,nonfamily_living_alone,no_65_plus,29.0,2,syn_t031_h0000011
14000US06089011801,8900,1054346,9,1,1,2,1.0,7,,4.0,2,3,1.0,6.0,22000.0,4,4,4,0.0,0.0,,23195.612,False,Rented,10-19 Apartments,"Yes, without paying a cell phone company or Internet service provider",,No,No children,No own children present,No related children present,,20000_24999,1,nonfamily_not_living_alone,has_65_plus,9.0,1,syn_t031_h0000012
14000US06089011801,8900,1070673,9,2,1,1,2.0,1,1.0,5.0,1,2,4.0,1.0,131500.0,4,4,4,0.0,0.0,2.0,140793.4995,False,Owned free and clear,Mobile home or trailer,"Yes, by paying a cell phone company or Internet service provider",Yes,Yes,No children,No own children present,No related children present,2 workers,125000_149999,4_plus,married_couple,has_65_plus,9.0,2,syn_t031_h0000013
14000US06089011802,8900,1070673,5,2,1,2,4.0,2,,7.0,2,1,2.0,1.0,24600.0,4,4,4,0.0,0.0,1.0,26338.5558,False,Owned with mortgage or loan (include home equity loans),One-family house detached,"Yes, without paying a cell phone company or Internet service provider",,No,No children,No own children present,No related children present,1 worker,25000_29999,2,married_couple,no_65_plus,5.0,2,syn_t032_h0000001
14000US06089011802,8900,1061242,11,6,1,1,3.0,2,1.0,8.0,1,1,5.0,1.0,140000.0,2,2,2,2.0,2.0,1.0,148573.88,False,Owned with mortgage or loan (include home equity loans),One-family house detached,"Yes, by paying a cell phone company or Internet service provider",Yes,Yes,With children 6 to 17 years only,Presence of own children 6 to 17 years only,Presence of related children 6 to 17 years only,1 worker,125000_149999,4_plus,married_couple,no_65_plus,11.0,6,syn_t032_h0000002
14000US06089011802,8900,1070673,45,3,1,1,2.0,2,2.0,5.0,2,1,3.0,1.0,63000.0,2,2,2,1.0,1.0,2.0,67452.399,False,Owned with mortgage or loan (include home equity loans),One-family house detached,"Yes, by paying a cell phone company or Internet service provider",No,No,With children 6 to 17 years only,Presence of own children 6 to 17 years only,Presence of related children 6 to 17 years only,2 workers,60000_74999,3,married_couple,no_65_plus,45.0,3,syn_t032_h0000003
14000US06089011802,8900,1054346,13,2,1,1,2.0,5,1.0,6.0,1,3,1.0,3.0,65000.0,2,2,2,1.0,1.0,1.0,68532.49,False,Rented,3-4 Apartments,"Yes, by paying a cell phone company or Internet service provider",Yes,Yes,With children 6 to 17 years only,Presence of own children 6 to 17 years only,Presence of related children 6 to 17 years only,1 worker,60000_74999,1,other_female_householder,no_65_plus,13.0,2,syn_t032_h0000004
14000US06089011802,8900,1035838,67,4,1,1,3.0,2,2.0,6.0,1,1,4.0,1.0,206000.0,2,4,2,0.0,1.0,1.0,213382.628,False,Owned with mortgage or loan (include home equity loans),One-family house detached,"Yes, by paying a cell phone company or Internet service provider",No,Yes,With children 6 to 17 years only,No own children present,Presence of related children 6 to 17 years only,1 worker,200000_plus,4_plus,married_couple,has_65_plus,67.0,4,syn_t032_h0000005
14000US06089011802,8900,1070673,46,2,1,1,3.0,2,2.0,7.0,1,2,2.0,1.0,35000.0,4,4,4,0.0,0.0,1.0,37473.555,False,Owned free and clear,One-family house detached,"Yes, by paying a cell phone company or Internet service provider",No,Yes,No children,No own children present,No related children present,1 worker,35000_39999,2,married_couple,no_65_plus,46.0,2,syn_t032_h0000006
14000US06089011802,8900,1054346,22,4,1,1,3.0,2,1.0,7.0,1,1,2.0,1.0,98000.0,2,2,2,2.0,2.0,2.0,103325.908,False,Owned with mortgage or loan (include home equity loans),One-family house detached,"Yes, by paying a cell phone company or Internet service provider",Yes,Yes,With children 6 to 17 years only,Presence of own children 6 to 17 years only,Presence of related children 6 to 17 years only,2 workers,100000_124999,2,married_couple,no_65_plus,22.0,4,syn_t032_h0000007
14000US06089011802,8900,1061242,35,5,1,1,3.0,2,1.0,5.0,1,3,2.0,1.0,43400.0,3,3,3,3.0,3.0,1.0,46057.9028,False,Rented,One-family house detached,"Yes, by paying a cell phone company or Internet service provider",Yes,Yes,With children under 6 years and 6 to 17 years,Presence of own children under 6 years and 6 to 17 years,Presence of related children under 6 years and 6 to 17 years,1 worker,45000_49999,2,married_couple,no_65_plus,35.0,5,syn_t032_h0000008
14000US06089011802,8900,1035838,42,2,1,1,2.0,4,2.0,4.0,1,3,2.0,2.0,70000.0,4,4,4,0.0,0.0,2.0,72508.66,False,Rented,2 Apartments,"Yes, by paying a cell phone company or Internet service provider",No,Yes,No children,No own children present,No related children present,2 workers,60000_74999,2,other_male_householder,no_65_plus,42.0,2,syn_t032_h0000009
14000US06089011802,8900,1054346,42,2,1,2,1.0,2,,5.0,2,1,2.0,2.0,48900.0,2,2,2,1.0,1.0,1.0,51557.5194,False,Owned with mortgage or loan (include home equity loans),One-family house detached,"Yes, without paying a cell phone company or Internet service provider",,No,With children 6 to 17 years only,Presence of own children 6 to 17 years only,Presence of related children 6 to 17 years only,1 worker,50000_59999,2,other_male_householder,no_65_plus,42.0,2,syn_t032_h0000010
14000US06089011802,8900,1013097,14,3,1,1,3.0,2,1.0,4.0,1,3,2.0,2.0,65000.0,2,2,2,2.0,2.0,1.0,65851.305,False,Rented,One-family house detached,"Yes, by paying a cell phone company or Internet service provider",Yes,Yes,With children 6 to 17 years only,Presence of own children 6 to 17 years only,Presence of related children 6 to 17 years only,1 worker,60000_74999,2,other_male_householder,no_65_plus,14.0,3,syn_t032_h0000011
14000US06089011802,8900,1054346,12,2,1,1,3.0,2,1.0,4.0,1,2,3.0,1.0,93000.0,4,4,4,0.0,0.0,2.0,98054.178,False,Owned free and clear,One-family house detached,"Yes, by paying a cell phone company or Internet service provider",Yes,Yes,No children,No own children present,No related children present,2 workers,75000_99999,3,married_couple,no_65_plus,12.0,2,syn_t032_h0000012
14000US06089011802,8900,1035838,81,4,1,1,2.0,1,2.0,4.0,1,3,2.0,3.0,50000.0,1,1,1,2.0,2.0,1.0,51791.9,False,Rented,Mobile home or trailer,"Yes, by paying a cell phone company or Internet service provider",No,Yes,With children under 6 years only,Presence of own children under 6 years only,Presence of related children under 6 years only,1 worker,50000_59999,2,other_female_householder,no_65_plus,81.0,4,syn_t032_h0000013
14000US06089011802,8900,1061242,11,2,1,1,3.0,2,1.0,5.0,1,1,3.0,1.0,148400.0,4,4,4,0.0,0.0,2.0,157488.3128,False,Owned with mortgage or loan (include home equity loans),One-family house detached,"Yes, by paying a cell phone company or Internet service provider",Yes,Yes,No children,No own children present,No related children present,2 workers,150000_199999,3,married_couple,no_65_plus,11.0,2,syn_t032_h0000014
14000US06089011803,8900,1013097,17,2,1,2,2.0,2,,4.0,2,1,1.0,3.0,29000.0,4,4,4,0.0,0.0,1.0,29379.813,False,Owned with mortgage or loan (include home equity loans),One-family house detached,"Yes, without paying a cell phone company or Internet service provider",,No,No children,No own children present,No related children present,1 worker,25000_29999,1,other_female_householder,has_65_plus,17.0,2,syn_t033_h0000001
14000US06089011803,8900,1070673,12,3,1,3,4.0,2,,7.0,1,2,5.0,1.0,60001.0,4,4,4,0.0,0.0,0.0,64241.450673,False,Owned free and clear,One-family house detached,"No access to the Internet at this house, apartment, or mobile home",,Yes,No children,No own children present,No related children present,No workers,60000_74999,4_plus,married_couple,has_65_plus,12.0,3,syn_t033_h0000002
14000US06089011803,8900,1054346,20,2,1,1,2.0,2,1.0,5.0,1,1,3.0,5.0,55000.0,4,4,4,0.0,0.0,,57989.03,False,Owned with mortgage or loan (include home equity loans),One-family house detached,"Yes, by paying a cell phone company or Internet service provider",Yes,Yes,No children,No own children present,No related children present,,50000_59999,3,nonfamily_living_alone,no_65_plus,20.0,2,syn_t033_h0000003
14000US06089011803,8900,1013097,34,3,1,1,3.0,1,2.0,5.0,1,1,4.0,1.0,228600.0,4,4,4,0.0,0.0,1.0,231593.9742,False,Owned with mortgage or loan (include home equity loans),Mobile home or trailer,"Yes, by paying a cell phone company or Internet service provider",No,Yes,No children,No own children present,No related children present,1 worker,200000_plus,4_plus,married_couple,has_65_plus,34.0,3,syn_t033_h0000004
14000US06089011803,8900,1070673,13,1,1,1,2.0,2,2.0,7.0,2,2,1.0,4.0,33400.0,4,4,4,0.0,0.0,,35760.4782,False,Owned free and clear,One-family house detached,"Yes, by paying a cell phone company or Internet service provider",No,No,No children,No own children present,No related children present,,35000_39999,1,nonfamily_living_alone,has_65_plus,13.0,1,syn_t033_h0000005
14000US06089011803,8900,1070673,25,2,1,1,3.0,2,1.0,7.0,1,1,2.0,1.0,254000.0,4,4,4,0.0,0.0,2.0,271950.942,False,Owned with mortgage or loan (include home equity loans),One-family house detached,"Yes, by paying a cell phone company or Internet service provider",Yes,Yes,No children,No own children present,No related children present,2 workers,200000_plus,2,married_couple,no_65_plus,25.0,2,syn_t033_h0000006
14000US06089011803,8900,1054346,22,2,1,1,2.0,2,1.0,4.0,1,1,2.0,1.0,26900.0,4,4,4,0.0,0.0,2.0,28361.9074,False,Owned with mortgage or loan (include home equity loans),One-family house detached,"Yes, by paying a cell phone company or Internet service provider",Yes,Yes,No children,No own children present,No related children present,2 workers,25000_29999,2,married_couple,has_65_plus,22.0,2,syn_t033_h0000007
14000US06089011803,8900,1061242,29,4,1,1,2.0,2,1.0,5.0,2,3,3.0,2.0,124800.0,4,4,4,0.0,0.0,3.0,132443.0016,False,Rented,One-family house detached,"Yes, by paying a cell phone company or Internet service provider",Yes,No,No children,No own children present,No related children present,3 or more workers in family,125000_149999,3,other_male_householder,no_65_plus,29.0,4,syn_t033_h0000008
14000US06089011803,8900,1061242,42,3,1,1,4.0,2,1.0,5.0,2,3,1.0,1.0,45800.0,4,4,4,0.0,0.0,1.0,48604.8836,False,Rented,One-family house detached,"Yes, by paying a cell phone company or Internet service provider",Yes,No,No children,No own children present,No related children present,1 worker,45000_49999,1,married_couple,has_65_plus,42.0,3,syn_t033_h0000009
14000US06089011803,8900,1035838,18,4,1,1,3.0,2,1.0,5.0,1,1,3.0,2.0,46800.0,4,4,4,0.0,0.0,3.0,48477.2184,False,Owned with mortgage or loan (include home equity loans),One-family house detached,"Yes, by paying a cell phone company or Internet service provider",Yes,Yes,No children,No own children present,No related children present,3 or more workers in family,45000_49999,3,other_male_householder,has_65_plus,18.0,4,syn_t033_h0000010
14000US06089011803,8900,1035838,12,1,1,1,2.0,2,1.0,6.0,1,2,1.0,4.0,27600.0,4,4,4,0.0,0.0,,28589.1288,False,Owned free and clear,One-family house detached,"Yes, by paying a cell phone company or Internet service provider",Yes,Yes,No children,No own children present,No related children present,,25000_29999,1,nonfamily_living_alone,has_65_plus,12.0,1,syn_t033_h0000011
14000US06089011803,8900,1054346,15,3,1,1,3.0,2,1.0,5.0,1,1,2.0,1.0,176000.0,1,1,1,1.0,1.0,2.0,185564.896,False,Owned with mortgage or loan (include home equity loans),One-family house detached,"Yes, by paying a cell phone company or Internet service provider",Yes,Yes,With children under 6 years only,Presence of own children under 6 years only,Presence of related children under 6 years only,2 workers,150000_199999,2,married_couple,no_65_plus,15.0,3,syn_t033_h0000012
14000US06089011803,8900,1061242,12,2,1,1,2.0,2,1.0,5.0,1,2,2.0,1.0,74500.0,4,4,4,0.0,0.0,0.0,79062.529,False,Owned free and clear,One-family house detached,"Yes, by paying a cell phone company or Internet service provider",Yes,Yes,No children,No own children present,No related children present,No workers,75000_99999,2,married_couple,no_65_plus,12.0,2,syn_t033_h0000013
14000US06089011803,8900,1070673,34,4,1,1,4.0,2,1.0,11.0,1,1,3.0,2.0,41000.0,2,2,2,1.0,1.0,0.0,43897.593,False,Owned with mortgage or loan (include home equity loans),One-family house detached,"Yes, by paying a cell phone company or Internet service provider",Yes,Yes,With children 6 to 17 years only,Presence of own children 6 to 17 years only,Presence of related children 6 to 17 years only,No workers,40000_44999,3,other_male_householder,no_65_plus,34.0,4,syn_t033_h0000014
14000US06089011803,8900,1054346,75,1,1,1,3.0,2,1.0,6.0,1,2,1.0,4.0,10000.0,4,4,4,0.0,0.0,,10543.46,False,Owned free and clear,One-family house detached,"Yes, by paying a cell phone company or Internet service provider",Yes,Yes,No children,No own children present,No related children present,,10000_14999,1,nonfamily_living_alone,no_65_plus,75.0,1,syn_t033_h0000015
14000US06089011900,8900,1035838,56,5,1,1,3.0,2,1.0,6.0,1,3,2.0,3.0,80000.0,3,3,3,3.0,3.0,1.0,82867.04,False,Rented,One-family house detached,"Yes, by paying a cell phone company or Internet service provider",Yes,Yes,With children under 6 years and 6 to 17 years,Presence of own children under 6 years and 6 to 17 years,Presence of related children under 6 years and 6 to 17 years,1 worker,75000_99999,2,other_female_householder,no_65_plus,56.0,5,syn_t034_h0000001
14000US06089011900,8900,1061242,12,2,1,3,5.0,2,,8.0,2,2,1.0,1.0,21000.0,4,4,4,0.0,0.0,0.0,22286.082,False,Owned free and clear,One-family house detached,"No access to the Internet at this house, apartment, or mobile home",,No,No children,No own children present,No related children present,No workers,20000_24999,1,married_couple,has_65_plus,12.0,2,syn_t034_h0000002
14000US06089011900,8900,1035838,16,2,1,1,4.0,2,1.0,11.0,1,1,2.0,1.0,104000.0,4,4,4,0.0,0.0,2.0,107727.152,False,Owned with mortgage or loan (include home equity loans),One-family house detached,"Yes, by paying a cell phone company or Internet service provider",Yes,Yes,No children,No own children present,No related children present,2 workers,100000_124999,2,married_couple,has_65_plus,16.0,2,syn_t034_h0000003
14000US06089011900,8900,1054346,10,4,1,1,4.0,2,1.0,6.0,1,1,4.0,1.0,156504.0,2,2,2,1.0,1.0,2.0,165009.366384,False,Owned with mortgage or loan (include home equity loans),One-family house detached,"Yes, by paying a cell phone company or Internet service provider",Yes,Yes,With children 6 to 17 years only,Presence of own children 6 to 17 years only,Presence of related children 6 to 17 years only,2 workers,150000_199999,4_plus,married_couple,no_65_plus,10.0,4,syn_t034_h0000004
14000US06089011900,8900,1035838,25,2,1,1,4.0,2,1.0,6.0,1,1,3.0,1.0,393300.0,4,4,4,0.0,0.0,2.0,407395.0854,False,Owned with mortgage or loan (include home equity loans),One-family house detached,"Yes, by paying a cell phone company or Internet service provider",Yes,Yes,No children,No own children present,No related children present,2 workers,200000_plus,3,married_couple,has_65_plus,25.0,2,syn_t034_h0000005
14000US06089011900,8900,1070673,43,5,1,1,1.0,3,2.0,4.0,1,3,2.0,2.0,138650.0,3,3,3,3.0,3.0,1.0,148448.81145,False,Rented,One-family house attached,"Yes, by paying a cell phone company or Internet service provider",No,Yes,With children under 6 years and 6 to 17 years,Presence of own children under 6 years and 6 to 17 years,Presence of related children under 6 years and 6 to 17 years,1 worker,125000_149999,2,other_male_householder,no_65_plus,43.0,5,syn_t034_h0000006
14000US06089011900,8900,1013097,18,2,1,1,4.0,2,1.0,8.0,1,2,3.0,7.0,94200.0,4,4,4,0.0,0.0,,95433.7374,False,Owned free and clear,One-family house detached,"Yes, by paying a cell phone company or Internet service provider",Yes,Yes,No children,No own children present,No related children present,,75000_99999,3,nonfamily_not_living_alone,has_65_plus,18.0,2,syn_t034_h0000007
14000US06089011900,8900,1061242,14,8,1,1,4.0,2,1.0,5.0,1,1,3.0,1.0,96530.0,2,2,2,3.0,4.0,3.0,102441.69026,False,Owned with mortgage or loan (include home equity loans),One-family house detached,"Yes, by paying a cell phone company or Internet service provider",Yes,Yes,With children 6 to 17 years only,Presence of own children 6 to 17 years only,Presence of related children 6 to 17 years only,3 or more workers in family,100000_124999,3,married_couple,no_65_plus,14.0,8,syn_t034_h0000008
14000US06089011900,8900,1035838,13,3,1,1,3.0,2,1.0,7.0,1,1,3.0,1.0,141500.0,4,4,4,0.0,0.0,3.0,146571.077,False,Owned with mortgage or loan (include home equity loans),One-family house detached,"Yes, by paying a cell phone company or Internet service provider",Yes,Yes,No children,No own children present,No related children present,3 or more workers in family,125000_149999,3,married_couple,no_65_plus,13.0,3,syn_t034_h0000009
14000US06089011900,8900,1061242,23,6,1,3,4.0,2,,6.0,1,1,2.0,1.0,28600.0,1,1,1,2.0,3.0,2.0,30351.5212,False,Owned with mortgage or loan (include home equity loans),One-family house detached,"No access to the Internet at this house, apartment, or mobile home",,Yes,With children under 6 years only,Presence of own children under 6 years only,Presence of related children under 6 years only,2 workers,30000_34999,2,married_couple,no_65_plus,23.0,6,syn_t034_h0000010
14000US06089011900,8900,1061242,7,2,1,1,2.0,2,1.0,4.0,1,3,3.0,5.0,63000.0,4,4,4,0.0,0.0,,66858.246,False,Rented,One-family house detached,"Yes, by paying a cell phone company or Internet service provider",Yes,Yes,No children,No own children present,No related children present,,60000_74999,3,nonfamily_living_alone,no_65_plus,7.0,2,syn_t034_h0000011
14000US06089011900,8900,1054346,16,2,1,1,2.0,3,1.0,5.0,2,1,1.0,1.0,32700.0,4,4,4,0.0,0.0,0.0,34477.1142,False,Owned with mortgage or loan (include home equity loans),One-family house attached,"Yes, by paying a cell phone company or Internet service provider",Yes,No,No children,No own children present,No related children present,No workers,30000_34999,1,married_couple,has_65_plus,16.0,2,syn_t034_h0000012
14000US06089011900,8900,1035838,43,6,1,1,3.0,2,1.0,6.0,1,1,2.0,1.0,73000.0,2,2,2,3.0,3.0,2.0,75616.174,False,Owned with mortgage or loan (include home equity loans),One-family house detached,"Yes, by paying a cell phone company or Internet service provider",Yes,Yes,With children 6 to 17 years only,Presence of own children 6 to 17 years only,Presence of related children 6 to 17 years only,2 workers,75000_99999,2,married_couple,has_65_plus,43.0,6,syn_t034_h0000013
14000US06089011900,8900,1061242,11,1,1,1,4.0,2,1.0,8.0,1,1,1.0,6.0,56000.0,4,4,4,0.0,0.0,,59429.552,False,Owned with mortgage or loan (include home equity loans),One-family house detached,"Yes, by paying a cell phone company or Internet service provider",Yes,Yes,No children,No own children present,No related children present,,50000_59999,1,nonfamily_not_living_alone,has_65_plus,11.0,1,syn_t034_h0000014
14000US06089011900,8900,1035838,15,4,1,1,3.0,2,1.0,7.0,1,3,2.0,1.0,101400.0,2,2,2,2.0,2.0,2.0,105033.9732,False,Rented,One-family house detached,"Yes, by paying a cell phone company or Internet service provider",Yes,Yes,With children 6 to 17 years only,Presence of own children 6 to 17 years only,Presence of related children 6 to 17 years only,2 workers,100000_124999,2,married_couple,no_65_plus,15.0,4,syn_t034_h0000015
14000US06089011900,8900,1070673,24,5,1,1,3.0,2,1.0,5.0,1,3,3.0,1.0,59000.0,2,2,2,2.0,2.0,3.0,63169.707,False,Rented,One-family house detached,"Yes, by paying a cell phone company or Internet service provider",Yes,Yes,With children 6 to 17 years only,Presence of own children 6 to 17 years only,Presence of related children 6 to 17 years only,3 or more workers in family,60000_74999,3,married_couple,no_65_plus,24.0,5,syn_t034_h0000016
14000US06089011900,8900,1054346,48,3,1,1,3.0,2,1.0,6.0,1,1,3.0,1.0,75000.0,2,2,2,1.0,1.0,2.0,79075.95,False,Owned with mortgage or loan (include home equity loans),One-family house detached,"Yes, by paying a cell phone company or Internet service provider",Yes,Yes,With children 6 to 17 years only,Presence of own children 6 to 17 years only,Presence of related children 6 to 17 years only,2 workers,75000_99999,3,married_couple,no_65_plus,48.0,3,syn_t034_h0000017
14000US06089011900,8900,1054346,26,1,1,1,1.0,2,1.0,2.0,1,3,2.0,4.0,22000.0,4,4,4,0.0,0.0,,23195.612,False,Rented,One-family house detached,"Yes, by paying a cell phone company or Internet service provider",Yes,Yes,No children,No own children present,No related children present,,20000_24999,2,nonfamily_living_alone,no_65_plus,26.0,1,syn_t034_h0000018
14000US06089011900,8900,1013097,33,3,1,1,3.0,2,2.0,5.0,1,1,3.0,1.0,109100.0,1,1,1,1.0,1.0,2.0,110528.8827,False,Owned with mortgage or loan (include home equity loans),One-family house detached,"Yes, by paying a cell phone company or Internet service provider",No,Yes,With children under 6 years only,Presence of own children under 6 years only,Presence of related children under 6 years only,2 workers,100000_124999,3,married_couple,no_65_plus,33.0,3,syn_t034_h0000019
14000US06089011900,8900,1035838,60,2,1,1,3.0,2,2.0,5.0,1,1,4.0,1.0,100000.0,4,4,4,0.0,0.0,0.0,103583.8,False,Owned with mortgage or loan (include home equity loans),One-family house detached,"Yes, by paying a cell phone company or Internet service provider",No,Yes,No children,No own children present,No related children present,No workers,100000_124999,4_plus,married_couple,no_65_plus,60.0,2,syn_t034_h0000020
14000US06089011900,8900,1054346,17,2,1,1,2.0,2,1.0,5.0,1,2,2.0,1.0,47600.0,4,4,4,0.0,0.0,0.0,50186.8696,False,Owned free and clear,One-family house detached,"Yes, by paying a cell phone company or Internet service provider",Yes,Yes,No children,No own children present,No related children present,No workers,50000_59999,2,married_couple,has_65_plus,17.0,2,syn_t034_h0000021
14000US06089011900,8900,1035838,71,2,1,1,3.0,2,1.0,4.0,1,1,2.0,1.0,64000.0,4,4,4,0.0,0.0,2.0,66293.632,False,Owned with mortgage or loan (include home equity loans),One-family house detached,"Yes, by paying a cell phone company or Internet service provider",Yes,Yes,No children,No own children present,No related children present,2 workers,60000_74999,2,married_couple,no_65_plus,71.0,2,syn_t034_h0000022
14000US06089011900,8900,1054346,49,2,1,2,3.0,2,,6.0,1,1,2.0,1.0,30000.0,4,4,4,0.0,0.0,1.0,31630.38,False,Owned with mortgage or loan (include home equity loans),One-family house detached,"Yes, without paying a cell phone company or Internet service provider",,Yes,No children,No own children present,No related children present,1 worker,30000_34999,2,married_couple,no_65_plus,49.0,2,syn_t034_h0000023
14000US06089011900,8900,1070673,11,1,1,1,3.0,2,1.0,6.0,2,1,1.0,4.0,38160.0,4,4,4,0.0,0.0,,40856.88168,False,Owned with mortgage or loan (include home equity loans),One-family house detached,"Yes, by paying a cell phone company or Internet service provider",Yes,No,No children,No own children present,No related children present,,40000_44999,1,nonfamily_living_alone,no_65_plus,11.0,1,syn_t034_h0000024
14000US06089012000,8900,1035838,102,1,1,2,3.0,2,,5.0,1,2,0.0,4.0,10000.0,4,4,4,0.0,0.0,,10358.38,False,Owned free and clear,One-family house detached,"Yes, without paying a cell phone company or Internet service provider",,Yes,No children,No own children present,No related children present,,10000_14999,0,nonfamily_living_alone,no_65_plus,102.0,1,syn_t035_h0000001
14000US06089012000,8900,1035838,17,2,1,3,3.0,2,,8.0,1,2,3.0,1.0,30600.0,4,4,4,0.0,0.0,1.0,31696.6428,False,Owned free and clear,One-family house detached,"No access to the Internet at this house, apartment, or mobile home",,Yes,No children,No own children present,No related children present,1 worker,30000_34999,3,married_couple,has_65_plus,17.0,2,syn_t035_h0000002
14000US06089012000,8900,1061242,39,1,1,3,1.0,5,,3.0,2,3,0.0,4.0,20000.0,4,4,4,0.0,0.0,,21224.84,False,Rented,3-4 Apartments,"No access to the Internet at this house, apartment, or mobile home",,No,No children,No own children present,No related children present,,20000_24999,0,nonfamily_living_alone,no_65_plus,39.0,1,syn_t035_h0000003
14000US06089012000,8900,1054346,71,1,1,1,2.0,2,1.0,4.0,1,3,2.0,4.0,30900.0,4,4,4,0.0,0.0,,32579.2914,False,Rented,One-family house detached,"Yes, by paying a cell phone company or Internet service provider",Yes,Yes,No children,No own children present,No related children present,,30000_34999,2,nonfamily_living_alone,no_65_plus,71.0,1,syn_t035_h0000004
14000US06089012000,8900,1035838,15,1,1,1,3.0,1,2.0,8.0,1,1,1.0,4.0,14000.0,4,4,4,0.0,0.0,,14501.732,False,Owned with mortgage or loan (include home equity loans),Mobile home or trailer,"Yes, by paying a cell phone company or Internet service provider",No,Yes,No children,No own children present,No related children present,,10000_14999,1,nonfamily_living_alone,no_65_plus,15.0,1,syn_t035_h0000005
14000US06089012000,8900,1070673,57,1,1,3,2.0,2,,4.0,2,1,1.0,4.0,40000.0,4,4,4,0.0,0.0,,42826.92,False,Owned with mortgage or loan (include home equity loans),One-family house detached,"No access to the Internet at this house, apartment, or mobile home",,No,No children,No own children present,No related children present,,40000_44999,1,nonfamily_living_alone,no_65_plus,57.0,1,syn_t035_h0000006
14000US06089012000,8900,1013097,61,4,1,1,2.0,2,1.0,6.0,1,1,2.0,3.0,51800.0,2,4,2,0.0,1.0,1.0,52478.4246,False,Owned with mortgage or loan (include home equity loans),One-family house detached,"Yes, by paying a cell phone company or Internet service provider",Yes,Yes,With children 6 to 17 years only,No own children present,Presence of related children 6 to 17 years only,1 worker,50000_59999,2,other_female_householder,has_65_plus,61.0,4,syn_t035_h0000007
14000US06089012000,8900,1070673,11,1,1,1,1.0,5,1.0,2.0,1,3,1.0,6.0,16700.0,4,4,4,0.0,0.0,,17880.2391,False,Rented,3-4 Apartments,"Yes, by paying a cell phone company or Internet service provider",Yes,Yes,No children,No own children present,No related children present,,15000_19999,1,nonfamily_not_living_alone,no_65_plus,11.0,1,syn_t035_h0000008
14000US06089012000,8900,1070673,26,1,1,3,2.0,1,,3.0,2,3,1.0,6.0,20100.0,4,4,4,0.0,0.0,,21520.5273,False,Rented,Mobile home or trailer,"No access to the Internet at this house, apartment, or mobile home",,No,No children,No own children present,No related children present,,20000_24999,1,nonfamily_not_living_alone,no_65_plus,26.0,1,syn_t035_h0000009
14000US06089012000,8900,1061242,20,4,1,1,3.0,2,1.0,5.0,2,1,0.0,3.0,21300.0,2,2,2,1.0,1.0,1.0,22604.4546,False,Owned with mortgage or loan (include home equity loans),One-family house detached,"Yes, by paying a cell phone company or Internet service provider",Yes,No,With children 6 to 17 years only,Presence of own children 6 to 17 years only,Presence of related children 6 to 17 years only,1 worker,20000_24999,0,other_female_householder,no_65_plus,20.0,4,syn_t035_h0000010
14000US06089012000,8900,1070673,12,2,1,1,3.0,2,1.0,5.0,1,2,2.0,1.0,28000.0,4,4,4,0.0,0.0,1.0,29978.844,False,Owned free and clear,One-family house detached,"Yes, by paying a cell phone company or Internet service provider",Yes,Yes,No children,No own children present,No related children present,1 worker,25000_29999,2,married_couple,has_65_plus,12.0,2,syn_t035_h0000011
14000US06089012000,8900,1054346,13,1,1,1,3.0,2,1.0,5.0,1,1,1.0,4.0,10900.0,4,4,4,0.0,0.0,,11492.3714,False,Owned with mortgage or loan (include home equity loans),One-family house detached,"Yes, by paying a cell phone company or Internet service provider",Yes,Yes,No children,No own children present,No related children present,,10000_14999,1,nonfamily_living_alone,no_65_plus,13.0,1,syn_t035_h0000012
14000US06089012000,8900,1054346,15,2,1,1,3.0,1,1.0,6.0,1,2,3.0,1.0,26900.0,4,4,4,0.0,0.0,0.0,28361.9074,False,Owned free and clear,Mobile home or trailer,"Yes, by paying a cell phone company or Internet service provider",Yes,Yes,No children,No own children present,No related children present,No workers,25000_29999,3,married_couple,has_65_plus,15.0,2,syn_t035_h0000013
14000US06089012000,8900,1013097,22,2,1,1,1.0,7,1.0,2.0,1,3,2.0,1.0,36000.0,4,4,4,0.0,0.0,2.0,36471.492,False,Rented,10-19 Apartments,"Yes, by paying a cell phone company or Internet service provider",Yes,Yes,No children,No own children present,No related children present,2 workers,35000_39999,2,married_couple,no_65_plus,22.0,2,syn_t035_h0000014
14000US06089012000,8900,1013097,50,3,1,1,2.0,1,1.0,4.0,1,3,1.0,3.0,49800.0,3,4,3,0.0,2.0,1.0,50452.2306,False,Rented,Mobile home or trailer,"Yes, by paying a cell phone company or Internet service provider",Yes,Yes,With children under 6 years and 6 to 17 years,No own children present,Presence of related children under 6 years and 6 to 17 years,1 worker,50000_59999,1,other_female_householder,no_65_plus,50.0,3,syn_t035_h0000015
14000US06089012000,8900,1035838,13,3,1,1,3.0,2,2.0,6.0,1,1,3.0,1.0,86000.0,2,2,2,1.0,1.0,2.0,89082.068,False,Owned with mortgage or loan (include home equity loans),One-family house detached,"Yes, by paying a cell phone company or Internet service provider",No,Yes,With children 6 to 17 years only,Presence of own children 6 to 17 years only,Presence of related children 6 to 17 years only,2 workers,75000_99999,3,married_couple,no_65_plus,13.0,3,syn_t035_h0000016
14000US06089012000,8900,1061242,11,1,1,3,3.0,2,,5.0,2,1,2.0,4.0,13100.0,4,4,4,0.0,0.0,,13902.2702,False,Owned with mortgage or loan (include home equity loans),One-family house detached,"No access to the Internet at this house, apartment, or mobile home",,No,No children,No own children present,No related children present,,10000_14999,2,nonfamily_living_alone,has_65_plus,11.0,1,syn_t035_h0000017
14000US06089012000,8900,1070673,23,3,1,1,2.0,1,2.0,6.0,1,2,2.0,1.0,33300.0,4,4,4,0.0,0.0,0.0,35653.4109,False,Owned free and clear,Mobile home or trailer,"Yes, by paying a cell phone company or Internet service provider",No,Yes,No children,No own children present,No related children present,No workers,35000_39999,2,married_couple,has_65_plus,23.0,3,syn_t035_h0000018
14000US06089012000,8900,1061242,27,3,1,1,2.0,2,2.0,5.0,1,3,2.0,3.0,29400.0,4,4,4,0.0,0.0,1.0,31200.5148,False,Rented,One-family house detached,"Yes, by paying a cell phone company or Internet service provider",No,Yes,No children,No own children present,No related children present,1 worker,30000_34999,2,other_female_householder,no_65_plus,27.0,3,syn_t035_h0000019
14000US06089012000,8900,1013097,13,2,1,1,2.0,2,1.0,4.0,1,3,1.0,3.0,16300.0,4,4,4,0.0,0.0,1.0,16513.4811,False,Rented,One-family house detached,"Yes, by paying a cell phone company or Internet service provider",Yes,Yes,No children,No own children present,No related children present,1 worker,15000_19999,1,other_female_householder,no_65_plus,13.0,2,syn_t035_h0000020
14000US06089012000,8900,1070673,20,1,1,3,9.0,6,,19.0,2,3,0.0,4.0,12900.0,4,4,4,0.0,0.0,,13811.6817,False,Rented,5-9 Apartments,"No access to the Internet at this house, apartment, or mobile home",,No,No children,No own children present,No related children present,,10000_14999,0,nonfamily_living_alone,no_65_plus,20.0,1,syn_t035_h0000021
14000US06089012000,8900,1035838,12,4,1,1,3.0,2,1.0,6.0,1,1,2.0,3.0,88300.0,1,4,1,0.0,1.0,2.0,91464.4954,False,Owned with mortgage or loan (include home equity loans),One-family house detached,"Yes, by paying a cell phone company or Internet service provider",Yes,Yes,With children under 6 years only,No own children present,Presence of related children under 6 years only,2 workers,75000_99999,2,other_female_householder,no_65_plus,12.0,4,syn_t035_h0000022
14000US06089012000,8900,1070673,60,3,1,1,3.0,2,1.0,6.0,1,3,2.0,3.0,36300.0,4,4,4,0.0,0.0,0.0,38865.4299,False,Rented,One-family house detached,"Yes, by paying a cell phone company or Internet service provider",Yes,Yes,No children,No own children present,No related children present,No workers,35000_39999,2,other_female_householder,has_65_plus,60.0,3,syn_t035_h0000023
14000US06089012000,8900,1070673,15,2,1,1,2.0,2,2.0,6.0,1,2,2.0,1.0,52700.0,4,4,4,0.0,0.0,0.0,56424.4671,False,Owned free and clear,One-family house detached,"Yes, by paying a cell phone company or Internet service provider",No,Yes,No children,No own children present,No related children present,No workers,50000_59999,2,married_couple,has_65_plus,15.0,2,syn_t035_h0000024
14000US06089012000,8900,1061242,41,5,1,1,3.0,2,1.0,5.0,1,1,2.0,3.0,45000.0,2,2,2,3.0,3.0,0.0,47755.89,False,Owned with mortgage or loan (include home equity loans),One-family house detached,"Yes, by paying a cell phone company or Internet service provider",Yes,Yes,With children 6 to 17 years only,Presence of own children 6 to 17 years only,Presence of related children 6 to 17 years only,No workers,45000_49999,2,other_female_householder,no_65_plus,41.0,5,syn_t035_h0000025
14000US06089012101,8900,1013097,42,2,1,3,2.0,2,,3.0,1,1,2.0,3.0,40600.0,4,4,4,0.0,0.0,0.0,41131.7382,False,Owned with mortgage or loan (include home equity loans),One-family house detached,"No access to the Internet at this house, apartment, or mobile home",,Yes,No children,No own children present,No related children present,No workers,40000_44999,2,other_female_householder,has_65_plus,42.0,2,syn_t036_h0000001
14000US06089012101,8900,1061242,9,2,1,1,2.0,3,1.0,4.0,2,1,2.0,1.0,83000.0,4,4,4,0.0,0.0,2.0,88083.086,False,Owned with mortgage or loan (include home equity loans),One-family house attached,"Yes, by paying a cell phone company or Internet service provider",Yes,No,No children,No own children present,No related children present,2 workers,75000_99999,2,married_couple,no_65_plus,9.0,2,syn_t036_h0000002
14000US06089012101,8900,1054346,57,4,1,1,2.0,7,1.0,4.0,1,3,2.0,7.0,36000.0,4,4,4,0.0,0.0,,37956.456,False,Rented,10-19 Apartments,"Yes, by paying a cell phone company or Internet service provider",Yes,Yes,No children,No own children present,No related children present,,35000_39999,2,nonfamily_not_living_alone,no_65_plus,57.0,4,syn_t036_h0000003
14000US06089012101,8900,1013097,28,2,1,1,4.0,2,1.0,8.0,1,1,2.0,1.0,100000.0,4,4,4,0.0,0.0,2.0,101309.7,False,Owned with mortgage or loan (include home equity loans),One-family house detached,"Yes, by paying a cell phone company or Internet service provider",Yes,Yes,No children,No own children present,No related children present,2 workers,100000_124999,2,married_couple,no_65_plus,28.0,2,syn_t036_h0000004
14000US06089012101,8900,1013097,18,2,1,1,3.0,2,1.0,6.0,1,1,4.0,1.0,67600.0,4,4,4,0.0,0.0,1.0,68485.3572,False,Owned with mortgage or loan (include home equity loans),One-family house detached,"Yes, by paying a cell phone company or Internet service provider",Yes,Yes,No children,No own children present,No related children present,1 worker,60000_74999,4_plus,married_couple,no_65_plus,18.0,2,syn_t036_h0000005
14000US06089012101,8900,1070673,21,3,1,1,4.0,2,1.0,6.0,1,3,2.0,1.0,51000.0,2,2,2,1.0,1.0,2.0,54604.323,False,Rented,One-family house detached,"Yes, by paying a cell phone company or Internet service provider",Yes,Yes,With children 6 to 17 years only,Presence of own children 6 to 17 years only,Presence of related children 6 to 17 years only,2 workers,50000_59999,2,married_couple,no_65_plus,21.0,3,syn_t036_h0000006
14000US06089012101,8900,1070673,25,5,1,1,3.0,2,1.0,4.0,1,1,3.0,1.0,78000.0,1,1,1,2.0,2.0,2.0,83512.494,False,Owned with mortgage or loan (include home equity loans),One-family house detached,"Yes, by paying a cell phone company or Internet service provider",Yes,Yes,With children under 6 years only,Presence of own children under 6 years only,Presence of related children under 6 years only,2 workers,75000_99999,3,married_couple,no_65_plus,25.0,5,syn_t036_h0000007
14000US06089012101,8900,1061242,10,2,1,1,3.0,3,1.0,5.0,2,1,3.0,1.0,165200.0,4,4,4,0.0,0.0,2.0,175317.1784,False,Owned with mortgage or loan (include home equity loans),One-family house attached,"Yes, by paying a cell phone company or Internet service provider",Yes,No,No children,No own children present,No related children present,2 workers,150000_199999,3,married_couple,no_65_plus,10.0,2,syn_t036_h0000008
14000US06089012101,8900,1035838,19,9,1,1,5.0,2,1.0,8.0,1,1,3.0,1.0,65000.0,3,3,3,6.0,6.0,2.0,67329.47,False,Owned with mortgage or loan (include home equity loans),One-family house detached,"Yes, by paying a cell phone company or Internet service provider",Yes,Yes,With children under 6 years and 6 to 17 years,Presence of own children under 6 years and 6 to 17 years,Presence of related children under 6 years and 6 to 17 years,2 workers,60000_74999,3,married_couple,no_65_plus,19.0,9,syn_t036_h0000009
14000US06089012101,8900,1054346,74,3,1,1,3.0,2,1.0,5.0,1,1,2.0,1.0,88000.0,1,1,1,1.0,1.0,2.0,92782.448,False,Owned with mortgage or loan (include home equity loans),One-family house detached,"Yes, by paying a cell phone company or Internet service provider",Yes,Yes,With children under 6 years only,Presence of own children under 6 years only,Presence of related children under 6 years only,2 workers,75000_99999,2,married_couple,no_65_plus,74.0,3,syn_t036_h0000010
14000US06089012101,8900,1054346,49,2,1,2,3.0,2,,6.0,1,1,2.0,1.0,30000.0,4,4,4,0.0,0.0,1.0,31630.38,False,Owned with mortgage or loan (include home equity loans),One-family house detached,"Yes, without paying a cell phone company or Internet service provider",,Yes,No children,No own children present,No related children present,1 worker,30000_34999,2,married_couple,no_65_plus,49.0,2,syn_t036_h0000011
14000US06089012101,8900,1013097,19,2,1,1,3.0,2,1.0,5.0,2,1,2.0,1.0,54500.0,4,4,4,0.0,0.0,1.0,55213.7865,False,Owned with mortgage or loan (include home equity loans),One-family house detached,"Yes, by paying a cell phone company or Internet service provider",Yes,No,No children,No own children present,No related children present,1 worker,50000_59999,2,married_couple,has_65_plus,19.0,2,syn_t036_h0000012
14000US06089012101,8900,1013097,56,1,1,3,2.0,2,,4.0,1,3,1.0,4.0,20000.0,4,4,4,0.0,0.0,,20261.94,False,Rented,One-family house detached,"No access to the Internet at this house, apartment, or mobile home",,Yes,No children,No own children present,No related children present,,20000_24999,1,nonfamily_living_alone,no_65_plus,56.0,1,syn_t036_h0000013
14000US06089012101,8900,1054346,19,1,1,3,2.0,1,,5.0,2,1,1.0,4.0,23600.0,4,4,4,0.0,0.0,,24882.5656,False,Owned with mortgage or loan (include home equity loans),Mobile home or trailer,"No access to the Internet at this house, apartment, or mobile home",,No,No children,No own children present,No related children present,,20000_24999,1,nonfamily_living_alone,no_65_plus,19.0,1,syn_t036_h0000014
14000US06089012101,8900,1070673,23,2,1,3,2.0,1,,4.0,2,2,2.0,1.0,26600.0,4,4,4,0.0,0.0,1.0,28479.9018,False,Owned free and clear,Mobile home or trailer,"No access to the Internet at this house, apartment, or mobile home",,No,No children,No own children present,No related children present,1 worker,25000_29999,2,married_couple,no_65_plus,23.0,2,syn_t036_h0000015
14000US06089012101,8900,1070673,20,2,1,1,3.0,2,1.0,7.0,1,1,2.0,1.0,20000.0,4,4,4,0.0,0.0,2.0,21413.46,False,Owned with mortgage or loan (include home equity loans),One-family house detached,"Yes, by paying a cell phone company or Internet service provider",Yes,Yes,No children,No own children present,No related children present,2 workers,20000_24999,2,married_couple,no_65_plus,20.0,2,syn_t036_h0000016
14000US06089012101,8900,1061242,9,5,1,3,2.0,1,,4.0,1,3,1.0,3.0,10800.0,3,3,3,4.0,4.0,0.0,11461.4136,False,Rented,Mobile home or trailer,"No access to the Internet at this house, apartment, or mobile home",,Yes,With children under 6 years and 6 to 17 years,Presence of own children under 6 years and 6 to 17 years,Presence of related children under 6 years and 6 to 17 years,No workers,10000_14999,1,other_female_householder,no_65_plus,9.0,5,syn_t036_h0000017
14000US06089012101,8900,1035838,14,3,1,1,2.0,2,1.0,6.0,1,2,2.0,1.0,60600.0,4,4,4,0.0,0.0,2.0,62771.7828,False,Owned free and clear,One-family house detached,"Yes, by paying a cell phone company or Internet service provider",Yes,Yes,No children,No own children present,No related children present,2 workers,60000_74999,2,married_couple,has_65_plus,14.0,3,syn_t036_h0000018
14000US06089012101,8900,1054346,14,2,1,3,2.0,5,,5.0,1,3,1.0,7.0,33100.0,4,4,4,0.0,0.0,,34898.8526,False,Rented,3-4 Apartments,"No access to the Internet at this house, apartment, or mobile home",,Yes,No children,No own children present,No related children present,,30000_34999,1,nonfamily_not_living_alone,no_65_plus,14.0,2,syn_t036_h0000019
14000US06089012101,8900,1054346,40,5,1,2,3.0,2,,10.0,1,3,1.0,1.0,30000.0,3,3,3,3.0,3.0,1.0,31630.38,False,Rented,One-family house detached,"Yes, without paying a cell phone company or Internet service provider",,Yes,With children under 6 years and 6 to 17 years,Presence of own children under 6 years and 6 to 17 years,Presence of related children under 6 years and 6 to 17 years,1 worker,30000_34999,1,married_couple,no_65_plus,40.0,5,syn_t036_h0000020
14000US06089012101,8900,1070673,8,1,1,3,1.0,2,,3.0,2,3,0.0,6.0,23700.0,4,4,4,0.0,0.0,,25374.9501,False,Rented,One-family house detached,"No access to the Internet at this house, apartment, or mobile home",,No,No children,No own children present,No related children present,,25000_29999,0,nonfamily_not_living_alone,no_65_plus,8.0,1,syn_t036_h0000021
14000US06089012101,8900,1070673,14,1,1,3,3.0,2,,7.0,2,2,1.0,4.0,42400.0,4,4,4,0.0,0.0,,45396.5352,False,Owned free and clear,One-family house detached,"No access to the Internet at this house, apartment, or mobile home",,No,No children,No own children present,No related children present,,45000_49999,1,nonfamily_living_alone,has_65_plus,14.0,1,syn_t036_h0000022
14000US06089012101,8900,1070673,11,2,1,1,3.0,2,1.0,4.0,2,1,2.0,1.0,78000.0,4,4,4,0.0,0.0,2.0,83512.494,False,Owned with mortgage or loan (include home equity loans),One-family house detached,"Yes, by paying a cell phone company or Internet service provider",Yes,No,No children,No own children present,No related children present,2 workers,75000_99999,2,married_couple,no_65_plus,11.0,2,syn_t036_h0000023
14000US06089012101,8900,1054346,8,2,1,1,3.0,2,1.0,6.0,1,2,2.0,1.0,66400.0,4,4,4,0.0,0.0,1.0,70008.5744,False,Owned free and clear,One-family house detached,"Yes, by paying a cell phone company or Internet service provider",Yes,Yes,No children,No own children present,No related children present,1 worker,60000_74999,2,married_couple,has_65_plus,8.0,2,syn_t036_h0000024
14000US06089012101,8900,1013097,44,4,1,1,2.0,1,1.0,4.0,1,2,2.0,1.0,30000.0,3,3,3,2.0,2.0,1.0,30392.91,False,Owned free and clear,Mobile home or trailer,"Yes, by paying a cell phone company or Internet service provider",Yes,Yes,With children under 6 years and 6 to 17 years,Presence of own children under 6 years and 6 to 17 years,Presence of related children under 6 years and 6 to 17 years,1 worker,30000_34999,2,married_couple,no_65_plus,44.0,4,syn_t036_h0000025
14000US06089012102,8900,1035838,13,3,1,1,2.0,3,1.0,4.0,1,3,3.0,2.0,6600.0,1,1,1,1.0,1.0,0.0,6836.5308,False,Rented,One-family house attached,"Yes, by paying a cell phone company or Internet service provider",Yes,Yes,With children under 6 years only,Presence of own children under 6 years only,Presence of related children under 6 years only,No workers,lt_10000,3,other_male_householder,no_65_plus,13.0,3,syn_t037_h0000001
14000US06089012102,8900,1070673,57,1,1,3,2.0,2,,4.0,2,1,1.0,4.0,40000.0,4,4,4,0.0,0.0,,42826.92,False,Owned with mortgage or loan (include home equity loans),One-family house detached,"No access to the Internet at this house, apartment, or mobile home",,No,No children,No own children present,No related children present,,40000_44999,1,nonfamily_living_alone,no_65_plus,57.0,1,syn_t037_h0000002
14000US06089012102,8900,1061242,5,2,1,1,3.0,2,1.0,5.0,1,2,6.0,1.0,139000.0,4,4,4,0.0,0.0,2.0,147512.638,False,Owned free and clear,One-family house detached,"Yes, by paying a cell phone company or Internet service provider",Yes,Yes,No children,No own children present,No related children present,2 workers,125000_149999,4_plus,married_couple,no_65_plus,5.0,2,syn_t037_h0000003
14000US06089012102,8900,1061242,26,2,1,1,2.0,6,1.0,4.0,1,3,2.0,3.0,31000.0,2,2,2,1.0,1.0,1.0,32898.502,False,Rented,5-9 Apartments,"Yes, by paying a cell phone company or Internet service provider",Yes,Yes,With children 6 to 17 years only,Presence of own children 6 to 17 years only,Presence of related children 6 to 17 years only,1 worker,30000_34999,2,other_female_householder,no_65_plus,26.0,2,syn_t037_h0000004
14000US06089012102,8900,1035838,21,3,1,1,3.0,2,1.0,10.0,1,1,4.0,1.0,85100.0,4,4,4,0.0,0.0,1.0,88149.8138,False,Owned with mortgage or loan (include home equity loans),One-family house detached,"Yes, by paying a cell phone company or Internet service provider",Yes,Yes,No children,No own children present,No related children present,1 worker,75000_99999,4_plus,married_couple,has_65_plus,21.0,3,syn_t037_h0000005
14000US06089012102,8900,1013097,6,2,1,1,2.0,1,1.0,7.0,1,2,1.0,1.0,34900.0,4,4,4,0.0,0.0,0.0,35357.0853,False,Owned free and clear,Mobile home or trailer,"Yes, by paying a cell phone company or Internet service provider",Yes,Yes,No children,No own children present,No related children present,No workers,35000_39999,1,married_couple,has_65_plus,6.0,2,syn_t037_h0000006
14000US06089012102,8900,1061242,22,3,1,3,4.0,2,,7.0,2,3,1.0,3.0,93200.0,4,4,4,0.0,0.0,1.0,98907.7544,False,Rented,One-family house detached,"No access to the Internet at this house, apartment, or mobile home",,No,No children,No own children present,No related children present,1 worker,75000_99999,1,other_female_householder,no_65_plus,22.0,3,syn_t037_h0000007
14000US06089012102,8900,1061242,20,2,1,1,1.0,5,1.0,2.0,1,3,1.0,1.0,15200.0,4,4,4,0.0,0.0,2.0,16130.8784,False,Rented,3-4 Apartments,"Yes, by paying a cell phone company or Internet service provider",Yes,Yes,No children,No own children present,No related children present,2 workers,15000_19999,1,married_couple,no_65_plus,20.0,2,syn_t037_h0000008
14000US06089012102,8900,1035838,18,2,1,1,3.0,2,1.0,7.0,1,2,2.0,1.0,130300.0,4,4,4,0.0,0.0,0.0,134969.6914,False,Owned free and clear,One-family house detached,"Yes, by paying a cell phone company or Internet service provider",Yes,Yes,No children,No own children present,No related children present,No workers,125000_149999,2,married_couple,has_65_plus,18.0,2,syn_t037_h0000009
14000US06089012102,8900,1035838,11,1,1,1,2.0,9,1.0,7.0,2,1,1.0,4.0,34000.0,4,4,4,0.0,0.0,,35218.492,False,Owned with mortgage or loan (include home equity loans),50 or more apartments,"Yes, by paying a cell phone company or Internet service provider",Yes,No,No children,No own children present,No related children present,,35000_39999,1,nonfamily_living_alone,no_65_plus,11.0,1,syn_t037_h0000010
14000US06089012102,8900,1054346,19,1,1,1,3.0,8,1.0,5.0,1,3,1.0,4.0,15700.0,4,4,4,0.0,0.0,,16553.2322,False,Rented,20-49 Apartments,"Yes, by paying a cell phone company or Internet service provider",Yes,Yes,No children,No own children present,No related children present,,15000_19999,1,nonfamily_living_alone,has_65_plus,19.0,1,syn_t037_h0000011
14000US06089012102,8900,1054346,9,4,1,3,3.0,2,,5.0,2,3,1.0,3.0,37000.0,2,2,2,2.0,2.0,1.0,39010.802,False,Rented,One-family house detached,"No access to the Internet at this house, apartment, or mobile home",,No,With children 6 to 17 years only,Presence of own children 6 to 17 years only,Presence of related children 6 to 17 years only,1 worker,35000_39999,1,other_female_householder,no_65_plus,9.0,4,syn_t037_h0000012
14000US06089012102,8900,1070673,38,2,1,1,4.0,2,1.0,8.0,1,1,2.0,1.0,73600.0,4,4,4,0.0,0.0,0.0,78801.5328,False,Owned with mortgage or loan (include home equity loans),One-family house detached,"Yes, by paying a cell phone company or Internet service provider",Yes,Yes,No children,No own children present,No related children present,No workers,75000_99999,2,married_couple,has_65_plus,38.0,2,syn_t037_h0000013
14000US06089012200,8900,1054346,6,2,1,1,3.0,2,2.0,8.0,1,2,3.0,2.0,67300.0,4,4,4,0.0,0.0,0.0,70957.4858,False,Owned free and clear,One-family house detached,"Yes, by paying a cell phone company or Internet service provider",No,Yes,No children,No own children present,No related children present,No workers,60000_74999,3,other_male_householder,has_65_plus,6.0,2,syn_t038_h0000001
14000US06089012200,8900,1054346,15,2,1,1,4.0,2,1.0,6.0,1,1,2.0,1.0,76000.0,4,4,4,0.0,0.0,2.0,80130.296,False,Owned with mortgage or loan (include home equity loans),One-family house detached,"Yes, by paying a cell phone company or Internet service provider",Yes,Yes,No children,No own children present,No related children present,2 workers,75000_99999,2,married_couple,no_65_plus,15.0,2,syn_t038_h0000002
14000US06089012200,8900,1070673,36,1,1,3,2.0,2,,4.0,1,3,1.0,4.0,24000.0,4,4,4,0.0,0.0,,25696.152,False,Rented,One-family house detached,"No access to the Internet at this house, apartment, or mobile home",,Yes,No children,No own children present,No related children present,,25000_29999,1,nonfamily_living_alone,no_65_plus,36.0,1,syn_t038_h0000003
14000US06089012200,8900,1061242,7,3,1,1,4.0,2,1.0,8.0,1,1,5.0,1.0,191600.0,2,2,2,1.0,1.0,3.0,203333.9672,False,Owned with mortgage or loan (include home equity loans),One-family house detached,"Yes, by paying a cell phone company or Internet service provider",Yes,Yes,With children 6 to 17 years only,Presence of own children 6 to 17 years only,Presence of related children 6 to 17 years only,3 or more workers in family,200000_plus,4_plus,married_couple,no_65_plus,7.0,3,syn_t038_h0000004
14000US06089012200,8900,1013097,13,4,1,1,4.0,2,1.0,8.0,1,1,3.0,1.0,24000.0,2,2,2,2.0,2.0,2.0,24314.328,False,Owned with mortgage or loan (include home equity loans),One-family house detached,"Yes, by paying a cell phone company or Internet service provider",Yes,Yes,With children 6 to 17 years only,Presence of own children 6 to 17 years only,Presence of related children 6 to 17 years only,2 workers,20000_24999,3,married_couple,no_65_plus,13.0,4,syn_t038_h0000005
14000US06089012200,8900,1054346,35,5,1,1,2.0,8,1.0,3.0,1,3,1.0,3.0,11200.0,1,1,1,3.0,3.0,1.0,11808.6752,False,Rented,20-49 Apartments,"Yes, by paying a cell phone company or Internet service provider",Yes,Yes,With children under 6 years only,Presence of own children under 6 years only,Presence of related children under 6 years only,1 worker,10000_14999,1,other_female_householder,no_65_plus,35.0,5,syn_t038_h0000006
14000US06089012200,8900,1054346,15,3,1,1,3.0,2,1.0,7.0,1,1,2.0,1.0,29200.0,1,1,1,1.0,1.0,1.0,30786.9032,False,Owned with mortgage or loan (include home equity loans),One-family house detached,"Yes, by paying a cell phone company or Internet service provider",Yes,Yes,With children under 6 years only,Presence of own children under 6 years only,Presence of related children under 6 years only,1 worker,30000_34999,2,married_couple,no_65_plus,15.0,3,syn_t038_h0000007
14000US06089012200,8900,1013097,16,4,1,1,2.0,2,1.0,4.0,1,3,2.0,3.0,48400.0,3,2,2,1.0,1.0,1.0,49033.8948,False,Rented,One-family house detached,"Yes, by paying a cell phone company or Internet service provider",Yes,Yes,With children under 6 years and 6 to 17 years,Presence of own children 6 to 17 years only,Presence of related children 6 to 17 years only,1 worker,45000_49999,2,other_female_householder,no_65_plus,16.0,4,syn_t038_h0000008
14000US06089012200,8900,1061242,20,4,1,1,3.0,2,1.0,10.0,1,1,0.0,1.0,9100.0,3,3,3,2.0,2.0,1.0,9657.3022,False,Owned with mortgage or loan (include home equity loans),One-family house detached,"Yes, by paying a cell phone company or Internet service provider",Yes,Yes,With children under 6 years and 6 to 17 years,Presence of own children under 6 years and 6 to 17 years,Presence of related children under 6 years and 6 to 17 years,1 worker,lt_10000,0,married_couple,no_65_plus,20.0,4,syn_t038_h0000009
14000US06089012200,8900,1013097,14,3,1,1,3.0,1,1.0,7.0,1,1,2.0,1.0,35000.0,4,4,4,0.0,0.0,1.0,35458.395,False,Owned with mortgage or loan (include home equity loans),Mobile home or trailer,"Yes, by paying a cell phone company or Internet service provider",Yes,Yes,No children,No own children present,No related children present,1 worker,35000_39999,2,married_couple,has_65_plus,14.0,3,syn_t038_h0000010
14000US06089012200,8900,1054346,12,2,1,1,3.0,2,1.0,5.0,1,2,2.0,3.0,18000.0,4,4,4,0.0,0.0,2.0,18978.228,False,Owned free and clear,One-family house detached,"Yes, by paying a cell phone company or Internet service provider",Yes,Yes,No children,No own children present,No related children present,2 workers,15000_19999,2,other_female_householder,no_65_plus,12.0,2,syn_t038_h0000011
14000US06089012200,8900,1054346,43,2,1,3,2.0,2,,4.0,2,3,2.0,3.0,9000.0,4,4,4,0.0,0.0,1.0,9489.114,False,Rented,One-family house detached,"No access to the Internet at this house, apartment, or mobile home",,No,No children,No own children present,No related children present,1 worker,lt_10000,2,other_female_householder,no_65_plus,43.0,2,syn_t038_h0000012
14000US06089012200,8900,1054346,17,2,1,1,2.0,1,2.0,4.0,1,3,1.0,3.0,10000.0,2,2,2,1.0,1.0,1.0,10543.46,False,Rented,Mobile home or trailer,"Yes, by paying a cell phone company or Internet service provider",No,Yes,With children 6 to 17 years only,Presence of own children 6 to 17 years only,Presence of related children 6 to 17 years only,1 worker,10000_14999,1,other_female_householder,no_65_plus,17.0,2,syn_t038_h0000013
14000US06089012200,8900,1061242,18,2,1,1,2.0,7,1.0,6.0,1,3,1.0,5.0,32280.0,4,4,4,0.0,0.0,,34256.89176,False,Rented,10-19 Apartments,"Yes, by paying a cell phone company or Internet service provider",Yes,Yes,No children,No own children present,No related children present,,30000_34999,1,nonfamily_living_alone,no_65_plus,18.0,2,syn_t038_h0000014
14000US06089012200,8900,1070673,63,2,1,1,3.0,2,1.0,6.0,1,1,2.0,1.0,24000.0,4,4,4,0.0,0.0,1.0,25696.152,False,Owned with mortgage or loan (include home equity loans),One-family house detached,"Yes, by paying a cell phone company or Internet service provider",Yes,Yes,No children,No own children present,No related children present,1 worker,25000_29999,2,married_couple,no_65_plus,63.0,2,syn_t038_h0000015
14000US06089012200,8900,1054346,19,1,1,3,2.0,1,,5.0,2,1,1.0,4.0,23600.0,4,4,4,0.0,0.0,,24882.5656,False,Owned with mortgage or loan (include home equity loans),Mobile home or trailer,"No access to the Internet at this house, apartment, or mobile home",,No,No children,No own children present,No related children present,,20000_24999,1,nonfamily_living_alone,no_65_plus,19.0,1,syn_t038_h0000016
14000US06089012200,8900,1054346,19,1,1,1,2.0,1,1.0,4.0,2,3,2.0,4.0,19000.0,4,4,4,0.0,0.0,,20032.574,False,Rented,Mobile home or trailer,"Yes, by paying a cell phone company or Internet service provider",Yes,No,No children,No own children present,No related children present,,20000_24999,2,nonfamily_living_alone,has_65_plus,19.0,1,syn_t038_h0000017
14000US06089012200,8900,1070673,33,3,1,1,3.0,2,1.0,6.0,1,3,2.0,2.0,19800.0,1,1,1,1.0,1.0,0.0,21199.3254,False,Rented,One-family house detached,"Yes, by paying a cell phone company or Internet service provider",Yes,Yes,With children under 6 years only,Presence of own children under 6 years only,Presence of related children under 6 years only,No workers,20000_24999,2,other_male_householder,no_65_plus,33.0,3,syn_t038_h0000018
14000US06089012200,8900,1061242,8,3,1,3,1.0,2,,5.0,2,2,2.0,1.0,24000.0,4,4,4,0.0,0.0,0.0,25469.808,False,Owned free and clear,One-family house detached,"No access to the Internet at this house, apartment, or mobile home",,No,No children,No own children present,No related children present,No workers,25000_29999,2,married_couple,has_65_plus,8.0,3,syn_t038_h0000019
14000US06089012200,8900,1035838,18,2,1,1,3.0,2,1.0,8.0,1,2,6.0,1.0,76400.0,4,4,4,0.0,0.0,2.0,79138.0232,False,Owned free and clear,One-family house detached,"Yes, by paying a cell phone company or Internet service provider",Yes,Yes,No children,No own children present,No related children present,2 workers,75000_99999,4_plus,married_couple,no_65_plus,18.0,2,syn_t038_h0000020
14000US06089012200,8900,1070673,20,1,1,3,9.0,6,,19.0,2,3,0.0,4.0,12900.0,4,4,4,0.0,0.0,,13811.6817,False,Rented,5-9 Apartments,"No access to the Internet at this house, apartment, or mobile home",,No,No children,No own children present,No related children present,,10000_14999,0,nonfamily_living_alone,no_65_plus,20.0,1,syn_t038_h0000021
14000US06089012200,8900,1070673,21,2,1,1,3.0,2,1.0,8.0,1,2,2.0,1.0,69400.0,4,4,4,0.0,0.0,1.0,74304.7062,False,Owned free and clear,One-family house detached,"Yes, by paying a cell phone company or Internet service provider",Yes,Yes,No children,No own children present,No related children present,1 worker,60000_74999,2,married_couple,no_65_plus,21.0,2,syn_t038_h0000022
14000US06089012200,8900,1013097,8,2,1,1,3.0,2,2.0,8.0,1,1,3.0,1.0,85700.0,4,4,4,0.0,0.0,2.0,86822.4129,False,Owned with mortgage or loan (include home equity loans),One-family house detached,"Yes, by paying a cell phone company or Internet service provider",No,Yes,No children,No own children present,No related children present,2 workers,75000_99999,3,married_couple,no_65_plus,8.0,2,syn_t038_h0000023
14000US06089012200,8900,1035838,4,2,1,3,2.0,2,,6.0,2,2,2.0,1.0,123000.0,4,4,4,0.0,0.0,2.0,127408.074,False,Owned free and clear,One-family house detached,"No access to the Internet at this house, apartment, or mobile home",,No,No children,No own children present,No related children present,2 workers,125000_149999,2,married_couple,has_65_plus,4.0,2,syn_t038_h0000024
14000US06089012200,8900,1061242,23,1,1,3,3.0,2,,6.0,2,1,1.0,4.0,0.0,4,4,4,0.0,0.0,,0.0,False,Owned with mortgage or loan (include home equity loans),One-family house detached,"No access to the Internet at this house, apartment, or mobile home",,No,No children,No own children present,No related children present,,lt_10000,1,nonfamily_living_alone,no_65_plus,23.0,1,syn_t038_h0000025
14000US06089012200,8900,1054346,35,1,1,3,4.0,2,,7.0,1,1,3.0,6.0,55000.0,4,4,4,0.0,0.0,,57989.03,False,Owned with mortgage or loan (include home equity loans),One-family house detached,"No access to the Internet at this house, apartment, or mobile home",,Yes,No children,No own children present,No related children present,,50000_59999,3,nonfamily_not_living_alone,no_65_plus,35.0,1,syn_t038_h0000026
14000US06089012200,8900,1061242,50,2,1,1,3.0,2,1.0,5.0,1,1,2.0,1.0,26000.0,4,4,4,0.0,0.0,2.0,27592.292,False,Owned with mortgage or loan (include home equity loans),One-family house detached,"Yes, by paying a cell phone company or Internet service provider",Yes,Yes,No children,No own children present,No related children present,2 workers,25000_29999,2,married_couple,no_65_plus,50.0,2,syn_t038_h0000027
14000US06089012200,8900,1070673,3,2,1,1,2.0,2,2.0,4.0,1,2,3.0,1.0,50900.0,4,4,4,0.0,0.0,2.0,54497.2557,False,Owned free and clear,One-family house detached,"Yes, by paying a cell phone company or Internet service provider",No,Yes,No children,No own children present,No related children present,2 workers,50000_59999,3,married_couple,has_65_plus,3.0,2,syn_t038_h0000028
14000US06089012200,8900,1035838,15,2,1,1,4.0,2,1.0,9.0,1,2,3.0,1.0,50400.0,4,4,4,0.0,0.0,0.0,52206.2352,False,Owned free and clear,One-family house detached,"Yes, by paying a cell phone company or Internet service provider",Yes,Yes,No children,No own children present,No related children present,No workers,50000_59999,3,married_couple,no_65_plus,15.0,2,syn_t038_h0000029
14000US06089012200,8900,1054346,24,5,1,3,3.0,2,,5.0,1,2,1.0,3.0,23000.0,3,3,3,4.0,4.0,1.0,24249.958,False,Owned free and clear,One-family house detached,"No access to the Internet at this house, apartment, or mobile home",,Yes,With children under 6 years and 6 to 17 years,Presence of own children under 6 years and 6 to 17 years,Presence of related children under 6 years and 6 to 17 years,1 worker,20000_24999,1,other_female_householder,no_65_plus,24.0,5,syn_t038_h0000030
14000US06089012200,8900,1035838,40,4,1,1,3.0,2,1.0,6.0,1,1,2.0,1.0,96000.0,1,1,1,2.0,2.0,1.0,99440.448,False,Owned with mortgage or loan (include home equity loans),One-family house detached,"Yes, by paying a cell phone company or Internet service provider",Yes,Yes,With children under 6 years only,Presence of own children under 6 years only,Presence of related children under 6 years only,1 worker,75000_99999,2,married_couple,no_65_plus,40.0,4,syn_t038_h0000031
14000US06089012301,8900,1061242,45,5,1,1,3.0,2,1.0,7.0,1,3,5.0,1.0,74500.0,2,2,2,2.0,2.0,3.0,79062.529,False,Rented,One-family house detached,"Yes, by paying a cell phone company or Internet service provider",Yes,Yes,With children 6 to 17 years only,Presence of own children 6 to 17 years only,Presence of related children 6 to 17 years only,3 or more workers in family,75000_99999,4_plus,married_couple,no_65_plus,45.0,5,syn_t039_h0000001
14000US06089012301,8900,1061242,10,2,1,1,3.0,2,1.0,6.0,2,2,2.0,1.0,47600.0,4,4,4,0.0,0.0,0.0,50515.1192,False,Owned free and clear,One-family house detached,"Yes, by paying a cell phone company or Internet service provider",Yes,No,No children,No own children present,No related children present,No workers,50000_59999,2,married_couple,has_65_plus,10.0,2,syn_t039_h0000002
14000US06089012301,8900,1054346,35,1,1,3,4.0,2,,7.0,1,1,3.0,6.0,55000.0,4,4,4,0.0,0.0,,57989.03,False,Owned with mortgage or loan (include home equity loans),One-family house detached,"No access to the Internet at this house, apartment, or mobile home",,Yes,No children,No own children present,No related children present,,50000_59999,3,nonfamily_not_living_alone,no_65_plus,35.0,1,syn_t039_h0000003
14000US06089012301,8900,1070673,34,1,1,1,3.0,2,1.0,6.0,2,4,1.0,4.0,9500.0,4,4,4,0.0,0.0,,10171.3935,False,Occupied without payment of rent,One-family house detached,"Yes, by paying a cell phone company or Internet service provider",Yes,No,No children,No own children present,No related children present,,10000_14999,1,nonfamily_living_alone,has_65_plus,34.0,1,syn_t039_h0000004
14000US06089012301,8900,1035838,25,2,1,1,2.0,2,1.0,8.0,1,1,2.0,3.0,7850.0,4,4,4,0.0,0.0,1.0,8131.3283,False,Owned with mortgage or loan (include home equity loans),One-family house detached,"Yes, by paying a cell phone company or Internet service provider",Yes,Yes,No children,No own children present,No related children present,1 worker,lt_10000,2,other_female_householder,no_65_plus,25.0,2,syn_t039_h0000005
14000US06089012301,8900,1061242,19,2,1,1,2.0,5,1.0,7.0,1,3,2.0,2.0,26000.0,4,4,4,0.0,0.0,2.0,27592.292,False,Rented,3-4 Apartments,"Yes, by paying a cell phone company or Internet service provider",Yes,Yes,No children,No own children present,No related children present,2 workers,25000_29999,2,other_male_householder,no_65_plus,19.0,2,syn_t039_h0000006
14000US06089012301,8900,1013097,22,2,1,1,1.0,7,1.0,2.0,1,3,2.0,1.0,36000.0,4,4,4,0.0,0.0,2.0,36471.492,False,Rented,10-19 Apartments,"Yes, by paying a cell phone company or Internet service provider",Yes,Yes,No children,No own children present,No related children present,2 workers,35000_39999,2,married_couple,no_65_plus,22.0,2,syn_t039_h0000007
14000US06089012301,8900,1035838,10,1,1,1,4.0,2,2.0,9.0,1,1,2.0,4.0,18200.0,4,4,4,0.0,0.0,,18852.2516,False,Owned with mortgage or loan (include home equity loans),One-family house detached,"Yes, by paying a cell phone company or Internet service provider",No,Yes,No children,No own children present,No related children present,,15000_19999,2,nonfamily_living_alone,has_65_plus,10.0,1,syn_t039_h0000008
14000US06089012301,8900,1061242,12,2,1,1,4.0,1,1.0,5.0,1,2,3.0,1.0,28800.0,4,4,4,0.0,0.0,0.0,30563.7696,False,Owned free and clear,Mobile home or trailer,"Yes, by paying a cell phone company or Internet service provider",Yes,Yes,No children,No own children present,No related children present,No workers,30000_34999,3,married_couple,no_65_plus,12.0,2,syn_t039_h0000009
14000US06089012301,8900,1061242,13,2,1,1,2.0,5,1.0,5.0,1,3,1.0,1.0,32000.0,4,4,4,0.0,0.0,0.0,33959.744,False,Rented,3-4 Apartments,"Yes, by paying a cell phone company or Internet service provider",Yes,Yes,No children,No own children present,No related children present,No workers,30000_34999,1,married_couple,no_65_plus,13.0,2,syn_t039_h0000010
14000US06089012301,8900,1013097,17,2,1,2,2.0,2,,4.0,2,1,1.0,3.0,29000.0,4,4,4,0.0,0.0,1.0,29379.813,False,Owned with mortgage or loan (include home equity loans),One-family house detached,"Yes, without paying a cell phone company or Internet service provider",,No,No children,No own children present,No related children present,1 worker,25000_29999,1,other_female_householder,has_65_plus,17.0,2,syn_t039_h0000011
14000US06089012301,8900,1013097,29,4,1,1,3.0,1,1.0,5.0,1,2,3.0,2.0,45400.0,2,2,2,2.0,2.0,1.0,45994.6038,False,Owned free and clear,Mobile home or trailer,"Yes, by paying a cell phone company or Internet service provider",Yes,Yes,With children 6 to 17 years only,Presence of own children 6 to 17 years only,Presence of related children 6 to 17 years only,1 worker,45000_49999,3,other_male_householder,no_65_plus,29.0,4,syn_t039_h0000012
14000US06089012301,8900,1035838,5,1,1,1,4.0,2,1.0,6.0,1,2,2.0,6.0,13000.0,4,4,4,0.0,0.0,,13465.894,False,Owned free and clear,One-family house detached,"Yes, by paying a cell phone company or Internet service provider",Yes,Yes,No children,No own children present,No related children present,,10000_14999,2,nonfamily_not_living_alone,no_65_plus,5.0,1,syn_t039_h0000013
14000US06089012301,8900,1035838,37,7,1,1,3.0,2,1.0,6.0,1,1,4.0,1.0,89700.0,3,4,3,0.0,2.0,3.0,92914.6686,False,Owned with mortgage or loan (include home equity loans),One-family house detached,"Yes, by paying a cell phone company or Internet service provider",Yes,Yes,With children under 6 years and 6 to 17 years,No own children present,Presence of related children under 6 years and 6 to 17 years,3 or more workers in family,75000_99999,4_plus,married_couple,no_65_plus,37.0,7,syn_t039_h0000014
14000US06089012301,8900,1070673,21,3,1,1,4.0,2,1.0,10.0,1,1,3.0,1.0,174880.0,4,4,4,0.0,0.0,2.0,187239.29424,False,Owned with mortgage or loan (include home equity loans),One-family house detached,"Yes, by paying a cell phone company or Internet service provider",Yes,Yes,No children,No own children present,No related children present,2 workers,150000_199999,3,married_couple,no_65_plus,21.0,3,syn_t039_h0000015
14000US06089012301,8900,1061242,45,5,1,1,3.0,6,1.0,5.0,1,3,1.0,1.0,30000.0,3,3,3,3.0,3.0,1.0,31837.26,False,Rented,5-9 Apartments,"Yes, by paying a cell phone company or Internet service provider",Yes,Yes,With children under 6 years and 6 to 17 years,Presence of own children under 6 years and 6 to 17 years,Presence of related children under 6 years and 6 to 17 years,1 worker,30000_34999,1,married_couple,no_65_plus,45.0,5,syn_t039_h0000016
14000US06089012302,8900,1013097,33,3,1,1,3.0,2,2.0,5.0,1,1,3.0,1.0,109100.0,1,1,1,1.0,1.0,2.0,110528.8827,False,Owned with mortgage or loan (include home equity loans),One-family house detached,"Yes, by paying a cell phone company or Internet service provider",No,Yes,With children under 6 years only,Presence of own children under 6 years only,Presence of related children under 6 years only,2 workers,100000_124999,3,married_couple,no_65_plus,33.0,3,syn_t040_h0000001
14000US06089012302,8900,1013097,52,1,1,1,3.0,2,2.0,5.0,2,2,5.0,4.0,35000.0,4,4,4,0.0,0.0,,35458.395,False,Owned free and clear,One-family house detached,"Yes, by paying a cell phone company or Internet service provider",No,No,No children,No own children present,No related children present,,35000_39999,4_plus,nonfamily_living_alone,has_65_plus,52.0,1,syn_t040_h0000002
14000US06089012302,8900,1070673,21,3,1,1,4.0,2,1.0,10.0,1,1,3.0,1.0,174880.0,4,4,4,0.0,0.0,2.0,187239.29424,False,Owned with mortgage or loan (include home equity loans),One-family house detached,"Yes, by paying a cell phone company or Internet service provider",Yes,Yes,No children,No own children present,No related children present,2 workers,150000_199999,3,married_couple,no_65_plus,21.0,3,syn_t040_h0000003
14000US06089012302,8900,1013097,12,2,1,1,2.0,1,1.0,6.0,1,2,2.0,1.0,0.0,4,4,4,0.0,0.0,0.0,0.0,False,Owned free and clear,Mobile home or trailer,"Yes, by paying a cell phone company or Internet service provider",Yes,Yes,No children,No own children present,No related children present,No workers,lt_10000,2,married_couple,no_65_plus,12.0,2,syn_t040_h0000004
14000US06089012302,8900,1013097,20,2,1,1,3.0,2,2.0,6.0,2,2,3.0,1.0,114000.0,4,4,4,0.0,0.0,2.0,115493.058,False,Owned free and clear,One-family house detached,"Yes, by paying a cell phone company or Internet service provider",No,No,No children,No own children present,No related children present,2 workers,100000_124999,3,married_couple,no_65_plus,20.0,2,syn_t040_h0000005
14000US06089012302,8900,1061242,11,2,1,1,3.0,2,1.0,8.0,1,1,2.0,1.0,96900.0,4,4,4,0.0,0.0,2.0,102834.3498,False,Owned with mortgage or loan (include home equity loans),One-family house detached,"Yes, by paying a cell phone company or Internet service provider",Yes,Yes,No children,No own children present,No related children present,2 workers,100000_124999,2,married_couple,no_65_plus,11.0,2,syn_t040_h0000006
14000US06089012302,8900,1070673,9,3,1,1,5.0,2,1.0,9.0,1,1,3.0,1.0,108700.0,4,4,4,0.0,0.0,2.0,116382.1551,False,Owned with mortgage or loan (include home equity loans),One-family house detached,"Yes, by paying a cell phone company or Internet service provider",Yes,Yes,No children,No own children present,No related children present,2 workers,100000_124999,3,married_couple,has_65_plus,9.0,3,syn_t040_h0000007
14000US06089012302,8900,1035838,8,2,1,2,3.0,2,,6.0,1,1,2.0,1.0,50900.0,4,4,4,0.0,0.0,1.0,52724.1542,False,Owned with mortgage or loan (include home equity loans),One-family house detached,"Yes, without paying a cell phone company or Internet service provider",,Yes,No children,No own children present,No related children present,1 worker,50000_59999,2,married_couple,has_65_plus,8.0,2,syn_t040_h0000008
14000US06089012302,8900,1035838,81,4,1,1,2.0,1,2.0,4.0,1,3,2.0,3.0,50000.0,1,1,1,2.0,2.0,1.0,51791.9,False,Rented,Mobile home or trailer,"Yes, by paying a cell phone company or Internet service provider",No,Yes,With children under 6 years only,Presence of own children under 6 years only,Presence of related children under 6 years only,1 worker,50000_59999,2,other_female_householder,no_65_plus,81.0,4,syn_t040_h0000009
14000US06089012302,8900,1035838,42,3,1,1,4.0,2,1.0,6.0,1,1,3.0,1.0,137000.0,4,4,4,0.0,0.0,2.0,141909.806,False,Owned with mortgage or loan (include home equity loans),One-family house detached,"Yes, by paying a cell phone company or Internet service provider",Yes,Yes,No children,No own children present,No related children present,2 workers,125000_149999,3,married_couple,no_65_plus,42.0,3,syn_t040_h0000010
14000US06089012302,8900,1054346,36,3,1,1,3.0,5,1.0,6.0,1,3,1.0,2.0,13000.0,2,2,2,2.0,2.0,1.0,13706.498,False,Rented,3-4 Apartments,"Yes, by paying a cell phone company or Internet service provider",Yes,Yes,With children 6 to 17 years only,Presence of own children 6 to 17 years only,Presence of related children 6 to 17 years only,1 worker,10000_14999,1,other_male_householder,no_65_plus,36.0,3,syn_t040_h0000011
14000US06089012302,8900,1061242,55,1,1,1,2.0,2,1.0,5.0,1,3,3.0,4.0,64000.0,4,4,4,0.0,0.0,,67919.488,False,Rented,One-family house detached,"Yes, by paying a cell phone company or Internet service provider",Yes,Yes,No children,No own children present,No related children present,,60000_74999,3,nonfamily_living_alone,no_65_plus,55.0,1,syn_t040_h0000012
14000US06089012302,8900,1013097,12,2,1,1,3.0,2,1.0,8.0,1,2,2.0,1.0,69600.0,4,4,4,0.0,0.0,0.0,70511.5512,False,Owned free and clear,One-family house detached,"Yes, by paying a cell phone company or Internet service provider",Yes,Yes,No children,No own children present,No related children present,No workers,60000_74999,2,married_couple,has_65_plus,12.0,2,syn_t040_h0000013
14000US06089012302,8900,1054346,15,2,1,1,3.0,1,1.0,6.0,1,2,3.0,1.0,26900.0,4,4,4,0.0,0.0,0.0,28361.9074,False,Owned free and clear,Mobile home or trailer,"Yes, by paying a cell phone company or Internet service provider",Yes,Yes,No children,No own children present,No related children present,No workers,25000_29999,3,married_couple,has_65_plus,15.0,2,syn_t040_h0000014
14000US06089012302,8900,1070673,35,2,1,1,2.0,6,1.0,7.0,1,3,1.0,3.0,22000.0,4,4,4,0.0,0.0,1.0,23554.806,False,Rented,5-9 Apartments,"Yes, by paying a cell phone company or Internet service provider",Yes,Yes,No children,No own children present,No related children present,1 worker,20000_24999,1,other_female_householder,no_65_plus,35.0,2,syn_t040_h0000015
14000US06089012302,8900,1061242,23,2,1,1,3.0,2,2.0,7.0,1,1,3.0,1.0,99800.0,4,4,4,0.0,0.0,0.0,105911.9516,False,Owned with mortgage or loan (include home equity loans),One-family house detached,"Yes, by paying a cell phone company or Internet service provider",No,Yes,No children,No own children present,No related children present,No workers,100000_124999,3,married_couple,has_65_plus,23.0,2,syn_t040_h0000016
14000US06089012302,8900,1035838,24,2,1,1,2.0,2,1.0,4.0,1,3,2.0,5.0,57000.0,4,4,4,0.0,0.0,,59042.766,False,Rented,One-family house detached,"Yes, by paying a cell phone company or Internet service provider",Yes,Yes,No children,No own children present,No related children present,,50000_59999,2,nonfamily_living_alone,no_65_plus,24.0,2,syn_t040_h0000017
14000US06089012302,8900,1013097,12,3,1,1,3.0,2,1.0,5.0,1,1,3.0,1.0,101000.0,4,4,4,0.0,0.0,2.0,102322.797,False,Owned with mortgage or loan (include home equity loans),One-family house detached,"Yes, by paying a cell phone company or Internet service provider",Yes,Yes,No children,No own children present,No related children present,2 workers,100000_124999,3,married_couple,no_65_plus,12.0,3,syn_t040_h0000018
14000US06089012302,8900,1061242,118,3,1,1,2.0,5,1.0,4.0,1,3,2.0,2.0,106300.0,4,4,4,0.0,0.0,3.0,112810.0246,False,Rented,3-4 Apartments,"Yes, by paying a cell phone company or Internet service provider",Yes,Yes,No children,No own children present,No related children present,3 or more workers in family,100000_124999,2,other_male_householder,no_65_plus,118.0,3,syn_t040_h0000019
14000US06089012302,8900,1035838,20,2,1,1,4.0,2,1.0,8.0,2,1,3.0,1.0,95000.0,4,4,4,0.0,0.0,0.0,98404.61,False,Owned with mortgage or loan (include home equity loans),One-family house detached,"Yes, by paying a cell phone company or Internet service provider",Yes,No,No children,No own children present,No related children present,No workers,75000_99999,3,married_couple,has_65_plus,20.0,2,syn_t040_h0000020
14000US06089012302,8900,1061242,15,1,1,2,3.0,2,,7.0,1,1,1.0,4.0,2400.0,4,4,4,0.0,0.0,,2546.9808,False,Owned with mortgage or loan (include home equity loans),One-family house detached,"Yes, without paying a cell phone company or Internet service provider",,Yes,No children,No own children present,No related children present,,lt_10000,1,nonfamily_living_alone,has_65_plus,15.0,1,syn_t040_h0000021
14000US06089012302,8900,1061242,26,1,1,1,2.0,8,1.0,4.0,2,3,1.0,4.0,18000.0,4,4,4,0.0,0.0,,19102.356,False,Rented,20-49 Apartments,"Yes, by paying a cell phone company or Internet service provider",Yes,No,No children,No own children present,No related children present,,15000_19999,1,nonfamily_living_alone,no_65_plus,26.0,1,syn_t040_h0000022
14000US06089012302,8900,1061242,37,1,1,1,2.0,5,1.0,4.0,1,3,1.0,4.0,50000.0,4,4,4,0.0,0.0,,53062.1,False,Rented,3-4 Apartments,"Yes, by paying a cell phone company or Internet service provider",Yes,Yes,No children,No own children present,No related children present,,50000_59999,1,nonfamily_living_alone,no_65_plus,37.0,1,syn_t040_h0000023
14000US06089012302,8900,1061242,23,4,1,1,3.0,2,1.0,5.0,2,2,3.0,1.0,106000.0,4,4,4,0.0,0.0,2.0,112491.652,False,Owned free and clear,One-family house detached,"Yes, by paying a cell phone company or Internet service provider",Yes,No,No children,No own children present,No related children present,2 workers,100000_124999,3,married_couple,has_65_plus,23.0,4,syn_t040_h0000024
14000US06089012302,8900,1054346,32,2,1,1,2.0,3,1.0,5.0,1,3,2.0,1.0,28000.0,4,4,4,0.0,0.0,2.0,29521.688,False,Rented,One-family house attached,"Yes, by paying a cell phone company or Internet service provider",Yes,Yes,No children,No own children present,No related children present,2 workers,25000_29999,2,married_couple,no_65_plus,32.0,2,syn_t040_h0000025
14000US06089012302,8900,1070673,45,3,1,1,2.0,2,2.0,5.0,2,1,3.0,1.0,63000.0,2,2,2,1.0,1.0,2.0,67452.399,False,Owned with mortgage or loan (include home equity loans),One-family house detached,"Yes, by paying a cell phone company or Internet service provider",No,No,With children 6 to 17 years only,Presence of own children 6 to 17 years only,Presence of related children 6 to 17 years only,2 workers,60000_74999,3,married_couple,no_65_plus,45.0,3,syn_t040_h0000026
14000US06089012302,8900,1054346,14,1,1,1,2.0,3,2.0,4.0,1,3,1.0,4.0,60000.0,4,4,4,0.0,0.0,,63260.76,False,Rented,One-family house attached,"Yes, by paying a cell phone company or Internet service provider",No,Yes,No children,No own children present,No related children present,,60000_74999,1,nonfamily_living_alone,no_65_plus,14.0,1,syn_t040_h0000027
14000US06089012302,8900,1035838,14,2,1,1,4.0,2,1.0,6.0,2,2,4.0,1.0,41000.0,4,4,4,0.0,0.0,0.0,42469.358,False,Owned free and clear,One-family house detached,"Yes, by paying a cell phone company or Internet service provider",Yes,No,No children,No own children present,No related children present,No workers,40000_44999,4_plus,married_couple,has_65_plus,14.0,2,syn_t040_h0000028
14000US06089012302,8900,1054346,8,4,1,1,3.0,2,1.0,7.0,1,2,2.0,1.0,62000.0,2,2,2,1.0,1.0,2.0,65369.452,False,Owned free and clear,One-family house detached,"Yes, by paying a cell phone company or Internet service provider",Yes,Yes,With children 6 to 17 years only,Presence of own children 6 to 17 years only,Presence of related children 6 to 17 years only,2 workers,60000_74999,2,married_couple,no_65_plus,8.0,4,syn_t040_h0000029
14000US06089012303,8900,1070673,50,4,1,1,3.0,2,1.0,7.0,1,1,2.0,1.0,43000.0,1,1,1,2.0,2.0,1.0,46038.939,False,Owned with mortgage or loan (include home equity loans),One-family house detached,"Yes, by paying a cell phone company or Internet service provider",Yes,Yes,With children under 6 years only,Presence of own children under 6 years only,Presence of related children under 6 years only,1 worker,45000_49999,2,married_couple,no_65_plus,50.0,4,syn_t041_h0000001
14000US06089012303,8900,1070673,54,4,1,1,2.0,9,2.0,4.0,1,3,1.0,1.0,70000.0,3,3,3,2.0,2.0,1.0,74947.11,False,Rented,50 or more apartments,"Yes, by paying a cell phone company or Internet service provider",No,Yes,With children under 6 years and 6 to 17 years,Presence of own children under 6 years and 6 to 17 years,Presence of related children under 6 years and 6 to 17 years,1 worker,60000_74999,1,married_couple,no_65_plus,54.0,4,syn_t041_h0000002
14000US06089012303,8900,1054346,8,3,1,1,4.0,2,1.0,8.0,1,1,2.0,1.0,350000.0,1,1,1,1.0,1.0,2.0,369021.1,False,Owned with mortgage or loan (include home equity loans),One-family house detached,"Yes, by paying a cell phone company or Internet service provider",Yes,Yes,With children under 6 years only,Presence of own children under 6 years only,Presence of related children under 6 years only,2 workers,200000_plus,2,married_couple,no_65_plus,8.0,3,syn_t041_h0000003
14000US06089012303,8900,1054346,8,2,1,1,2.0,3,1.0,5.0,2,3,2.0,1.0,56000.0,4,4,4,0.0,0.0,2.0,59043.376,False,Rented,One-family house attached,"Yes, by paying a cell phone company or Internet service provider",Yes,No,No children,No own children present,No related children present,2 workers,50000_59999,2,married_couple,no_65_plus,8.0,2,syn_t041_h0000004
14000US06089012303,8900,1070673,38,3,1,3,3.0,2,,6.0,2,1,1.0,3.0,69900.0,4,4,4,0.0,0.0,1.0,74840.0427,False,Owned with mortgage or loan (include home equity loans),One-family house detached,"No access to the Internet at this house, apartment, or mobile home",,No,No children,No own children present,No related children present,1 worker,60000_74999,1,other_female_householder,has_65_plus,38.0,3,syn_t041_h0000005
14000US06089012303,8900,1054346,18,1,1,3,1.0,6,,5.0,2,3,0.0,6.0,10000.0,4,4,4,0.0,0.0,,10543.46,False,Rented,5-9 Apartments,"No access to the Internet at this house, apartment, or mobile home",,No,No children,No own children present,No related children present,,10000_14999,0,nonfamily_not_living_alone,no_65_plus,18.0,1,syn_t041_h0000006
14000US06089012303,8900,1013097,3,4,1,1,3.0,2,1.0,6.0,1,1,3.0,1.0,266800.0,2,2,2,2.0,2.0,2.0,270294.2796,False,Owned with mortgage or loan (include home equity loans),One-family house detached,"Yes, by paying a cell phone company or Internet service provider",Yes,Yes,With children 6 to 17 years only,Presence of own children 6 to 17 years only,Presence of related children 6 to 17 years only,2 workers,200000_plus,3,married_couple,no_65_plus,3.0,4,syn_t041_h0000007
14000US06089012303,8900,1054346,28,2,1,1,2.0,2,1.0,4.0,2,2,1.0,5.0,89000.0,4,4,4,0.0,0.0,,93836.794,False,Owned free and clear,One-family house detached,"Yes, by paying a cell phone company or Internet service provider",Yes,No,No children,No own children present,No related children present,,75000_99999,1,nonfamily_living_alone,no_65_plus,28.0,2,syn_t041_h0000008
14000US06089012303,8900,1035838,16,1,1,1,0.0,9,1.0,1.0,1,3,1.0,6.0,34400.0,4,4,4,0.0,0.0,,35632.8272,False,Rented,50 or more apartments,"Yes, by paying a cell phone company or Internet service provider",Yes,Yes,No children,No own children present,No related children present,,35000_39999,1,nonfamily_not_living_alone,has_65_plus,16.0,1,syn_t041_h0000009
14000US06089012303,8900,1013097,52,1,1,1,3.0,2,2.0,5.0,2,2,5.0,4.0,35000.0,4,4,4,0.0,0.0,,35458.395,False,Owned free and clear,One-family house detached,"Yes, by paying a cell phone company or Internet service provider",No,No,No children,No own children present,No related children present,,35000_39999,4_plus,nonfamily_living_alone,has_65_plus,52.0,1,syn_t041_h0000010
14000US06089012303,8900,1013097,14,2,1,1,2.0,2,1.0,6.0,1,1,3.0,1.0,157400.0,4,4,4,0.0,0.0,0.0,159461.4678,False,Owned with mortgage or loan (include home equity loans),One-family house detached,"Yes, by paying a cell phone company or Internet service provider",Yes,Yes,No children,No own children present,No related children present,No workers,150000_199999,3,married_couple,has_65_plus,14.0,2,syn_t041_h0000011
14000US06089012303,8900,1013097,31,4,1,1,3.0,2,1.0,7.0,1,2,3.0,1.0,165000.0,3,3,3,2.0,2.0,1.0,167161.005,False,Owned free and clear,One-family house detached,"Yes, by paying a cell phone company or Internet service provider",Yes,Yes,With children under 6 years and 6 to 17 years,Presence of own children under 6 years and 6 to 17 years,Presence of related children under 6 years and 6 to 17 years,1 worker,150000_199999,3,married_couple,no_65_plus,31.0,4,syn_t041_h0000012
14000US06089012303,8900,1013097,16,1,1,1,2.0,5,1.0,5.0,2,3,1.0,6.0,28000.0,4,4,4,0.0,0.0,,28366.716,False,Rented,3-4 Apartments,"Yes, by paying a cell phone company or Internet service provider",Yes,No,No children,No own children present,No related children present,,25000_29999,1,nonfamily_not_living_alone,has_65_plus,16.0,1,syn_t041_h0000013
14000US06089012303,8900,1035838,13,2,1,1,3.0,2,1.0,6.0,1,1,3.0,1.0,190200.0,4,4,4,0.0,0.0,2.0,197016.3876,False,Owned with mortgage or loan (include home equity loans),One-family house detached,"Yes, by paying a cell phone company or Internet service provider",Yes,Yes,No children,No own children present,No related children present,2 workers,150000_199999,3,married_couple,no_65_plus,13.0,2,syn_t041_h0000014
14000US06089012303,8900,1061242,45,2,1,1,2.0,2,2.0,4.0,1,3,2.0,3.0,50100.0,4,4,4,0.0,0.0,1.0,53168.2242,False,Rented,One-family house detached,"Yes, by paying a cell phone company or Internet service provider",No,Yes,No children,No own children present,No related children present,1 worker,50000_59999,2,other_female_householder,has_65_plus,45.0,2,syn_t041_h0000015
14000US06089012303,8900,1013097,10,5,1,1,3.0,2,1.0,6.0,1,1,6.0,1.0,157600.0,4,4,4,0.0,0.0,3.0,159664.0872,False,Owned with mortgage or loan (include home equity loans),One-family house detached,"Yes, by paying a cell phone company or Internet service provider",Yes,Yes,No children,No own children present,No related children present,3 or more workers in family,150000_199999,4_plus,married_couple,no_65_plus,10.0,5,syn_t041_h0000016
14000US06089012303,8900,1013097,8,3,1,1,3.0,2,2.0,10.0,1,1,3.0,1.0,182000.0,4,4,4,0.0,0.0,3.0,184383.654,False,Owned with mortgage or loan (include home equity loans),One-family house detached,"Yes, by paying a cell phone company or Internet service provider",No,Yes,No children,No own children present,No related children present,3 or more workers in family,150000_199999,3,married_couple,no_65_plus,8.0,3,syn_t041_h0000017
14000US06089012303,8900,1070673,16,2,1,1,4.0,2,1.0,9.0,2,2,3.0,1.0,84000.0,4,4,4,0.0,0.0,1.0,89936.532,False,Owned free and clear,One-family house detached,"Yes, by paying a cell phone company or Internet service provider",Yes,No,No children,No own children present,No related children present,1 worker,75000_99999,3,married_couple,no_65_plus,16.0,2,syn_t041_h0000018
14000US06089012303,8900,1054346,90,2,1,1,3.0,2,1.0,6.0,1,1,2.0,5.0,81000.0,4,4,4,0.0,0.0,,85402.026,False,Owned with mortgage or loan (include home equity loans),One-family house detached,"Yes, by paying a cell phone company or Internet service provider",Yes,Yes,No children,No own children present,No related children present,,75000_99999,2,nonfamily_living_alone,no_65_plus,90.0,2,syn_t041_h0000019
14000US06089012303,8900,1061242,43,6,1,1,5.0,2,1.0,9.0,1,1,4.0,1.0,184500.0,2,2,2,2.0,2.0,3.0,195799.149,False,Owned with mortgage or loan (include home equity loans),One-family house detached,"Yes, by paying a cell phone company or Internet service provider",Yes,Yes,With children 6 to 17 years only,Presence of own children 6 to 17 years only,Presence of related children 6 to 17 years only,3 or more workers in family,150000_199999,4_plus,married_couple,no_65_plus,43.0,6,syn_t041_h0000020
14000US06089012303,8900,1054346,25,1,1,3,1.0,1,,2.0,2,2,1.0,4.0,0.0,4,4,4,0.0,0.0,,0.0,False,Owned free and clear,Mobile home or trailer,"No access to the Internet at this house, apartment, or mobile home",,No,No children,No own children present,No related children present,,lt_10000,1,nonfamily_living_alone,no_65_plus,25.0,1,syn_t041_h0000021
14000US06089012303,8900,1054346,43,2,1,1,2.0,1,1.0,7.0,1,2,1.0,5.0,23700.0,4,4,4,0.0,0.0,,24988.0002,False,Owned free and clear,Mobile home or trailer,"Yes, by paying a cell phone company or Internet service provider",Yes,Yes,No children,No own children present,No related children present,,20000_24999,1,nonfamily_living_alone,no_65_plus,43.0,2,syn_t041_h0000022
14000US06089012400,8900,1013097,18,1,1,2,0.0,9,,1.0,2,3,0.0,4.0,18700.0,4,4,4,0.0,0.0,,18944.9139,False,Rented,50 or more apartments,"Yes, without paying a cell phone company or Internet service provider",,No,No children,No own children present,No related children present,,15000_19999,0,nonfamily_living_alone,has_65_plus,18.0,1,syn_t042_h0000001
14000US06089012400,8900,1035838,17,1,1,3,2.0,1,,4.0,2,3,4.0,4.0,39700.0,4,4,4,0.0,0.0,,41122.7686,False,Rented,Mobile home or trailer,"No access to the Internet at this house, apartment, or mobile home",,No,No children,No own children present,No related children present,,40000_44999,4_plus,nonfamily_living_alone,no_65_plus,17.0,1,syn_t042_h0000002
14000US06089012400,8900,1054346,31,6,1,1,3.0,2,1.0,5.0,1,3,2.0,2.0,61000.0,3,3,3,4.0,4.0,1.0,64315.106,False,Rented,One-family house detached,"Yes, by paying a cell phone company or Internet service provider",Yes,Yes,With children under 6 years and 6 to 17 years,Presence of own children under 6 years and 6 to 17 years,Presence of related children under 6 years and 6 to 17 years,1 worker,60000_74999,2,other_male_householder,no_65_plus,31.0,6,syn_t042_h0000003
14000US06089012400,8900,1035838,13,1,1,2,3.0,2,,6.0,1,1,2.0,4.0,3000.0,4,4,4,0.0,0.0,,3107.514,False,Owned with mortgage or loan (include home equity loans),One-family house detached,"Yes, without paying a cell phone company or Internet service provider",,Yes,No children,No own children present,No related children present,,lt_10000,2,nonfamily_living_alone,no_65_plus,13.0,1,syn_t042_h0000004
14000US06089012400,8900,1061242,10,1,1,1,1.0,6,1.0,4.0,1,3,1.0,4.0,12000.0,4,4,4,0.0,0.0,,12734.904,False,Rented,5-9 Apartments,"Yes, by paying a cell phone company or Internet service provider",Yes,Yes,No children,No own children present,No related children present,,10000_14999,1,nonfamily_living_alone,no_65_plus,10.0,1,syn_t042_h0000005
14000US06089012400,8900,1013097,81,2,1,1,3.0,2,1.0,8.0,1,3,1.0,1.0,127000.0,4,4,4,0.0,0.0,2.0,128663.319,False,Rented,One-family house detached,"Yes, by paying a cell phone company or Internet service provider",Yes,Yes,No children,No own children present,No related children present,2 workers,125000_149999,1,married_couple,no_65_plus,81.0,2,syn_t042_h0000006
14000US06089012400,8900,1035838,16,3,1,1,4.0,2,1.0,7.0,1,2,4.0,1.0,211700.0,4,4,4,0.0,0.0,3.0,219286.9046,False,Owned free and clear,One-family house detached,"Yes, by paying a cell phone company or Internet service provider",Yes,Yes,No children,No own children present,No related children present,3 or more workers in family,200000_plus,4_plus,married_couple,no_65_plus,16.0,3,syn_t042_h0000007
14000US06089012400,8900,1054346,39,2,1,1,2.0,5,1.0,4.0,1,1,1.0,1.0,43200.0,4,4,4,0.0,0.0,2.0,45547.7472,False,Owned with mortgage or loan (include home equity loans),3-4 Apartments,"Yes, by paying a cell phone company or Internet service provider",Yes,Yes,No children,No own children present,No related children present,2 workers,45000_49999,1,married_couple,no_65_plus,39.0,2,syn_t042_h0000008
14000US06089012400,8900,1035838,17,2,1,1,3.0,2,1.0,5.0,1,2,4.0,1.0,116000.0,4,4,4,0.0,0.0,2.0,120157.208,False,Owned free and clear,One-family house detached,"Yes, by paying a cell phone company or Internet service provider",Yes,Yes,No children,No own children present,No related children present,2 workers,100000_124999,4_plus,married_couple,no_65_plus,17.0,2,syn_t042_h0000009
14000US06089012400,8900,1061242,24,3,1,1,2.0,2,2.0,3.0,1,1,4.0,1.0,35800.0,2,2,2,1.0,1.0,1.0,37992.4636,False,Owned with mortgage or loan (include home equity loans),One-family house detached,"Yes, by paying a cell phone company or Internet service provider",No,Yes,With children 6 to 17 years only,Presence of own children 6 to 17 years only,Presence of related children 6 to 17 years only,1 worker,35000_39999,4_plus,married_couple,no_65_plus,24.0,3,syn_t042_h0000010
14000US06089012400,8900,1070673,15,1,1,3,1.0,2,,3.0,2,1,6.0,4.0,20000.0,4,4,4,0.0,0.0,,21413.46,False,Owned with mortgage or loan (include home equity loans),One-family house detached,"No access to the Internet at this house, apartment, or mobile home",,No,No children,No own children present,No related children present,,20000_24999,4_plus,nonfamily_living_alone,no_65_plus,15.0,1,syn_t042_h0000011
14000US06089012400,8900,1035838,43,1,1,3,2.0,1,,4.0,1,2,0.0,4.0,35000.0,4,4,4,0.0,0.0,,36254.33,False,Owned free and clear,Mobile home or trailer,"No access to the Internet at this house, apartment, or mobile home",,Yes,No children,No own children present,No related children present,,35000_39999,0,nonfamily_living_alone,no_65_plus,43.0,1,syn_t042_h0000012
14000US06089012400,8900,1061242,15,2,1,1,3.0,2,1.0,4.0,1,1,3.0,1.0,63410.0,4,4,4,0.0,0.0,0.0,67293.35522,False,Owned with mortgage or loan (include home equity loans),One-family house detached,"Yes, by paying a cell phone company or Internet service provider",Yes,Yes,No children,No own children present,No related children present,No workers,60000_74999,3,married_couple,has_65_plus,15.0,2,syn_t042_h0000013
14000US06089012400,8900,1061242,9,2,1,1,3.0,2,1.0,6.0,1,3,2.0,1.0,204000.0,4,4,4,0.0,0.0,2.0,216493.368,False,Rented,One-family house detached,"Yes, by paying a cell phone company or Internet service provider",Yes,Yes,No children,No own children present,No related children present,2 workers,200000_plus,2,married_couple,no_65_plus,9.0,2,syn_t042_h0000014
14000US06089012400,8900,1054346,13,2,1,3,3.0,2,,7.0,2,2,3.0,1.0,20200.0,4,4,4,0.0,0.0,0.0,21297.7892,False,Owned free and clear,One-family house detached,"No access to the Internet at this house, apartment, or mobile home",,No,No children,No own children present,No related children present,No workers,20000_24999,3,married_couple,has_65_plus,13.0,2,syn_t042_h0000015
14000US06089012400,8900,1013097,16,2,1,1,4.0,2,1.0,7.0,1,1,3.0,1.0,73500.0,4,4,4,0.0,0.0,0.0,74462.6295,False,Owned with mortgage or loan (include home equity loans),One-family house detached,"Yes, by paying a cell phone company or Internet service provider",Yes,Yes,No children,No own children present,No related children present,No workers,60000_74999,3,married_couple,has_65_plus,16.0,2,syn_t042_h0000016
14000US06089012400,8900,1054346,10,3,1,1,4.0,3,2.0,8.0,1,1,3.0,1.0,37100.0,4,4,4,0.0,0.0,1.0,39116.2366,False,Owned with mortgage or loan (include home equity loans),One-family house attached,"Yes, by paying a cell phone company or Internet service provider",No,Yes,No children,No own children present,No related children present,1 worker,35000_39999,3,married_couple,has_65_plus,10.0,3,syn_t042_h0000017
14000US06089012400,8900,1061242,10,1,1,3,2.0,2,,3.0,2,3,1.0,4.0,8800.0,4,4,4,0.0,0.0,,9338.9296,False,Rented,One-family house detached,"No access to the Internet at this house, apartment, or mobile home",,No,No children,No own children present,No related children present,,lt_10000,1,nonfamily_living_alone,no_65_plus,10.0,1,syn_t042_h0000018
14000US06089012400,8900,1061242,10,2,1,1,3.0,2,1.0,5.0,2,1,2.0,1.0,41500.0,4,4,4,0.0,0.0,1.0,44041.543,False,Owned with mortgage or loan (include home equity loans),One-family house detached,"Yes, by paying a cell phone company or Internet service provider",Yes,No,No children,No own children present,No related children present,1 worker,40000_44999,2,married_couple,has_65_plus,10.0,2,syn_t042_h0000019
14000US06089012400,8900,1070673,23,1,1,1,3.0,2,1.0,4.0,1,2,2.0,4.0,35000.0,4,4,4,0.0,0.0,,37473.555,False,Owned free and clear,One-family house detached,"Yes, by paying a cell phone company or Internet service provider",Yes,Yes,No children,No own children present,No related children present,,35000_39999,2,nonfamily_living_alone,no_65_plus,23.0,1,syn_t042_h0000020
14000US06089012400,8900,1061242,7,2,1,1,4.0,2,1.0,9.0,1,1,3.0,1.0,95000.0,4,4,4,0.0,0.0,1.0,100817.99,False,Owned with mortgage or loan (include home equity loans),One-family house detached,"Yes, by paying a cell phone company or Internet service provider",Yes,Yes,No children,No own children present,No related children present,1 worker,100000_124999,3,married_couple,no_65_plus,7.0,2,syn_t042_h0000021
14000US06089012400,8900,1035838,21,5,1,1,3.0,1,2.0,7.0,1,1,3.0,3.0,39500.0,1,4,1,0.0,1.0,0.0,40915.601,False,Owned with mortgage or loan (include home equity loans),Mobile home or trailer,"Yes, by paying a cell phone company or Internet service provider",No,Yes,With children under 6 years only,No own children present,Presence of related children under 6 years only,No workers,40000_44999,3,other_female_householder,has_65_plus,21.0,5,syn_t042_h0000022
14000US06089012500,8900,1070673,12,2,1,1,4.0,2,1.0,8.0,1,1,4.0,1.0,122700.0,4,4,4,0.0,0.0,1.0,131371.5771,False,Owned with mortgage or loan (include home equity loans),One-family house detached,"Yes, by paying a cell phone company or Internet service provider",Yes,Yes,No children,No own children present,No related children present,1 worker,125000_149999,4_plus,married_couple,has_65_plus,12.0,2,syn_t043_h0000001
14000US06089012500,8900,1070673,45,3,1,1,2.0,2,2.0,5.0,2,1,3.0,1.0,63000.0,2,2,2,1.0,1.0,2.0,67452.399,False,Owned with mortgage or loan (include home equity loans),One-family house detached,"Yes, by paying a cell phone company or Internet service provider",No,No,With children 6 to 17 years only,Presence of own children 6 to 17 years only,Presence of related children 6 to 17 years only,2 workers,60000_74999,3,married_couple,no_65_plus,45.0,3,syn_t043_h0000002
14000US06089012500,8900,1035838,15,4,1,1,3.0,2,1.0,7.0,1,1,3.0,1.0,163240.0,4,4,4,0.0,0.0,2.0,169090.19512,False,Owned with mortgage or loan (include home equity loans),One-family house detached,"Yes, by paying a cell phone company or Internet service provider",Yes,Yes,No children,No own children present,No related children present,2 workers,150000_199999,3,married_couple,no_65_plus,15.0,4,syn_t043_h0000003
14000US06089012500,8900,1070673,12,1,1,1,4.0,2,1.0,5.0,1,1,3.0,6.0,96000.0,4,4,4,0.0,0.0,,102784.608,False,Owned with mortgage or loan (include home equity loans),One-family house detached,"Yes, by paying a cell phone company or Internet service provider",Yes,Yes,No children,No own children present,No related children present,,100000_124999,3,nonfamily_not_living_alone,no_65_plus,12.0,1,syn_t043_h0000004
14000US06089012500,8900,1070673,39,3,1,1,3.0,2,2.0,5.0,2,3,1.0,2.0,20000.0,4,4,4,0.0,0.0,1.0,21413.46,False,Rented,One-family house detached,"Yes, by paying a cell phone company or Internet service provider",No,No,No children,No own children present,No related children present,1 worker,20000_24999,1,other_male_householder,no_65_plus,39.0,3,syn_t043_h0000005
14000US06089012500,8900,1070673,52,1,1,3,3.0,2,,6.0,2,2,2.0,4.0,46000.0,4,4,4,0.0,0.0,,49250.958,False,Owned free and clear,One-family house detached,"No access to the Internet at this house, apartment, or mobile home",,No,No children,No own children present,No related children present,,45000_49999,2,nonfamily_living_alone,has_65_plus,52.0,1,syn_t043_h0000006
14000US06089012500,8900,1054346,38,2,1,1,2.0,3,2.0,4.0,1,3,2.0,5.0,0.0,4,4,4,0.0,0.0,,0.0,False,Rented,One-family house attached,"Yes, by paying a cell phone company or Internet service provider",No,Yes,No children,No own children present,No related children present,,lt_10000,2,nonfamily_living_alone,has_65_plus,38.0,2,syn_t043_h0000007
14000US06089012500,8900,1013097,24,4,1,1,3.0,2,1.0,8.0,1,1,4.0,1.0,38000.0,4,4,4,0.0,0.0,1.0,38497.686,False,Owned with mortgage or loan (include home equity loans),One-family house detached,"Yes, by paying a cell phone company or Internet service provider",Yes,Yes,No children,No own children present,No related children present,1 worker,35000_39999,4_plus,married_couple,no_65_plus,24.0,4,syn_t043_h0000008
14000US06089012500,8900,1061242,11,2,1,1,2.0,2,2.0,4.0,2,1,2.0,1.0,21200.0,4,4,4,0.0,0.0,0.0,22498.3304,False,Owned with mortgage or loan (include home equity loans),One-family house detached,"Yes, by paying a cell phone company or Internet service provider",No,No,No children,No own children present,No related children present,No workers,20000_24999,2,married_couple,has_65_plus,11.0,2,syn_t043_h0000009
14000US06089012500,8900,1013097,52,1,1,1,3.0,2,2.0,5.0,2,2,5.0,4.0,35000.0,4,4,4,0.0,0.0,,35458.395,False,Owned free and clear,One-family house detached,"Yes, by paying a cell phone company or Internet service provider",No,No,No children,No own children present,No related children present,,35000_39999,4_plus,nonfamily_living_alone,has_65_plus,52.0,1,syn_t043_h0000010
14000US06089012601,8900,1070673,23,3,1,1,3.0,1,2.0,5.0,1,3,3.0,2.0,11000.0,2,2,2,1.0,1.0,1.0,11777.403,False,Rented,Mobile home or trailer,"Yes, by paying a cell phone company or Internet service provider",No,Yes,With children 6 to 17 years only,Presence of own children 6 to 17 years only,Presence of related children 6 to 17 years only,1 worker,10000_14999,3,other_male_householder,no_65_plus,23.0,3,syn_t044_h0000001
14000US06089012601,8900,1070673,12,2,1,1,3.0,2,1.0,6.0,1,2,3.0,1.0,57000.0,4,4,4,0.0,0.0,2.0,61028.361,False,Owned free and clear,One-family house detached,"Yes, by paying a cell phone company or Internet service provider",Yes,Yes,No children,No own children present,No related children present,2 workers,60000_74999,3,married_couple,no_65_plus,12.0,2,syn_t044_h0000002
14000US06089012601,8900,1054346,42,2,1,2,1.0,2,,5.0,2,1,2.0,2.0,48900.0,2,2,2,1.0,1.0,1.0,51557.5194,False,Owned with mortgage or loan (include home equity loans),One-family house detached,"Yes, without paying a cell phone company or Internet service provider",,No,With children 6 to 17 years only,Presence of own children 6 to 17 years only,Presence of related children 6 to 17 years only,1 worker,50000_59999,2,other_male_householder,no_65_plus,42.0,2,syn_t044_h0000003
14000US06089012601,8900,1054346,5,8,1,1,4.0,2,2.0,6.0,1,1,2.0,1.0,55000.0,3,3,3,6.0,6.0,1.0,57989.03,False,Owned with mortgage or loan (include home equity loans),One-family house detached,"Yes, by paying a cell phone company or Internet service provider",No,Yes,With children under 6 years and 6 to 17 years,Presence of own children under 6 years and 6 to 17 years,Presence of related children under 6 years and 6 to 17 years,1 worker,50000_59999,2,married_couple,no_65_plus,5.0,8,syn_t044_h0000004
14000US06089012601,8900,1035838,19,2,1,1,3.0,2,2.0,6.0,1,2,2.0,1.0,41900.0,4,4,4,0.0,0.0,0.0,43401.6122,False,Owned free and clear,One-family house detached,"Yes, by paying a cell phone company or Internet service provider",No,Yes,No children,No own children present,No related children present,No workers,40000_44999,2,married_couple,has_65_plus,19.0,2,syn_t044_h0000005
14000US06089012601,8900,1054346,41,2,1,3,2.0,2,,4.0,2,3,1.0,1.0,24500.0,4,4,4,0.0,0.0,1.0,25831.477,False,Rented,One-family house detached,"No access to the Internet at this house, apartment, or mobile home",,No,No children,No own children present,No related children present,1 worker,25000_29999,1,married_couple,no_65_plus,41.0,2,syn_t044_h0000006
14000US06089012601,8900,1013097,13,1,1,1,3.0,2,1.0,5.0,1,1,2.0,4.0,24000.0,4,4,4,0.0,0.0,,24314.328,False,Owned with mortgage or loan (include home equity loans),One-family house detached,"Yes, by paying a cell phone company or Internet service provider",Yes,Yes,No children,No own children present,No related children present,,20000_24999,2,nonfamily_living_alone,no_65_plus,13.0,1,syn_t044_h0000007
14000US06089012601,8900,1054346,15,2,1,1,4.0,2,1.0,8.0,1,2,2.0,3.0,57000.0,4,4,4,0.0,0.0,1.0,60097.722,False,Owned free and clear,One-family house detached,"Yes, by paying a cell phone company or Internet service provider",Yes,Yes,No children,No own children present,No related children present,1 worker,60000_74999,2,other_female_householder,has_65_plus,15.0,2,syn_t044_h0000008
14000US06089012601,8900,1061242,12,4,1,1,3.0,2,1.0,6.0,1,1,5.0,1.0,176000.0,2,2,2,1.0,1.0,3.0,186778.592,False,Owned with mortgage or loan (include home equity loans),One-family house detached,"Yes, by paying a cell phone company or Internet service provider",Yes,Yes,With children 6 to 17 years only,Presence of own children 6 to 17 years only,Presence of related children 6 to 17 years only,3 or more workers in family,150000_199999,4_plus,married_couple,no_65_plus,12.0,4,syn_t044_h0000009
14000US06089012601,8900,1035838,10,1,1,1,2.0,1,1.0,8.0,1,2,0.0,4.0,42100.0,4,4,4,0.0,0.0,,43608.7798,False,Owned free and clear,Mobile home or trailer,"Yes, by paying a cell phone company or Internet service provider",Yes,Yes,No children,No own children present,No related children present,,40000_44999,0,nonfamily_living_alone,has_65_plus,10.0,1,syn_t044_h0000010
14000US06089012601,8900,1013097,51,1,1,1,3.0,2,2.0,6.0,1,4,1.0,6.0,0.0,4,4,4,0.0,0.0,,0.0,False,Occupied without payment of rent,One-family house detached,"Yes, by paying a cell phone company or Internet service provider",No,Yes,No children,No own children present,No related children present,,lt_10000,1,nonfamily_not_living_alone,no_65_plus,51.0,1,syn_t044_h0000011
14000US06089012601,8900,1054346,7,2,1,1,2.0,2,1.0,6.0,1,2,2.0,1.0,53700.0,4,4,4,0.0,0.0,1.0,56618.3802,False,Owned free and clear,One-family house detached,"Yes, by paying a cell phone company or Internet service provider",Yes,Yes,No children,No own children present,No related children present,1 worker,50000_59999,2,married_couple,has_65_plus,7.0,2,syn_t044_h0000012
14000US06089012601,8900,1013097,15,1,1,3,3.0,1,,4.0,2,1,1.0,6.0,50700.0,4,4,4,0.0,0.0,,51364.0179,False,Owned with mortgage or loan (include home equity loans),Mobile home or trailer,"No access to the Internet at this house, apartment, or mobile home",,No,No children,No own children present,No related children present,,50000_59999,1,nonfamily_not_living_alone,has_65_plus,15.0,1,syn_t044_h0000013
14000US06089012601,8900,1061242,13,1,1,1,3.0,2,2.0,9.0,2,2,1.0,6.0,12200.0,4,4,4,0.0,0.0,,12947.1524,False,Owned free and clear,One-family house detached,"Yes, by paying a cell phone company or Internet service provider",No,No,No children,No own children present,No related children present,,10000_14999,1,nonfamily_not_living_alone,has_65_plus,13.0,1,syn_t044_h0000014
14000US06089012601,8900,1035838,14,2,1,1,4.0,2,1.0,6.0,2,2,4.0,1.0,41000.0,4,4,4,0.0,0.0,0.0,42469.358,False,Owned free and clear,One-family house detached,"Yes, by paying a cell phone company or Internet service provider",Yes,No,No children,No own children present,No related children present,No workers,40000_44999,4_plus,married_couple,has_65_plus,14.0,2,syn_t044_h0000015
14000US06089012601,8900,1070673,12,2,1,1,4.0,1,1.0,10.0,1,1,4.0,1.0,5300.0,4,4,4,0.0,0.0,1.0,5674.5669,False,Owned with mortgage or loan (include home equity loans),Mobile home or trailer,"Yes, by paying a cell phone company or Internet service provider",Yes,Yes,No children,No own children present,No related children present,1 worker,lt_10000,4_plus,married_couple,no_65_plus,12.0,2,syn_t044_h0000016
14000US06089012601,8900,1061242,59,4,1,1,2.0,2,1.0,5.0,1,3,2.0,1.0,140600.0,4,4,4,0.0,0.0,2.0,149210.6252,False,Rented,One-family house detached,"Yes, by paying a cell phone company or Internet service provider",Yes,Yes,No children,No own children present,No related children present,2 workers,125000_149999,2,married_couple,no_65_plus,59.0,4,syn_t044_h0000017
14000US06089012601,8900,1061242,34,5,1,1,2.0,2,1.0,5.0,1,3,2.0,1.0,14500.0,3,3,3,3.0,3.0,1.0,15388.009,False,Rented,One-family house detached,"Yes, by paying a cell phone company or Internet service provider",Yes,Yes,With children under 6 years and 6 to 17 years,Presence of own children under 6 years and 6 to 17 years,Presence of related children under 6 years and 6 to 17 years,1 worker,15000_19999,2,married_couple,no_65_plus,34.0,5,syn_t044_h0000018
14000US06089012601,8900,1061242,29,6,1,1,3.0,2,1.0,10.0,1,1,2.0,1.0,152000.0,3,3,3,4.0,4.0,1.0,161308.784,False,Owned with mortgage or loan (include home equity loans),One-family house detached,"Yes, by paying a cell phone company or Internet service provider",Yes,Yes,With children under 6 years and 6 to 17 years,Presence of own children under 6 years and 6 to 17 years,Presence of related children under 6 years and 6 to 17 years,1 worker,150000_199999,2,married_couple,no_65_plus,29.0,6,syn_t044_h0000019
14000US06089012601,8900,1054346,49,2,1,1,3.0,2,1.0,6.0,1,3,3.0,1.0,70000.0,4,4,4,0.0,0.0,2.0,73804.22,False,Rented,One-family house detached,"Yes, by paying a cell phone company or Internet service provider",Yes,Yes,No children,No own children present,No related children present,2 workers,60000_74999,3,married_couple,no_65_plus,49.0,2,syn_t044_h0000020
14000US06089012601,8900,1054346,12,4,1,1,3.0,2,1.0,4.0,1,3,2.0,1.0,87000.0,1,1,1,2.0,2.0,2.0,91728.102,False,Rented,One-family house detached,"Yes, by paying a cell phone company or Internet service provider",Yes,Yes,With children under 6 years only,Presence of own children under 6 years only,Presence of related children under 6 years only,2 workers,75000_99999,2,married_couple,no_65_plus,12.0,4,syn_t044_h0000021
14000US06089012601,8900,1070673,18,2,1,1,3.0,2,1.0,5.0,1,1,4.0,1.0,79800.0,4,4,4,0.0,0.0,2.0,85439.7054,False,Owned with mortgage or loan (include home equity loans),One-family house detached,"Yes, by paying a cell phone company or Internet service provider",Yes,Yes,No children,No own children present,No related children present,2 workers,75000_99999,4_plus,married_couple,has_65_plus,18.0,2,syn_t044_h0000022
14000US06089012601,8900,1054346,74,3,1,1,3.0,2,1.0,5.0,1,1,2.0,1.0,88000.0,1,1,1,1.0,1.0,2.0,92782.448,False,Owned with mortgage or loan (include home equity loans),One-family house detached,"Yes, by paying a cell phone company or Internet service provider",Yes,Yes,With children under 6 years only,Presence of own children under 6 years only,Presence of related children under 6 years only,2 workers,75000_99999,2,married_couple,no_65_plus,74.0,3,syn_t044_h0000023
14000US06089012601,8900,1070673,5,4,1,1,3.0,2,1.0,5.0,1,1,2.0,1.0,59000.0,3,3,3,2.0,2.0,2.0,63169.707,False,Owned with mortgage or loan (include home equity loans),One-family house detached,"Yes, by paying a cell phone company or Internet service provider",Yes,Yes,With children under 6 years and 6 to 17 years,Presence of own children under 6 years and 6 to 17 years,Presence of related children under 6 years and 6 to 17 years,2 workers,60000_74999,2,married_couple,no_65_plus,5.0,4,syn_t044_h0000024
14000US06089012601,8900,1070673,13,5,1,1,3.0,2,1.0,6.0,1,1,3.0,2.0,87800.0,1,4,1,0.0,2.0,3.0,94005.0894,False,Owned with mortgage or loan (include home equity loans),One-family house detached,"Yes, by paying a cell phone company or Internet service provider",Yes,Yes,With children under 6 years only,No own children present,Presence of related children under 6 years only,3 or more workers in family,75000_99999,3,other_male_householder,has_65_plus,13.0,5,syn_t044_h0000025
14000US06089012601,8900,1013097,13,5,1,1,4.0,2,1.0,8.0,1,1,4.0,1.0,185000.0,2,2,2,3.0,3.0,2.0,187422.945,False,Owned with mortgage or loan (include home equity loans),One-family house detached,"Yes, by paying a cell phone company or Internet service provider",Yes,Yes,With children 6 to 17 years only,Presence of own children 6 to 17 years only,Presence of related children 6 to 17 years only,2 workers,150000_199999,4_plus,married_couple,no_65_plus,13.0,5,syn_t044_h0000026
14000US06089012601,8900,1061242,15,2,1,1,3.0,2,1.0,6.0,1,2,3.0,1.0,72400.0,4,4,4,0.0,0.0,0.0,76833.9208,False,Owned free and clear,One-family house detached,"Yes, by paying a cell phone company or Internet service provider",Yes,Yes,No children,No own children present,No related children present,No workers,75000_99999,3,married_couple,has_65_plus,15.0,2,syn_t044_h0000027
14000US06089012601,8900,1061242,71,2,1,3,3.0,1,,5.0,2,2,3.0,5.0,50000.0,4,4,4,0.0,0.0,,53062.1,False,Owned free and clear,Mobile home or trailer,"No access to the Internet at this house, apartment, or mobile home",,No,No children,No own children present,No related children present,,50000_59999,3,nonfamily_living_alone,no_65_plus,71.0,2,syn_t044_h0000028
14000US06089012603,8900,1035838,17,2,1,1,2.0,5,2.0,5.0,1,3,2.0,5.0,43000.0,4,4,4,0.0,0.0,,44541.034,False,Rented,3-4 Apartments,"Yes, by paying a cell phone company or Internet service provider",No,Yes,No children,No own children present,No related children present,,40000_44999,2,nonfamily_living_alone,no_65_plus,17.0,2,syn_t045_h0000001
14000US06089012603,8900,1054346,90,2,1,1,3.0,2,1.0,6.0,1,1,2.0,5.0,81000.0,4,4,4,0.0,0.0,,85402.026,False,Owned with mortgage or loan (include home equity loans),One-family house detached,"Yes, by paying a cell phone company or Internet service provider",Yes,Yes,No children,No own children present,No related children present,,75000_99999,2,nonfamily_living_alone,no_65_plus,90.0,2,syn_t045_h0000002
14000US06089012603,8900,1013097,22,4,1,1,2.0,1,2.0,7.0,1,1,1.0,1.0,47000.0,2,4,2,0.0,1.0,1.0,47615.559,False,Owned with mortgage or loan (include home equity loans),Mobile home or trailer,"Yes, by paying a cell phone company or Internet service provider",No,Yes,With children 6 to 17 years only,No own children present,Presence of related children 6 to 17 years only,1 worker,45000_49999,1,married_couple,no_65_plus,22.0,4,syn_t045_h0000003
14000US06089012603,8900,1070673,31,3,1,1,3.0,2,1.0,6.0,1,1,2.0,1.0,65000.0,2,2,2,1.0,1.0,2.0,69593.745,False,Owned with mortgage or loan (include home equity loans),One-family house detached,"Yes, by paying a cell phone company or Internet service provider",Yes,Yes,With children 6 to 17 years only,Presence of own children 6 to 17 years only,Presence of related children 6 to 17 years only,2 workers,60000_74999,2,married_couple,no_65_plus,31.0,3,syn_t045_h0000004
14000US06089012603,8900,1070673,25,5,1,1,3.0,5,1.0,7.0,1,3,1.0,1.0,8000.0,2,2,2,3.0,3.0,2.0,8565.384,False,Rented,3-4 Apartments,"Yes, by paying a cell phone company or Internet service provider",Yes,Yes,With children 6 to 17 years only,Presence of own children 6 to 17 years only,Presence of related children 6 to 17 years only,2 workers,lt_10000,1,married_couple,no_65_plus,25.0,5,syn_t045_h0000005
14000US06089012603,8900,1070673,7,2,1,1,3.0,2,1.0,6.0,1,2,3.0,1.0,110200.0,4,4,4,0.0,0.0,0.0,117988.1646,False,Owned free and clear,One-family house detached,"Yes, by paying a cell phone company or Internet service provider",Yes,Yes,No children,No own children present,No related children present,No workers,100000_124999,3,married_couple,has_65_plus,7.0,2,syn_t045_h0000006
14000US06089012603,8900,1070673,12,1,1,1,3.0,2,1.0,9.0,1,2,1.0,6.0,23300.0,4,4,4,0.0,0.0,,24946.6809,False,Owned free and clear,One-family house detached,"Yes, by paying a cell phone company or Internet service provider",Yes,Yes,No children,No own children present,No related children present,,20000_24999,1,nonfamily_not_living_alone,has_65_plus,12.0,1,syn_t045_h0000007
14000US06089012603,8900,1070673,46,2,1,1,3.0,2,2.0,7.0,1,2,2.0,1.0,35000.0,4,4,4,0.0,0.0,1.0,37473.555,False,Owned free and clear,One-family house detached,"Yes, by paying a cell phone company or Internet service provider",No,Yes,No children,No own children present,No related children present,1 worker,35000_39999,2,married_couple,no_65_plus,46.0,2,syn_t045_h0000008
14000US06089012603,8900,1013097,68,4,1,1,3.0,1,1.0,4.0,1,2,3.0,1.0,44500.0,2,2,2,2.0,2.0,2.0,45082.8165,False,Owned free and clear,Mobile home or trailer,"Yes, by paying a cell phone company or Internet service provider",Yes,Yes,With children 6 to 17 years only,Presence of own children 6 to 17 years only,Presence of related children 6 to 17 years only,2 workers,45000_49999,3,married_couple,no_65_plus,68.0,4,syn_t045_h0000009
14000US06089012603,8900,1061242,15,4,1,3,4.0,2,,5.0,2,1,1.0,3.0,5000.0,2,2,2,2.0,2.0,0.0,5306.21,False,Owned with mortgage or loan (include home equity loans),One-family house detached,"No access to the Internet at this house, apartment, or mobile home",,No,With children 6 to 17 years only,Presence of own children 6 to 17 years only,Presence of related children 6 to 17 years only,No workers,lt_10000,1,other_female_householder,has_65_plus,15.0,4,syn_t045_h0000010
14000US06089012603,8900,1070673,20,1,1,1,3.0,2,1.0,6.0,2,1,1.0,6.0,45980.0,4,4,4,0.0,0.0,,49229.54454,False,Owned with mortgage or loan (include home equity loans),One-family house detached,"Yes, by paying a cell phone company or Internet service provider",Yes,No,No children,No own children present,No related children present,,45000_49999,1,nonfamily_not_living_alone,has_65_plus,20.0,1,syn_t045_h0000011
14000US06089012603,8900,1070673,12,1,1,1,3.0,2,1.0,5.0,1,1,1.0,6.0,71000.0,4,4,4,0.0,0.0,,76017.783,False,Owned with mortgage or loan (include home equity loans),One-family house detached,"Yes, by paying a cell phone company or Internet service provider",Yes,Yes,No children,No own children present,No related children present,,75000_99999,1,nonfamily_not_living_alone,has_65_plus,12.0,1,syn_t045_h0000012
14000US06089012603,8900,1035838,11,1,1,1,2.0,9,1.0,7.0,2,1,1.0,4.0,34000.0,4,4,4,0.0,0.0,,35218.492,False,Owned with mortgage or loan (include home equity loans),50 or more apartments,"Yes, by paying a cell phone company or Internet service provider",Yes,No,No children,No own children present,No related children present,,35000_39999,1,nonfamily_living_alone,no_65_plus,11.0,1,syn_t045_h0000013
14000US06089012603,8900,1061242,25,2,1,1,4.0,2,1.0,5.0,1,2,2.0,1.0,53000.0,4,4,4,0.0,0.0,0.0,56245.826,False,Owned free and clear,One-family house detached,"Yes, by paying a cell phone company or Internet service provider",Yes,Yes,No children,No own children present,No related children present,No workers,50000_59999,2,married_couple,has_65_plus,25.0,2,syn_t045_h0000014
14000US06089012603,8900,1035838,20,2,1,1,4.0,2,1.0,8.0,2,1,3.0,1.0,95000.0,4,4,4,0.0,0.0,0.0,98404.61,False,Owned with mortgage or loan (include home equity loans),One-family house detached,"Yes, by paying a cell phone company or Internet service provider",Yes,No,No children,No own children present,No related children present,No workers,75000_99999,3,married_couple,has_65_plus,20.0,2,syn_t045_h0000015
14000US06089012603,8900,1035838,8,2,1,1,3.0,2,1.0,8.0,1,1,3.0,1.0,114700.0,4,4,4,0.0,0.0,1.0,118810.6186,False,Owned with mortgage or loan (include home equity loans),One-family house detached,"Yes, by paying a cell phone company or Internet service provider",Yes,Yes,No children,No own children present,No related children present,1 worker,100000_124999,3,married_couple,no_65_plus,8.0,2,syn_t045_h0000016
14000US06089012603,8900,1035838,32,1,1,1,0.0,1,2.0,1.0,1,1,1.0,4.0,168000.0,4,4,4,0.0,0.0,,174020.784,False,Owned with mortgage or loan (include home equity loans),Mobile home or trailer,"Yes, by paying a cell phone company or Internet service provider",No,Yes,No children,No own children present,No related children present,,150000_199999,1,nonfamily_living_alone,no_65_plus,32.0,1,syn_t045_h0000017
14000US06089012603,8900,1070673,62,2,1,2,1.0,1,,2.0,1,3,1.0,1.0,26500.0,4,4,4,0.0,0.0,1.0,28372.8345,False,Rented,Mobile home or trailer,"Yes, without paying a cell phone company or Internet service provider",,Yes,No children,No own children present,No related children present,1 worker,25000_29999,1,married_couple,no_65_plus,62.0,2,syn_t045_h0000018
14000US06089012603,8900,1054346,21,1,1,2,0.0,9,,1.0,2,3,1.0,4.0,28400.0,4,4,4,0.0,0.0,,29943.4264,False,Rented,50 or more apartments,"Yes, without paying a cell phone company or Internet service provider",,No,No children,No own children present,No related children present,,25000_29999,1,nonfamily_living_alone,has_65_plus,21.0,1,syn_t045_h0000019
14000US06089012603,8900,1013097,13,1,1,1,2.0,2,1.0,6.0,2,2,2.0,4.0,29500.0,4,4,4,0.0,0.0,,29886.3615,False,Owned free and clear,One-family house detached,"Yes, by paying a cell phone company or Internet service provider",Yes,No,No children,No own children present,No related children present,,25000_29999,2,nonfamily_living_alone,has_65_plus,13.0,1,syn_t045_h0000020
14000US06089012603,8900,1035838,7,2,1,1,2.0,1,1.0,5.0,2,2,2.0,1.0,33100.0,4,4,4,0.0,0.0,0.0,34286.2378,False,Owned free and clear,Mobile home or trailer,"Yes, by paying a cell phone company or Internet service provider",Yes,No,No children,No own children present,No related children present,No workers,30000_34999,2,married_couple,has_65_plus,7.0,2,syn_t045_h0000021
14000US06089012603,8900,1035838,11,2,1,1,2.0,2,1.0,7.0,1,2,2.0,1.0,27900.0,4,4,4,0.0,0.0,0.0,28899.8802,False,Owned free and clear,One-family house detached,"Yes, by paying a cell phone company or Internet service provider",Yes,Yes,No children,No own children present,No related children present,No workers,25000_29999,2,married_couple,no_65_plus,11.0,2,syn_t045_h0000022
14000US06089012603,8900,1070673,68,2,1,1,3.0,2,1.0,5.0,1,1,1.0,1.0,140000.0,4,4,4,0.0,0.0,2.0,149894.22,False,Owned with mortgage or loan (include home equity loans),One-family house detached,"Yes, by paying a cell phone company or Internet service provider",Yes,Yes,No children,No own children present,No related children present,2 workers,125000_149999,1,married_couple,no_65_plus,68.0,2,syn_t045_h0000023
14000US06089012603,8900,1035838,15,2,1,1,4.0,2,1.0,11.0,1,1,2.0,1.0,56350.0,4,4,4,0.0,0.0,1.0,58369.4713,False,Owned with mortgage or loan (include home equity loans),One-family house detached,"Yes, by paying a cell phone company or Internet service provider",Yes,Yes,No children,No own children present,No related children present,1 worker,50000_59999,2,married_couple,has_65_plus,15.0,2,syn_t045_h0000024
14000US06089012603,8900,1070673,59,2,1,3,1.0,1,,4.0,2,2,2.0,1.0,42000.0,4,4,4,0.0,0.0,2.0,44968.266,False,Owned free and clear,Mobile home or trailer,"No access to the Internet at this house, apartment, or mobile home",,No,No children,No own children present,No related children present,2 workers,40000_44999,2,married_couple,no_65_plus,59.0,2,syn_t045_h0000025
14000US06089012604,8900,1061242,11,2,1,3,2.0,8,,7.0,1,3,1.0,1.0,17200.0,4,4,4,0.0,0.0,0.0,18253.3624,False,Rented,20-49 Apartments,"No access to the Internet at this house, apartment, or mobile home",,Yes,No children,No own children present,No related children present,No workers,15000_19999,1,married_couple,has_65_plus,11.0,2,syn_t046_h0000001
14000US06089012604,8900,1054346,64,4,1,1,3.0,2,1.0,5.0,1,1,4.0,1.0,118400.0,1,1,1,1.0,1.0,2.0,124834.5664,False,Owned with mortgage or loan (include home equity loans),One-family house detached,"Yes, by paying a cell phone company or Internet service provider",Yes,Yes,With children under 6 years only,Presence of own children under 6 years only,Presence of related children under 6 years only,2 workers,100000_124999,4_plus,married_couple,has_65_plus,64.0,4,syn_t046_h0000002
14000US06089012604,8900,1061242,18,2,1,1,2.0,2,1.0,3.0,1,1,3.0,1.0,57000.0,4,4,4,0.0,0.0,2.0,60490.794,False,Owned with mortgage or loan (include home equity loans),One-family house detached,"Yes, by paying a cell phone company or Internet service provider",Yes,Yes,No children,No own children present,No related children present,2 workers,60000_74999,3,married_couple,no_65_plus,18.0,2,syn_t046_h0000003
14000US06089012604,8900,1061242,23,3,1,1,3.0,2,1.0,5.0,1,1,4.0,1.0,48500.0,4,4,4,0.0,0.0,2.0,51470.237,False,Owned with mortgage or loan (include home equity loans),One-family house detached,"Yes, by paying a cell phone company or Internet service provider",Yes,Yes,No children,No own children present,No related children present,2 workers,50000_59999,4_plus,married_couple,no_65_plus,23.0,3,syn_t046_h0000004
14000US06089012604,8900,1070673,12,1,1,3,2.0,2,,4.0,2,2,2.0,4.0,18600.0,4,4,4,0.0,0.0,,19914.5178,False,Owned free and clear,One-family house detached,"No access to the Internet at this house, apartment, or mobile home",,No,No children,No own children present,No related children present,,15000_19999,2,nonfamily_living_alone,no_65_plus,12.0,1,syn_t046_h0000005
14000US06089012604,8900,1070673,15,4,1,1,2.0,4,1.0,5.0,1,3,2.0,1.0,65000.0,2,2,2,2.0,2.0,2.0,69593.745,False,Rented,2 Apartments,"Yes, by paying a cell phone company or Internet service provider",Yes,Yes,With children 6 to 17 years only,Presence of own children 6 to 17 years only,Presence of related children 6 to 17 years only,2 workers,60000_74999,2,married_couple,no_65_plus,15.0,4,syn_t046_h0000006
14000US06089012604,8900,1061242,45,5,1,1,3.0,2,1.0,7.0,1,3,5.0,1.0,74500.0,2,2,2,2.0,2.0,3.0,79062.529,False,Rented,One-family house detached,"Yes, by paying a cell phone company or Internet service provider",Yes,Yes,With children 6 to 17 years only,Presence of own children 6 to 17 years only,Presence of related children 6 to 17 years only,3 or more workers in family,75000_99999,4_plus,married_couple,no_65_plus,45.0,5,syn_t046_h0000007
14000US06089012604,8900,1013097,13,3,1,1,3.0,2,2.0,9.0,1,1,3.0,1.0,55700.0,4,4,4,0.0,0.0,0.0,56429.5029,False,Owned with mortgage or loan (include home equity loans),One-family house detached,"Yes, by paying a cell phone company or Internet service provider",No,Yes,No children,No own children present,No related children present,No workers,50000_59999,3,married_couple,has_65_plus,13.0,3,syn_t046_h0000008
14000US06089012604,8900,1035838,15,2,1,1,3.0,5,1.0,5.0,1,3,1.0,3.0,6000.0,1,1,1,1.0,1.0,1.0,6215.028,False,Rented,3-4 Apartments,"Yes, by paying a cell phone company or Internet service provider",Yes,Yes,With children under 6 years only,Presence of own children under 6 years only,Presence of related children under 6 years only,1 worker,lt_10000,1,other_female_householder,no_65_plus,15.0,2,syn_t046_h0000009
14000US06089012604,8900,1061242,22,2,1,1,3.0,2,1.0,6.0,1,3,2.0,1.0,32400.0,4,4,4,0.0,0.0,1.0,34384.2408,False,Rented,One-family house detached,"Yes, by paying a cell phone company or Internet service provider",Yes,Yes,No children,No own children present,No related children present,1 worker,30000_34999,2,married_couple,no_65_plus,22.0,2,syn_t046_h0000010
14000US06089012604,8900,1061242,19,3,1,1,3.0,2,1.0,7.0,1,1,2.0,1.0,54800.0,4,4,4,0.0,0.0,2.0,58156.0616,False,Owned with mortgage or loan (include home equity loans),One-family house detached,"Yes, by paying a cell phone company or Internet service provider",Yes,Yes,No children,No own children present,No related children present,2 workers,50000_59999,2,married_couple,no_65_plus,19.0,3,syn_t046_h0000011
14000US06089012604,8900,1070673,14,2,1,1,2.0,5,1.0,5.0,1,3,1.0,5.0,60000.0,4,4,4,0.0,0.0,,64240.38,False,Rented,3-4 Apartments,"Yes, by paying a cell phone company or Internet service provider",Yes,Yes,No children,No own children present,No related children present,,60000_74999,1,nonfamily_living_alone,no_65_plus,14.0,2,syn_t046_h0000012
14000US06089012604,8900,1035838,20,1,1,1,1.0,8,1.0,2.0,2,3,1.0,4.0,29300.0,4,4,4,0.0,0.0,,30350.0534,False,Rented,20-49 Apartments,"Yes, by paying a cell phone company or Internet service provider",Yes,No,No children,No own children present,No related children present,,30000_34999,1,nonfamily_living_alone,has_65_plus,20.0,1,syn_t046_h0000013
14000US06089012604,8900,1070673,12,1,1,1,3.0,2,1.0,4.0,2,2,1.0,4.0,20000.0,4,4,4,0.0,0.0,,21413.46,False,Owned free and clear,One-family house detached,"Yes, by paying a cell phone company or Internet service provider",Yes,No,No children,No own children present,No related children present,,20000_24999,1,nonfamily_living_alone,has_65_plus,12.0,1,syn_t046_h0000014
14000US06089012701,8900,1061242,14,2,1,1,3.0,2,1.0,5.0,1,1,2.0,1.0,57420.0,4,4,4,0.0,0.0,2.0,60936.51564,False,Owned with mortgage or loan (include home equity loans),One-family house detached,"Yes, by paying a cell phone company or Internet service provider",Yes,Yes,No children,No own children present,No related children present,2 workers,60000_74999,2,married_couple,has_65_plus,14.0,2,syn_t047_h0000001
14000US06089012701,8900,1035838,15,1,1,1,3.0,3,1.0,4.0,1,3,2.0,4.0,45000.0,4,4,4,0.0,0.0,,46612.71,False,Rented,One-family house attached,"Yes, by paying a cell phone company or Internet service provider",Yes,Yes,No children,No own children present,No related children present,,45000_49999,2,nonfamily_living_alone,no_65_plus,15.0,1,syn_t047_h0000002
14000US06089012701,8900,1070673,52,1,1,3,3.0,2,,6.0,2,2,2.0,4.0,46000.0,4,4,4,0.0,0.0,,49250.958,False,Owned free and clear,One-family house detached,"No access to the Internet at this house, apartment, or mobile home",,No,No children,No own children present,No related children present,,45000_49999,2,nonfamily_living_alone,has_65_plus,52.0,1,syn_t047_h0000003
14000US06089012701,8900,1035838,16,4,1,2,4.0,1,,7.0,1,3,3.0,3.0,59100.0,4,4,4,0.0,0.0,1.0,61218.0258,False,Rented,Mobile home or trailer,"Yes, without paying a cell phone company or Internet service provider",,Yes,No children,No own children present,No related children present,1 worker,60000_74999,3,other_female_householder,has_65_plus,16.0,4,syn_t047_h0000004
14000US06089012701,8900,1013097,15,1,1,1,2.0,7,1.0,4.0,1,3,1.0,6.0,10900.0,4,4,4,0.0,0.0,,11042.7573,False,Rented,10-19 Apartments,"Yes, by paying a cell phone company or Internet service provider",Yes,Yes,No children,No own children present,No related children present,,10000_14999,1,nonfamily_not_living_alone,no_65_plus,15.0,1,syn_t047_h0000005
14000US06089012701,8900,1061242,26,1,1,1,2.0,8,1.0,4.0,2,3,1.0,4.0,18000.0,4,4,4,0.0,0.0,,19102.356,False,Rented,20-49 Apartments,"Yes, by paying a cell phone company or Internet service provider",Yes,No,No children,No own children present,No related children present,,15000_19999,1,nonfamily_living_alone,no_65_plus,26.0,1,syn_t047_h0000006
14000US06089012701,8900,1061242,69,1,1,1,2.0,9,1.0,4.0,1,3,1.0,4.0,40000.0,4,4,4,0.0,0.0,,42449.68,False,Rented,50 or more apartments,"Yes, by paying a cell phone company or Internet service provider",Yes,Yes,No children,No own children present,No related children present,,40000_44999,1,nonfamily_living_alone,no_65_plus,69.0,1,syn_t047_h0000007
14000US06089012701,8900,1035838,8,6,1,1,4.0,2,2.0,8.0,1,2,4.0,1.0,33600.0,3,4,3,0.0,3.0,1.0,34804.1568,False,Owned free and clear,One-family house detached,"Yes, by paying a cell phone company or Internet service provider",No,Yes,With children under 6 years and 6 to 17 years,No own children present,Presence of related children under 6 years and 6 to 17 years,1 worker,30000_34999,4_plus,married_couple,has_65_plus,8.0,6,syn_t047_h0000008
14000US06089012701,8900,1035838,13,2,1,1,1.0,5,1.0,2.0,1,3,2.0,1.0,62000.0,4,4,4,0.0,0.0,2.0,64221.956,False,Rented,3-4 Apartments,"Yes, by paying a cell phone company or Internet service provider",Yes,Yes,No children,No own children present,No related children present,2 workers,60000_74999,2,married_couple,no_65_plus,13.0,2,syn_t047_h0000009
14000US06089012701,8900,1035838,43,3,1,1,3.0,2,2.0,5.0,1,3,2.0,1.0,47000.0,2,2,2,1.0,1.0,1.0,48684.386,False,Rented,One-family house detached,"Yes, by paying a cell phone company or Internet service provider",No,Yes,With children 6 to 17 years only,Presence of own children 6 to 17 years only,Presence of related children 6 to 17 years only,1 worker,45000_49999,2,married_couple,no_65_plus,43.0,3,syn_t047_h0000010
14000US06089012701,8900,1013097,13,1,1,1,3.0,2,1.0,8.0,2,2,2.0,4.0,1800.0,4,4,4,0.0,0.0,,1823.5746,False,Owned free and clear,One-family house detached,"Yes, by paying a cell phone company or Internet service provider",Yes,No,No children,No own children present,No related children present,,lt_10000,2,nonfamily_living_alone,no_65_plus,13.0,1,syn_t047_h0000011
14000US06089012701,8900,1061242,50,6,1,3,3.0,2,,5.0,2,3,1.0,1.0,24500.0,3,3,3,4.0,4.0,1.0,26000.429,False,Rented,One-family house detached,"No access to the Internet at this house, apartment, or mobile home",,No,With children under 6 years and 6 to 17 years,Presence of own children under 6 years and 6 to 17 years,Presence of related children under 6 years and 6 to 17 years,1 worker,25000_29999,1,married_couple,no_65_plus,50.0,6,syn_t047_h0000012
14000US06089012701,8900,1061242,15,4,1,3,4.0,2,,5.0,2,1,1.0,3.0,5000.0,2,2,2,2.0,2.0,0.0,5306.21,False,Owned with mortgage or loan (include home equity loans),One-family house detached,"No access to the Internet at this house, apartment, or mobile home",,No,With children 6 to 17 years only,Presence of own children 6 to 17 years only,Presence of related children 6 to 17 years only,No workers,lt_10000,1,other_female_householder,has_65_plus,15.0,4,syn_t047_h0000013
14000US06089012701,8900,1070673,12,2,1,1,2.0,2,1.0,5.0,2,2,4.0,5.0,9008.0,4,4,4,0.0,0.0,,9644.622384,False,Owned free and clear,One-family house detached,"Yes, by paying a cell phone company or Internet service provider",Yes,No,No children,No own children present,No related children present,,lt_10000,4_plus,nonfamily_living_alone,no_65_plus,12.0,2,syn_t047_h0000014
14000US06089012701,8900,1054346,17,2,1,1,3.0,2,1.0,6.0,1,2,2.0,1.0,59800.0,4,4,4,0.0,0.0,0.0,63049.8908,False,Owned free and clear,One-family house detached,"Yes, by paying a cell phone company or Internet service provider",Yes,Yes,No children,No own children present,No related children present,No workers,60000_74999,2,married_couple,has_65_plus,17.0,2,syn_t047_h0000015
14000US06089012701,8900,1054346,64,1,1,3,4.0,2,,7.0,1,1,1.0,4.0,26000.0,4,4,4,0.0,0.0,,27412.996,False,Owned with mortgage or loan (include home equity loans),One-family house detached,"No access to the Internet at this house, apartment, or mobile home",,Yes,No children,No own children present,No related children present,,25000_29999,1,nonfamily_living_alone,no_65_plus,64.0,1,syn_t047_h0000016
14000US06089012701,8900,1070673,13,4,1,1,3.0,2,1.0,5.0,1,3,3.0,1.0,97400.0,2,2,2,2.0,2.0,2.0,104283.5502,False,Rented,One-family house detached,"Yes, by paying a cell phone company or Internet service provider",Yes,Yes,With children 6 to 17 years only,Presence of own children 6 to 17 years only,Presence of related children 6 to 17 years only,2 workers,100000_124999,3,married_couple,no_65_plus,13.0,4,syn_t047_h0000017
14000US06089012701,8900,1054346,14,2,1,1,2.0,1,1.0,6.0,1,1,2.0,1.0,205400.0,4,4,4,0.0,0.0,0.0,216562.6684,False,Owned with mortgage or loan (include home equity loans),Mobile home or trailer,"Yes, by paying a cell phone company or Internet service provider",Yes,Yes,No children,No own children present,No related children present,No workers,200000_plus,2,married_couple,has_65_plus,14.0,2,syn_t047_h0000018
14000US06089012701,8900,1054346,90,2,1,1,3.0,2,1.0,6.0,1,1,2.0,5.0,81000.0,4,4,4,0.0,0.0,,85402.026,False,Owned with mortgage or loan (include home equity loans),One-family house detached,"Yes, by paying a cell phone company or Internet service provider",Yes,Yes,No children,No own children present,No related children present,,75000_99999,2,nonfamily_living_alone,no_65_plus,90.0,2,syn_t047_h0000019
14000US06089012701,8900,1054346,7,2,1,1,3.0,2,1.0,8.0,1,2,3.0,1.0,193700.0,4,4,4,0.0,0.0,0.0,204226.8202,False,Owned free and clear,One-family house detached,"Yes, by paying a cell phone company or Internet service provider",Yes,Yes,No children,No own children present,No related children present,No workers,200000_plus,3,married_couple,has_65_plus,7.0,2,syn_t047_h0000020
14000US06089012701,8900,1054346,12,2,1,1,2.0,5,1.0,7.0,2,1,2.0,1.0,35504.0,4,4,4,0.0,0.0,1.0,37433.500384,False,Owned with mortgage or loan (include home equity loans),3-4 Apartments,"Yes, by paying a cell phone company or Internet service provider",Yes,No,No children,No own children present,No related children present,1 worker,35000_39999,2,married_couple,has_65_plus,12.0,2,syn_t047_h0000021
14000US06089012701,8900,1070673,16,1,1,1,4.0,2,1.0,6.0,2,1,2.0,4.0,61450.0,4,4,4,0.0,0.0,,65792.85585,False,Owned with mortgage or loan (include home equity loans),One-family house detached,"Yes, by paying a cell phone company or Internet service provider",Yes,No,No children,No own children present,No related children present,,60000_74999,2,nonfamily_living_alone,has_65_plus,16.0,1,syn_t047_h0000022
14000US06089012701,8900,1035838,9,2,1,1,5.0,2,2.0,10.0,1,1,3.0,1.0,159000.0,4,4,4,0.0,0.0,2.0,164698.242,False,Owned with mortgage or loan (include home equity loans),One-family house detached,"Yes, by paying a cell phone company or Internet service provider",No,Yes,No children,No own children present,No related children present,2 workers,150000_199999,3,married_couple,no_65_plus,9.0,2,syn_t047_h0000023
14000US06089012701,8900,1054346,12,2,1,1,3.0,2,1.0,7.0,1,2,2.0,1.0,110200.0,4,4,4,0.0,0.0,0.0,116188.9292,False,Owned free and clear,One-family house detached,"Yes, by paying a cell phone company or Internet service provider",Yes,Yes,No children,No own children present,No related children present,No workers,100000_124999,2,married_couple,has_65_plus,12.0,2,syn_t047_h0000024
14000US06089012701,8900,1054346,12,6,1,1,5.0,2,1.0,10.0,1,1,2.0,1.0,93000.0,1,4,1,0.0,2.0,3.0,98054.178,False,Owned with mortgage or loan (include home equity loans),One-family house detached,"Yes, by paying a cell phone company or Internet service provider",Yes,Yes,With children under 6 years only,No own children present,Presence of related children under 6 years only,3 or more workers in family,75000_99999,2,married_couple,no_65_plus,12.0,6,syn_t047_h0000025
14000US06089012701,8900,1013097,45,1,1,3,2.0,6,,4.0,1,3,0.0,4.0,11400.0,4,4,4,0.0,0.0,,11549.3058,False,Rented,5-9 Apartments,"No access to the Internet at this house, apartment, or mobile home",,Yes,No children,No own children present,No related children present,,10000_14999,0,nonfamily_living_alone,no_65_plus,45.0,1,syn_t047_h0000026
14000US06089012702,8900,1054346,4,2,1,3,2.0,1,,4.0,2,2,2.0,1.0,33000.0,4,4,4,0.0,0.0,0.0,34793.418,False,Owned free and clear,Mobile home or trailer,"No access to the Internet at this house, apartment, or mobile home",,No,No children,No own children present,No related children present,No workers,30000_34999,2,married_couple,has_65_plus,4.0,2,syn_t048_h0000001
14000US06089012702,8900,1061242,15,2,1,1,3.0,2,1.0,6.0,2,1,2.0,1.0,42400.0,4,4,4,0.0,0.0,0.0,44996.6608,False,Owned with mortgage or loan (include home equity loans),One-family house detached,"Yes, by paying a cell phone company or Internet service provider",Yes,No,No children,No own children present,No related children present,No workers,40000_44999,2,married_couple,has_65_plus,15.0,2,syn_t048_h0000002
14000US06089012702,8900,1013097,34,2,1,1,3.0,2,1.0,5.0,1,1,2.0,5.0,135000.0,4,4,4,0.0,0.0,,136768.095,False,Owned with mortgage or loan (include home equity loans),One-family house detached,"Yes, by paying a cell phone company or Internet service provider",Yes,Yes,No children,No own children present,No related children present,,125000_149999,2,nonfamily_living_alone,no_65_plus,34.0,2,syn_t048_h0000003
14000US06089012702,8900,1070673,16,2,1,3,2.0,2,,3.0,2,1,1.0,5.0,52400.0,4,4,4,0.0,0.0,,56103.2652,False,Owned with mortgage or loan (include home equity loans),One-family house detached,"No access to the Internet at this house, apartment, or mobile home",,No,No children,No own children present,No related children present,,50000_59999,1,nonfamily_living_alone,has_65_plus,16.0,2,syn_t048_h0000004
14000US06089012702,8900,1070673,21,2,1,1,3.0,2,1.0,8.0,2,3,2.0,1.0,81050.0,4,4,4,0.0,0.0,1.0,86778.04665,False,Rented,One-family house detached,"Yes, by paying a cell phone company or Internet service provider",Yes,No,No children,No own children present,No related children present,1 worker,75000_99999,2,married_couple,no_65_plus,21.0,2,syn_t048_h0000005
14000US06089012702,8900,1070673,16,3,1,1,2.0,2,1.0,7.0,2,1,4.0,1.0,107100.0,4,4,4,0.0,0.0,0.0,114669.0783,False,Owned with mortgage or loan (include home equity loans),One-family house detached,"Yes, by paying a cell phone company or Internet service provider",Yes,No,No children,No own children present,No related children present,No workers,100000_124999,4_plus,married_couple,has_65_plus,16.0,3,syn_t048_h0000006
14000US06089012702,8900,1070673,37,1,1,1,2.0,2,1.0,5.0,1,3,1.0,4.0,20000.0,4,4,4,0.0,0.0,,21413.46,False,Rented,One-family house detached,"Yes, by paying a cell phone company or Internet service provider",Yes,Yes,No children,No own children present,No related children present,,20000_24999,1,nonfamily_living_alone,no_65_plus,37.0,1,syn_t048_h0000007
14000US06089012702,8900,1013097,13,1,1,1,2.0,2,1.0,6.0,2,2,2.0,4.0,29500.0,4,4,4,0.0,0.0,,29886.3615,False,Owned free and clear,One-family house detached,"Yes, by paying a cell phone company or Internet service provider",Yes,No,No children,No own children present,No related children present,,25000_29999,2,nonfamily_living_alone,has_65_plus,13.0,1,syn_t048_h0000008
14000US06089012702,8900,1013097,9,2,1,1,3.0,2,1.0,5.0,1,1,2.0,1.0,120000.0,4,4,4,0.0,0.0,2.0,121571.64,False,Owned with mortgage or loan (include home equity loans),One-family house detached,"Yes, by paying a cell phone company or Internet service provider",Yes,Yes,No children,No own children present,No related children present,2 workers,100000_124999,2,married_couple,no_65_plus,9.0,2,syn_t048_h0000009
14000US06089012702,8900,1013097,58,4,1,2,2.0,5,,4.0,1,3,1.0,1.0,25900.0,3,3,3,2.0,2.0,2.0,26239.2123,False,Rented,3-4 Apartments,"Yes, without paying a cell phone company or Internet service provider",,Yes,With children under 6 years and 6 to 17 years,Presence of own children under 6 years and 6 to 17 years,Presence of related children under 6 years and 6 to 17 years,2 workers,25000_29999,1,married_couple,no_65_plus,58.0,4,syn_t048_h0000010
14000US06089012702,8900,1054346,24,5,1,3,3.0,2,,5.0,1,2,1.0,3.0,23000.0,3,3,3,4.0,4.0,1.0,24249.958,False,Owned free and clear,One-family house detached,"No access to the Internet at this house, apartment, or mobile home",,Yes,With children under 6 years and 6 to 17 years,Presence of own children under 6 years and 6 to 17 years,Presence of related children under 6 years and 6 to 17 years,1 worker,20000_24999,1,other_female_householder,no_65_plus,24.0,5,syn_t048_h0000011
14000US06089012702,8900,1013097,21,2,1,1,4.0,2,1.0,7.0,1,1,2.0,1.0,29300.0,4,4,4,0.0,0.0,1.0,29683.7421,False,Owned with mortgage or loan (include home equity loans),One-family house detached,"Yes, by paying a cell phone company or Internet service provider",Yes,Yes,No children,No own children present,No related children present,1 worker,25000_29999,2,married_couple,has_65_plus,21.0,2,syn_t048_h0000012
14000US06089012702,8900,1061242,8,3,1,1,3.0,2,1.0,6.0,1,1,2.0,1.0,67800.0,2,2,2,1.0,1.0,3.0,71952.2076,False,Owned with mortgage or loan (include home equity loans),One-family house detached,"Yes, by paying a cell phone company or Internet service provider",Yes,Yes,With children 6 to 17 years only,Presence of own children 6 to 17 years only,Presence of related children 6 to 17 years only,3 or more workers in family,60000_74999,2,married_couple,no_65_plus,8.0,3,syn_t048_h0000013
14000US06089012702,8900,1054346,48,3,1,1,3.0,2,1.0,6.0,1,1,3.0,1.0,75000.0,2,2,2,1.0,1.0,2.0,79075.95,False,Owned with mortgage or loan (include home equity loans),One-family house detached,"Yes, by paying a cell phone company or Internet service provider",Yes,Yes,With children 6 to 17 years only,Presence of own children 6 to 17 years only,Presence of related children 6 to 17 years only,2 workers,75000_99999,3,married_couple,no_65_plus,48.0,3,syn_t048_h0000014
14000US06089012702,8900,1070673,38,2,1,1,2.0,1,1.0,4.0,2,3,2.0,3.0,30000.0,4,4,4,0.0,0.0,0.0,32120.19,False,Rented,Mobile home or trailer,"Yes, by paying a cell phone company or Internet service provider",Yes,No,No children,No own children present,No related children present,No workers,30000_34999,2,other_female_householder,has_65_plus,38.0,2,syn_t048_h0000015
14000US06089012702,8900,1054346,14,1,1,1,1.0,2,1.0,2.0,1,3,1.0,4.0,10000.0,4,4,4,0.0,0.0,,10543.46,False,Rented,One-family house detached,"Yes, by paying a cell phone company or Internet service provider",Yes,Yes,No children,No own children present,No related children present,,10000_14999,1,nonfamily_living_alone,no_65_plus,14.0,1,syn_t048_h0000016
