donor_id,SPORDER,PWGTP,AGEP,DEAR,DEYE,DOUT,DPHY,DRAT,DREM,RELP,DIS,person_age_group,decision_capable,decision_policy
donor_h0000001,1,24,43,2,2,1.0,2.0,,1.0,0,1,35_64,True,generative
donor_h0000001,2,26,72,2,2,1.0,1.0,,1.0,6,1,65_plus,True,generative
donor_h0000002,1,20,47,2,2,2.0,2.0,,2.0,0,2,35_64,True,generative
donor_h0000002,2,22,42,2,2,2.0,2.0,,2.0,1,2,35_64,True,generative
donor_h0000002,3,20,15,2,2,2.0,2.0,,2.0,2,2,0_17,False,dependent
donor_h0000002,4,26,13,2,2,,2.0,,2.0,2,2,0_17,False,dependent
donor_h0000003,1,19,29,2,2,2.0,2.0,,2.0,0,2,18_34,True,generative
donor_h0000003,2,25,25,2,2,2.0,2.0,,2.0,1,2,18_34,True,generative
donor_h0000003,3,29,0,2,2,,,,,2,2,0_17,False,dependent
donor_h0000004,1,47,21,2,2,2.0,2.0,,2.0,0,2,18_34,True,generative
donor_h0000004,2,77,24,2,2,2.0,2.0,,2.0,1,2,18_34,True,generative
donor_h0000004,3,84,1,2,2,,,,,3,2,0_17,False,dependent
donor_h0000005,1,56,46,2,2,2.0,2.0,,2.0,0,2,35_64,True,generative
donor_h0000005,2,34,31,2,2,2.0,2.0,,2.0,1,2,18_34,True,generative
donor_h0000005,3,41,16,2,2,2.0,2.0,,2.0,2,2,0_17,False,dependent
donor_h0000005,4,81,12,2,2,,2.0,,2.0,2,2,0_17,False,dependent
donor_h0000006,1,76,76,2,2,2.0,1.0,,2.0,0,1,65_plus,True,generative
donor_h0000006,2,62,65,2,2,2.0,2.0,,2.0,1,2,65_plus,True,generative
donor_h0000007,1,15,76,2,2,2.0,2.0,,2.0,0,2,65_plus,True,generative
donor_h0000007,2,12,74,2,2,2.0,1.0,,2.0,1,1,65_plus,True,generative
donor_h0000008,1,13,71,1,2,2.0,2.0,,2.0,0,1,65_plus,True,generative
donor_h0000008,2,13,70,2,2,2.0,2.0,,2.0,1,2,65_plus,True,generative
donor_h0000009,1,7,70,2,2,2.0,2.0,,2.0,0,2,65_plus,True,generative
donor_h0000010,1,3,64,2,1,2.0,1.0,,2.0,0,1,35_64,True,generative
donor_h0000010,2,3,68,2,2,2.0,1.0,5.0,2.0,1,1,65_plus,True,generative
donor_h0000011,1,34,35,2,2,2.0,2.0,,2.0,0,2,35_64,True,generative
donor_h0000011,2,33,17,2,1,1.0,1.0,,1.0,2,1,0_17,False,dependent
donor_h0000011,3,32,15,2,2,2.0,2.0,,2.0,2,2,0_17,False,dependent
donor_h0000011,4,54,14,2,2,,2.0,,2.0,2,2,0_17,False,dependent
donor_h0000012,1,31,52,2,2,2.0,2.0,,2.0,0,2,35_64,True,generative
donor_h0000012,2,37,51,2,2,2.0,2.0,,2.0,1,2,35_64,True,generative
donor_h0000012,3,48,15,2,2,2.0,2.0,,2.0,2,2,0_17,False,dependent
donor_h0000013,1,14,56,2,2,2.0,2.0,,2.0,0,2,35_64,True,generative
donor_h0000013,2,18,12,2,2,,2.0,,2.0,7,2,0_17,False,dependent
donor_h0000014,1,6,27,2,2,2.0,2.0,,2.0,0,2,18_34,True,generative
donor_h0000014,2,11,36,2,2,2.0,2.0,,2.0,1,2,35_64,True,generative
donor_h0000014,3,17,14,2,2,,2.0,,2.0,4,2,0_17,False,dependent
donor_h0000014,4,16,9,2,2,,2.0,,2.0,4,2,0_17,False,dependent
donor_h0000015,1,14,27,2,2,1.0,2.0,,1.0,0,1,18_34,True,generative
donor_h0000015,2,14,37,2,2,2.0,2.0,,2.0,1,2,35_64,True,generative
donor_h0000015,3,13,3,2,2,,,,,2,2,0_17,False,dependent
donor_h0000015,4,14,0,2,2,,,,,2,2,0_17,False,dependent
donor_h0000015,5,20,84,1,2,1.0,1.0,,1.0,10,1,65_plus,True,generative
donor_h0000016,1,20,62,2,2,2.0,2.0,,2.0,0,2,35_64,True,generative
donor_h0000016,2,21,55,2,2,2.0,2.0,,2.0,1,2,35_64,True,generative
donor_h0000016,3,40,23,2,2,2.0,2.0,,2.0,2,2,18_34,True,generative
donor_h0000017,1,13,38,2,2,2.0,2.0,,2.0,0,2,35_64,True,generative
donor_h0000017,2,16,17,2,2,2.0,2.0,,2.0,2,2,0_17,False,dependent
donor_h0000018,1,13,62,2,2,2.0,2.0,,2.0,0,2,35_64,True,generative
donor_h0000018,2,12,65,2,2,2.0,2.0,,2.0,1,2,65_plus,True,generative
donor_h0000019,1,25,45,2,2,2.0,2.0,,2.0,0,2,35_64,True,generative
donor_h0000019,2,35,25,2,2,2.0,2.0,,2.0,2,2,18_34,True,generative
donor_h0000019,3,48,22,2,2,2.0,2.0,,2.0,2,2,18_34,True,generative
donor_h0000020,1,11,52,2,2,2.0,2.0,,2.0,0,2,35_64,True,generative
donor_h0000020,2,25,25,2,2,2.0,2.0,,2.0,2,2,18_34,True,generative
donor_h0000020,3,27,20,2,2,2.0,2.0,,2.0,2,2,18_34,True,generative
donor_h0000021,1,12,52,2,2,2.0,2.0,,2.0,0,2,35_64,True,generative
donor_h0000022,1,7,74,2,2,2.0,2.0,,2.0,0,2,65_plus,True,generative
donor_h0000023,1,21,81,1,2,2.0,1.0,,2.0,0,1,65_plus,True,generative
donor_h0000024,1,15,64,2,1,2.0,2.0,,2.0,0,1,35_64,True,generative
donor_h0000024,2,16,62,2,2,2.0,2.0,,2.0,1,2,35_64,True,generative
donor_h0000025,1,6,75,2,2,2.0,2.0,,2.0,0,2,65_plus,True,generative
donor_h0000025,2,5,78,2,2,2.0,2.0,,2.0,1,2,65_plus,True,generative
donor_h0000026,1,21,72,2,2,2.0,2.0,,2.0,0,2,65_plus,True,generative
donor_h0000026,2,22,74,2,2,2.0,2.0,,2.0,1,2,65_plus,True,generative
donor_h0000027,1,13,47,2,2,2.0,2.0,,2.0,0,2,35_64,True,generative
donor_h0000028,1,32,66,2,2,2.0,1.0,,2.0,0,1,65_plus,True,generative
donor_h0000028,2,30,50,2,2,2.0,2.0,,2.0,1,2,35_64,True,generative
donor_h0000029,1,19,28,2,2,2.0,2.0,,2.0,0,2,18_34,True,generative
donor_h0000030,1,13,79,2,2,2.0,2.0,,2.0,0,2,65_plus,True,generative
donor_h0000030,2,12,76,2,2,2.0,2.0,,2.0,1,2,65_plus,True,generative
donor_h0000031,1,3,59,1,1,1.0,1.0,,1.0,0,1,35_64,True,generative
donor_h0000031,2,4,55,2,2,1.0,1.0,,2.0,1,1,35_64,True,generative
donor_h0000032,1,18,30,2,2,2.0,2.0,,2.0,0,2,18_34,True,generative
donor_h0000032,2,31,30,2,2,2.0,2.0,,2.0,12,2,18_34,True,generative
donor_h0000033,1,13,61,2,2,2.0,2.0,,2.0,0,2,35_64,True,generative
donor_h0000034,1,7,70,2,2,2.0,2.0,,2.0,0,2,65_plus,True,generative
donor_h0000034,2,6,70,2,2,2.0,2.0,,2.0,1,2,65_plus,True,generative
donor_h0000035,1,8,71,2,2,2.0,2.0,,2.0,0,2,65_plus,True,generative
donor_h0000036,1,13,76,2,2,2.0,2.0,,2.0,0,2,65_plus,True,generative
donor_h0000037,1,13,64,1,2,2.0,2.0,,2.0,0,1,35_64,True,generative
donor_h0000037,2,21,61,2,2,2.0,2.0,,2.0,12,2,35_64,True,generative
donor_h0000038,1,16,50,2,2,2.0,2.0,,2.0,0,2,35_64,True,generative
donor_h0000038,2,21,14,2,2,,2.0,,2.0,2,2,0_17,False,dependent
donor_h0000038,3,9,49,2,2,2.0,2.0,,2.0,13,2,35_64,True,generative
donor_h0000039,1,20,47,2,2,2.0,2.0,2.0,2.0,0,2,35_64,True,generative
donor_h0000039,2,21,41,2,2,2.0,2.0,,2.0,1,2,35_64,True,generative
donor_h0000039,3,24,16,2,2,2.0,2.0,,2.0,2,2,0_17,False,dependent
donor_h0000040,1,52,90,2,2,2.0,2.0,,2.0,0,2,65_plus,True,generative
donor_h0000041,1,7,58,2,2,2.0,2.0,,2.0,0,2,35_64,True,generative
donor_h0000041,2,7,58,2,2,2.0,2.0,,2.0,1,2,35_64,True,generative
donor_h0000042,1,57,50,2,2,2.0,2.0,,2.0,0,2,35_64,True,generative
donor_h0000042,2,77,15,2,2,2.0,2.0,,2.0,2,2,0_17,False,dependent
donor_h0000043,1,14,45,2,2,1.0,2.0,,2.0,0,1,35_64,True,generative
donor_h0000043,2,16,41,2,2,2.0,2.0,,2.0,1,2,35_64,True,generative
donor_h0000043,3,17,20,2,2,2.0,2.0,,2.0,2,2,18_34,True,generative
donor_h0000043,4,15,16,2,1,2.0,2.0,,1.0,2,1,0_17,False,dependent
donor_h0000044,1,38,76,1,1,2.0,2.0,,2.0,0,1,65_plus,True,generative
donor_h0000044,2,71,35,2,2,2.0,2.0,,2.0,7,2,35_64,True,generative
donor_h0000044,3,75,35,1,2,2.0,2.0,,2.0,7,1,35_64,True,generative
donor_h0000045,1,53,30,2,2,2.0,2.0,,2.0,0,2,18_34,True,generative
donor_h0000045,2,67,25,2,2,2.0,2.0,,2.0,1,2,18_34,True,generative
donor_h0000045,3,83,6,2,2,,2.0,,2.0,2,2,0_17,False,dependent
donor_h0000045,4,67,3,2,2,,,,,2,2,0_17,False,dependent
donor_h0000046,1,60,64,2,2,2.0,2.0,,2.0,0,2,35_64,True,generative
donor_h0000046,2,57,64,2,2,2.0,2.0,,2.0,1,2,35_64,True,generative
donor_h0000047,1,11,44,2,1,2.0,2.0,,1.0,0,1,35_64,True,generative
donor_h0000048,1,15,40,2,2,2.0,2.0,,2.0,0,2,35_64,True,generative
donor_h0000048,2,14,40,2,2,2.0,2.0,,2.0,1,2,35_64,True,generative
donor_h0000048,3,18,9,2,2,,2.0,,2.0,2,2,0_17,False,dependent
donor_h0000048,4,15,7,2,2,,2.0,,2.0,2,2,0_17,False,dependent
donor_h0000049,1,17,65,2,2,2.0,2.0,,2.0,0,2,65_plus,True,generative
donor_h0000049,2,17,58,2,2,2.0,2.0,,2.0,1,2,35_64,True,generative
donor_h0000050,1,48,40,2,2,2.0,2.0,,2.0,0,2,35_64,True,generative
donor_h0000050,2,58,9,2,2,,2.0,,2.0,5,2,0_17,False,dependent
donor_h0000050,3,50,24,2,2,2.0,2.0,,2.0,12,2,18_34,True,generative
donor_h0000051,1,21,65,2,2,2.0,2.0,,2.0,0,2,65_plus,True,generative
donor_h0000052,1,13,71,2,2,2.0,2.0,,2.0,0,2,65_plus,True,generative
donor_h0000052,2,13,72,2,2,2.0,2.0,,2.0,1,2,65_plus,True,generative
donor_h0000053,1,14,63,2,2,2.0,2.0,,2.0,0,2,35_64,True,generative
donor_h0000053,2,12,73,2,2,2.0,2.0,,2.0,1,2,65_plus,True,generative
donor_h0000054,1,12,89,1,2,2.0,1.0,,2.0,0,1,65_plus,True,generative
donor_h0000055,1,5,86,2,1,2.0,1.0,,2.0,0,1,65_plus,True,generative
donor_h0000055,2,6,15,2,2,2.0,2.0,,2.0,10,2,0_17,False,dependent
donor_h0000056,1,28,49,2,2,2.0,2.0,,2.0,0,2,35_64,True,generative
donor_h0000056,2,30,15,2,2,2.0,2.0,,2.0,2,2,0_17,False,dependent
donor_h0000057,1,8,66,2,2,2.0,2.0,,2.0,0,2,65_plus,True,generative
donor_h0000057,2,8,64,2,2,2.0,2.0,,2.0,1,2,35_64,True,generative
donor_h0000058,1,8,72,2,2,2.0,2.0,,2.0,0,2,65_plus,True,generative
donor_h0000059,1,12,34,2,2,2.0,2.0,,2.0,0,2,18_34,True,generative
donor_h0000059,2,18,2,2,2,,,,,2,2,0_17,False,dependent
donor_h0000060,1,7,66,2,2,2.0,2.0,,2.0,0,2,65_plus,True,generative
donor_h0000060,2,7,62,2,2,1.0,1.0,,2.0,1,1,35_64,True,generative
donor_h0000061,1,12,60,2,2,2.0,2.0,,2.0,0,2,35_64,True,generative
donor_h0000061,2,11,65,2,2,2.0,2.0,,2.0,1,2,65_plus,True,generative
donor_h0000062,1,7,66,2,2,2.0,2.0,,2.0,0,2,65_plus,True,generative
donor_h0000062,2,7,66,2,2,2.0,1.0,,2.0,1,1,65_plus,True,generative
donor_h0000063,1,17,57,2,2,2.0,2.0,,2.0,0,2,35_64,True,generative
donor_h0000063,2,17,52,2,2,1.0,1.0,5.0,1.0,1,1,35_64,True,generative
donor_h0000064,1,27,52,2,2,2.0,2.0,,2.0,0,2,35_64,True,generative
donor_h0000065,1,21,50,2,2,2.0,2.0,,2.0,0,2,35_64,True,generative
donor_h0000065,2,36,29,2,2,2.0,2.0,,2.0,2,2,18_34,True,generative
donor_h0000066,1,11,56,1,2,2.0,2.0,,2.0,0,1,35_64,True,generative
donor_h0000066,2,12,55,2,2,2.0,2.0,,2.0,1,2,35_64,True,generative
donor_h0000067,1,16,54,2,2,2.0,2.0,,2.0,0,2,35_64,True,generative
donor_h0000068,1,5,87,2,2,2.0,2.0,3.0,2.0,0,2,65_plus,True,generative
donor_h0000069,1,11,27,2,2,2.0,2.0,,2.0,0,2,18_34,True,generative
donor_h0000069,2,12,5,2,2,,2.0,,2.0,2,2,0_17,False,dependent
donor_h0000070,1,3,51,2,2,2.0,2.0,,2.0,0,2,35_64,True,generative
donor_h0000071,1,20,50,2,2,2.0,2.0,,2.0,0,2,35_64,True,generative
donor_h0000071,2,43,48,2,2,2.0,2.0,,2.0,1,2,35_64,True,generative
donor_h0000071,3,52,16,2,2,2.0,2.0,,2.0,2,2,0_17,False,dependent
donor_h0000071,4,56,15,2,2,2.0,2.0,,2.0,2,2,0_17,False,dependent
donor_h0000071,5,41,84,2,2,2.0,2.0,,1.0,6,1,65_plus,True,generative
donor_h0000072,1,6,68,2,2,2.0,2.0,,2.0,0,2,65_plus,True,generative
donor_h0000072,2,7,59,2,2,2.0,2.0,,2.0,1,2,35_64,True,generative
donor_h0000072,3,12,83,2,2,2.0,2.0,,2.0,6,2,65_plus,True,generative
donor_h0000073,1,8,69,2,2,2.0,2.0,3.0,2.0,0,2,65_plus,True,generative
donor_h0000073,2,6,72,2,2,2.0,2.0,,2.0,1,2,65_plus,True,generative
donor_h0000074,1,36,34,2,2,2.0,2.0,,2.0,0,2,18_34,True,generative
donor_h0000075,1,2,65,2,2,2.0,2.0,,2.0,0,2,65_plus,True,generative
donor_h0000076,1,5,53,2,2,2.0,2.0,,2.0,0,2,35_64,True,generative
donor_h0000076,2,8,54,2,2,2.0,2.0,,2.0,12,2,35_64,True,generative
donor_h0000077,1,11,59,2,2,2.0,2.0,,2.0,0,2,35_64,True,generative
donor_h0000077,2,15,24,2,2,2.0,2.0,,2.0,2,2,18_34,True,generative
donor_h0000078,1,11,65,2,2,2.0,2.0,,2.0,0,2,65_plus,True,generative
donor_h0000078,2,12,63,2,2,2.0,2.0,,2.0,1,2,35_64,True,generative
donor_h0000079,1,10,28,2,2,2.0,2.0,,2.0,0,2,18_34,True,generative
donor_h0000079,2,14,25,2,2,2.0,2.0,,2.0,13,2,18_34,True,generative
donor_h0000080,1,15,44,2,2,2.0,2.0,,2.0,0,2,35_64,True,generative
donor_h0000080,2,12,58,2,2,2.0,2.0,,2.0,1,2,35_64,True,generative
donor_h0000080,3,14,17,2,2,2.0,2.0,,2.0,2,2,0_17,False,dependent
donor_h0000080,4,14,17,2,2,2.0,2.0,,2.0,2,2,0_17,False,dependent
donor_h0000081,1,59,56,2,1,2.0,2.0,,2.0,0,1,35_64,True,generative
donor_h0000081,2,57,64,2,2,2.0,2.0,,2.0,1,2,35_64,True,generative
donor_h0000082,1,62,28,2,2,2.0,2.0,,2.0,0,2,18_34,True,generative
donor_h0000082,2,70,7,2,2,,2.0,,2.0,2,2,0_17,False,dependent
donor_h0000082,3,63,2,2,2,,,,,2,2,0_17,False,dependent
donor_h0000083,1,9,67,2,2,2.0,2.0,,2.0,0,2,65_plus,True,generative
donor_h0000083,2,8,68,2,2,2.0,2.0,,2.0,1,2,65_plus,True,generative
donor_h0000084,1,25,44,2,2,2.0,2.0,,2.0,0,2,35_64,True,generative
donor_h0000084,2,22,52,2,2,2.0,2.0,,2.0,1,2,35_64,True,generative
donor_h0000085,1,21,55,2,2,2.0,2.0,,2.0,0,2,35_64,True,generative
donor_h0000085,2,25,53,2,2,2.0,2.0,,2.0,1,2,35_64,True,generative
donor_h0000085,3,56,27,2,2,2.0,2.0,,2.0,2,2,18_34,True,generative
donor_h0000086,1,18,31,2,2,2.0,2.0,,2.0,0,2,18_34,True,generative
donor_h0000086,2,16,30,2,2,2.0,2.0,,2.0,1,2,18_34,True,generative
donor_h0000086,3,20,2,2,2,,,,,2,2,0_17,False,dependent
donor_h0000087,1,13,67,2,2,2.0,2.0,,2.0,0,2,65_plus,True,generative
donor_h0000087,2,13,58,2,2,2.0,2.0,,2.0,1,2,35_64,True,generative
donor_h0000088,1,56,55,2,2,2.0,2.0,,2.0,0,2,35_64,True,generative
donor_h0000089,1,2,60,2,2,2.0,2.0,,2.0,0,2,35_64,True,generative
donor_h0000089,2,2,71,2,2,2.0,2.0,,2.0,1,2,65_plus,True,generative
donor_h0000090,1,3,60,2,2,2.0,2.0,,2.0,0,2,35_64,True,generative
donor_h0000091,1,13,73,2,2,2.0,2.0,,2.0,0,2,65_plus,True,generative
donor_h0000092,1,12,58,2,2,1.0,2.0,,1.0,0,1,35_64,True,generative
donor_h0000093,1,14,77,1,2,2.0,2.0,,2.0,0,1,65_plus,True,generative
donor_h0000094,1,5,68,2,2,2.0,2.0,2.0,2.0,0,2,65_plus,True,generative
donor_h0000094,2,5,62,2,2,2.0,2.0,,2.0,1,2,35_64,True,generative
donor_h0000095,1,36,43,2,2,2.0,2.0,,2.0,0,2,35_64,True,generative
donor_h0000096,1,16,78,2,2,2.0,2.0,,2.0,0,2,65_plus,True,generative
donor_h0000096,2,14,75,2,2,2.0,2.0,,2.0,1,2,65_plus,True,generative
donor_h0000096,3,24,45,2,2,2.0,2.0,,2.0,2,2,35_64,True,generative
donor_h0000096,4,17,24,2,2,2.0,2.0,,2.0,7,2,18_34,True,generative
donor_h0000096,5,17,21,2,2,2.0,2.0,,2.0,7,2,18_34,True,generative
donor_h0000096,6,20,18,2,2,2.0,2.0,,2.0,7,2,18_34,True,generative
donor_h0000097,1,46,78,2,2,2.0,2.0,,2.0,0,2,65_plus,True,generative
donor_h0000097,2,40,84,2,2,2.0,2.0,,2.0,1,2,65_plus,True,generative
donor_h0000098,1,4,62,2,2,2.0,2.0,,2.0,0,2,35_64,True,generative
donor_h0000098,2,5,57,2,2,2.0,2.0,,2.0,1,2,35_64,True,generative
donor_h0000098,3,8,23,2,2,2.0,2.0,,2.0,2,2,18_34,True,generative
donor_h0000098,4,6,27,2,2,2.0,2.0,,2.0,12,2,18_34,True,generative
donor_h0000099,1,24,53,2,2,2.0,2.0,,2.0,0,2,35_64,True,generative
donor_h0000099,2,26,47,2,2,2.0,2.0,,2.0,1,2,35_64,True,generative
donor_h0000099,3,27,16,2,2,2.0,2.0,,2.0,2,2,0_17,False,dependent
donor_h0000099,4,31,14,2,2,,2.0,,2.0,2,2,0_17,False,dependent
donor_h0000100,1,8,62,2,2,2.0,2.0,,2.0,0,2,35_64,True,generative
donor_h0000101,1,8,69,2,2,2.0,2.0,3.0,2.0,0,2,65_plus,True,generative
donor_h0000102,1,13,62,2,1,1.0,1.0,,2.0,0,1,35_64,True,generative
donor_h0000102,2,12,73,1,2,2.0,2.0,2.0,2.0,1,1,65_plus,True,generative
donor_h0000103,1,19,25,2,2,2.0,2.0,,2.0,0,2,18_34,True,generative
donor_h0000103,2,48,22,2,2,2.0,2.0,,2.0,1,2,18_34,True,generative
donor_h0000103,3,58,0,2,2,,,,,2,2,0_17,False,dependent
donor_h0000104,1,6,48,2,2,2.0,2.0,,2.0,0,2,35_64,True,generative
donor_h0000104,2,5,51,2,2,2.0,2.0,,2.0,1,2,35_64,True,generative
donor_h0000105,1,8,83,2,2,1.0,2.0,,2.0,0,1,65_plus,True,generative
donor_h0000106,1,12,41,2,2,2.0,2.0,,2.0,0,2,35_64,True,generative
donor_h0000106,2,11,42,2,2,2.0,2.0,,2.0,1,2,35_64,True,generative
donor_h0000106,3,15,19,2,2,2.0,2.0,,2.0,2,2,18_34,True,generative
donor_h0000106,4,12,16,2,2,2.0,2.0,,2.0,2,2,0_17,False,dependent
donor_h0000106,5,15,12,2,2,,2.0,,2.0,2,2,0_17,False,dependent
donor_h0000106,6,13,6,2,2,,2.0,,2.0,2,2,0_17,False,dependent
donor_h0000107,1,9,51,2,2,2.0,2.0,,2.0,0,2,35_64,True,generative
donor_h0000107,2,6,52,2,2,2.0,2.0,,2.0,1,2,35_64,True,generative
donor_h0000108,1,12,94,1,2,2.0,2.0,1.0,2.0,0,1,65_plus,True,generative
donor_h0000108,2,9,72,2,2,2.0,2.0,,2.0,1,2,65_plus,True,generative
donor_h0000109,1,11,55,2,2,2.0,2.0,,2.0,0,2,35_64,True,generative
donor_h0000109,2,14,42,2,2,2.0,2.0,,2.0,1,2,35_64,True,generative
donor_h0000110,1,7,70,2,2,2.0,2.0,,2.0,0,2,65_plus,True,generative
donor_h0000111,1,11,67,2,2,2.0,2.0,,2.0,0,2,65_plus,True,generative
donor_h0000112,1,13,29,2,2,2.0,2.0,,2.0,0,2,18_34,True,generative
donor_h0000112,2,21,27,2,2,2.0,2.0,,2.0,12,2,18_34,True,generative
donor_h0000112,3,17,19,2,2,2.0,2.0,,2.0,12,2,18_34,True,generative
donor_h0000113,1,12,66,2,2,2.0,2.0,,2.0,0,2,65_plus,True,generative
donor_h0000113,2,17,18,2,2,2.0,2.0,,2.0,7,2,18_34,True,generative
donor_h0000114,1,6,65,2,2,2.0,2.0,,2.0,0,2,65_plus,True,generative
donor_h0000114,2,6,59,2,2,2.0,2.0,,2.0,1,2,35_64,True,generative
donor_h0000115,1,14,65,2,2,2.0,2.0,,2.0,0,2,65_plus,True,generative
donor_h0000116,1,10,35,2,2,2.0,2.0,,2.0,0,2,35_64,True,generative
donor_h0000116,2,29,34,2,2,2.0,2.0,,2.0,1,2,18_34,True,generative
donor_h0000116,3,18,9,2,2,,2.0,,2.0,2,2,0_17,False,dependent
donor_h0000116,4,26,4,2,2,,,,,2,2,0_17,False,dependent
donor_h0000117,1,12,54,2,2,2.0,2.0,,2.0,0,2,35_64,True,generative
donor_h0000117,2,11,34,2,2,1.0,1.0,,2.0,1,1,18_34,True,generative
donor_h0000117,3,14,14,2,2,,2.0,,2.0,4,2,0_17,False,dependent
donor_h0000117,4,16,11,2,2,,2.0,,2.0,4,2,0_17,False,dependent
donor_h0000118,1,13,42,2,2,2.0,2.0,,2.0,0,2,35_64,True,generative
donor_h0000118,2,9,55,2,2,2.0,2.0,,2.0,1,2,35_64,True,generative
donor_h0000118,3,13,9,2,2,,2.0,,2.0,2,2,0_17,False,dependent
donor_h0000119,1,8,46,2,2,2.0,2.0,,2.0,0,2,35_64,True,generative
donor_h0000119,2,9,43,2,2,2.0,2.0,,2.0,1,2,35_64,True,generative
donor_h0000119,3,10,11,2,2,,2.0,,2.0,2,2,0_17,False,dependent
donor_h0000120,1,5,54,2,2,2.0,2.0,,2.0,0,2,35_64,True,generative
donor_h0000120,2,6,55,1,1,2.0,1.0,,2.0,1,1,35_64,True,generative
donor_h0000120,3,7,16,2,2,2.0,2.0,,2.0,2,2,0_17,False,dependent
donor_h0000121,1,11,53,2,2,2.0,2.0,,2.0,0,2,35_64,True,generative
donor_h0000121,2,20,59,2,2,2.0,2.0,,2.0,1,2,35_64,True,generative
donor_h0000122,1,13,44,2,2,2.0,2.0,,2.0,0,2,35_64,True,generative
donor_h0000122,2,10,31,2,2,2.0,2.0,,2.0,1,2,18_34,True,generative
donor_h0000122,3,15,5,2,2,,2.0,,2.0,2,2,0_17,False,dependent
donor_h0000122,4,14,4,2,2,,,,,2,2,0_17,False,dependent
donor_h0000123,1,8,82,1,1,2.0,1.0,,2.0,0,1,65_plus,True,generative
donor_h0000124,1,2,53,2,2,2.0,2.0,,2.0,0,2,35_64,True,generative
donor_h0000125,1,22,24,2,2,2.0,2.0,,2.0,0,2,18_34,True,generative
donor_h0000125,2,17,27,2,2,2.0,2.0,,2.0,13,2,18_34,True,generative
donor_h0000126,1,11,65,2,2,2.0,2.0,,2.0,0,2,65_plus,True,generative
donor_h0000126,2,11,66,2,2,2.0,2.0,,2.0,1,2,65_plus,True,generative
donor_h0000127,1,8,37,2,2,2.0,2.0,,2.0,0,2,35_64,True,generative
donor_h0000127,2,8,40,2,2,2.0,2.0,,2.0,1,2,35_64,True,generative
donor_h0000127,3,10,11,2,2,,2.0,,2.0,2,2,0_17,False,dependent
donor_h0000127,4,9,9,2,2,,2.0,,2.0,2,2,0_17,False,dependent
donor_h0000128,1,12,83,2,2,2.0,2.0,,2.0,0,2,65_plus,True,generative
donor_h0000129,1,7,59,2,2,2.0,2.0,,2.0,0,2,35_64,True,generative
donor_h0000129,2,8,58,2,2,2.0,2.0,,2.0,1,2,35_64,True,generative
donor_h0000129,3,15,26,2,2,2.0,2.0,,2.0,2,2,18_34,True,generative
donor_h0000129,4,12,25,2,2,2.0,2.0,,2.0,2,2,18_34,True,generative
donor_h0000129,5,10,20,2,2,2.0,2.0,,2.0,2,2,18_34,True,generative
donor_h0000129,6,11,14,2,2,,2.0,,2.0,2,2,0_17,False,dependent
donor_h0000130,1,12,82,2,2,2.0,2.0,,2.0,0,2,65_plus,True,generative
donor_h0000131,1,7,64,2,2,2.0,2.0,,2.0,0,2,35_64,True,generative
donor_h0000132,1,13,64,2,2,2.0,2.0,,2.0,0,2,35_64,True,generative
donor_h0000132,2,12,55,1,2,2.0,2.0,,2.0,1,1,35_64,True,generative
donor_h0000132,3,21,34,2,2,2.0,2.0,,2.0,2,2,18_34,True,generative
donor_h0000133,1,13,57,2,2,2.0,2.0,,2.0,0,2,35_64,True,generative
donor_h0000134,1,5,70,2,2,2.0,2.0,,2.0,0,2,65_plus,True,generative
donor_h0000134,2,4,69,2,2,1.0,2.0,,1.0,1,1,65_plus,True,generative
donor_h0000135,1,12,62,1,2,2.0,2.0,,2.0,0,1,35_64,True,generative
donor_h0000135,2,12,58,2,1,2.0,1.0,,1.0,1,1,35_64,True,generative
donor_h0000136,1,14,44,2,2,2.0,2.0,,2.0,0,2,35_64,True,generative
donor_h0000136,2,23,35,2,2,2.0,2.0,,2.0,12,2,35_64,True,generative
donor_h0000137,1,12,77,2,2,2.0,2.0,,2.0,0,2,65_plus,True,generative
donor_h0000137,2,13,77,2,2,2.0,2.0,,2.0,1,2,65_plus,True,generative
donor_h0000138,1,22,56,1,2,2.0,1.0,,1.0,0,1,35_64,True,generative
donor_h0000138,2,23,48,2,2,1.0,1.0,,1.0,13,1,35_64,True,generative
donor_h0000139,1,14,78,2,2,2.0,1.0,,2.0,0,1,65_plus,True,generative
donor_h0000139,2,11,70,2,2,2.0,2.0,,2.0,1,2,65_plus,True,generative
donor_h0000140,1,7,61,2,2,2.0,2.0,,2.0,0,2,35_64,True,generative
donor_h0000140,2,6,62,2,2,2.0,2.0,2.0,2.0,1,2,35_64,True,generative
donor_h0000141,1,14,62,2,2,2.0,1.0,,1.0,0,1,35_64,True,generative
donor_h0000142,1,34,60,2,2,2.0,2.0,,2.0,0,2,35_64,True,generative
donor_h0000142,2,36,60,2,2,2.0,2.0,,2.0,1,2,35_64,True,generative
donor_h0000143,1,14,41,2,2,2.0,2.0,,2.0,0,2,35_64,True,generative
donor_h0000143,2,13,45,2,2,2.0,2.0,,2.0,1,2,35_64,True,generative
donor_h0000143,3,16,15,2,2,2.0,2.0,,2.0,2,2,0_17,False,dependent
donor_h0000143,4,17,13,2,2,,2.0,,2.0,2,2,0_17,False,dependent
donor_h0000144,1,36,60,2,2,2.0,2.0,,2.0,0,2,35_64,True,generative
donor_h0000144,2,32,66,2,2,1.0,1.0,5.0,1.0,1,1,65_plus,True,generative
donor_h0000145,1,21,37,2,2,2.0,2.0,,2.0,0,2,35_64,True,generative
donor_h0000145,2,21,34,2,2,2.0,2.0,,2.0,1,2,18_34,True,generative
donor_h0000145,3,18,11,2,2,,2.0,,2.0,2,2,0_17,False,dependent
donor_h0000145,4,17,5,2,2,,2.0,,2.0,2,2,0_17,False,dependent
donor_h0000145,5,24,41,2,2,2.0,2.0,,2.0,11,2,35_64,True,generative
donor_h0000145,6,18,13,2,2,,2.0,,2.0,11,2,0_17,False,dependent
donor_h0000146,1,12,53,2,2,2.0,2.0,,2.0,0,2,35_64,True,generative
donor_h0000146,2,17,18,2,2,2.0,2.0,,2.0,2,2,18_34,True,generative
donor_h0000146,3,17,52,2,2,2.0,1.0,,2.0,15,1,35_64,True,generative
donor_h0000147,1,5,50,2,2,1.0,1.0,,2.0,0,1,35_64,True,generative
donor_h0000147,2,3,52,2,2,2.0,2.0,,2.0,1,2,35_64,True,generative
donor_h0000148,1,12,63,2,2,2.0,2.0,,2.0,0,1,35_64,True,generative
donor_h0000148,2,14,48,2,2,2.0,2.0,,2.0,1,2,35_64,True,generative
donor_h0000149,1,6,46,2,2,2.0,2.0,,2.0,0,2,35_64,True,generative
donor_h0000149,2,6,45,2,2,2.0,2.0,,2.0,1,2,35_64,True,generative
donor_h0000149,3,5,17,2,2,2.0,2.0,,2.0,2,2,0_17,False,dependent
donor_h0000149,4,6,15,2,2,2.0,2.0,,2.0,2,2,0_17,False,dependent
donor_h0000149,5,7,5,2,2,,2.0,,2.0,2,2,0_17,False,dependent
donor_h0000150,1,28,46,2,2,2.0,2.0,,2.0,0,2,35_64,True,generative
donor_h0000151,1,4,51,2,2,2.0,2.0,,2.0,0,2,35_64,True,generative
donor_h0000151,2,6,30,2,2,2.0,2.0,,2.0,12,2,18_34,True,generative
donor_h0000152,1,20,55,2,2,2.0,2.0,,2.0,0,2,35_64,True,generative
donor_h0000152,2,18,53,2,2,2.0,2.0,,2.0,1,2,35_64,True,generative
donor_h0000152,3,23,16,2,2,2.0,2.0,,2.0,2,2,0_17,False,dependent
donor_h0000153,1,11,59,2,2,2.0,2.0,,2.0,0,2,35_64,True,generative
donor_h0000153,2,12,61,2,2,2.0,2.0,,2.0,1,2,35_64,True,generative
donor_h0000154,1,13,70,2,2,2.0,2.0,,2.0,0,2,65_plus,True,generative
donor_h0000154,2,12,72,1,2,2.0,2.0,3.0,2.0,1,1,65_plus,True,generative
donor_h0000155,1,6,39,2,2,2.0,2.0,,2.0,0,2,35_64,True,generative
donor_h0000155,2,6,42,2,2,2.0,2.0,,2.0,1,2,35_64,True,generative
donor_h0000155,3,7,18,2,2,2.0,2.0,,2.0,2,2,18_34,True,generative
donor_h0000156,1,23,52,2,2,2.0,2.0,,2.0,0,2,35_64,True,generative
donor_h0000156,2,19,51,2,2,1.0,1.0,,2.0,1,1,35_64,True,generative
donor_h0000156,3,46,21,2,2,2.0,2.0,,2.0,2,2,18_34,True,generative
donor_h0000156,4,39,80,2,2,2.0,2.0,,2.0,10,2,65_plus,True,generative
donor_h0000157,1,9,38,2,2,2.0,2.0,,2.0,0,2,35_64,True,generative
donor_h0000157,2,9,28,2,2,2.0,2.0,,2.0,1,2,18_34,True,generative
donor_h0000157,3,10,3,2,2,,,,,2,2,0_17,False,dependent
donor_h0000157,4,10,1,2,2,,,,,2,2,0_17,False,dependent
donor_h0000158,1,3,46,2,2,2.0,2.0,,2.0,0,2,35_64,True,generative
donor_h0000158,2,2,45,2,2,2.0,2.0,,2.0,1,2,35_64,True,generative
donor_h0000158,3,3,13,2,2,,2.0,,2.0,2,2,0_17,False,dependent
donor_h0000158,4,2,10,2,2,,2.0,,2.0,2,2,0_17,False,dependent
donor_h0000159,1,18,71,2,2,2.0,2.0,,2.0,0,2,65_plus,True,generative
donor_h0000159,2,22,75,2,1,1.0,1.0,5.0,1.0,1,1,65_plus,True,generative
donor_h0000159,3,30,53,2,2,2.0,2.0,,2.0,2,2,35_64,True,generative
donor_h0000159,4,23,23,2,2,2.0,2.0,,2.0,7,2,18_34,True,generative
donor_h0000160,1,4,82,2,2,2.0,2.0,,2.0,0,2,65_plus,True,generative
donor_h0000160,2,7,56,2,2,2.0,2.0,,2.0,2,2,35_64,True,generative
donor_h0000161,1,14,48,2,2,2.0,2.0,,2.0,0,2,35_64,True,generative
donor_h0000161,2,12,48,2,2,1.0,2.0,,1.0,1,1,35_64,True,generative
donor_h0000162,1,38,72,1,1,1.0,1.0,,2.0,0,1,65_plus,True,generative
donor_h0000163,1,12,62,2,2,1.0,1.0,,2.0,0,1,35_64,True,generative
donor_h0000164,1,23,56,2,2,2.0,2.0,,2.0,0,2,35_64,True,generative
donor_h0000164,2,24,49,2,2,2.0,2.0,,2.0,1,2,35_64,True,generative
donor_h0000165,1,7,56,2,2,2.0,2.0,,2.0,0,2,35_64,True,generative
donor_h0000166,1,11,31,2,2,2.0,2.0,,2.0,0,2,18_34,True,generative
donor_h0000167,1,36,66,2,2,2.0,2.0,,2.0,0,2,65_plus,True,generative
donor_h0000167,2,36,61,1,2,2.0,1.0,,2.0,1,1,35_64,True,generative
donor_h0000167,3,42,2,2,2,,,,,7,2,0_17,False,dependent
donor_h0000168,1,2,57,2,2,2.0,2.0,,1.0,0,1,35_64,True,generative
donor_h0000169,1,15,33,2,2,2.0,2.0,,2.0,0,2,18_34,True,generative
donor_h0000169,2,16,34,2,2,1.0,1.0,,2.0,1,1,18_34,True,generative
donor_h0000169,3,21,12,2,2,,2.0,,2.0,2,2,0_17,False,dependent
donor_h0000169,4,23,6,2,2,,2.0,,2.0,2,2,0_17,False,dependent
donor_h0000170,1,10,53,2,2,2.0,2.0,,2.0,0,2,35_64,True,generative
donor_h0000170,2,12,51,2,2,2.0,2.0,,2.0,1,2,35_64,True,generative
donor_h0000170,3,14,22,2,2,2.0,2.0,,2.0,4,2,18_34,True,generative
donor_h0000171,1,14,83,1,2,2.0,2.0,,2.0,0,1,65_plus,True,generative
donor_h0000172,1,11,66,2,2,2.0,2.0,,2.0,0,2,65_plus,True,generative
donor_h0000172,2,11,65,2,2,2.0,2.0,,2.0,1,2,65_plus,True,generative
donor_h0000172,3,14,24,2,2,2.0,2.0,,2.0,2,2,18_34,True,generative
donor_h0000172,4,18,69,2,2,2.0,2.0,,2.0,10,2,65_plus,True,generative
donor_h0000173,1,38,68,2,2,2.0,2.0,,2.0,0,2,65_plus,True,generative
donor_h0000173,2,67,50,1,2,2.0,2.0,,2.0,2,1,35_64,True,generative
donor_h0000174,1,12,46,2,2,2.0,2.0,,2.0,0,2,35_64,True,generative
donor_h0000174,2,13,48,2,2,2.0,2.0,,2.0,1,2,35_64,True,generative
donor_h0000174,3,18,18,2,2,2.0,2.0,,2.0,2,2,18_34,True,generative
donor_h0000175,1,4,50,2,2,2.0,2.0,,2.0,0,2,35_64,True,generative
donor_h0000175,2,4,45,2,2,2.0,2.0,,2.0,13,2,35_64,True,generative
donor_h0000176,1,12,53,2,2,2.0,2.0,,2.0,0,2,35_64,True,generative
donor_h0000177,1,23,54,2,2,2.0,2.0,,2.0,0,2,35_64,True,generative
donor_h0000178,1,16,73,2,2,2.0,2.0,,2.0,0,2,65_plus,True,generative
donor_h0000178,2,43,53,2,1,1.0,2.0,,2.0,2,1,35_64,True,generative
donor_h0000179,1,7,65,2,2,1.0,1.0,,2.0,0,1,65_plus,True,generative
donor_h0000179,2,8,62,2,2,2.0,2.0,,2.0,1,2,35_64,True,generative
donor_h0000180,1,41,58,2,2,2.0,2.0,,2.0,0,2,35_64,True,generative
donor_h0000180,2,44,57,2,2,2.0,2.0,,2.0,1,2,35_64,True,generative
donor_h0000181,1,10,60,2,2,2.0,2.0,2.0,2.0,0,2,35_64,True,generative
donor_h0000182,1,1,74,2,2,2.0,1.0,,2.0,0,1,65_plus,True,generative
donor_h0000183,1,5,73,1,2,2.0,1.0,,2.0,0,1,65_plus,True,generative
donor_h0000183,2,11,21,2,2,2.0,2.0,,2.0,7,2,18_34,True,generative
donor_h0000183,3,10,19,2,2,2.0,2.0,,2.0,15,2,18_34,True,generative
donor_h0000184,1,13,78,2,2,2.0,2.0,,2.0,0,2,65_plus,True,generative
donor_h0000185,1,14,57,2,2,2.0,2.0,,2.0,0,2,35_64,True,generative
donor_h0000185,2,28,22,2,2,2.0,2.0,,2.0,2,2,18_34,True,generative
donor_h0000186,1,7,73,2,2,2.0,2.0,,2.0,0,2,65_plus,True,generative
donor_h0000186,2,10,50,2,2,2.0,2.0,,2.0,2,2,35_64,True,generative
donor_h0000187,1,5,69,1,2,2.0,2.0,,2.0,0,1,65_plus,True,generative
donor_h0000187,2,4,68,2,2,2.0,2.0,,2.0,1,2,65_plus,True,generative
donor_h0000188,1,7,53,2,2,2.0,2.0,,1.0,0,1,35_64,True,generative
donor_h0000188,2,13,35,2,2,2.0,2.0,,2.0,11,2,35_64,True,generative
donor_h0000188,3,6,65,2,1,1.0,2.0,,1.0,13,1,65_plus,True,generative
donor_h0000189,1,12,82,2,2,2.0,2.0,,2.0,0,2,65_plus,True,generative
donor_h0000190,1,7,60,1,2,2.0,2.0,,2.0,0,1,35_64,True,generative
donor_h0000190,2,8,58,2,2,2.0,2.0,,2.0,1,2,35_64,True,generative
donor_h0000191,1,15,41,2,2,2.0,2.0,,2.0,0,2,35_64,True,generative
donor_h0000191,2,14,43,2,2,2.0,2.0,,2.0,1,2,35_64,True,generative
donor_h0000191,3,17,18,2,2,2.0,2.0,,2.0,2,2,18_34,True,generative
donor_h0000191,4,17,16,2,2,1.0,2.0,,1.0,2,1,0_17,False,dependent
donor_h0000191,5,16,15,2,2,2.0,2.0,,2.0,2,2,0_17,False,dependent
donor_h0000192,1,34,35,2,2,2.0,2.0,,2.0,0,2,35_64,True,generative
donor_h0000192,2,34,43,2,2,2.0,2.0,,2.0,1,2,35_64,True,generative
donor_h0000192,3,48,0,2,2,,,,,2,2,0_17,False,dependent
donor_h0000192,4,49,0,2,2,,,,,2,2,0_17,False,dependent
donor_h0000193,1,32,53,2,2,2.0,2.0,,2.0,0,2,35_64,True,generative
donor_h0000194,1,27,75,2,2,2.0,2.0,,2.0,0,2,65_plus,True,generative
donor_h0000195,1,14,46,2,2,2.0,2.0,,2.0,0,2,35_64,True,generative
donor_h0000195,2,13,46,2,2,1.0,2.0,,1.0,1,1,35_64,True,generative
donor_h0000196,1,8,67,2,2,2.0,1.0,,2.0,0,1,65_plus,True,generative
donor_h0000196,2,7,71,2,2,2.0,2.0,,2.0,1,2,65_plus,True,generative
donor_h0000197,1,9,49,2,2,1.0,1.0,,1.0,0,1,35_64,True,generative
donor_h0000197,2,11,16,2,2,2.0,2.0,,2.0,2,2,0_17,False,dependent
donor_h0000197,3,10,11,2,2,,2.0,,2.0,2,2,0_17,False,dependent
donor_h0000197,4,12,9,2,2,,2.0,,2.0,2,2,0_17,False,dependent
donor_h0000197,5,10,3,2,2,,,,,2,2,0_17,False,dependent
donor_h0000197,6,10,26,2,2,2.0,2.0,,2.0,13,2,18_34,True,generative
donor_h0000198,1,22,22,2,2,2.0,2.0,,2.0,0,2,18_34,True,generative
donor_h0000199,1,20,31,2,2,2.0,2.0,,2.0,0,2,18_34,True,generative
donor_h0000199,2,39,6,2,2,,2.0,,2.0,2,2,0_17,False,dependent
donor_h0000200,1,15,65,2,2,2.0,1.0,,2.0,0,1,65_plus,True,generative
donor_h0000201,1,12,34,2,2,2.0,2.0,,2.0,0,2,18_34,True,generative
donor_h0000201,2,14,40,2,2,2.0,2.0,,2.0,1,2,35_64,True,generative
donor_h0000202,1,11,60,2,2,2.0,2.0,,2.0,0,2,35_64,True,generative
donor_h0000202,2,8,57,2,2,2.0,2.0,,2.0,1,2,35_64,True,generative
donor_h0000203,1,9,53,2,2,2.0,2.0,,2.0,0,2,35_64,True,generative
donor_h0000203,2,29,57,2,2,2.0,1.0,,2.0,1,1,35_64,True,generative
donor_h0000203,3,47,32,2,2,2.0,2.0,,2.0,2,2,18_34,True,generative
donor_h0000203,4,33,10,2,2,,2.0,,2.0,7,2,0_17,False,dependent
donor_h0000203,5,32,7,2,2,,2.0,,2.0,7,2,0_17,False,dependent
donor_h0000204,1,37,83,1,2,2.0,2.0,,2.0,0,1,65_plus,True,generative
donor_h0000205,1,5,57,2,2,2.0,2.0,,2.0,0,2,35_64,True,generative
donor_h0000205,2,5,51,2,2,1.0,1.0,,1.0,1,1,35_64,True,generative
donor_h0000205,3,10,87,2,1,2.0,1.0,,2.0,8,1,65_plus,True,generative
donor_h0000205,4,8,70,2,2,2.0,2.0,,2.0,8,2,65_plus,True,generative
donor_h0000206,1,13,81,2,2,2.0,2.0,,2.0,0,2,65_plus,True,generative
donor_h0000207,1,34,80,1,1,1.0,1.0,,2.0,0,1,65_plus,True,generative
donor_h0000207,2,33,55,2,2,2.0,2.0,,2.0,2,2,35_64,True,generative
donor_h0000207,3,41,31,2,2,2.0,2.0,,2.0,7,2,18_34,True,generative
donor_h0000207,4,40,30,2,2,2.0,2.0,,2.0,7,2,18_34,True,generative
donor_h0000207,5,40,30,2,2,2.0,2.0,,2.0,7,2,18_34,True,generative
donor_h0000208,1,11,67,2,2,2.0,2.0,,2.0,0,2,65_plus,True,generative
donor_h0000209,1,6,72,2,2,2.0,2.0,,2.0,0,2,65_plus,True,generative
donor_h0000209,2,8,59,2,2,2.0,2.0,,2.0,1,2,35_64,True,generative
donor_h0000210,1,13,73,1,2,2.0,2.0,,2.0,0,1,65_plus,True,generative
donor_h0000210,2,13,72,1,2,2.0,2.0,,2.0,1,1,65_plus,True,generative
donor_h0000211,1,15,76,1,2,2.0,2.0,,2.0,0,1,65_plus,True,generative
donor_h0000212,1,33,28,2,2,2.0,2.0,,2.0,0,2,18_34,True,generative
donor_h0000212,2,48,21,2,2,2.0,2.0,,2.0,12,2,18_34,True,generative
donor_h0000213,1,35,32,2,2,2.0,2.0,,2.0,0,2,18_34,True,generative
donor_h0000213,2,73,24,2,2,2.0,2.0,,2.0,11,2,18_34,True,generative
donor_h0000213,3,42,23,2,2,2.0,2.0,,2.0,11,2,18_34,True,generative
donor_h0000214,1,13,67,2,2,2.0,2.0,,2.0,0,2,65_plus,True,generative
donor_h0000214,2,14,64,2,2,2.0,1.0,,2.0,13,1,35_64,True,generative
donor_h0000215,1,10,83,1,1,2.0,1.0,,1.0,0,1,65_plus,True,generative
donor_h0000216,1,71,40,2,2,2.0,2.0,,2.0,0,2,35_64,True,generative
donor_h0000217,1,21,61,2,2,2.0,2.0,,2.0,0,2,35_64,True,generative
donor_h0000217,2,20,60,1,2,2.0,2.0,1.0,2.0,1,1,35_64,True,generative
donor_h0000218,1,19,77,2,2,2.0,2.0,,2.0,0,2,65_plus,True,generative
donor_h0000219,1,14,37,2,2,2.0,2.0,,2.0,0,2,35_64,True,generative
donor_h0000219,2,12,31,2,2,2.0,2.0,,2.0,1,2,18_34,True,generative
donor_h0000219,3,23,38,2,2,2.0,2.0,,2.0,10,2,35_64,True,generative
donor_h0000220,1,35,64,2,2,2.0,2.0,,2.0,0,2,35_64,True,generative
donor_h0000220,2,32,65,2,2,2.0,2.0,,2.0,1,2,65_plus,True,generative
donor_h0000220,3,70,35,2,2,2.0,2.0,,2.0,2,2,35_64,True,generative
donor_h0000221,1,42,41,2,2,2.0,2.0,,2.0,0,2,35_64,True,generative
donor_h0000221,2,40,38,2,2,2.0,2.0,,2.0,1,2,35_64,True,generative
donor_h0000221,3,44,23,2,2,2.0,2.0,,2.0,3,2,18_34,True,generative
donor_h0000222,1,14,49,2,2,2.0,2.0,,2.0,0,2,35_64,True,generative
donor_h0000222,2,24,29,2,2,2.0,2.0,,1.0,2,1,18_34,True,generative
donor_h0000223,1,14,81,2,2,2.0,2.0,,2.0,0,2,65_plus,True,generative
donor_h0000224,1,6,71,2,2,2.0,2.0,,2.0,0,2,65_plus,True,generative
donor_h0000224,2,7,69,2,2,2.0,2.0,,2.0,1,2,65_plus,True,generative
donor_h0000225,1,21,61,2,2,2.0,2.0,,2.0,0,2,35_64,True,generative
donor_h0000225,2,20,65,2,2,2.0,2.0,,2.0,1,2,65_plus,True,generative
donor_h0000226,1,7,67,1,1,1.0,2.0,,2.0,0,1,65_plus,True,generative
donor_h0000227,1,32,60,2,2,2.0,1.0,,2.0,0,1,35_64,True,generative
donor_h0000227,2,44,16,2,2,2.0,2.0,,2.0,7,2,0_17,False,dependent
donor_h0000227,3,46,9,2,2,,2.0,,2.0,7,2,0_17,False,dependent
donor_h0000227,4,32,58,2,2,2.0,2.0,,2.0,13,2,35_64,True,generative
donor_h0000228,1,3,73,2,2,2.0,2.0,,2.0,0,2,65_plus,True,generative
donor_h0000228,2,3,71,2,2,2.0,2.0,,2.0,1,2,65_plus,True,generative
donor_h0000229,1,12,79,2,2,2.0,2.0,,2.0,0,2,65_plus,True,generative
donor_h0000230,1,17,60,2,2,2.0,1.0,,2.0,0,1,35_64,True,generative
donor_h0000230,2,18,59,2,2,2.0,2.0,,2.0,1,2,35_64,True,generative
donor_h0000231,1,1,17,2,2,2.0,2.0,,2.0,0,2,0_17,False,dependent
donor_h0000232,1,39,47,2,2,2.0,2.0,,2.0,0,2,35_64,True,generative
donor_h0000233,1,13,83,2,2,2.0,2.0,,2.0,0,2,65_plus,True,generative
donor_h0000234,1,6,44,2,2,2.0,2.0,,2.0,0,2,35_64,True,generative
donor_h0000234,2,6,44,2,2,2.0,2.0,,2.0,1,2,35_64,True,generative
donor_h0000234,3,11,16,2,2,2.0,2.0,,2.0,2,2,0_17,False,dependent
donor_h0000234,4,14,13,2,2,,2.0,,2.0,2,2,0_17,False,dependent
donor_h0000234,5,14,12,2,2,,2.0,,1.0,2,1,0_17,False,dependent
donor_h0000235,1,13,33,2,2,1.0,2.0,5.0,1.0,0,1,18_34,True,generative
donor_h0000235,2,21,32,2,2,2.0,2.0,,2.0,1,2,18_34,True,generative
donor_h0000235,3,15,2,2,2,,,,,2,2,0_17,False,dependent
donor_h0000235,4,17,8,2,2,,2.0,,2.0,4,2,0_17,False,dependent
donor_h0000235,5,17,7,2,2,,2.0,,2.0,4,2,0_17,False,dependent
donor_h0000236,1,12,26,2,2,2.0,2.0,,2.0,0,2,18_34,True,generative
donor_h0000236,2,35,26,2,2,2.0,2.0,,2.0,12,2,18_34,True,generative
donor_h0000236,3,18,23,2,2,2.0,2.0,,2.0,12,2,18_34,True,generative
donor_h0000237,1,10,65,2,2,2.0,2.0,,2.0,0,2,65_plus,True,generative
donor_h0000237,2,10,65,2,2,2.0,2.0,,2.0,1,2,65_plus,True,generative
donor_h0000238,1,12,64,2,2,2.0,2.0,,2.0,0,2,35_64,True,generative
donor_h0000238,2,11,63,2,2,2.0,2.0,,2.0,1,2,35_64,True,generative
donor_h0000239,1,15,80,2,2,2.0,2.0,,2.0,0,2,65_plus,True,generative
donor_h0000239,2,13,80,2,2,2.0,2.0,,2.0,1,2,65_plus,True,generative
donor_h0000240,1,14,21,2,2,2.0,2.0,,2.0,0,2,18_34,True,generative
donor_h0000240,2,9,23,2,2,2.0,2.0,,2.0,13,2,18_34,True,generative
donor_h0000241,1,12,56,2,2,2.0,2.0,,2.0,0,2,35_64,True,generative
donor_h0000242,1,14,86,1,2,2.0,1.0,,2.0,0,1,65_plus,True,generative
donor_h0000243,1,12,62,2,2,2.0,2.0,,2.0,0,2,35_64,True,generative
donor_h0000243,2,24,39,2,2,2.0,2.0,,2.0,10,2,35_64,True,generative
donor_h0000244,1,18,22,2,2,2.0,2.0,,2.0,0,2,18_34,True,generative
donor_h0000244,2,29,21,2,2,2.0,2.0,,2.0,13,2,18_34,True,generative
donor_h0000245,1,37,60,2,2,2.0,2.0,,2.0,0,2,35_64,True,generative
donor_h0000246,1,10,59,2,2,2.0,2.0,,2.0,0,2,35_64,True,generative
donor_h0000246,2,9,51,2,2,2.0,2.0,,2.0,1,2,35_64,True,generative
donor_h0000246,3,12,24,2,2,2.0,2.0,,2.0,2,2,18_34,True,generative
donor_h0000247,1,10,31,2,2,2.0,2.0,,2.0,0,2,18_34,True,generative
donor_h0000247,2,12,32,2,2,2.0,2.0,,2.0,1,2,18_34,True,generative
donor_h0000247,3,16,6,2,2,,2.0,,2.0,2,2,0_17,False,dependent
donor_h0000247,4,15,3,2,2,,,,,2,2,0_17,False,dependent
donor_h0000248,1,11,63,2,2,2.0,2.0,,2.0,0,2,35_64,True,generative
donor_h0000248,2,12,55,2,2,2.0,2.0,,2.0,1,2,35_64,True,generative
donor_h0000248,3,18,18,2,2,2.0,2.0,,2.0,2,2,18_34,True,generative
donor_h0000249,1,8,59,2,2,2.0,2.0,,2.0,0,2,35_64,True,generative
donor_h0000249,2,8,52,2,2,2.0,2.0,,2.0,1,2,35_64,True,generative
donor_h0000249,3,10,20,2,2,2.0,2.0,,2.0,2,2,18_34,True,generative
donor_h0000249,4,12,14,2,2,,2.0,,2.0,2,2,0_17,False,dependent
donor_h0000250,1,8,72,2,2,2.0,2.0,,2.0,0,2,65_plus,True,generative
donor_h0000250,2,10,73,2,2,2.0,2.0,,2.0,1,2,65_plus,True,generative
donor_h0000250,3,20,46,1,2,1.0,1.0,,1.0,2,1,35_64,True,generative
donor_h0000251,1,9,58,2,2,1.0,2.0,,2.0,0,1,35_64,True,generative
donor_h0000252,1,10,70,2,2,2.0,2.0,,2.0,0,2,65_plus,True,generative
donor_h0000253,1,12,83,2,2,2.0,2.0,,2.0,0,2,65_plus,True,generative
donor_h0000253,2,18,71,2,2,2.0,2.0,,2.0,5,2,65_plus,True,generative
donor_h0000254,1,51,63,2,2,2.0,2.0,,2.0,0,2,35_64,True,generative
donor_h0000254,2,55,60,2,2,2.0,2.0,,2.0,1,2,35_64,True,generative
donor_h0000255,1,12,63,1,1,2.0,2.0,,2.0,0,1,35_64,True,generative
donor_h0000256,1,13,26,2,2,2.0,2.0,,2.0,0,2,18_34,True,generative
donor_h0000256,2,10,31,2,2,2.0,2.0,,2.0,1,2,18_34,True,generative
donor_h0000256,3,14,3,2,2,,,,,2,2,0_17,False,dependent
donor_h0000256,4,13,0,2,2,,,,,2,2,0_17,False,dependent
donor_h0000256,5,22,25,2,2,2.0,2.0,,2.0,12,2,18_34,True,generative
donor_h0000257,1,9,50,2,2,2.0,2.0,,2.0,0,2,35_64,True,generative
donor_h0000258,1,2,66,2,2,2.0,2.0,,2.0,0,2,65_plus,True,generative
donor_h0000258,2,3,60,2,2,2.0,2.0,,2.0,13,2,35_64,True,generative
donor_h0000259,1,14,83,2,2,2.0,2.0,,2.0,0,2,65_plus,True,generative
donor_h0000260,1,7,27,2,2,2.0,2.0,,2.0,0,2,18_34,True,generative
donor_h0000260,2,9,24,2,2,2.0,2.0,,2.0,12,2,18_34,True,generative
donor_h0000261,1,7,55,1,2,2.0,2.0,,2.0,0,1,35_64,True,generative
donor_h0000262,1,64,49,2,2,2.0,2.0,,2.0,0,2,35_64,True,generative
donor_h0000262,2,62,52,2,2,2.0,2.0,,2.0,1,2,35_64,True,generative
donor_h0000263,1,62,34,2,2,2.0,2.0,,2.0,0,2,18_34,True,generative
donor_h0000263,2,77,27,2,2,2.0,2.0,,2.0,1,2,18_34,True,generative
donor_h0000264,1,12,52,2,2,1.0,1.0,,2.0,0,1,35_64,True,generative
donor_h0000265,1,4,69,2,1,2.0,2.0,,2.0,0,1,65_plus,True,generative
donor_h0000265,2,5,59,2,2,2.0,2.0,,2.0,1,2,35_64,True,generative
donor_h0000266,1,33,67,2,2,2.0,2.0,,2.0,0,2,65_plus,True,generative
donor_h0000266,2,33,67,2,2,2.0,2.0,,2.0,1,2,65_plus,True,generative
donor_h0000267,1,9,29,2,2,2.0,2.0,,2.0,0,2,18_34,True,generative
donor_h0000267,2,21,28,2,2,2.0,2.0,,2.0,1,2,18_34,True,generative
donor_h0000267,3,30,3,2,2,,,,,2,2,0_17,False,dependent
donor_h0000267,4,30,1,2,2,,,,,2,2,0_17,False,dependent
donor_h0000267,5,20,25,2,1,2.0,2.0,,2.0,12,1,18_34,True,generative
donor_h0000267,6,13,24,2,2,2.0,2.0,,2.0,12,2,18_34,True,generative
donor_h0000268,1,8,47,2,2,2.0,2.0,,2.0,0,2,35_64,True,generative
donor_h0000268,2,8,47,2,2,2.0,2.0,,2.0,1,2,35_64,True,generative
donor_h0000268,3,8,16,2,2,2.0,2.0,,2.0,2,2,0_17,False,dependent
donor_h0000269,1,14,74,1,2,2.0,2.0,,2.0,0,1,65_plus,True,generative
donor_h0000269,2,17,21,1,2,2.0,2.0,,2.0,7,1,18_34,True,generative
donor_h0000270,1,14,76,2,2,1.0,1.0,,1.0,0,1,65_plus,True,generative
donor_h0000271,1,17,78,1,2,2.0,1.0,,2.0,0,1,65_plus,True,generative
donor_h0000271,2,15,75,2,2,2.0,2.0,,2.0,1,2,65_plus,True,generative
donor_h0000272,1,23,28,2,2,2.0,2.0,,2.0,0,2,18_34,True,generative
donor_h0000273,1,14,30,2,2,2.0,2.0,,2.0,0,2,18_34,True,generative
donor_h0000274,1,14,23,2,2,2.0,2.0,,2.0,0,2,18_34,True,generative
donor_h0000275,1,10,78,2,2,2.0,2.0,,2.0,0,2,65_plus,True,generative
donor_h0000276,1,10,38,2,2,2.0,2.0,,2.0,0,2,35_64,True,generative
donor_h0000276,2,14,18,2,2,2.0,2.0,,2.0,2,2,18_34,True,generative
donor_h0000276,3,8,34,2,2,2.0,2.0,,2.0,13,2,18_34,True,generative
donor_h0000277,1,25,78,1,2,2.0,2.0,,2.0,0,1,65_plus,True,generative
donor_h0000277,2,21,78,2,2,2.0,2.0,,2.0,1,2,65_plus,True,generative
donor_h0000278,1,5,80,2,2,2.0,2.0,,2.0,0,2,65_plus,True,generative
donor_h0000278,2,4,79,2,2,2.0,2.0,,2.0,1,2,65_plus,True,generative
donor_h0000279,1,7,50,2,2,2.0,2.0,,2.0,0,2,35_64,True,generative
donor_h0000279,2,7,53,2,2,2.0,1.0,,2.0,1,1,35_64,True,generative
donor_h0000279,3,12,19,2,2,2.0,2.0,,2.0,2,2,18_34,True,generative
donor_h0000280,1,8,79,2,2,2.0,2.0,,2.0,0,2,65_plus,True,generative
donor_h0000280,2,9,81,2,2,2.0,2.0,,2.0,1,2,65_plus,True,generative
donor_h0000281,1,11,73,2,2,2.0,2.0,,2.0,0,2,65_plus,True,generative
donor_h0000281,2,12,73,1,2,2.0,2.0,,2.0,1,1,65_plus,True,generative
donor_h0000282,1,15,41,2,2,2.0,2.0,,2.0,0,2,35_64,True,generative
donor_h0000283,1,8,47,2,2,2.0,2.0,,2.0,0,2,35_64,True,generative
donor_h0000283,2,8,59,2,2,2.0,2.0,,2.0,1,2,35_64,True,generative
donor_h0000283,3,18,17,2,2,2.0,2.0,,2.0,2,2,0_17,False,dependent
donor_h0000284,1,10,67,2,2,2.0,2.0,,2.0,0,2,65_plus,True,generative
donor_h0000284,2,10,68,2,2,2.0,2.0,,2.0,1,2,65_plus,True,generative
donor_h0000285,1,14,41,2,2,2.0,2.0,,2.0,0,2,35_64,True,generative
donor_h0000285,2,14,23,2,2,2.0,2.0,,1.0,2,1,18_34,True,generative
donor_h0000285,3,15,17,2,2,2.0,2.0,,2.0,2,2,0_17,False,dependent
donor_h0000286,1,12,57,2,2,1.0,1.0,,1.0,0,1,35_64,True,generative
donor_h0000286,2,20,57,1,2,1.0,1.0,,1.0,12,1,35_64,True,generative
donor_h0000286,3,17,50,2,2,2.0,1.0,,2.0,12,1,35_64,True,generative
donor_h0000287,1,8,48,2,2,2.0,2.0,,2.0,0,2,35_64,True,generative
donor_h0000287,2,12,74,2,2,2.0,2.0,,2.0,6,2,65_plus,True,generative
donor_h0000288,1,9,42,2,2,2.0,2.0,,2.0,0,2,35_64,True,generative
donor_h0000288,2,10,21,2,2,2.0,2.0,,2.0,1,2,18_34,True,generative
donor_h0000288,3,10,3,2,2,,,,,2,2,0_17,False,dependent
donor_h0000288,4,10,2,2,2,,,,,2,2,0_17,False,dependent
donor_h0000288,5,9,16,2,2,2.0,2.0,,2.0,4,2,0_17,False,dependent
donor_h0000289,1,25,53,2,2,2.0,2.0,,2.0,0,2,35_64,True,generative
donor_h0000289,2,41,23,2,2,1.0,2.0,,1.0,2,1,18_34,True,generative
donor_h0000290,1,60,29,2,2,2.0,2.0,,2.0,0,2,18_34,True,generative
donor_h0000290,2,85,68,2,2,1.0,2.0,,1.0,6,1,65_plus,True,generative
donor_h0000290,3,85,63,2,2,2.0,2.0,,2.0,10,2,35_64,True,generative
donor_h0000291,1,24,24,2,2,2.0,2.0,,2.0,0,2,18_34,True,generative
donor_h0000291,2,34,1,2,2,,,,,2,2,0_17,False,dependent
donor_h0000291,3,11,27,2,2,2.0,2.0,,2.0,13,2,18_34,True,generative
donor_h0000292,1,13,61,2,2,2.0,2.0,,2.0,0,2,35_64,True,generative
donor_h0000292,2,12,67,2,2,2.0,2.0,,2.0,1,2,65_plus,True,generative
donor_h0000293,1,5,74,2,1,2.0,2.0,,2.0,0,1,65_plus,True,generative
donor_h0000293,2,5,75,2,2,2.0,2.0,,2.0,13,2,65_plus,True,generative
donor_h0000294,1,15,29,2,2,2.0,2.0,,2.0,0,2,18_34,True,generative
donor_h0000294,2,16,8,2,2,,2.0,,2.0,2,2,0_17,False,dependent
donor_h0000294,3,17,0,2,2,,,,,2,2,0_17,False,dependent
donor_h0000294,4,20,32,2,2,2.0,2.0,,2.0,15,2,18_34,True,generative
donor_h0000295,1,45,41,2,2,2.0,2.0,,2.0,0,2,35_64,True,generative
donor_h0000295,2,48,37,2,2,2.0,2.0,,2.0,1,2,35_64,True,generative
donor_h0000295,3,56,9,2,2,,2.0,,2.0,2,2,0_17,False,dependent
donor_h0000296,1,23,46,2,2,2.0,2.0,,2.0,0,2,35_64,True,generative
donor_h0000296,2,25,46,2,2,2.0,2.0,,2.0,1,2,35_64,True,generative
donor_h0000296,3,27,13,2,2,,2.0,,2.0,2,2,0_17,False,dependent
donor_h0000296,4,31,11,2,2,,2.0,,2.0,2,2,0_17,False,dependent
donor_h0000297,1,4,62,2,2,2.0,2.0,,2.0,0,2,35_64,True,generative
donor_h0000297,2,5,59,2,2,2.0,2.0,,2.0,1,2,35_64,True,generative
donor_h0000298,1,2,74,2,2,2.0,2.0,,2.0,0,2,65_plus,True,generative
donor_h0000298,2,3,65,2,2,2.0,2.0,,2.0,1,2,65_plus,True,generative
donor_h0000299,1,11,94,1,2,1.0,1.0,,2.0,0,1,65_plus,True,generative
donor_h0000300,1,14,74,2,2,2.0,2.0,,2.0,0,2,65_plus,True,generative
donor_h0000300,2,23,52,2,2,1.0,2.0,,2.0,2,1,35_64,True,generative
donor_h0000301,1,5,58,2,2,2.0,2.0,,2.0,0,2,35_64,True,generative
donor_h0000301,2,4,58,2,2,2.0,2.0,,2.0,1,2,35_64,True,generative
donor_h0000302,1,4,61,1,2,2.0,2.0,,2.0,0,1,35_64,True,generative
donor_h0000302,2,11,53,2,2,2.0,2.0,,2.0,5,2,35_64,True,generative
donor_h0000303,1,21,63,2,2,2.0,2.0,,2.0,0,2,35_64,True,generative
donor_h0000303,2,24,43,2,2,2.0,2.0,,2.0,2,2,35_64,True,generative
donor_h0000303,3,31,4,2,2,,,,,2,2,0_17,False,dependent
donor_h0000303,4,9,41,2,2,2.0,2.0,,2.0,13,2,35_64,True,generative
donor_h0000304,1,13,94,2,2,1.0,1.0,,1.0,0,1,65_plus,True,generative
donor_h0000304,2,20,68,2,2,2.0,2.0,,2.0,2,2,65_plus,True,generative
donor_h0000304,3,21,63,2,2,1.0,1.0,,1.0,2,1,35_64,True,generative
donor_h0000304,4,25,94,1,2,2.0,2.0,,2.0,15,1,65_plus,True,generative
donor_h0000304,5,21,94,2,2,1.0,1.0,,1.0,15,1,65_plus,True,generative
donor_h0000304,6,21,90,2,2,1.0,1.0,,1.0,15,1,65_plus,True,generative
donor_h0000304,7,20,63,2,2,1.0,1.0,5.0,1.0,15,1,35_64,True,generative
donor_h0000305,1,33,43,2,2,2.0,2.0,,2.0,0,2,35_64,True,generative
donor_h0000305,2,31,40,2,2,2.0,2.0,,2.0,1,2,35_64,True,generative
donor_h0000305,3,34,14,2,2,,2.0,,2.0,2,2,0_17,False,dependent
donor_h0000306,1,18,55,2,2,2.0,2.0,,2.0,0,2,35_64,True,generative
donor_h0000306,2,19,46,2,2,2.0,2.0,,1.0,1,1,35_64,True,generative
donor_h0000307,1,2,64,2,2,2.0,2.0,,2.0,0,2,35_64,True,generative
donor_h0000307,2,2,59,2,2,2.0,1.0,,2.0,1,1,35_64,True,generative
donor_h0000308,1,12,74,2,2,2.0,2.0,,2.0,0,2,65_plus,True,generative
donor_h0000308,2,12,73,2,2,2.0,2.0,,2.0,1,2,65_plus,True,generative
donor_h0000309,1,2,65,2,2,2.0,2.0,,2.0,0,2,65_plus,True,generative
donor_h0000309,2,2,70,2,2,2.0,2.0,,2.0,1,2,65_plus,True,generative
donor_h0000310,1,11,69,2,2,2.0,2.0,,2.0,0,2,65_plus,True,generative
donor_h0000310,2,22,48,2,2,2.0,2.0,,2.0,2,2,35_64,True,generative
donor_h0000311,1,20,24,2,2,2.0,2.0,,2.0,0,2,18_34,True,generative
donor_h0000311,2,11,26,2,2,2.0,2.0,,2.0,13,2,18_34,True,generative
donor_h0000312,1,12,82,2,2,2.0,2.0,,2.0,0,2,65_plus,True,generative
donor_h0000312,2,14,84,1,2,2.0,2.0,,2.0,1,1,65_plus,True,generative
donor_h0000313,1,8,70,2,2,2.0,2.0,,2.0,0,2,65_plus,True,generative
donor_h0000313,2,8,69,2,2,2.0,2.0,,2.0,1,2,65_plus,True,generative
donor_h0000314,1,24,54,2,2,2.0,1.0,,2.0,0,1,35_64,True,generative
donor_h0000315,1,48,53,2,2,2.0,2.0,,2.0,0,2,35_64,True,generative
donor_h0000316,1,24,37,2,2,2.0,2.0,,2.0,0,2,35_64,True,generative
donor_h0000316,2,30,13,2,2,,2.0,,2.0,2,2,0_17,False,dependent
donor_h0000316,3,26,37,2,2,2.0,2.0,,2.0,13,2,35_64,True,generative
donor_h0000317,1,19,74,2,2,2.0,2.0,,2.0,0,2,65_plus,True,generative
donor_h0000317,2,19,71,2,2,2.0,2.0,,2.0,1,2,65_plus,True,generative
donor_h0000318,1,13,47,2,2,2.0,2.0,,2.0,0,2,35_64,True,generative
donor_h0000318,2,19,32,2,2,2.0,2.0,,2.0,1,2,18_34,True,generative
donor_h0000319,1,36,32,2,2,2.0,2.0,,2.0,0,2,18_34,True,generative
donor_h0000320,1,49,22,2,2,2.0,2.0,,2.0,0,2,18_34,True,generative
donor_h0000320,2,31,24,2,2,2.0,2.0,,2.0,1,2,18_34,True,generative
donor_h0000320,3,61,52,2,2,2.0,2.0,,2.0,6,2,35_64,True,generative
donor_h0000321,1,13,43,2,2,2.0,2.0,,2.0,0,2,35_64,True,generative
donor_h0000321,2,13,38,2,2,2.0,2.0,,2.0,1,2,35_64,True,generative
donor_h0000321,3,15,13,2,2,,2.0,,2.0,2,2,0_17,False,dependent
donor_h0000321,4,14,13,2,2,,2.0,,2.0,2,2,0_17,False,dependent
donor_h0000322,1,34,40,2,2,2.0,2.0,,2.0,0,2,35_64,True,generative
donor_h0000322,2,36,40,2,2,2.0,2.0,,2.0,1,2,35_64,True,generative
donor_h0000322,3,43,14,2,2,,2.0,,2.0,2,2,0_17,False,dependent
donor_h0000323,1,17,70,2,2,2.0,2.0,,2.0,0,2,65_plus,True,generative
donor_h0000323,2,19,63,2,2,2.0,2.0,,2.0,1,2,35_64,True,generative
donor_h0000324,1,46,57,2,2,2.0,2.0,,2.0,0,2,35_64,True,generative
donor_h0000324,2,44,61,1,2,2.0,2.0,,2.0,1,1,35_64,True,generative
donor_h0000325,1,21,59,2,2,2.0,2.0,,2.0,0,2,35_64,True,generative
donor_h0000325,2,30,32,2,2,2.0,2.0,,2.0,2,2,18_34,True,generative
donor_h0000326,1,13,36,2,2,2.0,2.0,,2.0,0,2,35_64,True,generative
donor_h0000327,1,9,65,2,2,2.0,1.0,,2.0,0,1,65_plus,True,generative
donor_h0000327,2,13,75,1,2,1.0,1.0,,1.0,1,1,65_plus,True,generative
donor_h0000327,3,21,20,2,2,2.0,2.0,,2.0,2,2,18_34,True,generative
donor_h0000327,4,15,19,2,2,2.0,2.0,,2.0,2,2,18_34,True,generative
donor_h0000327,5,12,17,2,2,2.0,2.0,,2.0,2,2,0_17,False,dependent
donor_h0000328,1,14,56,2,2,2.0,2.0,,2.0,0,2,35_64,True,generative
donor_h0000328,2,14,67,2,2,2.0,2.0,,2.0,1,2,65_plus,True,generative
donor_h0000329,1,9,40,2,2,2.0,2.0,,2.0,0,2,35_64,True,generative
donor_h0000329,2,8,40,2,2,2.0,2.0,,2.0,1,2,35_64,True,generative
donor_h0000329,3,9,22,2,2,2.0,2.0,,2.0,2,2,18_34,True,generative
donor_h0000329,4,9,20,2,2,2.0,2.0,,2.0,2,2,18_34,True,generative
donor_h0000329,5,15,23,2,2,2.0,2.0,,2.0,9,2,18_34,True,generative
donor_h0000330,1,11,69,2,2,2.0,2.0,,2.0,0,2,65_plus,True,generative
donor_h0000330,2,12,71,1,2,2.0,2.0,,2.0,1,1,65_plus,True,generative
donor_h0000331,1,9,71,2,2,2.0,1.0,,2.0,0,1,65_plus,True,generative
donor_h0000332,1,12,72,2,2,2.0,2.0,,2.0,0,2,65_plus,True,generative
donor_h0000333,1,9,32,2,2,2.0,2.0,,2.0,0,2,18_34,True,generative
donor_h0000334,1,58,56,2,2,2.0,2.0,,2.0,0,2,35_64,True,generative
donor_h0000335,1,10,34,2,2,2.0,2.0,,2.0,0,2,18_34,True,generative
donor_h0000335,2,12,37,2,2,2.0,2.0,,2.0,1,2,35_64,True,generative
donor_h0000335,3,14,11,2,2,,2.0,,2.0,2,2,0_17,False,dependent
donor_h0000335,4,13,7,2,2,,2.0,,2.0,2,2,0_17,False,dependent
donor_h0000336,1,15,57,2,2,2.0,2.0,,2.0,0,2,35_64,True,generative
donor_h0000336,2,14,72,2,2,2.0,2.0,,2.0,1,2,65_plus,True,generative
donor_h0000337,1,14,39,2,2,2.0,1.0,,1.0,0,1,35_64,True,generative
donor_h0000338,1,7,65,2,2,2.0,2.0,,2.0,0,2,65_plus,True,generative
donor_h0000338,2,8,61,2,2,2.0,1.0,,2.0,1,1,35_64,True,generative
donor_h0000339,1,33,25,2,2,2.0,1.0,,2.0,0,1,18_34,True,generative
donor_h0000339,2,68,3,2,2,,,,,2,2,0_17,False,dependent
donor_h0000339,3,44,22,2,2,2.0,2.0,,2.0,13,2,18_34,True,generative
donor_h0000340,1,7,70,2,2,2.0,2.0,,2.0,0,2,65_plus,True,generative
donor_h0000340,2,14,48,1,2,2.0,2.0,,2.0,2,1,35_64,True,generative
donor_h0000341,1,12,60,2,2,2.0,2.0,,2.0,0,2,35_64,True,generative
donor_h0000341,2,12,59,2,2,2.0,2.0,,2.0,1,2,35_64,True,generative
donor_h0000342,1,6,83,1,2,1.0,2.0,,1.0,0,1,65_plus,True,generative
donor_h0000343,1,12,50,2,2,2.0,2.0,,2.0,0,2,35_64,True,generative
donor_h0000344,1,4,81,2,2,2.0,2.0,,2.0,0,2,65_plus,True,generative
donor_h0000344,2,5,57,2,2,2.0,2.0,,2.0,2,2,35_64,True,generative
donor_h0000345,1,44,35,2,2,2.0,2.0,,2.0,0,2,35_64,True,generative
donor_h0000346,1,14,38,2,2,2.0,2.0,,2.0,0,2,35_64,True,generative
donor_h0000346,2,14,43,2,2,2.0,2.0,,2.0,1,2,35_64,True,generative
donor_h0000346,3,17,9,2,2,,2.0,,2.0,2,2,0_17,False,dependent
donor_h0000346,4,15,7,2,2,,2.0,,2.0,2,2,0_17,False,dependent
donor_h0000347,1,13,45,2,2,2.0,2.0,,2.0,0,2,35_64,True,generative
donor_h0000348,1,14,63,1,2,1.0,2.0,,1.0,0,1,35_64,True,generative
donor_h0000348,2,23,55,1,2,1.0,2.0,,1.0,12,1,35_64,True,generative
donor_h0000348,3,19,54,2,2,1.0,2.0,,1.0,12,1,35_64,True,generative
donor_h0000348,4,35,34,2,1,1.0,1.0,,1.0,12,1,18_34,True,generative
donor_h0000348,5,35,23,2,2,1.0,2.0,,1.0,12,1,18_34,True,generative
donor_h0000348,6,27,22,2,2,1.0,2.0,,1.0,12,1,18_34,True,generative
donor_h0000349,1,17,52,2,2,2.0,2.0,,2.0,0,2,35_64,True,generative
donor_h0000349,2,20,53,2,2,2.0,2.0,,2.0,1,2,35_64,True,generative
donor_h0000350,1,7,66,2,2,2.0,2.0,,2.0,0,2,65_plus,True,generative
donor_h0000350,2,7,70,2,2,2.0,2.0,,2.0,1,2,65_plus,True,generative
donor_h0000351,1,11,67,2,2,2.0,2.0,,2.0,0,2,65_plus,True,generative
donor_h0000351,2,11,66,2,2,2.0,2.0,,2.0,1,2,65_plus,True,generative
donor_h0000351,3,23,20,2,2,2.0,2.0,,2.0,7,2,18_34,True,generative
donor_h0000352,1,15,35,2,2,2.0,2.0,,2.0,0,2,35_64,True,generative
donor_h0000352,2,11,33,2,2,2.0,2.0,,2.0,1,2,18_34,True,generative
donor_h0000352,3,17,10,2,2,,2.0,,2.0,2,2,0_17,False,dependent
donor_h0000352,4,18,8,2,2,,2.0,,2.0,2,2,0_17,False,dependent
donor_h0000352,5,17,6,2,2,,2.0,,2.0,2,2,0_17,False,dependent
donor_h0000352,6,14,1,2,2,,,,,2,2,0_17,False,dependent
donor_h0000352,7,15,4,2,2,,,,,3,2,0_17,False,dependent
donor_h0000353,1,4,61,2,2,2.0,2.0,,2.0,0,2,35_64,True,generative
donor_h0000353,2,2,50,2,2,2.0,2.0,,2.0,1,2,35_64,True,generative
donor_h0000354,1,8,60,2,2,2.0,2.0,,2.0,0,2,35_64,True,generative
donor_h0000354,2,8,64,1,2,2.0,2.0,,2.0,1,1,35_64,True,generative
donor_h0000355,1,13,74,2,2,2.0,2.0,,2.0,0,2,65_plus,True,generative
donor_h0000356,1,32,34,2,2,2.0,2.0,,2.0,0,2,18_34,True,generative
donor_h0000356,2,36,33,2,2,2.0,2.0,,2.0,1,2,18_34,True,generative
donor_h0000356,3,45,9,2,2,,2.0,,2.0,2,2,0_17,False,dependent
donor_h0000356,4,51,7,2,2,,2.0,,2.0,2,2,0_17,False,dependent
donor_h0000356,5,40,2,2,2,,,,,2,2,0_17,False,dependent
donor_h0000357,1,43,44,2,2,2.0,2.0,,2.0,0,2,35_64,True,generative
donor_h0000357,2,82,7,2,2,,2.0,,2.0,2,2,0_17,False,dependent
donor_h0000357,3,83,6,2,2,,2.0,,2.0,2,2,0_17,False,dependent
donor_h0000357,4,105,3,2,2,,,,,2,2,0_17,False,dependent
donor_h0000357,5,43,25,2,2,2.0,2.0,,2.0,13,2,18_34,True,generative
donor_h0000358,1,5,66,2,2,2.0,2.0,,2.0,0,2,65_plus,True,generative
donor_h0000358,2,5,69,2,2,2.0,2.0,,2.0,1,2,65_plus,True,generative
donor_h0000359,1,9,43,2,2,2.0,2.0,2.0,2.0,0,2,35_64,True,generative
donor_h0000359,2,11,41,2,2,2.0,2.0,3.0,2.0,1,2,35_64,True,generative
donor_h0000359,3,18,9,2,2,,2.0,,2.0,2,2,0_17,False,dependent
donor_h0000359,4,18,6,2,2,,2.0,,2.0,2,2,0_17,False,dependent
donor_h0000359,5,23,3,2,2,,,,,2,2,0_17,False,dependent
donor_h0000360,1,4,51,2,2,2.0,2.0,,2.0,0,2,35_64,True,generative
donor_h0000360,2,4,53,2,2,2.0,2.0,,2.0,1,2,35_64,True,generative
donor_h0000360,3,29,21,2,2,2.0,2.0,,2.0,2,2,18_34,True,generative
donor_h0000360,4,18,19,2,2,2.0,2.0,,2.0,2,2,18_34,True,generative
donor_h0000360,5,12,17,2,2,2.0,2.0,,2.0,2,2,0_17,False,dependent
donor_h0000360,6,15,12,2,2,,2.0,,2.0,2,2,0_17,False,dependent
donor_h0000361,1,17,86,2,2,1.0,1.0,5.0,2.0,0,1,65_plus,True,generative
donor_h0000362,1,24,94,1,2,1.0,1.0,,1.0,0,1,65_plus,True,generative
donor_h0000363,1,7,62,2,2,1.0,1.0,,2.0,0,1,35_64,True,generative
donor_h0000363,2,7,60,2,2,2.0,2.0,,2.0,1,2,35_64,True,generative
donor_h0000364,1,15,86,2,2,2.0,2.0,5.0,2.0,0,2,65_plus,True,generative
donor_h0000364,2,7,84,2,2,1.0,2.0,,2.0,1,1,65_plus,True,generative
donor_h0000365,1,13,43,2,2,2.0,2.0,,2.0,0,2,35_64,True,generative
donor_h0000365,2,12,41,2,2,2.0,2.0,,2.0,1,2,35_64,True,generative
donor_h0000365,3,24,17,2,2,2.0,2.0,,2.0,2,2,0_17,False,dependent
donor_h0000365,4,24,15,2,2,2.0,2.0,,2.0,2,2,0_17,False,dependent
donor_h0000366,1,9,54,2,2,2.0,2.0,,2.0,0,2,35_64,True,generative
donor_h0000366,2,8,50,2,2,2.0,2.0,,2.0,1,2,35_64,True,generative
donor_h0000367,1,22,55,2,2,2.0,2.0,,2.0,0,2,35_64,True,generative
donor_h0000367,2,29,55,2,2,2.0,2.0,,2.0,1,2,35_64,True,generative
donor_h0000368,1,19,60,2,1,2.0,2.0,,2.0,0,1,35_64,True,generative
donor_h0000368,2,17,52,2,2,2.0,2.0,,2.0,1,2,35_64,True,generative
donor_h0000368,3,27,17,2,2,2.0,2.0,,2.0,2,2,0_17,False,dependent
donor_h0000369,1,36,22,2,2,2.0,2.0,,2.0,0,2,18_34,True,generative
donor_h0000369,2,37,19,2,2,2.0,2.0,,2.0,5,2,18_34,True,generative
donor_h0000369,3,15,50,2,2,2.0,2.0,,2.0,6,2,35_64,True,generative
donor_h0000370,1,14,66,2,2,1.0,1.0,,2.0,0,1,65_plus,True,generative
donor_h0000371,1,7,68,2,2,2.0,2.0,,2.0,0,2,65_plus,True,generative
donor_h0000372,1,9,78,2,2,1.0,2.0,,2.0,0,1,65_plus,True,generative
donor_h0000373,1,22,81,2,2,1.0,1.0,,2.0,0,1,65_plus,True,generative
donor_h0000374,1,11,66,2,2,2.0,2.0,,2.0,0,2,65_plus,True,generative
donor_h0000374,2,12,59,2,2,2.0,2.0,,2.0,1,2,35_64,True,generative
donor_h0000375,1,15,32,2,2,2.0,2.0,,2.0,0,2,18_34,True,generative
donor_h0000375,2,14,32,1,2,2.0,1.0,5.0,1.0,1,1,18_34,True,generative
donor_h0000375,3,19,11,2,2,,2.0,,2.0,2,2,0_17,False,dependent
donor_h0000375,4,19,9,2,2,,2.0,,2.0,2,2,0_17,False,dependent
donor_h0000375,5,16,3,2,2,,,,,2,2,0_17,False,dependent
donor_h0000375,6,20,0,2,2,,,,,2,2,0_17,False,dependent
donor_h0000376,1,12,35,2,2,2.0,2.0,,2.0,0,2,35_64,True,generative
donor_h0000376,2,12,36,2,2,2.0,2.0,,2.0,1,2,35_64,True,generative
donor_h0000376,3,14,16,2,2,2.0,2.0,,2.0,2,2,0_17,False,dependent
donor_h0000376,4,13,1,2,2,,,,,2,2,0_17,False,dependent
donor_h0000377,1,5,68,2,2,2.0,2.0,,2.0,0,2,65_plus,True,generative
donor_h0000378,1,14,58,2,2,2.0,2.0,,2.0,0,2,35_64,True,generative
donor_h0000379,1,5,80,1,2,2.0,2.0,,2.0,0,1,65_plus,True,generative
donor_h0000379,2,5,72,1,2,2.0,2.0,,2.0,1,1,65_plus,True,generative
donor_h0000380,1,7,73,2,2,2.0,2.0,,2.0,0,2,65_plus,True,generative
donor_h0000380,2,7,74,2,2,2.0,2.0,,2.0,1,2,65_plus,True,generative
donor_h0000381,1,9,38,2,2,2.0,2.0,,2.0,0,2,35_64,True,generative
donor_h0000381,2,9,36,2,2,2.0,2.0,,2.0,1,2,35_64,True,generative
donor_h0000381,3,17,17,2,2,2.0,2.0,,2.0,2,2,0_17,False,dependent
donor_h0000381,4,22,14,2,2,,2.0,,2.0,2,2,0_17,False,dependent
donor_h0000381,5,16,14,2,2,,2.0,,2.0,3,2,0_17,False,dependent
donor_h0000382,1,14,30,2,2,1.0,1.0,,2.0,0,1,18_34,True,generative
donor_h0000382,2,17,6,2,2,,2.0,,2.0,2,2,0_17,False,dependent
donor_h0000382,3,18,1,2,2,,,,,2,2,0_17,False,dependent
donor_h0000383,1,12,39,2,2,2.0,2.0,,2.0,0,2,35_64,True,generative
donor_h0000383,2,11,45,2,2,2.0,2.0,,2.0,1,2,35_64,True,generative
donor_h0000383,3,15,7,2,2,,2.0,,2.0,3,2,0_17,False,dependent
donor_h0000384,1,13,36,2,2,2.0,2.0,,2.0,0,2,35_64,True,generative
donor_h0000384,2,14,6,2,2,,2.0,,2.0,2,2,0_17,False,dependent
donor_h0000385,1,15,46,2,2,2.0,2.0,,2.0,0,2,35_64,True,generative
donor_h0000385,2,17,45,2,2,2.0,2.0,,2.0,13,2,35_64,True,generative
donor_h0000386,1,7,53,2,2,2.0,2.0,,2.0,0,2,35_64,True,generative
donor_h0000386,2,8,55,2,2,2.0,2.0,,2.0,1,2,35_64,True,generative
donor_h0000386,3,11,29,2,2,2.0,2.0,,2.0,2,2,18_34,True,generative
donor_h0000387,1,13,94,1,1,1.0,2.0,,2.0,0,1,65_plus,True,generative
donor_h0000388,1,39,90,1,2,1.0,1.0,,1.0,0,1,65_plus,True,generative
donor_h0000389,1,57,71,2,2,2.0,2.0,,2.0,0,2,65_plus,True,generative
donor_h0000390,1,14,75,1,1,2.0,1.0,,2.0,0,1,65_plus,True,generative
donor_h0000391,1,12,64,2,2,2.0,2.0,,2.0,0,2,35_64,True,generative
donor_h0000391,2,13,62,2,2,2.0,2.0,,2.0,1,2,35_64,True,generative
donor_h0000392,1,11,48,2,2,2.0,2.0,,2.0,0,2,35_64,True,generative
donor_h0000393,1,40,43,2,2,2.0,2.0,,2.0,0,2,35_64,True,generative
donor_h0000394,1,16,77,1,1,2.0,1.0,,2.0,0,1,65_plus,True,generative
donor_h0000395,1,24,64,2,2,2.0,1.0,,2.0,0,1,35_64,True,generative
donor_h0000395,2,25,16,2,2,1.0,2.0,,2.0,3,1,0_17,False,dependent
donor_h0000396,1,93,42,2,2,2.0,2.0,,2.0,0,2,35_64,True,generative
donor_h0000397,1,15,38,2,2,2.0,2.0,,2.0,0,2,35_64,True,generative
donor_h0000397,2,17,17,2,2,2.0,2.0,,2.0,2,2,0_17,False,dependent
donor_h0000397,3,16,14,2,2,,2.0,,2.0,2,2,0_17,False,dependent
donor_h0000397,4,17,6,2,2,,2.0,,2.0,2,2,0_17,False,dependent
donor_h0000397,5,14,3,2,2,,,,,2,2,0_17,False,dependent
donor_h0000397,6,16,3,2,2,,,,,2,2,0_17,False,dependent
donor_h0000397,7,14,41,2,2,2.0,2.0,,2.0,13,2,35_64,True,generative
donor_h0000398,1,4,38,2,2,2.0,2.0,,2.0,0,2,35_64,True,generative
donor_h0000398,2,6,44,2,2,2.0,2.0,,2.0,12,2,35_64,True,generative
donor_h0000398,3,6,60,2,2,2.0,2.0,,2.0,15,2,35_64,True,generative
donor_h0000399,1,8,28,2,2,2.0,2.0,,2.0,0,2,18_34,True,generative
donor_h0000399,2,6,29,2,2,2.0,2.0,,2.0,1,2,18_34,True,generative
donor_h0000399,3,9,17,2,2,2.0,2.0,,2.0,10,2,0_17,False,dependent
donor_h0000400,1,8,56,2,2,1.0,1.0,,2.0,0,1,35_64,True,generative
donor_h0000400,2,8,53,2,2,2.0,2.0,,2.0,1,2,35_64,True,generative
donor_h0000400,3,9,78,2,2,2.0,2.0,,2.0,6,2,65_plus,True,generative
donor_h0000401,1,40,40,2,2,2.0,2.0,,2.0,0,2,35_64,True,generative
donor_h0000401,2,42,35,2,2,2.0,2.0,,2.0,1,2,35_64,True,generative
donor_h0000401,3,43,11,2,2,,2.0,,2.0,2,2,0_17,False,dependent
donor_h0000401,4,45,9,2,2,,2.0,,2.0,2,2,0_17,False,dependent
donor_h0000401,5,45,1,2,2,,,,,2,2,0_17,False,dependent
donor_h0000401,6,50,53,2,2,2.0,2.0,,2.0,8,2,35_64,True,generative
donor_h0000402,1,5,64,2,2,2.0,2.0,,2.0,0,2,35_64,True,generative
donor_h0000402,2,5,65,2,2,2.0,2.0,,2.0,1,2,65_plus,True,generative
donor_h0000403,1,11,70,1,2,2.0,2.0,4.0,2.0,0,1,65_plus,True,generative
donor_h0000403,2,12,73,2,2,1.0,1.0,,1.0,1,1,65_plus,True,generative
donor_h0000404,1,14,44,2,2,2.0,2.0,,2.0,0,2,35_64,True,generative
donor_h0000405,1,19,54,2,2,2.0,2.0,,2.0,0,2,35_64,True,generative
donor_h0000405,2,21,58,2,2,2.0,2.0,,2.0,1,2,35_64,True,generative
donor_h0000406,1,39,50,2,2,2.0,2.0,,2.0,0,2,35_64,True,generative
donor_h0000406,2,65,19,2,2,2.0,2.0,,2.0,2,2,18_34,True,generative
donor_h0000407,1,12,62,2,2,2.0,2.0,,2.0,0,2,35_64,True,generative
donor_h0000407,2,12,64,2,2,2.0,2.0,,2.0,1,2,35_64,True,generative
donor_h0000408,1,21,31,2,2,2.0,1.0,,2.0,0,1,18_34,True,generative
donor_h0000409,1,12,54,2,2,2.0,2.0,,2.0,0,2,35_64,True,generative
donor_h0000409,2,14,55,2,2,2.0,2.0,,2.0,1,2,35_64,True,generative
donor_h0000409,3,18,20,2,2,2.0,2.0,,2.0,2,2,18_34,True,generative
donor_h0000410,1,14,65,2,2,2.0,2.0,,2.0,0,2,65_plus,True,generative
donor_h0000410,2,15,62,2,2,2.0,2.0,,2.0,1,2,35_64,True,generative
donor_h0000411,1,34,73,2,2,2.0,2.0,,2.0,0,2,65_plus,True,generative
donor_h0000411,2,35,71,2,2,2.0,2.0,,2.0,1,2,65_plus,True,generative
donor_h0000412,1,38,94,1,1,1.0,2.0,,1.0,0,1,65_plus,True,generative
donor_h0000413,1,10,19,2,2,2.0,2.0,,2.0,0,2,18_34,True,generative
donor_h0000413,2,15,21,2,2,2.0,2.0,,2.0,11,2,18_34,True,generative
donor_h0000414,1,18,41,2,2,2.0,2.0,,2.0,0,2,35_64,True,generative
donor_h0000414,2,17,39,2,2,2.0,2.0,,2.0,1,2,35_64,True,generative
donor_h0000414,3,20,15,2,2,2.0,2.0,,2.0,2,2,0_17,False,dependent
donor_h0000414,4,22,11,2,2,,2.0,,2.0,2,2,0_17,False,dependent
donor_h0000414,5,21,9,2,2,,2.0,,2.0,2,2,0_17,False,dependent
donor_h0000415,1,9,53,2,2,2.0,2.0,,2.0,0,2,35_64,True,generative
donor_h0000415,2,6,52,2,2,2.0,2.0,,2.0,1,2,35_64,True,generative
donor_h0000416,1,11,61,2,2,2.0,2.0,,2.0,0,2,35_64,True,generative
donor_h0000416,2,24,35,2,2,2.0,2.0,,2.0,11,2,35_64,True,generative
donor_h0000416,3,15,9,2,2,,2.0,,2.0,15,2,0_17,False,dependent
donor_h0000417,1,12,40,2,2,2.0,2.0,,2.0,0,2,35_64,True,generative
donor_h0000417,2,12,40,2,2,2.0,2.0,,2.0,1,2,35_64,True,generative
donor_h0000417,3,11,16,2,2,2.0,2.0,,2.0,2,2,0_17,False,dependent
donor_h0000417,4,14,14,2,2,,2.0,,2.0,2,2,0_17,False,dependent
donor_h0000417,5,13,11,2,2,,2.0,,2.0,2,2,0_17,False,dependent
donor_h0000418,1,90,47,2,2,2.0,2.0,,2.0,0,2,35_64,True,generative
donor_h0000418,2,46,48,2,2,2.0,2.0,,2.0,1,2,35_64,True,generative
donor_h0000418,3,57,10,2,2,,2.0,,2.0,2,2,0_17,False,dependent
donor_h0000419,1,5,51,2,2,2.0,2.0,,2.0,0,2,35_64,True,generative
donor_h0000419,2,4,51,2,2,2.0,2.0,,2.0,1,2,35_64,True,generative
donor_h0000420,1,7,74,2,2,2.0,2.0,,2.0,0,2,65_plus,True,generative
donor_h0000420,2,7,69,2,2,2.0,2.0,,2.0,1,2,65_plus,True,generative
donor_h0000421,1,19,69,2,2,2.0,2.0,,2.0,0,2,65_plus,True,generative
donor_h0000422,1,8,37,2,2,2.0,2.0,,2.0,0,2,35_64,True,generative
donor_h0000422,2,8,37,2,2,2.0,2.0,,2.0,1,2,35_64,True,generative
donor_h0000422,3,10,16,2,2,2.0,2.0,,2.0,2,2,0_17,False,dependent
donor_h0000422,4,10,13,2,2,,2.0,,2.0,2,2,0_17,False,dependent
donor_h0000423,1,14,35,2,2,2.0,2.0,,2.0,0,2,35_64,True,generative
donor_h0000423,2,18,34,2,2,2.0,2.0,,2.0,1,2,18_34,True,generative
donor_h0000423,3,13,17,2,2,2.0,2.0,,2.0,4,2,0_17,False,dependent
donor_h0000424,1,38,48,2,2,2.0,2.0,,2.0,0,2,35_64,True,generative
donor_h0000424,2,40,49,2,2,2.0,2.0,,2.0,13,2,35_64,True,generative
donor_h0000425,1,14,85,2,2,2.0,1.0,,2.0,0,1,65_plus,True,generative
donor_h0000425,2,12,80,2,2,2.0,2.0,,2.0,1,2,65_plus,True,generative
donor_h0000426,1,6,52,2,2,2.0,2.0,,2.0,0,2,35_64,True,generative
donor_h0000426,2,7,55,2,2,2.0,2.0,,2.0,1,2,35_64,True,generative
donor_h0000427,1,21,48,2,2,2.0,2.0,,2.0,0,2,35_64,True,generative
donor_h0000427,2,13,46,2,2,2.0,2.0,,2.0,1,2,35_64,True,generative
donor_h0000427,3,21,9,2,2,,2.0,,2.0,2,2,0_17,False,dependent
donor_h0000428,1,7,60,2,2,2.0,1.0,,2.0,0,1,35_64,True,generative
donor_h0000429,1,14,26,2,2,2.0,2.0,,2.0,0,2,18_34,True,generative
donor_h0000429,2,15,6,2,2,,2.0,,2.0,2,2,0_17,False,dependent
donor_h0000430,1,9,72,2,2,2.0,1.0,,2.0,0,1,65_plus,True,generative
donor_h0000431,1,7,78,2,2,2.0,1.0,,2.0,0,1,65_plus,True,generative
donor_h0000431,2,27,58,2,2,2.0,1.0,,2.0,2,1,35_64,True,generative
donor_h0000431,3,18,49,2,2,2.0,2.0,,2.0,2,2,35_64,True,generative
donor_h0000432,1,4,64,2,2,2.0,2.0,,2.0,0,2,35_64,True,generative
donor_h0000432,2,4,51,2,2,2.0,2.0,,2.0,1,2,35_64,True,generative
donor_h0000433,1,3,72,2,2,2.0,2.0,,2.0,0,2,65_plus,True,generative
donor_h0000433,2,4,68,2,2,2.0,1.0,,2.0,1,1,65_plus,True,generative
donor_h0000433,3,5,14,2,2,,2.0,,2.0,7,2,0_17,False,dependent
donor_h0000434,1,22,81,2,2,2.0,2.0,,2.0,0,2,65_plus,True,generative
donor_h0000435,1,15,59,2,2,2.0,2.0,,2.0,0,2,35_64,True,generative
donor_h0000436,1,6,58,2,2,1.0,1.0,,2.0,0,1,35_64,True,generative
donor_h0000437,1,25,24,2,2,2.0,2.0,,2.0,0,2,18_34,True,generative
donor_h0000437,2,31,28,2,2,2.0,2.0,,2.0,1,2,18_34,True,generative
donor_h0000438,1,13,59,2,2,1.0,1.0,,2.0,0,1,35_64,True,generative
donor_h0000438,2,13,65,2,2,2.0,1.0,,2.0,1,1,65_plus,True,generative
donor_h0000439,1,33,57,2,1,2.0,2.0,,2.0,0,1,35_64,True,generative
donor_h0000439,2,43,24,2,2,2.0,2.0,,2.0,2,2,18_34,True,generative
donor_h0000439,3,70,21,2,2,2.0,2.0,,2.0,2,2,18_34,True,generative
donor_h0000439,4,47,16,2,2,2.0,2.0,,2.0,2,2,0_17,False,dependent
donor_h0000440,1,15,24,2,2,2.0,2.0,,2.0,0,2,18_34,True,generative
donor_h0000440,2,10,26,2,2,2.0,2.0,,1.0,1,1,18_34,True,generative
donor_h0000441,1,16,84,2,2,2.0,2.0,,2.0,0,2,65_plus,True,generative
donor_h0000441,2,13,67,2,2,2.0,2.0,,2.0,1,2,65_plus,True,generative
donor_h0000442,1,25,33,2,2,2.0,2.0,,2.0,0,2,18_34,True,generative
donor_h0000443,1,16,80,2,2,2.0,2.0,,2.0,0,2,65_plus,True,generative
donor_h0000443,2,14,80,1,1,2.0,1.0,,2.0,1,1,65_plus,True,generative
donor_h0000444,1,12,94,2,1,2.0,2.0,,2.0,0,1,65_plus,True,generative
donor_h0000445,1,3,60,2,2,2.0,2.0,,2.0,0,2,35_64,True,generative
donor_h0000445,2,4,60,2,2,2.0,2.0,,2.0,1,2,35_64,True,generative
donor_h0000446,1,9,86,2,2,2.0,2.0,,2.0,0,2,65_plus,True,generative
donor_h0000446,2,10,83,2,1,1.0,1.0,,2.0,1,1,65_plus,True,generative
donor_h0000447,1,41,53,2,2,2.0,2.0,,2.0,0,2,35_64,True,generative
donor_h0000447,2,35,52,2,2,2.0,2.0,,2.0,1,2,35_64,True,generative
donor_h0000448,1,7,66,2,2,2.0,2.0,,2.0,0,2,65_plus,True,generative
donor_h0000449,1,14,59,1,2,2.0,2.0,3.0,2.0,0,1,35_64,True,generative
donor_h0000450,1,13,64,2,2,2.0,2.0,,2.0,0,2,35_64,True,generative
donor_h0000450,2,21,34,2,2,2.0,2.0,,2.0,2,2,18_34,True,generative
donor_h0000450,3,23,45,2,2,2.0,2.0,,2.0,4,2,35_64,True,generative
donor_h0000450,4,15,12,2,2,,2.0,,2.0,7,2,0_17,False,dependent
donor_h0000450,5,20,34,2,2,2.0,2.0,,2.0,9,2,18_34,True,generative
donor_h0000451,1,29,72,2,1,2.0,2.0,,2.0,0,1,65_plus,True,generative
donor_h0000451,2,30,68,2,2,2.0,2.0,,2.0,1,2,65_plus,True,generative
donor_h0000452,1,13,56,2,2,2.0,2.0,,1.0,0,1,35_64,True,generative
donor_h0000453,1,21,32,2,2,2.0,2.0,,2.0,0,2,18_34,True,generative
donor_h0000453,2,19,32,2,2,2.0,2.0,,2.0,1,2,18_34,True,generative
donor_h0000453,3,24,2,2,2,,,,,2,2,0_17,False,dependent
donor_h0000454,1,13,72,2,2,2.0,2.0,,2.0,0,2,65_plus,True,generative
donor_h0000455,1,21,48,2,2,2.0,2.0,,2.0,0,2,35_64,True,generative
donor_h0000456,1,19,58,2,2,2.0,2.0,,2.0,0,2,35_64,True,generative
donor_h0000456,2,19,63,2,2,2.0,2.0,,2.0,1,2,35_64,True,generative
donor_h0000457,1,15,85,2,2,2.0,2.0,,2.0,0,2,65_plus,True,generative
donor_h0000458,1,24,94,1,2,1.0,1.0,,1.0,0,1,65_plus,True,generative
donor_h0000458,2,38,73,2,2,2.0,1.0,,2.0,2,1,65_plus,True,generative
donor_h0000458,3,41,47,2,2,2.0,2.0,,2.0,7,2,35_64,True,generative
donor_h0000458,4,26,17,2,2,2.0,2.0,,2.0,10,2,0_17,False,dependent
donor_h0000459,1,48,75,1,1,1.0,1.0,,1.0,0,1,65_plus,True,generative
donor_h0000460,1,38,63,2,2,2.0,2.0,,2.0,0,2,35_64,True,generative
donor_h0000461,1,21,55,2,2,2.0,2.0,,2.0,0,2,35_64,True,generative
donor_h0000461,2,20,63,2,2,2.0,2.0,2.0,2.0,1,2,35_64,True,generative
donor_h0000462,1,15,46,2,2,1.0,2.0,,2.0,0,1,35_64,True,generative
donor_h0000463,1,18,28,2,2,2.0,2.0,,2.0,0,2,18_34,True,generative
donor_h0000463,2,24,26,2,2,2.0,2.0,,2.0,13,2,18_34,True,generative
donor_h0000464,1,16,85,2,2,2.0,2.0,,2.0,0,2,65_plus,True,generative
donor_h0000465,1,12,73,2,2,2.0,2.0,,2.0,0,2,65_plus,True,generative
donor_h0000465,2,12,73,1,2,2.0,1.0,,2.0,1,1,65_plus,True,generative
donor_h0000465,3,21,94,2,2,2.0,2.0,,2.0,6,2,65_plus,True,generative
donor_h0000466,1,72,45,2,2,2.0,2.0,,2.0,0,2,35_64,True,generative
donor_h0000467,1,11,29,2,2,2.0,2.0,,2.0,0,2,18_34,True,generative
donor_h0000467,2,16,5,2,2,,2.0,,2.0,2,2,0_17,False,dependent
donor_h0000467,3,16,1,2,2,,,,,2,2,0_17,False,dependent
donor_h0000467,4,16,0,2,2,,,,,2,2,0_17,False,dependent
donor_h0000467,5,16,24,2,2,2.0,2.0,,2.0,13,2,18_34,True,generative
donor_h0000468,1,13,70,1,2,2.0,2.0,,2.0,0,1,65_plus,True,generative
donor_h0000468,2,13,70,2,2,2.0,2.0,,2.0,1,2,65_plus,True,generative
donor_h0000469,1,15,58,2,2,2.0,2.0,,2.0,0,2,35_64,True,generative
donor_h0000470,1,20,71,2,2,2.0,2.0,,2.0,0,2,65_plus,True,generative
donor_h0000471,1,5,52,2,2,2.0,2.0,,2.0,0,2,35_64,True,generative
donor_h0000471,2,8,74,2,2,2.0,1.0,,2.0,10,1,65_plus,True,generative
donor_h0000472,1,8,65,2,2,2.0,2.0,,2.0,0,2,65_plus,True,generative
donor_h0000472,2,14,57,2,2,2.0,2.0,,2.0,12,2,35_64,True,generative
donor_h0000473,1,23,33,2,2,2.0,2.0,,2.0,0,2,18_34,True,generative
donor_h0000473,2,29,7,2,2,,2.0,,2.0,2,2,0_17,False,dependent
donor_h0000473,3,26,4,2,2,,,,,2,2,0_17,False,dependent
donor_h0000473,4,17,22,2,2,2.0,2.0,,2.0,13,2,18_34,True,generative
donor_h0000474,1,1,54,2,2,1.0,1.0,,2.0,0,1,35_64,True,generative
donor_h0000474,2,2,57,1,1,1.0,1.0,,1.0,1,1,35_64,True,generative
donor_h0000475,1,13,85,1,2,2.0,1.0,,2.0,0,1,65_plus,True,generative
donor_h0000475,2,12,83,1,1,2.0,1.0,,2.0,1,1,65_plus,True,generative
donor_h0000476,1,8,85,2,2,2.0,2.0,,2.0,0,2,65_plus,True,generative
donor_h0000476,2,14,55,2,2,1.0,2.0,,1.0,3,1,35_64,True,generative
donor_h0000476,3,11,26,2,2,2.0,2.0,,2.0,7,2,18_34,True,generative
donor_h0000477,1,7,52,2,2,2.0,2.0,,2.0,0,2,35_64,True,generative
donor_h0000477,2,8,49,2,2,2.0,2.0,,2.0,1,2,35_64,True,generative
donor_h0000478,1,5,61,2,2,2.0,2.0,,2.0,0,2,35_64,True,generative
donor_h0000478,2,6,60,2,2,2.0,2.0,,2.0,1,2,35_64,True,generative
donor_h0000479,1,12,57,2,2,2.0,2.0,,2.0,0,2,35_64,True,generative
donor_h0000479,2,10,52,2,2,2.0,2.0,,2.0,1,2,35_64,True,generative
donor_h0000480,1,7,51,2,2,2.0,2.0,,2.0,0,2,35_64,True,generative
donor_h0000480,2,6,40,2,2,2.0,2.0,,2.0,1,2,35_64,True,generative
donor_h0000480,3,14,19,2,2,2.0,2.0,,2.0,2,2,18_34,True,generative
donor_h0000480,4,14,11,2,2,,2.0,,2.0,2,2,0_17,False,dependent
donor_h0000481,1,7,74,2,2,2.0,2.0,,2.0,0,2,65_plus,True,generative
donor_h0000481,2,7,66,2,2,2.0,1.0,,2.0,1,1,65_plus,True,generative
donor_h0000482,1,2,61,2,2,2.0,2.0,,2.0,0,2,35_64,True,generative
donor_h0000482,2,4,41,2,1,1.0,2.0,,1.0,2,1,35_64,True,generative
donor_h0000482,3,4,37,2,2,1.0,2.0,,1.0,2,1,35_64,True,generative
donor_h0000482,4,4,35,2,2,2.0,2.0,,2.0,2,2,35_64,True,generative
donor_h0000482,5,2,14,2,2,,2.0,,2.0,7,2,0_17,False,dependent
donor_h0000482,6,3,3,2,2,,,,,7,2,0_17,False,dependent
donor_h0000482,7,3,2,2,2,,,,,7,2,0_17,False,dependent
donor_h0000483,1,10,50,2,2,2.0,2.0,,2.0,0,2,35_64,True,generative
donor_h0000483,2,11,51,2,2,2.0,2.0,,2.0,1,2,35_64,True,generative
donor_h0000484,1,20,46,2,2,2.0,2.0,,2.0,0,2,35_64,True,generative
donor_h0000484,2,22,48,2,2,2.0,2.0,,2.0,1,2,35_64,True,generative
donor_h0000484,3,27,16,2,2,2.0,2.0,,2.0,2,2,0_17,False,dependent
donor_h0000484,4,28,11,2,2,,2.0,,2.0,2,2,0_17,False,dependent
donor_h0000485,1,14,75,2,2,2.0,2.0,,2.0,0,2,65_plus,True,generative
donor_h0000485,2,12,73,2,2,2.0,2.0,,2.0,1,2,65_plus,True,generative
donor_h0000486,1,7,68,2,2,2.0,2.0,,2.0,0,2,65_plus,True,generative
donor_h0000487,1,5,55,2,2,2.0,2.0,,2.0,0,2,35_64,True,generative
donor_h0000487,2,4,50,2,2,2.0,2.0,,2.0,1,2,35_64,True,generative
donor_h0000487,3,8,8,2,2,,2.0,,2.0,2,2,0_17,False,dependent
donor_h0000488,1,9,45,2,2,2.0,2.0,,2.0,0,2,35_64,True,generative
donor_h0000488,2,8,45,2,2,2.0,2.0,,2.0,1,2,35_64,True,generative
donor_h0000488,3,10,10,2,2,,2.0,,2.0,2,2,0_17,False,dependent
donor_h0000489,1,9,56,2,2,2.0,2.0,,2.0,0,2,35_64,True,generative
donor_h0000489,2,8,53,2,2,2.0,2.0,,2.0,1,2,35_64,True,generative
donor_h0000490,1,19,72,2,2,2.0,1.0,,2.0,0,1,65_plus,True,generative
donor_h0000491,1,47,41,2,2,1.0,2.0,,1.0,0,1,35_64,True,generative
donor_h0000491,2,43,16,2,2,2.0,2.0,,2.0,2,2,0_17,False,dependent
donor_h0000492,1,36,94,1,1,1.0,1.0,,1.0,0,1,65_plus,True,generative
donor_h0000493,1,26,40,2,2,2.0,2.0,,2.0,0,2,35_64,True,generative
donor_h0000493,2,20,40,2,2,2.0,2.0,,2.0,1,2,35_64,True,generative
donor_h0000493,3,22,18,2,2,2.0,2.0,,2.0,2,2,18_34,True,generative
donor_h0000493,4,29,11,2,2,,2.0,,2.0,2,2,0_17,False,dependent
donor_h0000494,1,4,53,2,2,2.0,2.0,,2.0,0,2,35_64,True,generative
donor_h0000494,2,3,53,2,2,2.0,2.0,,2.0,1,2,35_64,True,generative
donor_h0000495,1,12,53,2,1,2.0,2.0,,2.0,0,1,35_64,True,generative
donor_h0000495,2,15,5,2,2,,2.0,,2.0,2,2,0_17,False,dependent
donor_h0000496,1,24,48,2,2,2.0,2.0,,2.0,0,2,35_64,True,generative
donor_h0000496,2,26,38,2,2,2.0,2.0,,2.0,1,2,35_64,True,generative
donor_h0000497,1,11,55,2,2,2.0,2.0,,2.0,0,2,35_64,True,generative
donor_h0000497,2,11,54,2,2,2.0,2.0,,2.0,1,2,35_64,True,generative
donor_h0000498,1,10,80,1,2,2.0,1.0,6.0,2.0,0,1,65_plus,True,generative
donor_h0000499,1,7,67,2,2,2.0,2.0,,2.0,0,2,65_plus,True,generative
donor_h0000499,2,7,64,2,2,2.0,2.0,,2.0,1,2,35_64,True,generative
donor_h0000500,1,13,75,2,2,2.0,2.0,,2.0,0,2,65_plus,True,generative
donor_h0000500,2,15,82,1,2,2.0,1.0,5.0,2.0,1,1,65_plus,True,generative
donor_h0000501,1,7,45,2,2,2.0,2.0,,2.0,0,2,35_64,True,generative
donor_h0000501,2,8,47,2,2,2.0,2.0,,2.0,1,2,35_64,True,generative
donor_h0000501,3,10,18,2,2,2.0,2.0,,2.0,2,2,18_34,True,generative
donor_h0000501,4,10,14,2,2,,2.0,,2.0,2,2,0_17,False,dependent
donor_h0000502,1,13,65,2,2,2.0,2.0,,2.0,0,2,65_plus,True,generative
donor_h0000502,2,20,29,2,2,2.0,2.0,,2.0,2,2,18_34,True,generative
donor_h0000502,3,17,5,2,2,,2.0,,2.0,7,2,0_17,False,dependent
donor_h0000502,4,19,3,2,2,,,,,7,2,0_17,False,dependent
donor_h0000502,5,26,25,2,2,2.0,2.0,,2.0,9,2,18_34,True,generative
donor_h0000503,1,21,68,2,2,2.0,2.0,,2.0,0,2,65_plus,True,generative
donor_h0000504,1,14,26,2,2,2.0,2.0,,2.0,0,2,18_34,True,generative
donor_h0000504,2,11,29,2,2,2.0,2.0,,2.0,1,2,18_34,True,generative
donor_h0000505,1,39,68,2,2,2.0,2.0,,2.0,0,2,65_plus,True,generative
donor_h0000505,2,50,84,1,1,1.0,1.0,,2.0,1,1,65_plus,True,generative
donor_h0000506,1,14,64,2,2,2.0,2.0,,2.0,0,2,35_64,True,generative
donor_h0000507,1,12,72,2,2,2.0,2.0,,2.0,0,2,65_plus,True,generative
donor_h0000507,2,13,71,2,2,1.0,1.0,,2.0,1,1,65_plus,True,generative
donor_h0000508,1,12,60,2,2,2.0,2.0,,2.0,0,2,35_64,True,generative
donor_h0000509,1,14,81,2,2,2.0,2.0,,2.0,0,2,65_plus,True,generative
donor_h0000510,1,7,51,2,2,2.0,2.0,,2.0,0,2,35_64,True,generative
donor_h0000510,2,14,25,2,2,2.0,2.0,,2.0,2,2,18_34,True,generative
donor_h0000510,3,9,14,2,2,,2.0,,2.0,2,2,0_17,False,dependent
donor_h0000510,4,9,12,2,2,,2.0,,2.0,2,2,0_17,False,dependent
donor_h0000510,5,9,6,2,2,,2.0,,2.0,7,2,0_17,False,dependent
donor_h0000511,1,11,82,2,2,2.0,2.0,,2.0,0,2,65_plus,True,generative
donor_h0000512,1,20,51,2,2,2.0,2.0,,2.0,0,2,35_64,True,generative
donor_h0000512,2,23,53,2,2,2.0,2.0,,2.0,1,2,35_64,True,generative
donor_h0000513,1,11,57,2,2,2.0,2.0,,2.0,0,2,35_64,True,generative
donor_h0000513,2,11,56,2,2,2.0,2.0,,2.0,1,2,35_64,True,generative
donor_h0000514,1,13,60,2,2,2.0,1.0,,2.0,0,1,35_64,True,generative
donor_h0000514,2,14,16,2,2,2.0,2.0,,2.0,3,2,0_17,False,dependent
donor_h0000514,3,25,14,2,2,,2.0,,2.0,3,2,0_17,False,dependent
donor_h0000515,1,35,61,2,1,1.0,1.0,,1.0,0,1,35_64,True,generative
donor_h0000516,1,18,51,2,2,2.0,2.0,,2.0,0,2,35_64,True,generative
donor_h0000517,1,14,90,1,2,2.0,2.0,,2.0,0,1,65_plus,True,generative
donor_h0000518,1,4,33,2,2,2.0,2.0,,2.0,0,2,18_34,True,generative
donor_h0000518,2,5,33,2,2,2.0,2.0,,2.0,1,2,18_34,True,generative
donor_h0000518,3,6,8,2,2,,2.0,,2.0,2,2,0_17,False,dependent
donor_h0000518,4,6,7,2,2,,2.0,,2.0,2,2,0_17,False,dependent
donor_h0000518,5,6,5,2,2,,2.0,,2.0,2,2,0_17,False,dependent
donor_h0000519,1,36,30,2,2,2.0,2.0,,2.0,0,2,18_34,True,generative
donor_h0000519,2,56,28,2,2,2.0,2.0,,2.0,13,2,18_34,True,generative
donor_h0000520,1,15,33,2,2,2.0,2.0,,2.0,0,2,18_34,True,generative
donor_h0000520,2,37,32,2,2,2.0,2.0,,2.0,1,2,18_34,True,generative
donor_h0000521,1,15,84,2,2,1.0,1.0,,2.0,0,1,65_plus,True,generative
donor_h0000522,1,13,51,2,2,2.0,2.0,,2.0,0,2,35_64,True,generative
donor_h0000522,2,15,38,2,2,2.0,2.0,,2.0,1,2,35_64,True,generative
donor_h0000522,3,16,10,2,1,,2.0,,2.0,4,1,0_17,False,dependent
donor_h0000523,1,11,30,2,2,2.0,2.0,,2.0,0,2,18_34,True,generative
donor_h0000523,2,15,9,2,2,,2.0,,2.0,2,2,0_17,False,dependent
donor_h0000523,3,16,6,2,2,,2.0,,2.0,2,2,0_17,False,dependent
donor_h0000523,4,13,4,2,2,,,,,2,2,0_17,False,dependent
donor_h0000523,5,14,28,2,2,2.0,2.0,,2.0,13,2,18_34,True,generative
donor_h0000524,1,14,77,2,2,2.0,2.0,,2.0,0,2,65_plus,True,generative
donor_h0000524,2,11,73,2,2,2.0,2.0,,2.0,1,2,65_plus,True,generative
donor_h0000525,1,11,50,2,2,2.0,2.0,2.0,2.0,0,2,35_64,True,generative
donor_h0000525,2,10,50,2,2,2.0,2.0,,2.0,1,2,35_64,True,generative
donor_h0000526,1,10,53,2,2,2.0,2.0,,2.0,0,2,35_64,True,generative
donor_h0000527,1,9,52,2,2,2.0,2.0,,2.0,0,2,35_64,True,generative
donor_h0000528,1,20,23,2,2,2.0,2.0,,2.0,0,2,18_34,True,generative
donor_h0000528,2,38,24,2,2,2.0,2.0,,2.0,1,2,18_34,True,generative
donor_h0000528,3,19,6,2,1,,2.0,,2.0,2,1,0_17,False,dependent
donor_h0000529,1,23,36,2,2,1.0,1.0,,1.0,0,1,35_64,True,generative
donor_h0000529,2,21,16,2,2,2.0,2.0,,2.0,2,2,0_17,False,dependent
donor_h0000529,3,43,13,2,2,,2.0,,2.0,2,2,0_17,False,dependent
donor_h0000529,4,43,12,2,2,,2.0,,2.0,2,2,0_17,False,dependent
donor_h0000530,1,14,81,2,2,2.0,2.0,3.0,2.0,0,2,65_plus,True,generative
donor_h0000530,2,12,76,2,2,2.0,2.0,,2.0,1,2,65_plus,True,generative
donor_h0000531,1,12,69,2,2,2.0,2.0,,2.0,0,2,65_plus,True,generative
donor_h0000531,2,11,70,2,2,2.0,2.0,,2.0,1,2,65_plus,True,generative
donor_h0000531,3,20,47,2,2,2.0,2.0,,2.0,2,2,35_64,True,generative
donor_h0000531,4,16,15,2,2,2.0,2.0,,2.0,7,2,0_17,False,dependent
donor_h0000531,5,16,12,2,2,,2.0,,2.0,7,2,0_17,False,dependent
donor_h0000532,1,13,85,2,2,2.0,2.0,,2.0,0,2,65_plus,True,generative
donor_h0000532,2,11,82,2,2,2.0,2.0,,2.0,1,2,65_plus,True,generative
donor_h0000533,1,15,38,2,2,2.0,2.0,,2.0,0,2,35_64,True,generative
donor_h0000533,2,19,18,2,2,2.0,2.0,,2.0,2,2,18_34,True,generative
donor_h0000533,3,13,16,2,2,2.0,2.0,,2.0,2,2,0_17,False,dependent
donor_h0000534,1,7,64,2,2,2.0,2.0,4.0,1.0,0,1,35_64,True,generative
donor_h0000534,2,9,58,2,2,1.0,2.0,,1.0,1,1,35_64,True,generative
donor_h0000535,1,17,72,2,2,2.0,2.0,,2.0,0,2,65_plus,True,generative
donor_h0000535,2,36,12,2,2,,2.0,,2.0,2,2,0_17,False,dependent
donor_h0000535,3,14,48,2,2,2.0,2.0,,2.0,13,2,35_64,True,generative
donor_h0000536,1,11,66,2,2,2.0,1.0,,2.0,0,1,65_plus,True,generative
donor_h0000536,2,13,58,2,2,1.0,1.0,,1.0,13,1,35_64,True,generative
donor_h0000537,1,18,56,2,2,2.0,2.0,,2.0,0,2,35_64,True,generative
donor_h0000537,2,16,52,2,2,2.0,2.0,,2.0,1,2,35_64,True,generative
donor_h0000538,1,13,61,2,2,2.0,2.0,,2.0,0,2,35_64,True,generative
donor_h0000538,2,25,36,2,2,2.0,2.0,,2.0,2,2,35_64,True,generative
donor_h0000538,3,20,33,2,2,2.0,2.0,,2.0,2,2,18_34,True,generative
donor_h0000539,1,11,60,2,2,2.0,1.0,,2.0,0,1,35_64,True,generative
donor_h0000540,1,26,37,2,2,2.0,2.0,,2.0,0,2,35_64,True,generative
donor_h0000540,2,55,5,2,2,,2.0,,2.0,2,2,0_17,False,dependent
donor_h0000541,1,7,56,2,2,2.0,2.0,,2.0,0,2,35_64,True,generative
donor_h0000541,2,7,56,2,2,2.0,2.0,,2.0,1,2,35_64,True,generative
donor_h0000541,3,9,16,2,2,2.0,2.0,,1.0,2,1,0_17,False,dependent
donor_h0000542,1,22,49,2,2,2.0,2.0,,2.0,0,2,35_64,True,generative
donor_h0000543,1,18,77,2,2,1.0,1.0,,2.0,0,1,65_plus,True,generative
donor_h0000543,2,21,52,2,2,2.0,1.0,,2.0,2,1,35_64,True,generative
donor_h0000544,1,12,49,2,2,2.0,2.0,,2.0,0,2,35_64,True,generative
donor_h0000545,1,13,53,2,2,2.0,2.0,,2.0,0,2,35_64,True,generative
donor_h0000545,2,12,54,1,2,1.0,1.0,,2.0,1,1,35_64,True,generative
donor_h0000546,1,12,44,2,2,2.0,2.0,,2.0,0,2,35_64,True,generative
donor_h0000546,2,9,45,2,2,2.0,2.0,,2.0,1,2,35_64,True,generative
donor_h0000546,3,18,13,2,2,,2.0,,2.0,2,2,0_17,False,dependent
donor_h0000546,4,18,11,2,2,,2.0,,2.0,2,2,0_17,False,dependent
donor_h0000547,1,5,63,2,2,1.0,1.0,,2.0,0,1,35_64,True,generative
donor_h0000548,1,12,53,2,2,2.0,2.0,,2.0,0,2,35_64,True,generative
donor_h0000548,2,14,67,2,2,2.0,2.0,,2.0,1,2,65_plus,True,generative
donor_h0000549,1,7,60,1,2,2.0,2.0,,2.0,0,1,35_64,True,generative
donor_h0000549,2,8,59,2,2,2.0,2.0,,2.0,1,2,35_64,True,generative
donor_h0000550,1,18,48,2,2,2.0,2.0,,2.0,0,2,35_64,True,generative
donor_h0000550,2,12,52,2,2,2.0,2.0,,2.0,13,2,35_64,True,generative
donor_h0000551,1,7,61,2,2,2.0,2.0,,2.0,0,2,35_64,True,generative
donor_h0000551,2,7,63,2,2,1.0,2.0,,1.0,1,1,35_64,True,generative
donor_h0000552,1,37,82,2,2,2.0,2.0,,2.0,0,2,65_plus,True,generative
donor_h0000553,1,6,50,2,2,2.0,2.0,,2.0,0,2,35_64,True,generative
donor_h0000553,2,8,53,2,2,2.0,2.0,2.0,2.0,1,2,35_64,True,generative
donor_h0000553,3,8,16,2,2,2.0,2.0,,2.0,2,2,0_17,False,dependent
donor_h0000553,4,10,11,2,2,,2.0,,2.0,2,2,0_17,False,dependent
donor_h0000553,5,10,11,2,2,,2.0,,2.0,2,2,0_17,False,dependent
donor_h0000554,1,8,80,2,2,1.0,2.0,,2.0,0,1,65_plus,True,generative
donor_h0000554,2,6,68,2,2,2.0,2.0,,2.0,1,2,65_plus,True,generative
donor_h0000554,3,8,24,2,2,2.0,2.0,,2.0,7,2,18_34,True,generative
donor_h0000555,1,12,64,2,2,2.0,2.0,,2.0,0,2,35_64,True,generative
donor_h0000556,1,22,57,1,2,2.0,2.0,,2.0,0,1,35_64,True,generative
donor_h0000556,2,23,57,2,2,2.0,2.0,,2.0,1,2,35_64,True,generative
donor_h0000557,1,35,48,2,2,2.0,2.0,,2.0,0,2,35_64,True,generative
donor_h0000557,2,23,50,2,2,2.0,2.0,,2.0,1,2,35_64,True,generative
donor_h0000557,3,34,19,2,2,2.0,2.0,,2.0,2,2,18_34,True,generative
donor_h0000557,4,24,16,2,2,2.0,2.0,,2.0,2,2,0_17,False,dependent
donor_h0000558,1,19,71,2,2,2.0,2.0,,2.0,0,2,65_plus,True,generative
donor_h0000559,1,10,56,2,2,2.0,2.0,,2.0,0,2,35_64,True,generative
donor_h0000559,2,14,44,2,2,2.0,2.0,,2.0,1,2,35_64,True,generative
donor_h0000559,3,14,17,2,2,2.0,2.0,,2.0,2,2,0_17,False,dependent
donor_h0000559,4,23,12,2,2,,2.0,,2.0,2,2,0_17,False,dependent
donor_h0000559,5,14,72,2,2,2.0,2.0,,2.0,8,2,65_plus,True,generative
donor_h0000560,1,22,31,2,2,2.0,2.0,,2.0,0,2,18_34,True,generative
donor_h0000560,2,16,24,1,2,1.0,2.0,5.0,1.0,1,1,18_34,True,generative
donor_h0000560,3,24,2,2,2,,,,,2,2,0_17,False,dependent
donor_h0000560,4,25,1,2,2,,,,,2,2,0_17,False,dependent
donor_h0000561,1,20,64,2,2,1.0,1.0,,1.0,0,1,35_64,True,generative
donor_h0000562,1,12,73,2,2,2.0,2.0,,2.0,0,2,65_plus,True,generative
donor_h0000563,1,4,68,2,2,2.0,2.0,,2.0,0,2,65_plus,True,generative
donor_h0000564,1,13,32,2,2,2.0,2.0,,2.0,0,2,18_34,True,generative
donor_h0000564,2,19,10,2,2,,2.0,,2.0,2,2,0_17,False,dependent
donor_h0000565,1,5,60,2,2,2.0,2.0,,2.0,0,2,35_64,True,generative
donor_h0000566,1,14,47,2,2,2.0,2.0,,2.0,0,2,35_64,True,generative
donor_h0000567,1,8,59,2,2,2.0,2.0,,2.0,0,2,35_64,True,generative
donor_h0000567,2,10,59,2,2,2.0,2.0,,2.0,1,2,35_64,True,generative
donor_h0000568,1,8,66,2,2,2.0,2.0,,2.0,0,2,65_plus,True,generative
donor_h0000569,1,31,27,2,2,2.0,2.0,,2.0,0,2,18_34,True,generative
donor_h0000569,2,41,29,2,2,2.0,2.0,,2.0,1,2,18_34,True,generative
donor_h0000569,3,48,3,2,2,,,,,2,2,0_17,False,dependent
donor_h0000569,4,48,3,2,2,,,,,2,2,0_17,False,dependent
donor_h0000570,1,21,67,2,2,2.0,2.0,,2.0,0,2,65_plus,True,generative
donor_h0000570,2,22,66,2,2,2.0,2.0,,2.0,1,2,65_plus,True,generative
donor_h0000571,1,10,29,2,2,2.0,2.0,2.0,2.0,0,2,18_34,True,generative
donor_h0000571,2,15,23,2,2,2.0,2.0,,2.0,1,2,18_34,True,generative
donor_h0000571,3,14,1,2,2,,,,,4,2,0_17,False,dependent
donor_h0000572,1,22,52,2,2,2.0,2.0,,2.0,0,2,35_64,True,generative
donor_h0000572,2,23,46,2,2,2.0,2.0,,2.0,1,2,35_64,True,generative
donor_h0000573,1,12,66,2,2,1.0,1.0,5.0,2.0,0,1,65_plus,True,generative
donor_h0000574,1,11,45,2,2,1.0,1.0,,2.0,0,1,35_64,True,generative
donor_h0000574,2,12,40,2,2,1.0,1.0,,1.0,1,1,35_64,True,generative
donor_h0000575,1,12,65,2,2,2.0,2.0,,2.0,0,2,65_plus,True,generative
donor_h0000575,2,20,59,2,2,1.0,2.0,,2.0,5,1,35_64,True,generative
donor_h0000575,3,18,18,2,2,2.0,2.0,,2.0,7,2,18_34,True,generative
donor_h0000576,1,21,94,1,2,2.0,2.0,,2.0,0,1,65_plus,True,generative
donor_h0000576,2,26,83,2,2,2.0,2.0,,2.0,13,2,65_plus,True,generative
donor_h0000577,1,40,54,1,2,2.0,2.0,2.0,2.0,0,1,35_64,True,generative
donor_h0000577,2,37,55,2,2,1.0,1.0,,2.0,1,1,35_64,True,generative
donor_h0000577,3,56,18,2,2,2.0,2.0,,2.0,7,2,18_34,True,generative
donor_h0000578,1,19,66,2,2,2.0,2.0,,2.0,0,2,65_plus,True,generative
donor_h0000578,2,19,65,2,2,2.0,2.0,,2.0,1,2,65_plus,True,generative
donor_h0000579,1,13,69,2,2,2.0,2.0,,2.0,0,2,65_plus,True,generative
donor_h0000580,1,7,72,1,2,2.0,2.0,,2.0,0,1,65_plus,True,generative
donor_h0000580,2,7,71,2,2,1.0,1.0,,2.0,1,1,65_plus,True,generative
donor_h0000581,1,12,32,2,2,2.0,2.0,,2.0,0,2,18_34,True,generative
donor_h0000582,1,7,76,2,2,2.0,2.0,,2.0,0,2,65_plus,True,generative
donor_h0000582,2,9,78,1,2,2.0,2.0,,2.0,1,1,65_plus,True,generative
donor_h0000583,1,39,31,2,2,2.0,2.0,,2.0,0,2,18_34,True,generative
donor_h0000583,2,43,30,2,2,2.0,2.0,,2.0,1,2,18_34,True,generative
donor_h0000583,3,56,3,2,2,,,,,2,2,0_17,False,dependent
donor_h0000583,4,48,3,2,2,,,,,2,2,0_17,False,dependent
donor_h0000584,1,16,39,2,2,2.0,2.0,,2.0,0,2,35_64,True,generative
donor_h0000584,2,15,42,2,2,2.0,2.0,,2.0,1,2,35_64,True,generative
donor_h0000584,3,18,17,2,2,2.0,2.0,,2.0,2,2,0_17,False,dependent
donor_h0000584,4,17,14,2,2,,2.0,,2.0,2,2,0_17,False,dependent
donor_h0000584,5,17,12,2,2,,2.0,,2.0,2,2,0_17,False,dependent
donor_h0000584,6,19,8,2,2,,2.0,,2.0,2,2,0_17,False,dependent
donor_h0000585,1,2,50,2,2,2.0,2.0,,2.0,0,2,35_64,True,generative
donor_h0000586,1,14,32,2,2,2.0,2.0,,2.0,0,2,18_34,True,generative
donor_h0000586,2,17,36,2,2,2.0,2.0,,2.0,1,2,35_64,True,generative
donor_h0000586,3,20,6,2,2,,2.0,,2.0,2,2,0_17,False,dependent
donor_h0000586,4,16,4,2,2,,,,,2,2,0_17,False,dependent
donor_h0000587,1,15,40,2,2,2.0,2.0,,2.0,0,2,35_64,True,generative
donor_h0000587,2,16,35,2,2,2.0,2.0,,2.0,1,2,35_64,True,generative
donor_h0000588,1,12,58,2,2,2.0,2.0,,2.0,0,2,35_64,True,generative
donor_h0000589,1,8,71,2,1,1.0,1.0,,2.0,0,1,65_plus,True,generative
donor_h0000589,2,8,64,2,2,2.0,2.0,,2.0,13,2,35_64,True,generative
donor_h0000590,1,10,64,2,2,2.0,2.0,,2.0,0,2,35_64,True,generative
donor_h0000590,2,9,54,2,2,2.0,2.0,,2.0,1,2,35_64,True,generative
donor_h0000591,1,21,76,2,2,2.0,2.0,,2.0,0,2,65_plus,True,generative
donor_h0000592,1,7,66,2,2,1.0,1.0,,1.0,0,1,65_plus,True,generative
donor_h0000593,1,8,55,2,2,2.0,2.0,,2.0,0,2,35_64,True,generative
donor_h0000594,1,7,63,1,2,2.0,2.0,,2.0,0,1,35_64,True,generative
donor_h0000594,2,7,61,2,2,2.0,2.0,,2.0,1,2,35_64,True,generative
donor_h0000595,1,18,67,1,2,2.0,2.0,,2.0,0,1,65_plus,True,generative
donor_h0000595,2,21,64,2,2,2.0,2.0,,2.0,1,2,35_64,True,generative
donor_h0000596,1,14,37,2,2,2.0,2.0,,2.0,0,2,35_64,True,generative
donor_h0000596,2,13,39,2,2,2.0,2.0,,2.0,1,2,35_64,True,generative
donor_h0000596,3,15,14,2,2,,2.0,,2.0,2,2,0_17,False,dependent
donor_h0000597,1,4,65,2,1,2.0,2.0,,2.0,0,1,65_plus,True,generative
donor_h0000597,2,6,76,2,2,2.0,2.0,,2.0,1,2,65_plus,True,generative
donor_h0000598,1,16,53,2,2,2.0,2.0,,2.0,0,2,35_64,True,generative
donor_h0000598,2,21,51,2,2,2.0,2.0,,2.0,1,2,35_64,True,generative
donor_h0000598,3,32,56,2,2,2.0,2.0,,2.0,5,2,35_64,True,generative
donor_h0000599,1,12,90,2,2,2.0,2.0,,2.0,0,2,65_plus,True,generative
donor_h0000600,1,19,73,1,2,2.0,2.0,,2.0,0,1,65_plus,True,generative
donor_h0000600,2,20,66,2,2,2.0,2.0,,2.0,1,2,65_plus,True,generative
donor_h0000601,1,8,56,2,2,1.0,1.0,,2.0,0,1,35_64,True,generative
donor_h0000602,1,38,49,2,2,2.0,2.0,,2.0,0,2,35_64,True,generative
donor_h0000602,2,38,50,2,2,2.0,2.0,,2.0,1,2,35_64,True,generative
donor_h0000602,3,54,18,2,2,2.0,2.0,,2.0,2,2,18_34,True,generative
donor_h0000603,1,12,72,2,2,2.0,2.0,,2.0,0,2,65_plus,True,generative
donor_h0000603,2,15,75,2,2,2.0,2.0,,2.0,1,2,65_plus,True,generative
donor_h0000604,1,31,18,2,2,2.0,2.0,,2.0,0,2,18_34,True,generative
donor_h0000605,1,28,33,2,2,2.0,2.0,,2.0,0,2,18_34,True,generative
donor_h0000606,1,13,81,2,2,2.0,2.0,,2.0,0,2,65_plus,True,generative
donor_h0000606,2,20,11,2,2,,2.0,,2.0,7,2,0_17,False,dependent
donor_h0000607,1,12,50,2,2,2.0,2.0,,2.0,0,2,35_64,True,generative
donor_h0000607,2,14,15,2,2,2.0,2.0,,2.0,2,2,0_17,False,dependent
donor_h0000607,3,21,47,2,2,2.0,2.0,,2.0,13,2,35_64,True,generative
donor_h0000608,1,3,60,2,2,2.0,2.0,,2.0,0,2,35_64,True,generative
donor_h0000609,1,40,47,2,2,2.0,2.0,,2.0,0,2,35_64,True,generative
donor_h0000610,1,40,63,2,2,2.0,1.0,,2.0,0,1,35_64,True,generative
donor_h0000610,2,47,77,1,2,2.0,2.0,2.0,2.0,1,1,65_plus,True,generative
donor_h0000611,1,15,45,2,2,2.0,2.0,,2.0,0,2,35_64,True,generative
donor_h0000611,2,15,52,2,2,2.0,2.0,,2.0,1,2,35_64,True,generative
donor_h0000611,3,16,17,2,2,2.0,2.0,,2.0,2,2,0_17,False,dependent
donor_h0000612,1,4,31,2,2,2.0,2.0,,2.0,0,2,18_34,True,generative
donor_h0000612,2,4,26,2,2,2.0,2.0,,2.0,1,2,18_34,True,generative
donor_h0000612,3,7,6,2,2,,2.0,,2.0,2,2,0_17,False,dependent
donor_h0000612,4,7,1,2,2,,,,,2,2,0_17,False,dependent
donor_h0000613,1,21,58,2,2,2.0,2.0,,2.0,0,2,35_64,True,generative
donor_h0000613,2,26,20,2,2,2.0,2.0,,2.0,2,2,18_34,True,generative
donor_h0000614,1,13,44,2,2,2.0,2.0,,2.0,0,2,35_64,True,generative
donor_h0000614,2,14,38,2,2,2.0,2.0,,2.0,1,2,35_64,True,generative
donor_h0000614,3,14,4,2,2,,,,,2,2,0_17,False,dependent
donor_h0000614,4,15,1,2,2,,,,,2,2,0_17,False,dependent
donor_h0000614,5,18,63,2,2,2.0,2.0,,2.0,8,2,35_64,True,generative
donor_h0000615,1,39,53,1,1,2.0,2.0,,1.0,0,1,35_64,True,generative
donor_h0000616,1,15,45,2,2,2.0,2.0,,2.0,0,2,35_64,True,generative
donor_h0000616,2,15,45,2,2,2.0,2.0,,1.0,1,1,35_64,True,generative
donor_h0000616,3,33,18,2,2,2.0,2.0,,2.0,2,2,18_34,True,generative
donor_h0000616,4,30,16,2,2,1.0,2.0,,1.0,2,1,0_17,False,dependent
donor_h0000616,5,35,13,2,2,,2.0,,2.0,2,2,0_17,False,dependent
donor_h0000617,1,25,90,2,2,1.0,1.0,,1.0,0,1,65_plus,True,generative
donor_h0000617,2,39,64,2,2,2.0,2.0,,2.0,2,2,35_64,True,generative
donor_h0000618,1,50,40,2,2,2.0,2.0,,2.0,0,2,35_64,True,generative
donor_h0000618,2,45,33,2,2,2.0,2.0,,2.0,1,2,18_34,True,generative
donor_h0000618,3,58,4,2,2,,,,,2,2,0_17,False,dependent
donor_h0000618,4,50,1,2,2,,,,,2,2,0_17,False,dependent
donor_h0000619,1,10,65,2,2,2.0,2.0,,2.0,0,2,65_plus,True,generative
donor_h0000620,1,18,52,2,2,2.0,2.0,,2.0,0,2,35_64,True,generative
donor_h0000620,2,27,17,2,2,2.0,2.0,,2.0,2,2,0_17,False,dependent
donor_h0000621,1,5,25,2,2,2.0,2.0,,2.0,0,2,18_34,True,generative
donor_h0000622,1,12,54,2,2,2.0,2.0,,2.0,0,2,35_64,True,generative
donor_h0000622,2,13,47,2,2,2.0,2.0,,2.0,1,2,35_64,True,generative
donor_h0000622,3,18,12,2,2,,2.0,,2.0,4,2,0_17,False,dependent
donor_h0000623,1,7,70,2,2,2.0,2.0,,2.0,0,2,65_plus,True,generative
donor_h0000624,1,23,55,2,1,1.0,1.0,,2.0,0,1,35_64,True,generative
donor_h0000625,1,7,94,2,2,2.0,2.0,,2.0,0,2,65_plus,True,generative
donor_h0000626,1,19,68,2,2,2.0,2.0,,2.0,0,2,65_plus,True,generative
donor_h0000627,1,11,31,2,2,2.0,2.0,,2.0,0,2,18_34,True,generative
donor_h0000627,2,12,37,2,2,2.0,2.0,,2.0,13,2,35_64,True,generative
donor_h0000628,1,14,28,2,2,2.0,2.0,,2.0,0,2,18_34,True,generative
donor_h0000628,2,18,9,2,2,,2.0,,2.0,2,2,0_17,False,dependent
donor_h0000628,3,18,5,2,2,,2.0,,2.0,2,2,0_17,False,dependent
donor_h0000629,1,69,57,2,2,2.0,2.0,,2.0,0,2,35_64,True,generative
donor_h0000630,1,5,62,1,2,1.0,1.0,,1.0,0,1,35_64,True,generative
donor_h0000631,1,7,71,2,2,2.0,2.0,,2.0,0,2,65_plus,True,generative
donor_h0000631,2,7,69,2,2,2.0,2.0,,2.0,1,2,65_plus,True,generative
donor_h0000631,3,14,20,2,2,2.0,2.0,,2.0,7,2,18_34,True,generative
donor_h0000631,4,10,17,2,2,2.0,2.0,,2.0,7,2,0_17,False,dependent
donor_h0000631,5,9,3,2,2,,,,,7,2,0_17,False,dependent
donor_h0000632,1,10,70,2,2,2.0,2.0,,2.0,0,2,65_plus,True,generative
donor_h0000632,2,11,64,2,2,2.0,2.0,,2.0,1,2,35_64,True,generative
donor_h0000633,1,8,71,1,2,2.0,2.0,,2.0,0,1,65_plus,True,generative
donor_h0000633,2,5,73,1,2,2.0,2.0,,2.0,1,1,65_plus,True,generative
donor_h0000634,1,4,64,2,2,2.0,2.0,,2.0,0,2,35_64,True,generative
donor_h0000634,2,4,74,2,1,2.0,2.0,,2.0,1,1,65_plus,True,generative
donor_h0000635,1,14,36,2,2,2.0,2.0,2.0,1.0,0,1,35_64,True,generative
donor_h0000635,2,14,34,2,2,2.0,2.0,,2.0,1,2,18_34,True,generative
donor_h0000636,1,12,69,2,2,2.0,1.0,,2.0,0,1,65_plus,True,generative
donor_h0000636,2,11,71,1,2,2.0,2.0,,2.0,1,1,65_plus,True,generative
donor_h0000637,1,6,94,1,2,1.0,1.0,,1.0,0,1,65_plus,True,generative
donor_h0000638,1,15,62,2,2,2.0,2.0,,2.0,0,2,35_64,True,generative
donor_h0000638,2,9,58,2,2,2.0,2.0,,2.0,1,2,35_64,True,generative
donor_h0000638,3,24,36,2,2,2.0,2.0,,2.0,2,2,35_64,True,generative
donor_h0000639,1,23,38,2,2,2.0,2.0,,2.0,0,2,35_64,True,generative
donor_h0000639,2,22,35,2,2,2.0,2.0,,2.0,1,2,35_64,True,generative
donor_h0000639,3,28,13,2,2,,2.0,,2.0,2,2,0_17,False,dependent
donor_h0000640,1,10,70,2,2,2.0,1.0,,2.0,0,1,65_plus,True,generative
donor_h0000640,2,31,45,2,2,2.0,2.0,,2.0,2,2,35_64,True,generative
donor_h0000640,3,13,16,2,2,2.0,2.0,,2.0,7,2,0_17,False,dependent
donor_h0000640,4,40,45,1,2,2.0,2.0,,2.0,9,1,35_64,True,generative
donor_h0000640,5,16,15,2,2,2.0,2.0,,2.0,11,2,0_17,False,dependent
donor_h0000641,1,10,76,1,2,2.0,2.0,,2.0,0,1,65_plus,True,generative
donor_h0000641,2,8,75,2,2,2.0,2.0,,2.0,1,2,65_plus,True,generative
donor_h0000642,1,11,84,2,2,1.0,1.0,,2.0,0,1,65_plus,True,generative
donor_h0000643,1,12,60,2,2,2.0,2.0,,2.0,0,2,35_64,True,generative
donor_h0000643,2,12,66,2,2,2.0,2.0,,2.0,1,2,65_plus,True,generative
donor_h0000643,3,22,39,2,2,2.0,2.0,,2.0,4,2,35_64,True,generative
donor_h0000644,1,39,63,2,1,2.0,1.0,,2.0,0,1,35_64,True,generative
donor_h0000645,1,53,44,2,2,2.0,2.0,,2.0,0,2,35_64,True,generative
donor_h0000645,2,25,48,2,2,2.0,2.0,,2.0,1,2,35_64,True,generative
donor_h0000645,3,17,16,2,2,2.0,2.0,,2.0,2,2,0_17,False,dependent
donor_h0000646,1,4,66,2,2,2.0,2.0,,2.0,0,2,65_plus,True,generative
donor_h0000646,2,5,62,2,2,1.0,1.0,,2.0,1,1,35_64,True,generative
donor_h0000647,1,7,60,2,2,2.0,2.0,,2.0,0,2,35_64,True,generative
donor_h0000647,2,7,54,2,2,1.0,2.0,,1.0,1,1,35_64,True,generative
donor_h0000647,3,10,22,2,2,2.0,2.0,,2.0,2,2,18_34,True,generative
donor_h0000648,1,40,30,2,2,2.0,2.0,,2.0,0,2,18_34,True,generative
donor_h0000648,2,48,30,2,2,1.0,1.0,,1.0,1,1,18_34,True,generative
donor_h0000648,3,61,6,2,2,,2.0,,2.0,2,2,0_17,False,dependent
donor_h0000648,4,37,4,2,2,,,,,2,2,0_17,False,dependent
donor_h0000648,5,37,2,2,2,,,,,2,2,0_17,False,dependent
donor_h0000649,1,11,81,2,1,2.0,2.0,,2.0,0,1,65_plus,True,generative
donor_h0000649,2,13,79,2,2,1.0,1.0,,2.0,1,1,65_plus,True,generative
donor_h0000650,1,9,27,2,2,2.0,2.0,,2.0,0,2,18_34,True,generative
donor_h0000651,1,2,71,2,2,2.0,2.0,,2.0,0,2,65_plus,True,generative
donor_h0000651,2,3,77,2,2,2.0,2.0,,2.0,1,2,65_plus,True,generative
donor_h0000651,3,4,41,2,2,2.0,2.0,,1.0,2,1,35_64,True,generative
donor_h0000652,1,14,51,2,2,2.0,2.0,,2.0,0,2,35_64,True,generative
donor_h0000652,2,15,49,2,2,2.0,2.0,,2.0,13,2,35_64,True,generative
donor_h0000653,1,8,56,2,2,2.0,2.0,,2.0,0,2,35_64,True,generative
donor_h0000653,2,8,59,2,2,2.0,2.0,,2.0,1,2,35_64,True,generative
donor_h0000654,1,18,49,2,2,2.0,2.0,,2.0,0,2,35_64,True,generative
donor_h0000654,2,22,42,2,2,2.0,2.0,,2.0,1,2,35_64,True,generative
donor_h0000654,3,23,13,2,2,,2.0,,2.0,2,2,0_17,False,dependent
donor_h0000654,4,23,11,2,2,,2.0,,2.0,2,2,0_17,False,dependent
donor_h0000655,1,27,84,2,2,1.0,1.0,,1.0,0,1,65_plus,True,generative
donor_h0000655,2,22,79,1,2,1.0,2.0,,1.0,1,1,65_plus,True,generative
donor_h0000655,3,65,41,2,2,2.0,2.0,,2.0,12,2,35_64,True,generative
donor_h0000656,1,8,47,2,1,2.0,2.0,,2.0,0,1,35_64,True,generative
donor_h0000656,2,8,51,2,1,1.0,1.0,,2.0,1,1,35_64,True,generative
donor_h0000656,3,10,21,2,2,2.0,2.0,,2.0,2,2,18_34,True,generative
donor_h0000656,4,11,17,2,2,2.0,2.0,,2.0,2,2,0_17,False,dependent
donor_h0000656,5,13,74,2,1,1.0,1.0,,2.0,6,1,65_plus,True,generative
donor_h0000657,1,23,61,2,2,2.0,2.0,,2.0,0,2,35_64,True,generative
donor_h0000657,2,28,53,2,2,2.0,2.0,,2.0,1,2,35_64,True,generative
donor_h0000658,1,10,62,2,2,2.0,1.0,,2.0,0,1,35_64,True,generative
donor_h0000659,1,7,59,2,1,2.0,2.0,,2.0,0,1,35_64,True,generative
donor_h0000660,1,13,69,2,1,2.0,2.0,,2.0,0,1,65_plus,True,generative
donor_h0000661,1,5,66,2,2,2.0,2.0,,2.0,0,2,65_plus,True,generative
donor_h0000661,2,5,68,2,2,2.0,2.0,,2.0,1,2,65_plus,True,generative
donor_h0000662,1,11,62,2,2,2.0,2.0,,2.0,0,2,35_64,True,generative
donor_h0000663,1,5,45,2,2,2.0,2.0,,2.0,0,2,35_64,True,generative
donor_h0000663,2,6,42,2,2,2.0,2.0,,2.0,1,2,35_64,True,generative
donor_h0000663,3,7,11,2,2,,2.0,,2.0,2,2,0_17,False,dependent
donor_h0000663,4,6,7,2,2,,2.0,,2.0,2,2,0_17,False,dependent
donor_h0000664,1,20,66,2,2,2.0,1.0,,2.0,0,1,65_plus,True,generative
donor_h0000664,2,19,71,2,2,2.0,2.0,,2.0,1,2,65_plus,True,generative
donor_h0000665,1,12,59,2,2,2.0,2.0,,2.0,0,2,35_64,True,generative
donor_h0000665,2,13,60,2,2,2.0,2.0,,2.0,1,2,35_64,True,generative
donor_h0000666,1,15,47,2,2,2.0,2.0,,2.0,0,2,35_64,True,generative
donor_h0000666,2,14,48,2,2,1.0,1.0,,2.0,1,1,35_64,True,generative
donor_h0000667,1,15,32,2,2,2.0,2.0,,2.0,0,2,18_34,True,generative
donor_h0000667,2,19,17,2,2,2.0,2.0,,2.0,2,2,0_17,False,dependent
donor_h0000667,3,18,9,2,2,,2.0,,2.0,2,2,0_17,False,dependent
donor_h0000668,1,12,75,2,2,2.0,2.0,,2.0,0,2,65_plus,True,generative
donor_h0000668,2,15,75,2,2,2.0,2.0,,2.0,1,2,65_plus,True,generative
donor_h0000669,1,38,67,2,2,2.0,2.0,,2.0,0,2,65_plus,True,generative
donor_h0000669,2,38,69,2,2,2.0,2.0,,2.0,1,2,65_plus,True,generative
donor_h0000670,1,8,90,2,2,1.0,1.0,,1.0,0,1,65_plus,True,generative
donor_h0000671,1,9,67,2,2,2.0,2.0,,2.0,0,2,65_plus,True,generative
donor_h0000671,2,27,24,2,2,2.0,2.0,,2.0,10,2,18_34,True,generative
donor_h0000671,3,20,20,2,2,2.0,2.0,,2.0,10,2,18_34,True,generative
donor_h0000672,1,8,64,2,2,2.0,2.0,,2.0,0,2,35_64,True,generative
donor_h0000672,2,9,57,2,2,2.0,2.0,,2.0,1,2,35_64,True,generative
donor_h0000673,1,23,26,2,2,2.0,2.0,,2.0,0,2,18_34,True,generative
donor_h0000674,1,13,45,2,2,2.0,2.0,,2.0,0,2,35_64,True,generative
donor_h0000674,2,14,44,2,2,2.0,2.0,,2.0,1,2,35_64,True,generative
donor_h0000675,1,24,24,2,2,2.0,2.0,,2.0,0,2,18_34,True,generative
donor_h0000675,2,19,25,2,2,2.0,2.0,,2.0,1,2,18_34,True,generative
donor_h0000676,1,3,65,2,2,2.0,1.0,2.0,2.0,0,1,65_plus,True,generative
donor_h0000676,2,3,65,2,2,2.0,2.0,,2.0,1,2,65_plus,True,generative
donor_h0000677,1,35,44,2,2,2.0,2.0,,2.0,0,2,35_64,True,generative
donor_h0000677,2,45,18,2,2,2.0,2.0,,2.0,2,2,18_34,True,generative
donor_h0000678,1,10,74,2,2,2.0,2.0,,2.0,0,2,65_plus,True,generative
donor_h0000678,2,10,74,2,2,2.0,2.0,,2.0,1,2,65_plus,True,generative
donor_h0000679,1,22,58,2,1,2.0,1.0,3.0,2.0,0,1,35_64,True,generative
donor_h0000679,2,7,63,2,2,2.0,2.0,,2.0,1,2,35_64,True,generative
donor_h0000680,1,8,64,2,2,2.0,2.0,,1.0,0,1,35_64,True,generative
donor_h0000680,2,13,64,2,2,2.0,1.0,,2.0,12,1,35_64,True,generative
donor_h0000681,1,35,65,1,2,2.0,2.0,,2.0,0,1,65_plus,True,generative
donor_h0000682,1,12,71,2,2,2.0,1.0,,2.0,0,1,65_plus,True,generative
donor_h0000682,2,22,42,2,2,2.0,2.0,,2.0,2,2,35_64,True,generative
donor_h0000683,1,17,27,2,2,2.0,2.0,,2.0,0,2,18_34,True,generative
donor_h0000683,2,22,56,2,2,2.0,2.0,,2.0,6,2,35_64,True,generative
donor_h0000683,3,48,25,2,2,2.0,2.0,,2.0,10,2,18_34,True,generative
donor_h0000683,4,43,18,2,2,2.0,2.0,,2.0,10,2,18_34,True,generative
donor_h0000684,1,13,72,2,2,2.0,2.0,,1.0,0,1,65_plus,True,generative
donor_h0000684,2,13,65,2,2,2.0,2.0,,2.0,1,2,65_plus,True,generative
donor_h0000685,1,12,57,2,2,2.0,2.0,,2.0,0,2,35_64,True,generative
donor_h0000685,2,12,59,2,2,2.0,2.0,,2.0,1,2,35_64,True,generative
donor_h0000686,1,12,55,2,2,2.0,2.0,,2.0,0,2,35_64,True,generative
donor_h0000686,2,11,17,2,2,2.0,2.0,,2.0,2,2,0_17,False,dependent
donor_h0000687,1,38,32,2,2,2.0,2.0,,2.0,0,2,18_34,True,generative
donor_h0000687,2,42,30,2,2,2.0,2.0,,2.0,1,2,18_34,True,generative
donor_h0000687,3,58,11,2,2,,2.0,,2.0,2,2,0_17,False,dependent
donor_h0000687,4,51,7,2,2,,2.0,,2.0,2,2,0_17,False,dependent
donor_h0000687,5,46,4,2,2,,,,,2,2,0_17,False,dependent
donor_h0000688,1,8,57,1,1,2.0,2.0,,2.0,0,1,35_64,True,generative
donor_h0000688,2,9,55,2,2,2.0,2.0,,2.0,1,2,35_64,True,generative
donor_h0000689,1,8,32,2,2,2.0,2.0,,2.0,0,2,18_34,True,generative
donor_h0000689,2,7,31,2,2,2.0,2.0,,2.0,1,2,18_34,True,generative
donor_h0000689,3,9,15,2,2,2.0,2.0,,2.0,2,2,0_17,False,dependent
donor_h0000689,4,11,9,2,2,,2.0,,2.0,2,2,0_17,False,dependent
donor_h0000690,1,8,56,2,2,2.0,2.0,,2.0,0,2,35_64,True,generative
donor_h0000690,2,7,53,2,2,2.0,2.0,,2.0,1,2,35_64,True,generative
donor_h0000690,3,17,20,2,2,2.0,2.0,,2.0,2,2,18_34,True,generative
donor_h0000691,1,13,55,2,2,2.0,1.0,,2.0,0,1,35_64,True,generative
donor_h0000691,2,12,56,2,2,2.0,2.0,,2.0,1,2,35_64,True,generative
donor_h0000691,3,24,37,2,2,2.0,2.0,,2.0,2,2,35_64,True,generative
donor_h0000691,4,21,75,1,2,2.0,2.0,,2.0,6,1,65_plus,True,generative
donor_h0000692,1,68,54,2,2,2.0,2.0,,2.0,0,2,35_64,True,generative
donor_h0000692,2,69,59,2,2,2.0,2.0,,2.0,1,2,35_64,True,generative
donor_h0000693,1,50,38,2,2,1.0,1.0,,2.0,0,1,35_64,True,generative
donor_h0000693,2,59,18,2,2,1.0,2.0,,2.0,2,1,18_34,True,generative
donor_h0000693,3,77,12,2,2,,2.0,,2.0,5,2,0_17,False,dependent
donor_h0000694,1,11,34,2,2,2.0,2.0,,2.0,0,2,18_34,True,generative
donor_h0000695,1,19,70,2,2,1.0,2.0,,1.0,0,1,65_plus,True,generative
donor_h0000695,2,19,67,2,2,1.0,1.0,,1.0,1,1,65_plus,True,generative
donor_h0000696,1,17,54,2,2,2.0,2.0,,2.0,0,2,35_64,True,generative
donor_h0000697,1,12,87,2,2,2.0,2.0,,2.0,0,2,65_plus,True,generative
donor_h0000698,1,14,47,2,2,2.0,2.0,,2.0,0,2,35_64,True,generative
donor_h0000698,2,15,40,2,2,2.0,2.0,,2.0,13,2,35_64,True,generative
donor_h0000699,1,17,75,2,2,2.0,2.0,,2.0,0,2,65_plus,True,generative
donor_h0000700,1,13,25,2,2,2.0,2.0,,2.0,0,2,18_34,True,generative
donor_h0000700,2,10,28,2,2,2.0,2.0,,2.0,13,2,18_34,True,generative
donor_h0000701,1,11,68,1,2,1.0,1.0,3.0,1.0,0,1,65_plus,True,generative
donor_h0000701,2,24,36,2,2,2.0,2.0,,2.0,2,2,35_64,True,generative
donor_h0000701,3,17,11,2,2,,2.0,,2.0,7,2,0_17,False,dependent
donor_h0000702,1,12,71,2,2,2.0,2.0,,2.0,0,2,65_plus,True,generative
donor_h0000703,1,9,49,2,2,2.0,2.0,,2.0,0,2,35_64,True,generative
donor_h0000704,1,11,58,2,2,2.0,2.0,,2.0,0,2,35_64,True,generative
donor_h0000704,2,10,58,2,2,2.0,2.0,,2.0,1,2,35_64,True,generative
donor_h0000705,1,12,30,2,2,2.0,2.0,,2.0,0,2,18_34,True,generative
donor_h0000705,2,15,29,2,2,2.0,2.0,,2.0,1,2,18_34,True,generative
donor_h0000705,3,15,3,2,2,,,,,2,2,0_17,False,dependent
donor_h0000705,4,15,0,2,2,,,,,2,2,0_17,False,dependent
donor_h0000706,1,29,21,2,2,2.0,2.0,,2.0,0,2,18_34,True,generative
donor_h0000706,2,78,39,2,2,2.0,2.0,,2.0,6,2,35_64,True,generative
donor_h0000707,1,14,64,2,2,2.0,2.0,,2.0,0,2,35_64,True,generative
donor_h0000707,2,14,67,1,2,2.0,2.0,,2.0,1,1,65_plus,True,generative
donor_h0000708,1,13,56,2,2,2.0,2.0,,2.0,0,2,35_64,True,generative
donor_h0000709,1,12,59,2,2,2.0,2.0,,2.0,0,2,35_64,True,generative
donor_h0000709,2,13,58,2,2,2.0,2.0,,2.0,1,2,35_64,True,generative
donor_h0000710,1,8,60,2,2,2.0,2.0,,2.0,0,2,35_64,True,generative
donor_h0000711,1,13,43,2,2,2.0,2.0,,2.0,0,2,35_64,True,generative
donor_h0000711,2,15,23,2,2,2.0,2.0,,2.0,3,2,18_34,True,generative
donor_h0000711,3,13,16,2,2,2.0,2.0,,2.0,4,2,0_17,False,dependent
donor_h0000711,4,15,14,2,2,,2.0,,2.0,4,2,0_17,False,dependent
donor_h0000711,5,12,34,2,2,2.0,2.0,,2.0,13,2,18_34,True,generative
donor_h0000712,1,13,48,2,2,1.0,2.0,,2.0,0,1,35_64,True,generative
donor_h0000713,1,40,62,2,2,2.0,2.0,1.0,2.0,0,1,35_64,True,generative
donor_h0000713,2,70,59,2,2,1.0,1.0,,2.0,11,1,35_64,True,generative
donor_h0000714,1,25,85,2,2,2.0,2.0,,2.0,0,2,65_plus,True,generative
donor_h0000715,1,25,39,2,2,2.0,2.0,,2.0,0,2,35_64,True,generative
donor_h0000715,2,26,38,2,2,2.0,2.0,,2.0,1,2,35_64,True,generative
donor_h0000715,3,32,19,2,2,2.0,2.0,,2.0,2,2,18_34,True,generative
donor_h0000715,4,23,16,2,2,2.0,2.0,,2.0,2,2,0_17,False,dependent
donor_h0000715,5,30,13,2,2,,2.0,,2.0,2,2,0_17,False,dependent
donor_h0000716,1,5,57,1,2,2.0,2.0,,2.0,0,1,35_64,True,generative
donor_h0000716,2,4,58,2,2,2.0,2.0,,2.0,1,2,35_64,True,generative
donor_h0000717,1,22,21,2,2,1.0,2.0,,2.0,0,1,18_34,True,generative
donor_h0000717,2,36,21,2,2,2.0,2.0,,2.0,12,2,18_34,True,generative
donor_h0000718,1,12,50,2,2,2.0,2.0,,2.0,0,2,35_64,True,generative
donor_h0000718,2,15,46,2,2,2.0,2.0,,2.0,1,2,35_64,True,generative
donor_h0000719,1,12,70,2,2,2.0,2.0,,2.0,0,2,65_plus,True,generative
donor_h0000720,1,6,59,2,2,2.0,2.0,,2.0,0,2,35_64,True,generative
donor_h0000720,2,6,66,1,1,2.0,2.0,3.0,1.0,1,1,65_plus,True,generative
donor_h0000721,1,8,42,2,2,2.0,2.0,,2.0,0,2,35_64,True,generative
donor_h0000721,2,6,44,2,2,2.0,2.0,,2.0,1,2,35_64,True,generative
donor_h0000721,3,13,7,2,2,,2.0,,2.0,2,2,0_17,False,dependent
donor_h0000721,4,11,15,2,2,2.0,2.0,,2.0,4,2,0_17,False,dependent
donor_h0000722,1,4,51,2,2,2.0,2.0,,2.0,0,2,35_64,True,generative
donor_h0000722,2,5,51,2,2,2.0,2.0,,2.0,1,2,35_64,True,generative
donor_h0000722,3,8,28,2,2,2.0,2.0,,2.0,2,2,18_34,True,generative
donor_h0000722,4,6,13,2,2,,2.0,,2.0,2,2,0_17,False,dependent
donor_h0000722,5,6,10,2,2,,2.0,,2.0,2,2,0_17,False,dependent
donor_h0000722,6,6,8,2,2,,2.0,,2.0,2,2,0_17,False,dependent
donor_h0000722,7,7,2,2,2,,,,,2,2,0_17,False,dependent
donor_h0000722,8,7,31,2,2,2.0,2.0,,2.0,9,2,18_34,True,generative
donor_h0000723,1,13,64,1,2,1.0,2.0,,1.0,0,1,35_64,True,generative
donor_h0000724,1,9,40,2,2,2.0,2.0,,2.0,0,2,35_64,True,generative
donor_h0000724,2,10,42,2,2,2.0,2.0,,2.0,1,2,35_64,True,generative
donor_h0000724,3,10,12,2,2,,2.0,,2.0,2,2,0_17,False,dependent
donor_h0000724,4,9,4,2,2,,,,,2,2,0_17,False,dependent
donor_h0000724,5,12,18,2,2,2.0,2.0,,2.0,4,2,18_34,True,generative
donor_h0000724,6,11,12,2,2,,2.0,,2.0,4,2,0_17,False,dependent
donor_h0000725,1,13,61,2,2,2.0,2.0,,2.0,0,2,35_64,True,generative
donor_h0000725,2,26,44,2,2,2.0,2.0,,2.0,2,2,35_64,True,generative
donor_h0000726,1,13,29,2,2,2.0,2.0,4.0,2.0,0,2,18_34,True,generative
donor_h0000726,2,9,24,2,2,2.0,2.0,,2.0,1,2,18_34,True,generative
donor_h0000727,1,19,26,2,2,2.0,2.0,,2.0,0,2,18_34,True,generative
donor_h0000727,2,13,26,2,2,2.0,2.0,,2.0,1,2,18_34,True,generative
donor_h0000727,3,33,9,2,2,,2.0,,2.0,3,2,0_17,False,dependent
donor_h0000727,4,19,5,2,2,,2.0,,2.0,3,2,0_17,False,dependent
donor_h0000727,5,21,5,2,2,,2.0,,2.0,3,2,0_17,False,dependent
donor_h0000728,1,11,26,2,2,2.0,2.0,,2.0,0,2,18_34,True,generative
donor_h0000728,2,14,25,2,2,2.0,2.0,,2.0,1,2,18_34,True,generative
donor_h0000729,1,12,23,2,2,2.0,2.0,,2.0,0,2,18_34,True,generative
donor_h0000729,2,7,23,2,2,2.0,2.0,,2.0,1,2,18_34,True,generative
donor_h0000730,1,14,52,2,2,2.0,2.0,,2.0,0,2,35_64,True,generative
donor_h0000730,2,12,51,2,2,2.0,2.0,,2.0,1,2,35_64,True,generative
donor_h0000730,3,28,24,2,2,2.0,2.0,,2.0,2,2,18_34,True,generative
donor_h0000730,4,28,22,2,2,2.0,2.0,,2.0,2,2,18_34,True,generative
donor_h0000730,5,18,20,2,2,1.0,2.0,,1.0,2,1,18_34,True,generative
donor_h0000730,6,20,25,2,2,2.0,2.0,,2.0,9,2,18_34,True,generative
donor_h0000731,1,11,68,2,2,2.0,2.0,,2.0,0,2,65_plus,True,generative
donor_h0000731,2,11,71,1,2,2.0,2.0,,2.0,1,1,65_plus,True,generative
donor_h0000732,1,5,83,2,2,2.0,1.0,,2.0,0,1,65_plus,True,generative
donor_h0000733,1,41,38,2,2,2.0,2.0,,2.0,0,2,35_64,True,generative
donor_h0000734,1,8,86,2,2,1.0,1.0,,2.0,0,1,65_plus,True,generative
donor_h0000735,1,15,73,2,2,2.0,2.0,,2.0,0,2,65_plus,True,generative
donor_h0000735,2,15,67,2,2,2.0,2.0,,2.0,1,2,65_plus,True,generative
donor_h0000735,3,26,90,1,1,1.0,1.0,,2.0,8,1,65_plus,True,generative
donor_h0000736,1,6,70,2,2,2.0,2.0,,2.0,0,2,65_plus,True,generative
donor_h0000736,2,19,73,2,2,2.0,2.0,2.0,2.0,5,2,65_plus,True,generative
donor_h0000737,1,2,48,1,2,1.0,2.0,,1.0,0,1,35_64,True,generative
donor_h0000737,2,6,20,1,1,1.0,1.0,,1.0,2,1,18_34,True,generative
donor_h0000737,3,3,15,2,2,2.0,2.0,,2.0,2,2,0_17,False,dependent
donor_h0000738,1,11,61,2,2,2.0,2.0,,2.0,0,2,35_64,True,generative
donor_h0000738,2,11,56,1,2,2.0,2.0,,2.0,1,1,35_64,True,generative
donor_h0000739,1,11,71,2,2,2.0,2.0,,2.0,0,2,65_plus,True,generative
donor_h0000740,1,13,45,2,2,2.0,2.0,,2.0,0,2,35_64,True,generative
donor_h0000740,2,13,46,2,2,2.0,2.0,,2.0,1,2,35_64,True,generative
donor_h0000740,3,17,18,2,2,2.0,2.0,,2.0,2,2,18_34,True,generative
donor_h0000740,4,13,17,2,2,2.0,2.0,,2.0,2,2,0_17,False,dependent
donor_h0000741,1,7,70,2,2,2.0,2.0,,2.0,0,2,65_plus,True,generative
donor_h0000741,2,8,59,2,2,2.0,2.0,,2.0,1,2,35_64,True,generative
donor_h0000741,3,12,18,2,2,2.0,2.0,,2.0,3,2,18_34,True,generative
donor_h0000741,4,14,17,2,2,2.0,2.0,,2.0,3,2,0_17,False,dependent
donor_h0000741,5,10,8,2,2,,2.0,,1.0,3,1,0_17,False,dependent
donor_h0000742,1,12,94,2,2,1.0,1.0,,2.0,0,1,65_plus,True,generative
donor_h0000743,1,14,37,2,2,2.0,2.0,,2.0,0,2,35_64,True,generative
donor_h0000744,1,12,67,2,2,2.0,2.0,,2.0,0,2,65_plus,True,generative
donor_h0000744,2,16,43,2,2,2.0,2.0,,2.0,1,2,35_64,True,generative
donor_h0000744,3,17,24,2,2,2.0,2.0,,2.0,2,2,18_34,True,generative
donor_h0000744,4,15,4,2,2,,,,,7,2,0_17,False,dependent
donor_h0000744,5,15,3,2,2,,,,,7,2,0_17,False,dependent
donor_h0000744,6,26,23,2,2,2.0,2.0,,2.0,9,2,18_34,True,generative
donor_h0000745,1,23,35,2,2,2.0,2.0,,2.0,0,2,35_64,True,generative
donor_h0000745,2,13,33,2,2,2.0,2.0,,2.0,1,2,18_34,True,generative
donor_h0000745,3,27,7,2,2,,2.0,,2.0,2,2,0_17,False,dependent
donor_h0000745,4,27,6,2,2,,2.0,,2.0,2,2,0_17,False,dependent
donor_h0000745,5,18,54,2,2,2.0,2.0,,2.0,8,2,35_64,True,generative
donor_h0000746,1,34,29,2,2,2.0,2.0,,2.0,0,2,18_34,True,generative
donor_h0000746,2,76,36,2,2,2.0,2.0,,2.0,11,2,35_64,True,generative
donor_h0000747,1,7,53,2,2,2.0,2.0,,2.0,0,2,35_64,True,generative
donor_h0000747,2,8,55,2,2,2.0,2.0,,2.0,1,2,35_64,True,generative
donor_h0000748,1,36,35,2,2,2.0,2.0,,2.0,0,2,35_64,True,generative
donor_h0000749,1,16,35,2,2,2.0,2.0,,2.0,0,2,35_64,True,generative
donor_h0000749,2,14,33,2,2,2.0,2.0,,2.0,1,2,18_34,True,generative
donor_h0000749,3,18,7,2,2,,2.0,,2.0,2,2,0_17,False,dependent
donor_h0000749,4,16,4,2,2,,,,,2,2,0_17,False,dependent
donor_h0000750,1,26,26,2,2,2.0,2.0,,2.0,0,2,18_34,True,generative
donor_h0000750,2,19,28,2,2,2.0,2.0,,2.0,1,2,18_34,True,generative
donor_h0000750,3,28,5,2,2,,2.0,,2.0,2,2,0_17,False,dependent
donor_h0000750,4,30,0,2,2,,,,,2,2,0_17,False,dependent
donor_h0000750,5,32,26,2,2,2.0,2.0,,2.0,10,2,18_34,True,generative
donor_h0000751,1,14,79,2,2,2.0,2.0,,2.0,0,2,65_plus,True,generative
donor_h0000752,1,20,71,2,2,2.0,2.0,,2.0,0,2,65_plus,True,generative
donor_h0000753,1,13,22,2,2,2.0,2.0,,2.0,0,2,18_34,True,generative
donor_h0000753,2,22,24,2,2,2.0,2.0,,2.0,5,2,18_34,True,generative
donor_h0000754,1,43,27,2,2,2.0,2.0,,2.0,0,2,18_34,True,generative
donor_h0000755,1,5,74,2,2,2.0,2.0,,2.0,0,2,65_plus,True,generative
donor_h0000755,2,5,71,2,2,2.0,2.0,,2.0,1,2,65_plus,True,generative
donor_h0000756,1,12,52,2,2,2.0,1.0,,2.0,0,1,35_64,True,generative
donor_h0000756,2,11,51,1,2,2.0,1.0,,2.0,1,1,35_64,True,generative
donor_h0000756,3,14,15,2,2,2.0,2.0,,2.0,2,2,0_17,False,dependent
donor_h0000757,1,21,65,1,2,2.0,2.0,,2.0,0,1,65_plus,True,generative
donor_h0000757,2,22,69,1,2,1.0,1.0,,1.0,1,1,65_plus,True,generative
donor_h0000758,1,8,72,2,2,2.0,2.0,,2.0,0,2,65_plus,True,generative
donor_h0000758,2,11,23,2,2,2.0,2.0,,2.0,2,2,18_34,True,generative
donor_h0000759,1,23,27,2,2,2.0,2.0,,2.0,0,2,18_34,True,generative
donor_h0000759,2,39,25,2,2,2.0,2.0,,2.0,12,2,18_34,True,generative
donor_h0000760,1,12,57,2,2,2.0,1.0,,2.0,0,1,35_64,True,generative
donor_h0000761,1,13,46,2,2,2.0,2.0,,2.0,0,2,35_64,True,generative
donor_h0000762,1,12,65,2,2,2.0,2.0,,2.0,0,2,65_plus,True,generative
donor_h0000762,2,12,64,2,2,2.0,2.0,,2.0,1,2,35_64,True,generative
donor_h0000762,3,13,94,2,1,2.0,2.0,,2.0,6,1,65_plus,True,generative
donor_h0000763,1,10,84,2,2,2.0,2.0,,2.0,0,2,65_plus,True,generative
donor_h0000764,1,12,86,2,1,1.0,1.0,,1.0,0,1,65_plus,True,generative
donor_h0000764,2,18,65,2,2,2.0,2.0,,2.0,2,2,65_plus,True,generative
donor_h0000765,1,65,58,2,2,2.0,2.0,,2.0,0,2,35_64,True,generative
donor_h0000765,2,68,61,2,2,2.0,2.0,,2.0,1,2,35_64,True,generative
donor_h0000766,1,7,71,2,2,2.0,2.0,,2.0,0,2,65_plus,True,generative
donor_h0000766,2,9,75,2,2,2.0,2.0,,2.0,1,2,65_plus,True,generative
donor_h0000767,1,9,51,2,2,2.0,2.0,,2.0,0,2,35_64,True,generative
donor_h0000767,2,10,67,2,2,2.0,2.0,5.0,2.0,1,2,65_plus,True,generative
donor_h0000767,3,16,18,2,2,2.0,2.0,,2.0,2,2,18_34,True,generative
donor_h0000768,1,11,58,2,2,2.0,2.0,,2.0,0,2,35_64,True,generative
donor_h0000769,1,8,68,2,2,2.0,2.0,,2.0,0,2,65_plus,True,generative
donor_h0000769,2,13,57,2,2,2.0,2.0,,2.0,11,2,35_64,True,generative
donor_h0000770,1,7,36,2,2,1.0,2.0,,1.0,0,1,35_64,True,generative
donor_h0000770,2,7,35,1,1,1.0,1.0,,1.0,1,1,35_64,True,generative
donor_h0000771,1,13,55,2,2,2.0,2.0,,2.0,0,2,35_64,True,generative
donor_h0000771,2,20,30,2,2,2.0,2.0,,2.0,2,2,18_34,True,generative
donor_h0000771,3,16,4,2,2,,,,,7,2,0_17,False,dependent
donor_h0000771,4,15,1,2,2,,,,,7,2,0_17,False,dependent
donor_h0000771,5,22,31,2,2,2.0,2.0,,2.0,9,2,18_34,True,generative
donor_h0000772,1,22,71,2,2,2.0,2.0,,2.0,0,2,65_plus,True,generative
donor_h0000772,2,23,68,2,2,2.0,2.0,,2.0,1,2,65_plus,True,generative
donor_h0000772,3,45,36,2,2,2.0,2.0,,2.0,2,2,35_64,True,generative
donor_h0000773,1,18,53,2,2,2.0,2.0,,2.0,0,2,35_64,True,generative
donor_h0000774,1,34,72,2,2,2.0,2.0,,2.0,0,2,65_plus,True,generative
donor_h0000775,1,11,67,2,2,1.0,1.0,,2.0,0,1,65_plus,True,generative
donor_h0000775,2,22,39,2,2,2.0,2.0,,2.0,2,2,35_64,True,generative
donor_h0000776,1,17,71,2,2,2.0,2.0,,2.0,0,2,65_plus,True,generative
donor_h0000776,2,18,68,2,2,2.0,2.0,,2.0,1,2,65_plus,True,generative
donor_h0000777,1,12,63,2,2,2.0,2.0,,2.0,0,2,35_64,True,generative
donor_h0000777,2,11,50,2,2,2.0,2.0,,2.0,1,2,35_64,True,generative
donor_h0000778,1,15,44,2,2,2.0,2.0,,2.0,0,2,35_64,True,generative
donor_h0000778,2,16,17,2,2,2.0,2.0,,2.0,2,2,0_17,False,dependent
donor_h0000778,3,16,12,2,2,,2.0,,2.0,2,2,0_17,False,dependent
donor_h0000778,4,16,51,2,2,2.0,2.0,,2.0,13,2,35_64,True,generative
donor_h0000779,1,37,64,1,2,2.0,1.0,,1.0,0,1,35_64,True,generative
donor_h0000780,1,20,47,2,2,2.0,2.0,,2.0,0,2,35_64,True,generative
donor_h0000780,2,20,50,2,2,2.0,2.0,,2.0,1,2,35_64,True,generative
donor_h0000781,1,11,64,2,2,2.0,2.0,,1.0,0,1,35_64,True,generative
donor_h0000782,1,8,58,2,2,2.0,2.0,,2.0,0,2,35_64,True,generative
donor_h0000782,2,12,42,2,2,2.0,2.0,,2.0,13,2,35_64,True,generative
donor_h0000783,1,11,25,2,2,2.0,2.0,,2.0,0,2,18_34,True,generative
donor_h0000784,1,20,24,2,2,2.0,2.0,,2.0,0,2,18_34,True,generative
donor_h0000785,1,26,61,2,2,1.0,1.0,,1.0,0,1,35_64,True,generative
donor_h0000786,1,7,61,2,2,2.0,2.0,,2.0,0,2,35_64,True,generative
donor_h0000786,2,8,62,2,2,2.0,2.0,,2.0,1,2,35_64,True,generative
donor_h0000786,3,10,31,2,2,2.0,2.0,,2.0,2,2,18_34,True,generative
donor_h0000786,4,14,23,2,2,2.0,2.0,,2.0,15,2,18_34,True,generative
donor_h0000787,1,20,80,1,2,2.0,1.0,,2.0,0,1,65_plus,True,generative
donor_h0000788,1,14,40,2,2,2.0,2.0,,2.0,0,2,35_64,True,generative
donor_h0000788,2,13,49,2,2,2.0,2.0,,2.0,1,2,35_64,True,generative
donor_h0000788,3,12,15,2,2,2.0,2.0,,2.0,4,2,0_17,False,dependent
donor_h0000788,4,15,13,2,2,,2.0,,2.0,4,2,0_17,False,dependent
donor_h0000789,1,13,61,2,2,2.0,2.0,,2.0,0,2,35_64,True,generative
donor_h0000789,2,18,74,2,2,2.0,1.0,,2.0,1,1,65_plus,True,generative
donor_h0000790,1,16,38,2,2,2.0,2.0,,2.0,0,2,35_64,True,generative
donor_h0000790,2,23,36,2,2,2.0,2.0,,2.0,1,2,35_64,True,generative
donor_h0000790,3,19,13,2,2,,2.0,,2.0,2,2,0_17,False,dependent
donor_h0000790,4,24,12,2,2,,2.0,,2.0,4,2,0_17,False,dependent
donor_h0000791,1,23,79,2,2,1.0,2.0,,1.0,0,1,65_plus,True,generative
donor_h0000792,1,8,34,2,2,2.0,2.0,,2.0,0,2,18_34,True,generative
donor_h0000792,2,11,32,2,2,2.0,2.0,,2.0,1,2,18_34,True,generative
donor_h0000792,3,24,7,2,2,,2.0,,2.0,2,2,0_17,False,dependent
donor_h0000792,4,24,5,2,2,,2.0,,2.0,2,2,0_17,False,dependent
donor_h0000792,5,49,3,2,2,,,,,2,2,0_17,False,dependent
donor_h0000792,6,49,1,2,2,,,,,2,2,0_17,False,dependent
donor_h0000793,1,12,54,2,2,2.0,2.0,,2.0,0,2,35_64,True,generative
donor_h0000793,2,19,17,2,2,2.0,2.0,,2.0,2,2,0_17,False,dependent
donor_h0000794,1,22,61,2,2,2.0,2.0,,2.0,0,2,35_64,True,generative
donor_h0000794,2,19,56,2,2,2.0,2.0,,2.0,1,2,35_64,True,generative
donor_h0000795,1,14,63,2,2,2.0,1.0,,2.0,0,1,35_64,True,generative
donor_h0000796,1,14,46,2,2,2.0,2.0,,2.0,0,2,35_64,True,generative
donor_h0000796,2,13,48,2,2,2.0,2.0,,2.0,1,2,35_64,True,generative
donor_h0000797,1,16,75,2,1,1.0,1.0,,2.0,0,1,65_plus,True,generative
donor_h0000797,2,22,57,1,2,2.0,2.0,,2.0,15,1,35_64,True,generative
donor_h0000798,1,12,62,2,2,2.0,2.0,,2.0,0,2,35_64,True,generative
donor_h0000799,1,14,76,2,1,2.0,1.0,,2.0,0,1,65_plus,True,generative
donor_h0000799,2,16,81,1,1,2.0,1.0,,1.0,1,1,65_plus,True,generative
donor_h0000799,3,23,56,2,2,2.0,2.0,,2.0,2,2,35_64,True,generative
donor_h0000799,4,15,1,2,2,,,,,7,2,0_17,False,dependent
donor_h0000800,1,9,37,2,2,1.0,2.0,,1.0,0,1,35_64,True,generative
donor_h0000801,1,12,56,1,2,2.0,1.0,,1.0,0,1,35_64,True,generative
donor_h0000802,1,12,75,2,2,2.0,2.0,,2.0,0,2,65_plus,True,generative
donor_h0000803,1,36,30,2,2,2.0,2.0,,2.0,0,2,18_34,True,generative
donor_h0000803,2,33,32,2,2,2.0,2.0,,2.0,1,2,18_34,True,generative
donor_h0000804,1,7,68,2,2,1.0,1.0,,2.0,0,1,65_plus,True,generative
donor_h0000805,1,6,69,2,2,2.0,1.0,,2.0,0,1,65_plus,True,generative
donor_h0000805,2,12,44,1,2,2.0,1.0,,2.0,2,1,35_64,True,generative
donor_h0000805,3,12,38,2,2,2.0,1.0,,2.0,2,1,35_64,True,generative
donor_h0000806,1,26,51,2,2,2.0,2.0,,2.0,0,2,35_64,True,generative
donor_h0000806,2,43,13,2,2,,2.0,,2.0,2,2,0_17,False,dependent
donor_h0000807,1,12,40,2,2,2.0,2.0,,2.0,0,2,35_64,True,generative
donor_h0000807,2,12,39,2,2,2.0,2.0,,2.0,1,2,35_64,True,generative
donor_h0000807,3,14,12,2,2,,2.0,,2.0,2,2,0_17,False,dependent
donor_h0000807,4,13,10,2,2,,2.0,,2.0,2,2,0_17,False,dependent
donor_h0000807,5,14,8,2,2,,2.0,,2.0,2,2,0_17,False,dependent
donor_h0000807,6,15,5,2,2,,2.0,,2.0,2,2,0_17,False,dependent
donor_h0000808,1,9,60,2,2,2.0,2.0,,2.0,0,2,35_64,True,generative
donor_h0000808,2,9,59,2,2,2.0,2.0,,2.0,1,2,35_64,True,generative
donor_h0000808,3,12,25,2,2,2.0,2.0,,2.0,2,2,18_34,True,generative
donor_h0000809,1,21,49,2,2,2.0,2.0,,2.0,0,2,35_64,True,generative
donor_h0000809,2,25,12,2,2,,2.0,,2.0,2,2,0_17,False,dependent
donor_h0000810,1,12,68,2,2,2.0,2.0,5.0,2.0,0,2,65_plus,True,generative
donor_h0000811,1,23,65,2,2,2.0,2.0,,2.0,0,2,65_plus,True,generative
donor_h0000811,2,22,62,2,2,2.0,2.0,,2.0,1,2,35_64,True,generative
donor_h0000812,1,9,82,2,2,2.0,2.0,,2.0,0,2,65_plus,True,generative
donor_h0000812,2,5,79,2,2,2.0,2.0,,2.0,1,2,65_plus,True,generative
donor_h0000813,1,10,69,2,2,2.0,2.0,,1.0,0,1,65_plus,True,generative
donor_h0000813,2,29,48,2,2,2.0,2.0,,2.0,2,2,35_64,True,generative
donor_h0000814,1,4,57,2,2,2.0,1.0,,2.0,0,1,35_64,True,generative
donor_h0000815,1,8,70,2,2,2.0,2.0,,2.0,0,2,65_plus,True,generative
donor_h0000815,2,7,73,2,2,2.0,2.0,,2.0,1,2,65_plus,True,generative
donor_h0000816,1,10,37,2,2,2.0,2.0,,2.0,0,2,35_64,True,generative
donor_h0000816,2,25,14,2,1,,2.0,,2.0,2,1,0_17,False,dependent
donor_h0000816,3,22,38,2,2,2.0,2.0,,2.0,13,2,35_64,True,generative
donor_h0000817,1,11,51,2,2,2.0,2.0,,2.0,0,2,35_64,True,generative
donor_h0000817,2,24,45,2,2,2.0,2.0,,2.0,12,2,35_64,True,generative
donor_h0000818,1,25,42,2,2,2.0,2.0,,2.0,0,2,35_64,True,generative
donor_h0000818,2,26,43,2,2,2.0,2.0,,2.0,1,2,35_64,True,generative
donor_h0000818,3,23,16,2,2,2.0,2.0,,2.0,2,2,0_17,False,dependent
donor_h0000818,4,29,9,2,2,,2.0,,2.0,2,2,0_17,False,dependent
donor_h0000818,5,26,9,2,2,,2.0,,2.0,2,2,0_17,False,dependent
donor_h0000819,1,8,81,2,2,2.0,2.0,,2.0,0,2,65_plus,True,generative
donor_h0000820,1,13,56,2,2,1.0,1.0,,1.0,0,1,35_64,True,generative
donor_h0000821,1,3,82,2,2,1.0,1.0,,2.0,0,1,65_plus,True,generative
donor_h0000821,2,3,57,2,2,1.0,1.0,,2.0,2,1,35_64,True,generative
donor_h0000822,1,7,70,2,2,2.0,2.0,,2.0,0,2,65_plus,True,generative
donor_h0000822,2,8,59,2,2,2.0,2.0,,2.0,1,2,35_64,True,generative
donor_h0000823,1,9,79,1,2,2.0,2.0,,2.0,0,1,65_plus,True,generative
donor_h0000823,2,7,77,2,2,2.0,2.0,,2.0,1,2,65_plus,True,generative
donor_h0000824,1,12,55,2,2,2.0,2.0,,2.0,0,2,35_64,True,generative
donor_h0000825,1,9,83,2,2,2.0,1.0,,2.0,0,1,65_plus,True,generative
donor_h0000826,1,13,37,2,2,2.0,2.0,,2.0,0,2,35_64,True,generative
donor_h0000827,1,12,52,2,2,2.0,2.0,,2.0,0,2,35_64,True,generative
donor_h0000828,1,38,60,2,2,2.0,2.0,,2.0,0,2,35_64,True,generative
donor_h0000828,2,58,19,2,2,2.0,2.0,,2.0,4,2,18_34,True,generative
donor_h0000828,3,41,45,2,2,2.0,2.0,,2.0,13,2,35_64,True,generative
donor_h0000829,1,13,68,2,2,2.0,2.0,,2.0,0,2,65_plus,True,generative
donor_h0000829,2,15,64,1,2,1.0,2.0,,1.0,1,1,35_64,True,generative
donor_h0000830,1,11,61,2,2,2.0,2.0,,2.0,0,2,35_64,True,generative
donor_h0000830,2,12,57,2,2,2.0,2.0,,2.0,1,2,35_64,True,generative
donor_h0000830,3,27,15,2,2,2.0,2.0,,1.0,7,1,0_17,False,dependent
donor_h0000830,4,17,9,2,2,,2.0,,2.0,7,2,0_17,False,dependent
donor_h0000830,5,15,7,2,2,,2.0,,2.0,7,2,0_17,False,dependent
donor_h0000831,1,5,54,2,2,2.0,2.0,,2.0,0,2,35_64,True,generative
donor_h0000831,2,4,58,2,2,2.0,2.0,,2.0,1,2,35_64,True,generative
donor_h0000831,3,7,26,2,2,2.0,2.0,,2.0,2,2,18_34,True,generative
donor_h0000831,4,7,18,2,2,2.0,2.0,,2.0,2,2,18_34,True,generative
donor_h0000832,1,7,72,2,2,2.0,2.0,,2.0,0,2,65_plus,True,generative
donor_h0000832,2,8,70,2,2,2.0,2.0,,1.0,1,1,65_plus,True,generative
donor_h0000832,3,14,50,2,2,2.0,2.0,,2.0,4,2,35_64,True,generative
donor_h0000832,4,15,40,2,2,2.0,2.0,,2.0,15,2,35_64,True,generative
donor_h0000832,5,16,40,2,2,2.0,2.0,,2.0,15,2,35_64,True,generative
donor_h0000833,1,7,64,2,2,2.0,2.0,5.0,1.0,0,1,35_64,True,generative
donor_h0000834,1,7,29,2,2,2.0,2.0,,2.0,0,2,18_34,True,generative
donor_h0000835,1,13,59,2,2,2.0,2.0,,1.0,0,1,35_64,True,generative
donor_h0000835,2,22,63,2,1,2.0,2.0,,2.0,5,1,35_64,True,generative
donor_h0000835,3,25,38,2,2,2.0,2.0,,2.0,10,2,35_64,True,generative
donor_h0000835,4,17,16,2,2,2.0,2.0,,2.0,10,2,0_17,False,dependent
donor_h0000835,5,18,14,2,2,,2.0,,2.0,10,2,0_17,False,dependent
donor_h0000835,6,17,9,2,2,,2.0,,2.0,10,2,0_17,False,dependent
donor_h0000835,7,32,57,2,2,2.0,2.0,,2.0,11,2,35_64,True,generative
donor_h0000836,1,31,29,2,2,2.0,2.0,,2.0,0,2,18_34,True,generative
donor_h0000836,2,46,11,2,2,,2.0,,2.0,4,2,0_17,False,dependent
donor_h0000836,3,36,31,2,2,2.0,2.0,,2.0,13,2,18_34,True,generative
donor_h0000837,1,4,45,2,2,2.0,2.0,,2.0,0,2,35_64,True,generative
donor_h0000837,2,4,42,2,2,2.0,2.0,,2.0,1,2,35_64,True,generative
donor_h0000837,3,4,17,2,2,1.0,2.0,,1.0,4,1,0_17,False,dependent
donor_h0000838,1,13,63,2,2,2.0,2.0,,2.0,0,2,35_64,True,generative
donor_h0000838,2,11,67,1,2,2.0,2.0,,2.0,1,1,65_plus,True,generative
donor_h0000839,1,11,29,2,2,2.0,2.0,,2.0,0,2,18_34,True,generative
donor_h0000839,2,14,2,2,2,,,,,2,2,0_17,False,dependent
donor_h0000839,3,16,0,2,2,,,,,2,2,0_17,False,dependent
donor_h0000839,4,12,30,2,2,2.0,2.0,,2.0,13,2,18_34,True,generative
donor_h0000840,1,4,57,2,2,1.0,1.0,,1.0,0,1,35_64,True,generative
donor_h0000841,1,11,31,2,2,2.0,2.0,,2.0,0,2,18_34,True,generative
donor_h0000841,2,12,31,2,2,2.0,2.0,,2.0,1,2,18_34,True,generative
donor_h0000841,3,17,5,2,2,,2.0,,2.0,2,2,0_17,False,dependent
donor_h0000841,4,13,3,2,2,,,,,2,2,0_17,False,dependent
donor_h0000842,1,12,33,2,2,1.0,2.0,,2.0,0,1,18_34,True,generative
donor_h0000842,2,13,38,2,2,2.0,2.0,,2.0,1,2,35_64,True,generative
donor_h0000842,3,16,8,2,2,,2.0,,2.0,2,2,0_17,False,dependent
donor_h0000842,4,16,6,2,2,,2.0,,2.0,2,2,0_17,False,dependent
donor_h0000842,5,13,4,2,2,,,,,2,2,0_17,False,dependent
donor_h0000842,6,14,3,2,2,,,,,2,2,0_17,False,dependent
donor_h0000843,1,12,66,2,2,2.0,2.0,,2.0,0,2,65_plus,True,generative
donor_h0000844,1,15,64,2,2,2.0,2.0,,2.0,0,2,35_64,True,generative
donor_h0000844,2,22,49,2,2,2.0,2.0,,2.0,1,2,35_64,True,generative
donor_h0000845,1,9,47,2,2,2.0,2.0,,2.0,0,2,35_64,True,generative
donor_h0000845,2,12,18,2,2,2.0,2.0,,2.0,2,2,18_34,True,generative
donor_h0000846,1,14,60,2,2,2.0,2.0,,2.0,0,2,35_64,True,generative
donor_h0000846,2,15,62,2,2,2.0,2.0,,2.0,1,2,35_64,True,generative
donor_h0000847,1,11,55,2,2,2.0,2.0,,2.0,0,2,35_64,True,generative
donor_h0000847,2,10,51,2,2,2.0,2.0,,2.0,1,2,35_64,True,generative
donor_h0000847,3,17,18,2,2,2.0,2.0,,2.0,2,2,18_34,True,generative
donor_h0000848,1,8,65,2,2,2.0,2.0,,1.0,0,1,65_plus,True,generative
donor_h0000848,2,27,27,2,2,2.0,2.0,,2.0,2,2,18_34,True,generative
donor_h0000849,1,13,58,2,2,2.0,2.0,,2.0,0,2,35_64,True,generative
donor_h0000849,2,14,57,2,2,2.0,2.0,,2.0,1,2,35_64,True,generative
donor_h0000850,1,14,52,2,2,2.0,2.0,,2.0,0,2,35_64,True,generative
donor_h0000850,2,12,50,2,2,2.0,2.0,,2.0,1,2,35_64,True,generative
donor_h0000850,3,27,23,2,2,2.0,2.0,,2.0,2,2,18_34,True,generative
donor_h0000851,1,12,68,2,2,2.0,1.0,,2.0,0,1,65_plus,True,generative
donor_h0000851,2,13,65,2,2,2.0,1.0,,2.0,1,1,65_plus,True,generative
donor_h0000852,1,13,63,2,2,2.0,2.0,,2.0,0,2,35_64,True,generative
donor_h0000852,2,13,63,2,2,2.0,2.0,,2.0,1,2,35_64,True,generative
donor_h0000853,1,10,83,2,2,2.0,2.0,,2.0,0,2,65_plus,True,generative
donor_h0000853,2,9,75,2,2,2.0,2.0,,2.0,1,2,65_plus,True,generative
donor_h0000854,1,7,59,2,2,2.0,2.0,,2.0,0,2,35_64,True,generative
donor_h0000854,2,7,59,2,2,2.0,2.0,,2.0,1,2,35_64,True,generative
donor_h0000855,1,7,61,2,2,2.0,2.0,,2.0,0,2,35_64,True,generative
donor_h0000855,2,7,67,2,2,2.0,2.0,,2.0,1,2,65_plus,True,generative
donor_h0000855,3,9,12,2,2,,2.0,,2.0,2,2,0_17,False,dependent
donor_h0000855,4,10,51,2,2,2.0,2.0,,2.0,10,2,35_64,True,generative
donor_h0000855,5,9,27,2,2,2.0,2.0,,2.0,10,2,18_34,True,generative
donor_h0000855,6,9,14,2,2,,2.0,,2.0,10,2,0_17,False,dependent
donor_h0000856,1,2,68,2,2,2.0,2.0,,2.0,0,2,65_plus,True,generative
donor_h0000856,2,2,62,2,2,2.0,2.0,,2.0,1,2,35_64,True,generative
donor_h0000857,1,7,52,2,2,2.0,2.0,,2.0,0,2,35_64,True,generative
donor_h0000857,2,8,20,2,2,2.0,2.0,,2.0,4,2,18_34,True,generative
donor_h0000857,3,7,47,2,2,2.0,2.0,,2.0,13,2,35_64,True,generative
donor_h0000858,1,7,77,2,2,2.0,2.0,,2.0,0,2,65_plus,True,generative
donor_h0000858,2,13,58,2,2,1.0,1.0,,1.0,2,1,35_64,True,generative
donor_h0000858,3,10,53,2,2,2.0,2.0,,2.0,2,2,35_64,True,generative
donor_h0000858,4,10,52,2,2,2.0,2.0,,1.0,2,1,35_64,True,generative
donor_h0000858,5,9,14,2,2,,2.0,,2.0,7,2,0_17,False,dependent
donor_h0000859,1,5,85,2,2,2.0,2.0,,2.0,0,2,65_plus,True,generative
donor_h0000860,1,15,60,1,2,2.0,2.0,,1.0,0,1,35_64,True,generative
donor_h0000860,2,14,56,2,2,2.0,2.0,,2.0,1,2,35_64,True,generative
donor_h0000860,3,41,38,2,2,2.0,2.0,,1.0,2,1,35_64,True,generative
donor_h0000860,4,19,47,2,1,1.0,1.0,,1.0,11,1,35_64,True,generative
donor_h0000861,1,18,42,2,2,2.0,2.0,4.0,2.0,0,2,35_64,True,generative
donor_h0000861,2,20,4,2,2,,,,,2,2,0_17,False,dependent
donor_h0000862,1,25,37,2,2,2.0,2.0,,2.0,0,2,35_64,True,generative
donor_h0000862,2,12,35,2,2,2.0,2.0,,2.0,1,2,35_64,True,generative
donor_h0000862,3,15,7,2,2,,2.0,,2.0,2,2,0_17,False,dependent
donor_h0000862,4,12,5,2,2,,2.0,,2.0,2,2,0_17,False,dependent
donor_h0000862,5,8,1,2,2,,,,,2,2,0_17,False,dependent
donor_h0000863,1,5,69,2,2,2.0,2.0,,2.0,0,2,65_plus,True,generative
donor_h0000864,1,22,54,2,2,2.0,2.0,,2.0,0,2,35_64,True,generative
donor_h0000864,2,44,25,2,2,1.0,2.0,,1.0,5,1,18_34,True,generative
donor_h0000864,3,28,18,2,2,2.0,2.0,,2.0,7,2,18_34,True,generative
donor_h0000865,1,41,37,2,2,2.0,2.0,,2.0,0,2,35_64,True,generative
donor_h0000865,2,26,19,2,2,2.0,2.0,,2.0,2,2,18_34,True,generative
donor_h0000865,3,35,16,2,2,2.0,2.0,,2.0,2,2,0_17,False,dependent
donor_h0000865,4,42,10,2,2,,2.0,,2.0,2,2,0_17,False,dependent
donor_h0000865,5,46,8,2,2,,2.0,,2.0,2,2,0_17,False,dependent
donor_h0000866,1,11,89,2,1,1.0,1.0,,1.0,0,1,65_plus,True,generative
donor_h0000867,1,9,76,2,2,2.0,2.0,,2.0,0,2,65_plus,True,generative
donor_h0000867,2,9,76,2,2,2.0,2.0,,2.0,1,2,65_plus,True,generative
donor_h0000867,3,14,49,2,2,2.0,2.0,,2.0,2,2,35_64,True,generative
donor_h0000867,4,14,94,1,2,1.0,1.0,,1.0,6,1,65_plus,True,generative
donor_h0000867,5,12,15,2,2,2.0,2.0,,2.0,7,2,0_17,False,dependent
donor_h0000868,1,8,61,2,2,2.0,2.0,,2.0,0,2,35_64,True,generative
donor_h0000868,2,7,63,2,2,2.0,2.0,,2.0,1,2,35_64,True,generative
donor_h0000869,1,9,68,2,2,2.0,2.0,,2.0,0,2,65_plus,True,generative
donor_h0000869,2,9,69,2,2,2.0,2.0,5.0,2.0,1,2,65_plus,True,generative
donor_h0000870,1,23,68,2,2,2.0,2.0,5.0,2.0,0,2,65_plus,True,generative
donor_h0000870,2,25,69,2,2,2.0,2.0,,2.0,1,2,65_plus,True,generative
donor_h0000871,1,4,55,2,2,2.0,2.0,,2.0,0,2,35_64,True,generative
donor_h0000872,1,14,63,2,2,2.0,2.0,,2.0,0,2,35_64,True,generative
donor_h0000872,2,15,63,2,2,2.0,2.0,,2.0,1,2,35_64,True,generative
donor_h0000873,1,16,61,2,2,2.0,2.0,,2.0,0,2,35_64,True,generative
donor_h0000873,2,15,49,2,2,2.0,2.0,,2.0,13,2,35_64,True,generative
donor_h0000874,1,15,31,2,2,2.0,2.0,,2.0,0,2,18_34,True,generative
donor_h0000874,2,16,32,2,2,2.0,2.0,,2.0,1,2,18_34,True,generative
donor_h0000875,1,17,68,2,2,2.0,2.0,,2.0,0,2,65_plus,True,generative
donor_h0000876,1,61,25,2,2,2.0,2.0,,2.0,0,2,18_34,True,generative
donor_h0000876,2,63,6,2,2,,2.0,,2.0,2,2,0_17,False,dependent
donor_h0000876,3,58,1,2,2,,,,,2,2,0_17,False,dependent
donor_h0000876,4,54,24,2,2,2.0,2.0,,2.0,13,2,18_34,True,generative
donor_h0000877,1,6,47,2,2,2.0,2.0,,2.0,0,2,35_64,True,generative
donor_h0000878,1,20,34,2,2,2.0,2.0,,2.0,0,2,18_34,True,generative
donor_h0000878,2,16,37,2,2,2.0,2.0,,2.0,1,2,35_64,True,generative
donor_h0000878,3,19,12,2,2,,2.0,,2.0,2,2,0_17,False,dependent
donor_h0000878,4,18,6,2,2,,2.0,,2.0,2,2,0_17,False,dependent
donor_h0000879,1,25,53,2,2,2.0,2.0,,2.0,0,2,35_64,True,generative
donor_h0000879,2,22,56,1,1,1.0,1.0,,1.0,1,1,35_64,True,generative
donor_h0000880,1,17,52,2,2,2.0,2.0,,2.0,0,2,35_64,True,generative
donor_h0000880,2,25,11,2,2,,2.0,,2.0,2,2,0_17,False,dependent
donor_h0000880,3,30,33,2,2,2.0,2.0,,2.0,12,2,18_34,True,generative
donor_h0000880,4,26,21,2,2,2.0,2.0,,2.0,12,2,18_34,True,generative
donor_h0000880,5,28,20,2,2,2.0,2.0,,2.0,12,2,18_34,True,generative
donor_h0000880,6,25,13,2,2,,2.0,,2.0,15,2,0_17,False,dependent
donor_h0000881,1,4,51,2,2,2.0,2.0,,2.0,0,2,35_64,True,generative
donor_h0000881,2,4,54,2,2,2.0,2.0,,2.0,1,2,35_64,True,generative
donor_h0000881,3,3,16,2,2,2.0,2.0,,2.0,2,2,0_17,False,dependent
donor_h0000882,1,3,41,2,2,2.0,2.0,,2.0,0,2,35_64,True,generative
donor_h0000882,2,4,44,2,2,2.0,2.0,,2.0,1,2,35_64,True,generative
donor_h0000882,3,3,10,2,2,,2.0,,2.0,2,2,0_17,False,dependent
donor_h0000882,4,2,6,2,2,,2.0,,2.0,2,2,0_17,False,dependent
donor_h0000882,5,3,68,2,2,2.0,2.0,,2.0,10,2,65_plus,True,generative
donor_h0000883,1,11,52,2,2,1.0,1.0,,2.0,0,1,35_64,True,generative
donor_h0000884,1,34,75,2,2,2.0,2.0,,2.0,0,2,65_plus,True,generative
donor_h0000884,2,30,70,2,2,2.0,2.0,,2.0,1,2,65_plus,True,generative
donor_h0000885,1,12,33,2,2,2.0,2.0,,2.0,0,2,18_34,True,generative
donor_h0000885,2,12,32,2,2,2.0,2.0,,2.0,1,2,18_34,True,generative
donor_h0000885,3,13,6,2,2,,2.0,,2.0,2,2,0_17,False,dependent
donor_h0000885,4,13,4,2,2,,,,,2,2,0_17,False,dependent
donor_h0000885,5,11,1,2,2,,,,,2,2,0_17,False,dependent
donor_h0000886,1,19,30,2,2,2.0,2.0,,2.0,0,2,18_34,True,generative
donor_h0000886,2,18,29,2,2,2.0,2.0,,2.0,1,2,18_34,True,generative
donor_h0000886,3,16,0,2,2,,,,,2,2,0_17,False,dependent
donor_h0000887,1,14,45,2,2,2.0,2.0,,2.0,0,2,35_64,True,generative
donor_h0000887,2,22,40,2,2,2.0,2.0,,2.0,15,2,35_64,True,generative
donor_h0000887,3,14,17,2,2,2.0,2.0,,2.0,15,2,0_17,False,dependent
donor_h0000888,1,31,30,2,2,2.0,2.0,,2.0,0,2,18_34,True,generative
donor_h0000888,2,34,3,2,2,,,,,2,2,0_17,False,dependent
donor_h0000889,1,41,35,2,2,2.0,2.0,,2.0,0,2,35_64,True,generative
donor_h0000889,2,34,35,2,2,2.0,2.0,,2.0,1,2,35_64,True,generative
donor_h0000890,1,10,37,2,2,2.0,2.0,,2.0,0,2,35_64,True,generative
donor_h0000891,1,7,60,2,2,2.0,2.0,,2.0,0,2,35_64,True,generative
donor_h0000892,1,20,42,2,2,2.0,2.0,,2.0,0,2,35_64,True,generative
donor_h0000892,2,30,23,2,2,2.0,2.0,,2.0,2,2,18_34,True,generative
donor_h0000892,3,19,18,2,2,2.0,2.0,,2.0,2,2,18_34,True,generative
donor_h0000892,4,21,8,2,2,,2.0,,2.0,2,2,0_17,False,dependent
donor_h0000893,1,8,32,2,2,2.0,2.0,,2.0,0,2,18_34,True,generative
donor_h0000893,2,14,26,2,2,2.0,2.0,,2.0,5,2,18_34,True,generative
donor_h0000894,1,18,80,2,2,2.0,1.0,,2.0,0,1,65_plus,True,generative
donor_h0000895,1,17,44,2,2,2.0,2.0,,2.0,0,2,35_64,True,generative
donor_h0000895,2,19,13,2,2,,2.0,,2.0,2,2,0_17,False,dependent
donor_h0000896,1,35,40,2,2,2.0,2.0,,2.0,0,2,35_64,True,generative
donor_h0000896,2,42,37,2,2,2.0,2.0,,2.0,1,2,35_64,True,generative
donor_h0000897,1,10,54,2,2,2.0,2.0,,2.0,0,2,35_64,True,generative
donor_h0000897,2,12,53,1,2,2.0,2.0,,2.0,1,1,35_64,True,generative
donor_h0000898,1,47,34,2,2,2.0,2.0,,2.0,0,2,18_34,True,generative
donor_h0000898,2,45,14,2,2,,2.0,,2.0,2,2,0_17,False,dependent
donor_h0000898,3,36,3,2,2,,,,,2,2,0_17,False,dependent
donor_h0000898,4,36,0,2,2,,,,,2,2,0_17,False,dependent
donor_h0000899,1,17,32,2,2,2.0,2.0,,2.0,0,2,18_34,True,generative
donor_h0000899,2,30,29,2,2,2.0,2.0,,2.0,5,2,18_34,True,generative
donor_h0000900,1,7,77,2,2,2.0,2.0,,2.0,0,2,65_plus,True,generative
donor_h0000900,2,7,77,2,2,2.0,2.0,,2.0,1,2,65_plus,True,generative
donor_h0000901,1,5,73,2,2,2.0,2.0,,2.0,0,2,65_plus,True,generative
donor_h0000902,1,13,47,2,2,2.0,2.0,,1.0,0,1,35_64,True,generative
donor_h0000902,2,15,15,2,2,2.0,2.0,,1.0,2,1,0_17,False,dependent
donor_h0000902,3,15,12,2,2,,2.0,,2.0,2,2,0_17,False,dependent
donor_h0000903,1,17,82,2,2,2.0,2.0,,2.0,0,2,65_plus,True,generative
donor_h0000904,1,13,61,2,2,1.0,1.0,,2.0,0,1,35_64,True,generative
donor_h0000905,1,8,33,2,2,2.0,2.0,,2.0,0,2,18_34,True,generative
donor_h0000905,2,6,7,2,2,,2.0,,2.0,2,2,0_17,False,dependent
donor_h0000905,3,10,3,2,2,,,,,2,2,0_17,False,dependent
donor_h0000905,4,9,29,2,2,2.0,2.0,,2.0,13,2,18_34,True,generative
donor_h0000906,1,39,63,2,2,2.0,1.0,,2.0,0,1,35_64,True,generative
donor_h0000907,1,22,88,2,2,2.0,2.0,,2.0,0,2,65_plus,True,generative
donor_h0000907,2,22,89,2,2,2.0,1.0,,2.0,1,1,65_plus,True,generative
donor_h0000908,1,35,24,2,2,2.0,2.0,,2.0,0,2,18_34,True,generative
donor_h0000908,2,43,6,2,2,,2.0,,2.0,2,2,0_17,False,dependent
donor_h0000908,3,39,4,2,2,,,,,2,2,0_17,False,dependent
donor_h0000909,1,5,59,2,2,2.0,2.0,,2.0,0,2,35_64,True,generative
donor_h0000909,2,8,60,2,2,2.0,2.0,,2.0,1,2,35_64,True,generative
donor_h0000910,1,6,60,2,2,2.0,2.0,,2.0,0,2,35_64,True,generative
donor_h0000910,2,7,58,2,2,2.0,2.0,,2.0,1,2,35_64,True,generative
donor_h0000911,1,9,67,2,2,2.0,2.0,,2.0,0,2,65_plus,True,generative
donor_h0000911,2,9,66,2,2,2.0,2.0,,2.0,1,2,65_plus,True,generative
donor_h0000912,1,7,71,2,1,2.0,2.0,,2.0,0,1,65_plus,True,generative
donor_h0000913,1,9,69,2,2,2.0,2.0,,2.0,0,2,65_plus,True,generative
donor_h0000913,2,9,72,2,2,2.0,2.0,,2.0,1,2,65_plus,True,generative
donor_h0000914,1,16,72,2,2,2.0,2.0,,2.0,0,2,65_plus,True,generative
donor_h0000915,1,11,90,1,2,1.0,1.0,,1.0,0,1,65_plus,True,generative
donor_h0000916,1,18,44,2,2,1.0,1.0,,2.0,0,1,35_64,True,generative
donor_h0000916,2,19,16,2,2,2.0,2.0,,2.0,2,2,0_17,False,dependent
donor_h0000916,3,25,13,2,2,,2.0,,2.0,2,2,0_17,False,dependent
donor_h0000917,1,25,24,2,2,2.0,2.0,,2.0,0,2,18_34,True,generative
donor_h0000918,1,12,64,2,2,2.0,2.0,,2.0,0,2,35_64,True,generative
donor_h0000918,2,14,66,2,2,2.0,2.0,,2.0,1,2,65_plus,True,generative
donor_h0000919,1,10,44,2,2,2.0,2.0,,2.0,0,2,35_64,True,generative
donor_h0000919,2,13,38,2,2,2.0,2.0,,2.0,1,2,35_64,True,generative
donor_h0000919,3,14,12,2,2,,2.0,,2.0,2,2,0_17,False,dependent
donor_h0000919,4,13,10,2,2,,2.0,,2.0,2,2,0_17,False,dependent
donor_h0000919,5,13,6,2,2,,2.0,,2.0,2,2,0_17,False,dependent
donor_h0000919,6,14,2,2,2,,,,,2,2,0_17,False,dependent
donor_h0000920,1,47,51,2,2,2.0,2.0,,1.0,0,1,35_64,True,generative
donor_h0000921,1,4,76,2,2,2.0,2.0,,2.0,0,2,65_plus,True,generative
donor_h0000921,2,4,78,1,2,2.0,2.0,2.0,2.0,1,1,65_plus,True,generative
donor_h0000922,1,21,45,2,1,2.0,2.0,,2.0,0,1,35_64,True,generative
donor_h0000923,1,12,30,2,2,2.0,2.0,,2.0,0,2,18_34,True,generative
donor_h0000923,2,11,7,2,2,,2.0,,2.0,2,2,0_17,False,dependent
donor_h0000923,3,12,5,2,2,,2.0,,2.0,2,2,0_17,False,dependent
donor_h0000923,4,12,32,2,2,2.0,2.0,,2.0,13,2,18_34,True,generative
donor_h0000924,1,11,56,2,2,2.0,2.0,,2.0,0,2,35_64,True,generative
donor_h0000924,2,12,52,2,1,1.0,2.0,,2.0,1,1,35_64,True,generative
donor_h0000924,3,7,18,2,2,2.0,2.0,,2.0,2,2,18_34,True,generative
donor_h0000924,4,14,15,2,2,2.0,2.0,,2.0,2,2,0_17,False,dependent
donor_h0000925,1,17,79,1,2,2.0,2.0,,2.0,0,1,65_plus,True,generative
donor_h0000925,2,17,85,2,2,2.0,1.0,5.0,1.0,1,1,65_plus,True,generative
donor_h0000926,1,2,94,1,2,2.0,1.0,,2.0,0,1,65_plus,True,generative
donor_h0000927,1,10,23,2,2,2.0,2.0,,2.0,0,2,18_34,True,generative
donor_h0000927,2,12,26,2,2,2.0,2.0,,2.0,1,2,18_34,True,generative
donor_h0000927,3,11,1,2,2,,,,,2,2,0_17,False,dependent
donor_h0000927,4,14,4,2,2,,,,,4,2,0_17,False,dependent
donor_h0000928,1,7,42,2,2,2.0,2.0,,2.0,0,2,35_64,True,generative
donor_h0000928,2,8,44,2,2,2.0,2.0,,2.0,1,2,35_64,True,generative
donor_h0000929,1,2,85,2,1,1.0,2.0,,1.0,0,1,65_plus,True,generative
donor_h0000929,2,3,49,2,2,2.0,1.0,,1.0,2,1,35_64,True,generative
donor_h0000930,1,11,24,2,2,2.0,2.0,,2.0,0,2,18_34,True,generative
donor_h0000930,2,21,29,2,2,2.0,2.0,,2.0,12,2,18_34,True,generative
donor_h0000930,3,16,23,2,2,2.0,2.0,,2.0,12,2,18_34,True,generative
donor_h0000931,1,4,67,2,2,2.0,2.0,,2.0,0,2,65_plus,True,generative
donor_h0000932,1,64,59,2,2,1.0,2.0,,1.0,0,1,35_64,True,generative
donor_h0000932,2,58,60,2,2,2.0,2.0,,2.0,1,2,35_64,True,generative
donor_h0000933,1,12,51,2,2,2.0,2.0,,2.0,0,2,35_64,True,generative
donor_h0000933,2,10,54,2,2,2.0,2.0,,2.0,1,2,35_64,True,generative
donor_h0000933,3,15,18,2,2,2.0,2.0,,2.0,2,2,18_34,True,generative
donor_h0000933,4,10,16,2,2,2.0,2.0,,2.0,2,2,0_17,False,dependent
donor_h0000934,1,11,22,2,2,2.0,2.0,,2.0,0,2,18_34,True,generative
donor_h0000935,1,14,63,2,2,2.0,2.0,,2.0,0,2,35_64,True,generative
donor_h0000936,1,6,85,2,2,1.0,1.0,,2.0,0,1,65_plus,True,generative
donor_h0000936,2,6,81,2,2,2.0,2.0,,2.0,1,2,65_plus,True,generative
donor_h0000937,1,12,54,2,2,2.0,2.0,,2.0,0,2,35_64,True,generative
donor_h0000938,1,13,57,2,2,2.0,1.0,5.0,2.0,0,1,35_64,True,generative
donor_h0000938,2,14,62,2,1,2.0,2.0,,2.0,1,1,35_64,True,generative
donor_h0000939,1,11,72,2,2,2.0,2.0,,2.0,0,2,65_plus,True,generative
donor_h0000939,2,9,63,2,2,2.0,2.0,,2.0,1,2,35_64,True,generative
donor_h0000940,1,5,46,2,2,2.0,2.0,,2.0,0,2,35_64,True,generative
donor_h0000940,2,5,47,2,2,2.0,2.0,,2.0,1,2,35_64,True,generative
donor_h0000940,3,5,12,2,2,,2.0,,2.0,2,2,0_17,False,dependent
donor_h0000941,1,29,30,2,2,2.0,2.0,,2.0,0,2,18_34,True,generative
donor_h0000941,2,28,27,2,2,2.0,2.0,,2.0,1,2,18_34,True,generative
donor_h0000941,3,28,7,2,2,,2.0,,2.0,2,2,0_17,False,dependent
donor_h0000941,4,29,5,2,2,,2.0,,2.0,2,2,0_17,False,dependent
donor_h0000942,1,22,94,2,2,2.0,1.0,,2.0,0,1,65_plus,True,generative
donor_h0000942,2,8,86,1,2,1.0,1.0,,2.0,1,1,65_plus,True,generative
donor_h0000943,1,10,54,2,2,2.0,2.0,,2.0,0,2,35_64,True,generative
donor_h0000943,2,12,46,2,2,2.0,2.0,,2.0,13,2,35_64,True,generative
donor_h0000944,1,15,62,2,2,2.0,2.0,,2.0,0,2,35_64,True,generative
donor_h0000944,2,17,61,2,2,2.0,2.0,,2.0,1,2,35_64,True,generative
donor_h0000945,1,25,67,2,2,2.0,2.0,,2.0,0,2,65_plus,True,generative
donor_h0000946,1,21,28,2,2,2.0,2.0,,2.0,0,2,18_34,True,generative
donor_h0000946,2,23,30,2,2,2.0,2.0,,2.0,1,2,18_34,True,generative
donor_h0000946,3,23,11,2,1,,2.0,,2.0,2,1,0_17,False,dependent
donor_h0000946,4,23,9,2,2,,2.0,,2.0,2,2,0_17,False,dependent
donor_h0000946,5,21,8,2,1,,2.0,,2.0,2,1,0_17,False,dependent
donor_h0000946,6,19,3,2,2,,,,,2,2,0_17,False,dependent
donor_h0000947,1,4,59,2,2,2.0,2.0,,2.0,0,2,35_64,True,generative
donor_h0000947,2,4,51,2,2,2.0,2.0,,2.0,1,2,35_64,True,generative
donor_h0000948,1,11,82,2,2,2.0,2.0,,2.0,0,2,65_plus,True,generative
donor_h0000948,2,11,82,1,2,1.0,2.0,,1.0,1,1,65_plus,True,generative
donor_h0000949,1,7,53,2,2,2.0,2.0,,2.0,0,2,35_64,True,generative
donor_h0000949,2,7,57,2,2,2.0,2.0,,2.0,1,2,35_64,True,generative
donor_h0000950,1,14,44,2,2,2.0,2.0,,2.0,0,2,35_64,True,generative
donor_h0000950,2,15,17,2,2,2.0,2.0,,2.0,2,2,0_17,False,dependent
donor_h0000950,3,12,40,2,2,2.0,2.0,,2.0,13,2,35_64,True,generative
donor_h0000951,1,12,80,2,2,2.0,2.0,,2.0,0,2,65_plus,True,generative
donor_h0000952,1,9,28,2,2,2.0,2.0,,2.0,0,2,18_34,True,generative
donor_h0000952,2,10,9,2,2,,2.0,,2.0,2,2,0_17,False,dependent
donor_h0000952,3,10,6,2,2,,2.0,,2.0,2,2,0_17,False,dependent
donor_h0000952,4,11,1,2,2,,,,,2,2,0_17,False,dependent
donor_h0000952,5,10,1,2,2,,,,,2,2,0_17,False,dependent
donor_h0000953,1,4,71,2,2,2.0,2.0,,2.0,0,2,65_plus,True,generative
donor_h0000954,1,16,41,2,2,2.0,2.0,,2.0,0,2,35_64,True,generative
donor_h0000955,1,13,34,2,2,2.0,2.0,,2.0,0,2,18_34,True,generative
donor_h0000955,2,11,39,2,2,2.0,2.0,,2.0,1,2,35_64,True,generative
donor_h0000955,3,8,19,2,2,2.0,2.0,,2.0,2,2,18_34,True,generative
donor_h0000955,4,14,15,2,2,2.0,2.0,,2.0,2,2,0_17,False,dependent
donor_h0000956,1,7,52,2,2,2.0,2.0,,2.0,0,2,35_64,True,generative
donor_h0000956,2,8,52,2,2,2.0,2.0,,2.0,1,2,35_64,True,generative
donor_h0000956,3,5,19,2,2,2.0,2.0,,2.0,2,2,18_34,True,generative
donor_h0000956,4,6,17,2,2,2.0,2.0,,2.0,2,2,0_17,False,dependent
donor_h0000957,1,6,35,2,2,2.0,2.0,,2.0,0,2,35_64,True,generative
donor_h0000957,2,8,33,2,2,2.0,2.0,,2.0,1,2,18_34,True,generative
donor_h0000957,3,8,11,2,2,,2.0,,2.0,2,2,0_17,False,dependent
donor_h0000957,4,8,9,2,2,,2.0,,2.0,2,2,0_17,False,dependent
donor_h0000957,5,8,5,2,2,,2.0,,2.0,2,2,0_17,False,dependent
donor_h0000957,6,6,2,2,2,,,,,2,2,0_17,False,dependent
donor_h0000958,1,7,64,2,2,2.0,2.0,,2.0,0,2,35_64,True,generative
donor_h0000959,1,36,88,2,2,1.0,2.0,,2.0,0,1,65_plus,True,generative
donor_h0000960,1,28,69,2,2,2.0,2.0,1.0,2.0,0,2,65_plus,True,generative
donor_h0000960,2,25,62,2,2,2.0,2.0,,2.0,1,2,35_64,True,generative
donor_h0000961,1,13,51,2,2,2.0,2.0,,2.0,0,2,35_64,True,generative
donor_h0000962,1,8,68,2,2,2.0,2.0,,2.0,0,2,65_plus,True,generative
donor_h0000962,2,7,71,1,2,2.0,2.0,,2.0,1,1,65_plus,True,generative
donor_h0000963,1,19,47,2,2,2.0,2.0,,2.0,0,2,35_64,True,generative
donor_h0000963,2,20,19,2,2,2.0,2.0,,2.0,4,2,18_34,True,generative
donor_h0000964,1,13,63,2,2,2.0,2.0,,2.0,0,2,35_64,True,generative
donor_h0000964,2,15,69,2,2,2.0,2.0,,2.0,1,2,65_plus,True,generative
donor_h0000965,1,37,51,2,2,2.0,2.0,,2.0,0,2,35_64,True,generative
donor_h0000966,1,13,68,2,2,2.0,2.0,,2.0,0,2,65_plus,True,generative
donor_h0000966,2,15,60,2,2,2.0,1.0,,2.0,1,1,35_64,True,generative
donor_h0000966,3,11,18,2,1,2.0,2.0,,2.0,2,1,18_34,True,generative
donor_h0000967,1,43,66,2,2,1.0,1.0,,2.0,0,1,65_plus,True,generative
donor_h0000967,2,39,59,2,2,2.0,2.0,,2.0,1,2,35_64,True,generative
donor_h0000967,3,69,23,2,2,2.0,2.0,,2.0,11,2,18_34,True,generative
donor_h0000968,1,7,44,2,2,2.0,2.0,,2.0,0,2,35_64,True,generative
donor_h0000968,2,6,46,2,2,2.0,2.0,,2.0,1,2,35_64,True,generative
donor_h0000969,1,10,52,2,2,2.0,2.0,,2.0,0,2,35_64,True,generative
donor_h0000969,2,12,51,2,2,2.0,2.0,,2.0,1,2,35_64,True,generative
donor_h0000970,1,18,78,2,2,2.0,2.0,,2.0,0,2,65_plus,True,generative
donor_h0000970,2,30,47,2,2,2.0,2.0,,2.0,2,2,35_64,True,generative
donor_h0000971,1,6,64,2,2,2.0,2.0,,2.0,0,2,35_64,True,generative
donor_h0000971,2,7,60,2,2,2.0,2.0,,2.0,1,2,35_64,True,generative
donor_h0000972,1,11,94,1,2,1.0,1.0,,2.0,0,1,65_plus,True,generative
donor_h0000973,1,6,50,2,2,2.0,1.0,4.0,2.0,0,1,35_64,True,generative
donor_h0000973,2,7,50,2,2,2.0,2.0,,2.0,1,2,35_64,True,generative
donor_h0000974,1,12,77,2,2,2.0,2.0,,2.0,0,2,65_plus,True,generative
donor_h0000975,1,17,71,2,2,1.0,1.0,,2.0,0,1,65_plus,True,generative
donor_h0000976,1,12,61,2,2,2.0,2.0,,2.0,0,2,35_64,True,generative
donor_h0000977,1,39,26,1,1,1.0,1.0,,1.0,0,1,18_34,True,generative
donor_h0000977,2,67,32,2,2,2.0,2.0,,1.0,12,1,18_34,True,generative
donor_h0000978,1,8,62,2,2,2.0,2.0,,2.0,0,2,35_64,True,generative
donor_h0000978,2,9,72,2,2,2.0,2.0,,2.0,1,2,65_plus,True,generative
donor_h0000979,1,19,81,2,2,2.0,2.0,,2.0,0,2,65_plus,True,generative
donor_h0000980,1,10,36,2,2,2.0,2.0,,2.0,0,2,35_64,True,generative
donor_h0000981,1,8,70,2,2,2.0,2.0,,2.0,0,2,65_plus,True,generative
donor_h0000982,1,25,32,1,2,2.0,2.0,,2.0,0,1,18_34,True,generative
donor_h0000982,2,83,33,2,2,2.0,2.0,,2.0,1,2,18_34,True,generative
donor_h0000982,3,28,6,2,2,,2.0,,2.0,2,2,0_17,False,dependent
donor_h0000982,4,18,3,2,2,,,,,2,2,0_17,False,dependent
donor_h0000982,5,18,1,2,2,,,,,2,2,0_17,False,dependent
donor_h0000983,1,10,30,2,2,2.0,2.0,,2.0,0,2,18_34,True,generative
donor_h0000983,2,11,4,2,2,,,,,2,2,0_17,False,dependent
donor_h0000983,3,10,30,2,2,2.0,2.0,,2.0,13,2,18_34,True,generative
donor_h0000984,1,6,55,2,2,2.0,2.0,,2.0,0,2,35_64,True,generative
donor_h0000984,2,4,62,1,2,1.0,1.0,,2.0,1,1,35_64,True,generative
donor_h0000985,1,8,55,2,2,2.0,2.0,,2.0,0,2,35_64,True,generative
donor_h0000986,1,14,38,2,2,2.0,2.0,,2.0,0,2,35_64,True,generative
donor_h0000986,2,11,37,2,2,2.0,2.0,,2.0,1,2,35_64,True,generative
donor_h0000986,3,13,10,2,2,,2.0,,2.0,2,2,0_17,False,dependent
donor_h0000986,4,13,4,2,2,,,,,2,2,0_17,False,dependent
donor_h0000986,5,12,0,2,2,,,,,2,2,0_17,False,dependent
donor_h0000987,1,26,68,2,2,2.0,2.0,,2.0,0,2,65_plus,True,generative
donor_h0000987,2,25,71,1,2,2.0,2.0,,2.0,1,1,65_plus,True,generative
donor_h0000987,3,29,87,2,2,1.0,2.0,,1.0,6,1,65_plus,True,generative
donor_h0000988,1,2,82,1,2,2.0,2.0,,2.0,0,1,65_plus,True,generative
donor_h0000988,2,2,81,2,2,2.0,2.0,,2.0,1,2,65_plus,True,generative
donor_h0000989,1,8,68,1,2,2.0,2.0,,2.0,0,1,65_plus,True,generative
donor_h0000989,2,8,65,2,2,1.0,1.0,,2.0,1,1,65_plus,True,generative
donor_h0000990,1,5,63,2,2,2.0,2.0,,2.0,0,2,35_64,True,generative
donor_h0000990,2,5,38,2,2,2.0,2.0,,1.0,1,1,35_64,True,generative
donor_h0000991,1,14,66,2,2,2.0,2.0,,2.0,0,2,65_plus,True,generative
donor_h0000992,1,23,65,2,2,2.0,2.0,,2.0,0,2,65_plus,True,generative
donor_h0000993,1,65,21,2,2,2.0,2.0,,2.0,0,2,18_34,True,generative
donor_h0000993,2,55,3,2,2,,,,,2,2,0_17,False,dependent
donor_h0000994,1,11,58,2,2,2.0,2.0,,2.0,0,2,35_64,True,generative
donor_h0000995,1,20,43,2,2,2.0,2.0,,2.0,0,2,35_64,True,generative
donor_h0000995,2,24,41,2,2,2.0,2.0,,2.0,15,2,35_64,True,generative
donor_h0000995,3,30,39,2,2,2.0,2.0,,2.0,15,2,35_64,True,generative
donor_h0000995,4,17,16,2,2,2.0,2.0,,2.0,15,2,0_17,False,dependent
donor_h0000995,5,22,15,2,2,2.0,2.0,,2.0,15,2,0_17,False,dependent
donor_h0000996,1,8,26,2,2,2.0,2.0,,2.0,0,2,18_34,True,generative
donor_h0000996,2,6,26,2,2,2.0,2.0,,2.0,13,2,18_34,True,generative
donor_h0000997,1,7,53,2,2,2.0,2.0,,2.0,0,2,35_64,True,generative
donor_h0000997,2,6,54,2,2,2.0,2.0,,2.0,1,2,35_64,True,generative
donor_h0000997,3,10,29,2,2,2.0,2.0,,2.0,2,2,18_34,True,generative
donor_h0000998,1,11,79,2,2,1.0,1.0,,2.0,0,1,65_plus,True,generative
donor_h0000999,1,9,50,2,2,2.0,2.0,,2.0,0,2,35_64,True,generative
donor_h0000999,2,7,52,2,2,2.0,2.0,,2.0,1,2,35_64,True,generative
donor_h0001000,1,50,46,1,1,1.0,1.0,,2.0,0,1,35_64,True,generative
donor_h0001000,2,57,27,2,2,2.0,2.0,,2.0,1,2,18_34,True,generative
donor_h0001000,3,58,8,2,2,,2.0,,2.0,2,2,0_17,False,dependent
donor_h0001000,4,63,6,2,2,,2.0,,2.0,2,2,0_17,False,dependent
donor_h0001000,5,66,1,2,2,,,,,2,2,0_17,False,dependent
donor_h0001000,6,62,6,2,2,,2.0,,2.0,3,2,0_17,False,dependent
donor_h0001001,1,15,53,2,2,2.0,2.0,,2.0,0,2,35_64,True,generative
donor_h0001002,1,15,53,2,2,2.0,2.0,,2.0,0,2,35_64,True,generative
donor_h0001003,1,34,83,2,2,1.0,1.0,,2.0,0,1,65_plus,True,generative
donor_h0001004,1,10,61,2,2,2.0,2.0,,2.0,0,2,35_64,True,generative
donor_h0001004,2,10,59,2,2,2.0,2.0,,2.0,1,2,35_64,True,generative
donor_h0001005,1,11,49,2,1,2.0,1.0,,1.0,0,1,35_64,True,generative
donor_h0001005,2,12,54,2,2,2.0,2.0,,1.0,1,1,35_64,True,generative
donor_h0001005,3,19,31,2,2,2.0,2.0,,2.0,4,2,18_34,True,generative
donor_h0001005,4,13,10,2,2,,2.0,,2.0,7,2,0_17,False,dependent
donor_h0001006,1,7,49,2,2,2.0,2.0,,2.0,0,2,35_64,True,generative
donor_h0001006,2,8,50,2,2,2.0,2.0,,2.0,1,2,35_64,True,generative
donor_h0001006,3,6,15,2,2,2.0,2.0,,2.0,2,2,0_17,False,dependent
donor_h0001006,4,9,12,2,2,,2.0,,2.0,2,2,0_17,False,dependent
donor_h0001007,1,12,56,2,2,2.0,2.0,,2.0,0,2,35_64,True,generative
donor_h0001007,2,13,55,2,2,2.0,2.0,,2.0,1,2,35_64,True,generative
donor_h0001008,1,13,66,2,2,2.0,2.0,,1.0,0,1,65_plus,True,generative
donor_h0001008,2,12,53,2,2,2.0,2.0,,2.0,1,2,35_64,True,generative
donor_h0001009,1,10,94,1,2,2.0,2.0,,2.0,0,1,65_plus,True,generative
donor_h0001010,1,8,67,2,2,2.0,1.0,,2.0,0,1,65_plus,True,generative
donor_h0001011,1,10,75,2,2,1.0,1.0,,2.0,0,1,65_plus,True,generative
donor_h0001011,2,13,80,2,2,1.0,1.0,,2.0,1,1,65_plus,True,generative
donor_h0001012,1,2,50,2,2,2.0,2.0,,2.0,0,2,35_64,True,generative
donor_h0001012,2,3,42,2,2,2.0,2.0,,2.0,1,2,35_64,True,generative
donor_h0001012,3,4,6,2,2,,2.0,,2.0,2,2,0_17,False,dependent
donor_h0001012,4,3,12,2,2,,2.0,,2.0,3,2,0_17,False,dependent
donor_h0001012,5,4,8,2,2,,2.0,,2.0,15,2,0_17,False,dependent
donor_h0001013,1,12,53,2,2,2.0,2.0,,2.0,0,2,35_64,True,generative
donor_h0001013,2,14,57,2,2,2.0,2.0,,2.0,1,2,35_64,True,generative
donor_h0001014,1,16,52,2,2,2.0,2.0,,2.0,0,2,35_64,True,generative
donor_h0001014,2,28,78,2,2,2.0,1.0,,2.0,6,1,65_plus,True,generative
donor_h0001015,1,19,23,2,2,2.0,2.0,,2.0,0,2,18_34,True,generative
donor_h0001015,2,26,21,1,2,2.0,1.0,,2.0,11,1,18_34,True,generative
donor_h0001016,1,12,63,2,2,2.0,2.0,,2.0,0,2,35_64,True,generative
donor_h0001016,2,16,65,2,2,2.0,2.0,,2.0,1,2,65_plus,True,generative
donor_h0001017,1,24,70,2,2,2.0,1.0,,2.0,0,1,65_plus,True,generative
donor_h0001017,2,25,70,2,2,2.0,2.0,,2.0,1,2,65_plus,True,generative
donor_h0001018,1,11,77,2,2,2.0,2.0,,2.0,0,2,65_plus,True,generative
donor_h0001018,2,15,73,2,2,2.0,2.0,,2.0,1,2,65_plus,True,generative
donor_h0001019,1,14,71,2,2,2.0,2.0,,2.0,0,2,65_plus,True,generative
donor_h0001020,1,18,25,2,2,2.0,2.0,,2.0,0,2,18_34,True,generative
donor_h0001020,2,14,25,2,2,2.0,2.0,,2.0,13,2,18_34,True,generative
donor_h0001021,1,6,87,2,2,1.0,2.0,,1.0,0,1,65_plus,True,generative
donor_h0001021,2,12,56,2,2,2.0,2.0,,2.0,3,2,35_64,True,generative
donor_h0001021,3,13,34,2,2,2.0,2.0,,2.0,7,2,18_34,True,generative
donor_h0001021,4,8,4,2,2,,,,,7,2,0_17,False,dependent
donor_h0001021,5,11,2,2,2,,,,,7,2,0_17,False,dependent
donor_h0001021,6,6,1,2,2,,,,,7,2,0_17,False,dependent
donor_h0001021,7,10,0,2,2,,,,,7,2,0_17,False,dependent
donor_h0001022,1,11,47,1,2,2.0,2.0,,2.0,0,1,35_64,True,generative
donor_h0001022,2,12,45,2,2,2.0,2.0,,2.0,1,2,35_64,True,generative
donor_h0001022,3,23,25,1,2,1.0,2.0,,1.0,2,1,18_34,True,generative
donor_h0001022,4,16,22,1,2,1.0,2.0,,1.0,2,1,18_34,True,generative
donor_h0001022,5,21,70,1,2,2.0,1.0,,2.0,6,1,65_plus,True,generative
donor_h0001023,1,28,52,2,2,2.0,2.0,,2.0,0,2,35_64,True,generative
donor_h0001024,1,10,53,2,2,2.0,2.0,,2.0,0,2,35_64,True,generative
donor_h0001024,2,19,16,2,2,2.0,2.0,,2.0,2,2,0_17,False,dependent
donor_h0001024,3,19,13,2,2,,2.0,,2.0,2,2,0_17,False,dependent
donor_h0001025,1,49,53,2,2,2.0,2.0,,2.0,0,2,35_64,True,generative
donor_h0001025,2,58,52,2,2,1.0,1.0,,2.0,1,1,35_64,True,generative
donor_h0001025,3,76,89,2,2,1.0,1.0,,1.0,8,1,65_plus,True,generative
donor_h0001026,1,4,37,2,2,2.0,2.0,,2.0,0,2,35_64,True,generative
donor_h0001026,2,4,37,2,2,2.0,2.0,,2.0,1,2,35_64,True,generative
donor_h0001026,3,5,12,2,2,,2.0,,2.0,2,2,0_17,False,dependent
donor_h0001027,1,22,69,2,1,2.0,2.0,,2.0,0,1,65_plus,True,generative
donor_h0001028,1,12,47,2,2,2.0,2.0,,2.0,0,2,35_64,True,generative
donor_h0001028,2,11,48,2,2,2.0,2.0,,2.0,1,2,35_64,True,generative
donor_h0001028,3,7,19,2,2,2.0,2.0,,2.0,2,2,18_34,True,generative
donor_h0001028,4,14,17,2,2,2.0,2.0,,2.0,2,2,0_17,False,dependent
donor_h0001029,1,9,59,2,2,2.0,2.0,,2.0,0,2,35_64,True,generative
donor_h0001029,2,10,51,2,2,2.0,2.0,,2.0,1,2,35_64,True,generative
donor_h0001030,1,11,90,1,2,2.0,2.0,,2.0,0,1,65_plus,True,generative
donor_h0001031,1,46,19,2,2,2.0,2.0,,2.0,0,2,18_34,True,generative
donor_h0001032,1,3,40,2,2,2.0,2.0,,2.0,0,2,35_64,True,generative
donor_h0001033,1,19,76,2,2,2.0,2.0,,2.0,0,2,65_plus,True,generative
donor_h0001034,1,12,60,2,2,2.0,2.0,,2.0,0,2,35_64,True,generative
donor_h0001034,2,19,44,2,2,2.0,2.0,,2.0,2,2,35_64,True,generative
donor_h0001034,3,13,13,2,2,,2.0,,2.0,7,2,0_17,False,dependent
donor_h0001034,4,11,2,2,2,,,,,7,2,0_17,False,dependent
donor_h0001035,1,13,77,1,2,2.0,1.0,,1.0,0,1,65_plus,True,generative
donor_h0001036,1,6,28,2,2,2.0,2.0,,2.0,0,2,18_34,True,generative
donor_h0001036,2,8,29,2,2,2.0,2.0,,2.0,1,2,18_34,True,generative
donor_h0001037,1,15,68,2,2,2.0,2.0,,2.0,0,2,65_plus,True,generative
donor_h0001037,2,13,57,2,2,2.0,2.0,,2.0,1,2,35_64,True,generative
donor_h0001038,1,3,79,2,2,2.0,2.0,,2.0,0,2,65_plus,True,generative
donor_h0001038,2,4,78,2,2,2.0,2.0,,2.0,1,2,65_plus,True,generative
donor_h0001039,1,14,30,2,2,2.0,2.0,,2.0,0,2,18_34,True,generative
donor_h0001039,2,30,32,2,2,2.0,2.0,,2.0,1,2,18_34,True,generative
donor_h0001040,1,8,55,2,2,2.0,2.0,,2.0,0,2,35_64,True,generative
donor_h0001040,2,9,53,2,2,2.0,2.0,,2.0,1,2,35_64,True,generative
donor_h0001041,1,12,45,2,2,2.0,2.0,,2.0,0,2,35_64,True,generative
donor_h0001041,2,15,21,2,2,2.0,2.0,,2.0,2,2,18_34,True,generative
donor_h0001041,3,14,17,2,2,2.0,2.0,,2.0,2,2,0_17,False,dependent
donor_h0001042,1,3,85,2,2,2.0,2.0,,2.0,0,2,65_plus,True,generative
donor_h0001043,1,4,60,1,2,1.0,1.0,,1.0,0,1,35_64,True,generative
donor_h0001043,2,3,62,2,2,2.0,2.0,,1.0,1,1,35_64,True,generative
donor_h0001043,3,4,50,2,2,1.0,1.0,,1.0,5,1,35_64,True,generative
donor_h0001044,1,11,94,1,2,1.0,1.0,,1.0,0,1,65_plus,True,generative
donor_h0001045,1,9,65,2,2,2.0,2.0,,2.0,0,2,65_plus,True,generative
donor_h0001045,2,12,46,2,2,2.0,2.0,,2.0,11,2,35_64,True,generative
donor_h0001046,1,8,43,2,2,2.0,2.0,,2.0,0,2,35_64,True,generative
donor_h0001047,1,5,65,2,2,2.0,2.0,,2.0,0,2,65_plus,True,generative
donor_h0001047,2,4,62,2,2,2.0,2.0,,2.0,1,2,35_64,True,generative
donor_h0001048,1,12,64,2,2,2.0,2.0,,2.0,0,2,35_64,True,generative
donor_h0001049,1,29,43,2,2,2.0,2.0,,2.0,0,2,35_64,True,generative
donor_h0001049,2,44,43,2,2,2.0,2.0,,2.0,11,2,35_64,True,generative
donor_h0001049,3,24,44,2,2,2.0,2.0,,2.0,13,2,35_64,True,generative
donor_h0001050,1,15,65,2,2,2.0,2.0,,2.0,0,2,65_plus,True,generative
donor_h0001050,2,15,65,2,2,2.0,2.0,,2.0,1,2,65_plus,True,generative
donor_h0001050,3,17,36,2,2,2.0,2.0,,2.0,2,2,35_64,True,generative
donor_h0001051,1,16,67,2,2,2.0,2.0,,2.0,0,2,65_plus,True,generative
donor_h0001052,1,18,29,2,2,2.0,2.0,,2.0,0,2,18_34,True,generative
donor_h0001052,2,14,26,2,2,2.0,2.0,,2.0,1,2,18_34,True,generative
donor_h0001053,1,19,80,2,2,2.0,2.0,,2.0,0,2,65_plus,True,generative
donor_h0001054,1,16,69,2,2,2.0,2.0,,2.0,0,2,65_plus,True,generative
donor_h0001054,2,17,69,2,1,2.0,2.0,,2.0,1,1,65_plus,True,generative
donor_h0001055,1,4,58,2,2,2.0,2.0,,2.0,0,2,35_64,True,generative
donor_h0001056,1,40,31,2,2,2.0,2.0,,2.0,0,2,18_34,True,generative
donor_h0001056,2,31,35,2,2,2.0,2.0,,2.0,1,2,35_64,True,generative
donor_h0001056,3,35,4,2,2,,,,,2,2,0_17,False,dependent
donor_h0001056,4,35,3,2,2,,,,,2,2,0_17,False,dependent
donor_h0001057,1,11,45,2,2,2.0,2.0,,2.0,0,2,35_64,True,generative
donor_h0001057,2,12,27,2,2,2.0,2.0,,2.0,1,2,18_34,True,generative
donor_h0001058,1,14,59,2,2,2.0,2.0,,2.0,0,2,35_64,True,generative
donor_h0001058,2,13,59,2,2,2.0,2.0,,2.0,1,2,35_64,True,generative
donor_h0001059,1,8,65,2,2,2.0,2.0,,2.0,0,2,65_plus,True,generative
donor_h0001060,1,12,38,2,2,2.0,2.0,,2.0,0,2,35_64,True,generative
donor_h0001060,2,16,30,2,2,2.0,2.0,,2.0,1,2,18_34,True,generative
donor_h0001060,3,17,2,2,2,,,,,2,2,0_17,False,dependent
donor_h0001060,4,16,6,2,2,,2.0,,2.0,4,2,0_17,False,dependent
donor_h0001061,1,20,86,2,2,2.0,2.0,,2.0,0,2,65_plus,True,generative
donor_h0001062,1,11,82,2,2,2.0,2.0,,2.0,0,2,65_plus,True,generative
donor_h0001062,2,14,83,2,2,2.0,2.0,,2.0,1,2,65_plus,True,generative
donor_h0001063,1,11,47,2,2,2.0,2.0,,2.0,0,2,35_64,True,generative
donor_h0001063,2,13,40,2,2,2.0,2.0,,2.0,1,2,35_64,True,generative
donor_h0001063,3,21,67,2,2,2.0,2.0,,2.0,8,1,65_plus,True,generative
donor_h0001064,1,7,55,2,2,2.0,2.0,,2.0,0,2,35_64,True,generative
donor_h0001064,2,6,55,2,2,2.0,2.0,,2.0,1,2,35_64,True,generative
donor_h0001064,3,10,16,2,2,2.0,2.0,,2.0,2,2,0_17,False,dependent
donor_h0001065,1,16,71,2,2,2.0,1.0,,2.0,0,1,65_plus,True,generative
donor_h0001066,1,3,94,1,2,2.0,1.0,,1.0,0,1,65_plus,True,generative
donor_h0001067,1,5,51,2,2,2.0,2.0,,2.0,0,2,35_64,True,generative
donor_h0001067,2,5,6,2,2,,2.0,,2.0,3,2,0_17,False,dependent
donor_h0001067,3,6,5,2,2,,2.0,,2.0,3,2,0_17,False,dependent
donor_h0001067,4,3,3,2,2,,,,,3,2,0_17,False,dependent
donor_h0001068,1,9,37,2,2,2.0,2.0,,2.0,0,2,35_64,True,generative
donor_h0001068,2,7,35,2,2,2.0,2.0,,2.0,1,2,35_64,True,generative
donor_h0001068,3,8,1,2,2,,,,,2,2,0_17,False,dependent
donor_h0001069,1,5,72,1,2,2.0,2.0,,2.0,0,1,65_plus,True,generative
donor_h0001069,2,6,54,2,2,2.0,2.0,,2.0,2,2,35_64,True,generative
donor_h0001069,3,6,51,1,2,1.0,1.0,,2.0,2,1,35_64,True,generative
donor_h0001069,4,6,53,2,2,2.0,2.0,,2.0,9,2,35_64,True,generative
donor_h0001070,1,41,63,2,2,2.0,2.0,,2.0,0,2,35_64,True,generative
donor_h0001070,2,45,62,2,2,2.0,2.0,,2.0,1,2,35_64,True,generative
donor_h0001071,1,11,90,2,2,1.0,1.0,,2.0,0,1,65_plus,True,generative
donor_h0001072,1,8,65,2,2,2.0,2.0,,2.0,0,2,65_plus,True,generative
donor_h0001072,2,8,67,2,2,2.0,2.0,,2.0,1,2,65_plus,True,generative
donor_h0001073,1,7,45,2,2,2.0,2.0,,2.0,0,2,35_64,True,generative
donor_h0001073,2,7,44,2,2,2.0,2.0,,2.0,1,2,35_64,True,generative
donor_h0001073,3,8,13,2,2,,2.0,,2.0,2,2,0_17,False,dependent
donor_h0001074,1,8,80,2,2,2.0,2.0,,2.0,0,2,65_plus,True,generative
donor_h0001074,2,9,67,2,2,2.0,2.0,,2.0,1,2,65_plus,True,generative
donor_h0001075,1,23,52,2,2,2.0,1.0,,2.0,0,1,35_64,True,generative
donor_h0001075,2,26,31,2,2,2.0,2.0,,2.0,1,2,18_34,True,generative
donor_h0001075,3,36,31,2,2,2.0,2.0,,2.0,2,2,18_34,True,generative
donor_h0001075,4,26,5,2,2,,2.0,,2.0,2,2,0_17,False,dependent
donor_h0001075,5,22,4,2,2,,,,,2,2,0_17,False,dependent
donor_h0001075,6,22,2,2,2,,,,,7,2,0_17,False,dependent
donor_h0001076,1,11,52,2,2,2.0,2.0,,2.0,0,2,35_64,True,generative
donor_h0001076,2,10,46,2,2,2.0,2.0,,2.0,1,2,35_64,True,generative
donor_h0001076,3,14,24,2,2,1.0,1.0,,1.0,2,1,18_34,True,generative
donor_h0001077,1,22,84,1,1,2.0,2.0,,2.0,0,1,65_plus,True,generative
donor_h0001078,1,12,80,2,2,2.0,2.0,,2.0,0,2,65_plus,True,generative
donor_h0001078,2,12,88,2,2,2.0,2.0,,2.0,1,2,65_plus,True,generative
donor_h0001079,1,12,57,2,2,2.0,2.0,,2.0,0,2,35_64,True,generative
donor_h0001079,2,13,54,2,2,2.0,2.0,,2.0,1,2,35_64,True,generative
donor_h0001080,1,10,55,2,2,2.0,2.0,2.0,2.0,0,2,35_64,True,generative
donor_h0001081,1,35,40,2,2,2.0,2.0,,2.0,0,2,35_64,True,generative
donor_h0001081,2,28,42,2,2,2.0,2.0,,2.0,1,2,35_64,True,generative
donor_h0001081,3,28,16,2,2,2.0,2.0,,2.0,4,2,0_17,False,dependent
donor_h0001082,1,24,38,2,2,2.0,2.0,,2.0,0,2,35_64,True,generative
donor_h0001083,1,16,72,2,2,2.0,2.0,,2.0,0,2,65_plus,True,generative
donor_h0001084,1,25,67,2,2,2.0,2.0,,2.0,0,2,65_plus,True,generative
donor_h0001084,2,22,57,2,2,2.0,2.0,,2.0,1,2,35_64,True,generative
donor_h0001085,1,8,35,2,2,2.0,2.0,,2.0,0,2,35_64,True,generative
donor_h0001085,2,11,17,2,2,2.0,2.0,,2.0,2,2,0_17,False,dependent
donor_h0001085,3,11,12,2,2,,2.0,,2.0,2,2,0_17,False,dependent
donor_h0001085,4,12,6,2,2,,2.0,,2.0,2,2,0_17,False,dependent
donor_h0001086,1,3,63,2,2,2.0,2.0,,2.0,0,2,35_64,True,generative
donor_h0001086,2,3,52,2,2,2.0,2.0,,2.0,1,2,35_64,True,generative
donor_h0001087,1,21,22,2,2,2.0,2.0,,2.0,0,2,18_34,True,generative
donor_h0001087,2,23,22,2,2,2.0,2.0,,2.0,13,2,18_34,True,generative
donor_h0001088,1,3,54,2,2,2.0,2.0,,2.0,0,2,35_64,True,generative
donor_h0001088,2,2,55,2,2,2.0,2.0,,2.0,1,2,35_64,True,generative
donor_h0001089,1,19,86,2,2,2.0,1.0,,2.0,0,1,65_plus,True,generative
donor_h0001090,1,11,86,2,1,1.0,1.0,,2.0,0,1,65_plus,True,generative
donor_h0001091,1,15,43,2,2,2.0,2.0,,2.0,0,2,35_64,True,generative
donor_h0001091,2,12,43,2,2,2.0,2.0,,2.0,1,2,35_64,True,generative
donor_h0001091,3,17,10,2,2,,2.0,,2.0,2,2,0_17,False,dependent
donor_h0001091,4,17,9,2,2,,2.0,,2.0,2,2,0_17,False,dependent
donor_h0001092,1,59,23,2,2,2.0,2.0,,2.0,0,2,18_34,True,generative
donor_h0001092,2,78,24,2,2,2.0,2.0,,2.0,1,2,18_34,True,generative
donor_h0001092,3,92,27,2,2,2.0,2.0,,2.0,12,2,18_34,True,generative
donor_h0001092,4,95,25,2,2,2.0,2.0,,2.0,12,2,18_34,True,generative
donor_h0001093,1,21,54,2,2,2.0,2.0,,2.0,0,2,35_64,True,generative
donor_h0001094,1,13,73,2,2,2.0,1.0,,1.0,0,1,65_plus,True,generative
donor_h0001094,2,11,60,2,2,2.0,2.0,,2.0,1,2,35_64,True,generative
donor_h0001095,1,14,51,2,2,2.0,2.0,,2.0,0,2,35_64,True,generative
donor_h0001095,2,11,52,2,2,2.0,2.0,,2.0,1,2,35_64,True,generative
donor_h0001095,3,15,14,2,2,,2.0,,2.0,2,2,0_17,False,dependent
donor_h0001096,1,4,80,1,2,2.0,2.0,,2.0,0,1,65_plus,True,generative
donor_h0001096,2,4,80,2,2,2.0,2.0,,2.0,1,2,65_plus,True,generative
donor_h0001097,1,6,71,2,2,2.0,2.0,,2.0,0,2,65_plus,True,generative
donor_h0001097,2,6,69,2,2,2.0,2.0,,2.0,1,2,65_plus,True,generative
donor_h0001098,1,15,68,2,2,2.0,2.0,,2.0,0,2,65_plus,True,generative
donor_h0001098,2,16,68,2,2,2.0,2.0,,2.0,1,2,65_plus,True,generative
donor_h0001099,1,12,54,2,2,2.0,2.0,,2.0,0,2,35_64,True,generative
donor_h0001099,2,15,45,2,2,2.0,2.0,,2.0,1,2,35_64,True,generative
donor_h0001100,1,13,63,1,2,2.0,1.0,,1.0,0,1,35_64,True,generative
donor_h0001101,1,8,55,2,2,2.0,2.0,,2.0,0,2,35_64,True,generative
donor_h0001101,2,7,58,2,2,2.0,2.0,2.0,2.0,1,2,35_64,True,generative
donor_h0001101,3,20,6,2,2,,2.0,,2.0,14,2,0_17,False,dependent
donor_h0001101,4,12,3,2,2,,,,,14,2,0_17,False,dependent
donor_h0001101,5,6,2,2,2,,,,,14,2,0_17,False,dependent
donor_h0001101,6,12,2,2,2,,,,,14,2,0_17,False,dependent
donor_h0001101,7,8,10,2,2,,2.0,,2.0,15,2,0_17,False,dependent
donor_h0001101,8,7,10,2,2,,2.0,,2.0,15,2,0_17,False,dependent
donor_h0001102,1,15,33,2,2,2.0,2.0,,2.0,0,2,18_34,True,generative
donor_h0001102,2,15,34,2,2,2.0,2.0,,2.0,1,2,18_34,True,generative
donor_h0001102,3,13,2,2,2,,,,,2,2,0_17,False,dependent
donor_h0001103,1,19,77,2,2,2.0,2.0,,2.0,0,2,65_plus,True,generative
donor_h0001103,2,18,79,2,2,2.0,2.0,,2.0,1,2,65_plus,True,generative
donor_h0001104,1,14,68,2,2,2.0,2.0,,2.0,0,2,65_plus,True,generative
donor_h0001105,1,9,55,2,2,2.0,2.0,,2.0,0,2,35_64,True,generative
donor_h0001105,2,8,54,2,2,2.0,2.0,,2.0,1,2,35_64,True,generative
donor_h0001106,1,14,78,2,2,2.0,2.0,,2.0,0,2,65_plus,True,generative
donor_h0001107,1,17,65,2,2,2.0,2.0,,2.0,0,2,65_plus,True,generative
donor_h0001107,2,15,57,2,2,2.0,2.0,,2.0,1,2,35_64,True,generative
donor_h0001107,3,17,17,2,2,2.0,2.0,,2.0,2,2,0_17,False,dependent
donor_h0001108,1,13,31,2,2,2.0,2.0,,1.0,0,1,18_34,True,generative
donor_h0001108,2,12,14,2,2,,2.0,,2.0,2,2,0_17,False,dependent
donor_h0001108,3,14,13,2,2,,2.0,,2.0,2,2,0_17,False,dependent
donor_h0001108,4,13,7,2,2,,2.0,,2.0,2,2,0_17,False,dependent
donor_h0001108,5,12,5,2,2,,2.0,,2.0,2,2,0_17,False,dependent
donor_h0001108,6,14,33,2,2,2.0,2.0,,2.0,13,2,18_34,True,generative
donor_h0001109,1,8,46,2,2,2.0,2.0,,2.0,0,2,35_64,True,generative
donor_h0001109,2,8,49,2,2,2.0,2.0,,2.0,1,2,35_64,True,generative
donor_h0001109,3,7,17,2,2,2.0,2.0,,2.0,2,2,0_17,False,dependent
donor_h0001109,4,10,14,2,2,,2.0,,2.0,2,2,0_17,False,dependent
donor_h0001109,5,8,12,2,2,,2.0,,2.0,2,2,0_17,False,dependent
donor_h0001110,1,12,72,1,2,2.0,1.0,2.0,2.0,0,1,65_plus,True,generative
donor_h0001110,2,13,71,2,2,2.0,2.0,,1.0,1,1,65_plus,True,generative
donor_h0001111,1,16,64,2,2,2.0,2.0,,2.0,0,2,35_64,True,generative
donor_h0001112,1,15,78,2,2,2.0,2.0,,2.0,0,2,65_plus,True,generative
donor_h0001113,1,15,67,2,2,2.0,2.0,,2.0,0,2,65_plus,True,generative
donor_h0001113,2,13,62,2,2,2.0,2.0,,2.0,1,2,35_64,True,generative
donor_h0001114,1,18,78,2,2,2.0,1.0,,2.0,0,1,65_plus,True,generative
donor_h0001114,2,18,80,1,2,1.0,1.0,,2.0,1,1,65_plus,True,generative
donor_h0001114,3,31,58,2,2,2.0,2.0,,2.0,2,2,35_64,True,generative
donor_h0001115,1,4,46,2,2,2.0,2.0,,2.0,0,2,35_64,True,generative
donor_h0001115,2,6,44,2,2,2.0,2.0,,2.0,1,2,35_64,True,generative
donor_h0001115,3,7,71,2,2,2.0,2.0,2.0,2.0,6,2,65_plus,True,generative
donor_h0001115,4,7,70,2,2,2.0,1.0,,2.0,6,1,65_plus,True,generative
donor_h0001116,1,38,64,2,2,2.0,2.0,,2.0,0,2,35_64,True,generative
donor_h0001116,2,55,35,2,2,2.0,2.0,,2.0,2,2,35_64,True,generative
donor_h0001117,1,13,45,2,2,2.0,2.0,,2.0,0,2,35_64,True,generative
donor_h0001117,2,12,48,2,2,2.0,2.0,,2.0,1,2,35_64,True,generative
donor_h0001117,3,15,15,2,2,2.0,2.0,,2.0,2,2,0_17,False,dependent
donor_h0001117,4,14,12,2,2,,2.0,,2.0,3,2,0_17,False,dependent
donor_h0001118,1,3,89,1,2,2.0,2.0,3.0,1.0,0,1,65_plus,True,generative
donor_h0001119,1,7,62,2,2,1.0,1.0,,1.0,0,1,35_64,True,generative
donor_h0001119,2,7,64,1,2,1.0,2.0,,1.0,1,1,35_64,True,generative
donor_h0001120,1,4,78,1,2,2.0,1.0,,2.0,0,1,65_plus,True,generative
donor_h0001120,2,6,70,2,2,1.0,2.0,,2.0,1,1,65_plus,True,generative
donor_h0001121,1,10,53,2,2,2.0,1.0,,1.0,0,1,35_64,True,generative
donor_h0001122,1,9,35,2,2,2.0,2.0,,2.0,0,2,35_64,True,generative
donor_h0001122,2,11,35,2,2,2.0,2.0,,2.0,1,2,35_64,True,generative
donor_h0001122,3,9,4,2,2,,,,,2,2,0_17,False,dependent
donor_h0001122,4,10,2,2,2,,,,,2,2,0_17,False,dependent
donor_h0001122,5,10,0,2,2,,,,,2,2,0_17,False,dependent
donor_h0001123,1,13,87,2,2,2.0,2.0,,2.0,0,2,65_plus,True,generative
donor_h0001123,2,17,66,2,2,2.0,2.0,,2.0,1,2,65_plus,True,generative
donor_h0001124,1,13,44,2,2,1.0,1.0,,1.0,0,1,35_64,True,generative
donor_h0001124,2,14,12,2,2,,2.0,,1.0,2,1,0_17,False,dependent
donor_h0001124,3,18,55,2,2,2.0,2.0,,1.0,11,1,35_64,True,generative
donor_h0001125,1,9,72,2,2,2.0,2.0,,2.0,0,2,65_plus,True,generative
donor_h0001125,2,8,58,2,2,2.0,2.0,,2.0,1,2,35_64,True,generative
donor_h0001126,1,11,22,2,2,2.0,2.0,,2.0,0,2,18_34,True,generative
donor_h0001126,2,12,22,2,2,2.0,2.0,,2.0,13,2,18_34,True,generative
donor_h0001127,1,29,42,2,2,2.0,2.0,,2.0,0,2,35_64,True,generative
donor_h0001128,1,8,66,1,2,2.0,2.0,5.0,2.0,0,1,65_plus,True,generative
donor_h0001128,2,7,63,2,2,2.0,2.0,,2.0,1,2,35_64,True,generative
donor_h0001128,3,9,21,2,2,2.0,2.0,,2.0,7,2,18_34,True,generative
donor_h0001129,1,17,64,2,1,2.0,1.0,3.0,2.0,0,1,35_64,True,generative
donor_h0001129,2,16,66,1,2,2.0,1.0,,2.0,1,1,65_plus,True,generative
donor_h0001130,1,16,51,2,2,2.0,2.0,,2.0,0,2,35_64,True,generative
donor_h0001130,2,13,52,2,2,2.0,2.0,,2.0,1,2,35_64,True,generative
donor_h0001131,1,7,56,2,2,2.0,2.0,,2.0,0,2,35_64,True,generative
donor_h0001131,2,8,48,2,2,1.0,1.0,,1.0,1,1,35_64,True,generative
donor_h0001131,3,15,25,2,2,2.0,2.0,,2.0,2,2,18_34,True,generative
donor_h0001131,4,10,23,2,2,2.0,2.0,,2.0,2,2,18_34,True,generative
donor_h0001132,1,3,64,2,2,2.0,2.0,5.0,2.0,0,2,35_64,True,generative
donor_h0001133,1,23,33,2,2,2.0,2.0,,2.0,0,2,18_34,True,generative
donor_h0001133,2,19,38,2,2,2.0,2.0,,2.0,1,2,35_64,True,generative
donor_h0001133,3,23,9,2,2,,2.0,,2.0,2,2,0_17,False,dependent
donor_h0001134,1,9,72,2,2,2.0,2.0,,2.0,0,2,65_plus,True,generative
donor_h0001134,2,8,73,2,2,2.0,2.0,,2.0,1,2,65_plus,True,generative
donor_h0001135,1,15,71,2,2,2.0,2.0,,2.0,0,2,65_plus,True,generative
donor_h0001135,2,14,74,2,2,2.0,2.0,,2.0,1,2,65_plus,True,generative
donor_h0001136,1,9,50,2,2,2.0,2.0,,2.0,0,2,35_64,True,generative
donor_h0001136,2,10,53,2,2,2.0,2.0,,2.0,1,2,35_64,True,generative
donor_h0001137,1,44,26,2,2,2.0,2.0,,2.0,0,2,18_34,True,generative
donor_h0001137,2,28,21,2,2,2.0,2.0,,2.0,13,2,18_34,True,generative
donor_h0001138,1,4,64,1,2,2.0,2.0,,2.0,0,1,35_64,True,generative
donor_h0001138,2,5,64,2,2,2.0,2.0,,2.0,1,2,35_64,True,generative
donor_h0001139,1,13,55,2,2,2.0,2.0,,2.0,0,2,35_64,True,generative
donor_h0001139,2,13,48,2,2,1.0,2.0,,1.0,1,1,35_64,True,generative
donor_h0001139,3,12,16,2,2,2.0,2.0,,2.0,2,2,0_17,False,dependent
donor_h0001139,4,14,11,2,2,,2.0,,2.0,2,2,0_17,False,dependent
donor_h0001140,1,10,52,2,2,2.0,2.0,,2.0,0,2,35_64,True,generative
donor_h0001140,2,5,54,2,2,2.0,2.0,,2.0,1,2,35_64,True,generative
donor_h0001140,3,11,17,2,2,2.0,2.0,,2.0,3,2,0_17,False,dependent
donor_h0001140,4,11,16,2,2,2.0,2.0,,2.0,3,2,0_17,False,dependent
donor_h0001140,5,23,18,2,2,2.0,2.0,,2.0,15,2,18_34,True,generative
donor_h0001140,6,10,17,2,2,2.0,2.0,,2.0,15,2,0_17,False,dependent
donor_h0001141,1,47,36,2,2,2.0,2.0,,2.0,0,2,35_64,True,generative
donor_h0001141,2,58,37,2,2,2.0,2.0,,2.0,1,2,35_64,True,generative
donor_h0001141,3,48,15,2,2,2.0,2.0,,2.0,2,2,0_17,False,dependent
donor_h0001141,4,58,14,2,2,,2.0,,2.0,2,2,0_17,False,dependent
donor_h0001141,5,57,9,2,2,,2.0,,2.0,2,2,0_17,False,dependent
donor_h0001142,1,17,40,2,2,2.0,2.0,,2.0,0,2,35_64,True,generative
donor_h0001142,2,22,30,2,2,2.0,2.0,,2.0,1,2,18_34,True,generative
donor_h0001142,3,22,9,2,2,,2.0,,1.0,4,1,0_17,False,dependent
donor_h0001142,4,21,6,2,2,,2.0,,2.0,4,2,0_17,False,dependent
donor_h0001143,1,7,44,2,2,2.0,2.0,,2.0,0,2,35_64,True,generative
donor_h0001143,2,7,43,1,2,2.0,2.0,,2.0,1,1,35_64,True,generative
donor_h0001143,3,7,17,2,2,2.0,2.0,,2.0,2,2,0_17,False,dependent
donor_h0001144,1,8,62,2,2,2.0,2.0,,2.0,0,2,35_64,True,generative
donor_h0001145,1,10,71,2,1,2.0,2.0,,2.0,0,1,65_plus,True,generative
donor_h0001145,2,12,79,1,2,2.0,1.0,,2.0,1,1,65_plus,True,generative
donor_h0001146,1,11,64,2,2,1.0,1.0,,1.0,0,1,35_64,True,generative
donor_h0001147,1,10,43,2,2,2.0,2.0,,2.0,0,2,35_64,True,generative
donor_h0001147,2,11,45,2,2,2.0,2.0,,2.0,1,2,35_64,True,generative
donor_h0001147,3,7,18,2,2,1.0,2.0,,1.0,2,1,18_34,True,generative
donor_h0001148,1,8,53,2,2,2.0,2.0,,2.0,0,2,35_64,True,generative
donor_h0001148,2,8,45,2,2,2.0,2.0,,2.0,1,2,35_64,True,generative
donor_h0001149,1,12,76,2,2,2.0,2.0,,2.0,0,2,65_plus,True,generative
donor_h0001150,1,6,44,1,2,2.0,1.0,,1.0,0,1,35_64,True,generative
donor_h0001150,2,7,37,2,2,2.0,1.0,,1.0,1,1,35_64,True,generative
donor_h0001150,3,5,0,2,2,,,,,2,2,0_17,False,dependent
donor_h0001151,1,3,19,2,2,2.0,2.0,,2.0,0,2,18_34,True,generative
donor_h0001151,2,6,23,2,2,2.0,2.0,,2.0,12,2,18_34,True,generative
donor_h0001151,3,7,20,2,2,2.0,2.0,,2.0,12,2,18_34,True,generative
donor_h0001151,4,7,20,2,2,2.0,2.0,,2.0,12,2,18_34,True,generative
donor_h0001152,1,14,55,2,2,2.0,2.0,,2.0,0,2,35_64,True,generative
donor_h0001152,2,12,58,2,2,2.0,1.0,,2.0,1,1,35_64,True,generative
donor_h0001152,3,21,31,2,2,2.0,2.0,,2.0,2,2,18_34,True,generative
donor_h0001152,4,16,4,2,2,,,,,7,2,0_17,False,dependent
donor_h0001153,1,7,65,2,2,2.0,2.0,,2.0,0,2,65_plus,True,generative
donor_h0001153,2,6,60,2,2,2.0,2.0,,2.0,1,2,35_64,True,generative
donor_h0001154,1,16,59,2,2,2.0,2.0,,2.0,0,2,35_64,True,generative
donor_h0001155,1,12,57,2,2,2.0,2.0,,2.0,0,2,35_64,True,generative
donor_h0001155,2,10,63,2,2,2.0,2.0,,2.0,1,2,35_64,True,generative
donor_h0001156,1,19,74,2,2,2.0,2.0,,2.0,0,2,65_plus,True,generative
donor_h0001156,2,23,80,2,2,2.0,2.0,,2.0,13,2,65_plus,True,generative
donor_h0001157,1,24,35,2,2,2.0,2.0,,2.0,0,2,35_64,True,generative
donor_h0001157,2,21,36,2,2,2.0,2.0,,2.0,1,2,35_64,True,generative
donor_h0001157,3,25,14,2,2,,2.0,,2.0,2,2,0_17,False,dependent
donor_h0001157,4,25,7,2,2,,2.0,,2.0,2,2,0_17,False,dependent
donor_h0001158,1,8,52,2,2,2.0,2.0,,2.0,0,2,35_64,True,generative
donor_h0001158,2,9,54,2,2,2.0,2.0,,2.0,1,2,35_64,True,generative
donor_h0001159,1,8,51,2,2,2.0,2.0,,2.0,0,2,35_64,True,generative
donor_h0001160,1,10,83,2,2,2.0,2.0,,2.0,0,2,65_plus,True,generative
donor_h0001160,2,10,84,2,2,2.0,2.0,,2.0,1,2,65_plus,True,generative
donor_h0001161,1,37,31,2,2,2.0,2.0,3.0,2.0,0,2,18_34,True,generative
donor_h0001161,2,41,3,2,2,,,,,2,2,0_17,False,dependent
donor_h0001161,3,39,33,2,2,2.0,2.0,,2.0,13,2,18_34,True,generative
donor_h0001162,1,4,75,2,2,2.0,2.0,,2.0,0,2,65_plus,True,generative
donor_h0001162,2,5,73,1,2,2.0,2.0,,2.0,1,1,65_plus,True,generative
donor_h0001163,1,23,67,2,2,2.0,1.0,,2.0,0,1,65_plus,True,generative
donor_h0001163,2,35,56,2,2,2.0,2.0,,2.0,11,2,35_64,True,generative
donor_h0001164,1,24,59,2,2,2.0,2.0,2.0,2.0,0,2,35_64,True,generative
donor_h0001164,2,26,59,2,2,2.0,2.0,,2.0,1,2,35_64,True,generative
donor_h0001164,3,29,15,2,2,2.0,2.0,,2.0,2,2,0_17,False,dependent
donor_h0001165,1,6,52,2,2,2.0,2.0,,2.0,0,2,35_64,True,generative
donor_h0001165,2,7,61,2,2,2.0,2.0,,2.0,1,2,35_64,True,generative
donor_h0001166,1,10,60,2,2,2.0,2.0,,2.0,0,2,35_64,True,generative
donor_h0001166,2,12,59,2,2,2.0,2.0,,2.0,13,2,35_64,True,generative
donor_h0001167,1,13,67,2,2,2.0,2.0,,2.0,0,2,65_plus,True,generative
donor_h0001167,2,13,66,2,2,2.0,1.0,,2.0,1,1,65_plus,True,generative
donor_h0001167,3,21,27,2,2,2.0,2.0,,2.0,2,2,18_34,True,generative
donor_h0001168,1,14,70,2,2,2.0,2.0,,2.0,0,2,65_plus,True,generative
donor_h0001168,2,16,69,2,2,2.0,2.0,,2.0,1,2,65_plus,True,generative
donor_h0001168,3,18,46,2,2,2.0,2.0,,2.0,2,2,35_64,True,generative
donor_h0001169,1,15,52,2,2,2.0,1.0,,1.0,0,1,35_64,True,generative
donor_h0001170,1,14,50,2,1,1.0,1.0,,1.0,0,1,35_64,True,generative
donor_h0001170,2,13,50,2,2,2.0,2.0,,2.0,1,2,35_64,True,generative
donor_h0001170,3,17,28,2,2,2.0,2.0,,2.0,2,2,18_34,True,generative
donor_h0001170,4,34,7,2,2,,2.0,,2.0,7,2,0_17,False,dependent
donor_h0001171,1,56,52,2,2,2.0,2.0,2.0,2.0,0,2,35_64,True,generative
donor_h0001171,2,77,11,2,2,,2.0,,2.0,2,2,0_17,False,dependent
donor_h0001172,1,19,87,2,2,1.0,1.0,,2.0,0,1,65_plus,True,generative
donor_h0001173,1,10,94,1,2,1.0,2.0,,2.0,0,1,65_plus,True,generative
donor_h0001174,1,12,61,2,2,2.0,2.0,,2.0,0,2,35_64,True,generative
donor_h0001174,2,10,64,2,2,2.0,2.0,,2.0,1,2,35_64,True,generative
donor_h0001175,1,18,63,2,2,2.0,2.0,,2.0,0,2,35_64,True,generative
donor_h0001175,2,17,64,2,2,2.0,2.0,,2.0,1,2,35_64,True,generative
donor_h0001176,1,20,68,2,2,2.0,2.0,,2.0,0,2,65_plus,True,generative
donor_h0001177,1,9,70,2,2,2.0,2.0,,2.0,0,2,65_plus,True,generative
donor_h0001178,1,2,49,2,2,2.0,2.0,,2.0,0,2,35_64,True,generative
donor_h0001178,2,3,20,2,2,2.0,2.0,,2.0,2,2,18_34,True,generative
donor_h0001178,3,2,54,2,2,2.0,2.0,,2.0,13,2,35_64,True,generative
donor_h0001179,1,15,55,2,2,2.0,2.0,,2.0,0,2,35_64,True,generative
donor_h0001179,2,18,54,2,2,1.0,1.0,,2.0,12,1,35_64,True,generative
donor_h0001180,1,13,62,2,2,2.0,2.0,,2.0,0,2,35_64,True,generative
donor_h0001180,2,14,61,2,2,2.0,2.0,,2.0,1,2,35_64,True,generative
donor_h0001181,1,12,77,2,2,2.0,2.0,,2.0,0,2,65_plus,True,generative
donor_h0001181,2,16,71,2,2,2.0,2.0,,2.0,13,2,65_plus,True,generative
donor_h0001182,1,16,68,2,2,2.0,2.0,,2.0,0,2,65_plus,True,generative
donor_h0001183,1,5,66,2,2,2.0,2.0,,2.0,0,2,65_plus,True,generative
donor_h0001183,2,5,69,2,2,2.0,2.0,,2.0,1,2,65_plus,True,generative
donor_h0001184,1,36,61,2,1,1.0,1.0,,1.0,0,1,35_64,True,generative
donor_h0001184,2,41,56,1,1,1.0,1.0,,1.0,1,1,35_64,True,generative
donor_h0001185,1,6,81,2,1,1.0,2.0,,1.0,0,1,65_plus,True,generative
donor_h0001185,2,10,51,2,2,1.0,2.0,,2.0,2,1,35_64,True,generative
donor_h0001186,1,13,31,2,2,2.0,2.0,,2.0,0,2,18_34,True,generative
donor_h0001186,2,18,25,2,2,2.0,2.0,,2.0,12,2,18_34,True,generative
donor_h0001187,1,9,58,2,2,2.0,2.0,,2.0,0,2,35_64,True,generative
donor_h0001187,2,11,60,2,2,2.0,2.0,,2.0,1,2,35_64,True,generative
donor_h0001188,1,7,46,2,2,2.0,2.0,,2.0,0,2,35_64,True,generative
donor_h0001188,2,8,46,2,2,2.0,2.0,,2.0,1,2,35_64,True,generative
donor_h0001188,3,9,16,2,2,2.0,2.0,,2.0,2,2,0_17,False,dependent
donor_h0001189,1,26,67,2,2,2.0,2.0,,2.0,0,2,65_plus,True,generative
donor_h0001189,2,26,67,2,2,2.0,2.0,,2.0,1,2,65_plus,True,generative
donor_h0001190,1,19,80,2,2,2.0,2.0,,2.0,0,2,65_plus,True,generative
donor_h0001191,1,25,26,2,2,2.0,2.0,,2.0,0,2,18_34,True,generative
donor_h0001191,2,28,31,2,2,2.0,2.0,,2.0,13,2,18_34,True,generative
donor_h0001192,1,24,44,1,2,2.0,2.0,,2.0,0,1,35_64,True,generative
donor_h0001193,1,3,83,2,2,1.0,1.0,,2.0,0,1,65_plus,True,generative
donor_h0001193,2,4,81,2,2,2.0,1.0,,2.0,1,1,65_plus,True,generative
donor_h0001193,3,5,53,2,2,2.0,2.0,,2.0,2,2,35_64,True,generative
donor_h0001194,1,36,22,2,2,2.0,2.0,,2.0,0,2,18_34,True,generative
donor_h0001194,2,44,24,1,2,2.0,2.0,,2.0,1,1,18_34,True,generative
donor_h0001194,3,36,9,2,2,,2.0,,2.0,2,2,0_17,False,dependent
donor_h0001194,4,36,8,2,2,,2.0,,2.0,2,2,0_17,False,dependent
donor_h0001194,5,39,4,2,2,,,,,2,2,0_17,False,dependent
donor_h0001194,6,39,2,2,2,,,,,2,2,0_17,False,dependent
donor_h0001195,1,11,64,2,2,2.0,2.0,,2.0,0,2,35_64,True,generative
donor_h0001195,2,14,65,2,2,2.0,2.0,,2.0,1,2,65_plus,True,generative
donor_h0001195,3,14,14,2,2,,2.0,,2.0,7,2,0_17,False,dependent
donor_h0001196,1,3,64,2,2,2.0,2.0,,2.0,0,2,35_64,True,generative
donor_h0001196,2,3,58,2,2,2.0,2.0,,2.0,1,2,35_64,True,generative
donor_h0001197,1,19,84,2,2,2.0,2.0,,2.0,0,2,65_plus,True,generative
donor_h0001198,1,13,46,2,2,2.0,2.0,,2.0,0,2,35_64,True,generative
donor_h0001198,2,16,20,2,2,2.0,2.0,,2.0,2,2,18_34,True,generative
donor_h0001198,3,10,15,2,2,2.0,2.0,,2.0,2,2,0_17,False,dependent
donor_h0001198,4,13,12,2,2,,2.0,,2.0,2,2,0_17,False,dependent
donor_h0001198,5,14,5,2,2,,2.0,,2.0,2,2,0_17,False,dependent
donor_h0001199,1,21,65,1,2,2.0,2.0,5.0,2.0,0,1,65_plus,True,generative
donor_h0001199,2,38,26,2,2,2.0,2.0,,2.0,2,2,18_34,True,generative
donor_h0001200,1,16,74,2,2,2.0,1.0,,2.0,0,1,65_plus,True,generative
donor_h0001200,2,17,72,2,2,2.0,2.0,,2.0,1,2,65_plus,True,generative
donor_h0001201,1,7,41,2,2,2.0,2.0,,2.0,0,2,35_64,True,generative
donor_h0001201,2,6,44,2,2,2.0,2.0,,2.0,1,2,35_64,True,generative
donor_h0001201,3,7,10,2,2,,2.0,,2.0,2,2,0_17,False,dependent
donor_h0001202,1,37,59,2,2,2.0,2.0,,2.0,0,2,35_64,True,generative
donor_h0001202,2,63,59,2,2,2.0,2.0,,2.0,11,2,35_64,True,generative
donor_h0001203,1,55,48,2,2,2.0,2.0,,2.0,0,2,35_64,True,generative
donor_h0001204,1,5,68,1,2,2.0,1.0,5.0,2.0,0,1,65_plus,True,generative
donor_h0001204,2,5,65,2,2,2.0,2.0,,2.0,1,2,65_plus,True,generative
donor_h0001205,1,13,83,2,2,2.0,2.0,,2.0,0,2,65_plus,True,generative
donor_h0001205,2,12,81,1,2,2.0,2.0,,2.0,1,1,65_plus,True,generative
donor_h0001206,1,11,83,2,2,2.0,1.0,6.0,2.0,0,1,65_plus,True,generative
donor_h0001206,2,15,74,1,2,1.0,1.0,,1.0,1,1,65_plus,True,generative
donor_h0001207,1,11,64,2,1,1.0,2.0,,2.0,0,1,35_64,True,generative
donor_h0001208,1,8,64,2,2,2.0,2.0,,2.0,0,2,35_64,True,generative
donor_h0001208,2,7,64,2,2,2.0,1.0,,2.0,1,1,35_64,True,generative
donor_h0001208,3,10,15,2,2,2.0,2.0,,2.0,7,2,0_17,False,dependent
donor_h0001209,1,12,71,1,2,2.0,2.0,5.0,2.0,0,1,65_plus,True,generative
donor_h0001209,2,13,66,2,2,2.0,2.0,,2.0,1,2,65_plus,True,generative
donor_h0001210,1,15,89,2,1,1.0,1.0,,2.0,0,1,65_plus,True,generative
donor_h0001210,2,22,38,2,2,2.0,2.0,,2.0,7,2,35_64,True,generative
donor_h0001211,1,36,64,2,1,2.0,2.0,,2.0,0,1,35_64,True,generative
donor_h0001211,2,32,58,2,2,1.0,1.0,,2.0,1,1,35_64,True,generative
donor_h0001211,3,68,29,2,2,2.0,2.0,,2.0,2,2,18_34,True,generative
donor_h0001211,4,43,10,2,2,,2.0,,2.0,7,2,0_17,False,dependent
donor_h0001211,5,34,9,2,2,,2.0,,2.0,7,2,0_17,False,dependent
donor_h0001212,1,15,71,1,2,2.0,2.0,,2.0,0,1,65_plus,True,generative
donor_h0001212,2,16,68,2,2,2.0,2.0,,2.0,1,2,65_plus,True,generative
donor_h0001213,1,12,53,2,2,2.0,2.0,,2.0,0,2,35_64,True,generative
donor_h0001213,2,15,52,2,2,2.0,2.0,,2.0,1,2,35_64,True,generative
donor_h0001213,3,19,21,2,2,2.0,2.0,,2.0,2,2,18_34,True,generative
donor_h0001213,4,17,17,2,2,2.0,2.0,,2.0,2,2,0_17,False,dependent
donor_h0001214,1,20,65,2,2,2.0,2.0,,2.0,0,2,65_plus,True,generative
donor_h0001214,2,18,64,2,2,2.0,2.0,,2.0,1,2,35_64,True,generative
donor_h0001215,1,2,68,2,2,2.0,2.0,,2.0,0,2,65_plus,True,generative
donor_h0001215,2,2,68,2,2,2.0,2.0,,2.0,13,2,65_plus,True,generative
donor_h0001216,1,13,43,2,2,1.0,1.0,,2.0,0,1,35_64,True,generative
donor_h0001216,2,13,17,2,2,2.0,2.0,,2.0,2,2,0_17,False,dependent
donor_h0001217,1,3,82,2,2,2.0,1.0,,2.0,0,1,65_plus,True,generative
donor_h0001217,2,2,86,2,1,2.0,2.0,,1.0,1,1,65_plus,True,generative
donor_h0001218,1,37,49,1,1,2.0,1.0,,1.0,0,1,35_64,True,generative
donor_h0001218,2,23,19,2,2,2.0,2.0,,2.0,2,2,18_34,True,generative
donor_h0001218,3,36,2,2,2,,,,,7,2,0_17,False,dependent
donor_h0001218,4,47,19,2,2,2.0,2.0,,2.0,9,2,18_34,True,generative
donor_h0001219,1,8,63,2,2,2.0,2.0,,2.0,0,2,35_64,True,generative
donor_h0001219,2,11,72,2,2,2.0,2.0,,2.0,1,2,65_plus,True,generative
donor_h0001219,3,16,43,2,2,2.0,2.0,,2.0,2,2,35_64,True,generative
donor_h0001219,4,24,20,2,2,2.0,2.0,,2.0,2,2,18_34,True,generative
donor_h0001220,1,8,67,2,2,2.0,2.0,,2.0,0,2,65_plus,True,generative
donor_h0001221,1,13,39,2,2,2.0,2.0,,2.0,0,2,35_64,True,generative
donor_h0001222,1,10,88,1,2,2.0,2.0,,2.0,0,1,65_plus,True,generative
donor_h0001223,1,11,57,2,2,2.0,2.0,,1.0,0,1,35_64,True,generative
donor_h0001223,2,11,75,2,2,2.0,2.0,,2.0,1,2,65_plus,True,generative
donor_h0001224,1,7,56,2,2,2.0,2.0,,2.0,0,2,35_64,True,generative
donor_h0001225,1,2,35,2,2,2.0,2.0,,2.0,0,2,35_64,True,generative
donor_h0001225,2,2,34,2,2,2.0,2.0,,2.0,1,2,18_34,True,generative
donor_h0001225,3,2,12,2,2,,2.0,,2.0,2,2,0_17,False,dependent
donor_h0001225,4,2,9,2,2,,2.0,,2.0,2,2,0_17,False,dependent
donor_h0001225,5,2,5,2,2,,2.0,,2.0,2,2,0_17,False,dependent
donor_h0001225,6,2,3,2,2,,,,,2,2,0_17,False,dependent
donor_h0001225,7,2,0,2,2,,,,,2,2,0_17,False,dependent
donor_h0001226,1,7,37,1,2,2.0,2.0,,2.0,0,1,35_64,True,generative
donor_h0001226,2,7,36,2,2,2.0,2.0,,2.0,1,2,35_64,True,generative
donor_h0001227,1,5,48,2,2,2.0,2.0,,2.0,0,2,35_64,True,generative
donor_h0001227,2,5,54,2,2,2.0,2.0,,2.0,11,2,35_64,True,generative
donor_h0001228,1,52,27,2,2,2.0,2.0,,1.0,0,1,18_34,True,generative
donor_h0001228,2,32,23,2,2,2.0,1.0,,2.0,13,1,18_34,True,generative
donor_h0001229,1,5,80,2,2,2.0,2.0,,2.0,0,2,65_plus,True,generative
donor_h0001230,1,13,78,2,1,2.0,1.0,,2.0,0,1,65_plus,True,generative
donor_h0001231,1,8,68,2,2,2.0,2.0,,2.0,0,2,65_plus,True,generative
donor_h0001232,1,16,32,2,2,2.0,2.0,,2.0,0,2,18_34,True,generative
donor_h0001233,1,11,79,2,2,2.0,2.0,,1.0,0,1,65_plus,True,generative
donor_h0001233,2,13,63,2,2,2.0,2.0,,2.0,1,2,35_64,True,generative
donor_h0001234,1,10,86,2,2,2.0,2.0,,2.0,0,2,65_plus,True,generative
donor_h0001235,1,66,59,2,2,2.0,2.0,,2.0,0,2,35_64,True,generative
donor_h0001236,1,13,60,2,2,2.0,2.0,,2.0,0,2,35_64,True,generative
donor_h0001236,2,16,36,2,2,2.0,2.0,,2.0,2,2,35_64,True,generative
donor_h0001236,3,25,26,2,2,2.0,2.0,,2.0,2,2,18_34,True,generative
donor_h0001237,1,11,59,2,2,2.0,2.0,,2.0,0,2,35_64,True,generative
donor_h0001237,2,20,72,1,2,2.0,2.0,,1.0,10,1,65_plus,True,generative
donor_h0001238,1,36,31,2,2,2.0,2.0,,2.0,0,2,18_34,True,generative
donor_h0001238,2,19,28,2,2,2.0,1.0,,2.0,1,1,18_34,True,generative
donor_h0001238,3,6,0,2,2,,,,,2,2,0_17,False,dependent
donor_h0001239,1,24,71,2,2,2.0,2.0,,2.0,0,2,65_plus,True,generative
donor_h0001239,2,24,68,2,2,2.0,2.0,,2.0,1,2,65_plus,True,generative
donor_h0001239,3,27,94,1,1,1.0,1.0,,2.0,6,1,65_plus,True,generative
donor_h0001239,4,25,21,2,2,2.0,2.0,,2.0,7,2,18_34,True,generative
donor_h0001240,1,6,52,2,2,2.0,2.0,4.0,2.0,0,2,35_64,True,generative
donor_h0001240,2,8,49,2,2,2.0,2.0,,2.0,1,2,35_64,True,generative
donor_h0001240,3,13,30,2,2,2.0,2.0,,2.0,2,2,18_34,True,generative
donor_h0001240,4,9,3,2,2,,,,,7,2,0_17,False,dependent
donor_h0001241,1,8,63,2,2,2.0,2.0,,2.0,0,2,35_64,True,generative
donor_h0001241,2,7,84,2,2,2.0,2.0,,2.0,1,2,65_plus,True,generative
donor_h0001242,1,6,53,2,2,2.0,2.0,,2.0,0,2,35_64,True,generative
donor_h0001243,1,23,58,2,2,2.0,2.0,,2.0,0,2,35_64,True,generative
donor_h0001243,2,21,61,2,2,2.0,2.0,,2.0,1,2,35_64,True,generative
donor_h0001243,3,29,88,2,2,1.0,2.0,,1.0,6,1,65_plus,True,generative
donor_h0001244,1,15,55,2,2,2.0,2.0,,2.0,0,2,35_64,True,generative
donor_h0001244,2,13,55,2,2,2.0,2.0,,2.0,13,2,35_64,True,generative
donor_h0001245,1,18,62,2,2,2.0,2.0,,2.0,0,2,35_64,True,generative
donor_h0001245,2,13,60,2,2,2.0,2.0,,2.0,1,2,35_64,True,generative
donor_h0001246,1,13,28,2,2,2.0,2.0,,2.0,0,2,18_34,True,generative
donor_h0001246,2,16,27,2,2,2.0,2.0,,2.0,1,2,18_34,True,generative
donor_h0001246,3,16,9,2,2,,2.0,,2.0,2,2,0_17,False,dependent
donor_h0001246,4,12,8,2,2,,2.0,,2.0,2,2,0_17,False,dependent
donor_h0001246,5,10,4,2,2,,,,,2,2,0_17,False,dependent
donor_h0001246,6,9,1,2,2,,,,,2,2,0_17,False,dependent
donor_h0001247,1,8,50,2,2,2.0,2.0,,2.0,0,2,35_64,True,generative
donor_h0001247,2,9,45,2,2,2.0,2.0,,2.0,1,2,35_64,True,generative
donor_h0001247,3,11,20,2,2,2.0,2.0,,2.0,2,2,18_34,True,generative
donor_h0001247,4,10,14,2,2,,2.0,,2.0,2,2,0_17,False,dependent
donor_h0001247,5,10,11,2,2,,2.0,,2.0,2,2,0_17,False,dependent
donor_h0001248,1,12,45,2,2,2.0,2.0,,2.0,0,2,35_64,True,generative
donor_h0001248,2,13,46,2,2,2.0,2.0,,2.0,1,2,35_64,True,generative
donor_h0001248,3,15,16,2,2,2.0,2.0,,2.0,2,2,0_17,False,dependent
donor_h0001248,4,15,14,2,2,,2.0,,2.0,2,2,0_17,False,dependent
donor_h0001248,5,15,1,2,2,,,,,2,2,0_17,False,dependent
donor_h0001249,1,11,84,1,2,2.0,2.0,,2.0,0,1,65_plus,True,generative
donor_h0001250,1,11,62,2,2,2.0,2.0,,2.0,0,2,35_64,True,generative
donor_h0001251,1,13,57,2,2,2.0,1.0,,1.0,0,1,35_64,True,generative
donor_h0001251,2,13,34,2,2,1.0,2.0,,1.0,12,1,18_34,True,generative
donor_h0001252,1,9,39,2,2,2.0,2.0,,2.0,0,2,35_64,True,generative
donor_h0001252,2,8,46,2,2,2.0,2.0,,2.0,1,2,35_64,True,generative
donor_h0001252,3,9,9,2,2,,2.0,,2.0,2,2,0_17,False,dependent
donor_h0001252,4,8,7,2,2,,2.0,,2.0,2,2,0_17,False,dependent
donor_h0001253,1,15,64,2,2,2.0,2.0,,2.0,0,2,35_64,True,generative
donor_h0001253,2,14,4,2,2,,,,,7,2,0_17,False,dependent
donor_h0001254,1,15,56,2,2,2.0,2.0,,2.0,0,2,35_64,True,generative
donor_h0001254,2,13,76,2,2,1.0,1.0,,1.0,1,1,65_plus,True,generative
donor_h0001255,1,5,74,1,2,2.0,1.0,,2.0,0,1,65_plus,True,generative
donor_h0001255,2,5,75,1,2,2.0,1.0,,2.0,1,1,65_plus,True,generative
donor_h0001256,1,45,46,2,2,2.0,2.0,,2.0,0,2,35_64,True,generative
donor_h0001256,2,51,42,2,2,2.0,2.0,,2.0,1,2,35_64,True,generative
donor_h0001256,3,42,17,2,2,2.0,2.0,,2.0,2,2,0_17,False,dependent
donor_h0001256,4,31,19,2,2,2.0,2.0,,2.0,4,2,18_34,True,generative
donor_h0001256,5,43,16,2,1,2.0,1.0,,2.0,4,1,0_17,False,dependent
donor_h0001257,1,12,35,2,2,2.0,2.0,,2.0,0,2,35_64,True,generative
donor_h0001257,2,13,32,2,2,2.0,2.0,,2.0,1,2,18_34,True,generative
donor_h0001257,3,12,1,2,2,,,,,2,2,0_17,False,dependent
donor_h0001257,4,18,59,2,2,1.0,2.0,,1.0,6,1,35_64,True,generative
donor_h0001258,1,8,59,2,2,1.0,1.0,,1.0,0,1,35_64,True,generative
donor_h0001258,2,7,55,2,2,2.0,2.0,,2.0,1,2,35_64,True,generative
donor_h0001259,1,14,64,2,1,2.0,2.0,,2.0,0,1,35_64,True,generative
donor_h0001260,1,45,30,2,2,2.0,2.0,,2.0,0,2,18_34,True,generative
donor_h0001261,1,14,72,2,2,1.0,1.0,,2.0,0,1,65_plus,True,generative
donor_h0001262,1,53,57,2,2,2.0,2.0,,2.0,0,2,35_64,True,generative
donor_h0001262,2,52,28,2,2,2.0,2.0,,2.0,2,2,18_34,True,generative
donor_h0001263,1,23,72,2,2,2.0,2.0,,2.0,0,2,65_plus,True,generative
donor_h0001263,2,18,79,2,2,2.0,2.0,,2.0,1,2,65_plus,True,generative
donor_h0001264,1,16,65,2,2,2.0,2.0,,1.0,0,1,65_plus,True,generative
donor_h0001264,2,18,44,2,2,2.0,2.0,,2.0,2,2,35_64,True,generative
donor_h0001264,3,9,19,2,2,2.0,2.0,,2.0,7,2,18_34,True,generative
donor_h0001264,4,15,14,2,2,,2.0,,2.0,7,2,0_17,False,dependent
donor_h0001265,1,26,42,2,2,2.0,2.0,,2.0,0,2,35_64,True,generative
donor_h0001265,2,26,16,2,2,2.0,2.0,,2.0,2,2,0_17,False,dependent
donor_h0001266,1,10,57,2,2,2.0,2.0,,2.0,0,2,35_64,True,generative
donor_h0001266,2,11,57,2,2,2.0,2.0,,2.0,1,2,35_64,True,generative
donor_h0001267,1,25,72,2,2,2.0,2.0,,2.0,0,2,65_plus,True,generative
donor_h0001267,2,26,71,2,2,2.0,2.0,,2.0,1,2,65_plus,True,generative
donor_h0001268,1,4,51,2,2,2.0,1.0,,2.0,0,1,35_64,True,generative
donor_h0001268,2,7,32,2,2,2.0,2.0,,2.0,2,2,18_34,True,generative
donor_h0001268,3,8,29,2,2,2.0,2.0,,2.0,9,2,18_34,True,generative
donor_h0001269,1,14,30,2,1,2.0,2.0,,2.0,0,1,18_34,True,generative
donor_h0001269,2,16,11,2,2,,2.0,,2.0,2,2,0_17,False,dependent
donor_h0001269,3,15,9,2,2,,2.0,,2.0,2,2,0_17,False,dependent
donor_h0001269,4,14,6,2,2,,2.0,,2.0,3,2,0_17,False,dependent
donor_h0001270,1,9,57,2,2,2.0,2.0,,2.0,0,2,35_64,True,generative
donor_h0001270,2,8,80,2,2,2.0,2.0,,2.0,15,2,65_plus,True,generative
donor_h0001271,1,3,56,2,2,2.0,2.0,,2.0,0,2,35_64,True,generative
donor_h0001272,1,13,94,1,1,1.0,2.0,,2.0,0,1,65_plus,True,generative
donor_h0001273,1,15,67,2,2,2.0,2.0,,2.0,0,2,65_plus,True,generative
donor_h0001273,2,16,66,2,2,2.0,2.0,,2.0,1,2,65_plus,True,generative
donor_h0001274,1,19,62,2,2,2.0,1.0,,2.0,0,1,35_64,True,generative
donor_h0001274,2,21,63,2,2,2.0,1.0,,2.0,1,1,35_64,True,generative
donor_h0001274,3,31,53,2,2,2.0,2.0,,2.0,5,2,35_64,True,generative
donor_h0001275,1,8,55,2,2,2.0,2.0,,2.0,0,2,35_64,True,generative
donor_h0001275,2,8,59,2,2,1.0,1.0,,2.0,1,1,35_64,True,generative
donor_h0001275,3,15,25,2,2,2.0,2.0,,2.0,2,2,18_34,True,generative
donor_h0001275,4,9,24,2,2,2.0,2.0,,2.0,2,2,18_34,True,generative
donor_h0001276,1,7,75,2,2,2.0,2.0,,2.0,0,2,65_plus,True,generative
donor_h0001276,2,9,73,2,2,2.0,2.0,,2.0,1,2,65_plus,True,generative
donor_h0001277,1,11,87,1,2,1.0,1.0,,1.0,0,1,65_plus,True,generative
donor_h0001277,2,11,81,1,2,2.0,1.0,,2.0,1,1,65_plus,True,generative
donor_h0001278,1,13,51,2,2,2.0,2.0,,2.0,0,2,35_64,True,generative
donor_h0001278,2,20,81,2,2,2.0,2.0,,2.0,6,2,65_plus,True,generative
donor_h0001278,3,23,28,2,2,2.0,2.0,,2.0,12,2,18_34,True,generative
donor_h0001279,1,5,64,2,2,2.0,2.0,,2.0,0,2,35_64,True,generative
donor_h0001280,1,7,59,2,2,2.0,2.0,,2.0,0,2,35_64,True,generative
donor_h0001280,2,7,46,1,2,2.0,2.0,,2.0,1,1,35_64,True,generative
donor_h0001281,1,9,83,2,2,2.0,2.0,,2.0,0,2,65_plus,True,generative
donor_h0001281,2,15,29,2,2,2.0,2.0,,2.0,7,2,18_34,True,generative
donor_h0001281,3,13,84,2,2,2.0,2.0,,2.0,10,2,65_plus,True,generative
donor_h0001281,4,17,72,2,2,2.0,2.0,,2.0,15,2,65_plus,True,generative
donor_h0001282,1,12,80,2,2,2.0,2.0,,2.0,0,2,65_plus,True,generative
donor_h0001282,2,15,73,2,2,2.0,2.0,,2.0,1,2,65_plus,True,generative
donor_h0001283,1,6,63,1,2,2.0,1.0,4.0,2.0,0,1,35_64,True,generative
donor_h0001283,2,7,62,2,2,2.0,2.0,,2.0,1,2,35_64,True,generative
donor_h0001283,3,9,83,2,2,1.0,1.0,,2.0,6,1,65_plus,True,generative
donor_h0001284,1,12,76,2,2,2.0,2.0,,2.0,0,2,65_plus,True,generative
donor_h0001284,2,8,89,2,2,2.0,1.0,,2.0,1,1,65_plus,True,generative
donor_h0001285,1,12,37,2,2,2.0,2.0,,2.0,0,2,35_64,True,generative
donor_h0001285,2,16,34,2,2,2.0,2.0,,2.0,1,2,18_34,True,generative
donor_h0001285,3,17,5,2,2,,2.0,,2.0,2,2,0_17,False,dependent
donor_h0001285,4,16,12,2,2,,2.0,,2.0,4,2,0_17,False,dependent
donor_h0001285,5,16,9,2,2,,2.0,,2.0,4,2,0_17,False,dependent
donor_h0001285,6,22,60,2,2,1.0,2.0,,2.0,8,1,35_64,True,generative
donor_h0001286,1,29,28,2,2,2.0,2.0,,2.0,0,2,18_34,True,generative
donor_h0001287,1,10,88,2,2,1.0,2.0,,1.0,0,1,65_plus,True,generative
donor_h0001288,1,23,70,2,2,2.0,2.0,,2.0,0,2,65_plus,True,generative
donor_h0001289,1,33,94,1,1,1.0,1.0,,1.0,0,1,65_plus,True,generative
donor_h0001290,1,3,69,2,2,2.0,2.0,,2.0,0,2,65_plus,True,generative
donor_h0001290,2,2,69,1,2,2.0,2.0,,2.0,1,1,65_plus,True,generative
donor_h0001290,3,3,45,2,2,2.0,2.0,,2.0,4,2,35_64,True,generative
donor_h0001290,4,2,5,2,2,,1.0,,1.0,7,1,0_17,False,dependent
donor_h0001291,1,23,83,1,2,2.0,1.0,,2.0,0,1,65_plus,True,generative
donor_h0001291,2,23,85,1,2,2.0,1.0,,2.0,1,1,65_plus,True,generative
donor_h0001292,1,11,22,2,2,2.0,2.0,,2.0,0,2,18_34,True,generative
donor_h0001292,2,12,24,2,2,2.0,2.0,,2.0,1,2,18_34,True,generative
donor_h0001292,3,13,4,2,2,,,,,2,2,0_17,False,dependent
donor_h0001292,4,16,3,2,2,,,,,2,2,0_17,False,dependent
donor_h0001292,5,17,0,2,2,,,,,2,2,0_17,False,dependent
donor_h0001292,6,13,19,2,2,2.0,2.0,,2.0,5,2,18_34,True,generative
donor_h0001292,7,10,3,2,2,,,,,10,2,0_17,False,dependent
donor_h0001293,1,5,65,2,2,2.0,2.0,,2.0,0,2,65_plus,True,generative
donor_h0001293,2,4,56,2,2,2.0,2.0,,2.0,1,2,35_64,True,generative
donor_h0001293,3,5,13,2,2,,2.0,,2.0,2,2,0_17,False,dependent
donor_h0001294,1,22,63,2,2,2.0,2.0,,2.0,0,2,35_64,True,generative
donor_h0001294,2,17,60,2,2,1.0,1.0,,1.0,1,1,35_64,True,generative
donor_h0001295,1,29,50,2,2,2.0,2.0,,2.0,0,2,35_64,True,generative
donor_h0001295,2,47,21,2,2,2.0,2.0,,2.0,5,2,18_34,True,generative
donor_h0001295,3,46,21,2,2,2.0,2.0,,2.0,5,2,18_34,True,generative
donor_h0001295,4,48,46,2,2,2.0,2.0,,2.0,10,2,35_64,True,generative
donor_h0001296,1,8,52,2,2,2.0,2.0,,2.0,0,2,35_64,True,generative
donor_h0001297,1,7,54,2,2,2.0,2.0,,2.0,0,2,35_64,True,generative
donor_h0001297,2,9,52,2,2,2.0,2.0,,2.0,1,2,35_64,True,generative
donor_h0001297,3,16,26,2,2,2.0,2.0,,2.0,2,2,18_34,True,generative
donor_h0001298,1,8,70,2,2,2.0,2.0,,2.0,0,2,65_plus,True,generative
donor_h0001298,2,8,70,2,2,2.0,2.0,,2.0,1,2,65_plus,True,generative
donor_h0001299,1,6,77,2,2,2.0,2.0,,2.0,0,2,65_plus,True,generative
donor_h0001299,2,9,48,2,2,2.0,2.0,,2.0,2,2,35_64,True,generative
donor_h0001299,3,10,48,2,2,2.0,2.0,,2.0,2,2,35_64,True,generative
donor_h0001300,1,38,49,2,2,2.0,2.0,,2.0,0,2,35_64,True,generative
donor_h0001300,2,48,20,2,2,2.0,2.0,,2.0,2,2,18_34,True,generative
donor_h0001301,1,13,30,2,2,2.0,2.0,,2.0,0,2,18_34,True,generative
donor_h0001301,2,10,36,2,2,2.0,2.0,,2.0,1,2,35_64,True,generative
donor_h0001301,3,12,8,2,2,,2.0,,2.0,2,2,0_17,False,dependent
donor_h0001301,4,13,8,2,2,,2.0,,2.0,2,2,0_17,False,dependent
donor_h0001301,5,14,6,2,2,,2.0,,2.0,4,2,0_17,False,dependent
donor_h0001301,6,18,55,2,2,2.0,1.0,,2.0,10,1,35_64,True,generative
donor_h0001301,7,20,34,2,2,1.0,2.0,,2.0,10,1,18_34,True,generative
donor_h0001301,8,13,7,1,2,,2.0,,1.0,10,1,0_17,False,dependent
donor_h0001302,1,9,61,2,2,2.0,2.0,,2.0,0,2,35_64,True,generative
donor_h0001302,2,7,79,2,2,2.0,2.0,,2.0,1,2,65_plus,True,generative
donor_h0001303,1,62,53,2,2,2.0,2.0,,2.0,0,2,35_64,True,generative
donor_h0001303,2,56,57,2,2,2.0,2.0,,2.0,13,2,35_64,True,generative
donor_h0001304,1,8,73,2,2,2.0,2.0,,2.0,0,2,65_plus,True,generative
donor_h0001304,2,6,83,2,2,2.0,2.0,,2.0,13,2,65_plus,True,generative
donor_h0001305,1,20,66,2,2,2.0,1.0,,2.0,0,1,65_plus,True,generative
donor_h0001305,2,19,69,2,2,2.0,2.0,,2.0,1,2,65_plus,True,generative
donor_h0001306,1,11,51,2,2,2.0,2.0,,2.0,0,2,35_64,True,generative
donor_h0001307,1,14,64,2,2,2.0,1.0,5.0,2.0,0,1,35_64,True,generative
donor_h0001307,2,16,66,2,2,2.0,2.0,,2.0,1,2,65_plus,True,generative
donor_h0001308,1,12,85,2,2,2.0,2.0,,2.0,0,2,65_plus,True,generative
donor_h0001309,1,46,30,2,2,2.0,2.0,,1.0,0,1,18_34,True,generative
donor_h0001309,2,42,6,2,2,,2.0,,2.0,2,2,0_17,False,dependent
donor_h0001310,1,53,32,2,2,2.0,2.0,,2.0,0,2,18_34,True,generative
donor_h0001310,2,65,38,1,2,2.0,2.0,,2.0,12,1,35_64,True,generative
donor_h0001311,1,14,55,2,2,2.0,2.0,,2.0,0,2,35_64,True,generative
donor_h0001311,2,12,53,2,2,2.0,2.0,,2.0,1,2,35_64,True,generative
donor_h0001311,3,9,19,2,2,2.0,2.0,,2.0,2,2,18_34,True,generative
donor_h0001312,1,25,68,2,2,2.0,2.0,,2.0,0,2,65_plus,True,generative
donor_h0001312,2,25,68,2,2,2.0,2.0,,1.0,1,1,65_plus,True,generative
donor_h0001313,1,24,65,2,2,2.0,2.0,,2.0,0,2,65_plus,True,generative
donor_h0001313,2,23,17,2,2,2.0,2.0,,2.0,7,2,0_17,False,dependent
donor_h0001314,1,8,59,2,2,1.0,1.0,,1.0,0,1,35_64,True,generative
donor_h0001314,2,9,65,2,2,2.0,2.0,,2.0,13,2,65_plus,True,generative
donor_h0001315,1,5,73,1,2,2.0,2.0,,2.0,0,1,65_plus,True,generative
donor_h0001316,1,11,83,1,2,1.0,2.0,,2.0,0,1,65_plus,True,generative
donor_h0001316,2,7,52,2,2,2.0,2.0,,2.0,2,2,35_64,True,generative
donor_h0001316,3,9,21,2,2,2.0,2.0,,2.0,7,2,18_34,True,generative
donor_h0001316,4,6,19,2,2,2.0,2.0,,2.0,7,2,18_34,True,generative
donor_h0001317,1,7,87,2,2,2.0,2.0,,2.0,0,2,65_plus,True,generative
donor_h0001317,2,7,87,1,2,2.0,1.0,,2.0,1,1,65_plus,True,generative
donor_h0001318,1,11,45,2,2,2.0,2.0,,2.0,0,2,35_64,True,generative
donor_h0001318,2,11,51,2,1,2.0,2.0,,2.0,1,1,35_64,True,generative
donor_h0001318,3,23,24,2,2,2.0,2.0,,2.0,2,2,18_34,True,generative
donor_h0001319,1,27,20,2,2,2.0,2.0,,2.0,0,2,18_34,True,generative
donor_h0001319,2,29,21,2,2,2.0,2.0,,2.0,13,2,18_34,True,generative
donor_h0001320,1,14,87,2,2,2.0,2.0,,2.0,0,2,65_plus,True,generative
donor_h0001321,1,9,39,2,2,2.0,2.0,,2.0,0,2,35_64,True,generative
donor_h0001321,2,12,3,2,2,,,,,2,2,0_17,False,dependent
donor_h0001322,1,16,31,2,2,2.0,2.0,,2.0,0,2,18_34,True,generative
donor_h0001322,2,14,28,2,1,2.0,2.0,,2.0,1,1,18_34,True,generative
donor_h0001323,1,13,70,2,2,2.0,2.0,,2.0,0,2,65_plus,True,generative
donor_h0001323,2,15,70,2,2,2.0,2.0,,2.0,1,2,65_plus,True,generative
donor_h0001324,1,10,77,2,2,1.0,1.0,,2.0,0,1,65_plus,True,generative
donor_h0001324,2,10,87,1,2,2.0,2.0,,2.0,1,1,65_plus,True,generative
donor_h0001325,1,2,58,2,2,2.0,2.0,,2.0,0,2,35_64,True,generative
donor_h0001325,2,2,58,2,2,2.0,2.0,,2.0,1,2,35_64,True,generative
donor_h0001326,1,4,61,2,2,2.0,2.0,,2.0,0,2,35_64,True,generative
donor_h0001326,2,3,61,2,2,2.0,2.0,,2.0,1,2,35_64,True,generative
donor_h0001327,1,11,77,2,2,2.0,2.0,,2.0,0,2,65_plus,True,generative
donor_h0001328,1,118,19,1,2,2.0,2.0,,2.0,0,1,18_34,True,generative
donor_h0001328,2,70,53,1,2,2.0,2.0,,2.0,6,1,35_64,True,generative
donor_h0001328,3,74,51,2,2,2.0,2.0,,2.0,6,2,35_64,True,generative
donor_h0001329,1,16,67,1,2,2.0,2.0,,2.0,0,1,65_plus,True,generative
donor_h0001330,1,11,37,2,2,2.0,2.0,,2.0,0,2,35_64,True,generative
donor_h0001330,2,13,16,2,2,2.0,2.0,,2.0,2,2,0_17,False,dependent
donor_h0001330,3,14,37,2,2,2.0,2.0,,2.0,12,2,35_64,True,generative
donor_h0001330,4,17,25,2,2,2.0,2.0,,2.0,12,2,18_34,True,generative
donor_h0001331,1,5,44,2,2,2.0,2.0,,2.0,0,2,35_64,True,generative
donor_h0001331,2,6,47,2,2,2.0,2.0,,2.0,1,2,35_64,True,generative
donor_h0001331,3,7,14,2,2,,2.0,,2.0,2,2,0_17,False,dependent
donor_h0001331,4,7,22,2,2,2.0,2.0,,2.0,3,2,18_34,True,generative
donor_h0001332,1,17,65,2,2,2.0,1.0,,2.0,0,1,65_plus,True,generative
donor_h0001333,1,10,52,2,2,2.0,2.0,,2.0,0,2,35_64,True,generative
donor_h0001334,1,9,52,1,2,2.0,2.0,,2.0,0,1,35_64,True,generative
donor_h0001334,2,12,10,2,2,,2.0,,2.0,2,2,0_17,False,dependent
donor_h0001335,1,4,72,2,2,2.0,2.0,,2.0,0,2,65_plus,True,generative
donor_h0001336,1,19,77,2,2,2.0,1.0,,2.0,0,1,65_plus,True,generative
donor_h0001336,2,28,54,2,2,2.0,2.0,,2.0,2,2,35_64,True,generative
donor_h0001336,3,33,53,2,2,2.0,2.0,,2.0,9,2,35_64,True,generative
donor_h0001337,1,12,35,2,2,2.0,2.0,,2.0,0,2,35_64,True,generative
donor_h0001337,2,16,4,2,2,,,,,2,2,0_17,False,dependent
donor_h0001337,3,12,3,2,2,,,,,2,2,0_17,False,dependent
donor_h0001337,4,19,59,2,1,1.0,1.0,,1.0,6,1,35_64,True,generative
donor_h0001338,1,44,44,2,2,2.0,2.0,,2.0,0,2,35_64,True,generative
donor_h0001338,2,56,17,2,2,1.0,2.0,,1.0,2,1,0_17,False,dependent
donor_h0001339,1,14,55,2,2,2.0,2.0,,2.0,0,2,35_64,True,generative
donor_h0001339,2,12,57,2,2,2.0,2.0,,2.0,1,2,35_64,True,generative
donor_h0001340,1,13,52,2,2,2.0,2.0,,2.0,0,2,35_64,True,generative
donor_h0001341,1,13,56,2,2,2.0,2.0,,2.0,0,2,35_64,True,generative
donor_h0001341,2,13,55,2,2,2.0,2.0,,2.0,1,2,35_64,True,generative
donor_h0001342,1,26,71,2,2,2.0,1.0,,1.0,0,1,65_plus,True,generative
donor_h0001343,1,11,64,2,2,2.0,2.0,,2.0,0,2,35_64,True,generative
donor_h0001343,2,11,60,2,2,2.0,2.0,,2.0,1,2,35_64,True,generative
donor_h0001344,1,7,60,2,2,2.0,2.0,,2.0,0,2,35_64,True,generative
donor_h0001344,2,8,57,2,2,2.0,2.0,,2.0,1,2,35_64,True,generative
donor_h0001345,1,7,74,2,2,1.0,1.0,,1.0,0,1,65_plus,True,generative
donor_h0001346,1,23,74,2,2,2.0,2.0,,2.0,0,2,65_plus,True,generative
donor_h0001346,2,31,57,2,2,2.0,2.0,,2.0,2,2,35_64,True,generative
donor_h0001346,3,28,57,2,2,2.0,2.0,,2.0,2,2,35_64,True,generative
donor_h0001346,4,26,54,2,2,2.0,2.0,,2.0,2,2,35_64,True,generative
donor_h0001346,5,25,52,2,2,1.0,2.0,,2.0,2,1,35_64,True,generative
donor_h0001347,1,14,51,2,2,2.0,2.0,,2.0,0,2,35_64,True,generative
donor_h0001347,2,13,44,2,2,2.0,2.0,,2.0,1,2,35_64,True,generative
donor_h0001347,3,17,24,2,2,2.0,2.0,,2.0,2,2,18_34,True,generative
donor_h0001347,4,17,21,2,2,2.0,2.0,,2.0,2,2,18_34,True,generative
donor_h0001348,1,4,71,2,2,1.0,1.0,,2.0,0,1,65_plus,True,generative
donor_h0001348,2,5,73,2,2,1.0,1.0,,1.0,1,1,65_plus,True,generative
donor_h0001348,3,6,18,2,2,2.0,2.0,,2.0,2,2,18_34,True,generative
donor_h0001348,4,5,0,2,2,,,,,7,2,0_17,False,dependent
donor_h0001348,5,6,20,2,2,2.0,2.0,,2.0,15,2,18_34,True,generative
donor_h0001349,1,17,77,2,2,2.0,1.0,,2.0,0,1,65_plus,True,generative
donor_h0001350,1,47,45,2,2,2.0,2.0,,2.0,0,2,35_64,True,generative
donor_h0001350,2,42,45,2,2,2.0,2.0,,2.0,1,2,35_64,True,generative
donor_h0001350,3,47,9,2,2,,2.0,,2.0,2,2,0_17,False,dependent
donor_h0001350,4,48,6,2,2,,2.0,,2.0,2,2,0_17,False,dependent
donor_h0001351,1,10,57,2,2,2.0,2.0,,2.0,0,2,35_64,True,generative
donor_h0001351,2,11,55,2,2,2.0,2.0,,2.0,1,2,35_64,True,generative
donor_h0001352,1,13,84,1,1,1.0,1.0,,1.0,0,1,65_plus,True,generative
donor_h0001352,2,9,82,2,1,1.0,1.0,,1.0,1,1,65_plus,True,generative
donor_h0001352,3,20,60,1,2,2.0,1.0,,1.0,2,1,35_64,True,generative
donor_h0001352,4,12,57,1,1,2.0,1.0,,1.0,2,1,35_64,True,generative
donor_h0001352,5,18,57,2,2,2.0,2.0,,2.0,9,2,35_64,True,generative
donor_h0001352,6,10,17,2,2,2.0,2.0,,1.0,10,1,0_17,False,dependent
donor_h0001353,1,38,65,1,2,2.0,2.0,2.0,2.0,0,1,65_plus,True,generative
donor_h0001354,1,43,56,2,2,2.0,2.0,,2.0,0,2,35_64,True,generative
donor_h0001355,1,3,48,2,2,2.0,2.0,,1.0,0,1,35_64,True,generative
donor_h0001355,2,3,48,2,2,2.0,2.0,,2.0,1,2,35_64,True,generative
donor_h0001355,3,4,20,2,2,2.0,2.0,,2.0,2,2,18_34,True,generative
donor_h0001356,1,43,53,2,2,2.0,2.0,,2.0,0,2,35_64,True,generative
donor_h0001356,2,52,51,2,2,2.0,2.0,,2.0,1,2,35_64,True,generative
donor_h0001357,1,16,52,2,2,2.0,2.0,,2.0,0,2,35_64,True,generative
donor_h0001358,1,14,58,2,2,2.0,2.0,,2.0,0,2,35_64,True,generative
donor_h0001358,2,15,67,2,2,2.0,2.0,,2.0,1,2,65_plus,True,generative
donor_h0001359,1,5,72,2,2,2.0,2.0,,2.0,0,2,65_plus,True,generative
donor_h0001360,1,9,64,2,2,2.0,2.0,,2.0,0,2,35_64,True,generative
donor_h0001360,2,8,48,2,2,2.0,2.0,,2.0,1,2,35_64,True,generative
donor_h0001361,1,38,86,1,2,2.0,2.0,,2.0,0,1,65_plus,True,generative
donor_h0001362,1,15,50,2,2,2.0,2.0,,2.0,0,2,35_64,True,generative
donor_h0001362,2,19,15,2,2,2.0,2.0,,2.0,2,2,0_17,False,dependent
donor_h0001362,3,23,8,2,2,,2.0,,2.0,2,2,0_17,False,dependent
donor_h0001362,4,19,76,2,2,2.0,2.0,,2.0,6,2,65_plus,True,generative
donor_h0001363,1,12,60,1,2,2.0,2.0,,2.0,0,1,35_64,True,generative
donor_h0001363,2,13,60,2,2,2.0,2.0,,2.0,1,2,35_64,True,generative
donor_h0001363,3,15,24,2,2,1.0,2.0,,1.0,2,1,18_34,True,generative
donor_h0001364,1,15,86,2,2,2.0,2.0,,2.0,0,2,65_plus,True,generative
donor_h0001365,1,10,51,2,2,2.0,2.0,,2.0,0,2,35_64,True,generative
donor_h0001365,2,20,43,2,2,2.0,2.0,,2.0,15,2,35_64,True,generative
donor_h0001366,1,3,66,2,2,2.0,2.0,,2.0,0,2,65_plus,True,generative
donor_h0001366,2,3,71,2,2,2.0,2.0,,2.0,1,2,65_plus,True,generative
donor_h0001367,1,7,59,2,2,2.0,2.0,,2.0,0,2,35_64,True,generative
donor_h0001368,1,29,38,2,2,2.0,2.0,,2.0,0,2,35_64,True,generative
donor_h0001368,2,35,38,2,2,2.0,2.0,,2.0,1,2,35_64,True,generative
donor_h0001368,3,38,11,2,2,,2.0,,2.0,2,2,0_17,False,dependent
donor_h0001368,4,35,9,2,2,,2.0,,2.0,2,2,0_17,False,dependent
donor_h0001368,5,40,4,2,2,,,,,2,2,0_17,False,dependent
donor_h0001368,6,39,4,2,2,,,,,2,2,0_17,False,dependent
donor_h0001369,1,10,38,2,2,2.0,2.0,,2.0,0,2,35_64,True,generative
donor_h0001369,2,13,36,1,1,1.0,1.0,,1.0,1,1,35_64,True,generative
donor_h0001369,3,12,7,2,2,,2.0,,2.0,2,2,0_17,False,dependent
donor_h0001369,4,15,1,2,2,,,,,2,2,0_17,False,dependent
donor_h0001370,1,17,29,2,2,2.0,2.0,,2.0,0,2,18_34,True,generative
donor_h0001370,2,12,38,2,2,2.0,2.0,,2.0,1,2,35_64,True,generative
donor_h0001370,3,15,16,2,2,2.0,2.0,,2.0,4,2,0_17,False,dependent
donor_h0001370,4,16,13,2,2,,2.0,,2.0,4,2,0_17,False,dependent
donor_h0001371,1,13,57,2,2,2.0,2.0,,2.0,0,2,35_64,True,generative
donor_h0001371,2,14,58,2,2,2.0,1.0,,2.0,13,1,35_64,True,generative
donor_h0001372,1,5,77,2,1,2.0,2.0,,2.0,0,1,65_plus,True,generative
donor_h0001372,2,6,69,2,2,2.0,2.0,,2.0,13,2,65_plus,True,generative
donor_h0001373,1,14,58,2,2,2.0,2.0,,2.0,0,2,35_64,True,generative
donor_h0001374,1,10,51,2,2,2.0,2.0,,2.0,0,2,35_64,True,generative
donor_h0001375,1,13,66,2,2,2.0,2.0,5.0,2.0,0,2,65_plus,True,generative
donor_h0001375,2,12,64,2,2,2.0,2.0,,2.0,1,2,35_64,True,generative
donor_h0001376,1,20,61,2,2,2.0,2.0,,2.0,0,2,35_64,True,generative
donor_h0001376,2,22,50,2,2,2.0,2.0,,2.0,1,2,35_64,True,generative
donor_h0001376,3,19,17,2,2,2.0,2.0,,2.0,2,2,0_17,False,dependent
donor_h0001376,4,29,86,2,2,2.0,2.0,,1.0,6,1,65_plus,True,generative
donor_h0001377,1,21,62,2,2,2.0,2.0,,2.0,0,2,35_64,True,generative
donor_h0001377,2,23,55,2,2,2.0,2.0,,2.0,1,2,35_64,True,generative
donor_h0001378,1,9,53,2,2,2.0,2.0,,1.0,0,1,35_64,True,generative
donor_h0001378,2,9,51,2,2,2.0,2.0,,2.0,1,2,35_64,True,generative
donor_h0001379,1,47,43,2,2,1.0,2.0,,1.0,0,1,35_64,True,generative
donor_h0001380,1,10,88,1,2,2.0,2.0,,1.0,0,1,65_plus,True,generative
donor_h0001381,1,12,35,2,2,2.0,2.0,,2.0,0,2,35_64,True,generative
donor_h0001381,2,13,36,2,2,2.0,2.0,,2.0,1,2,35_64,True,generative
donor_h0001381,3,15,6,2,2,,2.0,,2.0,2,2,0_17,False,dependent
donor_h0001381,4,15,5,2,2,,2.0,,2.0,2,2,0_17,False,dependent
donor_h0001381,5,16,16,2,2,2.0,2.0,,2.0,4,2,0_17,False,dependent
donor_h0001381,6,16,9,2,2,,2.0,,2.0,4,2,0_17,False,dependent
donor_h0001382,1,11,50,1,2,2.0,1.0,,1.0,0,1,35_64,True,generative
donor_h0001382,2,14,51,2,2,2.0,1.0,,2.0,1,1,35_64,True,generative
donor_h0001383,1,22,54,2,2,1.0,1.0,,1.0,0,1,35_64,True,generative
donor_h0001383,2,25,13,2,2,,1.0,,1.0,2,1,0_17,False,dependent
donor_h0001384,1,8,53,2,2,2.0,2.0,1.0,2.0,0,2,35_64,True,generative
donor_h0001385,1,14,67,2,2,2.0,2.0,,2.0,0,2,65_plus,True,generative
donor_h0001385,2,12,64,2,2,2.0,2.0,,2.0,1,2,35_64,True,generative
donor_h0001386,1,16,71,2,2,2.0,2.0,,2.0,0,2,65_plus,True,generative
donor_h0001386,2,16,69,2,2,2.0,2.0,,2.0,1,2,65_plus,True,generative
donor_h0001387,1,11,37,2,2,2.0,2.0,,2.0,0,2,35_64,True,generative
donor_h0001387,2,10,37,2,2,2.0,2.0,,2.0,1,2,35_64,True,generative
donor_h0001388,1,9,73,2,2,2.0,1.0,,2.0,0,1,65_plus,True,generative
donor_h0001389,1,78,67,2,2,2.0,2.0,,2.0,0,2,65_plus,True,generative
donor_h0001390,1,62,68,1,1,2.0,1.0,5.0,2.0,0,1,65_plus,True,generative
donor_h0001390,2,75,23,2,2,2.0,2.0,,2.0,2,2,18_34,True,generative
donor_h0001391,1,14,65,2,2,2.0,1.0,,1.0,0,1,65_plus,True,generative
donor_h0001391,2,10,64,2,2,2.0,2.0,,2.0,1,2,35_64,True,generative
donor_h0001392,1,6,60,2,2,2.0,2.0,,2.0,0,2,35_64,True,generative
donor_h0001392,2,9,39,2,2,2.0,2.0,,2.0,1,2,35_64,True,generative
donor_h0001393,1,47,27,2,2,2.0,2.0,,2.0,0,2,18_34,True,generative
donor_h0001393,2,27,1,2,2,,,,,2,2,0_17,False,dependent
donor_h0001393,3,33,37,2,2,2.0,2.0,,2.0,13,2,35_64,True,generative
donor_h0001394,1,7,46,2,2,2.0,2.0,,2.0,0,2,35_64,True,generative
donor_h0001394,2,6,44,2,2,2.0,2.0,,2.0,1,2,35_64,True,generative
donor_h0001394,3,9,22,2,2,2.0,2.0,,2.0,2,2,18_34,True,generative
donor_h0001394,4,8,20,2,2,2.0,2.0,,2.0,2,2,18_34,True,generative
donor_h0001394,5,6,16,2,2,2.0,2.0,,2.0,2,2,0_17,False,dependent
donor_h0001394,6,7,0,2,2,,,,,7,2,0_17,False,dependent
donor_h0001395,1,14,38,2,2,2.0,2.0,,2.0,0,2,35_64,True,generative
donor_h0001395,2,18,50,2,2,2.0,2.0,,2.0,11,2,35_64,True,generative
donor_h0001396,1,9,63,2,2,2.0,2.0,2.0,2.0,0,2,35_64,True,generative
donor_h0001396,2,9,63,2,2,2.0,2.0,,2.0,1,2,35_64,True,generative
donor_h0001397,1,12,56,2,2,2.0,2.0,,2.0,0,2,35_64,True,generative
donor_h0001397,2,11,57,1,2,1.0,2.0,,1.0,1,1,35_64,True,generative
donor_h0001398,1,13,49,2,2,2.0,1.0,,1.0,0,1,35_64,True,generative
donor_h0001398,2,11,52,2,2,2.0,2.0,,2.0,13,2,35_64,True,generative
donor_h0001399,1,18,53,2,2,2.0,2.0,,2.0,0,2,35_64,True,generative
donor_h0001399,2,33,53,2,2,2.0,2.0,,2.0,12,2,35_64,True,generative
donor_h0001399,3,43,29,2,2,2.0,2.0,,2.0,12,2,18_34,True,generative
donor_h0001400,1,24,50,2,2,2.0,2.0,,2.0,0,2,35_64,True,generative
donor_h0001401,1,7,52,2,2,2.0,2.0,,2.0,0,2,35_64,True,generative
donor_h0001401,2,14,12,2,2,,2.0,,2.0,4,2,0_17,False,dependent
donor_h0001401,3,10,42,2,2,2.0,2.0,,2.0,12,2,35_64,True,generative
donor_h0001401,4,7,56,1,2,2.0,1.0,,2.0,13,1,35_64,True,generative
donor_h0001402,1,17,29,2,1,2.0,2.0,,2.0,0,1,18_34,True,generative
donor_h0001402,2,14,33,2,2,2.0,2.0,,2.0,1,2,18_34,True,generative
donor_h0001402,3,15,8,2,2,,2.0,,2.0,2,2,0_17,False,dependent
donor_h0001402,4,14,5,2,2,,2.0,,2.0,2,2,0_17,False,dependent
donor_h0001402,5,18,60,2,2,2.0,2.0,,1.0,8,1,35_64,True,generative
donor_h0001403,1,8,55,2,2,1.0,2.0,,1.0,0,1,35_64,True,generative
donor_h0001403,2,8,65,2,2,2.0,2.0,,2.0,1,2,65_plus,True,generative
donor_h0001404,1,13,67,2,2,2.0,2.0,,2.0,0,2,65_plus,True,generative
donor_h0001405,1,26,24,2,2,2.0,2.0,,2.0,0,2,18_34,True,generative
donor_h0001406,1,10,58,2,2,2.0,2.0,,1.0,0,1,35_64,True,generative
donor_h0001407,1,11,38,2,2,2.0,2.0,,2.0,0,2,35_64,True,generative
donor_h0001407,2,14,32,2,2,2.0,2.0,,2.0,1,2,18_34,True,generative
donor_h0001407,3,13,4,2,2,,,,,2,2,0_17,False,dependent
donor_h0001407,4,15,2,2,2,,,,,2,2,0_17,False,dependent
donor_h0001408,1,15,66,2,2,2.0,2.0,,2.0,0,2,65_plus,True,generative
donor_h0001408,2,14,56,2,2,2.0,2.0,,2.0,1,2,35_64,True,generative
donor_h0001408,3,9,19,2,2,2.0,2.0,,2.0,2,2,18_34,True,generative
donor_h0001408,4,16,15,2,2,2.0,2.0,,2.0,2,2,0_17,False,dependent
donor_h0001409,1,21,47,2,2,2.0,2.0,,2.0,0,2,35_64,True,generative
donor_h0001409,2,18,50,2,2,2.0,2.0,,2.0,1,2,35_64,True,generative
donor_h0001409,3,23,13,2,2,,2.0,,2.0,2,2,0_17,False,dependent
donor_h0001409,4,21,8,2,2,,2.0,,2.0,2,2,0_17,False,dependent
donor_h0001410,1,7,82,1,2,2.0,2.0,,2.0,0,1,65_plus,True,generative
donor_h0001411,1,24,64,2,2,2.0,2.0,,2.0,0,2,35_64,True,generative
donor_h0001411,2,27,63,2,2,2.0,2.0,,2.0,1,2,35_64,True,generative
donor_h0001412,1,74,76,2,2,2.0,2.0,,2.0,0,2,65_plus,True,generative
donor_h0001412,2,74,76,2,2,2.0,2.0,,2.0,1,2,65_plus,True,generative
donor_h0001413,1,20,37,2,2,2.0,2.0,,2.0,0,2,35_64,True,generative
donor_h0001413,2,17,43,2,2,2.0,2.0,,2.0,1,2,35_64,True,generative
donor_h0001413,3,19,6,2,2,,2.0,,2.0,2,2,0_17,False,dependent
donor_h0001413,4,23,1,2,2,,,,,2,2,0_17,False,dependent
donor_h0001414,1,56,28,2,2,2.0,2.0,,2.0,0,2,18_34,True,generative
donor_h0001414,2,75,30,2,2,2.0,2.0,,2.0,12,2,18_34,True,generative
donor_h0001414,3,60,24,2,2,2.0,2.0,,2.0,12,2,18_34,True,generative
donor_h0001414,4,58,21,2,2,2.0,2.0,,2.0,12,2,18_34,True,generative
donor_h0001415,1,7,77,2,2,2.0,2.0,,2.0,0,2,65_plus,True,generative
donor_h0001415,2,10,73,2,2,2.0,2.0,,2.0,1,2,65_plus,True,generative
donor_h0001416,1,11,78,2,2,2.0,2.0,,2.0,0,2,65_plus,True,generative
donor_h0001417,1,17,71,2,2,2.0,2.0,,2.0,0,2,65_plus,True,generative
donor_h0001418,1,13,61,1,2,2.0,1.0,,2.0,0,1,35_64,True,generative
donor_h0001418,2,23,52,2,2,2.0,1.0,,1.0,12,1,35_64,True,generative
donor_h0001419,1,32,36,2,2,2.0,2.0,,2.0,0,2,35_64,True,generative
donor_h0001419,2,42,10,2,2,,2.0,,2.0,2,2,0_17,False,dependent
donor_h0001419,3,39,7,2,2,,2.0,,2.0,2,2,0_17,False,dependent
donor_h0001419,4,40,32,2,2,2.0,2.0,,2.0,13,2,18_34,True,generative
donor_h0001420,1,12,67,1,2,2.0,2.0,2.0,2.0,0,1,65_plus,True,generative
donor_h0001420,2,10,27,2,2,2.0,2.0,,2.0,1,2,18_34,True,generative
donor_h0001420,3,21,3,2,2,,,,,4,2,0_17,False,dependent
donor_h0001420,4,16,42,2,2,1.0,2.0,,1.0,10,1,35_64,True,generative
donor_h0001420,5,18,30,2,2,2.0,2.0,,2.0,15,2,18_34,True,generative
donor_h0001421,1,17,28,2,2,2.0,2.0,,2.0,0,2,18_34,True,generative
donor_h0001422,1,12,75,2,2,2.0,1.0,,2.0,0,1,65_plus,True,generative
donor_h0001423,1,13,79,2,2,2.0,2.0,,2.0,0,2,65_plus,True,generative
donor_h0001423,2,14,81,2,2,2.0,2.0,,2.0,1,2,65_plus,True,generative
donor_h0001424,1,4,49,2,2,2.0,2.0,,2.0,0,2,35_64,True,generative
donor_h0001424,2,5,60,2,2,2.0,2.0,,2.0,1,2,35_64,True,generative
donor_h0001425,1,21,21,2,2,2.0,2.0,,2.0,0,2,18_34,True,generative
donor_h0001426,1,32,22,2,2,2.0,2.0,,2.0,0,2,18_34,True,generative
donor_h0001426,2,35,22,2,2,2.0,2.0,,2.0,13,2,18_34,True,generative
donor_h0001427,1,11,55,2,2,2.0,2.0,,2.0,0,2,35_64,True,generative
donor_h0001427,2,13,56,2,2,2.0,2.0,,2.0,1,2,35_64,True,generative
donor_h0001428,1,7,62,2,2,2.0,2.0,,2.0,0,2,35_64,True,generative
donor_h0001428,2,7,47,2,2,2.0,2.0,,2.0,1,2,35_64,True,generative
donor_h0001428,3,9,16,2,2,2.0,2.0,,2.0,4,2,0_17,False,dependent
donor_h0001429,1,34,77,2,2,2.0,1.0,,2.0,0,1,65_plus,True,generative
donor_h0001429,2,37,69,2,2,2.0,2.0,,2.0,1,2,65_plus,True,generative
donor_h0001430,1,5,61,2,2,2.0,2.0,,2.0,0,2,35_64,True,generative
donor_h0001430,2,4,68,2,2,2.0,2.0,,2.0,1,2,65_plus,True,generative
donor_h0001431,1,21,53,2,2,2.0,2.0,,2.0,0,2,35_64,True,generative
donor_h0001431,2,19,55,2,2,2.0,2.0,,2.0,1,2,35_64,True,generative
donor_h0001432,1,5,64,2,2,2.0,2.0,,2.0,0,2,35_64,True,generative
donor_h0001432,2,5,11,2,2,,2.0,,2.0,7,2,0_17,False,dependent
donor_h0001433,1,7,64,2,2,2.0,2.0,,2.0,0,2,35_64,True,generative
donor_h0001433,2,8,63,2,2,1.0,2.0,,2.0,1,1,35_64,True,generative
donor_h0001434,1,11,83,1,2,2.0,2.0,,2.0,0,1,65_plus,True,generative
donor_h0001434,2,11,86,1,2,1.0,1.0,,1.0,1,1,65_plus,True,generative
donor_h0001435,1,37,46,2,2,2.0,2.0,,2.0,0,2,35_64,True,generative
donor_h0001436,1,23,39,2,2,2.0,2.0,,2.0,0,2,35_64,True,generative
donor_h0001436,2,11,37,2,2,2.0,2.0,,2.0,1,2,35_64,True,generative
donor_h0001436,3,10,18,2,2,2.0,2.0,,2.0,2,2,18_34,True,generative
donor_h0001437,1,12,75,2,2,2.0,2.0,,2.0,0,2,65_plus,True,generative
donor_h0001438,1,4,58,2,2,2.0,2.0,,2.0,0,2,35_64,True,generative
donor_h0001438,2,4,59,2,2,2.0,2.0,,2.0,1,2,35_64,True,generative
donor_h0001439,1,62,65,2,2,2.0,2.0,,2.0,0,2,65_plus,True,generative
donor_h0001439,2,54,48,2,2,2.0,2.0,,2.0,1,2,35_64,True,generative
donor_h0001440,1,3,94,1,2,2.0,1.0,,2.0,0,1,65_plus,True,generative
donor_h0001440,2,3,90,2,2,2.0,1.0,,2.0,1,1,65_plus,True,generative
donor_h0001441,1,4,79,2,2,2.0,2.0,,2.0,0,2,65_plus,True,generative
donor_h0001441,2,5,74,2,2,2.0,2.0,,2.0,1,2,65_plus,True,generative
donor_h0001442,1,4,59,2,2,2.0,2.0,,2.0,0,2,35_64,True,generative
donor_h0001442,2,6,15,2,2,2.0,2.0,,2.0,3,2,0_17,False,dependent
donor_h0001443,1,11,84,2,2,1.0,1.0,,2.0,0,1,65_plus,True,generative
donor_h0001443,2,14,70,2,2,2.0,2.0,,2.0,1,2,65_plus,True,generative
donor_h0001444,1,11,57,2,2,1.0,1.0,,1.0,0,1,35_64,True,generative
donor_h0001444,2,14,67,1,2,1.0,2.0,,1.0,1,1,65_plus,True,generative
donor_h0001445,1,22,44,2,2,2.0,1.0,,2.0,0,1,35_64,True,generative
donor_h0001445,2,41,23,2,2,2.0,2.0,,2.0,2,2,18_34,True,generative
donor_h0001445,3,23,13,2,2,,2.0,,2.0,2,2,0_17,False,dependent
donor_h0001446,1,10,41,2,2,2.0,2.0,,1.0,0,1,35_64,True,generative
donor_h0001446,2,12,8,2,2,,2.0,,2.0,15,2,0_17,False,dependent
donor_h0001446,3,14,2,2,2,,,,,15,2,0_17,False,dependent
donor_h0001447,1,10,55,2,2,2.0,2.0,,2.0,0,2,35_64,True,generative
donor_h0001447,2,12,50,2,2,2.0,2.0,,2.0,1,2,35_64,True,generative
donor_h0001447,3,16,20,2,2,2.0,2.0,,2.0,2,2,18_34,True,generative
donor_h0001447,4,11,16,2,2,2.0,2.0,,2.0,2,2,0_17,False,dependent
donor_h0001448,1,13,78,2,2,2.0,2.0,,2.0,0,2,65_plus,True,generative
donor_h0001448,2,16,71,2,2,2.0,2.0,,2.0,1,2,65_plus,True,generative
donor_h0001449,1,8,68,2,2,2.0,1.0,,2.0,0,1,65_plus,True,generative
donor_h0001450,1,11,47,2,2,2.0,2.0,,2.0,0,2,35_64,True,generative
donor_h0001450,2,12,47,2,2,2.0,2.0,,2.0,1,2,35_64,True,generative
donor_h0001450,3,8,19,2,2,2.0,2.0,,2.0,2,2,18_34,True,generative
donor_h0001450,4,11,17,2,2,2.0,2.0,,2.0,2,2,0_17,False,dependent
donor_h0001451,1,20,83,2,2,2.0,2.0,,2.0,0,2,65_plus,True,generative
donor_h0001452,1,18,65,2,2,2.0,1.0,,2.0,0,1,65_plus,True,generative
donor_h0001452,2,19,57,2,2,2.0,1.0,,2.0,13,1,35_64,True,generative
donor_h0001453,1,35,61,2,2,2.0,2.0,,2.0,0,2,35_64,True,generative
donor_h0001453,2,49,59,2,1,1.0,2.0,,2.0,11,1,35_64,True,generative
donor_h0001453,3,49,47,2,1,1.0,1.0,,1.0,11,1,35_64,True,generative
donor_h0001454,1,21,83,2,2,2.0,2.0,,2.0,0,2,65_plus,True,generative
donor_h0001454,2,20,81,2,2,2.0,2.0,,2.0,1,2,65_plus,True,generative
donor_h0001454,3,31,47,2,2,2.0,2.0,,2.0,2,2,35_64,True,generative
donor_h0001455,1,13,52,2,2,2.0,2.0,,2.0,0,2,35_64,True,generative
donor_h0001455,2,15,46,2,2,2.0,1.0,,2.0,1,1,35_64,True,generative
donor_h0001456,1,41,31,2,2,2.0,2.0,,2.0,0,2,18_34,True,generative
donor_h0001456,2,38,5,2,2,,2.0,,2.0,2,2,0_17,False,dependent
donor_h0001456,3,71,62,2,2,2.0,2.0,,2.0,6,2,35_64,True,generative
donor_h0001456,4,54,59,2,1,1.0,1.0,2.0,1.0,6,1,35_64,True,generative
donor_h0001456,5,38,14,2,2,,2.0,,2.0,10,2,0_17,False,dependent
donor_h0001456,6,46,36,2,2,2.0,2.0,,2.0,13,2,35_64,True,generative
donor_h0001457,1,13,55,2,2,2.0,2.0,,2.0,0,2,35_64,True,generative
donor_h0001457,2,12,57,2,2,2.0,2.0,,2.0,1,2,35_64,True,generative
donor_h0001458,1,11,81,2,2,2.0,2.0,,2.0,0,2,65_plus,True,generative
donor_h0001459,1,4,76,2,2,2.0,2.0,,2.0,0,2,65_plus,True,generative
donor_h0001459,2,4,81,1,2,2.0,2.0,,2.0,1,1,65_plus,True,generative
donor_h0001459,3,7,30,2,1,2.0,2.0,,1.0,7,1,18_34,True,generative
donor_h0001460,1,19,58,2,2,2.0,2.0,,2.0,0,2,35_64,True,generative
donor_h0001460,2,21,58,2,2,2.0,2.0,,2.0,1,2,35_64,True,generative
donor_h0001461,1,12,58,2,2,2.0,2.0,,2.0,0,2,35_64,True,generative
donor_h0001461,2,19,24,2,2,2.0,2.0,,2.0,2,2,18_34,True,generative
donor_h0001462,1,25,47,2,2,2.0,2.0,,2.0,0,2,35_64,True,generative
donor_h0001463,1,41,47,2,2,2.0,2.0,,2.0,0,2,35_64,True,generative
donor_h0001463,2,54,22,2,2,2.0,2.0,,2.0,2,2,18_34,True,generative
donor_h0001463,3,70,65,2,2,2.0,2.0,,2.0,12,2,65_plus,True,generative
donor_h0001464,1,36,33,2,2,2.0,2.0,,2.0,0,2,18_34,True,generative
donor_h0001464,2,38,34,2,2,2.0,2.0,,2.0,1,2,18_34,True,generative
donor_h0001464,3,35,8,2,2,,2.0,,2.0,2,2,0_17,False,dependent
donor_h0001464,4,38,7,2,2,,2.0,,2.0,2,2,0_17,False,dependent
donor_h0001464,5,38,5,2,2,,2.0,,2.0,2,2,0_17,False,dependent
donor_h0001464,6,40,3,2,2,,,,,2,2,0_17,False,dependent
donor_h0001464,7,32,2,2,2,,,,,2,2,0_17,False,dependent
donor_h0001465,1,11,78,1,2,1.0,1.0,,2.0,0,1,65_plus,True,generative
donor_h0001466,1,10,75,1,2,2.0,2.0,,2.0,0,1,65_plus,True,generative
donor_h0001466,2,13,70,2,2,2.0,2.0,,2.0,1,2,65_plus,True,generative
donor_h0001467,1,11,56,2,2,1.0,1.0,,1.0,0,1,35_64,True,generative
donor_h0001467,2,11,43,2,2,2.0,2.0,,2.0,1,2,35_64,True,generative
donor_h0001467,3,15,16,2,2,2.0,2.0,,2.0,2,2,0_17,False,dependent
donor_h0001468,1,11,77,2,1,1.0,1.0,,1.0,0,1,65_plus,True,generative
donor_h0001469,1,8,74,2,2,1.0,1.0,5.0,2.0,0,1,65_plus,True,generative
donor_h0001469,2,8,73,2,2,2.0,1.0,,2.0,1,1,65_plus,True,generative
donor_h0001470,1,20,49,2,2,2.0,2.0,,2.0,0,2,35_64,True,generative
donor_h0001470,2,23,49,2,2,2.0,2.0,,2.0,1,2,35_64,True,generative
donor_h0001471,1,9,51,2,2,2.0,2.0,,2.0,0,2,35_64,True,generative
donor_h0001471,2,11,54,2,2,2.0,2.0,,2.0,1,2,35_64,True,generative
donor_h0001472,1,15,59,2,2,2.0,2.0,,2.0,0,2,35_64,True,generative
donor_h0001472,2,14,68,2,2,2.0,2.0,,2.0,1,2,65_plus,True,generative
donor_h0001472,3,18,28,2,2,2.0,2.0,,2.0,2,2,18_34,True,generative
donor_h0001472,4,19,27,2,2,1.0,2.0,,2.0,9,1,18_34,True,generative
donor_h0001473,1,13,59,2,2,2.0,2.0,,2.0,0,2,35_64,True,generative
donor_h0001473,2,21,46,2,2,2.0,2.0,,1.0,11,1,35_64,True,generative
donor_h0001473,3,17,17,2,2,2.0,2.0,,2.0,11,2,0_17,False,dependent
donor_h0001474,1,18,66,2,2,2.0,2.0,,2.0,0,2,65_plus,True,generative
donor_h0001474,2,16,55,2,2,2.0,2.0,,2.0,13,2,35_64,True,generative
donor_h0001475,1,5,58,2,2,2.0,2.0,,2.0,0,2,35_64,True,generative
donor_h0001475,2,7,50,2,2,2.0,2.0,,2.0,1,2,35_64,True,generative
donor_h0001476,1,8,26,2,2,2.0,2.0,,2.0,0,2,18_34,True,generative
donor_h0001476,2,9,29,2,2,2.0,2.0,5.0,2.0,1,2,18_34,True,generative
donor_h0001476,3,7,3,2,2,,,,,2,2,0_17,False,dependent
donor_h0001476,4,7,1,2,2,,,,,2,2,0_17,False,dependent
donor_h0001477,1,16,25,2,2,2.0,2.0,,2.0,0,2,18_34,True,generative
donor_h0001478,1,12,52,2,2,2.0,2.0,,2.0,0,2,35_64,True,generative
donor_h0001478,2,18,54,2,1,2.0,2.0,,2.0,5,1,35_64,True,generative
donor_h0001479,1,42,59,2,2,2.0,2.0,,2.0,0,2,35_64,True,generative
donor_h0001479,2,46,56,2,2,2.0,2.0,,2.0,1,2,35_64,True,generative
donor_h0001479,3,59,80,1,1,1.0,1.0,,1.0,8,1,65_plus,True,generative
donor_h0001480,1,11,49,2,2,2.0,2.0,,2.0,0,2,35_64,True,generative
donor_h0001480,2,14,9,2,2,,2.0,,2.0,2,2,0_17,False,dependent
donor_h0001481,1,11,40,2,2,2.0,2.0,,2.0,0,2,35_64,True,generative
donor_h0001482,1,50,28,2,2,2.0,2.0,,2.0,0,2,18_34,True,generative
donor_h0001482,2,30,30,2,2,2.0,2.0,,2.0,1,2,18_34,True,generative
donor_h0001482,3,37,7,2,2,,2.0,,2.0,2,2,0_17,False,dependent
donor_h0001482,4,42,4,2,2,,,,,2,2,0_17,False,dependent
donor_h0001482,5,67,60,1,1,1.0,1.0,,1.0,8,1,35_64,True,generative
donor_h0001483,1,20,20,2,2,2.0,2.0,,2.0,0,2,18_34,True,generative
donor_h0001483,2,46,25,2,2,2.0,2.0,,2.0,12,2,18_34,True,generative
donor_h0001483,3,21,20,2,2,2.0,2.0,,2.0,13,2,18_34,True,generative
donor_h0001484,1,11,84,1,2,2.0,1.0,3.0,1.0,0,1,65_plus,True,generative
donor_h0001484,2,12,78,2,2,2.0,2.0,,2.0,1,2,65_plus,True,generative
donor_h0001485,1,9,46,2,2,2.0,2.0,,2.0,0,2,35_64,True,generative
donor_h0001485,2,10,46,2,2,2.0,2.0,,2.0,1,2,35_64,True,generative
donor_h0001485,3,11,16,2,2,2.0,2.0,,2.0,2,2,0_17,False,dependent
donor_h0001486,1,33,24,2,2,2.0,2.0,,2.0,0,2,18_34,True,generative
donor_h0001486,2,53,27,2,2,2.0,2.0,,2.0,1,2,18_34,True,generative
donor_h0001486,3,47,10,2,2,,2.0,,2.0,2,2,0_17,False,dependent
donor_h0001486,4,49,3,2,2,,,,,3,2,0_17,False,dependent
donor_h0001486,5,39,0,2,2,,,,,3,2,0_17,False,dependent
donor_h0001487,1,14,35,2,2,2.0,2.0,,2.0,0,2,35_64,True,generative
donor_h0001487,2,11,38,2,2,2.0,2.0,,2.0,1,2,35_64,True,generative
donor_h0001487,3,14,12,2,2,,2.0,,2.0,2,2,0_17,False,dependent
donor_h0001487,4,14,8,2,2,,2.0,,2.0,2,2,0_17,False,dependent
donor_h0001488,1,13,49,2,2,2.0,2.0,,2.0,0,2,35_64,True,generative
donor_h0001488,2,14,48,2,2,2.0,2.0,,2.0,1,2,35_64,True,generative
donor_h0001488,3,12,16,2,2,2.0,2.0,,2.0,2,2,0_17,False,dependent
donor_h0001489,1,10,63,2,2,1.0,2.0,,1.0,0,1,35_64,True,generative
donor_h0001490,1,14,40,2,2,2.0,2.0,,2.0,0,2,35_64,True,generative
donor_h0001490,2,11,40,2,2,2.0,2.0,,2.0,1,2,35_64,True,generative
donor_h0001491,1,27,70,1,2,2.0,2.0,,2.0,0,1,65_plus,True,generative
donor_h0001491,2,23,50,2,2,1.0,2.0,,1.0,13,1,35_64,True,generative
donor_h0001492,1,19,33,2,2,2.0,2.0,,2.0,0,2,18_34,True,generative
donor_h0001492,2,30,26,2,2,2.0,2.0,,2.0,1,2,18_34,True,generative
donor_h0001492,3,32,1,2,2,,,,,2,2,0_17,False,dependent
donor_h0001493,1,8,42,2,2,2.0,2.0,,2.0,0,2,35_64,True,generative
donor_h0001493,2,10,37,2,2,2.0,2.0,,2.0,1,2,35_64,True,generative
donor_h0001493,3,10,11,2,2,,2.0,,2.0,2,2,0_17,False,dependent
donor_h0001493,4,10,17,2,2,2.0,2.0,,2.0,4,2,0_17,False,dependent
donor_h0001494,1,28,22,2,2,2.0,2.0,,2.0,0,2,18_34,True,generative
donor_h0001494,2,51,40,2,2,2.0,2.0,,2.0,6,2,35_64,True,generative
donor_h0001494,3,42,39,2,2,1.0,1.0,,2.0,11,1,35_64,True,generative
donor_h0001495,1,13,30,2,2,2.0,2.0,,2.0,0,2,18_34,True,generative
donor_h0001495,2,17,62,1,2,2.0,2.0,,2.0,6,1,35_64,True,generative
donor_h0001495,3,16,61,2,2,2.0,2.0,,2.0,6,2,35_64,True,generative
donor_h0001495,4,10,36,2,2,2.0,2.0,,2.0,13,2,35_64,True,generative
donor_h0001496,1,9,69,2,2,2.0,2.0,,2.0,0,2,65_plus,True,generative
donor_h0001496,2,10,37,2,2,2.0,1.0,,2.0,2,1,35_64,True,generative
donor_h0001496,3,9,5,2,2,,2.0,,2.0,7,2,0_17,False,dependent
donor_h0001497,1,97,32,2,2,2.0,2.0,,2.0,0,2,18_34,True,generative
donor_h0001498,1,13,62,2,2,2.0,1.0,2.0,2.0,0,1,35_64,True,generative
donor_h0001498,2,14,60,2,2,2.0,2.0,,2.0,1,2,35_64,True,generative
donor_h0001499,1,15,32,2,2,2.0,2.0,5.0,2.0,0,2,18_34,True,generative
donor_h0001499,2,14,29,2,2,2.0,2.0,,2.0,1,2,18_34,True,generative
donor_h0001499,3,15,11,2,2,,2.0,,2.0,2,2,0_17,False,dependent
donor_h0001499,4,14,8,2,2,,2.0,,2.0,2,2,0_17,False,dependent
donor_h0001499,5,14,5,2,2,,2.0,,2.0,2,2,0_17,False,dependent
donor_h0001500,1,13,64,2,2,2.0,2.0,,2.0,0,2,35_64,True,generative
donor_h0001501,1,10,53,2,2,2.0,2.0,5.0,2.0,0,2,35_64,True,generative
donor_h0001502,1,10,72,2,1,1.0,1.0,,2.0,0,1,65_plus,True,generative
donor_h0001502,2,21,63,2,1,2.0,2.0,,2.0,5,1,35_64,True,generative
donor_h0001502,3,20,56,2,2,2.0,2.0,,2.0,5,2,35_64,True,generative
donor_h0001502,4,17,27,2,2,2.0,2.0,,2.0,10,2,18_34,True,generative
donor_h0001503,1,21,45,2,2,2.0,2.0,,2.0,0,2,35_64,True,generative
donor_h0001503,2,23,49,2,2,2.0,2.0,,2.0,1,2,35_64,True,generative
donor_h0001504,1,14,52,2,2,2.0,2.0,,2.0,0,2,35_64,True,generative
donor_h0001504,2,26,25,2,2,2.0,2.0,,2.0,2,2,18_34,True,generative
donor_h0001504,3,15,17,2,2,2.0,2.0,,2.0,2,2,0_17,False,dependent
donor_h0001504,4,13,46,2,2,2.0,2.0,,2.0,13,2,35_64,True,generative
donor_h0001505,1,12,48,2,2,2.0,2.0,,2.0,0,2,35_64,True,generative
donor_h0001505,2,11,52,2,2,1.0,2.0,,2.0,1,1,35_64,True,generative
donor_h0001506,1,26,66,2,2,2.0,2.0,,2.0,0,2,65_plus,True,generative
donor_h0001507,1,26,31,2,2,2.0,2.0,,2.0,0,2,18_34,True,generative
donor_h0001507,2,29,6,2,2,,2.0,,2.0,2,2,0_17,False,dependent
donor_h0001508,1,17,82,2,2,2.0,2.0,,2.0,0,2,65_plus,True,generative
donor_h0001508,2,17,87,1,2,1.0,1.0,,2.0,1,1,65_plus,True,generative
donor_h0001509,1,30,55,1,2,2.0,2.0,,2.0,0,1,35_64,True,generative
donor_h0001509,2,33,55,2,2,2.0,2.0,,2.0,1,2,35_64,True,generative
donor_h0001510,1,21,64,2,2,2.0,2.0,,2.0,0,2,35_64,True,generative
donor_h0001510,2,27,65,2,2,2.0,2.0,,2.0,1,2,65_plus,True,generative
donor_h0001511,1,9,73,2,1,1.0,2.0,,2.0,0,1,65_plus,True,generative
donor_h0001512,1,12,55,2,2,2.0,2.0,,2.0,0,2,35_64,True,generative
donor_h0001512,2,11,54,2,2,2.0,2.0,,2.0,1,2,35_64,True,generative
donor_h0001512,3,8,18,2,2,2.0,2.0,,1.0,2,1,18_34,True,generative
donor_h0001513,1,45,68,2,2,2.0,2.0,,2.0,0,2,65_plus,True,generative
donor_h0001513,2,49,21,2,2,2.0,2.0,,2.0,7,2,18_34,True,generative
donor_h0001514,1,35,54,2,2,1.0,1.0,,1.0,0,1,35_64,True,generative
donor_h0001515,1,12,39,2,2,2.0,2.0,,2.0,0,2,35_64,True,generative
donor_h0001515,2,25,42,2,2,2.0,2.0,,2.0,1,2,35_64,True,generative
donor_h0001515,3,8,4,2,2,,,,,2,2,0_17,False,dependent
donor_h0001515,4,10,4,2,2,,,,,2,2,0_17,False,dependent
donor_h0001516,1,2,69,2,2,1.0,1.0,,1.0,0,1,65_plus,True,generative
donor_h0001517,1,39,85,1,2,1.0,1.0,,1.0,0,1,65_plus,True,generative
donor_h0001518,1,25,73,2,2,2.0,2.0,,2.0,0,2,65_plus,True,generative
donor_h0001518,2,23,46,2,2,2.0,1.0,,1.0,13,1,35_64,True,generative
donor_h0001519,1,8,70,2,2,2.0,1.0,,2.0,0,1,65_plus,True,generative
donor_h0001520,1,3,52,2,2,2.0,2.0,,2.0,0,2,35_64,True,generative
donor_h0001520,2,3,49,2,2,2.0,2.0,,2.0,1,2,35_64,True,generative
donor_h0001521,1,13,37,2,2,2.0,2.0,,2.0,0,2,35_64,True,generative
donor_h0001521,2,16,13,2,2,,2.0,,2.0,2,2,0_17,False,dependent
donor_h0001521,3,16,5,2,2,,2.0,,2.0,2,2,0_17,False,dependent
donor_h0001521,4,24,37,2,2,2.0,2.0,,2.0,12,2,35_64,True,generative
donor_h0001521,5,17,16,2,2,2.0,2.0,,2.0,12,2,0_17,False,dependent
donor_h0001522,1,16,26,2,2,2.0,2.0,,2.0,0,2,18_34,True,generative
donor_h0001522,2,20,25,2,2,2.0,2.0,,2.0,13,2,18_34,True,generative
donor_h0001523,1,7,67,2,2,2.0,2.0,,2.0,0,2,65_plus,True,generative
donor_h0001523,2,7,59,2,2,2.0,2.0,,2.0,1,2,35_64,True,generative
donor_h0001524,1,13,57,2,2,2.0,2.0,,2.0,0,2,35_64,True,generative
donor_h0001524,2,15,50,2,2,2.0,2.0,,2.0,15,2,35_64,True,generative
donor_h0001525,1,65,60,2,2,2.0,2.0,,2.0,0,2,35_64,True,generative
donor_h0001525,2,72,58,2,2,2.0,2.0,,2.0,1,2,35_64,True,generative
donor_h0001526,1,8,62,2,2,2.0,2.0,,2.0,0,2,35_64,True,generative
donor_h0001526,2,13,42,2,2,2.0,2.0,,2.0,2,2,35_64,True,generative
donor_h0001527,1,16,68,1,1,2.0,1.0,,1.0,0,1,65_plus,True,generative
donor_h0001528,1,6,64,2,2,1.0,1.0,,2.0,0,1,35_64,True,generative
donor_h0001529,1,23,40,2,2,2.0,2.0,,2.0,0,2,35_64,True,generative
donor_h0001529,2,21,45,2,2,2.0,2.0,,2.0,1,2,35_64,True,generative
donor_h0001529,3,14,18,2,2,2.0,2.0,,2.0,2,2,18_34,True,generative
donor_h0001529,4,25,14,2,2,,2.0,,2.0,2,2,0_17,False,dependent
donor_h0001530,1,13,89,2,2,2.0,2.0,,2.0,0,2,65_plus,True,generative
donor_h0001530,2,13,94,2,2,2.0,2.0,,2.0,1,2,65_plus,True,generative
donor_h0001531,1,10,62,2,2,2.0,2.0,,2.0,0,2,35_64,True,generative
donor_h0001532,1,9,36,2,2,2.0,2.0,,2.0,0,2,35_64,True,generative
donor_h0001532,2,7,36,2,2,2.0,2.0,,2.0,1,2,35_64,True,generative
donor_h0001533,1,15,70,2,2,2.0,2.0,,2.0,0,2,65_plus,True,generative
donor_h0001534,1,11,80,2,2,2.0,2.0,,2.0,0,2,65_plus,True,generative
donor_h0001534,2,14,71,2,2,2.0,2.0,,2.0,1,2,65_plus,True,generative
donor_h0001535,1,23,73,2,2,2.0,2.0,,2.0,0,2,65_plus,True,generative
donor_h0001535,2,24,73,2,2,2.0,2.0,,2.0,1,2,65_plus,True,generative
donor_h0001536,1,26,49,2,2,2.0,2.0,,2.0,0,2,35_64,True,generative
donor_h0001536,2,12,47,2,2,2.0,2.0,,2.0,1,2,35_64,True,generative
donor_h0001536,3,15,15,2,2,2.0,2.0,,2.0,2,2,0_17,False,dependent
donor_h0001536,4,15,13,2,2,,2.0,,2.0,2,2,0_17,False,dependent
donor_h0001536,5,14,9,2,2,,2.0,,2.0,7,2,0_17,False,dependent
donor_h0001537,1,20,28,2,2,2.0,2.0,,2.0,0,2,18_34,True,generative
donor_h0001537,2,25,25,2,2,2.0,2.0,,2.0,1,2,18_34,True,generative
donor_h0001538,1,20,38,2,2,2.0,2.0,,2.0,0,2,35_64,True,generative
donor_h0001538,2,12,42,2,2,2.0,2.0,,2.0,1,2,35_64,True,generative
donor_h0001538,3,26,14,2,2,,2.0,,2.0,2,2,0_17,False,dependent
donor_h0001538,4,22,12,2,2,,2.0,,1.0,2,1,0_17,False,dependent
donor_h0001538,5,28,3,2,2,,,,,2,2,0_17,False,dependent
donor_h0001539,1,13,68,1,2,1.0,1.0,,1.0,0,1,65_plus,True,generative
donor_h0001539,2,13,66,1,1,1.0,1.0,,1.0,1,1,65_plus,True,generative
donor_h0001539,3,19,46,1,2,1.0,1.0,,1.0,4,1,35_64,True,generative
donor_h0001540,1,4,63,2,2,2.0,2.0,,2.0,0,2,35_64,True,generative
donor_h0001541,1,52,32,2,2,2.0,2.0,,2.0,0,2,18_34,True,generative
donor_h0001541,2,16,31,2,2,2.0,2.0,,2.0,1,2,18_34,True,generative
donor_h0001541,3,11,2,2,2,,,,,2,2,0_17,False,dependent
donor_h0001541,4,19,75,2,2,2.0,2.0,,2.0,10,2,65_plus,True,generative
donor_h0001542,1,12,71,2,2,2.0,2.0,,2.0,0,2,65_plus,True,generative
donor_h0001542,2,13,71,2,2,2.0,2.0,,2.0,1,2,65_plus,True,generative
donor_h0001543,1,14,63,2,2,2.0,2.0,,2.0,0,2,35_64,True,generative
donor_h0001543,2,13,63,2,2,2.0,2.0,2.0,2.0,1,2,35_64,True,generative
donor_h0001544,1,14,46,2,2,2.0,2.0,,2.0,0,2,35_64,True,generative
donor_h0001544,2,11,51,2,2,2.0,2.0,,2.0,1,2,35_64,True,generative
donor_h0001545,1,25,43,2,2,2.0,2.0,,2.0,0,2,35_64,True,generative
donor_h0001546,1,11,78,2,2,1.0,1.0,,1.0,0,1,65_plus,True,generative
donor_h0001547,1,24,50,2,2,2.0,2.0,,2.0,0,2,35_64,True,generative
donor_h0001548,1,12,78,2,2,2.0,2.0,,2.0,0,2,65_plus,True,generative
donor_h0001548,2,12,80,2,2,2.0,2.0,,2.0,1,2,65_plus,True,generative
donor_h0001549,1,70,25,2,2,2.0,2.0,,2.0,0,2,18_34,True,generative
donor_h0001549,2,55,26,2,2,2.0,2.0,,2.0,13,2,18_34,True,generative
donor_h0001550,1,2,58,2,2,2.0,2.0,,2.0,0,2,35_64,True,generative
donor_h0001550,2,2,59,2,2,2.0,2.0,,2.0,1,2,35_64,True,generative
donor_h0001550,3,3,10,2,2,,2.0,,2.0,3,2,0_17,False,dependent
donor_h0001551,1,24,59,2,2,2.0,1.0,2.0,2.0,0,1,35_64,True,generative
donor_h0001551,2,21,61,2,2,2.0,2.0,,2.0,1,2,35_64,True,generative
donor_h0001552,1,10,70,2,2,2.0,2.0,,2.0,0,2,65_plus,True,generative
donor_h0001553,1,37,69,2,1,1.0,1.0,,2.0,0,1,65_plus,True,generative
donor_h0001554,1,16,73,1,2,2.0,2.0,,2.0,0,1,65_plus,True,generative
donor_h0001554,2,12,70,1,2,2.0,2.0,,2.0,1,1,65_plus,True,generative
donor_h0001555,1,15,48,2,2,2.0,2.0,,2.0,0,2,35_64,True,generative
donor_h0001555,2,17,16,2,2,2.0,2.0,,2.0,2,2,0_17,False,dependent
donor_h0001555,3,17,15,2,2,2.0,2.0,,2.0,2,2,0_17,False,dependent
donor_h0001555,4,15,9,2,2,,2.0,,2.0,2,2,0_17,False,dependent
donor_h0001556,1,8,48,2,2,2.0,2.0,,2.0,0,2,35_64,True,generative
donor_h0001556,2,17,48,2,2,2.0,2.0,,2.0,1,2,35_64,True,generative
donor_h0001556,3,8,17,2,2,2.0,2.0,,2.0,2,2,0_17,False,dependent
donor_h0001556,4,8,17,2,2,2.0,2.0,,2.0,2,2,0_17,False,dependent
donor_h0001556,5,8,13,2,2,,2.0,,2.0,2,2,0_17,False,dependent
donor_h0001557,1,14,58,2,2,2.0,2.0,,2.0,0,2,35_64,True,generative
donor_h0001557,2,16,67,2,2,2.0,2.0,,2.0,1,2,65_plus,True,generative
donor_h0001558,1,15,71,2,2,2.0,2.0,,2.0,0,2,65_plus,True,generative
donor_h0001558,2,15,69,2,2,2.0,2.0,,2.0,1,2,65_plus,True,generative
donor_h0001559,1,12,49,2,2,2.0,2.0,,2.0,0,2,35_64,True,generative
donor_h0001559,2,15,34,2,2,2.0,2.0,,2.0,1,2,18_34,True,generative
donor_h0001559,3,17,24,2,2,2.0,2.0,,2.0,2,2,18_34,True,generative
donor_h0001559,4,14,7,2,2,,2.0,,2.0,4,2,0_17,False,dependent
donor_h0001560,1,2,52,2,2,2.0,2.0,,2.0,0,2,35_64,True,generative
donor_h0001560,2,1,57,2,2,2.0,2.0,,2.0,13,2,35_64,True,generative
donor_h0001561,1,12,55,2,2,2.0,2.0,,2.0,0,2,35_64,True,generative
donor_h0001561,2,13,57,2,2,2.0,2.0,,2.0,1,2,35_64,True,generative
donor_h0001562,1,15,64,2,2,2.0,2.0,,2.0,0,2,35_64,True,generative
donor_h0001563,1,43,33,2,2,2.0,2.0,,2.0,0,2,18_34,True,generative
donor_h0001563,2,44,34,2,2,2.0,2.0,,2.0,1,2,18_34,True,generative
donor_h0001563,3,38,2,2,2,,,,,2,2,0_17,False,dependent
donor_h0001563,4,47,1,2,2,,,,,2,2,0_17,False,dependent
donor_h0001564,1,15,34,2,2,2.0,2.0,,2.0,0,2,18_34,True,generative
donor_h0001564,2,13,10,2,2,,2.0,,2.0,2,2,0_17,False,dependent
donor_h0001564,3,13,8,2,2,,2.0,,2.0,2,2,0_17,False,dependent
donor_h0001565,1,24,68,2,2,2.0,2.0,3.0,2.0,0,2,65_plus,True,generative
donor_h0001565,2,24,65,2,2,2.0,2.0,,2.0,1,2,65_plus,True,generative
donor_h0001566,1,17,32,2,2,2.0,2.0,,2.0,0,2,18_34,True,generative
donor_h0001566,2,14,29,2,2,2.0,2.0,,2.0,1,2,18_34,True,generative
donor_h0001566,3,15,9,2,2,,2.0,,2.0,2,2,0_17,False,dependent
donor_h0001566,4,15,7,2,2,,2.0,,2.0,2,2,0_17,False,dependent
donor_h0001566,5,15,5,2,2,,2.0,,2.0,2,2,0_17,False,dependent
donor_h0001567,1,16,70,2,2,2.0,2.0,5.0,2.0,0,2,65_plus,True,generative
donor_h0001567,2,14,64,2,2,2.0,2.0,,2.0,1,2,35_64,True,generative
donor_h0001568,1,23,70,2,2,2.0,2.0,,2.0,0,2,65_plus,True,generative
donor_h0001568,2,25,68,2,2,2.0,2.0,,2.0,1,2,65_plus,True,generative
donor_h0001569,1,18,18,2,2,2.0,2.0,,2.0,0,2,18_34,True,generative
donor_h0001569,2,27,19,2,2,2.0,2.0,,2.0,12,2,18_34,True,generative
donor_h0001569,3,36,18,2,2,2.0,2.0,,2.0,13,2,18_34,True,generative
donor_h0001570,1,25,29,2,2,2.0,2.0,,2.0,0,2,18_34,True,generative
donor_h0001570,2,26,10,2,2,,2.0,,2.0,2,2,0_17,False,dependent
donor_h0001570,3,29,8,2,2,,2.0,,2.0,2,2,0_17,False,dependent
donor_h0001571,1,15,86,2,2,2.0,2.0,5.0,1.0,0,1,65_plus,True,generative
donor_h0001571,2,15,94,1,1,1.0,1.0,,2.0,1,1,65_plus,True,generative
donor_h0001572,1,17,66,2,2,2.0,2.0,,2.0,0,2,65_plus,True,generative
donor_h0001572,2,17,67,2,2,1.0,1.0,,1.0,1,1,65_plus,True,generative
donor_h0001573,1,18,42,2,2,2.0,2.0,,2.0,0,2,35_64,True,generative
donor_h0001574,1,10,73,1,2,2.0,2.0,,2.0,0,1,65_plus,True,generative
donor_h0001574,2,8,73,2,2,2.0,2.0,,2.0,1,2,65_plus,True,generative
donor_h0001575,1,15,74,2,2,2.0,2.0,,2.0,0,2,65_plus,True,generative
donor_h0001575,2,15,70,2,2,2.0,2.0,,2.0,1,2,65_plus,True,generative
donor_h0001576,1,16,58,2,2,2.0,2.0,,2.0,0,2,35_64,True,generative
donor_h0001576,2,20,18,2,2,2.0,2.0,,2.0,2,2,18_34,True,generative
donor_h0001576,3,10,18,2,2,2.0,2.0,,2.0,2,2,18_34,True,generative
donor_h0001577,1,2,59,2,2,2.0,2.0,,2.0,0,2,35_64,True,generative
donor_h0001577,2,2,55,2,2,2.0,2.0,,2.0,1,2,35_64,True,generative
donor_h0001578,1,11,43,2,2,2.0,2.0,,2.0,0,2,35_64,True,generative
donor_h0001578,2,14,39,2,2,2.0,2.0,,2.0,1,2,35_64,True,generative
donor_h0001578,3,12,17,2,2,2.0,2.0,,2.0,2,2,0_17,False,dependent
donor_h0001578,4,14,14,2,2,,2.0,,2.0,2,2,0_17,False,dependent
donor_h0001579,1,19,52,2,2,2.0,2.0,,2.0,0,2,35_64,True,generative
donor_h0001580,1,44,31,2,2,2.0,2.0,,2.0,0,2,18_34,True,generative
donor_h0001580,2,40,29,2,2,2.0,2.0,,2.0,1,2,18_34,True,generative
donor_h0001580,3,41,13,2,2,,2.0,,2.0,2,2,0_17,False,dependent
donor_h0001580,4,46,4,2,2,,,,,2,2,0_17,False,dependent
donor_h0001580,5,37,2,2,2,,,,,2,2,0_17,False,dependent
donor_h0001581,1,10,77,2,2,2.0,1.0,,2.0,0,1,65_plus,True,generative
donor_h0001582,1,13,57,2,2,1.0,2.0,,1.0,0,1,35_64,True,generative
donor_h0001582,2,12,61,2,2,2.0,2.0,,1.0,1,1,35_64,True,generative
donor_h0001583,1,14,66,2,2,2.0,2.0,,2.0,0,2,65_plus,True,generative
donor_h0001583,2,20,33,2,2,2.0,2.0,,2.0,2,2,18_34,True,generative
donor_h0001584,1,7,63,2,2,1.0,2.0,,1.0,0,1,35_64,True,generative
donor_h0001584,2,9,42,2,2,2.0,2.0,,2.0,2,2,35_64,True,generative
donor_h0001584,3,13,67,2,2,2.0,2.0,,2.0,5,2,65_plus,True,generative
donor_h0001584,4,9,12,2,1,,2.0,,2.0,7,1,0_17,False,dependent
donor_h0001585,1,3,44,2,2,2.0,2.0,,2.0,0,2,35_64,True,generative
donor_h0001586,1,15,69,2,2,2.0,2.0,,2.0,0,2,65_plus,True,generative
donor_h0001586,2,15,65,2,2,2.0,2.0,,2.0,1,2,65_plus,True,generative
donor_h0001587,1,21,73,1,2,1.0,1.0,,2.0,0,1,65_plus,True,generative
donor_h0001587,2,18,64,2,2,2.0,2.0,,2.0,1,2,35_64,True,generative
donor_h0001587,3,26,41,2,2,2.0,2.0,,2.0,2,2,35_64,True,generative
donor_h0001587,4,31,50,2,2,2.0,2.0,,2.0,9,2,35_64,True,generative
donor_h0001588,1,11,51,2,2,2.0,2.0,,2.0,0,2,35_64,True,generative
donor_h0001589,1,69,33,2,2,2.0,2.0,,2.0,0,2,18_34,True,generative
donor_h0001590,1,4,53,2,2,1.0,1.0,,2.0,0,1,35_64,True,generative
donor_h0001590,2,5,51,2,2,2.0,2.0,,2.0,1,2,35_64,True,generative
donor_h0001591,1,18,56,2,2,2.0,2.0,,2.0,0,2,35_64,True,generative
donor_h0001591,2,19,21,2,2,2.0,2.0,,2.0,12,2,18_34,True,generative
donor_h0001592,1,11,61,2,2,2.0,2.0,,2.0,0,2,35_64,True,generative
donor_h0001592,2,17,84,1,2,1.0,2.0,,1.0,6,1,65_plus,True,generative
donor_h0001593,1,6,56,1,2,1.0,1.0,,1.0,0,1,35_64,True,generative
donor_h0001594,1,21,53,2,2,2.0,2.0,,2.0,0,2,35_64,True,generative
donor_h0001594,2,25,49,2,2,1.0,2.0,,2.0,1,1,35_64,True,generative
donor_h0001595,1,6,69,2,2,2.0,2.0,,2.0,0,2,65_plus,True,generative
donor_h0001595,2,6,70,2,2,2.0,1.0,,2.0,1,1,65_plus,True,generative
donor_h0001596,1,7,76,2,2,2.0,1.0,,2.0,0,1,65_plus,True,generative
donor_h0001597,1,28,70,2,2,2.0,2.0,,2.0,0,2,65_plus,True,generative
donor_h0001598,1,8,61,2,2,2.0,2.0,,2.0,0,2,35_64,True,generative
donor_h0001598,2,8,59,2,2,2.0,2.0,,2.0,1,2,35_64,True,generative
donor_h0001599,1,20,82,2,2,2.0,2.0,,2.0,0,2,65_plus,True,generative
donor_h0001599,2,19,81,2,2,2.0,2.0,,2.0,1,2,65_plus,True,generative
donor_h0001600,1,4,22,2,2,2.0,2.0,,2.0,0,2,18_34,True,generative
donor_h0001600,2,5,25,1,2,2.0,2.0,,2.0,1,1,18_34,True,generative
donor_h0001601,1,17,33,2,2,2.0,2.0,,2.0,0,2,18_34,True,generative
donor_h0001602,1,9,67,2,2,2.0,2.0,,2.0,0,2,65_plus,True,generative
donor_h0001603,1,12,49,2,2,2.0,2.0,,2.0,0,2,35_64,True,generative
donor_h0001603,2,19,49,2,2,2.0,2.0,,2.0,12,2,35_64,True,generative
donor_h0001604,1,14,64,2,2,2.0,2.0,,2.0,0,2,35_64,True,generative
donor_h0001605,1,14,68,1,2,2.0,1.0,,2.0,0,1,65_plus,True,generative
donor_h0001605,2,13,58,2,2,2.0,2.0,,2.0,1,2,35_64,True,generative
donor_h0001606,1,7,94,2,2,2.0,2.0,,2.0,0,2,65_plus,True,generative
donor_h0001607,1,12,61,2,2,2.0,2.0,,2.0,0,2,35_64,True,generative
donor_h0001607,2,13,59,2,2,2.0,2.0,,2.0,1,2,35_64,True,generative
donor_h0001608,1,13,32,2,2,2.0,2.0,,2.0,0,2,18_34,True,generative
donor_h0001608,2,10,39,2,2,2.0,2.0,,2.0,1,2,35_64,True,generative
donor_h0001608,3,8,11,2,2,,2.0,,2.0,2,2,0_17,False,dependent
donor_h0001608,4,10,9,2,2,,2.0,,2.0,2,2,0_17,False,dependent
donor_h0001608,5,8,8,2,2,,2.0,,2.0,2,2,0_17,False,dependent
donor_h0001608,6,10,5,2,2,,2.0,,2.0,2,2,0_17,False,dependent
donor_h0001608,7,12,4,2,2,,,,,2,2,0_17,False,dependent
donor_h0001608,8,12,1,2,2,,,,,2,2,0_17,False,dependent
donor_h0001609,1,23,81,2,2,2.0,2.0,,2.0,0,2,65_plus,True,generative
donor_h0001610,1,8,69,2,2,2.0,2.0,,2.0,0,2,65_plus,True,generative
donor_h0001610,2,13,68,2,2,2.0,2.0,,2.0,5,2,65_plus,True,generative
donor_h0001610,3,9,53,2,2,2.0,2.0,,2.0,5,2,35_64,True,generative
donor_h0001611,1,14,49,2,2,2.0,2.0,,2.0,0,2,35_64,True,generative
donor_h0001611,2,12,49,2,2,2.0,2.0,,2.0,1,2,35_64,True,generative
donor_h0001611,3,17,21,2,2,2.0,2.0,,2.0,2,2,18_34,True,generative
donor_h0001612,1,9,36,2,2,2.0,2.0,,2.0,0,2,35_64,True,generative
donor_h0001613,1,15,74,2,2,2.0,2.0,,2.0,0,2,65_plus,True,generative
donor_h0001613,2,15,73,1,2,2.0,2.0,,2.0,1,1,65_plus,True,generative
donor_h0001614,1,12,55,2,2,2.0,2.0,,2.0,0,2,35_64,True,generative
donor_h0001615,1,16,67,2,2,2.0,2.0,,2.0,0,2,65_plus,True,generative
donor_h0001616,1,9,71,2,2,2.0,2.0,,2.0,0,2,65_plus,True,generative
donor_h0001616,2,8,73,2,2,2.0,2.0,,2.0,1,2,65_plus,True,generative
donor_h0001617,1,44,39,2,2,2.0,2.0,,2.0,0,2,35_64,True,generative
donor_h0001617,2,108,11,2,2,,2.0,,2.0,2,2,0_17,False,dependent
donor_h0001618,1,39,59,2,2,2.0,2.0,,2.0,0,2,35_64,True,generative
donor_h0001618,2,43,58,2,2,2.0,2.0,,2.0,1,2,35_64,True,generative
donor_h0001618,3,55,22,2,2,2.0,2.0,,2.0,2,2,18_34,True,generative
donor_h0001619,1,12,35,1,2,2.0,2.0,5.0,2.0,0,1,35_64,True,generative
donor_h0001619,2,14,39,2,2,2.0,2.0,,2.0,1,2,35_64,True,generative
donor_h0001619,3,13,13,2,2,,2.0,,2.0,2,2,0_17,False,dependent
donor_h0001619,4,18,20,2,2,2.0,2.0,,2.0,4,2,18_34,True,generative
donor_h0001619,5,11,16,2,2,2.0,2.0,,2.0,4,2,0_17,False,dependent
donor_h0001620,1,17,74,2,2,1.0,2.0,,1.0,0,1,65_plus,True,generative
donor_h0001620,2,18,73,2,2,2.0,2.0,,2.0,1,2,65_plus,True,generative
donor_h0001621,1,48,57,1,2,2.0,2.0,,2.0,0,1,35_64,True,generative
donor_h0001622,1,4,79,2,1,2.0,2.0,,2.0,0,1,65_plus,True,generative
donor_h0001623,1,14,44,2,2,2.0,2.0,,2.0,0,2,35_64,True,generative
donor_h0001623,2,16,43,2,2,2.0,2.0,,2.0,1,2,35_64,True,generative
donor_h0001623,3,14,17,2,2,2.0,2.0,,2.0,2,2,0_17,False,dependent
donor_h0001624,1,51,38,2,2,2.0,2.0,,2.0,0,2,35_64,True,generative
donor_h0001624,2,63,7,2,2,,2.0,,2.0,2,2,0_17,False,dependent
donor_h0001625,1,11,84,2,1,1.0,1.0,,2.0,0,1,65_plus,True,generative
donor_h0001625,2,11,85,2,2,2.0,1.0,,2.0,1,1,65_plus,True,generative
donor_h0001625,3,16,53,2,2,2.0,1.0,,1.0,2,1,35_64,True,generative
donor_h0001626,1,19,62,2,2,2.0,2.0,,2.0,0,2,35_64,True,generative
donor_h0001627,1,23,52,2,2,2.0,1.0,,2.0,0,1,35_64,True,generative
donor_h0001627,2,17,17,2,2,2.0,2.0,,2.0,2,2,0_17,False,dependent
donor_h0001627,3,17,15,2,2,2.0,2.0,,2.0,2,2,0_17,False,dependent
donor_h0001628,1,6,84,2,2,2.0,2.0,,2.0,0,2,65_plus,True,generative
donor_h0001628,2,9,58,2,2,2.0,2.0,,2.0,2,2,35_64,True,generative
donor_h0001628,3,9,55,2,2,2.0,2.0,,2.0,2,2,35_64,True,generative
donor_h0001628,4,12,26,2,2,2.0,2.0,,2.0,7,2,18_34,True,generative
donor_h0001628,5,9,50,2,2,2.0,2.0,,2.0,9,2,35_64,True,generative
donor_h0001629,1,29,68,2,2,2.0,2.0,,2.0,0,2,65_plus,True,generative
donor_h0001629,2,27,71,2,2,2.0,2.0,,2.0,1,2,65_plus,True,generative
donor_h0001630,1,9,51,2,2,2.0,2.0,,2.0,0,2,35_64,True,generative
donor_h0001630,2,11,45,2,2,2.0,2.0,,2.0,1,2,35_64,True,generative
donor_h0001630,3,9,15,2,2,2.0,2.0,,2.0,2,2,0_17,False,dependent
donor_h0001631,1,5,50,2,2,2.0,2.0,,2.0,0,2,35_64,True,generative
donor_h0001631,2,5,48,2,2,1.0,1.0,,2.0,1,1,35_64,True,generative
donor_h0001631,3,10,20,2,2,2.0,2.0,,2.0,2,2,18_34,True,generative
donor_h0001632,1,11,52,2,2,2.0,2.0,,2.0,0,2,35_64,True,generative
donor_h0001632,2,14,45,2,2,2.0,2.0,,2.0,1,2,35_64,True,generative
donor_h0001632,3,16,18,2,2,2.0,2.0,,2.0,2,2,18_34,True,generative
donor_h0001632,4,12,16,2,2,2.0,2.0,,2.0,2,2,0_17,False,dependent
donor_h0001632,5,15,12,2,2,,2.0,,2.0,2,2,0_17,False,dependent
donor_h0001632,6,14,10,2,2,,2.0,,2.0,2,2,0_17,False,dependent
donor_h0001633,1,25,78,1,1,2.0,1.0,,2.0,0,1,65_plus,True,generative
donor_h0001633,2,26,83,1,1,2.0,2.0,,2.0,1,1,65_plus,True,generative
donor_h0001634,1,19,44,2,2,2.0,2.0,,2.0,0,2,35_64,True,generative
donor_h0001634,2,22,51,2,2,2.0,2.0,,2.0,1,2,35_64,True,generative
donor_h0001634,3,24,13,2,2,,2.0,,2.0,2,2,0_17,False,dependent
donor_h0001634,4,22,12,2,2,,2.0,,2.0,2,2,0_17,False,dependent
donor_h0001635,1,8,64,2,2,2.0,2.0,,2.0,0,2,35_64,True,generative
donor_h0001636,1,4,58,2,2,2.0,2.0,,2.0,0,2,35_64,True,generative
donor_h0001636,2,3,52,2,2,2.0,2.0,,2.0,1,2,35_64,True,generative
donor_h0001636,3,5,23,2,2,2.0,2.0,,2.0,2,2,18_34,True,generative
donor_h0001637,1,14,53,2,2,2.0,2.0,,2.0,0,2,35_64,True,generative
donor_h0001637,2,13,58,2,2,2.0,1.0,,2.0,1,1,35_64,True,generative
donor_h0001637,3,19,88,1,2,1.0,1.0,,2.0,6,1,65_plus,True,generative
donor_h0001638,1,8,69,2,1,2.0,1.0,,2.0,0,1,65_plus,True,generative
donor_h0001638,2,9,67,2,2,2.0,2.0,,2.0,1,2,65_plus,True,generative
donor_h0001639,1,6,55,2,2,2.0,2.0,,2.0,0,2,35_64,True,generative
donor_h0001639,2,5,51,2,2,2.0,2.0,,2.0,1,2,35_64,True,generative
donor_h0001640,1,13,32,2,2,2.0,2.0,3.0,2.0,0,2,18_34,True,generative
donor_h0001640,2,13,30,2,2,2.0,2.0,,2.0,1,2,18_34,True,generative
donor_h0001640,3,13,9,2,2,,2.0,,2.0,2,2,0_17,False,dependent
donor_h0001640,4,14,3,2,2,,,,,2,2,0_17,False,dependent
donor_h0001641,1,14,70,2,2,2.0,2.0,,2.0,0,2,65_plus,True,generative
donor_h0001641,2,16,67,2,2,2.0,2.0,,2.0,1,2,65_plus,True,generative
donor_h0001642,1,20,29,2,2,2.0,2.0,,2.0,0,2,18_34,True,generative
donor_h0001642,2,26,29,2,2,2.0,2.0,,2.0,1,2,18_34,True,generative
donor_h0001642,3,19,3,2,2,,,,,2,2,0_17,False,dependent
donor_h0001642,4,23,0,2,2,,,,,2,2,0_17,False,dependent
donor_h0001643,1,6,75,2,2,2.0,2.0,,2.0,0,2,65_plus,True,generative
donor_h0001643,2,6,79,1,2,1.0,1.0,,1.0,1,1,65_plus,True,generative
donor_h0001644,1,8,35,2,2,2.0,2.0,,2.0,0,2,35_64,True,generative
donor_h0001644,2,6,41,2,2,2.0,2.0,,2.0,1,2,35_64,True,generative
donor_h0001644,3,8,7,2,2,,2.0,,2.0,2,2,0_17,False,dependent
donor_h0001644,4,9,6,2,2,,2.0,,2.0,2,2,0_17,False,dependent
donor_h0001644,5,8,3,2,2,,,,,2,2,0_17,False,dependent
donor_h0001645,1,4,67,2,2,2.0,2.0,,2.0,0,2,65_plus,True,generative
donor_h0001645,2,4,70,2,2,2.0,2.0,,2.0,1,2,65_plus,True,generative
donor_h0001645,3,5,41,2,2,2.0,2.0,,2.0,2,2,35_64,True,generative
donor_h0001645,4,4,9,2,2,,2.0,,2.0,7,2,0_17,False,dependent
donor_h0001646,1,41,26,2,2,2.0,2.0,,2.0,0,2,18_34,True,generative
donor_h0001646,2,50,1,2,2,,,,,2,2,0_17,False,dependent
donor_h0001646,3,61,37,2,2,2.0,2.0,,2.0,12,2,35_64,True,generative
donor_h0001647,1,8,63,2,2,1.0,2.0,,1.0,0,1,35_64,True,generative
donor_h0001647,2,9,67,2,2,1.0,1.0,,1.0,1,1,65_plus,True,generative
donor_h0001647,3,9,16,2,2,2.0,2.0,,2.0,7,2,0_17,False,dependent
donor_h0001647,4,9,15,2,2,2.0,2.0,,2.0,7,2,0_17,False,dependent
donor_h0001648,1,8,72,2,2,2.0,1.0,,2.0,0,1,65_plus,True,generative
donor_h0001648,2,7,64,2,2,2.0,2.0,,2.0,1,2,35_64,True,generative
donor_h0001649,1,18,64,1,2,2.0,2.0,,2.0,0,1,35_64,True,generative
donor_h0001650,1,9,73,2,2,2.0,2.0,,2.0,0,2,65_plus,True,generative
donor_h0001650,2,9,74,2,2,2.0,2.0,,2.0,1,2,65_plus,True,generative
donor_h0001651,1,18,57,2,2,2.0,2.0,,2.0,0,2,35_64,True,generative
donor_h0001651,2,17,55,2,2,2.0,2.0,,2.0,1,2,35_64,True,generative
donor_h0001652,1,19,85,2,2,2.0,2.0,,2.0,0,2,65_plus,True,generative
donor_h0001652,2,19,87,1,2,1.0,1.0,,1.0,1,1,65_plus,True,generative
donor_h0001652,3,25,15,2,2,2.0,2.0,,2.0,7,2,0_17,False,dependent
donor_h0001653,1,43,35,2,2,2.0,2.0,,2.0,0,2,35_64,True,generative
donor_h0001653,2,52,35,2,2,2.0,2.0,,2.0,1,2,35_64,True,generative
donor_h0001653,3,57,15,2,2,2.0,2.0,,2.0,2,2,0_17,False,dependent
donor_h0001653,4,56,11,2,2,,2.0,,2.0,2,2,0_17,False,dependent
donor_h0001653,5,77,37,2,2,1.0,2.0,,2.0,10,1,35_64,True,generative
donor_h0001653,6,70,23,2,2,2.0,2.0,,2.0,10,2,18_34,True,generative
donor_h0001654,1,21,59,2,2,2.0,2.0,,2.0,0,2,35_64,True,generative
donor_h0001654,2,22,51,2,2,2.0,2.0,,2.0,13,2,35_64,True,generative
donor_h0001655,1,9,60,2,2,2.0,2.0,,2.0,0,2,35_64,True,generative
donor_h0001656,1,12,39,2,2,2.0,2.0,,2.0,0,2,35_64,True,generative
donor_h0001656,2,13,36,2,2,2.0,2.0,,2.0,1,2,35_64,True,generative
donor_h0001656,3,10,1,2,1,,,,,15,1,0_17,False,dependent
donor_h0001657,1,18,46,2,2,2.0,2.0,,2.0,0,2,35_64,True,generative
donor_h0001658,1,19,61,2,2,2.0,2.0,,2.0,0,2,35_64,True,generative
donor_h0001659,1,49,33,2,2,2.0,2.0,,2.0,0,2,18_34,True,generative
donor_h0001659,2,48,31,2,2,2.0,2.0,,2.0,1,2,18_34,True,generative
donor_h0001660,1,10,41,2,2,2.0,2.0,,2.0,0,2,35_64,True,generative
donor_h0001660,2,13,37,2,2,2.0,2.0,,2.0,1,2,35_64,True,generative
donor_h0001660,3,14,14,2,2,,2.0,,2.0,2,2,0_17,False,dependent
donor_h0001660,4,15,12,2,2,,2.0,,2.0,2,2,0_17,False,dependent
donor_h0001660,5,14,11,2,2,,2.0,,2.0,2,2,0_17,False,dependent
donor_h0001660,6,14,9,2,2,,2.0,,2.0,2,2,0_17,False,dependent
donor_h0001661,1,11,51,2,2,2.0,2.0,,2.0,0,2,35_64,True,generative
donor_h0001661,2,13,41,2,2,2.0,2.0,,2.0,1,2,35_64,True,generative
donor_h0001661,3,16,23,2,2,2.0,2.0,,2.0,2,2,18_34,True,generative
donor_h0001661,4,24,25,2,2,2.0,2.0,,2.0,4,2,18_34,True,generative
donor_h0001662,1,29,31,2,2,2.0,2.0,,2.0,0,2,18_34,True,generative
donor_h0001662,2,22,6,2,2,,2.0,,2.0,2,2,0_17,False,dependent
donor_h0001662,3,23,4,2,2,,,,,2,2,0_17,False,dependent
donor_h0001662,4,17,39,2,1,2.0,2.0,,2.0,13,1,35_64,True,generative
donor_h0001663,1,35,29,2,2,2.0,2.0,3.0,2.0,0,2,18_34,True,generative
donor_h0001663,2,28,28,2,2,2.0,2.0,,2.0,1,2,18_34,True,generative
donor_h0001663,3,30,6,2,2,,2.0,,2.0,2,2,0_17,False,dependent
donor_h0001663,4,32,3,2,2,,,,,2,2,0_17,False,dependent
donor_h0001663,5,32,0,2,2,,,,,2,2,0_17,False,dependent
donor_h0001664,1,9,60,2,2,2.0,2.0,,2.0,0,2,35_64,True,generative
donor_h0001664,2,6,48,2,2,2.0,2.0,,2.0,13,2,35_64,True,generative
donor_h0001665,1,16,55,2,2,2.0,2.0,,2.0,0,2,35_64,True,generative
donor_h0001665,2,46,28,2,2,2.0,2.0,,2.0,2,2,18_34,True,generative
donor_h0001666,1,3,65,2,2,2.0,2.0,,2.0,0,2,65_plus,True,generative
donor_h0001667,1,33,45,2,2,1.0,1.0,,2.0,0,1,35_64,True,generative
donor_h0001667,2,40,21,2,2,2.0,2.0,,2.0,2,2,18_34,True,generative
donor_h0001667,3,42,44,2,1,2.0,2.0,,2.0,11,1,35_64,True,generative
donor_h0001668,1,7,57,2,2,2.0,2.0,,2.0,0,2,35_64,True,generative
donor_h0001668,2,8,63,2,2,2.0,2.0,,2.0,1,2,35_64,True,generative
donor_h0001669,1,11,51,2,2,2.0,2.0,,2.0,0,2,35_64,True,generative
donor_h0001669,2,14,49,2,2,2.0,2.0,,2.0,1,2,35_64,True,generative
donor_h0001670,1,29,18,2,2,2.0,2.0,,2.0,0,2,18_34,True,generative
donor_h0001670,2,39,17,2,2,2.0,2.0,,2.0,1,2,0_17,False,dependent
donor_h0001670,3,43,18,2,2,2.0,2.0,,2.0,11,2,18_34,True,generative
donor_h0001671,1,13,59,2,2,2.0,2.0,,2.0,0,2,35_64,True,generative
donor_h0001671,2,11,63,2,2,2.0,2.0,,2.0,1,2,35_64,True,generative
donor_h0001672,1,14,66,2,2,1.0,2.0,,1.0,0,1,65_plus,True,generative
donor_h0001673,1,14,56,2,2,2.0,2.0,,2.0,0,2,35_64,True,generative
donor_h0001673,2,15,51,2,2,2.0,2.0,,2.0,1,2,35_64,True,generative
donor_h0001674,1,57,35,2,2,2.0,2.0,,2.0,0,2,35_64,True,generative
donor_h0001674,2,69,35,2,2,2.0,2.0,,2.0,1,2,35_64,True,generative
donor_h0001674,3,76,6,2,2,,2.0,,2.0,2,2,0_17,False,dependent
donor_h0001674,4,69,5,2,2,,2.0,,2.0,2,2,0_17,False,dependent
donor_h0001674,5,64,3,2,2,,,,,2,2,0_17,False,dependent
donor_h0001674,6,65,1,2,2,,,,,2,2,0_17,False,dependent
donor_h0001675,1,12,57,2,2,2.0,2.0,,2.0,0,2,35_64,True,generative
donor_h0001675,2,12,55,2,2,2.0,2.0,,2.0,1,2,35_64,True,generative
donor_h0001676,1,7,67,1,2,1.0,2.0,,1.0,0,1,65_plus,True,generative
donor_h0001676,2,6,66,2,2,1.0,1.0,,1.0,1,1,65_plus,True,generative
donor_h0001676,3,14,27,1,1,2.0,2.0,,1.0,7,1,18_34,True,generative
donor_h0001677,1,14,64,2,2,2.0,2.0,,2.0,0,2,35_64,True,generative
donor_h0001678,1,56,24,2,2,2.0,2.0,,2.0,0,2,18_34,True,generative
donor_h0001679,1,21,38,2,2,2.0,2.0,,2.0,0,2,35_64,True,generative
donor_h0001679,2,13,19,2,2,2.0,2.0,,2.0,2,2,18_34,True,generative
donor_h0001679,3,23,17,2,2,2.0,2.0,,2.0,2,2,0_17,False,dependent
donor_h0001679,4,20,12,2,2,,2.0,,2.0,2,2,0_17,False,dependent
donor_h0001679,5,24,2,2,2,,,,,2,2,0_17,False,dependent
donor_h0001679,6,26,29,2,2,2.0,2.0,,2.0,13,2,18_34,True,generative
donor_h0001680,1,16,63,2,2,2.0,2.0,,2.0,0,2,35_64,True,generative
donor_h0001681,1,20,37,2,2,2.0,2.0,,2.0,0,2,35_64,True,generative
donor_h0001681,2,17,44,2,2,1.0,1.0,,1.0,1,1,35_64,True,generative
donor_h0001681,3,20,7,2,2,,2.0,,2.0,2,2,0_17,False,dependent
donor_h0001681,4,21,5,2,2,,2.0,,2.0,2,2,0_17,False,dependent
donor_h0001681,5,19,0,2,2,,,,,2,2,0_17,False,dependent
donor_h0001682,1,14,69,2,2,2.0,2.0,,2.0,0,2,65_plus,True,generative
donor_h0001683,1,14,72,1,2,2.0,2.0,,2.0,0,1,65_plus,True,generative
donor_h0001683,2,15,71,2,2,2.0,2.0,,2.0,1,2,65_plus,True,generative
donor_h0001684,1,3,94,1,2,2.0,1.0,,2.0,0,1,65_plus,True,generative
donor_h0001684,2,4,82,2,2,2.0,1.0,,1.0,1,1,65_plus,True,generative
donor_h0001685,1,17,81,2,2,2.0,1.0,,2.0,0,1,65_plus,True,generative
donor_h0001686,1,10,76,2,2,2.0,2.0,,1.0,0,1,65_plus,True,generative
donor_h0001687,1,16,64,2,2,2.0,2.0,,2.0,0,2,35_64,True,generative
donor_h0001687,2,18,67,2,2,1.0,2.0,,2.0,1,1,65_plus,True,generative
donor_h0001688,1,9,28,2,2,2.0,2.0,,2.0,0,2,18_34,True,generative
donor_h0001688,2,14,35,2,2,2.0,2.0,,2.0,12,2,35_64,True,generative
donor_h0001688,3,14,32,2,2,2.0,2.0,,2.0,12,2,18_34,True,generative
donor_h0001688,4,15,32,2,2,2.0,2.0,,2.0,12,2,18_34,True,generative
donor_h0001688,5,14,27,2,2,1.0,2.0,,1.0,12,1,18_34,True,generative
donor_h0001688,6,11,22,2,2,2.0,2.0,,2.0,12,2,18_34,True,generative
donor_h0001688,7,11,21,2,2,2.0,2.0,,2.0,12,2,18_34,True,generative
donor_h0001688,8,12,19,2,2,2.0,2.0,,2.0,12,2,18_34,True,generative
donor_h0001689,1,20,34,2,2,2.0,2.0,,2.0,0,2,18_34,True,generative
donor_h0001689,2,19,34,2,2,2.0,2.0,,2.0,1,2,18_34,True,generative
donor_h0001690,1,7,77,2,2,1.0,1.0,,2.0,0,1,65_plus,True,generative
donor_h0001690,2,8,52,2,2,2.0,1.0,,2.0,2,1,35_64,True,generative
donor_h0001690,3,10,51,2,2,1.0,1.0,,1.0,9,1,35_64,True,generative
donor_h0001691,1,4,82,1,2,2.0,1.0,,2.0,0,1,65_plus,True,generative
donor_h0001692,1,3,74,2,2,2.0,2.0,,2.0,0,2,65_plus,True,generative
donor_h0001692,2,3,73,2,2,1.0,1.0,,2.0,1,1,65_plus,True,generative
donor_h0001693,1,8,40,2,2,2.0,2.0,,2.0,0,2,35_64,True,generative
donor_h0001693,2,7,43,2,2,2.0,2.0,4.0,2.0,1,2,35_64,True,generative
donor_h0001694,1,11,62,2,2,2.0,2.0,,2.0,0,2,35_64,True,generative
donor_h0001694,2,12,56,2,2,2.0,2.0,,2.0,1,2,35_64,True,generative
donor_h0001695,1,11,38,2,2,2.0,2.0,,2.0,0,2,35_64,True,generative
donor_h0001695,2,19,36,2,2,2.0,2.0,,2.0,1,2,35_64,True,generative
donor_h0001695,3,20,8,2,2,,2.0,,2.0,2,2,0_17,False,dependent
donor_h0001695,4,20,6,2,2,,2.0,,2.0,2,2,0_17,False,dependent
donor_h0001696,1,18,39,2,2,2.0,2.0,,2.0,0,2,35_64,True,generative
donor_h0001696,2,21,39,2,2,2.0,2.0,,2.0,1,2,35_64,True,generative
donor_h0001696,3,19,1,2,2,,,,,2,2,0_17,False,dependent
donor_h0001696,4,24,0,2,2,,,,,2,2,0_17,False,dependent
donor_h0001697,1,4,55,2,2,2.0,2.0,,2.0,0,2,35_64,True,generative
donor_h0001697,2,3,60,2,2,2.0,2.0,3.0,2.0,1,2,35_64,True,generative
donor_h0001698,1,13,67,1,2,2.0,2.0,2.0,2.0,0,1,65_plus,True,generative
donor_h0001698,2,13,68,2,2,2.0,2.0,,2.0,1,2,65_plus,True,generative
donor_h0001699,1,3,59,1,2,2.0,2.0,,2.0,0,1,35_64,True,generative
donor_h0001699,2,3,64,1,2,2.0,1.0,4.0,2.0,13,1,35_64,True,generative
donor_h0001699,3,3,58,2,2,1.0,1.0,,1.0,15,1,35_64,True,generative
donor_h0001700,1,19,62,2,2,1.0,1.0,,2.0,0,1,35_64,True,generative
donor_h0001700,2,21,61,2,2,1.0,2.0,,1.0,1,1,35_64,True,generative
donor_h0001700,3,29,60,2,2,2.0,2.0,,2.0,15,2,35_64,True,generative
donor_h0001701,1,7,64,2,2,2.0,2.0,,2.0,0,2,35_64,True,generative
donor_h0001701,2,8,62,2,2,2.0,2.0,,2.0,1,2,35_64,True,generative
donor_h0001702,1,8,27,2,2,2.0,2.0,,2.0,0,2,18_34,True,generative
donor_h0001702,2,10,25,2,2,2.0,2.0,,2.0,13,2,18_34,True,generative
donor_h0001703,1,10,94,2,2,2.0,2.0,,2.0,0,2,65_plus,True,generative
donor_h0001704,1,37,63,2,2,2.0,2.0,,2.0,0,2,35_64,True,generative
donor_h0001704,2,33,63,2,2,2.0,2.0,,2.0,1,2,35_64,True,generative
donor_h0001705,1,5,66,2,2,1.0,1.0,,1.0,0,1,65_plus,True,generative
donor_h0001705,2,4,66,2,2,1.0,1.0,,1.0,13,1,65_plus,True,generative
donor_h0001706,1,11,84,2,1,2.0,1.0,,2.0,0,1,65_plus,True,generative
donor_h0001707,1,13,71,2,2,2.0,2.0,,1.0,0,1,65_plus,True,generative
donor_h0001708,1,7,44,1,2,2.0,2.0,,2.0,0,1,35_64,True,generative
donor_h0001708,2,9,39,2,2,2.0,2.0,,2.0,1,2,35_64,True,generative
donor_h0001708,3,7,15,2,2,2.0,2.0,,2.0,2,2,0_17,False,dependent
donor_h0001708,4,7,7,2,2,,2.0,,2.0,2,2,0_17,False,dependent
donor_h0001709,1,13,52,2,2,2.0,1.0,,2.0,0,1,35_64,True,generative
donor_h0001709,2,11,52,2,2,2.0,2.0,,2.0,1,2,35_64,True,generative
donor_h0001709,3,18,50,2,2,2.0,2.0,,2.0,15,2,35_64,True,generative
donor_h0001710,1,15,61,2,2,2.0,2.0,,2.0,0,2,35_64,True,generative
donor_h0001710,2,13,64,2,2,2.0,2.0,,2.0,1,2,35_64,True,generative
donor_h0001711,1,11,72,1,2,2.0,2.0,,2.0,0,1,65_plus,True,generative
donor_h0001711,2,32,37,2,2,2.0,2.0,,2.0,2,2,35_64,True,generative
donor_h0001712,1,13,64,2,2,2.0,2.0,,2.0,0,2,35_64,True,generative
donor_h0001713,1,11,49,2,2,1.0,1.0,,1.0,0,1,35_64,True,generative
donor_h0001714,1,19,61,2,2,2.0,2.0,,2.0,0,2,35_64,True,generative
donor_h0001714,2,20,54,2,2,2.0,2.0,,2.0,1,2,35_64,True,generative
donor_h0001715,1,24,65,2,2,2.0,2.0,,2.0,0,2,65_plus,True,generative
donor_h0001716,1,7,77,2,2,2.0,1.0,,2.0,0,1,65_plus,True,generative
donor_h0001716,2,5,77,2,2,1.0,1.0,,2.0,1,1,65_plus,True,generative
donor_h0001716,3,9,58,2,2,2.0,2.0,,2.0,2,2,35_64,True,generative
donor_h0001717,1,11,71,1,1,1.0,1.0,,2.0,0,1,65_plus,True,generative
donor_h0001717,2,11,68,2,2,2.0,1.0,,2.0,1,1,65_plus,True,generative
donor_h0001718,1,25,34,2,2,2.0,2.0,,2.0,0,2,18_34,True,generative
donor_h0001718,2,24,39,2,2,2.0,2.0,,2.0,1,2,35_64,True,generative
donor_h0001718,3,26,6,2,2,,2.0,,2.0,2,2,0_17,False,dependent
donor_h0001718,4,25,6,2,2,,2.0,,2.0,2,2,0_17,False,dependent
donor_h0001718,5,21,0,2,2,,,,,2,2,0_17,False,dependent
donor_h0001719,1,12,41,2,2,2.0,2.0,,2.0,0,2,35_64,True,generative
donor_h0001719,2,11,47,2,2,2.0,2.0,,2.0,1,2,35_64,True,generative
donor_h0001719,3,11,14,2,2,,2.0,,2.0,2,2,0_17,False,dependent
donor_h0001720,1,17,67,2,2,2.0,2.0,,2.0,0,2,65_plus,True,generative
donor_h0001720,2,17,68,2,2,2.0,2.0,,2.0,1,2,65_plus,True,generative
donor_h0001720,3,16,19,2,2,2.0,2.0,,2.0,7,2,18_34,True,generative
donor_h0001721,1,71,27,2,2,2.0,2.0,,2.0,0,2,18_34,True,generative
donor_h0001722,1,8,62,2,2,1.0,1.0,,2.0,0,1,35_64,True,generative
donor_h0001723,1,20,25,2,2,2.0,2.0,,2.0,0,2,18_34,True,generative
donor_h0001723,2,16,3,2,2,,,,,2,2,0_17,False,dependent
donor_h0001723,3,19,0,2,2,,,,,2,2,0_17,False,dependent
donor_h0001723,4,17,23,2,2,2.0,2.0,,2.0,13,2,18_34,True,generative
donor_h0001724,1,20,65,2,2,2.0,2.0,,2.0,0,2,65_plus,True,generative
donor_h0001725,1,10,81,2,2,2.0,2.0,,2.0,0,2,65_plus,True,generative
donor_h0001725,2,15,58,2,2,2.0,2.0,,2.0,2,2,35_64,True,generative
donor_h0001725,3,15,58,2,1,1.0,2.0,,1.0,2,1,35_64,True,generative
donor_h0001725,4,15,56,2,2,1.0,1.0,,1.0,2,1,35_64,True,generative
donor_h0001726,1,8,45,2,2,2.0,2.0,,2.0,0,2,35_64,True,generative
donor_h0001726,2,8,17,2,2,2.0,2.0,,2.0,2,2,0_17,False,dependent
donor_h0001726,3,10,14,2,2,,2.0,,2.0,2,2,0_17,False,dependent
donor_h0001727,1,43,27,2,2,2.0,2.0,,2.0,0,2,18_34,True,generative
donor_h0001727,2,18,24,2,2,2.0,2.0,,2.0,13,2,18_34,True,generative
donor_h0001728,1,20,61,2,2,2.0,2.0,,2.0,0,2,35_64,True,generative
donor_h0001728,2,19,60,1,2,2.0,2.0,,2.0,1,1,35_64,True,generative
donor_h0001728,3,22,24,2,2,2.0,2.0,,2.0,2,2,18_34,True,generative
donor_h0001728,4,30,94,2,2,1.0,1.0,,2.0,8,1,65_plus,True,generative
donor_h0001729,1,12,70,2,2,2.0,2.0,,2.0,0,2,65_plus,True,generative
donor_h0001730,1,30,23,2,2,2.0,2.0,,2.0,0,2,18_34,True,generative
donor_h0001730,2,39,3,2,2,,,,,2,2,0_17,False,dependent
donor_h0001730,3,34,1,2,2,,,,,2,2,0_17,False,dependent
donor_h0001731,1,35,53,2,2,2.0,2.0,,2.0,0,2,35_64,True,generative
donor_h0001732,1,4,69,1,2,2.0,2.0,,2.0,0,1,65_plus,True,generative
donor_h0001732,2,5,48,2,2,2.0,2.0,,2.0,1,2,35_64,True,generative
donor_h0001732,3,5,10,2,2,,2.0,,2.0,2,2,0_17,False,dependent
donor_h0001733,1,17,62,2,2,2.0,2.0,,2.0,0,2,35_64,True,generative
donor_h0001733,2,15,62,2,2,2.0,1.0,,2.0,1,1,35_64,True,generative
donor_h0001734,1,18,70,2,2,2.0,1.0,,2.0,0,1,65_plus,True,generative
donor_h0001734,2,51,40,2,2,2.0,2.0,,2.0,2,2,35_64,True,generative
donor_h0001734,3,47,6,2,2,,2.0,,2.0,7,2,0_17,False,dependent
donor_h0001735,1,14,84,2,1,1.0,2.0,,1.0,0,1,65_plus,True,generative
donor_h0001736,1,5,45,2,2,2.0,2.0,,2.0,0,2,35_64,True,generative
donor_h0001736,2,3,48,2,2,2.0,2.0,,2.0,1,2,35_64,True,generative
donor_h0001736,3,3,16,2,2,2.0,2.0,,2.0,2,2,0_17,False,dependent
donor_h0001736,4,4,15,2,2,2.0,2.0,,2.0,2,2,0_17,False,dependent
donor_h0001736,5,5,13,2,2,,2.0,,2.0,2,2,0_17,False,dependent
donor_h0001737,1,25,76,1,2,2.0,2.0,,2.0,0,1,65_plus,True,generative
donor_h0001737,2,23,68,2,2,2.0,2.0,,2.0,1,2,65_plus,True,generative
donor_h0001738,1,13,61,2,2,2.0,1.0,,2.0,0,1,35_64,True,generative
donor_h0001739,1,9,87,2,2,2.0,2.0,,2.0,0,2,65_plus,True,generative
donor_h0001740,1,11,47,2,2,2.0,2.0,,2.0,0,2,35_64,True,generative
donor_h0001740,2,13,47,2,2,2.0,2.0,,2.0,1,2,35_64,True,generative
donor_h0001740,3,19,26,2,2,2.0,2.0,,2.0,2,2,18_34,True,generative
donor_h0001740,4,18,25,2,2,2.0,2.0,,2.0,2,2,18_34,True,generative
donor_h0001741,1,11,74,2,2,2.0,2.0,4.0,2.0,0,2,65_plus,True,generative
donor_h0001741,2,12,68,2,2,2.0,2.0,,2.0,1,2,65_plus,True,generative
donor_h0001742,1,15,30,2,2,2.0,2.0,,2.0,0,2,18_34,True,generative
donor_h0001742,2,11,33,2,2,2.0,2.0,,2.0,1,2,18_34,True,generative
donor_h0001742,3,15,0,2,2,,,,,2,2,0_17,False,dependent
donor_h0001743,1,11,70,2,2,2.0,1.0,5.0,2.0,0,1,65_plus,True,generative
donor_h0001743,2,11,63,2,2,2.0,2.0,,2.0,1,2,35_64,True,generative
donor_h0001743,3,12,54,2,2,2.0,2.0,,2.0,11,2,35_64,True,generative
donor_h0001744,1,16,80,2,2,2.0,2.0,,2.0,0,2,65_plus,True,generative
donor_h0001745,1,9,69,2,2,1.0,2.0,,2.0,0,1,65_plus,True,generative
donor_h0001745,2,14,80,2,2,1.0,1.0,,2.0,13,1,65_plus,True,generative
donor_h0001746,1,8,84,2,2,2.0,2.0,,2.0,0,2,65_plus,True,generative
donor_h0001746,2,8,75,2,2,2.0,1.0,,2.0,1,1,65_plus,True,generative
donor_h0001747,1,5,57,2,2,2.0,2.0,,2.0,0,2,35_64,True,generative
donor_h0001747,2,4,59,2,2,2.0,2.0,,2.0,1,2,35_64,True,generative
donor_h0001748,1,59,33,1,2,2.0,2.0,,2.0,0,1,18_34,True,generative
donor_h0001749,1,13,87,2,2,2.0,1.0,,2.0,0,1,65_plus,True,generative
donor_h0001750,1,9,65,2,2,2.0,2.0,,2.0,0,2,65_plus,True,generative
donor_h0001751,1,31,24,2,2,2.0,2.0,,2.0,0,2,18_34,True,generative
donor_h0001751,2,35,4,2,2,,,,,2,2,0_17,False,dependent
donor_h0001752,1,13,66,2,2,2.0,2.0,,2.0,0,2,65_plus,True,generative
donor_h0001753,1,4,74,2,2,1.0,1.0,,2.0,0,1,65_plus,True,generative
donor_h0001753,2,4,63,2,2,2.0,2.0,,2.0,1,2,35_64,True,generative
donor_h0001754,1,9,35,2,2,2.0,2.0,,2.0,0,2,35_64,True,generative
donor_h0001754,2,9,38,2,2,2.0,2.0,,2.0,1,2,35_64,True,generative
donor_h0001754,3,8,11,2,2,,2.0,,2.0,2,2,0_17,False,dependent
donor_h0001754,4,8,8,2,2,,2.0,,2.0,2,2,0_17,False,dependent
donor_h0001755,1,13,60,2,2,2.0,2.0,,2.0,0,2,35_64,True,generative
donor_h0001756,1,7,51,2,2,2.0,2.0,,2.0,0,2,35_64,True,generative
donor_h0001756,2,9,52,2,2,2.0,2.0,,2.0,1,2,35_64,True,generative
donor_h0001756,3,8,15,2,2,2.0,2.0,,2.0,3,2,0_17,False,dependent
donor_h0001756,4,10,9,2,2,,2.0,,2.0,3,2,0_17,False,dependent
donor_h0001757,1,12,76,2,2,2.0,2.0,,2.0,0,2,65_plus,True,generative
donor_h0001757,2,13,2,2,2,,,,,7,2,0_17,False,dependent
donor_h0001758,1,12,68,2,2,2.0,2.0,,2.0,0,2,65_plus,True,generative
donor_h0001758,2,12,59,2,2,2.0,2.0,,2.0,1,2,35_64,True,generative
donor_h0001759,1,10,50,2,2,2.0,2.0,,2.0,0,2,35_64,True,generative
donor_h0001760,1,10,82,2,2,1.0,2.0,,2.0,0,1,65_plus,True,generative
donor_h0001761,1,30,26,2,2,2.0,2.0,,2.0,0,2,18_34,True,generative
donor_h0001761,2,33,29,2,2,2.0,2.0,,2.0,1,2,18_34,True,generative
donor_h0001761,3,27,5,2,2,,2.0,,2.0,2,2,0_17,False,dependent
donor_h0001761,4,23,3,2,2,,,,,2,2,0_17,False,dependent
donor_h0001762,1,4,90,1,2,2.0,2.0,,2.0,0,1,65_plus,True,generative
donor_h0001763,1,8,26,2,2,2.0,2.0,,2.0,0,2,18_34,True,generative
donor_h0001763,2,8,22,2,2,2.0,2.0,,2.0,13,2,18_34,True,generative
donor_h0001764,1,25,58,2,2,2.0,2.0,,2.0,0,2,35_64,True,generative
donor_h0001764,2,23,61,2,2,2.0,2.0,,2.0,1,2,35_64,True,generative
donor_h0001764,3,28,23,2,2,2.0,2.0,,2.0,2,2,18_34,True,generative
donor_h0001765,1,20,29,2,2,2.0,2.0,,2.0,0,2,18_34,True,generative
donor_h0001765,2,18,28,2,2,2.0,2.0,,2.0,13,2,18_34,True,generative
donor_h0001766,1,33,52,2,2,2.0,1.0,,2.0,0,1,35_64,True,generative
donor_h0001767,1,55,33,2,2,2.0,2.0,,2.0,0,2,18_34,True,generative
donor_h0001767,2,82,10,2,2,,2.0,,2.0,2,2,0_17,False,dependent
donor_h0001767,3,76,8,2,2,,2.0,,2.0,2,2,0_17,False,dependent
donor_h0001768,1,12,67,2,2,2.0,2.0,,2.0,0,2,65_plus,True,generative
donor_h0001768,2,14,66,2,2,2.0,2.0,,2.0,1,2,65_plus,True,generative
donor_h0001769,1,19,68,2,2,2.0,1.0,,1.0,0,1,65_plus,True,generative
donor_h0001770,1,41,38,2,2,2.0,2.0,,2.0,0,2,35_64,True,generative
donor_h0001770,2,31,17,2,2,2.0,2.0,,2.0,9,2,0_17,False,dependent
donor_h0001771,1,8,70,2,2,2.0,2.0,2.0,2.0,0,2,65_plus,True,generative
donor_h0001771,2,9,66,2,2,2.0,2.0,,2.0,1,2,65_plus,True,generative
donor_h0001772,1,15,65,2,2,2.0,2.0,,2.0,0,2,65_plus,True,generative
donor_h0001772,2,14,62,2,2,2.0,2.0,,2.0,1,2,35_64,True,generative
donor_h0001773,1,8,63,2,2,2.0,2.0,,2.0,0,2,35_64,True,generative
donor_h0001774,1,14,77,2,2,1.0,2.0,,1.0,0,1,65_plus,True,generative
donor_h0001775,1,3,69,2,2,2.0,2.0,,2.0,0,2,65_plus,True,generative
donor_h0001775,2,11,54,2,2,2.0,2.0,,2.0,1,2,35_64,True,generative
donor_h0001776,1,24,42,2,2,2.0,2.0,,2.0,0,2,35_64,True,generative
donor_h0001777,1,56,28,2,2,2.0,2.0,5.0,2.0,0,2,18_34,True,generative
donor_h0001777,2,50,28,2,2,2.0,2.0,,2.0,1,2,18_34,True,generative
donor_h0001777,3,41,5,2,2,,2.0,,2.0,2,2,0_17,False,dependent
donor_h0001777,4,45,2,2,2,,,,,2,2,0_17,False,dependent
donor_h0001778,1,11,94,1,2,2.0,1.0,5.0,2.0,0,1,65_plus,True,generative
donor_h0001778,2,11,63,2,2,2.0,2.0,,2.0,2,2,35_64,True,generative
donor_h0001779,1,14,78,2,2,2.0,2.0,,2.0,0,2,65_plus,True,generative
donor_h0001780,1,12,53,2,2,2.0,2.0,,2.0,0,2,35_64,True,generative
donor_h0001780,2,14,53,2,2,2.0,2.0,,2.0,1,2,35_64,True,generative
donor_h0001780,3,16,10,2,2,,2.0,,2.0,2,2,0_17,False,dependent
donor_h0001780,4,15,8,2,2,,2.0,,2.0,2,2,0_17,False,dependent
donor_h0001780,5,15,18,2,2,2.0,1.0,,2.0,3,1,18_34,True,generative
donor_h0001780,6,13,15,2,2,2.0,2.0,,2.0,3,2,0_17,False,dependent
donor_h0001780,7,16,12,2,2,,2.0,,2.0,3,2,0_17,False,dependent
donor_h0001780,8,16,11,2,2,,2.0,,2.0,3,2,0_17,False,dependent
donor_h0001780,9,16,9,2,2,,2.0,,2.0,4,2,0_17,False,dependent
donor_h0001781,1,14,67,2,1,2.0,2.0,,2.0,0,1,65_plus,True,generative
donor_h0001782,1,3,59,2,2,2.0,2.0,,2.0,0,2,35_64,True,generative
donor_h0001782,2,3,54,2,2,2.0,1.0,,2.0,1,1,35_64,True,generative
donor_h0001783,1,11,56,2,2,2.0,2.0,,2.0,0,2,35_64,True,generative
donor_h0001783,2,13,49,2,2,2.0,2.0,,2.0,1,2,35_64,True,generative
donor_h0001784,1,11,65,1,2,2.0,2.0,1.0,2.0,0,1,65_plus,True,generative
donor_h0001785,1,22,54,2,2,2.0,2.0,,2.0,0,2,35_64,True,generative
donor_h0001786,1,14,67,2,2,2.0,2.0,,2.0,0,2,65_plus,True,generative
donor_h0001786,2,13,64,2,2,2.0,2.0,2.0,2.0,1,2,35_64,True,generative
donor_h0001787,1,6,59,2,2,2.0,2.0,,2.0,0,2,35_64,True,generative
donor_h0001787,2,7,54,2,2,2.0,2.0,,2.0,1,2,35_64,True,generative
donor_h0001788,1,8,86,2,2,2.0,2.0,,2.0,0,2,65_plus,True,generative
donor_h0001788,2,8,57,2,2,2.0,2.0,,2.0,2,2,35_64,True,generative
donor_h0001788,3,9,78,2,2,2.0,2.0,,2.0,13,2,65_plus,True,generative
donor_h0001789,1,12,72,2,2,2.0,2.0,,2.0,0,2,65_plus,True,generative
donor_h0001790,1,76,40,2,2,2.0,2.0,,2.0,0,2,35_64,True,generative
donor_h0001790,2,49,18,2,2,2.0,2.0,,2.0,2,2,18_34,True,generative
donor_h0001790,3,132,9,2,2,,2.0,,2.0,5,2,0_17,False,dependent
donor_h0001790,4,90,34,2,2,2.0,2.0,,2.0,10,2,18_34,True,generative
donor_h0001791,1,10,50,2,2,2.0,1.0,,1.0,0,1,35_64,True,generative
donor_h0001791,2,10,34,2,2,2.0,2.0,,2.0,4,2,18_34,True,generative
donor_h0001791,3,12,14,2,2,,2.0,,2.0,7,2,0_17,False,dependent
donor_h0001791,4,10,55,2,1,2.0,2.0,,2.0,13,1,35_64,True,generative
donor_h0001792,1,62,56,2,2,2.0,2.0,,2.0,0,2,35_64,True,generative
donor_h0001792,2,63,66,2,2,2.0,2.0,,1.0,1,1,65_plus,True,generative
donor_h0001793,1,7,57,2,2,2.0,2.0,,2.0,0,2,35_64,True,generative
donor_h0001794,1,35,74,2,2,2.0,2.0,,2.0,0,2,65_plus,True,generative
donor_h0001795,1,14,65,2,2,2.0,2.0,,2.0,0,2,65_plus,True,generative
donor_h0001795,2,10,57,2,2,2.0,2.0,,2.0,1,2,35_64,True,generative
donor_h0001795,3,13,32,2,2,2.0,2.0,3.0,2.0,2,2,18_34,True,generative
donor_h0001795,4,9,19,2,2,2.0,2.0,,2.0,2,2,18_34,True,generative
donor_h0001796,1,4,68,2,2,2.0,2.0,,2.0,0,2,65_plus,True,generative
donor_h0001796,2,4,66,1,2,1.0,1.0,,1.0,1,1,65_plus,True,generative
donor_h0001797,1,2,67,1,2,2.0,1.0,,2.0,0,1,65_plus,True,generative
donor_h0001797,2,4,58,2,2,2.0,2.0,,2.0,1,2,35_64,True,generative
donor_h0001798,1,12,70,2,2,2.0,2.0,,2.0,0,2,65_plus,True,generative
donor_h0001799,1,39,66,2,2,2.0,1.0,,2.0,0,1,65_plus,True,generative
donor_h0001799,2,44,33,2,2,2.0,2.0,,2.0,13,2,18_34,True,generative
donor_h0001800,1,22,71,2,2,2.0,1.0,,2.0,0,1,65_plus,True,generative
donor_h0001801,1,9,53,2,2,2.0,2.0,,2.0,0,2,35_64,True,generative
donor_h0001801,2,10,58,2,2,2.0,2.0,,2.0,1,2,35_64,True,generative
donor_h0001801,3,13,33,2,2,2.0,2.0,,2.0,2,2,18_34,True,generative
donor_h0001801,4,19,13,2,2,,1.0,,1.0,7,1,0_17,False,dependent
donor_h0001802,1,21,54,2,2,2.0,2.0,,2.0,0,2,35_64,True,generative
donor_h0001802,2,22,54,2,2,2.0,2.0,,2.0,1,2,35_64,True,generative
donor_h0001803,1,12,47,2,2,2.0,2.0,5.0,2.0,0,2,35_64,True,generative
donor_h0001803,2,14,10,2,2,,2.0,,2.0,2,2,0_17,False,dependent
donor_h0001804,1,15,74,2,2,2.0,2.0,,2.0,0,2,65_plus,True,generative
donor_h0001804,2,12,74,2,2,2.0,2.0,,2.0,1,2,65_plus,True,generative
donor_h0001805,1,18,70,2,2,2.0,1.0,,2.0,0,1,65_plus,True,generative
donor_h0001806,1,11,51,2,2,1.0,2.0,,2.0,0,1,35_64,True,generative
donor_h0001807,1,9,44,2,2,2.0,2.0,,2.0,0,2,35_64,True,generative
donor_h0001807,2,9,42,2,2,2.0,2.0,,2.0,1,2,35_64,True,generative
donor_h0001807,3,9,7,2,2,,2.0,,2.0,2,2,0_17,False,dependent
donor_h0001807,4,8,5,2,2,,2.0,,2.0,2,2,0_17,False,dependent
donor_h0001808,1,14,33,2,2,2.0,2.0,,2.0,0,2,18_34,True,generative
donor_h0001808,2,14,61,2,1,1.0,2.0,,1.0,6,1,35_64,True,generative
donor_h0001809,1,16,90,2,2,1.0,1.0,,2.0,0,1,65_plus,True,generative
donor_h0001809,2,19,57,2,2,2.0,2.0,,2.0,2,2,35_64,True,generative
donor_h0001810,1,42,65,2,2,2.0,2.0,,2.0,0,2,65_plus,True,generative
donor_h0001811,1,8,69,2,2,1.0,1.0,,2.0,0,1,65_plus,True,generative
donor_h0001812,1,10,73,2,2,2.0,2.0,,2.0,0,2,65_plus,True,generative
donor_h0001812,2,16,28,2,2,2.0,2.0,,2.0,7,2,18_34,True,generative
donor_h0001813,1,20,77,1,2,2.0,1.0,,2.0,0,1,65_plus,True,generative
donor_h0001813,2,23,78,2,2,2.0,2.0,,2.0,1,2,65_plus,True,generative
donor_h0001814,1,54,56,2,2,2.0,2.0,,2.0,0,2,35_64,True,generative
donor_h0001814,2,69,52,2,2,1.0,2.0,,1.0,5,1,35_64,True,generative
donor_h0001814,3,64,62,2,2,2.0,1.0,,1.0,10,1,35_64,True,generative
donor_h0001815,1,8,37,2,2,2.0,2.0,,2.0,0,2,35_64,True,generative
donor_h0001815,2,7,59,2,2,2.0,2.0,,2.0,1,2,35_64,True,generative
donor_h0001816,1,11,60,2,2,2.0,2.0,,2.0,0,2,35_64,True,generative
donor_h0001816,2,12,62,2,2,2.0,2.0,,2.0,1,2,35_64,True,generative
donor_h0001817,1,42,21,2,2,1.0,2.0,,1.0,0,1,18_34,True,generative
donor_h0001818,1,14,37,2,2,2.0,2.0,,2.0,0,2,35_64,True,generative
donor_h0001818,2,14,37,2,2,2.0,2.0,,2.0,1,2,35_64,True,generative
donor_h0001818,3,13,14,2,2,,2.0,,2.0,2,2,0_17,False,dependent
donor_h0001818,4,13,12,2,2,,2.0,,2.0,2,2,0_17,False,dependent
donor_h0001818,5,13,0,2,2,,,,,2,2,0_17,False,dependent
donor_h0001819,1,12,58,2,2,2.0,2.0,,2.0,0,2,35_64,True,generative
donor_h0001819,2,11,57,2,2,2.0,2.0,,2.0,1,2,35_64,True,generative
donor_h0001819,3,12,30,2,2,2.0,2.0,,1.0,2,1,18_34,True,generative
donor_h0001819,4,21,28,2,2,1.0,2.0,,2.0,2,1,18_34,True,generative
donor_h0001819,5,17,22,2,2,2.0,2.0,,2.0,2,2,18_34,True,generative
donor_h0001820,1,16,83,2,2,2.0,2.0,,2.0,0,2,65_plus,True,generative
donor_h0001820,2,13,81,1,1,2.0,2.0,,2.0,1,1,65_plus,True,generative
donor_h0001821,1,37,26,2,2,2.0,2.0,,2.0,0,2,18_34,True,generative
donor_h0001822,1,6,63,2,2,2.0,2.0,,2.0,0,2,35_64,True,generative
donor_h0001823,1,7,61,2,2,2.0,2.0,,2.0,0,2,35_64,True,generative
donor_h0001823,2,7,60,2,2,2.0,2.0,,2.0,1,2,35_64,True,generative
donor_h0001824,1,10,62,2,2,1.0,1.0,,1.0,0,1,35_64,True,generative
donor_h0001825,1,15,74,1,2,2.0,2.0,,2.0,0,1,65_plus,True,generative
donor_h0001825,2,14,73,2,2,2.0,2.0,,2.0,1,2,65_plus,True,generative
donor_h0001825,3,12,52,2,2,2.0,2.0,,2.0,2,2,35_64,True,generative
donor_h0001826,1,38,61,2,2,2.0,1.0,,2.0,0,1,35_64,True,generative
donor_h0001826,2,65,28,2,2,2.0,2.0,,2.0,2,2,18_34,True,generative
donor_h0001827,1,12,32,2,2,2.0,2.0,,2.0,0,2,18_34,True,generative
donor_h0001827,2,15,30,2,2,2.0,2.0,,2.0,12,2,18_34,True,generative
donor_h0001827,3,15,30,2,2,2.0,2.0,,2.0,12,2,18_34,True,generative
donor_h0001827,4,25,29,2,2,2.0,2.0,,2.0,12,2,18_34,True,generative
donor_h0001827,5,17,20,2,2,2.0,2.0,,2.0,12,2,18_34,True,generative
donor_h0001828,1,13,69,2,2,2.0,2.0,,2.0,0,2,65_plus,True,generative
donor_h0001829,1,18,44,2,2,2.0,2.0,,2.0,0,2,35_64,True,generative
donor_h0001829,2,14,47,2,2,2.0,2.0,,2.0,1,2,35_64,True,generative
donor_h0001829,3,20,22,2,2,2.0,2.0,,2.0,2,2,18_34,True,generative
donor_h0001829,4,13,17,2,2,2.0,2.0,,2.0,2,2,0_17,False,dependent
donor_h0001829,5,14,17,2,2,2.0,2.0,,2.0,4,2,0_17,False,dependent
donor_h0001830,1,10,73,2,2,2.0,2.0,,2.0,0,2,65_plus,True,generative
donor_h0001830,2,12,70,2,2,2.0,2.0,,2.0,1,2,65_plus,True,generative
donor_h0001831,1,5,66,2,2,2.0,2.0,,2.0,0,2,65_plus,True,generative
donor_h0001831,2,6,65,2,2,2.0,2.0,,2.0,1,2,65_plus,True,generative
donor_h0001832,1,18,65,2,2,2.0,2.0,,2.0,0,2,65_plus,True,generative
donor_h0001832,2,15,66,2,2,2.0,2.0,,2.0,1,2,65_plus,True,generative
donor_h0001832,3,23,39,2,2,2.0,2.0,,2.0,2,2,35_64,True,generative
donor_h0001833,1,37,61,2,2,2.0,2.0,,2.0,0,2,35_64,True,generative
donor_h0001833,2,39,51,2,2,2.0,2.0,,2.0,5,2,35_64,True,generative
donor_h0001834,1,4,61,2,2,2.0,2.0,,2.0,0,2,35_64,True,generative
donor_h0001834,2,5,47,2,2,2.0,2.0,,2.0,1,2,35_64,True,generative
donor_h0001835,1,13,87,2,2,2.0,1.0,,2.0,0,1,65_plus,True,generative
donor_h0001835,2,12,67,2,2,2.0,2.0,,2.0,2,2,65_plus,True,generative
donor_h0001835,3,16,83,1,2,2.0,2.0,,2.0,5,1,65_plus,True,generative
donor_h0001836,1,16,79,1,2,2.0,1.0,,2.0,0,1,65_plus,True,generative
donor_h0001837,1,27,78,2,2,2.0,2.0,,1.0,0,1,65_plus,True,generative
donor_h0001838,1,40,31,2,2,2.0,2.0,,2.0,0,2,18_34,True,generative
donor_h0001838,2,31,31,2,2,2.0,2.0,,2.0,1,2,18_34,True,generative
donor_h0001838,3,41,13,2,2,,2.0,,2.0,2,2,0_17,False,dependent
donor_h0001838,4,43,11,2,2,,2.0,,2.0,2,2,0_17,False,dependent
donor_h0001838,5,44,3,2,2,,,,,2,2,0_17,False,dependent
donor_h0001839,1,6,63,2,2,2.0,2.0,,2.0,0,2,35_64,True,generative
donor_h0001839,2,6,71,2,2,2.0,2.0,2.0,2.0,1,2,65_plus,True,generative
donor_h0001840,1,6,73,2,2,2.0,1.0,,1.0,0,1,65_plus,True,generative
donor_h0001841,1,14,40,2,2,2.0,2.0,,2.0,0,2,35_64,True,generative
donor_h0001841,2,14,38,2,2,2.0,2.0,,2.0,1,2,35_64,True,generative
donor_h0001841,3,10,16,2,2,2.0,2.0,,2.0,2,2,0_17,False,dependent
donor_h0001842,1,3,69,1,2,2.0,1.0,,2.0,0,1,65_plus,True,generative
donor_h0001842,2,2,64,2,2,2.0,2.0,,2.0,1,2,35_64,True,generative
donor_h0001843,1,11,55,2,2,2.0,2.0,,2.0,0,2,35_64,True,generative
donor_h0001844,1,42,41,2,2,2.0,1.0,,2.0,0,1,35_64,True,generative
donor_h0001844,2,31,17,2,2,2.0,2.0,,2.0,2,2,0_17,False,dependent
donor_h0001844,3,33,15,2,2,2.0,2.0,,2.0,2,2,0_17,False,dependent
donor_h0001844,4,39,12,2,2,,2.0,,2.0,2,2,0_17,False,dependent
donor_h0001844,5,39,10,2,2,,2.0,,2.0,2,2,0_17,False,dependent
donor_h0001844,6,39,8,2,2,,2.0,,2.0,2,2,0_17,False,dependent
donor_h0001844,7,42,36,2,2,2.0,2.0,,2.0,13,2,35_64,True,generative
donor_h0001845,1,13,30,2,2,2.0,2.0,,2.0,0,2,18_34,True,generative
donor_h0001845,2,10,30,2,2,2.0,2.0,,2.0,1,2,18_34,True,generative
donor_h0001845,3,14,10,2,2,,2.0,,2.0,2,2,0_17,False,dependent
donor_h0001845,4,13,4,2,2,,,,,2,2,0_17,False,dependent
donor_h0001845,5,15,2,2,2,,,,,2,2,0_17,False,dependent
donor_h0001846,1,4,73,2,2,2.0,2.0,,2.0,0,2,65_plus,True,generative
donor_h0001847,1,14,51,2,2,2.0,2.0,,2.0,0,2,35_64,True,generative
donor_h0001847,2,15,50,2,2,2.0,2.0,,2.0,1,2,35_64,True,generative
donor_h0001847,3,21,21,2,2,2.0,2.0,,2.0,10,2,18_34,True,generative
donor_h0001847,4,18,19,2,2,2.0,2.0,,2.0,10,2,18_34,True,generative
donor_h0001847,5,14,17,2,2,2.0,2.0,,2.0,10,2,0_17,False,dependent
donor_h0001847,6,14,15,2,2,2.0,2.0,,2.0,10,2,0_17,False,dependent
donor_h0001848,1,21,70,2,2,2.0,2.0,,2.0,0,2,65_plus,True,generative
donor_h0001849,1,7,59,1,2,1.0,1.0,,1.0,0,1,35_64,True,generative
donor_h0001849,2,10,56,2,1,1.0,2.0,,1.0,12,1,35_64,True,generative
donor_h0001849,3,16,52,2,2,1.0,1.0,,1.0,12,1,35_64,True,generative
donor_h0001849,4,11,48,2,2,1.0,2.0,,1.0,12,1,35_64,True,generative
donor_h0001849,5,11,44,2,2,1.0,1.0,,1.0,12,1,35_64,True,generative
donor_h0001850,1,21,27,2,2,2.0,2.0,,2.0,0,2,18_34,True,generative
donor_h0001850,2,18,26,2,2,2.0,2.0,,2.0,1,2,18_34,True,generative
donor_h0001851,1,2,78,1,2,2.0,2.0,,2.0,0,1,65_plus,True,generative
donor_h0001851,2,3,80,2,2,2.0,2.0,,2.0,1,2,65_plus,True,generative
donor_h0001852,1,75,66,2,2,2.0,2.0,,2.0,0,2,65_plus,True,generative
donor_h0001852,2,65,70,2,2,2.0,2.0,,2.0,1,2,65_plus,True,generative
donor_h0001853,1,22,68,2,2,2.0,2.0,,2.0,0,2,65_plus,True,generative
donor_h0001853,2,25,4,2,2,,,,,7,2,0_17,False,dependent
donor_h0001854,1,11,62,2,2,2.0,2.0,,2.0,0,2,35_64,True,generative
donor_h0001854,2,11,65,1,2,2.0,2.0,,2.0,1,1,65_plus,True,generative
donor_h0001855,1,4,77,2,2,2.0,2.0,,2.0,0,2,65_plus,True,generative
donor_h0001855,2,5,75,2,2,2.0,2.0,,2.0,1,2,65_plus,True,generative
donor_h0001856,1,29,45,2,2,2.0,2.0,,2.0,0,2,35_64,True,generative
donor_h0001856,2,26,55,2,2,2.0,2.0,,2.0,1,2,35_64,True,generative
donor_h0001856,3,34,24,2,2,2.0,2.0,,2.0,2,2,18_34,True,generative
donor_h0001856,4,24,16,2,2,2.0,2.0,,2.0,2,2,0_17,False,dependent
donor_h0001857,1,12,58,2,2,2.0,2.0,,2.0,0,2,35_64,True,generative
donor_h0001857,2,12,56,2,2,2.0,2.0,,2.0,1,2,35_64,True,generative
donor_h0001857,3,19,81,2,2,2.0,2.0,,2.0,6,2,65_plus,True,generative
donor_h0001858,1,48,25,2,2,2.0,2.0,,2.0,0,2,18_34,True,generative
donor_h0001858,2,40,27,2,2,2.0,2.0,,2.0,1,2,18_34,True,generative
donor_h0001859,1,13,40,2,2,2.0,2.0,,2.0,0,2,35_64,True,generative
donor_h0001860,1,12,56,2,2,2.0,2.0,,2.0,0,2,35_64,True,generative
donor_h0001860,2,14,43,2,1,2.0,2.0,,2.0,1,1,35_64,True,generative
donor_h0001860,3,11,34,2,2,2.0,2.0,,2.0,2,2,18_34,True,generative
donor_h0001860,4,11,31,2,2,2.0,2.0,,2.0,2,2,18_34,True,generative
donor_h0001860,5,14,2,2,2,,,,,7,2,0_17,False,dependent
donor_h0001860,6,13,0,2,2,,,,,10,2,0_17,False,dependent
donor_h0001861,1,12,63,2,2,2.0,2.0,,2.0,0,2,35_64,True,generative
donor_h0001861,2,10,56,2,2,2.0,2.0,,2.0,1,2,35_64,True,generative
donor_h0001862,1,13,60,2,2,2.0,2.0,,2.0,0,2,35_64,True,generative
donor_h0001862,2,11,64,2,2,2.0,2.0,,2.0,13,2,35_64,True,generative
donor_h0001863,1,12,73,2,2,2.0,2.0,,2.0,0,2,65_plus,True,generative
donor_h0001864,1,13,63,2,2,2.0,2.0,,2.0,0,2,35_64,True,generative
donor_h0001864,2,15,65,1,2,1.0,1.0,,1.0,1,1,65_plus,True,generative
donor_h0001865,1,6,65,2,2,2.0,2.0,,2.0,0,2,65_plus,True,generative
donor_h0001865,2,6,56,2,2,2.0,2.0,,2.0,1,2,35_64,True,generative
donor_h0001866,1,7,64,2,2,2.0,2.0,,2.0,0,2,35_64,True,generative
donor_h0001866,2,7,60,2,2,2.0,2.0,,2.0,1,2,35_64,True,generative
donor_h0001867,1,12,70,2,2,2.0,2.0,,2.0,0,2,65_plus,True,generative
donor_h0001867,2,13,70,2,2,2.0,2.0,,2.0,1,2,65_plus,True,generative
donor_h0001868,1,59,57,2,2,2.0,2.0,,2.0,0,2,35_64,True,generative
donor_h0001869,1,10,73,2,2,2.0,2.0,,2.0,0,2,65_plus,True,generative
donor_h0001869,2,12,72,2,2,2.0,2.0,,2.0,1,2,65_plus,True,generative
donor_h0001870,1,24,63,2,2,2.0,2.0,,2.0,0,2,35_64,True,generative
donor_h0001870,2,22,63,2,2,2.0,1.0,,2.0,1,1,35_64,True,generative
donor_h0001871,1,10,71,2,2,2.0,2.0,2.0,2.0,0,2,65_plus,True,generative
donor_h0001871,2,11,70,2,2,2.0,2.0,,2.0,1,2,65_plus,True,generative
donor_h0001872,1,31,34,2,2,2.0,1.0,,2.0,0,1,18_34,True,generative
donor_h0001872,2,63,7,2,2,,2.0,,2.0,2,2,0_17,False,dependent
donor_h0001873,1,10,31,2,2,2.0,2.0,,2.0,0,2,18_34,True,generative
donor_h0001873,2,12,30,2,2,2.0,2.0,,2.0,1,2,18_34,True,generative
donor_h0001874,1,19,37,2,2,2.0,2.0,,2.0,0,2,35_64,True,generative
donor_h0001874,2,13,33,2,2,2.0,2.0,,2.0,1,2,18_34,True,generative
donor_h0001874,3,18,5,2,2,,2.0,,2.0,2,2,0_17,False,dependent
donor_h0001874,4,20,3,2,2,,,,,2,2,0_17,False,dependent
donor_h0001874,5,18,13,2,2,,2.0,,2.0,4,2,0_17,False,dependent
donor_h0001875,1,10,47,2,2,1.0,1.0,,1.0,0,1,35_64,True,generative
donor_h0001875,2,14,13,2,2,,2.0,,2.0,2,2,0_17,False,dependent
donor_h0001876,1,13,34,2,2,2.0,2.0,,2.0,0,2,18_34,True,generative
donor_h0001876,2,26,38,2,2,2.0,2.0,,2.0,1,2,35_64,True,generative
donor_h0001876,3,18,6,2,2,,2.0,,2.0,2,2,0_17,False,dependent
donor_h0001876,4,18,4,2,2,,,,,2,2,0_17,False,dependent
donor_h0001876,5,17,0,2,2,,,,,2,2,0_17,False,dependent
donor_h0001877,1,18,63,2,2,2.0,2.0,,2.0,0,2,35_64,True,generative
donor_h0001878,1,15,79,2,2,2.0,2.0,,2.0,0,2,65_plus,True,generative
donor_h0001879,1,11,54,2,2,2.0,2.0,,2.0,0,2,35_64,True,generative
donor_h0001879,2,10,51,2,2,2.0,2.0,,2.0,1,2,35_64,True,generative
donor_h0001880,1,3,71,2,2,2.0,2.0,,2.0,0,2,65_plus,True,generative
donor_h0001880,2,5,19,2,1,2.0,2.0,,2.0,7,1,18_34,True,generative
donor_h0001881,1,3,33,2,2,2.0,2.0,,2.0,0,2,18_34,True,generative
donor_h0001881,2,3,35,2,2,2.0,2.0,,2.0,1,2,35_64,True,generative
donor_h0001881,3,4,14,2,2,,2.0,,2.0,2,2,0_17,False,dependent
donor_h0001881,4,4,6,2,2,,2.0,,2.0,2,2,0_17,False,dependent
donor_h0001882,1,7,47,2,2,2.0,2.0,,2.0,0,2,35_64,True,generative
donor_h0001882,2,6,47,2,2,2.0,2.0,,2.0,1,2,35_64,True,generative
donor_h0001882,3,7,19,2,2,2.0,2.0,,2.0,2,2,18_34,True,generative
donor_h0001882,4,6,17,2,2,2.0,2.0,,2.0,2,2,0_17,False,dependent
donor_h0001882,5,6,15,2,2,2.0,2.0,,2.0,2,2,0_17,False,dependent
donor_h0001882,6,8,13,2,2,,2.0,,2.0,2,2,0_17,False,dependent
donor_h0001883,1,11,68,2,2,2.0,2.0,,2.0,0,2,65_plus,True,generative
donor_h0001883,2,13,67,2,2,2.0,2.0,,2.0,1,2,65_plus,True,generative
donor_h0001884,1,8,80,2,2,2.0,1.0,,2.0,0,1,65_plus,True,generative
donor_h0001884,2,9,79,2,2,2.0,2.0,,2.0,1,2,65_plus,True,generative
donor_h0001885,1,13,64,2,2,2.0,2.0,,2.0,0,2,35_64,True,generative
donor_h0001885,2,13,62,2,2,2.0,2.0,,2.0,1,2,35_64,True,generative
donor_h0001886,1,3,55,2,2,2.0,2.0,,2.0,0,2,35_64,True,generative
donor_h0001886,2,3,57,2,2,2.0,2.0,,2.0,1,2,35_64,True,generative
donor_h0001887,1,6,42,2,2,2.0,2.0,,2.0,0,2,35_64,True,generative
donor_h0001887,2,5,44,2,2,2.0,2.0,,2.0,1,2,35_64,True,generative
donor_h0001887,3,6,1,2,2,,,,,2,2,0_17,False,dependent
donor_h0001888,1,13,73,2,2,2.0,2.0,,2.0,0,2,65_plus,True,generative
donor_h0001888,2,14,76,2,2,2.0,2.0,,2.0,1,2,65_plus,True,generative
donor_h0001889,1,42,35,2,2,1.0,1.0,,1.0,0,1,35_64,True,generative
donor_h0001889,2,40,14,2,2,,2.0,,2.0,2,2,0_17,False,dependent
donor_h0001889,3,32,16,2,2,2.0,2.0,,2.0,10,2,0_17,False,dependent
donor_h0001889,4,39,13,2,2,,2.0,,2.0,10,2,0_17,False,dependent
donor_h0001890,1,13,75,2,1,2.0,2.0,,2.0,0,1,65_plus,True,generative
donor_h0001890,2,16,75,2,2,2.0,2.0,,2.0,1,2,65_plus,True,generative
donor_h0001891,1,90,25,2,2,2.0,2.0,,2.0,0,2,18_34,True,generative
donor_h0001891,2,57,21,2,2,2.0,2.0,,2.0,13,2,18_34,True,generative
donor_h0001892,1,14,54,2,2,1.0,1.0,,2.0,0,1,35_64,True,generative
donor_h0001893,1,24,67,2,2,2.0,1.0,,2.0,0,1,65_plus,True,generative
donor_h0001894,1,3,63,2,2,2.0,2.0,,2.0,0,2,35_64,True,generative
donor_h0001895,1,13,60,2,2,2.0,2.0,,2.0,0,2,35_64,True,generative
donor_h0001896,1,8,75,2,2,2.0,2.0,,2.0,0,2,65_plus,True,generative
donor_h0001896,2,6,64,2,2,2.0,2.0,,2.0,1,2,35_64,True,generative
donor_h0001897,1,27,44,2,2,2.0,2.0,,2.0,0,2,35_64,True,generative
donor_h0001897,2,19,31,2,2,2.0,2.0,,2.0,13,2,18_34,True,generative
donor_h0001897,3,25,8,2,2,,2.0,,2.0,15,2,0_17,False,dependent
donor_h0001898,1,35,55,2,2,2.0,2.0,,2.0,0,2,35_64,True,generative
donor_h0001898,2,33,15,2,2,2.0,2.0,,2.0,2,2,0_17,False,dependent
donor_h0001898,3,41,14,2,2,,2.0,,2.0,2,2,0_17,False,dependent
donor_h0001899,1,13,65,2,2,2.0,1.0,,2.0,0,1,65_plus,True,generative
donor_h0001899,2,12,60,2,2,2.0,2.0,,2.0,1,2,35_64,True,generative
donor_h0001900,1,19,39,2,2,2.0,2.0,,2.0,0,2,35_64,True,generative
donor_h0001900,2,16,13,2,2,,2.0,,2.0,2,2,0_17,False,dependent
donor_h0001900,3,17,8,2,2,,2.0,,2.0,4,2,0_17,False,dependent
donor_h0001900,4,18,44,2,2,2.0,2.0,,2.0,13,2,35_64,True,generative
donor_h0001901,1,15,78,2,2,2.0,2.0,,2.0,0,2,65_plus,True,generative
donor_h0001902,1,41,63,2,2,2.0,2.0,,2.0,0,2,35_64,True,generative
donor_h0001903,1,12,28,2,2,2.0,2.0,,2.0,0,2,18_34,True,generative
donor_h0001903,2,23,1,2,2,,,,,2,2,0_17,False,dependent
donor_h0001903,3,13,31,2,2,2.0,2.0,,2.0,13,2,18_34,True,generative
donor_h0001904,1,33,80,2,2,2.0,2.0,,2.0,0,2,65_plus,True,generative
donor_h0001904,2,29,84,2,2,2.0,2.0,,2.0,1,2,65_plus,True,generative
donor_h0001905,1,7,46,2,2,2.0,2.0,,2.0,0,2,35_64,True,generative
donor_h0001906,1,9,67,2,2,2.0,2.0,,2.0,0,2,65_plus,True,generative
donor_h0001906,2,8,63,2,2,2.0,2.0,,2.0,1,2,35_64,True,generative
donor_h0001907,1,12,51,2,2,2.0,2.0,,2.0,0,2,35_64,True,generative
donor_h0001907,2,12,56,2,2,2.0,2.0,,2.0,1,2,35_64,True,generative
donor_h0001907,3,14,20,2,2,2.0,2.0,,2.0,2,2,18_34,True,generative
donor_h0001908,1,9,75,2,2,2.0,2.0,,2.0,0,2,65_plus,True,generative
donor_h0001909,1,11,63,2,2,2.0,2.0,,2.0,0,2,35_64,True,generative
donor_h0001910,1,15,81,1,2,2.0,2.0,,2.0,0,1,65_plus,True,generative
donor_h0001910,2,18,76,2,2,2.0,2.0,,2.0,1,2,65_plus,True,generative
donor_h0001911,1,31,33,2,2,1.0,1.0,,2.0,0,1,18_34,True,generative
donor_h0001911,2,45,37,2,2,2.0,2.0,,2.0,1,2,35_64,True,generative
donor_h0001911,3,34,15,2,2,2.0,2.0,,2.0,2,2,0_17,False,dependent
donor_h0001911,4,41,11,2,2,,2.0,,2.0,2,2,0_17,False,dependent
donor_h0001911,5,45,9,2,2,,2.0,,2.0,2,2,0_17,False,dependent
donor_h0001911,6,43,7,2,2,,2.0,,1.0,2,1,0_17,False,dependent
donor_h0001911,7,39,4,2,2,,,,,2,2,0_17,False,dependent
donor_h0001911,8,39,3,2,2,,,,,2,2,0_17,False,dependent
donor_h0001911,9,40,2,2,1,,,,,2,1,0_17,False,dependent
donor_h0001912,1,12,22,2,2,2.0,2.0,,2.0,0,2,18_34,True,generative
donor_h0001912,2,15,41,2,2,2.0,2.0,,2.0,13,2,35_64,True,generative
donor_h0001912,3,11,17,2,2,2.0,2.0,,2.0,15,2,0_17,False,dependent
donor_h0001913,1,13,22,2,2,2.0,2.0,,2.0,0,2,18_34,True,generative
donor_h0001913,2,15,23,2,2,2.0,2.0,,2.0,1,2,18_34,True,generative
donor_h0001914,1,7,70,2,2,2.0,2.0,,2.0,0,2,65_plus,True,generative
donor_h0001914,2,7,68,2,2,2.0,2.0,,2.0,1,2,65_plus,True,generative
donor_h0001914,3,8,6,2,2,,2.0,,1.0,7,1,0_17,False,dependent
donor_h0001915,1,8,30,2,2,2.0,2.0,,2.0,0,2,18_34,True,generative
donor_h0001916,1,11,34,2,2,2.0,2.0,,2.0,0,2,18_34,True,generative
donor_h0001916,2,21,11,2,2,,2.0,,2.0,2,2,0_17,False,dependent
donor_h0001917,1,21,45,2,2,2.0,2.0,,2.0,0,2,35_64,True,generative
donor_h0001917,2,12,47,2,2,2.0,2.0,,2.0,1,2,35_64,True,generative
donor_h0001917,3,11,15,2,2,1.0,2.0,,1.0,2,1,0_17,False,dependent
donor_h0001917,4,14,11,2,2,,2.0,,2.0,2,2,0_17,False,dependent
donor_h0001917,5,13,11,2,2,,2.0,,2.0,2,2,0_17,False,dependent
donor_h0001917,6,14,6,2,2,,2.0,,2.0,2,2,0_17,False,dependent
donor_h0001918,1,12,59,2,2,2.0,2.0,,2.0,0,2,35_64,True,generative
donor_h0001918,2,11,60,2,2,2.0,2.0,,2.0,1,2,35_64,True,generative
donor_h0001919,1,16,36,2,2,2.0,2.0,,2.0,0,2,35_64,True,generative
donor_h0001919,2,16,37,2,2,2.0,2.0,,2.0,1,2,35_64,True,generative
donor_h0001919,3,16,3,2,2,,,,,2,2,0_17,False,dependent
donor_h0001919,4,14,1,2,2,,,,,2,2,0_17,False,dependent
donor_h0001920,1,5,64,2,2,2.0,2.0,,2.0,0,2,35_64,True,generative
donor_h0001920,2,12,85,2,2,1.0,1.0,,2.0,6,1,65_plus,True,generative
donor_h0001921,1,22,54,2,2,2.0,2.0,,2.0,0,2,35_64,True,generative
donor_h0001921,2,30,20,2,2,2.0,2.0,,2.0,2,2,18_34,True,generative
donor_h0001921,3,23,55,1,2,1.0,2.0,,1.0,10,1,35_64,True,generative
donor_h0001922,1,13,76,2,2,2.0,2.0,,2.0,0,2,65_plus,True,generative
donor_h0001922,2,13,70,2,2,2.0,2.0,,2.0,1,2,65_plus,True,generative
donor_h0001922,3,11,17,2,2,2.0,2.0,,2.0,7,2,0_17,False,dependent
donor_h0001923,1,63,50,2,2,2.0,2.0,,2.0,0,2,35_64,True,generative
donor_h0001923,2,90,23,2,2,2.0,2.0,,2.0,2,2,18_34,True,generative
donor_h0001924,1,15,52,2,2,2.0,2.0,,2.0,0,2,35_64,True,generative
donor_h0001925,1,7,71,2,2,2.0,2.0,,2.0,0,2,65_plus,True,generative
donor_h0001925,2,9,68,2,2,2.0,2.0,,2.0,1,2,65_plus,True,generative
donor_h0001926,1,11,51,2,2,2.0,2.0,,2.0,0,2,35_64,True,generative
donor_h0001926,2,12,50,2,2,2.0,2.0,,2.0,1,2,35_64,True,generative
donor_h0001927,1,19,75,1,1,2.0,2.0,,1.0,0,1,65_plus,True,generative
donor_h0001928,1,7,54,2,2,2.0,1.0,,2.0,0,1,35_64,True,generative
donor_h0001929,1,31,59,2,2,2.0,2.0,,2.0,0,2,35_64,True,generative
donor_h0001930,1,22,56,2,2,1.0,1.0,,2.0,0,1,35_64,True,generative
donor_h0001930,2,22,52,2,2,2.0,2.0,,2.0,1,2,35_64,True,generative
donor_h0001930,3,30,22,2,2,2.0,2.0,,2.0,2,2,18_34,True,generative
donor_h0001931,1,8,55,2,2,2.0,2.0,,2.0,0,2,35_64,True,generative
donor_h0001932,1,8,70,2,2,2.0,2.0,,2.0,0,2,65_plus,True,generative
donor_h0001932,2,8,74,2,2,2.0,2.0,,2.0,1,2,65_plus,True,generative
donor_h0001933,1,13,50,2,2,2.0,2.0,,2.0,0,2,35_64,True,generative
donor_h0001933,2,10,21,2,2,2.0,2.0,,2.0,2,2,18_34,True,generative
donor_h0001933,3,14,1,2,2,,,,,7,2,0_17,False,dependent
donor_h0001933,4,15,0,2,2,,,,,7,2,0_17,False,dependent
donor_h0001934,1,4,71,2,2,2.0,2.0,,2.0,0,2,65_plus,True,generative
donor_h0001934,2,3,64,2,2,2.0,2.0,,2.0,1,2,35_64,True,generative
donor_h0001935,1,3,71,2,2,2.0,2.0,,2.0,0,2,65_plus,True,generative
donor_h0001935,2,4,51,2,2,2.0,2.0,,2.0,2,2,35_64,True,generative
donor_h0001936,1,70,38,2,2,2.0,2.0,,2.0,0,2,35_64,True,generative
donor_h0001937,1,7,51,2,2,2.0,2.0,,2.0,0,2,35_64,True,generative
donor_h0001937,2,10,51,1,2,2.0,2.0,,1.0,1,1,35_64,True,generative
donor_h0001937,3,16,25,2,2,2.0,2.0,,2.0,2,2,18_34,True,generative
donor_h0001937,4,26,24,2,2,2.0,2.0,,2.0,2,2,18_34,True,generative
donor_h0001938,1,8,62,2,2,2.0,2.0,,2.0,0,2,35_64,True,generative
donor_h0001938,2,6,58,2,2,2.0,2.0,,2.0,1,2,35_64,True,generative
donor_h0001939,1,33,47,2,2,2.0,2.0,,2.0,0,2,35_64,True,generative
donor_h0001939,2,42,35,2,2,2.0,2.0,,2.0,1,2,35_64,True,generative
donor_h0001939,3,41,10,2,2,,2.0,,2.0,2,2,0_17,False,dependent
donor_h0001939,4,42,7,2,2,,2.0,,2.0,2,2,0_17,False,dependent
donor_h0001939,5,36,1,2,2,,,,,2,2,0_17,False,dependent
donor_h0001940,1,10,56,2,2,2.0,2.0,,2.0,0,2,35_64,True,generative
donor_h0001940,2,10,62,2,2,2.0,2.0,,2.0,1,2,35_64,True,generative
donor_h0001940,3,14,21,2,2,2.0,2.0,,2.0,2,2,18_34,True,generative
donor_h0001941,1,2,33,2,2,2.0,2.0,,2.0,0,2,18_34,True,generative
donor_h0001941,2,4,33,2,2,2.0,2.0,,2.0,1,2,18_34,True,generative
donor_h0001941,3,3,14,2,2,,2.0,,2.0,2,2,0_17,False,dependent
donor_h0001941,4,3,9,2,2,,2.0,,2.0,2,2,0_17,False,dependent
donor_h0001942,1,48,41,2,2,2.0,2.0,,2.0,0,2,35_64,True,generative
donor_h0001942,2,43,46,2,2,2.0,2.0,,2.0,1,2,35_64,True,generative
donor_h0001942,3,36,15,2,2,2.0,2.0,,2.0,2,2,0_17,False,dependent
donor_h0001943,1,78,40,2,2,2.0,2.0,,2.0,0,2,35_64,True,generative
donor_h0001943,2,78,37,2,2,2.0,2.0,,2.0,1,2,35_64,True,generative
donor_h0001944,1,14,32,2,2,2.0,2.0,,2.0,0,2,18_34,True,generative
donor_h0001944,2,13,33,2,2,2.0,2.0,,2.0,1,2,18_34,True,generative
donor_h0001944,3,13,2,2,2,,,,,2,2,0_17,False,dependent
donor_h0001945,1,47,38,2,2,2.0,2.0,,2.0,0,2,35_64,True,generative
donor_h0001945,2,62,4,2,2,,,,,2,2,0_17,False,dependent
donor_h0001945,3,27,34,2,2,2.0,2.0,,2.0,13,2,18_34,True,generative
donor_h0001946,1,10,75,2,2,2.0,1.0,,2.0,0,1,65_plus,True,generative
donor_h0001947,1,19,63,2,2,1.0,1.0,,1.0,0,1,35_64,True,generative
donor_h0001948,1,23,68,2,2,2.0,2.0,,2.0,0,2,65_plus,True,generative
donor_h0001949,1,16,48,2,2,2.0,2.0,,2.0,0,2,35_64,True,generative
donor_h0001949,2,17,49,2,2,2.0,2.0,,2.0,1,2,35_64,True,generative
donor_h0001950,1,15,81,1,1,2.0,1.0,,2.0,0,1,65_plus,True,generative
donor_h0001950,2,15,72,2,2,2.0,2.0,,2.0,1,2,65_plus,True,generative
donor_h0001951,1,13,62,2,2,2.0,2.0,,2.0,0,2,35_64,True,generative
donor_h0001951,2,13,73,1,1,2.0,1.0,,2.0,1,1,65_plus,True,generative
donor_h0001952,1,12,53,2,2,2.0,2.0,,2.0,0,2,35_64,True,generative
donor_h0001952,2,12,52,2,2,1.0,1.0,,1.0,1,1,35_64,True,generative
donor_h0001952,3,18,22,2,2,2.0,2.0,,2.0,2,2,18_34,True,generative
donor_h0001953,1,14,70,1,2,2.0,2.0,,2.0,0,1,65_plus,True,generative
donor_h0001953,2,12,70,1,2,2.0,2.0,,2.0,1,1,65_plus,True,generative
donor_h0001954,1,11,64,2,2,2.0,2.0,,2.0,0,2,35_64,True,generative
donor_h0001954,2,10,64,2,2,2.0,2.0,,2.0,1,2,35_64,True,generative
donor_h0001955,1,48,30,2,2,2.0,2.0,,2.0,0,2,18_34,True,generative
donor_h0001955,2,60,29,2,2,2.0,2.0,,2.0,1,2,18_34,True,generative
donor_h0001955,3,52,12,2,2,,2.0,,2.0,2,2,0_17,False,dependent
donor_h0001956,1,12,73,2,2,2.0,2.0,,2.0,0,2,65_plus,True,generative
donor_h0001956,2,10,16,2,2,2.0,2.0,,2.0,7,2,0_17,False,dependent
donor_h0001957,1,12,66,2,2,2.0,2.0,,2.0,0,2,65_plus,True,generative
donor_h0001958,1,6,63,2,2,2.0,2.0,,2.0,0,2,35_64,True,generative
donor_h0001958,2,6,63,2,2,2.0,2.0,,2.0,1,2,35_64,True,generative
donor_h0001959,1,14,68,2,2,2.0,2.0,,2.0,0,2,65_plus,True,generative
donor_h0001959,2,28,19,2,2,2.0,2.0,,2.0,7,2,18_34,True,generative
donor_h0001960,1,7,60,2,2,2.0,2.0,,2.0,0,2,35_64,True,generative
donor_h0001960,2,9,59,2,2,2.0,2.0,,2.0,1,2,35_64,True,generative
donor_h0001960,3,7,33,2,2,1.0,1.0,,2.0,2,1,18_34,True,generative
donor_h0001960,4,10,13,2,2,,2.0,,2.0,7,2,0_17,False,dependent
donor_h0001960,5,9,8,2,2,,2.0,,2.0,7,2,0_17,False,dependent
donor_h0001961,1,17,79,2,1,2.0,2.0,,2.0,0,1,65_plus,True,generative
donor_h0001961,2,15,59,2,2,2.0,1.0,,2.0,2,1,35_64,True,generative
donor_h0001961,3,17,8,2,2,,2.0,,2.0,7,2,0_17,False,dependent
donor_h0001961,4,15,6,2,2,,2.0,,2.0,7,2,0_17,False,dependent
donor_h0001962,1,15,83,2,2,2.0,2.0,,2.0,0,2,65_plus,True,generative
donor_h0001963,1,9,61,2,2,2.0,2.0,,2.0,0,2,35_64,True,generative
donor_h0001963,2,9,61,2,2,2.0,2.0,,2.0,1,2,35_64,True,generative
donor_h0001964,1,6,34,2,2,2.0,2.0,,2.0,0,2,18_34,True,generative
donor_h0001964,2,8,38,2,2,2.0,2.0,,2.0,1,2,35_64,True,generative
donor_h0001964,3,9,14,2,2,,2.0,,2.0,2,2,0_17,False,dependent
donor_h0001964,4,9,11,2,2,,2.0,,2.0,2,2,0_17,False,dependent
donor_h0001964,5,8,8,2,2,,2.0,,2.0,2,2,0_17,False,dependent
donor_h0001965,1,61,44,1,2,2.0,1.0,,2.0,0,1,35_64,True,generative
donor_h0001965,2,36,51,2,2,1.0,1.0,,2.0,1,1,35_64,True,generative
donor_h0001966,1,9,83,1,2,2.0,2.0,,2.0,0,1,65_plus,True,generative
donor_h0001966,2,6,67,2,1,2.0,2.0,,2.0,1,1,65_plus,True,generative
donor_h0001967,1,18,26,2,2,2.0,2.0,,2.0,0,2,18_34,True,generative
donor_h0001967,2,17,28,2,2,2.0,2.0,,2.0,1,2,18_34,True,generative
donor_h0001968,1,8,50,2,2,2.0,2.0,,2.0,0,2,35_64,True,generative
donor_h0001968,2,7,50,2,2,2.0,2.0,,2.0,1,2,35_64,True,generative
donor_h0001968,3,7,17,2,2,2.0,2.0,,2.0,2,2,0_17,False,dependent
donor_h0001968,4,9,14,2,2,,2.0,,2.0,2,2,0_17,False,dependent
donor_h0001969,1,9,82,2,2,2.0,2.0,,2.0,0,2,65_plus,True,generative
donor_h0001969,2,9,81,2,2,2.0,2.0,,2.0,1,2,65_plus,True,generative
donor_h0001970,1,7,50,2,1,2.0,2.0,,2.0,0,1,35_64,True,generative
donor_h0001970,2,10,44,2,2,2.0,2.0,,2.0,1,2,35_64,True,generative
donor_h0001970,3,15,25,2,2,2.0,2.0,,2.0,2,2,18_34,True,generative
donor_h0001970,4,8,17,2,2,2.0,2.0,,2.0,2,2,0_17,False,dependent
donor_h0001971,1,14,82,2,2,2.0,2.0,,2.0,0,2,65_plus,True,generative
donor_h0001971,2,17,81,2,2,2.0,2.0,,2.0,1,2,65_plus,True,generative
donor_h0001972,1,16,78,2,2,2.0,2.0,,2.0,0,2,65_plus,True,generative
donor_h0001973,1,13,74,2,2,2.0,2.0,,2.0,0,2,65_plus,True,generative
donor_h0001973,2,12,33,2,2,2.0,2.0,,2.0,2,2,18_34,True,generative
donor_h0001973,3,13,7,2,2,,2.0,,2.0,7,2,0_17,False,dependent
donor_h0001974,1,9,68,2,2,2.0,2.0,,2.0,0,2,65_plus,True,generative
donor_h0001974,2,7,71,2,2,2.0,2.0,2.0,2.0,1,2,65_plus,True,generative
donor_h0001975,1,11,72,2,2,2.0,2.0,,2.0,0,2,65_plus,True,generative
donor_h0001975,2,12,69,2,2,2.0,2.0,,2.0,1,2,65_plus,True,generative
donor_h0001976,1,37,61,2,2,1.0,2.0,,1.0,0,1,35_64,True,generative
donor_h0001977,1,7,53,2,2,2.0,2.0,,2.0,0,2,35_64,True,generative
donor_h0001977,2,8,51,2,2,2.0,2.0,,2.0,1,2,35_64,True,generative
donor_h0001978,1,14,69,2,2,2.0,2.0,,2.0,0,2,65_plus,True,generative
donor_h0001978,2,17,48,2,2,2.0,2.0,,2.0,2,2,35_64,True,generative
donor_h0001978,3,14,52,2,2,2.0,2.0,,2.0,9,2,35_64,True,generative
donor_h0001979,1,12,67,2,2,2.0,2.0,,2.0,0,2,65_plus,True,generative
donor_h0001979,2,12,58,2,2,2.0,2.0,,2.0,1,2,35_64,True,generative
donor_h0001980,1,9,42,2,2,2.0,2.0,,2.0,0,2,35_64,True,generative
donor_h0001980,2,8,13,2,2,,2.0,,2.0,2,2,0_17,False,dependent
donor_h0001980,3,20,3,2,2,,,,,2,2,0_17,False,dependent
donor_h0001980,4,21,41,2,2,1.0,1.0,,1.0,13,1,35_64,True,generative
donor_h0001980,5,11,10,2,2,,2.0,,2.0,15,2,0_17,False,dependent
donor_h0001981,1,10,33,2,2,2.0,2.0,,2.0,0,2,18_34,True,generative
donor_h0001981,2,13,30,2,2,2.0,2.0,,2.0,12,2,18_34,True,generative
donor_h0001981,3,12,30,2,2,2.0,2.0,,2.0,12,2,18_34,True,generative
donor_h0001981,4,20,26,2,2,2.0,2.0,,2.0,12,2,18_34,True,generative
donor_h0001982,1,12,64,2,2,2.0,2.0,,2.0,0,2,35_64,True,generative
donor_h0001982,2,12,64,2,2,2.0,2.0,,2.0,13,2,35_64,True,generative
donor_h0001983,1,38,63,2,2,2.0,2.0,,2.0,0,2,35_64,True,generative
donor_h0001984,1,11,53,2,2,2.0,2.0,,2.0,0,2,35_64,True,generative
donor_h0001984,2,12,55,2,2,2.0,2.0,,2.0,1,2,35_64,True,generative
donor_h0001985,1,22,66,2,2,1.0,1.0,5.0,1.0,0,1,65_plus,True,generative
donor_h0001985,2,22,63,2,2,2.0,2.0,2.0,2.0,1,2,35_64,True,generative
donor_h0001986,1,73,34,2,2,2.0,1.0,,2.0,0,1,18_34,True,generative
donor_h0001986,2,73,45,2,2,2.0,2.0,,2.0,1,2,35_64,True,generative
donor_h0001986,3,79,9,2,2,,2.0,,2.0,2,2,0_17,False,dependent
donor_h0001987,1,25,55,2,1,2.0,1.0,,2.0,0,1,35_64,True,generative
donor_h0001988,1,18,36,2,2,2.0,2.0,,2.0,0,2,35_64,True,generative
donor_h0001988,2,19,36,2,2,2.0,2.0,,2.0,1,2,35_64,True,generative
donor_h0001988,3,19,3,2,2,,,,,2,2,0_17,False,dependent
donor_h0001988,4,13,16,2,2,2.0,2.0,,2.0,4,2,0_17,False,dependent
donor_h0001989,1,23,60,2,2,2.0,2.0,,2.0,0,2,35_64,True,generative
donor_h0001989,2,21,59,2,2,2.0,2.0,,2.0,1,2,35_64,True,generative
donor_h0001990,1,13,55,2,2,2.0,2.0,,2.0,0,2,35_64,True,generative
donor_h0001991,1,8,47,2,2,2.0,2.0,,2.0,0,2,35_64,True,generative
donor_h0001991,2,7,49,2,2,2.0,2.0,,2.0,1,2,35_64,True,generative
donor_h0001991,3,7,18,2,2,2.0,2.0,,2.0,2,2,18_34,True,generative
donor_h0001991,4,9,14,2,2,,2.0,,2.0,2,2,0_17,False,dependent
donor_h0001991,5,14,10,2,2,,2.0,,2.0,3,2,0_17,False,dependent
donor_h0001992,1,8,76,2,2,2.0,1.0,,2.0,0,1,65_plus,True,generative
donor_h0001992,2,8,73,2,2,2.0,2.0,,2.0,1,2,65_plus,True,generative
donor_h0001993,1,42,35,2,2,2.0,2.0,,2.0,0,2,35_64,True,generative
donor_h0001993,2,48,7,2,2,,2.0,,2.0,2,2,0_17,False,dependent
donor_h0001993,3,67,2,2,2,,,,,2,2,0_17,False,dependent
donor_h0001993,4,49,38,2,2,2.0,2.0,,2.0,13,2,35_64,True,generative
donor_h0001994,1,8,76,2,2,2.0,2.0,,2.0,0,2,65_plus,True,generative
donor_h0001994,2,6,59,2,2,2.0,2.0,,2.0,13,2,35_64,True,generative
donor_h0001995,1,8,69,2,2,2.0,1.0,,2.0,0,1,65_plus,True,generative
donor_h0001996,1,3,76,2,2,1.0,1.0,,2.0,0,1,65_plus,True,generative
donor_h0001996,2,4,49,2,2,2.0,2.0,,2.0,2,2,35_64,True,generative
donor_h0001996,3,3,19,2,1,1.0,2.0,,1.0,7,1,18_34,True,generative
donor_h0001997,1,9,50,2,2,1.0,1.0,,1.0,0,1,35_64,True,generative
donor_h0001998,1,11,71,2,2,2.0,2.0,,2.0,0,2,65_plus,True,generative
donor_h0001998,2,12,54,2,2,2.0,2.0,,2.0,2,2,35_64,True,generative
donor_h0001998,3,21,36,2,2,1.0,1.0,,1.0,3,1,35_64,True,generative
donor_h0001998,4,24,31,2,1,1.0,2.0,,1.0,3,1,18_34,True,generative
donor_h0001998,5,36,25,2,2,1.0,1.0,,2.0,3,1,18_34,True,generative
donor_h0001998,6,15,24,2,2,1.0,2.0,,2.0,3,1,18_34,True,generative
donor_h0001998,7,19,27,2,2,2.0,2.0,,2.0,7,2,18_34,True,generative
donor_h0001998,8,8,20,2,2,2.0,2.0,,1.0,7,1,18_34,True,generative
donor_h0001999,1,37,27,2,2,2.0,2.0,,2.0,0,2,18_34,True,generative
donor_h0001999,2,17,29,1,2,2.0,2.0,,2.0,1,1,18_34,True,generative
donor_h0001999,3,21,4,2,2,,,,,2,2,0_17,False,dependent
donor_h0001999,4,20,1,2,2,,,,,2,2,0_17,False,dependent
donor_h0001999,5,14,24,2,2,2.0,2.0,,2.0,10,2,18_34,True,generative
donor_h0001999,6,15,0,2,2,,,,,10,2,0_17,False,dependent
donor_h0002000,1,10,76,2,2,2.0,2.0,,2.0,0,2,65_plus,True,generative
donor_h0002000,2,9,70,2,2,2.0,2.0,,2.0,1,2,65_plus,True,generative
donor_h0002001,1,12,50,2,2,2.0,2.0,,2.0,0,2,35_64,True,generative
donor_h0002001,2,10,49,2,2,2.0,2.0,,2.0,1,2,35_64,True,generative
donor_h0002002,1,14,40,2,2,2.0,2.0,,2.0,0,2,35_64,True,generative
donor_h0002002,2,11,17,2,2,2.0,2.0,,2.0,2,2,0_17,False,dependent
donor_h0002002,3,13,14,2,2,,2.0,,2.0,2,2,0_17,False,dependent
donor_h0002003,1,42,38,2,2,2.0,2.0,,2.0,0,2,35_64,True,generative
donor_h0002003,2,40,41,2,2,2.0,2.0,,2.0,1,2,35_64,True,generative
donor_h0002003,3,44,4,2,2,,,,,2,2,0_17,False,dependent
donor_h0002003,4,45,2,2,2,,,,,2,2,0_17,False,dependent
donor_h0002003,5,41,0,2,2,,,,,2,2,0_17,False,dependent
donor_h0002004,1,6,63,2,2,2.0,2.0,,2.0,0,2,35_64,True,generative
donor_h0002004,2,7,65,2,2,2.0,2.0,,2.0,1,2,65_plus,True,generative
donor_h0002005,1,19,73,1,1,2.0,1.0,,1.0,0,1,65_plus,True,generative
donor_h0002006,1,37,74,2,2,2.0,2.0,,2.0,0,2,65_plus,True,generative
donor_h0002007,1,12,61,2,2,2.0,2.0,,2.0,0,2,35_64,True,generative
donor_h0002007,2,10,56,2,2,2.0,2.0,,2.0,1,2,35_64,True,generative
donor_h0002007,3,14,25,2,2,2.0,2.0,,2.0,2,2,18_34,True,generative
donor_h0002007,4,29,23,2,2,2.0,2.0,,2.0,2,2,18_34,True,generative
donor_h0002008,1,18,33,2,2,2.0,2.0,,2.0,0,2,18_34,True,generative
donor_h0002008,2,31,26,2,2,2.0,2.0,,2.0,13,2,18_34,True,generative
donor_h0002009,1,8,63,2,2,2.0,2.0,,2.0,0,2,35_64,True,generative
donor_h0002009,2,9,47,2,2,2.0,2.0,,2.0,1,2,35_64,True,generative
donor_h0002010,1,15,79,2,2,2.0,2.0,,2.0,0,2,65_plus,True,generative
donor_h0002010,2,14,72,2,2,2.0,2.0,,2.0,1,2,65_plus,True,generative
donor_h0002011,1,11,64,2,2,1.0,2.0,,2.0,0,1,35_64,True,generative
donor_h0002011,2,12,65,2,2,2.0,2.0,,2.0,1,2,65_plus,True,generative
donor_h0002011,3,16,33,2,2,2.0,2.0,,2.0,2,2,18_34,True,generative
donor_h0002012,1,57,52,2,2,2.0,2.0,,2.0,0,2,35_64,True,generative
donor_h0002012,2,69,49,2,2,2.0,2.0,,2.0,1,2,35_64,True,generative
donor_h0002013,1,11,30,2,2,2.0,2.0,,2.0,0,2,18_34,True,generative
donor_h0002013,2,15,33,2,2,2.0,2.0,,2.0,1,2,18_34,True,generative
donor_h0002014,1,43,46,2,2,2.0,2.0,,2.0,0,2,35_64,True,generative
donor_h0002014,2,46,18,2,2,2.0,2.0,,2.0,2,2,18_34,True,generative
donor_h0002015,1,4,59,2,2,2.0,2.0,,2.0,0,2,35_64,True,generative
donor_h0002015,2,5,65,2,2,2.0,2.0,,2.0,1,2,65_plus,True,generative
donor_h0002016,1,25,18,2,2,2.0,2.0,,1.0,0,1,18_34,True,generative
donor_h0002016,2,21,18,2,2,2.0,2.0,,2.0,13,2,18_34,True,generative
donor_h0002017,1,10,65,2,2,2.0,2.0,,2.0,0,2,65_plus,True,generative
donor_h0002017,2,9,64,2,2,2.0,2.0,,2.0,1,2,35_64,True,generative
donor_h0002018,1,8,64,2,2,2.0,2.0,,2.0,0,2,35_64,True,generative
donor_h0002019,1,10,69,2,2,2.0,2.0,,2.0,0,2,65_plus,True,generative
donor_h0002019,2,10,75,2,2,2.0,2.0,,2.0,1,2,65_plus,True,generative
donor_h0002020,1,5,69,2,2,2.0,2.0,,2.0,0,2,65_plus,True,generative
donor_h0002021,1,27,25,2,2,2.0,2.0,,2.0,0,2,18_34,True,generative
donor_h0002022,1,13,82,2,2,2.0,1.0,,2.0,0,1,65_plus,True,generative
donor_h0002022,2,14,35,2,2,2.0,2.0,,2.0,7,2,35_64,True,generative
donor_h0002022,3,11,11,2,2,,2.0,,2.0,7,2,0_17,False,dependent
donor_h0002022,4,14,11,2,2,,2.0,,2.0,14,2,0_17,False,dependent
donor_h0002023,1,15,83,2,2,2.0,1.0,,2.0,0,1,65_plus,True,generative
donor_h0002024,1,9,69,2,2,2.0,1.0,,2.0,0,1,65_plus,True,generative
donor_h0002025,1,13,52,1,2,2.0,2.0,,2.0,0,1,35_64,True,generative
donor_h0002025,2,13,56,2,2,2.0,2.0,,2.0,1,2,35_64,True,generative
donor_h0002026,1,7,77,2,2,2.0,1.0,,1.0,0,1,65_plus,True,generative
donor_h0002026,2,10,75,2,2,2.0,1.0,,1.0,15,1,65_plus,True,generative
donor_h0002027,1,12,75,2,2,2.0,2.0,,2.0,0,2,65_plus,True,generative
donor_h0002028,1,23,67,2,2,2.0,2.0,,2.0,0,2,65_plus,True,generative
donor_h0002028,2,21,69,2,2,2.0,2.0,2.0,2.0,1,2,65_plus,True,generative
donor_h0002029,1,2,70,2,2,2.0,2.0,,2.0,0,2,65_plus,True,generative
donor_h0002029,2,3,70,2,2,2.0,2.0,,2.0,1,2,65_plus,True,generative
donor_h0002030,1,7,58,2,2,2.0,2.0,,2.0,0,2,35_64,True,generative
donor_h0002030,2,7,58,2,2,2.0,2.0,,2.0,1,2,35_64,True,generative
donor_h0002031,1,21,84,1,2,2.0,2.0,,2.0,0,1,65_plus,True,generative
donor_h0002031,2,23,84,1,2,2.0,2.0,,2.0,1,1,65_plus,True,generative
donor_h0002032,1,7,68,2,2,2.0,1.0,,2.0,0,1,65_plus,True,generative
donor_h0002032,2,10,67,2,2,2.0,2.0,,2.0,1,2,65_plus,True,generative
donor_h0002033,1,69,71,2,2,2.0,1.0,,2.0,0,1,65_plus,True,generative
donor_h0002033,2,60,65,2,2,2.0,2.0,,2.0,1,2,65_plus,True,generative
donor_h0002034,1,15,23,2,2,2.0,2.0,,2.0,0,2,18_34,True,generative
donor_h0002034,2,13,22,2,2,2.0,2.0,,2.0,1,2,18_34,True,generative
donor_h0002035,1,16,77,2,2,2.0,2.0,,2.0,0,2,65_plus,True,generative
donor_h0002035,2,13,83,2,2,1.0,1.0,,1.0,1,1,65_plus,True,generative
donor_h0002036,1,21,61,1,2,1.0,1.0,,1.0,0,1,35_64,True,generative
donor_h0002036,2,23,59,2,2,2.0,2.0,,2.0,10,2,35_64,True,generative
donor_h0002037,1,18,64,2,2,2.0,2.0,,2.0,0,2,35_64,True,generative
donor_h0002037,2,26,66,2,2,2.0,2.0,,2.0,1,2,65_plus,True,generative
donor_h0002038,1,26,53,2,2,2.0,2.0,,2.0,0,2,35_64,True,generative
donor_h0002038,2,23,53,2,2,2.0,2.0,,2.0,1,2,35_64,True,generative
donor_h0002039,1,16,73,2,2,2.0,2.0,,2.0,0,2,65_plus,True,generative
donor_h0002040,1,11,85,2,2,2.0,2.0,,2.0,0,2,65_plus,True,generative
donor_h0002041,1,43,44,2,2,2.0,2.0,,2.0,0,2,35_64,True,generative
donor_h0002041,2,62,29,2,2,2.0,2.0,,2.0,5,2,18_34,True,generative
donor_h0002042,1,12,68,2,2,2.0,2.0,,2.0,0,2,65_plus,True,generative
donor_h0002042,2,11,70,1,2,2.0,2.0,,2.0,1,1,65_plus,True,generative
donor_h0002043,1,10,59,2,2,2.0,2.0,,2.0,0,2,35_64,True,generative
donor_h0002043,2,12,60,1,2,1.0,2.0,,1.0,5,1,35_64,True,generative
donor_h0002044,1,13,66,2,2,2.0,2.0,,2.0,0,2,65_plus,True,generative
donor_h0002044,2,11,72,2,2,2.0,1.0,,2.0,1,1,65_plus,True,generative
donor_h0002045,1,7,60,2,2,2.0,1.0,,2.0,0,1,35_64,True,generative
donor_h0002046,1,12,71,2,2,2.0,2.0,,2.0,0,2,65_plus,True,generative
donor_h0002047,1,81,48,2,2,2.0,2.0,,2.0,0,2,35_64,True,generative
donor_h0002047,2,68,49,2,2,2.0,2.0,,2.0,1,2,35_64,True,generative
donor_h0002047,3,86,12,2,2,,2.0,,2.0,2,2,0_17,False,dependent
donor_h0002047,4,86,10,2,2,,2.0,,2.0,2,2,0_17,False,dependent
donor_h0002048,1,8,67,2,2,1.0,1.0,,2.0,0,1,65_plus,True,generative
donor_h0002048,2,15,94,1,1,1.0,1.0,,1.0,6,1,65_plus,True,generative
donor_h0002048,3,10,57,2,2,2.0,2.0,,1.0,15,1,35_64,True,generative
donor_h0002048,4,16,29,2,2,2.0,2.0,,2.0,15,2,18_34,True,generative
donor_h0002049,1,12,31,2,2,2.0,2.0,,2.0,0,2,18_34,True,generative
donor_h0002049,2,23,28,2,2,2.0,2.0,,2.0,12,2,18_34,True,generative
donor_h0002050,1,12,45,2,2,1.0,1.0,,2.0,0,1,35_64,True,generative
donor_h0002050,2,12,51,2,2,1.0,1.0,,1.0,1,1,35_64,True,generative
donor_h0002050,3,11,16,2,2,2.0,1.0,,1.0,2,1,0_17,False,dependent
donor_h0002051,1,10,60,2,2,2.0,1.0,,2.0,0,1,35_64,True,generative
donor_h0002052,1,7,56,2,1,2.0,2.0,,2.0,0,1,35_64,True,generative
donor_h0002052,2,7,47,2,2,2.0,2.0,,2.0,1,2,35_64,True,generative
donor_h0002052,3,7,18,2,2,2.0,2.0,,2.0,2,2,18_34,True,generative
donor_h0002052,4,6,16,2,2,2.0,2.0,,2.0,2,2,0_17,False,dependent
donor_h0002053,1,21,55,2,2,2.0,2.0,,2.0,0,2,35_64,True,generative
donor_h0002053,2,23,57,2,2,2.0,2.0,,2.0,1,2,35_64,True,generative
donor_h0002053,3,28,33,2,2,2.0,2.0,,1.0,2,1,18_34,True,generative
donor_h0002054,1,12,40,2,2,2.0,2.0,,2.0,0,2,35_64,True,generative
donor_h0002054,2,13,38,2,2,2.0,2.0,,2.0,1,2,35_64,True,generative
donor_h0002054,3,19,8,2,2,,2.0,,2.0,2,2,0_17,False,dependent
donor_h0002055,1,14,65,2,2,2.0,2.0,,2.0,0,2,65_plus,True,generative
donor_h0002055,2,14,76,2,2,2.0,2.0,,2.0,1,2,65_plus,True,generative
donor_h0002056,1,11,56,2,2,2.0,2.0,,2.0,0,2,35_64,True,generative
donor_h0002057,1,11,63,2,2,2.0,2.0,,2.0,0,2,35_64,True,generative
donor_h0002057,2,12,65,2,2,2.0,2.0,,2.0,1,2,65_plus,True,generative
donor_h0002058,1,64,30,2,2,2.0,2.0,,2.0,0,2,18_34,True,generative
donor_h0002059,1,10,68,2,2,1.0,2.0,,2.0,0,1,65_plus,True,generative
donor_h0002060,1,13,52,2,2,2.0,2.0,,2.0,0,2,35_64,True,generative
donor_h0002060,2,15,20,2,2,2.0,2.0,,2.0,2,2,18_34,True,generative
donor_h0002061,1,10,38,2,2,2.0,2.0,4.0,2.0,0,2,35_64,True,generative
donor_h0002061,2,9,37,2,2,2.0,2.0,,2.0,1,2,35_64,True,generative
donor_h0002062,1,14,48,2,2,2.0,2.0,,2.0,0,2,35_64,True,generative
donor_h0002062,2,13,58,2,2,2.0,2.0,,2.0,1,2,35_64,True,generative
donor_h0002062,3,14,20,2,2,2.0,2.0,,2.0,2,2,18_34,True,generative
donor_h0002062,4,16,94,1,2,1.0,1.0,3.0,2.0,8,1,65_plus,True,generative
donor_h0002063,1,6,64,2,2,2.0,2.0,,2.0,0,2,35_64,True,generative
donor_h0002063,2,6,66,2,2,2.0,2.0,5.0,2.0,1,2,65_plus,True,generative
donor_h0002063,3,8,63,2,2,2.0,2.0,,2.0,5,2,35_64,True,generative
donor_h0002064,1,14,67,1,2,2.0,1.0,3.0,2.0,0,1,65_plus,True,generative
donor_h0002064,2,16,65,2,2,2.0,2.0,,2.0,1,2,65_plus,True,generative
donor_h0002065,1,3,56,2,2,2.0,2.0,,2.0,0,2,35_64,True,generative
donor_h0002066,1,21,59,2,2,2.0,2.0,,2.0,0,2,35_64,True,generative
donor_h0002066,2,24,59,2,2,2.0,2.0,,2.0,1,2,35_64,True,generative
donor_h0002067,1,10,70,2,2,2.0,2.0,,2.0,0,2,65_plus,True,generative
donor_h0002067,2,13,67,2,2,2.0,2.0,,2.0,1,2,65_plus,True,generative
donor_h0002068,1,28,65,2,2,2.0,2.0,,2.0,0,2,65_plus,True,generative
donor_h0002068,2,27,59,2,2,2.0,2.0,,2.0,1,2,35_64,True,generative
donor_h0002069,1,12,62,2,2,2.0,2.0,,2.0,0,2,35_64,True,generative
donor_h0002069,2,11,62,2,2,2.0,2.0,,2.0,1,2,35_64,True,generative
donor_h0002070,1,17,73,1,2,2.0,2.0,,2.0,0,1,65_plus,True,generative
donor_h0002070,2,21,73,2,2,2.0,2.0,,2.0,1,2,65_plus,True,generative
donor_h0002071,1,14,30,2,2,2.0,2.0,,1.0,0,1,18_34,True,generative
donor_h0002071,2,23,13,2,2,,2.0,,2.0,2,2,0_17,False,dependent
donor_h0002071,3,23,10,2,1,,2.0,,2.0,2,1,0_17,False,dependent
donor_h0002072,1,12,67,2,2,2.0,1.0,,2.0,0,1,65_plus,True,generative
donor_h0002072,2,11,60,2,2,2.0,2.0,,2.0,1,2,35_64,True,generative
donor_h0002073,1,7,56,2,2,2.0,2.0,,2.0,0,2,35_64,True,generative
donor_h0002073,2,6,65,2,2,2.0,2.0,,1.0,1,1,65_plus,True,generative
donor_h0002074,1,32,78,2,2,2.0,2.0,,2.0,0,2,65_plus,True,generative
donor_h0002074,2,28,83,2,2,2.0,1.0,,2.0,1,1,65_plus,True,generative
donor_h0002075,1,12,69,2,2,2.0,1.0,2.0,2.0,0,1,65_plus,True,generative
donor_h0002075,2,10,68,2,2,2.0,1.0,,2.0,1,1,65_plus,True,generative
donor_h0002075,3,16,43,2,2,2.0,2.0,,2.0,2,2,35_64,True,generative
donor_h0002075,4,28,34,2,2,2.0,2.0,,2.0,2,2,18_34,True,generative
donor_h0002075,5,22,10,2,2,,2.0,,2.0,7,2,0_17,False,dependent
donor_h0002076,1,6,67,2,2,2.0,2.0,,2.0,0,2,65_plus,True,generative
donor_h0002076,2,7,65,2,2,2.0,2.0,,2.0,1,2,65_plus,True,generative
donor_h0002077,1,21,56,2,2,2.0,2.0,,2.0,0,2,35_64,True,generative
donor_h0002077,2,24,55,2,2,2.0,2.0,,2.0,1,2,35_64,True,generative
donor_h0002078,1,8,60,2,2,1.0,1.0,,2.0,0,1,35_64,True,generative
donor_h0002079,1,11,64,2,2,2.0,2.0,,2.0,0,2,35_64,True,generative
donor_h0002079,2,10,64,2,2,2.0,2.0,,2.0,1,2,35_64,True,generative
donor_h0002080,1,12,62,2,2,2.0,2.0,,2.0,0,2,35_64,True,generative
donor_h0002080,2,11,59,2,2,2.0,2.0,,2.0,1,2,35_64,True,generative
donor_h0002081,1,14,55,2,2,2.0,2.0,,2.0,0,2,35_64,True,generative
donor_h0002081,2,13,55,2,2,2.0,2.0,,2.0,1,2,35_64,True,generative
donor_h0002082,1,12,69,2,2,2.0,2.0,,2.0,0,2,65_plus,True,generative
donor_h0002083,1,9,89,1,1,1.0,1.0,,2.0,0,1,65_plus,True,generative
donor_h0002084,1,15,43,2,2,2.0,2.0,,2.0,0,2,35_64,True,generative
donor_h0002084,2,16,38,2,2,2.0,2.0,,2.0,1,2,35_64,True,generative
donor_h0002085,1,74,28,2,2,2.0,2.0,,2.0,0,2,18_34,True,generative
donor_h0002085,2,65,37,2,2,2.0,2.0,,2.0,1,2,35_64,True,generative
donor_h0002085,3,65,0,2,2,,,,,2,2,0_17,False,dependent
donor_h0002086,1,16,38,2,2,2.0,2.0,,2.0,0,2,35_64,True,generative
donor_h0002086,2,15,40,2,2,2.0,2.0,,2.0,13,2,35_64,True,generative
donor_h0002087,1,75,34,1,2,2.0,2.0,,2.0,0,1,18_34,True,generative
donor_h0002088,1,16,60,2,2,2.0,2.0,,2.0,0,2,35_64,True,generative
donor_h0002089,1,36,23,2,2,2.0,2.0,,2.0,0,2,18_34,True,generative
donor_h0002089,2,44,5,2,2,,2.0,,2.0,2,2,0_17,False,dependent
donor_h0002089,3,39,4,2,2,,,,,2,2,0_17,False,dependent
donor_h0002089,4,44,1,2,2,,,,,2,2,0_17,False,dependent
donor_h0002089,5,55,27,2,2,2.0,2.0,,2.0,13,2,18_34,True,generative
donor_h0002090,1,16,68,2,2,2.0,2.0,,2.0,0,2,65_plus,True,generative
donor_h0002090,2,12,75,2,2,2.0,2.0,5.0,2.0,1,2,65_plus,True,generative
donor_h0002091,1,12,73,2,2,2.0,2.0,,2.0,0,2,65_plus,True,generative
donor_h0002092,1,16,65,2,2,2.0,2.0,,2.0,0,2,65_plus,True,generative
donor_h0002092,2,13,65,2,2,2.0,2.0,,2.0,1,2,65_plus,True,generative
donor_h0002093,1,9,45,2,2,2.0,2.0,,2.0,0,2,35_64,True,generative
donor_h0002093,2,11,42,2,2,2.0,2.0,,2.0,1,2,35_64,True,generative
donor_h0002093,3,11,14,2,2,,2.0,,2.0,2,2,0_17,False,dependent
donor_h0002093,4,11,9,2,2,,2.0,,2.0,2,2,0_17,False,dependent
donor_h0002094,1,13,74,2,2,1.0,1.0,,2.0,0,1,65_plus,True,generative
donor_h0002095,1,3,49,2,2,2.0,2.0,,2.0,0,2,35_64,True,generative
donor_h0002095,2,3,45,2,2,1.0,1.0,,1.0,1,1,35_64,True,generative
donor_h0002096,1,9,51,2,1,1.0,1.0,,2.0,0,1,35_64,True,generative
donor_h0002097,1,6,47,2,2,2.0,2.0,,2.0,0,2,35_64,True,generative
donor_h0002097,2,8,47,2,2,2.0,2.0,,2.0,1,2,35_64,True,generative
donor_h0002097,3,6,17,2,2,2.0,2.0,,2.0,2,2,0_17,False,dependent
donor_h0002097,4,8,14,2,2,,2.0,,2.0,2,2,0_17,False,dependent
donor_h0002098,1,18,32,2,2,2.0,2.0,,2.0,0,2,18_34,True,generative
donor_h0002098,2,24,33,2,2,2.0,2.0,,2.0,1,2,18_34,True,generative
donor_h0002099,1,38,33,2,2,2.0,2.0,,2.0,0,2,18_34,True,generative
donor_h0002099,2,29,34,2,2,2.0,2.0,,2.0,1,2,18_34,True,generative
donor_h0002099,3,57,13,2,2,,2.0,,2.0,2,2,0_17,False,dependent
donor_h0002100,1,30,26,2,2,2.0,2.0,,2.0,0,2,18_34,True,generative
donor_h0002100,2,24,2,2,2,,,,,2,2,0_17,False,dependent
donor_h0002100,3,24,0,2,2,,,,,2,2,0_17,False,dependent
donor_h0002100,4,24,10,2,2,,2.0,,2.0,4,2,0_17,False,dependent
donor_h0002100,5,24,7,2,2,,2.0,,2.0,4,2,0_17,False,dependent
donor_h0002100,6,17,34,2,2,2.0,2.0,,2.0,13,2,18_34,True,generative
donor_h0002101,1,13,47,2,2,2.0,2.0,,2.0,0,2,35_64,True,generative
donor_h0002101,2,11,53,2,2,2.0,2.0,,2.0,13,2,35_64,True,generative
donor_h0002102,1,15,89,2,2,2.0,2.0,,2.0,0,2,65_plus,True,generative
donor_h0002103,1,26,45,2,2,2.0,2.0,,2.0,0,2,35_64,True,generative
donor_h0002104,1,2,74,2,2,2.0,2.0,,2.0,0,2,65_plus,True,generative
donor_h0002104,2,2,86,1,2,1.0,2.0,,2.0,1,1,65_plus,True,generative
donor_h0002105,1,15,94,2,2,1.0,1.0,,2.0,0,1,65_plus,True,generative
donor_h0002106,1,6,31,2,2,2.0,2.0,,2.0,0,2,18_34,True,generative
donor_h0002106,2,9,30,2,2,2.0,2.0,,2.0,1,2,18_34,True,generative
donor_h0002106,3,10,0,2,2,,,,,2,2,0_17,False,dependent
donor_h0002107,1,3,46,2,2,2.0,2.0,,2.0,0,2,35_64,True,generative
donor_h0002107,2,3,42,1,2,2.0,2.0,,2.0,1,1,35_64,True,generative
donor_h0002108,1,6,50,2,2,2.0,2.0,,2.0,0,2,35_64,True,generative
donor_h0002108,2,23,49,2,2,2.0,2.0,,2.0,1,2,35_64,True,generative
donor_h0002109,1,9,66,1,1,1.0,1.0,,1.0,0,1,65_plus,True,generative
donor_h0002110,1,9,72,2,2,2.0,2.0,,2.0,0,2,65_plus,True,generative
donor_h0002111,1,5,69,2,2,2.0,2.0,,2.0,0,2,65_plus,True,generative
donor_h0002111,2,6,61,2,2,2.0,2.0,,2.0,1,2,35_64,True,generative
donor_h0002112,1,11,63,2,2,2.0,2.0,,2.0,0,2,35_64,True,generative
donor_h0002112,2,11,69,2,2,2.0,2.0,,2.0,1,2,65_plus,True,generative
donor_h0002113,1,13,73,2,2,2.0,2.0,,2.0,0,2,65_plus,True,generative
donor_h0002114,1,8,45,2,2,2.0,2.0,,2.0,0,2,35_64,True,generative
donor_h0002114,2,8,44,1,2,2.0,2.0,,2.0,1,1,35_64,True,generative
donor_h0002114,3,7,16,2,2,2.0,2.0,,2.0,2,2,0_17,False,dependent
donor_h0002114,4,8,9,2,2,,2.0,,2.0,2,2,0_17,False,dependent
donor_h0002115,1,15,75,2,2,2.0,2.0,,2.0,0,2,65_plus,True,generative
donor_h0002115,2,13,84,1,2,2.0,2.0,,2.0,1,1,65_plus,True,generative
donor_h0002116,1,11,62,2,2,2.0,2.0,,2.0,0,2,35_64,True,generative
donor_h0002116,2,11,62,2,2,2.0,2.0,,2.0,1,2,35_64,True,generative
donor_h0002117,1,3,62,2,2,2.0,2.0,,2.0,0,2,35_64,True,generative
donor_h0002117,2,4,62,2,2,2.0,2.0,,2.0,1,2,35_64,True,generative
donor_h0002118,1,9,77,1,2,2.0,1.0,,2.0,0,1,65_plus,True,generative
donor_h0002119,1,64,41,2,2,2.0,2.0,,2.0,0,2,35_64,True,generative
donor_h0002119,2,64,44,2,2,2.0,2.0,,2.0,1,2,35_64,True,generative
donor_h0002119,3,64,2,2,2,,,,,2,2,0_17,False,dependent
donor_h0002119,4,68,81,1,2,2.0,2.0,,2.0,6,1,65_plus,True,generative
donor_h0002120,1,17,59,2,2,2.0,2.0,,2.0,0,2,35_64,True,generative
donor_h0002120,2,18,62,2,2,2.0,2.0,,2.0,1,2,35_64,True,generative
donor_h0002120,3,26,39,2,2,2.0,2.0,,2.0,2,2,35_64,True,generative
donor_h0002121,1,34,56,2,2,2.0,2.0,,2.0,0,2,35_64,True,generative
donor_h0002121,2,35,66,2,2,2.0,1.0,5.0,2.0,1,1,65_plus,True,generative
donor_h0002122,1,3,48,2,2,2.0,2.0,,2.0,0,2,35_64,True,generative
donor_h0002122,2,3,22,2,2,2.0,2.0,,2.0,2,2,18_34,True,generative
donor_h0002122,3,2,49,2,2,2.0,2.0,,2.0,12,2,35_64,True,generative
donor_h0002123,1,10,69,2,2,2.0,2.0,5.0,2.0,0,2,65_plus,True,generative
donor_h0002123,2,12,66,2,2,2.0,2.0,,2.0,1,2,65_plus,True,generative
donor_h0002124,1,7,63,2,2,1.0,1.0,,1.0,0,1,35_64,True,generative
donor_h0002125,1,9,57,1,2,1.0,2.0,,1.0,0,1,35_64,True,generative
donor_h0002125,2,9,49,2,2,2.0,2.0,,2.0,1,2,35_64,True,generative
donor_h0002126,1,5,76,2,2,2.0,2.0,,2.0,0,2,65_plus,True,generative
donor_h0002127,1,3,59,1,2,2.0,2.0,,2.0,0,1,35_64,True,generative
donor_h0002128,1,26,42,2,2,2.0,2.0,,2.0,0,2,35_64,True,generative
donor_h0002128,2,26,37,2,2,2.0,2.0,,2.0,1,2,35_64,True,generative
donor_h0002128,3,20,16,2,2,2.0,2.0,,2.0,2,2,0_17,False,dependent
donor_h0002129,1,7,53,2,2,2.0,2.0,,2.0,0,2,35_64,True,generative
donor_h0002130,1,13,67,2,2,2.0,2.0,,2.0,0,2,65_plus,True,generative
donor_h0002130,2,14,58,2,2,2.0,2.0,,2.0,1,2,35_64,True,generative
donor_h0002131,1,17,75,2,2,2.0,2.0,,2.0,0,2,65_plus,True,generative
donor_h0002131,2,13,72,2,2,2.0,2.0,,2.0,1,2,65_plus,True,generative
donor_h0002131,3,19,43,2,2,2.0,2.0,,2.0,2,2,35_64,True,generative
donor_h0002131,4,16,9,2,2,,2.0,,2.0,7,2,0_17,False,dependent
donor_h0002132,1,23,70,2,2,2.0,2.0,,2.0,0,2,65_plus,True,generative
donor_h0002133,1,2,60,2,2,1.0,1.0,,2.0,0,1,35_64,True,generative
donor_h0002133,2,2,63,2,2,2.0,2.0,,2.0,12,2,35_64,True,generative
donor_h0002134,1,14,54,2,2,2.0,2.0,,2.0,0,2,35_64,True,generative
donor_h0002134,2,15,54,2,2,2.0,2.0,,2.0,1,2,35_64,True,generative
donor_h0002135,1,20,58,2,2,2.0,2.0,,2.0,0,2,35_64,True,generative
donor_h0002135,2,20,67,1,2,2.0,2.0,,2.0,1,1,65_plus,True,generative
donor_h0002135,3,25,13,2,2,,2.0,,2.0,7,2,0_17,False,dependent
donor_h0002136,1,13,55,2,2,2.0,2.0,,2.0,0,2,35_64,True,generative
donor_h0002136,2,14,57,2,2,2.0,2.0,,2.0,1,2,35_64,True,generative
donor_h0002136,3,13,17,2,2,2.0,2.0,,2.0,2,2,0_17,False,dependent
donor_h0002136,4,17,14,2,2,,2.0,,2.0,2,2,0_17,False,dependent
donor_h0002136,5,16,11,2,2,,2.0,,2.0,2,2,0_17,False,dependent
donor_h0002137,1,3,55,2,2,2.0,2.0,,2.0,0,2,35_64,True,generative
donor_h0002137,2,2,51,2,2,2.0,2.0,,2.0,1,2,35_64,True,generative
donor_h0002138,1,71,35,2,2,1.0,1.0,,1.0,0,1,35_64,True,generative
donor_h0002138,2,50,34,2,2,2.0,2.0,,2.0,13,2,18_34,True,generative
donor_h0002138,3,74,15,2,2,2.0,2.0,,2.0,15,2,0_17,False,dependent
donor_h0002138,4,97,10,2,2,,2.0,,2.0,15,2,0_17,False,dependent
donor_h0002139,1,21,54,2,2,2.0,2.0,,2.0,0,2,35_64,True,generative
donor_h0002139,2,21,57,2,2,2.0,2.0,,2.0,1,2,35_64,True,generative
donor_h0002139,3,20,15,2,2,2.0,2.0,,2.0,2,2,0_17,False,dependent
donor_h0002140,1,13,72,2,2,2.0,2.0,3.0,1.0,0,1,65_plus,True,generative
donor_h0002140,2,17,76,2,2,2.0,2.0,,2.0,1,2,65_plus,True,generative
donor_h0002141,1,14,60,2,2,2.0,2.0,,2.0,0,2,35_64,True,generative
donor_h0002142,1,3,54,2,2,2.0,2.0,,2.0,0,2,35_64,True,generative
donor_h0002142,2,4,53,2,2,2.0,2.0,,2.0,1,2,35_64,True,generative
donor_h0002142,3,5,31,2,2,2.0,2.0,,2.0,2,2,18_34,True,generative
donor_h0002142,4,4,16,2,2,2.0,2.0,,2.0,2,2,0_17,False,dependent
donor_h0002142,5,5,13,2,2,,2.0,,2.0,7,2,0_17,False,dependent
donor_h0002142,6,5,10,2,2,,2.0,,2.0,7,2,0_17,False,dependent
donor_h0002142,7,6,4,2,2,,,,,7,2,0_17,False,dependent
donor_h0002142,8,5,34,2,2,2.0,2.0,,2.0,9,2,18_34,True,generative
donor_h0002143,1,4,56,2,2,2.0,2.0,,2.0,0,2,35_64,True,generative
donor_h0002143,2,4,56,2,2,2.0,2.0,,2.0,1,2,35_64,True,generative
donor_h0002144,1,12,58,2,2,2.0,2.0,,2.0,0,2,35_64,True,generative
donor_h0002144,2,11,57,2,2,2.0,2.0,,2.0,1,2,35_64,True,generative
donor_h0002145,1,11,45,2,2,2.0,2.0,,2.0,0,2,35_64,True,generative
donor_h0002145,2,13,7,2,2,,2.0,,2.0,2,2,0_17,False,dependent
donor_h0002145,3,15,1,2,2,,,,,15,2,0_17,False,dependent
donor_h0002146,1,66,27,2,2,2.0,2.0,,2.0,0,2,18_34,True,generative
donor_h0002146,2,59,28,2,2,2.0,2.0,,2.0,1,2,18_34,True,generative
donor_h0002146,3,46,2,2,2,,,,,2,2,0_17,False,dependent
donor_h0002146,4,46,1,2,2,,,,,2,2,0_17,False,dependent
donor_h0002147,1,38,59,2,2,2.0,2.0,,2.0,0,2,35_64,True,generative
donor_h0002147,2,34,57,2,2,1.0,2.0,,2.0,1,1,35_64,True,generative
donor_h0002148,1,5,52,2,2,2.0,2.0,,2.0,0,2,35_64,True,generative
donor_h0002148,2,6,60,2,2,2.0,2.0,,2.0,1,2,35_64,True,generative
donor_h0002149,1,13,23,2,2,2.0,2.0,,2.0,0,2,18_34,True,generative
donor_h0002149,2,15,23,2,2,2.0,2.0,,2.0,1,2,18_34,True,generative
donor_h0002150,1,11,53,2,2,2.0,2.0,,2.0,0,2,35_64,True,generative
donor_h0002150,2,12,51,2,2,2.0,2.0,,2.0,1,2,35_64,True,generative
donor_h0002151,1,11,46,2,2,2.0,2.0,,2.0,0,2,35_64,True,generative
donor_h0002151,2,13,47,2,2,2.0,2.0,,2.0,1,2,35_64,True,generative
donor_h0002151,3,8,18,2,2,2.0,2.0,,2.0,2,2,18_34,True,generative
donor_h0002151,4,15,15,2,2,2.0,2.0,,2.0,2,2,0_17,False,dependent
donor_h0002152,1,16,44,2,2,2.0,2.0,,2.0,0,2,35_64,True,generative
donor_h0002152,2,12,46,2,2,2.0,2.0,,2.0,1,2,35_64,True,generative
donor_h0002153,1,15,62,2,2,2.0,2.0,,2.0,0,2,35_64,True,generative
donor_h0002153,2,13,63,2,2,2.0,2.0,,2.0,1,2,35_64,True,generative
donor_h0002153,3,21,94,2,2,1.0,2.0,,2.0,8,1,65_plus,True,generative
donor_h0002154,1,15,38,2,2,2.0,2.0,,2.0,0,2,35_64,True,generative
donor_h0002154,2,15,41,2,2,2.0,2.0,,2.0,1,2,35_64,True,generative
donor_h0002154,3,12,16,2,2,2.0,2.0,,2.0,2,2,0_17,False,dependent
donor_h0002154,4,15,8,2,2,,2.0,,2.0,2,2,0_17,False,dependent
donor_h0002155,1,11,80,1,2,2.0,2.0,,2.0,0,1,65_plus,True,generative
donor_h0002156,1,19,63,2,2,2.0,2.0,,2.0,0,2,35_64,True,generative
donor_h0002157,1,17,83,2,2,1.0,2.0,,2.0,0,1,65_plus,True,generative
donor_h0002157,2,15,76,2,2,2.0,2.0,,2.0,1,2,65_plus,True,generative
donor_h0002158,1,5,48,2,2,2.0,2.0,,2.0,0,2,35_64,True,generative
donor_h0002158,2,3,51,2,2,2.0,2.0,,2.0,1,2,35_64,True,generative
donor_h0002158,3,13,14,2,2,,2.0,,2.0,2,2,0_17,False,dependent
donor_h0002159,1,11,33,2,2,2.0,2.0,,2.0,0,2,18_34,True,generative
donor_h0002159,2,16,35,2,2,2.0,2.0,,2.0,1,2,35_64,True,generative
donor_h0002160,1,36,50,2,2,2.0,2.0,,2.0,0,2,35_64,True,generative
donor_h0002160,2,35,46,2,2,2.0,2.0,,2.0,1,2,35_64,True,generative
donor_h0002161,1,13,60,1,2,2.0,2.0,,2.0,0,1,35_64,True,generative
donor_h0002161,2,12,59,2,2,2.0,2.0,,2.0,1,2,35_64,True,generative
donor_h0002162,1,11,51,2,2,2.0,1.0,,1.0,0,1,35_64,True,generative
donor_h0002162,2,10,53,1,2,2.0,1.0,2.0,2.0,1,1,35_64,True,generative
donor_h0002162,3,12,18,2,2,2.0,2.0,,2.0,3,2,18_34,True,generative
donor_h0002162,4,9,15,2,1,1.0,2.0,,1.0,3,1,0_17,False,dependent
donor_h0002162,5,12,11,2,2,,2.0,,2.0,3,2,0_17,False,dependent
donor_h0002162,6,11,9,2,2,,2.0,,1.0,3,1,0_17,False,dependent
donor_h0002162,7,16,17,2,2,1.0,2.0,,1.0,14,1,0_17,False,dependent
donor_h0002162,8,12,11,2,2,,2.0,,1.0,14,1,0_17,False,dependent
donor_h0002163,1,11,66,2,1,2.0,2.0,,2.0,0,1,65_plus,True,generative
donor_h0002164,1,7,60,2,2,2.0,2.0,,2.0,0,2,35_64,True,generative
donor_h0002165,1,6,67,2,2,2.0,2.0,,2.0,0,2,65_plus,True,generative
donor_h0002166,1,7,73,1,2,2.0,2.0,2.0,2.0,0,1,65_plus,True,generative
donor_h0002166,2,8,70,2,2,2.0,2.0,,2.0,1,2,65_plus,True,generative
donor_h0002167,1,11,57,2,2,2.0,2.0,,2.0,0,2,35_64,True,generative
donor_h0002167,2,12,62,2,2,2.0,2.0,,2.0,1,2,35_64,True,generative
donor_h0002168,1,15,41,2,2,2.0,2.0,,2.0,0,2,35_64,True,generative
donor_h0002168,2,15,41,2,2,2.0,2.0,,2.0,1,2,35_64,True,generative
donor_h0002168,3,15,11,2,2,,2.0,,2.0,2,2,0_17,False,dependent
donor_h0002168,4,15,10,2,2,,2.0,,2.0,2,2,0_17,False,dependent
donor_h0002168,5,23,17,2,2,2.0,2.0,,2.0,4,2,0_17,False,dependent
donor_h0002169,1,52,53,2,2,2.0,2.0,,2.0,0,2,35_64,True,generative
donor_h0002169,2,67,11,2,2,,2.0,,1.0,2,1,0_17,False,dependent
donor_h0002170,1,22,50,2,2,2.0,2.0,,2.0,0,2,35_64,True,generative
donor_h0002170,2,18,51,2,2,2.0,2.0,,2.0,1,2,35_64,True,generative
donor_h0002171,1,10,31,2,2,2.0,2.0,,2.0,0,2,18_34,True,generative
donor_h0002172,1,6,33,2,2,2.0,2.0,,2.0,0,2,18_34,True,generative
donor_h0002172,2,8,14,2,2,,2.0,,2.0,2,2,0_17,False,dependent
donor_h0002172,3,8,5,2,2,,2.0,,2.0,2,2,0_17,False,dependent
donor_h0002172,4,10,39,2,2,2.0,2.0,,2.0,12,2,35_64,True,generative
donor_h0002173,1,7,41,2,2,2.0,2.0,,2.0,0,2,35_64,True,generative
donor_h0002173,2,4,34,2,2,2.0,2.0,,2.0,1,2,18_34,True,generative
donor_h0002173,3,5,16,2,2,2.0,2.0,,2.0,2,2,0_17,False,dependent
donor_h0002173,4,6,10,2,2,,2.0,,2.0,2,2,0_17,False,dependent
donor_h0002173,5,6,1,2,2,,,,,2,2,0_17,False,dependent
donor_h0002174,1,9,88,1,2,2.0,2.0,,2.0,0,1,65_plus,True,generative
donor_h0002174,2,15,63,2,2,2.0,2.0,,2.0,1,2,35_64,True,generative
donor_h0002175,1,13,73,2,2,2.0,2.0,,2.0,0,2,65_plus,True,generative
donor_h0002175,2,16,72,2,2,2.0,2.0,,2.0,1,2,65_plus,True,generative
donor_h0002176,1,8,58,2,2,2.0,2.0,,2.0,0,2,35_64,True,generative
donor_h0002176,2,9,56,2,2,2.0,2.0,,2.0,1,2,35_64,True,generative
donor_h0002177,1,15,34,2,2,2.0,2.0,,2.0,0,2,18_34,True,generative
donor_h0002177,2,16,35,2,1,2.0,2.0,,2.0,1,1,35_64,True,generative
donor_h0002177,3,14,3,2,2,,,,,2,2,0_17,False,dependent
donor_h0002178,1,4,52,1,2,2.0,2.0,,2.0,0,1,35_64,True,generative
donor_h0002178,2,4,61,2,2,2.0,2.0,,2.0,1,2,35_64,True,generative
donor_h0002178,3,6,76,2,2,2.0,2.0,,2.0,6,2,65_plus,True,generative
donor_h0002179,1,4,43,2,2,2.0,2.0,,2.0,0,2,35_64,True,generative
donor_h0002180,1,19,84,2,2,2.0,2.0,,2.0,0,2,65_plus,True,generative
donor_h0002181,1,7,57,2,2,2.0,2.0,,2.0,0,2,35_64,True,generative
donor_h0002181,2,8,51,2,2,2.0,2.0,,2.0,1,2,35_64,True,generative
donor_h0002182,1,7,49,2,2,2.0,2.0,,2.0,0,2,35_64,True,generative
donor_h0002182,2,9,47,2,2,2.0,2.0,,2.0,1,2,35_64,True,generative
donor_h0002183,1,20,62,2,2,2.0,2.0,,2.0,0,2,35_64,True,generative
donor_h0002184,1,14,40,2,2,2.0,2.0,,2.0,0,2,35_64,True,generative
donor_h0002184,2,10,32,2,2,2.0,2.0,,2.0,1,2,18_34,True,generative
donor_h0002184,3,13,1,2,2,,,,,2,2,0_17,False,dependent
donor_h0002185,1,10,59,2,2,2.0,2.0,,2.0,0,2,35_64,True,generative
donor_h0002185,2,10,49,2,2,2.0,2.0,,2.0,1,2,35_64,True,generative
donor_h0002185,3,9,17,2,2,2.0,2.0,,2.0,3,2,0_17,False,dependent
donor_h0002185,4,13,14,2,2,,2.0,,2.0,3,2,0_17,False,dependent
donor_h0002186,1,3,57,2,2,2.0,2.0,,2.0,0,2,35_64,True,generative
donor_h0002186,2,11,54,2,2,2.0,2.0,,2.0,1,2,35_64,True,generative
donor_h0002187,1,45,23,2,2,2.0,2.0,,2.0,0,2,18_34,True,generative
donor_h0002187,2,37,21,2,2,2.0,2.0,,2.0,1,2,18_34,True,generative
donor_h0002188,1,10,31,2,2,2.0,2.0,,2.0,0,2,18_34,True,generative
donor_h0002188,2,13,2,2,2,,,,,2,2,0_17,False,dependent
donor_h0002188,3,16,0,2,2,,,,,2,2,0_17,False,dependent
donor_h0002188,4,14,31,2,2,2.0,2.0,,2.0,13,2,18_34,True,generative
donor_h0002189,1,24,27,2,2,2.0,2.0,,2.0,0,2,18_34,True,generative
donor_h0002189,2,10,28,2,2,2.0,2.0,,2.0,1,2,18_34,True,generative
donor_h0002189,3,33,8,2,2,,2.0,,2.0,2,2,0_17,False,dependent
donor_h0002189,4,33,5,2,2,,2.0,,2.0,2,2,0_17,False,dependent
donor_h0002189,5,19,4,2,2,,,,,2,2,0_17,False,dependent
donor_h0002189,6,20,2,2,2,,,,,2,2,0_17,False,dependent
donor_h0002189,7,19,0,2,2,,,,,2,2,0_17,False,dependent
donor_h0002190,1,10,52,2,2,2.0,2.0,,2.0,0,2,35_64,True,generative
donor_h0002190,2,19,28,2,2,2.0,2.0,,2.0,2,2,18_34,True,generative
donor_h0002190,3,21,26,2,2,2.0,2.0,,2.0,2,2,18_34,True,generative
donor_h0002191,1,31,60,2,2,2.0,2.0,,2.0,0,2,35_64,True,generative
donor_h0002191,2,35,62,2,2,2.0,2.0,,2.0,1,2,35_64,True,generative
donor_h0002192,1,3,66,2,2,2.0,2.0,,2.0,0,2,65_plus,True,generative
donor_h0002192,2,1,58,2,2,2.0,2.0,,2.0,1,2,35_64,True,generative
donor_h0002192,3,1,17,2,2,2.0,2.0,,2.0,2,2,0_17,False,dependent
donor_h0002193,1,37,62,2,2,2.0,2.0,,2.0,0,2,35_64,True,generative
donor_h0002193,2,32,63,2,2,2.0,1.0,,2.0,1,1,35_64,True,generative
donor_h0002194,1,8,84,2,2,1.0,1.0,,2.0,0,1,65_plus,True,generative
donor_h0002195,1,27,47,2,2,2.0,2.0,,2.0,0,2,35_64,True,generative
donor_h0002195,2,35,43,2,2,2.0,2.0,,2.0,13,2,35_64,True,generative
donor_h0002196,1,6,52,2,2,2.0,2.0,,2.0,0,2,35_64,True,generative
donor_h0002196,2,7,52,2,2,2.0,2.0,,2.0,1,2,35_64,True,generative
donor_h0002197,1,13,70,2,2,2.0,1.0,,2.0,0,1,65_plus,True,generative
donor_h0002197,2,11,73,1,2,2.0,2.0,,2.0,1,1,65_plus,True,generative
donor_h0002198,1,27,85,2,2,2.0,2.0,,1.0,0,1,65_plus,True,generative
donor_h0002199,1,12,50,2,2,2.0,2.0,,2.0,0,2,35_64,True,generative
donor_h0002200,1,20,18,2,2,2.0,2.0,,2.0,0,2,18_34,True,generative
donor_h0002200,2,42,0,2,2,,,,,2,2,0_17,False,dependent
donor_h0002200,3,13,18,2,2,2.0,2.0,,2.0,13,2,18_34,True,generative
donor_h0002201,1,23,56,2,2,2.0,2.0,,2.0,0,1,35_64,True,generative
donor_h0002201,2,21,57,1,2,1.0,1.0,,2.0,1,1,35_64,True,generative
donor_h0002202,1,12,62,2,2,2.0,2.0,,2.0,0,2,35_64,True,generative
donor_h0002203,1,20,64,2,1,1.0,1.0,,2.0,0,1,35_64,True,generative
donor_h0002204,1,7,60,2,2,2.0,2.0,,2.0,0,2,35_64,True,generative
donor_h0002204,2,4,61,1,2,2.0,2.0,,2.0,1,1,35_64,True,generative
donor_h0002205,1,15,76,1,2,2.0,2.0,2.0,2.0,0,1,65_plus,True,generative
donor_h0002205,2,14,73,2,2,2.0,2.0,,2.0,1,2,65_plus,True,generative
donor_h0002206,1,8,64,2,2,2.0,2.0,,2.0,0,2,35_64,True,generative
donor_h0002206,2,8,63,2,2,1.0,1.0,,1.0,1,1,35_64,True,generative
donor_h0002206,3,9,20,2,2,2.0,2.0,,2.0,7,2,18_34,True,generative
donor_h0002207,1,18,42,2,2,2.0,2.0,,2.0,0,2,35_64,True,generative
donor_h0002207,2,9,13,2,2,,2.0,,2.0,2,2,0_17,False,dependent
donor_h0002208,1,12,65,2,2,2.0,2.0,,2.0,0,2,65_plus,True,generative
donor_h0002208,2,14,65,2,2,2.0,2.0,,2.0,1,2,65_plus,True,generative
donor_h0002209,1,21,44,2,2,2.0,2.0,,2.0,0,2,35_64,True,generative
donor_h0002209,2,20,42,2,2,2.0,2.0,,2.0,1,2,35_64,True,generative
donor_h0002209,3,15,12,2,2,,2.0,,2.0,2,2,0_17,False,dependent
donor_h0002209,4,21,8,2,2,,2.0,,2.0,2,2,0_17,False,dependent
donor_h0002210,1,9,63,2,2,2.0,2.0,,2.0,0,2,35_64,True,generative
donor_h0002210,2,8,63,2,2,2.0,2.0,,2.0,1,2,35_64,True,generative
donor_h0002211,1,35,23,2,2,2.0,2.0,,2.0,0,2,18_34,True,generative
donor_h0002211,2,44,1,2,2,,,,,2,2,0_17,False,dependent
donor_h0002211,3,41,24,2,2,2.0,2.0,,2.0,5,2,18_34,True,generative
donor_h0002212,1,12,56,2,2,2.0,2.0,,2.0,0,2,35_64,True,generative
donor_h0002212,2,12,54,2,2,2.0,2.0,,2.0,1,2,35_64,True,generative
donor_h0002213,1,18,54,2,2,2.0,2.0,,2.0,0,2,35_64,True,generative
donor_h0002213,2,20,53,2,2,2.0,2.0,,2.0,1,2,35_64,True,generative
donor_h0002213,3,31,26,2,2,2.0,1.0,,2.0,2,1,18_34,True,generative
donor_h0002213,4,67,27,2,2,2.0,2.0,,2.0,9,2,18_34,True,generative
donor_h0002214,1,22,60,2,1,2.0,1.0,,2.0,0,1,35_64,True,generative
donor_h0002215,1,7,58,2,2,2.0,2.0,,2.0,0,2,35_64,True,generative
donor_h0002215,2,10,40,2,2,2.0,2.0,,2.0,5,2,35_64,True,generative
donor_h0002215,3,8,48,2,2,2.0,2.0,,2.0,13,2,35_64,True,generative
donor_h0002216,1,13,76,2,2,1.0,1.0,,1.0,0,1,65_plus,True,generative
donor_h0002217,1,13,52,2,2,2.0,2.0,,2.0,0,2,35_64,True,generative
donor_h0002217,2,13,55,2,2,1.0,1.0,5.0,2.0,1,1,35_64,True,generative
donor_h0002218,1,2,58,2,2,2.0,2.0,,2.0,0,2,35_64,True,generative
donor_h0002218,2,2,63,2,2,2.0,2.0,,2.0,1,2,35_64,True,generative
donor_h0002219,1,34,28,2,2,2.0,2.0,,2.0,0,2,18_34,True,generative
donor_h0002220,1,13,33,2,2,2.0,2.0,,2.0,0,2,18_34,True,generative
donor_h0002220,2,10,34,2,2,2.0,2.0,,2.0,1,2,18_34,True,generative
donor_h0002220,3,13,2,2,2,,,,,2,2,0_17,False,dependent
donor_h0002221,1,2,67,1,2,2.0,1.0,2.0,2.0,0,1,65_plus,True,generative
donor_h0002221,2,3,67,2,2,2.0,2.0,,2.0,1,2,65_plus,True,generative
donor_h0002222,1,15,40,2,2,2.0,2.0,,1.0,0,1,35_64,True,generative
donor_h0002222,2,15,42,2,2,2.0,2.0,,2.0,1,2,35_64,True,generative
donor_h0002222,3,15,13,2,2,,2.0,,2.0,2,2,0_17,False,dependent
donor_h0002222,4,13,10,2,2,,2.0,,1.0,2,1,0_17,False,dependent
donor_h0002223,1,11,65,2,2,2.0,2.0,,1.0,0,1,65_plus,True,generative
donor_h0002224,1,21,36,2,2,2.0,2.0,,2.0,0,2,35_64,True,generative
donor_h0002225,1,14,67,2,2,2.0,2.0,,2.0,0,2,65_plus,True,generative
donor_h0002225,2,13,64,2,2,2.0,2.0,,2.0,1,2,35_64,True,generative
donor_h0002226,1,5,41,2,2,2.0,2.0,,2.0,0,2,35_64,True,generative
donor_h0002226,2,5,36,2,2,2.0,2.0,,2.0,1,2,35_64,True,generative
donor_h0002226,3,5,12,2,2,,2.0,,2.0,2,2,0_17,False,dependent
donor_h0002226,4,5,10,2,2,,2.0,,2.0,2,2,0_17,False,dependent
donor_h0002226,5,5,8,2,2,,2.0,,2.0,2,2,0_17,False,dependent
donor_h0002226,6,5,7,2,2,,2.0,,2.0,2,2,0_17,False,dependent
donor_h0002226,7,5,6,2,2,,2.0,,2.0,2,2,0_17,False,dependent
donor_h0002226,8,5,5,2,2,,2.0,,2.0,2,2,0_17,False,dependent
donor_h0002227,1,9,56,2,2,2.0,2.0,,2.0,0,2,35_64,True,generative
donor_h0002227,2,8,55,2,2,2.0,2.0,,2.0,1,2,35_64,True,generative
donor_h0002228,1,14,43,2,2,2.0,2.0,,2.0,0,2,35_64,True,generative
donor_h0002229,1,18,88,2,2,2.0,2.0,,2.0,0,2,65_plus,True,generative
donor_h0002229,2,18,84,2,2,2.0,2.0,,2.0,1,2,65_plus,True,generative
donor_h0002230,1,26,44,2,1,2.0,2.0,,2.0,0,1,35_64,True,generative
donor_h0002230,2,30,22,2,2,2.0,2.0,,2.0,2,2,18_34,True,generative
donor_h0002230,3,18,18,2,2,2.0,2.0,,2.0,2,2,18_34,True,generative
donor_h0002230,4,34,15,2,2,2.0,2.0,,2.0,2,2,0_17,False,dependent
donor_h0002231,1,46,52,2,2,2.0,2.0,,2.0,0,2,35_64,True,generative
donor_h0002231,2,42,53,2,2,2.0,2.0,,2.0,1,2,35_64,True,generative
donor_h0002232,1,15,58,2,2,2.0,2.0,,2.0,0,2,35_64,True,generative
donor_h0002232,2,14,51,2,2,2.0,2.0,,2.0,1,2,35_64,True,generative
donor_h0002233,1,9,50,2,2,2.0,2.0,,2.0,0,2,35_64,True,generative
donor_h0002233,2,14,50,2,2,2.0,2.0,,2.0,13,2,35_64,True,generative
donor_h0002233,3,13,15,2,2,2.0,2.0,,2.0,15,2,0_17,False,dependent
donor_h0002233,4,18,13,2,2,,2.0,,2.0,15,2,0_17,False,dependent
donor_h0002234,1,11,31,2,2,2.0,2.0,,2.0,0,2,18_34,True,generative
donor_h0002234,2,11,45,2,2,1.0,2.0,,1.0,1,1,35_64,True,generative
donor_h0002234,3,15,11,2,2,,2.0,,2.0,2,2,0_17,False,dependent
donor_h0002234,4,15,4,2,2,,,,,2,2,0_17,False,dependent
donor_h0002235,1,17,42,2,2,2.0,2.0,,2.0,0,2,35_64,True,generative
donor_h0002236,1,10,62,2,2,2.0,2.0,,2.0,0,2,35_64,True,generative
donor_h0002237,1,14,78,1,2,2.0,1.0,4.0,2.0,0,1,65_plus,True,generative
donor_h0002237,2,13,67,2,2,2.0,2.0,,2.0,1,2,65_plus,True,generative
donor_h0002238,1,8,49,2,2,2.0,2.0,,2.0,0,2,35_64,True,generative
donor_h0002239,1,21,69,2,2,2.0,2.0,,2.0,0,2,65_plus,True,generative
donor_h0002239,2,24,70,2,2,1.0,1.0,,1.0,1,1,65_plus,True,generative
donor_h0002240,1,41,45,2,2,2.0,2.0,,2.0,0,2,35_64,True,generative
donor_h0002240,2,54,11,2,2,,2.0,,2.0,2,2,0_17,False,dependent
donor_h0002241,1,11,48,2,2,2.0,2.0,,2.0,0,2,35_64,True,generative
donor_h0002242,1,7,71,2,2,2.0,2.0,,2.0,0,2,65_plus,True,generative
donor_h0002242,2,6,73,2,2,2.0,2.0,,2.0,1,2,65_plus,True,generative
donor_h0002243,1,16,38,2,2,2.0,2.0,,2.0,0,2,35_64,True,generative
donor_h0002243,2,15,13,2,2,,2.0,,2.0,2,2,0_17,False,dependent
donor_h0002243,3,16,44,2,2,2.0,2.0,,2.0,13,2,35_64,True,generative
donor_h0002244,1,8,84,2,2,2.0,2.0,,1.0,0,1,65_plus,True,generative
donor_h0002245,1,13,76,1,2,2.0,2.0,,2.0,0,1,65_plus,True,generative
donor_h0002245,2,16,78,2,2,2.0,2.0,,2.0,1,2,65_plus,True,generative
donor_h0002246,1,23,68,2,2,2.0,1.0,5.0,2.0,0,1,65_plus,True,generative
donor_h0002246,2,36,41,2,2,2.0,2.0,,1.0,2,1,35_64,True,generative
donor_h0002246,3,24,15,1,2,1.0,2.0,,2.0,7,1,0_17,False,dependent
donor_h0002246,4,31,12,2,2,,2.0,,2.0,7,2,0_17,False,dependent
donor_h0002246,5,27,53,2,2,2.0,2.0,,2.0,15,2,35_64,True,generative
donor_h0002247,1,7,66,2,2,2.0,2.0,,1.0,0,1,65_plus,True,generative
donor_h0002247,2,9,62,1,1,2.0,1.0,,1.0,15,1,35_64,True,generative
donor_h0002248,1,14,94,1,2,1.0,2.0,,2.0,0,1,65_plus,True,generative
donor_h0002248,2,14,34,2,2,2.0,2.0,,2.0,7,2,18_34,True,generative
donor_h0002248,3,11,31,2,2,2.0,2.0,,2.0,10,2,18_34,True,generative
donor_h0002249,1,9,78,1,2,1.0,1.0,,2.0,0,1,65_plus,True,generative
donor_h0002250,1,12,64,2,2,2.0,2.0,,2.0,0,2,35_64,True,generative
donor_h0002250,2,11,63,2,2,2.0,2.0,,2.0,1,2,35_64,True,generative
donor_h0002251,1,6,64,2,2,2.0,2.0,,2.0,0,2,35_64,True,generative
donor_h0002251,2,7,61,2,2,2.0,1.0,4.0,2.0,1,1,35_64,True,generative
donor_h0002252,1,9,79,2,2,2.0,2.0,,2.0,0,2,65_plus,True,generative
donor_h0002252,2,8,66,2,2,2.0,2.0,,2.0,1,2,65_plus,True,generative
donor_h0002253,1,14,40,2,2,1.0,2.0,2.0,1.0,0,1,35_64,True,generative
donor_h0002253,2,14,38,2,1,1.0,1.0,,1.0,1,1,35_64,True,generative
donor_h0002254,1,3,68,2,1,2.0,2.0,,2.0,0,1,65_plus,True,generative
donor_h0002254,2,3,71,2,2,2.0,2.0,,2.0,1,2,65_plus,True,generative
donor_h0002255,1,12,71,2,2,2.0,2.0,,2.0,0,2,65_plus,True,generative
donor_h0002256,1,7,39,2,2,2.0,2.0,,2.0,0,2,35_64,True,generative
donor_h0002256,2,11,42,2,2,2.0,2.0,,2.0,1,2,35_64,True,generative
donor_h0002256,3,8,10,2,2,,2.0,,2.0,2,2,0_17,False,dependent
donor_h0002256,4,8,8,2,2,,2.0,,2.0,2,2,0_17,False,dependent
donor_h0002257,1,25,54,2,2,2.0,2.0,,2.0,0,2,35_64,True,generative
donor_h0002257,2,23,59,2,2,2.0,2.0,,2.0,1,2,35_64,True,generative
donor_h0002257,3,37,19,2,2,2.0,2.0,,2.0,2,2,18_34,True,generative
donor_h0002258,1,10,86,2,2,2.0,1.0,,2.0,0,1,65_plus,True,generative
donor_h0002259,1,20,82,1,1,1.0,1.0,,2.0,0,1,65_plus,True,generative
donor_h0002259,2,17,84,1,2,1.0,1.0,,2.0,1,1,65_plus,True,generative
donor_h0002260,1,10,56,2,2,2.0,2.0,,2.0,0,2,35_64,True,generative
donor_h0002260,2,11,46,2,2,2.0,2.0,,2.0,1,2,35_64,True,generative
donor_h0002260,3,11,14,2,2,,2.0,,2.0,4,2,0_17,False,dependent
donor_h0002261,1,12,73,2,2,2.0,2.0,,2.0,0,2,65_plus,True,generative
donor_h0002261,2,11,74,2,2,2.0,2.0,,2.0,1,2,65_plus,True,generative
donor_h0002262,1,7,75,2,2,2.0,2.0,,2.0,0,2,65_plus,True,generative
donor_h0002263,1,26,36,2,2,2.0,2.0,1.0,2.0,0,2,35_64,True,generative
donor_h0002264,1,10,50,2,2,2.0,2.0,,2.0,0,2,35_64,True,generative
donor_h0002264,2,11,53,2,2,2.0,2.0,,2.0,1,2,35_64,True,generative
donor_h0002265,1,19,94,2,1,1.0,2.0,,2.0,0,1,65_plus,True,generative
donor_h0002266,1,10,47,2,2,2.0,2.0,,2.0,0,2,35_64,True,generative
donor_h0002266,2,11,39,2,2,2.0,2.0,,2.0,1,2,35_64,True,generative
donor_h0002266,3,13,19,2,2,2.0,2.0,,2.0,2,2,18_34,True,generative
donor_h0002266,4,20,14,2,2,,2.0,,2.0,2,2,0_17,False,dependent
donor_h0002267,1,12,48,2,2,2.0,2.0,,2.0,0,2,35_64,True,generative
donor_h0002267,2,14,44,2,2,2.0,2.0,,2.0,1,2,35_64,True,generative
donor_h0002267,3,14,19,2,2,2.0,2.0,,2.0,4,2,18_34,True,generative
donor_h0002268,1,11,57,2,2,2.0,2.0,,2.0,0,2,35_64,True,generative
donor_h0002268,2,10,61,2,2,2.0,2.0,,2.0,1,2,35_64,True,generative
donor_h0002268,3,19,25,2,2,2.0,2.0,,2.0,2,2,18_34,True,generative
donor_h0002268,4,16,24,2,2,2.0,2.0,,2.0,2,2,18_34,True,generative
donor_h0002269,1,18,62,2,2,2.0,2.0,,2.0,0,2,35_64,True,generative
donor_h0002269,2,29,41,2,2,2.0,2.0,,2.0,2,2,35_64,True,generative
donor_h0002270,1,11,36,2,2,2.0,2.0,,2.0,0,2,35_64,True,generative
donor_h0002270,2,10,38,2,2,2.0,2.0,,2.0,1,2,35_64,True,generative
donor_h0002270,3,11,4,2,2,,,,,2,2,0_17,False,dependent
donor_h0002270,4,11,2,2,2,,,,,2,2,0_17,False,dependent
donor_h0002270,5,11,20,2,2,2.0,2.0,,2.0,4,2,18_34,True,generative
donor_h0002271,1,15,94,1,2,2.0,1.0,,2.0,0,1,65_plus,True,generative
donor_h0002272,1,35,58,2,2,2.0,2.0,,1.0,0,1,35_64,True,generative
donor_h0002273,1,43,34,2,2,2.0,2.0,,2.0,0,2,18_34,True,generative
donor_h0002273,2,43,31,2,2,2.0,2.0,,2.0,13,2,18_34,True,generative
donor_h0002274,1,2,42,2,2,2.0,2.0,,2.0,0,2,35_64,True,generative
donor_h0002274,2,3,37,2,2,2.0,2.0,,2.0,1,2,35_64,True,generative
donor_h0002274,3,2,15,2,2,2.0,2.0,,2.0,2,2,0_17,False,dependent
donor_h0002274,4,2,14,2,2,,2.0,,2.0,2,2,0_17,False,dependent
donor_h0002274,5,3,10,2,2,,2.0,,2.0,2,2,0_17,False,dependent
donor_h0002275,1,4,56,2,2,2.0,2.0,,2.0,0,2,35_64,True,generative
donor_h0002275,2,5,55,2,2,2.0,2.0,,2.0,1,2,35_64,True,generative
donor_h0002276,1,9,44,2,2,2.0,2.0,,2.0,0,2,35_64,True,generative
donor_h0002276,2,7,50,2,2,2.0,2.0,,2.0,1,2,35_64,True,generative
donor_h0002276,3,7,18,2,2,2.0,2.0,,2.0,2,2,18_34,True,generative
donor_h0002276,4,7,16,2,2,2.0,2.0,,2.0,2,2,0_17,False,dependent
donor_h0002277,1,38,51,2,2,2.0,2.0,,2.0,0,2,35_64,True,generative
donor_h0002277,2,34,52,2,2,2.0,2.0,,2.0,1,2,35_64,True,generative
donor_h0002278,1,21,49,2,2,2.0,2.0,,2.0,0,2,35_64,True,generative
donor_h0002279,1,7,78,2,2,2.0,2.0,,2.0,0,2,65_plus,True,generative
donor_h0002280,1,4,56,2,2,2.0,2.0,,2.0,0,2,35_64,True,generative
donor_h0002280,2,7,16,2,2,2.0,2.0,,2.0,2,2,0_17,False,dependent
donor_h0002280,3,8,13,2,2,,2.0,,2.0,2,2,0_17,False,dependent
donor_h0002280,4,5,53,2,2,2.0,2.0,,2.0,5,2,35_64,True,generative
donor_h0002280,5,4,17,2,2,2.0,2.0,,2.0,10,2,0_17,False,dependent
donor_h0002281,1,13,29,2,2,2.0,2.0,,2.0,0,2,18_34,True,generative
donor_h0002281,2,14,29,2,2,2.0,2.0,,2.0,1,2,18_34,True,generative
donor_h0002281,3,12,4,2,2,,,,,2,2,0_17,False,dependent
donor_h0002281,4,10,0,2,2,,,,,2,2,0_17,False,dependent
donor_h0002282,1,5,73,2,2,2.0,2.0,,2.0,0,2,65_plus,True,generative
donor_h0002282,2,5,76,2,2,2.0,2.0,,2.0,1,2,65_plus,True,generative
donor_h0002283,1,13,66,2,2,2.0,2.0,,2.0,0,2,65_plus,True,generative
donor_h0002283,2,15,67,2,2,2.0,2.0,,2.0,1,2,65_plus,True,generative
donor_h0002284,1,12,71,2,2,2.0,2.0,,2.0,0,2,65_plus,True,generative
donor_h0002284,2,14,69,2,2,2.0,2.0,,2.0,1,2,65_plus,True,generative
donor_h0002285,1,32,45,1,2,2.0,2.0,,2.0,0,1,35_64,True,generative
donor_h0002286,1,13,65,2,2,2.0,2.0,,2.0,0,2,65_plus,True,generative
donor_h0002286,2,17,75,2,2,2.0,1.0,,2.0,1,1,65_plus,True,generative
donor_h0002287,1,17,69,2,2,2.0,2.0,,2.0,0,2,65_plus,True,generative
donor_h0002287,2,21,67,2,2,2.0,2.0,,2.0,1,2,65_plus,True,generative
donor_h0002288,1,7,53,2,2,2.0,1.0,2.0,2.0,0,1,35_64,True,generative
donor_h0002288,2,7,17,2,2,2.0,2.0,,2.0,4,2,0_17,False,dependent
donor_h0002288,3,8,52,2,2,2.0,2.0,,2.0,13,2,35_64,True,generative
donor_h0002289,1,5,65,2,2,1.0,1.0,,2.0,0,1,65_plus,True,generative
donor_h0002290,1,25,44,2,2,2.0,2.0,,1.0,0,1,35_64,True,generative
donor_h0002291,1,7,67,2,2,2.0,2.0,,2.0,0,2,65_plus,True,generative
donor_h0002291,2,5,66,2,2,2.0,2.0,,2.0,1,2,65_plus,True,generative
donor_h0002292,1,7,65,2,2,2.0,2.0,,2.0,0,2,65_plus,True,generative
donor_h0002293,1,12,53,2,2,2.0,2.0,,2.0,0,2,35_64,True,generative
donor_h0002293,2,13,52,2,2,2.0,2.0,,2.0,1,2,35_64,True,generative
donor_h0002293,3,17,24,2,2,1.0,2.0,,1.0,2,1,18_34,True,generative
donor_h0002294,1,19,87,2,2,2.0,2.0,,2.0,0,2,65_plus,True,generative
donor_h0002294,2,15,60,2,2,2.0,2.0,,1.0,13,1,35_64,True,generative
donor_h0002295,1,11,52,2,2,2.0,2.0,,2.0,0,2,35_64,True,generative
donor_h0002295,2,14,13,2,2,,2.0,,2.0,2,2,0_17,False,dependent
donor_h0002295,3,12,61,2,2,2.0,2.0,,2.0,5,2,35_64,True,generative
donor_h0002296,1,15,32,2,2,2.0,2.0,,2.0,0,2,18_34,True,generative
donor_h0002296,2,23,13,2,2,,2.0,,2.0,2,2,0_17,False,dependent
donor_h0002296,3,16,11,2,2,,2.0,,2.0,2,2,0_17,False,dependent
donor_h0002296,4,22,13,2,2,,2.0,,2.0,4,2,0_17,False,dependent
donor_h0002296,5,23,11,2,2,,2.0,,2.0,4,2,0_17,False,dependent
donor_h0002296,6,36,30,2,2,2.0,2.0,,2.0,10,2,18_34,True,generative
donor_h0002296,7,31,33,2,2,2.0,2.0,,2.0,13,2,18_34,True,generative
donor_h0002297,1,7,47,2,2,2.0,2.0,,2.0,0,2,35_64,True,generative
donor_h0002297,2,8,30,2,2,2.0,2.0,,2.0,15,2,18_34,True,generative
donor_h0002297,3,9,2,2,2,,,,,15,2,0_17,False,dependent
donor_h0002298,1,12,31,2,2,2.0,2.0,,2.0,0,2,18_34,True,generative
donor_h0002298,2,16,6,2,2,,2.0,,2.0,2,2,0_17,False,dependent
donor_h0002299,1,10,28,2,2,2.0,2.0,,2.0,0,2,18_34,True,generative
donor_h0002300,1,23,61,1,2,2.0,2.0,,2.0,0,1,35_64,True,generative
donor_h0002300,2,19,61,2,2,2.0,2.0,,2.0,1,2,35_64,True,generative
donor_h0002300,3,42,31,2,2,2.0,2.0,,2.0,2,2,18_34,True,generative
donor_h0002301,1,5,80,2,2,2.0,2.0,,2.0,0,2,65_plus,True,generative
donor_h0002301,2,4,56,2,2,2.0,2.0,,2.0,2,2,35_64,True,generative
donor_h0002302,1,3,67,2,2,2.0,2.0,,2.0,0,2,65_plus,True,generative
donor_h0002302,2,4,35,2,2,2.0,2.0,,2.0,7,2,35_64,True,generative
donor_h0002303,1,14,57,1,2,2.0,2.0,5.0,1.0,0,1,35_64,True,generative
donor_h0002304,1,36,60,2,2,2.0,2.0,,2.0,0,2,35_64,True,generative
donor_h0002305,1,6,59,2,2,1.0,1.0,,1.0,0,1,35_64,True,generative
donor_h0002306,1,36,72,1,2,1.0,1.0,,1.0,0,1,65_plus,True,generative
donor_h0002306,2,41,70,2,2,2.0,1.0,,2.0,1,1,65_plus,True,generative
donor_h0002307,1,10,21,2,2,2.0,2.0,,2.0,0,2,18_34,True,generative
donor_h0002307,2,12,23,2,2,2.0,2.0,,2.0,12,2,18_34,True,generative
donor_h0002307,3,12,21,2,2,2.0,2.0,,2.0,12,2,18_34,True,generative
donor_h0002307,4,12,18,2,2,2.0,2.0,,2.0,12,2,18_34,True,generative
donor_h0002308,1,2,63,2,2,2.0,2.0,,2.0,0,2,35_64,True,generative
donor_h0002309,1,7,63,2,2,2.0,2.0,,2.0,0,2,35_64,True,generative
donor_h0002309,2,8,63,2,2,2.0,2.0,,2.0,1,2,35_64,True,generative
donor_h0002309,3,12,27,2,2,2.0,2.0,,2.0,2,2,18_34,True,generative
donor_h0002310,1,2,31,2,2,2.0,2.0,,2.0,0,2,18_34,True,generative
donor_h0002311,1,16,25,2,2,2.0,2.0,,2.0,0,2,18_34,True,generative
donor_h0002311,2,18,27,2,2,2.0,2.0,,2.0,1,2,18_34,True,generative
donor_h0002312,1,11,20,2,2,2.0,2.0,,2.0,0,2,18_34,True,generative
donor_h0002312,2,18,26,2,2,2.0,2.0,,2.0,1,2,18_34,True,generative
donor_h0002313,1,42,47,2,1,2.0,2.0,,2.0,0,1,35_64,True,generative
donor_h0002313,2,36,17,2,2,2.0,2.0,,2.0,2,2,0_17,False,dependent
donor_h0002313,3,44,8,2,2,,2.0,,2.0,7,2,0_17,False,dependent
donor_h0002313,4,46,6,2,2,,2.0,,2.0,7,2,0_17,False,dependent
donor_h0002314,1,12,57,2,2,2.0,2.0,,2.0,0,2,35_64,True,generative
donor_h0002315,1,15,78,2,2,2.0,2.0,,2.0,0,2,65_plus,True,generative
donor_h0002315,2,17,82,2,1,1.0,1.0,,1.0,1,1,65_plus,True,generative
donor_h0002315,3,15,55,2,2,2.0,2.0,,2.0,2,2,35_64,True,generative
donor_h0002316,1,7,73,2,2,1.0,1.0,,1.0,0,1,65_plus,True,generative
donor_h0002316,2,13,43,2,2,2.0,2.0,,2.0,2,2,35_64,True,generative
donor_h0002317,1,18,66,2,2,2.0,2.0,,2.0,0,2,65_plus,True,generative
donor_h0002318,1,21,25,2,2,2.0,2.0,,2.0,0,2,18_34,True,generative
donor_h0002319,1,32,27,2,2,2.0,2.0,,2.0,0,2,18_34,True,generative
donor_h0002319,2,29,7,2,2,,2.0,,2.0,2,2,0_17,False,dependent
donor_h0002319,3,26,3,2,2,,,,,2,2,0_17,False,dependent
donor_h0002319,4,29,37,2,2,2.0,2.0,,2.0,13,2,35_64,True,generative
donor_h0002320,1,20,69,2,2,2.0,2.0,5.0,2.0,0,2,65_plus,True,generative
donor_h0002320,2,24,69,2,2,2.0,2.0,,2.0,1,2,65_plus,True,generative
donor_h0002321,1,14,43,2,1,1.0,2.0,,1.0,0,1,35_64,True,generative
donor_h0002322,1,31,61,2,2,2.0,2.0,,2.0,0,2,35_64,True,generative
donor_h0002322,2,30,65,2,2,2.0,2.0,,2.0,1,2,65_plus,True,generative
donor_h0002323,1,12,52,2,2,2.0,2.0,,2.0,0,2,35_64,True,generative
donor_h0002323,2,15,47,2,2,2.0,2.0,,2.0,1,2,35_64,True,generative
donor_h0002324,1,2,72,2,2,2.0,2.0,,2.0,0,2,65_plus,True,generative
donor_h0002325,1,15,80,2,2,2.0,2.0,,2.0,0,2,65_plus,True,generative
donor_h0002326,1,41,64,2,2,2.0,2.0,,2.0,0,2,35_64,True,generative
donor_h0002326,2,37,62,2,2,2.0,2.0,,2.0,1,2,35_64,True,generative
donor_h0002327,1,5,74,1,2,2.0,1.0,,2.0,0,1,65_plus,True,generative
donor_h0002327,2,5,73,2,2,2.0,2.0,,2.0,1,2,65_plus,True,generative
donor_h0002328,1,14,44,2,2,2.0,2.0,,2.0,0,2,35_64,True,generative
donor_h0002328,2,11,18,2,2,2.0,2.0,,2.0,2,2,18_34,True,generative
donor_h0002328,3,13,13,2,1,,2.0,,1.0,3,1,0_17,False,dependent
donor_h0002329,1,8,64,2,2,2.0,2.0,,2.0,0,2,35_64,True,generative
donor_h0002329,2,8,50,2,2,2.0,2.0,,2.0,1,2,35_64,True,generative
donor_h0002330,1,44,75,2,2,2.0,2.0,,2.0,0,2,65_plus,True,generative
donor_h0002330,2,50,75,1,1,1.0,1.0,,2.0,1,1,65_plus,True,generative
donor_h0002331,1,19,31,2,2,2.0,2.0,,2.0,0,2,18_34,True,generative
donor_h0002331,2,25,34,2,2,2.0,2.0,,2.0,1,2,18_34,True,generative
donor_h0002331,3,27,4,2,2,,,,,2,2,0_17,False,dependent
donor_h0002331,4,24,2,2,2,,,,,2,2,0_17,False,dependent
donor_h0002332,1,30,69,2,2,2.0,2.0,,2.0,0,2,65_plus,True,generative
donor_h0002332,2,29,64,1,2,2.0,2.0,,2.0,1,1,35_64,True,generative
donor_h0002333,1,12,68,2,2,2.0,2.0,,2.0,0,2,65_plus,True,generative
donor_h0002334,1,11,74,2,2,1.0,1.0,,2.0,0,1,65_plus,True,generative
donor_h0002334,2,14,74,2,2,2.0,2.0,,2.0,1,2,65_plus,True,generative
donor_h0002335,1,19,73,2,2,2.0,2.0,,2.0,0,2,65_plus,True,generative
donor_h0002336,1,14,84,2,2,2.0,2.0,,2.0,0,2,65_plus,True,generative
donor_h0002336,2,16,81,2,2,2.0,2.0,,1.0,1,1,65_plus,True,generative
donor_h0002336,3,13,52,2,2,2.0,2.0,,2.0,2,2,35_64,True,generative
donor_h0002337,1,33,56,2,2,2.0,2.0,,2.0,0,2,35_64,True,generative
donor_h0002338,1,8,73,2,2,2.0,2.0,,2.0,0,2,65_plus,True,generative
donor_h0002338,2,7,74,2,2,2.0,2.0,,2.0,1,2,65_plus,True,generative
donor_h0002338,3,14,27,2,2,2.0,2.0,,2.0,7,2,18_34,True,generative
donor_h0002339,1,16,35,2,2,2.0,2.0,,2.0,0,2,35_64,True,generative
donor_h0002339,2,10,31,2,2,2.0,2.0,,2.0,1,2,18_34,True,generative
donor_h0002339,3,13,2,2,2,,,,,2,2,0_17,False,dependent
donor_h0002339,4,15,1,2,2,,,,,2,2,0_17,False,dependent
donor_h0002340,1,16,50,2,2,2.0,2.0,,2.0,0,2,35_64,True,generative
donor_h0002340,2,19,44,2,2,2.0,2.0,,2.0,1,2,35_64,True,generative
donor_h0002341,1,11,62,2,2,2.0,2.0,,2.0,0,2,35_64,True,generative
donor_h0002342,1,19,59,2,2,2.0,2.0,,2.0,0,2,35_64,True,generative
donor_h0002342,2,19,73,2,2,1.0,2.0,,2.0,1,1,65_plus,True,generative
donor_h0002343,1,6,59,2,2,2.0,2.0,,2.0,0,2,35_64,True,generative
donor_h0002344,1,7,65,2,2,2.0,2.0,,2.0,0,2,65_plus,True,generative
donor_h0002344,2,6,69,2,2,2.0,1.0,,2.0,1,1,65_plus,True,generative
donor_h0002345,1,17,27,2,2,2.0,2.0,,2.0,0,2,18_34,True,generative
donor_h0002345,2,21,29,2,2,2.0,2.0,,2.0,1,2,18_34,True,generative
donor_h0002345,3,23,5,2,2,,2.0,,2.0,2,2,0_17,False,dependent
donor_h0002345,4,15,1,2,2,,,,,2,2,0_17,False,dependent
donor_h0002345,5,24,9,2,2,,2.0,,2.0,3,2,0_17,False,dependent
donor_h0002346,1,2,54,2,2,2.0,2.0,,2.0,0,2,35_64,True,generative
donor_h0002346,2,3,56,2,2,2.0,2.0,,2.0,1,2,35_64,True,generative
donor_h0002347,1,11,53,2,2,2.0,2.0,,2.0,0,2,35_64,True,generative
donor_h0002347,2,12,19,2,2,2.0,2.0,,1.0,2,1,18_34,True,generative
donor_h0002347,3,11,18,2,2,2.0,2.0,,2.0,2,2,18_34,True,generative
donor_h0002347,4,15,45,2,2,2.0,2.0,,2.0,15,2,35_64,True,generative
donor_h0002348,1,12,74,2,2,2.0,2.0,,2.0,0,2,65_plus,True,generative
donor_h0002348,2,14,72,2,2,2.0,2.0,,2.0,1,2,65_plus,True,generative
donor_h0002349,1,7,67,2,2,2.0,2.0,,2.0,0,2,65_plus,True,generative
donor_h0002349,2,8,68,2,2,2.0,2.0,,2.0,1,2,65_plus,True,generative
donor_h0002350,1,8,65,2,2,1.0,2.0,,2.0,0,1,65_plus,True,generative
donor_h0002351,1,13,23,2,2,2.0,2.0,,2.0,0,2,18_34,True,generative
donor_h0002351,2,16,2,2,2,,,,,2,2,0_17,False,dependent
donor_h0002351,3,10,23,2,2,1.0,1.0,,1.0,10,1,18_34,True,generative
donor_h0002352,1,11,58,2,2,2.0,2.0,,2.0,0,2,35_64,True,generative
donor_h0002352,2,10,57,2,2,2.0,2.0,,2.0,1,2,35_64,True,generative
donor_h0002353,1,26,48,2,2,2.0,2.0,,2.0,0,2,35_64,True,generative
donor_h0002353,2,22,47,2,2,2.0,2.0,,2.0,1,2,35_64,True,generative
donor_h0002353,3,22,15,2,2,2.0,2.0,,2.0,2,2,0_17,False,dependent
donor_h0002353,4,29,13,2,2,,2.0,,2.0,2,2,0_17,False,dependent
donor_h0002354,1,14,68,2,1,2.0,1.0,5.0,2.0,0,1,65_plus,True,generative
donor_h0002354,2,16,70,2,1,2.0,2.0,,2.0,1,1,65_plus,True,generative
donor_h0002355,1,13,71,2,2,2.0,2.0,,2.0,0,2,65_plus,True,generative
donor_h0002355,2,14,52,2,2,1.0,2.0,,1.0,2,1,35_64,True,generative
donor_h0002356,1,8,32,2,2,2.0,2.0,,2.0,0,2,18_34,True,generative
donor_h0002356,2,10,29,2,2,2.0,2.0,,2.0,1,2,18_34,True,generative
donor_h0002356,3,8,0,2,2,,,,,2,2,0_17,False,dependent
donor_h0002357,1,48,61,2,2,2.0,1.0,,2.0,0,1,35_64,True,generative
donor_h0002358,1,8,70,2,2,2.0,2.0,,2.0,0,2,65_plus,True,generative
donor_h0002359,1,14,64,1,2,2.0,2.0,,2.0,0,1,35_64,True,generative
donor_h0002360,1,13,46,2,2,2.0,2.0,,2.0,0,2,35_64,True,generative
donor_h0002360,2,15,41,2,2,2.0,2.0,,2.0,13,2,35_64,True,generative
donor_h0002361,1,12,63,2,2,2.0,2.0,,2.0,0,2,35_64,True,generative
donor_h0002361,2,12,51,2,2,2.0,2.0,,2.0,1,2,35_64,True,generative
donor_h0002362,1,2,63,2,2,2.0,2.0,,2.0,0,2,35_64,True,generative
donor_h0002362,2,2,67,2,2,2.0,1.0,,2.0,1,1,65_plus,True,generative
donor_h0002363,1,7,65,2,2,1.0,1.0,,2.0,0,1,65_plus,True,generative
donor_h0002364,1,7,54,2,2,2.0,2.0,3.0,2.0,0,2,35_64,True,generative
donor_h0002365,1,11,67,2,2,2.0,2.0,,2.0,0,2,65_plus,True,generative
donor_h0002365,2,11,59,2,2,2.0,2.0,,2.0,1,2,35_64,True,generative
donor_h0002366,1,4,53,2,2,2.0,2.0,,2.0,0,2,35_64,True,generative
donor_h0002366,2,5,33,2,2,2.0,2.0,,2.0,2,2,18_34,True,generative
donor_h0002367,1,9,51,2,2,2.0,2.0,,2.0,0,2,35_64,True,generative
donor_h0002367,2,9,60,2,2,2.0,2.0,,2.0,1,2,35_64,True,generative
donor_h0002368,1,7,68,2,2,2.0,2.0,,2.0,0,2,65_plus,True,generative
donor_h0002368,2,8,65,2,2,2.0,2.0,,2.0,1,2,65_plus,True,generative
donor_h0002369,1,12,61,2,2,1.0,1.0,5.0,1.0,0,1,35_64,True,generative
donor_h0002369,2,12,58,2,2,2.0,1.0,,2.0,1,1,35_64,True,generative
donor_h0002370,1,22,66,2,2,2.0,2.0,,2.0,0,2,65_plus,True,generative
donor_h0002370,2,19,68,2,2,2.0,2.0,,2.0,1,2,65_plus,True,generative
donor_h0002371,1,4,36,2,2,2.0,2.0,,2.0,0,2,35_64,True,generative
donor_h0002371,2,4,39,2,2,2.0,2.0,,2.0,1,2,35_64,True,generative
donor_h0002371,3,3,10,2,2,,2.0,,2.0,2,2,0_17,False,dependent
donor_h0002371,4,4,8,2,2,,2.0,,2.0,2,2,0_17,False,dependent
donor_h0002372,1,6,54,2,2,2.0,2.0,,2.0,0,2,35_64,True,generative
donor_h0002372,2,7,53,2,2,2.0,2.0,,2.0,1,2,35_64,True,generative
donor_h0002373,1,20,61,2,2,2.0,1.0,,2.0,0,1,35_64,True,generative
donor_h0002373,2,20,49,2,2,1.0,1.0,,1.0,1,1,35_64,True,generative
donor_h0002374,1,13,54,2,1,1.0,2.0,,1.0,0,1,35_64,True,generative
donor_h0002374,2,12,16,2,2,2.0,2.0,,1.0,2,1,0_17,False,dependent
donor_h0002375,1,15,59,2,2,2.0,2.0,,2.0,0,2,35_64,True,generative
donor_h0002376,1,17,83,2,2,2.0,2.0,,2.0,0,2,65_plus,True,generative
donor_h0002376,2,12,52,2,2,2.0,2.0,,2.0,2,2,35_64,True,generative
donor_h0002377,1,8,40,2,2,2.0,2.0,,2.0,0,2,35_64,True,generative
donor_h0002377,2,9,40,2,2,2.0,2.0,,2.0,1,2,35_64,True,generative
donor_h0002377,3,8,15,2,2,2.0,2.0,,2.0,2,2,0_17,False,dependent
donor_h0002377,4,12,13,2,2,,2.0,,2.0,2,2,0_17,False,dependent
donor_h0002377,5,12,11,2,2,,2.0,,2.0,2,2,0_17,False,dependent
donor_h0002377,6,7,17,2,2,2.0,2.0,,2.0,4,2,0_17,False,dependent
donor_h0002377,7,7,10,2,2,,2.0,,2.0,4,2,0_17,False,dependent
donor_h0002378,1,7,47,2,2,2.0,2.0,,2.0,0,2,35_64,True,generative
donor_h0002378,2,5,53,2,2,2.0,2.0,,2.0,13,2,35_64,True,generative
donor_h0002379,1,5,71,2,2,2.0,2.0,,2.0,0,2,65_plus,True,generative
donor_h0002379,2,5,70,2,2,2.0,2.0,,2.0,1,2,65_plus,True,generative
donor_h0002380,1,2,71,1,2,1.0,1.0,5.0,1.0,0,1,65_plus,True,generative
donor_h0002380,2,2,49,2,2,2.0,2.0,,1.0,10,1,35_64,True,generative
donor_h0002380,3,3,45,2,1,2.0,2.0,,2.0,15,1,35_64,True,generative
donor_h0002381,1,5,54,2,2,2.0,2.0,,2.0,0,2,35_64,True,generative
donor_h0002381,2,7,55,2,2,2.0,2.0,,2.0,1,2,35_64,True,generative
donor_h0002381,3,8,23,2,2,2.0,2.0,,2.0,2,2,18_34,True,generative
donor_h0002382,1,16,78,2,2,2.0,2.0,2.0,2.0,0,2,65_plus,True,generative
donor_h0002382,2,18,75,2,2,2.0,2.0,,2.0,1,2,65_plus,True,generative
donor_h0002383,1,17,26,1,2,1.0,2.0,,1.0,0,1,18_34,True,generative
donor_h0002383,2,13,32,1,2,2.0,1.0,,2.0,1,1,18_34,True,generative
donor_h0002383,3,15,6,2,2,,2.0,,2.0,2,2,0_17,False,dependent
donor_h0002383,4,15,5,1,2,,1.0,,1.0,2,1,0_17,False,dependent
donor_h0002383,5,15,3,2,2,,,,,2,2,0_17,False,dependent
donor_h0002383,6,13,1,2,2,,,,,2,2,0_17,False,dependent
donor_h0002384,1,5,67,2,2,2.0,2.0,,2.0,0,2,65_plus,True,generative
donor_h0002384,2,7,70,1,2,2.0,2.0,,2.0,1,1,65_plus,True,generative
donor_h0002385,1,7,59,1,2,2.0,2.0,,2.0,0,1,35_64,True,generative
donor_h0002386,1,14,49,2,2,2.0,1.0,,2.0,0,1,35_64,True,generative
donor_h0002386,2,13,57,2,2,2.0,2.0,,2.0,1,2,35_64,True,generative
donor_h0002386,3,15,26,2,2,2.0,2.0,,2.0,15,2,18_34,True,generative
donor_h0002386,4,18,26,2,2,2.0,2.0,,2.0,15,2,18_34,True,generative
donor_h0002387,1,7,52,2,2,2.0,2.0,,2.0,0,2,35_64,True,generative
donor_h0002387,2,23,42,2,2,2.0,2.0,,2.0,1,2,35_64,True,generative
donor_h0002387,3,27,18,2,2,2.0,2.0,,2.0,2,2,18_34,True,generative
donor_h0002387,4,17,10,2,2,,2.0,,2.0,2,2,0_17,False,dependent
donor_h0002388,1,11,57,2,2,2.0,2.0,,2.0,0,2,35_64,True,generative
donor_h0002388,2,11,52,2,2,2.0,2.0,,2.0,1,2,35_64,True,generative
donor_h0002388,3,14,73,1,2,2.0,1.0,,2.0,6,1,65_plus,True,generative
donor_h0002389,1,7,32,2,2,2.0,2.0,,2.0,0,2,18_34,True,generative
donor_h0002389,2,8,32,2,2,2.0,2.0,,2.0,13,2,18_34,True,generative
donor_h0002389,3,21,7,2,2,,2.0,,2.0,15,2,0_17,False,dependent
donor_h0002389,4,21,6,2,2,,2.0,,2.0,15,2,0_17,False,dependent
donor_h0002390,1,7,57,2,2,2.0,2.0,,2.0,0,2,35_64,True,generative
donor_h0002390,2,8,55,2,2,2.0,2.0,,2.0,1,2,35_64,True,generative
donor_h0002391,1,26,37,2,2,2.0,2.0,1.0,2.0,0,2,35_64,True,generative
donor_h0002392,1,8,30,2,2,2.0,2.0,,2.0,0,2,18_34,True,generative
donor_h0002392,2,11,26,2,2,2.0,2.0,,2.0,13,2,18_34,True,generative
donor_h0002393,1,35,58,2,2,2.0,2.0,,2.0,0,2,35_64,True,generative
donor_h0002393,2,33,63,2,2,2.0,2.0,,2.0,1,2,35_64,True,generative
donor_h0002394,1,5,65,2,2,2.0,2.0,,2.0,0,2,65_plus,True,generative
donor_h0002394,2,5,64,2,2,2.0,2.0,,2.0,1,2,35_64,True,generative
donor_h0002395,1,13,55,2,2,1.0,1.0,,2.0,0,1,35_64,True,generative
donor_h0002395,2,16,13,2,2,,2.0,,1.0,7,1,0_17,False,dependent
donor_h0002396,1,14,69,1,2,2.0,2.0,,2.0,0,1,65_plus,True,generative
donor_h0002397,1,6,61,2,2,2.0,2.0,,2.0,0,2,35_64,True,generative
donor_h0002397,2,6,54,2,2,2.0,2.0,,2.0,1,2,35_64,True,generative
donor_h0002398,1,8,60,2,2,2.0,2.0,,2.0,0,2,35_64,True,generative
donor_h0002399,1,11,61,2,2,1.0,1.0,,2.0,0,1,35_64,True,generative
donor_h0002399,2,10,66,1,2,2.0,1.0,,2.0,1,1,65_plus,True,generative
donor_h0002400,1,15,86,2,2,1.0,1.0,,2.0,0,1,65_plus,True,generative
donor_h0002400,2,14,61,2,2,2.0,2.0,,2.0,2,2,35_64,True,generative
donor_h0002401,1,8,67,2,2,2.0,2.0,,2.0,0,2,65_plus,True,generative
donor_h0002401,2,7,63,2,2,2.0,2.0,,2.0,1,2,35_64,True,generative
donor_h0002402,1,27,78,2,2,2.0,2.0,,2.0,0,2,65_plus,True,generative
donor_h0002402,2,30,84,2,2,2.0,2.0,,2.0,1,2,65_plus,True,generative
donor_h0002403,1,22,34,2,2,2.0,2.0,3.0,2.0,0,2,18_34,True,generative
donor_h0002403,2,17,30,2,2,2.0,2.0,,2.0,1,2,18_34,True,generative
donor_h0002403,3,22,11,2,2,,2.0,,2.0,2,2,0_17,False,dependent
donor_h0002403,4,25,7,2,2,,2.0,,2.0,2,2,0_17,False,dependent
donor_h0002404,1,5,65,2,2,2.0,2.0,,2.0,0,2,65_plus,True,generative
donor_h0002404,2,4,68,2,2,2.0,2.0,,2.0,1,2,65_plus,True,generative
donor_h0002405,1,5,84,2,2,2.0,2.0,,2.0,0,2,65_plus,True,generative
donor_h0002405,2,4,84,2,2,2.0,2.0,,2.0,1,2,65_plus,True,generative
donor_h0002406,1,10,75,2,2,2.0,2.0,,2.0,0,2,65_plus,True,generative
donor_h0002407,1,9,73,2,2,2.0,2.0,,2.0,0,2,65_plus,True,generative
donor_h0002408,1,9,64,2,2,2.0,2.0,,2.0,0,2,35_64,True,generative
donor_h0002408,2,8,64,2,2,2.0,2.0,,2.0,1,2,35_64,True,generative
donor_h0002409,1,33,64,2,2,2.0,2.0,,2.0,0,2,35_64,True,generative
donor_h0002409,2,55,86,1,1,2.0,1.0,,1.0,6,1,65_plus,True,generative
donor_h0002409,3,59,27,2,2,1.0,2.0,,1.0,10,1,18_34,True,generative
donor_h0002410,1,27,22,2,2,2.0,2.0,,2.0,0,2,18_34,True,generative
donor_h0002410,2,26,23,2,2,2.0,2.0,,2.0,13,2,18_34,True,generative
donor_h0002411,1,14,73,2,2,2.0,2.0,,2.0,0,2,65_plus,True,generative
donor_h0002411,2,12,73,1,2,2.0,2.0,,2.0,1,1,65_plus,True,generative
donor_h0002412,1,16,50,2,2,2.0,2.0,,2.0,0,2,35_64,True,generative
donor_h0002412,2,15,63,2,2,2.0,2.0,,2.0,1,2,35_64,True,generative
donor_h0002413,1,30,75,2,2,2.0,2.0,,2.0,0,2,65_plus,True,generative
donor_h0002413,2,26,77,2,2,2.0,2.0,,2.0,1,2,65_plus,True,generative
donor_h0002414,1,10,60,2,2,2.0,2.0,,2.0,0,2,35_64,True,generative
donor_h0002415,1,6,80,2,2,2.0,2.0,,2.0,0,2,65_plus,True,generative
donor_h0002416,1,16,80,2,2,1.0,1.0,,2.0,0,1,65_plus,True,generative
donor_h0002417,1,16,88,1,2,1.0,1.0,,1.0,0,1,65_plus,True,generative
donor_h0002417,2,15,61,2,2,2.0,2.0,,2.0,2,2,35_64,True,generative
donor_h0002418,1,46,71,1,1,2.0,2.0,,2.0,0,1,65_plus,True,generative
donor_h0002418,2,46,64,2,2,1.0,1.0,,2.0,10,1,35_64,True,generative
donor_h0002419,1,20,45,2,2,2.0,2.0,,2.0,0,2,35_64,True,generative
donor_h0002419,2,26,43,2,2,2.0,2.0,,2.0,1,2,35_64,True,generative
donor_h0002419,3,20,16,2,2,2.0,2.0,,2.0,2,2,0_17,False,dependent
donor_h0002419,4,24,12,2,2,,2.0,,2.0,2,2,0_17,False,dependent
donor_h0002420,1,50,42,2,2,2.0,2.0,,2.0,0,2,35_64,True,generative
donor_h0002420,2,50,43,2,2,2.0,2.0,,2.0,1,2,35_64,True,generative
donor_h0002421,1,13,72,2,2,2.0,2.0,,2.0,0,2,65_plus,True,generative
donor_h0002422,1,9,45,2,2,2.0,2.0,,2.0,0,2,35_64,True,generative
donor_h0002423,1,12,54,2,2,2.0,2.0,,2.0,0,2,35_64,True,generative
donor_h0002423,2,12,59,2,2,2.0,2.0,,2.0,1,2,35_64,True,generative
donor_h0002423,3,17,20,2,2,2.0,2.0,,2.0,2,2,18_34,True,generative
donor_h0002424,1,27,22,2,2,2.0,2.0,,2.0,0,2,18_34,True,generative
donor_h0002424,2,25,6,2,2,,2.0,,2.0,2,2,0_17,False,dependent
donor_h0002424,3,16,4,2,2,,,,,2,2,0_17,False,dependent
donor_h0002425,1,62,60,2,2,2.0,2.0,,2.0,0,2,35_64,True,generative
donor_h0002425,2,42,42,2,2,2.0,2.0,,2.0,11,2,35_64,True,generative
donor_h0002426,1,15,79,2,2,2.0,2.0,,2.0,0,2,65_plus,True,generative
donor_h0002427,1,15,86,2,2,2.0,2.0,,2.0,0,2,65_plus,True,generative
donor_h0002427,2,12,85,2,2,2.0,2.0,,2.0,13,2,65_plus,True,generative
donor_h0002428,1,13,54,2,2,2.0,1.0,,2.0,0,1,35_64,True,generative
donor_h0002428,2,13,57,2,2,2.0,2.0,,2.0,1,2,35_64,True,generative
donor_h0002428,3,20,29,2,2,2.0,2.0,,2.0,2,2,18_34,True,generative
donor_h0002429,1,15,55,2,2,2.0,2.0,,2.0,0,2,35_64,True,generative
donor_h0002429,2,27,29,2,2,2.0,2.0,,2.0,2,2,18_34,True,generative
donor_h0002429,3,18,10,2,2,,2.0,,2.0,7,2,0_17,False,dependent
donor_h0002429,4,17,7,2,2,,2.0,,2.0,7,2,0_17,False,dependent
donor_h0002430,1,8,68,2,2,2.0,2.0,,2.0,0,2,65_plus,True,generative
donor_h0002431,1,39,44,2,2,2.0,2.0,,2.0,0,2,35_64,True,generative
donor_h0002431,2,33,58,2,2,2.0,2.0,,2.0,1,2,35_64,True,generative
donor_h0002432,1,16,80,1,2,1.0,1.0,,2.0,0,1,65_plus,True,generative
donor_h0002432,2,14,50,2,2,2.0,2.0,,2.0,2,2,35_64,True,generative
donor_h0002433,1,6,69,2,2,2.0,2.0,,2.0,0,2,65_plus,True,generative
donor_h0002433,2,7,68,2,2,2.0,2.0,,2.0,1,2,65_plus,True,generative
donor_h0002434,1,12,61,2,2,2.0,2.0,,1.0,0,1,35_64,True,generative
donor_h0002434,2,10,63,1,2,1.0,1.0,,1.0,1,1,35_64,True,generative
donor_h0002434,3,20,28,2,2,2.0,2.0,,2.0,2,2,18_34,True,generative
donor_h0002435,1,11,45,2,2,2.0,2.0,,2.0,0,2,35_64,True,generative
donor_h0002435,2,9,46,2,2,2.0,2.0,,2.0,1,2,35_64,True,generative
donor_h0002435,3,12,9,2,2,,2.0,,2.0,2,2,0_17,False,dependent
donor_h0002436,1,8,56,2,2,2.0,2.0,,2.0,0,2,35_64,True,generative
donor_h0002436,2,7,52,2,2,2.0,2.0,,2.0,1,2,35_64,True,generative
donor_h0002437,1,13,64,2,2,2.0,2.0,,2.0,0,2,35_64,True,generative
donor_h0002437,2,13,65,2,2,2.0,2.0,,2.0,1,2,65_plus,True,generative
donor_h0002438,1,13,46,2,2,2.0,2.0,,2.0,0,2,35_64,True,generative
donor_h0002439,1,19,88,2,2,2.0,2.0,,2.0,0,2,65_plus,True,generative
donor_h0002440,1,8,66,1,2,1.0,1.0,,2.0,0,1,65_plus,True,generative
donor_h0002440,2,7,69,2,2,2.0,2.0,,2.0,1,2,65_plus,True,generative
donor_h0002441,1,12,44,2,2,2.0,2.0,,2.0,0,2,35_64,True,generative
donor_h0002442,1,7,70,2,2,2.0,2.0,,2.0,0,2,65_plus,True,generative
donor_h0002442,2,8,69,2,2,2.0,2.0,,2.0,1,2,65_plus,True,generative
donor_h0002443,1,8,63,2,1,2.0,2.0,,2.0,0,1,35_64,True,generative
donor_h0002444,1,16,34,2,2,2.0,2.0,,2.0,0,2,18_34,True,generative
donor_h0002445,1,14,64,2,2,2.0,2.0,,2.0,0,2,35_64,True,generative
donor_h0002446,1,7,87,2,2,1.0,1.0,,2.0,0,1,65_plus,True,generative
donor_h0002447,1,3,34,2,2,2.0,2.0,,2.0,0,2,18_34,True,generative
donor_h0002447,2,3,31,2,2,2.0,2.0,,2.0,1,2,18_34,True,generative
donor_h0002448,1,20,72,2,2,2.0,2.0,,2.0,0,2,65_plus,True,generative
donor_h0002449,1,27,82,1,2,2.0,2.0,,2.0,0,1,65_plus,True,generative
donor_h0002450,1,10,88,1,2,1.0,1.0,,2.0,0,1,65_plus,True,generative
donor_h0002451,1,13,77,2,2,2.0,2.0,,2.0,0,2,65_plus,True,generative
donor_h0002451,2,13,74,2,2,2.0,2.0,,2.0,1,2,65_plus,True,generative
donor_h0002452,1,13,71,2,2,2.0,2.0,,2.0,0,2,65_plus,True,generative
donor_h0002452,2,11,73,1,2,2.0,2.0,,2.0,1,1,65_plus,True,generative
donor_h0002453,1,12,71,2,2,2.0,2.0,,2.0,0,2,65_plus,True,generative
donor_h0002453,2,12,75,2,2,2.0,2.0,,2.0,1,2,65_plus,True,generative
donor_h0002454,1,10,68,2,2,2.0,2.0,,2.0,0,2,65_plus,True,generative
donor_h0002455,1,2,61,2,2,2.0,2.0,,2.0,0,2,35_64,True,generative
donor_h0002455,2,2,45,2,2,2.0,2.0,,2.0,1,2,35_64,True,generative
donor_h0002455,3,4,14,2,2,,2.0,,2.0,3,2,0_17,False,dependent
donor_h0002455,4,4,9,2,2,,2.0,,2.0,3,2,0_17,False,dependent
donor_h0002456,1,13,78,2,2,2.0,2.0,,2.0,0,2,65_plus,True,generative
donor_h0002457,1,11,65,2,1,1.0,1.0,,2.0,0,1,65_plus,True,generative
donor_h0002458,1,4,70,2,2,2.0,2.0,,2.0,0,2,65_plus,True,generative
donor_h0002459,1,11,60,2,2,2.0,2.0,,2.0,0,2,35_64,True,generative
donor_h0002459,2,13,65,2,2,1.0,1.0,,2.0,1,1,65_plus,True,generative
donor_h0002459,3,30,31,2,2,2.0,2.0,,2.0,2,2,18_34,True,generative
donor_h0002460,1,13,60,2,2,2.0,2.0,,2.0,0,2,35_64,True,generative
donor_h0002461,1,9,61,1,2,2.0,1.0,,2.0,0,1,35_64,True,generative
donor_h0002462,1,11,60,2,2,2.0,2.0,,2.0,0,2,35_64,True,generative
donor_h0002463,1,5,78,2,2,2.0,2.0,,2.0,0,2,65_plus,True,generative
donor_h0002464,1,20,69,2,2,2.0,2.0,,2.0,0,2,65_plus,True,generative
donor_h0002465,1,59,52,2,2,2.0,2.0,,2.0,0,2,35_64,True,generative
donor_h0002466,1,10,94,2,2,1.0,1.0,,2.0,0,1,65_plus,True,generative
donor_h0002467,1,21,74,2,2,2.0,2.0,,1.0,0,1,65_plus,True,generative
donor_h0002468,1,40,48,2,2,2.0,2.0,,2.0,0,2,35_64,True,generative
donor_h0002468,2,33,54,2,2,2.0,2.0,,2.0,1,2,35_64,True,generative
donor_h0002468,3,50,26,2,2,2.0,2.0,,2.0,2,2,18_34,True,generative
donor_h0002468,4,39,23,2,2,2.0,2.0,,2.0,2,2,18_34,True,generative
donor_h0002468,5,42,2,2,2,,,,,7,2,0_17,False,dependent
donor_h0002468,6,41,21,2,2,2.0,2.0,,2.0,11,2,18_34,True,generative
donor_h0002469,1,9,80,2,2,2.0,2.0,,2.0,0,2,65_plus,True,generative
donor_h0002469,2,9,80,1,2,2.0,2.0,,2.0,1,1,65_plus,True,generative
donor_h0002470,1,8,64,2,2,2.0,2.0,,2.0,0,2,35_64,True,generative
donor_h0002470,2,8,79,2,2,1.0,2.0,,1.0,1,1,65_plus,True,generative
donor_h0002471,1,13,48,2,2,2.0,2.0,,2.0,0,2,35_64,True,generative
donor_h0002471,2,15,40,2,2,2.0,2.0,,2.0,1,2,35_64,True,generative
donor_h0002471,3,19,29,2,2,2.0,2.0,,2.0,2,2,18_34,True,generative
donor_h0002472,1,8,61,2,2,2.0,2.0,,2.0,0,2,35_64,True,generative
donor_h0002472,2,7,60,2,2,2.0,2.0,,2.0,1,2,35_64,True,generative
donor_h0002473,1,2,63,2,2,2.0,2.0,,2.0,0,2,35_64,True,generative
donor_h0002473,2,4,72,2,2,2.0,2.0,,2.0,1,2,65_plus,True,generative
donor_h0002474,1,11,63,2,2,2.0,2.0,,2.0,0,2,35_64,True,generative
donor_h0002475,1,7,63,1,2,1.0,1.0,,2.0,0,1,35_64,True,generative
donor_h0002476,1,23,75,2,2,2.0,2.0,,2.0,0,2,65_plus,True,generative
donor_h0002477,1,11,60,2,2,2.0,2.0,,2.0,0,2,35_64,True,generative
donor_h0002477,2,9,59,2,2,2.0,2.0,,2.0,1,2,35_64,True,generative
donor_h0002478,1,35,47,1,2,1.0,1.0,,1.0,0,1,35_64,True,generative
donor_h0002479,1,10,33,2,2,2.0,2.0,,2.0,0,2,18_34,True,generative
donor_h0002479,2,12,32,2,2,2.0,2.0,,2.0,1,2,18_34,True,generative
donor_h0002479,3,13,3,2,2,,,,,2,2,0_17,False,dependent
donor_h0002479,4,13,1,2,2,,,,,2,2,0_17,False,dependent
donor_h0002480,1,9,54,2,2,2.0,2.0,,2.0,0,2,35_64,True,generative
donor_h0002480,2,14,20,2,2,1.0,2.0,,1.0,2,1,18_34,True,generative
donor_h0002480,3,12,11,2,2,,2.0,,2.0,3,2,0_17,False,dependent
donor_h0002480,4,11,9,2,2,,2.0,,2.0,3,2,0_17,False,dependent
donor_h0002481,1,14,33,2,2,2.0,2.0,,2.0,0,2,18_34,True,generative
donor_h0002482,1,2,66,2,2,2.0,2.0,,2.0,0,2,65_plus,True,generative
donor_h0002482,2,1,62,2,1,1.0,1.0,,2.0,1,1,35_64,True,generative
donor_h0002483,1,11,56,2,2,2.0,2.0,,2.0,0,2,35_64,True,generative
donor_h0002483,2,11,66,2,2,2.0,2.0,,2.0,13,2,65_plus,True,generative
donor_h0002484,1,38,50,2,2,2.0,2.0,,2.0,0,2,35_64,True,generative
donor_h0002485,1,10,58,2,2,2.0,2.0,,2.0,0,2,35_64,True,generative
donor_h0002485,2,11,58,2,2,2.0,2.0,,2.0,1,2,35_64,True,generative
donor_h0002485,3,10,16,2,2,2.0,2.0,,2.0,2,2,0_17,False,dependent
donor_h0002486,1,9,35,2,2,2.0,2.0,,2.0,0,2,35_64,True,generative
donor_h0002486,2,13,35,2,2,2.0,2.0,,2.0,1,2,35_64,True,generative
donor_h0002486,3,12,4,2,2,,,,,2,2,0_17,False,dependent
donor_h0002486,4,12,1,2,2,,,,,2,2,0_17,False,dependent
donor_h0002487,1,15,48,2,2,2.0,2.0,,2.0,0,2,35_64,True,generative
donor_h0002488,1,8,94,1,2,2.0,2.0,,2.0,0,1,65_plus,True,generative
donor_h0002488,2,8,55,2,2,2.0,2.0,,2.0,2,2,35_64,True,generative
donor_h0002488,3,8,69,2,2,2.0,2.0,,2.0,9,2,65_plus,True,generative
donor_h0002489,1,14,66,1,2,2.0,2.0,,2.0,0,1,65_plus,True,generative
donor_h0002490,1,29,56,2,2,2.0,2.0,,2.0,0,2,35_64,True,generative
donor_h0002490,2,32,51,2,2,2.0,2.0,,2.0,1,2,35_64,True,generative
donor_h0002491,1,13,67,2,2,2.0,2.0,,2.0,0,2,65_plus,True,generative
donor_h0002492,1,42,39,2,2,2.0,2.0,,2.0,0,2,35_64,True,generative
donor_h0002492,2,42,39,2,2,2.0,2.0,,2.0,1,2,35_64,True,generative
donor_h0002492,3,39,13,2,2,,2.0,,2.0,2,2,0_17,False,dependent
donor_h0002492,4,39,5,2,2,,2.0,,2.0,2,2,0_17,False,dependent
donor_h0002493,1,44,73,2,2,2.0,2.0,,2.0,0,2,65_plus,True,generative
donor_h0002494,1,17,78,2,2,2.0,2.0,,2.0,0,2,65_plus,True,generative
donor_h0002494,2,18,79,1,2,2.0,2.0,,2.0,1,1,65_plus,True,generative
donor_h0002494,3,16,54,2,2,2.0,2.0,,2.0,2,2,35_64,True,generative
donor_h0002494,4,13,17,2,2,2.0,2.0,,2.0,7,2,0_17,False,dependent
donor_h0002494,5,14,15,2,2,2.0,2.0,,2.0,7,2,0_17,False,dependent
donor_h0002495,1,47,83,2,1,1.0,1.0,,2.0,0,1,65_plus,True,generative
donor_h0002496,1,48,37,2,2,2.0,2.0,,2.0,0,2,35_64,True,generative
donor_h0002497,1,22,59,2,2,2.0,2.0,,2.0,0,2,35_64,True,generative
donor_h0002497,2,16,66,2,2,2.0,2.0,,2.0,1,2,65_plus,True,generative
donor_h0002498,1,2,51,2,2,2.0,2.0,,2.0,0,2,35_64,True,generative
donor_h0002498,2,4,19,2,2,2.0,2.0,,2.0,2,2,18_34,True,generative
donor_h0002498,3,4,19,2,2,2.0,2.0,,2.0,12,2,18_34,True,generative
donor_h0002499,1,15,21,2,2,2.0,2.0,,2.0,0,2,18_34,True,generative
donor_h0002500,1,15,71,2,2,2.0,2.0,,2.0,0,2,65_plus,True,generative
donor_h0002500,2,14,73,2,2,2.0,2.0,,2.0,1,2,65_plus,True,generative
donor_h0002501,1,5,85,2,2,2.0,2.0,,2.0,0,2,65_plus,True,generative
donor_h0002501,2,3,83,2,2,2.0,2.0,,2.0,1,2,65_plus,True,generative
donor_h0002502,1,2,73,2,2,2.0,1.0,,2.0,0,1,65_plus,True,generative
donor_h0002503,1,14,94,1,2,1.0,1.0,2.0,2.0,0,1,65_plus,True,generative
donor_h0002503,2,16,84,2,2,2.0,2.0,,2.0,1,2,65_plus,True,generative
donor_h0002504,1,25,32,2,2,2.0,2.0,,2.0,0,2,18_34,True,generative
donor_h0002504,2,21,16,2,2,2.0,2.0,,2.0,2,2,0_17,False,dependent
donor_h0002504,3,39,9,2,2,,2.0,,2.0,2,2,0_17,False,dependent
donor_h0002504,4,27,2,2,2,,,,,2,2,0_17,False,dependent
donor_h0002504,5,27,0,2,2,,,,,2,2,0_17,False,dependent
donor_h0002505,1,8,62,2,2,2.0,2.0,,2.0,0,2,35_64,True,generative
donor_h0002505,2,6,62,2,2,2.0,2.0,,2.0,1,2,35_64,True,generative
donor_h0002506,1,11,66,2,2,2.0,2.0,,2.0,0,2,65_plus,True,generative
donor_h0002507,1,9,81,1,2,2.0,2.0,,2.0,0,1,65_plus,True,generative
donor_h0002507,2,11,76,1,2,2.0,2.0,,2.0,1,1,65_plus,True,generative
donor_h0002508,1,21,53,2,2,2.0,2.0,,1.0,0,1,35_64,True,generative
donor_h0002508,2,20,55,2,2,2.0,2.0,,2.0,1,2,35_64,True,generative
donor_h0002508,3,23,22,2,2,2.0,2.0,,2.0,2,2,18_34,True,generative
donor_h0002508,4,22,1,2,2,,,,,7,2,0_17,False,dependent
donor_h0002508,5,28,23,2,2,2.0,2.0,,2.0,15,2,18_34,True,generative
donor_h0002509,1,9,72,2,2,2.0,2.0,,2.0,0,2,65_plus,True,generative
donor_h0002510,1,17,83,2,2,2.0,2.0,,2.0,0,2,65_plus,True,generative
donor_h0002511,1,36,52,2,2,2.0,1.0,,2.0,0,1,35_64,True,generative
donor_h0002511,2,32,53,2,2,2.0,2.0,,2.0,1,2,35_64,True,generative
donor_h0002512,1,58,21,2,2,2.0,2.0,,2.0,0,2,18_34,True,generative
donor_h0002512,2,54,20,2,2,2.0,2.0,,2.0,13,2,18_34,True,generative
donor_h0002512,3,80,23,1,2,2.0,2.0,,2.0,15,1,18_34,True,generative
donor_h0002512,4,66,20,2,2,2.0,2.0,,2.0,15,2,18_34,True,generative
donor_h0002513,1,34,58,2,2,2.0,2.0,,2.0,0,2,35_64,True,generative
donor_h0002513,2,37,19,2,2,2.0,2.0,,2.0,10,2,18_34,True,generative
donor_h0002514,1,14,37,2,2,2.0,2.0,,2.0,0,2,35_64,True,generative
donor_h0002514,2,11,16,2,2,2.0,2.0,,2.0,2,2,0_17,False,dependent
donor_h0002515,1,10,58,2,2,2.0,2.0,,2.0,0,2,35_64,True,generative
donor_h0002516,1,10,29,2,2,2.0,2.0,,2.0,0,2,18_34,True,generative
donor_h0002516,2,16,10,2,2,,2.0,,2.0,2,2,0_17,False,dependent
donor_h0002516,3,14,8,2,2,,2.0,,2.0,2,2,0_17,False,dependent
donor_h0002516,4,9,4,2,2,,,,,2,2,0_17,False,dependent
donor_h0002516,5,9,2,2,2,,,,,2,2,0_17,False,dependent
donor_h0002517,1,12,67,2,2,2.0,1.0,,1.0,0,1,65_plus,True,generative
donor_h0002517,2,13,23,2,2,2.0,2.0,,2.0,7,2,18_34,True,generative
donor_h0002518,1,17,35,2,2,2.0,2.0,,2.0,0,2,35_64,True,generative
donor_h0002519,1,9,49,2,2,2.0,2.0,,2.0,0,2,35_64,True,generative
donor_h0002519,2,7,47,2,2,2.0,2.0,,2.0,1,2,35_64,True,generative
donor_h0002519,3,10,21,2,2,2.0,2.0,,1.0,2,1,18_34,True,generative
donor_h0002519,4,8,11,2,2,,2.0,,2.0,2,2,0_17,False,dependent
donor_h0002520,1,7,58,2,2,2.0,2.0,,1.0,0,1,35_64,True,generative
donor_h0002521,1,14,63,2,2,2.0,2.0,,2.0,0,2,35_64,True,generative
donor_h0002521,2,12,62,2,2,2.0,2.0,,2.0,1,2,35_64,True,generative
donor_h0002522,1,9,78,1,2,2.0,2.0,5.0,2.0,0,1,65_plus,True,generative
donor_h0002523,1,14,63,2,2,2.0,2.0,,2.0,0,2,35_64,True,generative
donor_h0002524,1,42,45,2,2,2.0,2.0,,2.0,0,2,35_64,True,generative
donor_h0002524,2,40,39,2,2,2.0,2.0,,2.0,1,2,35_64,True,generative
donor_h0002524,3,30,13,2,2,,2.0,,2.0,2,2,0_17,False,dependent
donor_h0002524,4,41,11,2,2,,2.0,,2.0,2,2,0_17,False,dependent
donor_h0002525,1,23,81,2,2,2.0,2.0,,2.0,0,2,65_plus,True,generative
donor_h0002525,2,23,69,2,2,2.0,2.0,,2.0,1,2,65_plus,True,generative
donor_h0002525,3,26,31,2,2,2.0,2.0,,2.0,2,2,18_34,True,generative
donor_h0002526,1,11,74,2,2,2.0,1.0,,2.0,0,1,65_plus,True,generative
donor_h0002526,2,13,69,2,1,2.0,2.0,,2.0,1,1,65_plus,True,generative
donor_h0002527,1,44,21,2,2,2.0,2.0,,2.0,0,2,18_34,True,generative
donor_h0002527,2,27,26,2,2,2.0,2.0,,2.0,13,2,18_34,True,generative
donor_h0002528,1,16,85,2,2,2.0,2.0,,2.0,0,2,65_plus,True,generative
donor_h0002529,1,10,83,2,2,2.0,2.0,,2.0,0,2,65_plus,True,generative
donor_h0002530,1,16,60,2,2,2.0,2.0,,2.0,0,2,35_64,True,generative
donor_h0002530,2,13,57,2,2,2.0,2.0,,2.0,1,2,35_64,True,generative
donor_h0002530,3,35,32,2,2,2.0,2.0,,2.0,2,2,18_34,True,generative
donor_h0002530,4,22,3,2,2,,,,,7,2,0_17,False,dependent
donor_h0002530,5,22,1,2,2,,,,,7,2,0_17,False,dependent
donor_h0002530,6,21,26,2,2,2.0,2.0,,2.0,9,2,18_34,True,generative
donor_h0002531,1,14,63,1,1,2.0,1.0,5.0,1.0,0,1,35_64,True,generative
donor_h0002531,2,20,42,2,2,2.0,2.0,,2.0,15,2,35_64,True,generative
donor_h0002531,3,19,40,2,2,2.0,2.0,,2.0,15,2,35_64,True,generative
donor_h0002532,1,23,29,2,2,2.0,2.0,,2.0,0,2,18_34,True,generative
donor_h0002532,2,18,0,2,2,,,,,2,2,0_17,False,dependent
donor_h0002532,3,12,30,2,2,2.0,2.0,,2.0,13,2,18_34,True,generative
donor_h0002533,1,8,64,2,2,2.0,2.0,,2.0,0,2,35_64,True,generative
donor_h0002533,2,8,64,2,2,2.0,2.0,,2.0,1,2,35_64,True,generative
donor_h0002534,1,76,40,2,2,2.0,2.0,,2.0,0,2,35_64,True,generative
donor_h0002535,1,18,62,2,2,2.0,2.0,,2.0,0,2,35_64,True,generative
donor_h0002536,1,2,62,1,2,2.0,2.0,,2.0,0,1,35_64,True,generative
donor_h0002536,2,2,60,2,2,2.0,2.0,,2.0,1,2,35_64,True,generative
donor_h0002537,1,16,73,2,2,2.0,2.0,,2.0,0,2,65_plus,True,generative
donor_h0002538,1,32,29,2,2,2.0,2.0,,2.0,0,2,18_34,True,generative
donor_h0002538,2,26,30,2,2,2.0,2.0,,2.0,1,2,18_34,True,generative
donor_h0002539,1,25,35,2,2,2.0,2.0,,2.0,0,2,35_64,True,generative
donor_h0002539,2,26,35,2,2,2.0,2.0,,2.0,1,2,35_64,True,generative
donor_h0002539,3,25,4,2,2,,,,,2,2,0_17,False,dependent
donor_h0002539,4,23,2,2,2,,,,,2,2,0_17,False,dependent
donor_h0002540,1,8,58,2,2,2.0,2.0,,2.0,0,2,35_64,True,generative
donor_h0002540,2,7,58,2,2,2.0,2.0,,2.0,13,2,35_64,True,generative
donor_h0002541,1,6,59,2,2,2.0,2.0,,2.0,0,2,35_64,True,generative
donor_h0002541,2,7,55,2,2,2.0,2.0,,2.0,1,2,35_64,True,generative
donor_h0002541,3,10,35,2,2,1.0,2.0,,1.0,2,1,35_64,True,generative
donor_h0002542,1,14,52,2,2,2.0,2.0,,2.0,0,2,35_64,True,generative
donor_h0002542,2,13,54,2,2,2.0,2.0,,2.0,1,2,35_64,True,generative
donor_h0002542,3,20,20,2,2,2.0,2.0,,2.0,2,2,18_34,True,generative
donor_h0002543,1,14,45,2,2,2.0,2.0,,2.0,0,2,35_64,True,generative
donor_h0002543,2,14,14,2,2,,2.0,,2.0,2,2,0_17,False,dependent
donor_h0002544,1,13,54,2,2,2.0,2.0,,2.0,0,2,35_64,True,generative
donor_h0002544,2,15,51,2,2,2.0,2.0,,2.0,1,2,35_64,True,generative
donor_h0002545,1,9,69,2,2,1.0,2.0,,1.0,0,1,65_plus,True,generative
donor_h0002546,1,15,30,2,2,2.0,2.0,3.0,2.0,0,2,18_34,True,generative
donor_h0002546,2,12,31,2,2,2.0,2.0,,2.0,1,2,18_34,True,generative
donor_h0002547,1,13,66,2,2,2.0,2.0,,2.0,0,2,65_plus,True,generative
donor_h0002548,1,13,32,2,2,2.0,2.0,,2.0,0,2,18_34,True,generative
donor_h0002548,2,18,41,2,2,2.0,2.0,,2.0,1,2,35_64,True,generative
donor_h0002548,3,18,1,2,2,,,,,2,2,0_17,False,dependent
donor_h0002548,4,17,13,2,2,,2.0,,1.0,3,1,0_17,False,dependent
donor_h0002548,5,17,7,2,2,,2.0,,2.0,3,2,0_17,False,dependent
donor_h0002548,6,18,6,2,2,,2.0,,1.0,14,1,0_17,False,dependent
donor_h0002548,7,18,6,2,2,,2.0,,1.0,14,1,0_17,False,dependent
donor_h0002549,1,7,80,1,2,2.0,1.0,3.0,2.0,0,1,65_plus,True,generative
donor_h0002550,1,25,47,2,2,2.0,2.0,,2.0,0,2,35_64,True,generative
donor_h0002550,2,11,47,2,2,2.0,2.0,3.0,2.0,1,2,35_64,True,generative
donor_h0002550,3,30,24,2,2,2.0,2.0,,2.0,2,2,18_34,True,generative
donor_h0002550,4,28,16,2,2,2.0,2.0,,2.0,2,2,0_17,False,dependent
donor_h0002551,1,13,76,2,2,2.0,2.0,,2.0,0,2,65_plus,True,generative
donor_h0002552,1,10,59,2,2,2.0,2.0,,2.0,0,2,35_64,True,generative
donor_h0002552,2,14,57,2,2,2.0,2.0,,2.0,1,2,35_64,True,generative
donor_h0002553,1,14,35,2,2,2.0,2.0,,2.0,0,2,35_64,True,generative
donor_h0002553,2,14,37,2,2,2.0,2.0,,2.0,1,2,35_64,True,generative
donor_h0002553,3,14,11,2,2,,2.0,,2.0,2,2,0_17,False,dependent
donor_h0002553,4,13,7,2,2,,2.0,,2.0,2,2,0_17,False,dependent
donor_h0002554,1,14,60,2,2,2.0,2.0,,2.0,0,2,35_64,True,generative
donor_h0002554,2,13,59,2,2,2.0,2.0,,2.0,1,2,35_64,True,generative
donor_h0002555,1,19,53,2,2,2.0,2.0,,2.0,0,2,35_64,True,generative
donor_h0002556,1,6,60,2,1,2.0,1.0,,2.0,0,1,35_64,True,generative
donor_h0002557,1,5,76,2,2,2.0,2.0,,2.0,0,2,65_plus,True,generative
donor_h0002557,2,5,69,2,2,2.0,2.0,,2.0,1,2,65_plus,True,generative
donor_h0002558,1,16,77,2,2,2.0,2.0,,2.0,0,2,65_plus,True,generative
donor_h0002558,2,16,73,2,2,2.0,2.0,,2.0,1,2,65_plus,True,generative
donor_h0002559,1,10,64,2,2,2.0,2.0,,2.0,0,2,35_64,True,generative
donor_h0002559,2,9,55,2,2,2.0,2.0,,2.0,1,2,35_64,True,generative
donor_h0002559,3,19,25,2,2,2.0,2.0,,2.0,2,2,18_34,True,generative
donor_h0002560,1,14,78,1,2,2.0,2.0,,2.0,0,1,65_plus,True,generative
donor_h0002560,2,17,89,2,2,2.0,2.0,,2.0,1,2,65_plus,True,generative
donor_h0002560,3,14,68,2,2,2.0,2.0,,2.0,10,2,65_plus,True,generative
donor_h0002561,1,11,71,2,2,1.0,1.0,,1.0,0,1,65_plus,True,generative
donor_h0002562,1,9,37,2,2,2.0,2.0,,2.0,0,2,35_64,True,generative
donor_h0002562,2,9,36,2,2,2.0,2.0,,2.0,1,2,35_64,True,generative
donor_h0002562,3,8,14,2,2,,2.0,,2.0,2,2,0_17,False,dependent
donor_h0002562,4,9,12,2,2,,2.0,,2.0,2,2,0_17,False,dependent
donor_h0002562,5,8,8,2,2,,2.0,,2.0,2,2,0_17,False,dependent
donor_h0002562,6,8,1,2,2,,,,,2,2,0_17,False,dependent
donor_h0002563,1,7,88,1,2,2.0,1.0,,2.0,0,1,65_plus,True,generative
donor_h0002563,2,13,84,1,2,1.0,1.0,,1.0,1,1,65_plus,True,generative
donor_h0002564,1,4,68,2,1,2.0,2.0,2.0,2.0,0,1,65_plus,True,generative
donor_h0002564,2,5,74,2,2,2.0,2.0,,2.0,1,2,65_plus,True,generative
donor_h0002565,1,18,67,2,2,2.0,2.0,,2.0,0,2,65_plus,True,generative
donor_h0002566,1,8,61,2,2,2.0,2.0,,2.0,0,2,35_64,True,generative
donor_h0002567,1,25,74,2,2,2.0,2.0,,2.0,0,2,65_plus,True,generative
donor_h0002568,1,22,47,2,2,2.0,2.0,,2.0,0,2,35_64,True,generative
donor_h0002569,1,22,51,2,2,2.0,2.0,,2.0,0,2,35_64,True,generative
donor_h0002569,2,23,16,2,2,2.0,2.0,,2.0,2,2,0_17,False,dependent
donor_h0002570,1,20,65,2,2,2.0,2.0,,2.0,0,2,65_plus,True,generative
donor_h0002570,2,21,54,2,2,2.0,2.0,,2.0,1,2,35_64,True,generative
donor_h0002571,1,14,41,2,2,2.0,2.0,,2.0,0,2,35_64,True,generative
donor_h0002571,2,14,41,2,2,2.0,2.0,,2.0,1,2,35_64,True,generative
donor_h0002571,3,14,4,2,2,,,,,2,2,0_17,False,dependent
donor_h0002571,4,14,2,2,2,,,,,2,2,0_17,False,dependent
donor_h0002572,1,23,47,2,2,2.0,2.0,,2.0,0,2,35_64,True,generative
donor_h0002572,2,20,49,2,2,2.0,2.0,,2.0,1,2,35_64,True,generative
donor_h0002572,3,19,18,2,2,2.0,2.0,,2.0,2,2,18_34,True,generative
donor_h0002572,4,19,16,2,2,2.0,2.0,,2.0,2,2,0_17,False,dependent
donor_h0002573,1,10,37,2,2,2.0,2.0,,2.0,0,2,35_64,True,generative
donor_h0002573,2,9,38,2,2,2.0,2.0,,2.0,1,2,35_64,True,generative
donor_h0002573,3,10,15,2,2,2.0,2.0,,2.0,2,2,0_17,False,dependent
donor_h0002573,4,15,13,2,2,,2.0,,2.0,2,2,0_17,False,dependent
donor_h0002574,1,22,67,1,2,2.0,2.0,,2.0,0,1,65_plus,True,generative
donor_h0002575,1,4,64,2,2,2.0,2.0,,2.0,0,2,35_64,True,generative
donor_h0002575,2,4,61,2,2,2.0,2.0,,2.0,1,2,35_64,True,generative
donor_h0002576,1,11,62,2,2,2.0,2.0,,2.0,0,2,35_64,True,generative
donor_h0002576,2,10,53,2,2,2.0,2.0,,2.0,1,2,35_64,True,generative
donor_h0002576,3,10,16,2,2,2.0,2.0,,2.0,7,2,0_17,False,dependent
donor_h0002577,1,14,37,2,2,2.0,2.0,,2.0,0,2,35_64,True,generative
donor_h0002577,2,13,5,2,2,,2.0,,2.0,2,2,0_17,False,dependent
donor_h0002577,3,13,3,2,2,,,,,2,2,0_17,False,dependent
donor_h0002578,1,2,67,2,2,2.0,1.0,,2.0,0,1,65_plus,True,generative
donor_h0002578,2,2,16,2,2,2.0,2.0,,2.0,7,2,0_17,False,dependent
donor_h0002578,3,2,10,2,2,,2.0,,2.0,7,2,0_17,False,dependent
donor_h0002578,4,2,60,2,2,2.0,2.0,,2.0,13,2,35_64,True,generative
donor_h0002579,1,24,65,2,2,2.0,2.0,,2.0,0,2,65_plus,True,generative
donor_h0002579,2,26,53,2,2,2.0,2.0,,2.0,1,2,35_64,True,generative
donor_h0002579,3,37,36,2,2,2.0,2.0,,2.0,4,2,35_64,True,generative
donor_h0002579,4,25,30,2,2,2.0,2.0,,2.0,4,2,18_34,True,generative
donor_h0002579,5,29,8,2,2,,2.0,,2.0,7,2,0_17,False,dependent
donor_h0002579,6,44,7,2,2,,2.0,,2.0,7,2,0_17,False,dependent
donor_h0002579,7,48,7,2,2,,2.0,,2.0,7,2,0_17,False,dependent
donor_h0002579,8,29,6,2,2,,2.0,,2.0,7,2,0_17,False,dependent
donor_h0002579,9,29,5,2,1,,2.0,,2.0,7,1,0_17,False,dependent
donor_h0002579,10,28,2,2,2,,,,,7,2,0_17,False,dependent
donor_h0002580,1,14,77,2,2,2.0,2.0,,2.0,0,2,65_plus,True,generative
donor_h0002581,1,14,71,2,2,2.0,2.0,,2.0,0,2,65_plus,True,generative
donor_h0002582,1,49,51,2,2,1.0,1.0,,1.0,0,1,35_64,True,generative
donor_h0002582,2,56,45,2,2,2.0,2.0,,2.0,1,2,35_64,True,generative
donor_h0002583,1,12,55,2,1,2.0,2.0,,1.0,0,1,35_64,True,generative
donor_h0002583,2,17,20,2,2,2.0,2.0,,2.0,2,2,18_34,True,generative
donor_h0002584,1,9,40,2,2,2.0,2.0,,2.0,0,2,35_64,True,generative
donor_h0002585,1,30,57,2,2,2.0,2.0,,2.0,0,2,35_64,True,generative
donor_h0002586,1,22,56,2,2,1.0,2.0,,1.0,0,1,35_64,True,generative
donor_h0002586,2,19,52,2,2,2.0,2.0,,2.0,13,2,35_64,True,generative
donor_h0002587,1,12,59,2,2,2.0,2.0,,2.0,0,2,35_64,True,generative
donor_h0002587,2,12,38,2,2,2.0,2.0,,2.0,1,2,35_64,True,generative
donor_h0002588,1,4,47,2,2,2.0,2.0,,2.0,0,2,35_64,True,generative
donor_h0002588,2,3,47,2,2,2.0,2.0,,2.0,1,2,35_64,True,generative
donor_h0002588,3,6,23,2,2,2.0,2.0,,2.0,2,2,18_34,True,generative
donor_h0002588,4,4,18,2,2,2.0,2.0,,2.0,2,2,18_34,True,generative
donor_h0002589,1,18,40,2,2,2.0,2.0,,2.0,0,2,35_64,True,generative
donor_h0002589,2,25,40,2,2,2.0,2.0,,2.0,1,2,35_64,True,generative
donor_h0002589,3,23,16,2,2,2.0,2.0,,2.0,3,2,0_17,False,dependent
donor_h0002589,4,27,16,2,2,2.0,2.0,,2.0,3,2,0_17,False,dependent
donor_h0002589,5,24,12,2,2,,2.0,,2.0,3,2,0_17,False,dependent
donor_h0002589,6,27,12,2,2,,2.0,,2.0,3,2,0_17,False,dependent
donor_h0002590,1,33,58,1,1,2.0,2.0,,1.0,0,1,35_64,True,generative
donor_h0002591,1,6,55,2,2,2.0,2.0,,2.0,0,2,35_64,True,generative
donor_h0002591,2,6,53,2,2,2.0,2.0,,2.0,1,2,35_64,True,generative
donor_h0002591,3,20,29,2,2,2.0,2.0,,2.0,2,2,18_34,True,generative
donor_h0002591,4,10,9,2,2,,2.0,,2.0,7,2,0_17,False,dependent
donor_h0002592,1,8,47,2,2,2.0,2.0,,2.0,0,2,35_64,True,generative
donor_h0002592,2,8,46,2,2,2.0,2.0,,2.0,1,2,35_64,True,generative
donor_h0002592,3,7,19,2,2,2.0,2.0,,2.0,2,2,18_34,True,generative
donor_h0002593,1,8,67,2,2,2.0,2.0,,2.0,0,2,65_plus,True,generative
donor_h0002593,2,8,56,2,2,2.0,2.0,,2.0,1,2,35_64,True,generative
donor_h0002594,1,20,59,2,2,1.0,1.0,,1.0,0,1,35_64,True,generative
donor_h0002594,2,22,62,2,2,2.0,1.0,,1.0,1,1,35_64,True,generative
donor_h0002595,1,18,79,2,2,1.0,1.0,,2.0,0,1,65_plus,True,generative
donor_h0002596,1,20,58,2,2,2.0,2.0,,2.0,0,2,35_64,True,generative
donor_h0002596,2,20,65,2,2,2.0,2.0,,2.0,1,2,65_plus,True,generative
donor_h0002597,1,14,54,2,2,1.0,2.0,,2.0,0,1,35_64,True,generative
donor_h0002597,2,17,12,2,2,,2.0,,2.0,2,2,0_17,False,dependent
donor_h0002598,1,26,41,2,2,2.0,2.0,,2.0,0,2,35_64,True,generative
donor_h0002598,2,26,12,2,2,,2.0,,2.0,2,2,0_17,False,dependent
donor_h0002598,3,25,9,2,2,,2.0,,2.0,2,2,0_17,False,dependent
donor_h0002598,4,24,60,2,2,2.0,2.0,,2.0,6,2,35_64,True,generative
donor_h0002599,1,12,49,2,2,1.0,1.0,,2.0,0,1,35_64,True,generative
donor_h0002599,2,12,70,2,2,2.0,1.0,,2.0,6,1,65_plus,True,generative
donor_h0002600,1,14,74,2,2,2.0,2.0,,2.0,0,2,65_plus,True,generative
donor_h0002600,2,15,66,2,2,2.0,2.0,,2.0,1,2,65_plus,True,generative
donor_h0002601,1,12,68,2,2,2.0,2.0,,2.0,0,2,65_plus,True,generative
donor_h0002602,1,12,59,2,2,2.0,2.0,,2.0,0,2,35_64,True,generative
donor_h0002602,2,11,56,2,2,2.0,2.0,,2.0,1,2,35_64,True,generative
donor_h0002603,1,13,59,2,2,2.0,2.0,,2.0,0,2,35_64,True,generative
donor_h0002603,2,16,63,2,2,2.0,2.0,,2.0,15,2,35_64,True,generative
donor_h0002604,1,4,65,2,2,2.0,2.0,,2.0,0,2,65_plus,True,generative
donor_h0002604,2,5,53,2,2,2.0,2.0,,2.0,1,2,35_64,True,generative
donor_h0002605,1,12,48,2,2,2.0,2.0,,2.0,0,2,35_64,True,generative
donor_h0002605,2,10,48,2,2,2.0,2.0,,2.0,1,2,35_64,True,generative
donor_h0002605,3,12,14,2,2,,2.0,,2.0,2,2,0_17,False,dependent
donor_h0002605,4,14,11,2,2,,2.0,,2.0,2,2,0_17,False,dependent
donor_h0002606,1,10,85,2,2,2.0,1.0,,2.0,0,1,65_plus,True,generative
donor_h0002607,1,5,56,1,2,2.0,1.0,,2.0,0,1,35_64,True,generative
donor_h0002607,2,6,59,2,2,2.0,2.0,,2.0,1,2,35_64,True,generative
donor_h0002608,1,32,60,2,2,2.0,1.0,,2.0,0,1,35_64,True,generative
donor_h0002608,2,52,44,2,2,2.0,2.0,,2.0,2,2,35_64,True,generative
donor_h0002608,3,49,41,2,2,2.0,2.0,,2.0,2,2,35_64,True,generative
donor_h0002609,1,8,49,2,1,1.0,2.0,,1.0,0,1,35_64,True,generative
donor_h0002609,2,8,13,2,2,,2.0,,2.0,2,2,0_17,False,dependent
donor_h0002609,3,8,8,2,2,,2.0,,2.0,2,2,0_17,False,dependent
donor_h0002610,1,15,68,2,2,2.0,2.0,,2.0,0,2,65_plus,True,generative
donor_h0002611,1,15,68,2,2,2.0,2.0,,2.0,0,2,65_plus,True,generative
donor_h0002611,2,13,72,2,2,2.0,2.0,,2.0,1,2,65_plus,True,generative
donor_h0002612,1,16,38,2,2,2.0,2.0,,2.0,0,2,35_64,True,generative
donor_h0002612,2,16,34,2,2,2.0,2.0,,2.0,1,2,18_34,True,generative
donor_h0002613,1,16,75,2,2,2.0,2.0,,2.0,0,2,65_plus,True,generative
donor_h0002614,1,14,78,2,2,2.0,2.0,,2.0,0,2,65_plus,True,generative
donor_h0002614,2,13,37,2,2,2.0,2.0,,2.0,10,2,35_64,True,generative
donor_h0002615,1,30,34,2,2,1.0,2.0,,1.0,0,1,18_34,True,generative
donor_h0002615,2,29,12,2,2,,2.0,,2.0,2,2,0_17,False,dependent
donor_h0002615,3,30,34,2,2,2.0,2.0,,2.0,5,2,18_34,True,generative
donor_h0002616,1,22,47,2,2,2.0,2.0,,2.0,0,2,35_64,True,generative
donor_h0002616,2,17,51,2,2,2.0,2.0,,2.0,1,2,35_64,True,generative
donor_h0002616,3,20,17,2,2,2.0,2.0,,2.0,2,2,0_17,False,dependent
donor_h0002617,1,8,42,2,2,2.0,2.0,,2.0,0,2,35_64,True,generative
donor_h0002617,2,9,43,2,2,2.0,2.0,,2.0,1,2,35_64,True,generative
donor_h0002617,3,11,15,2,2,2.0,2.0,,2.0,2,2,0_17,False,dependent
donor_h0002617,4,7,13,2,2,,2.0,,2.0,2,2,0_17,False,dependent
donor_h0002618,1,15,19,2,2,2.0,2.0,,2.0,0,2,18_34,True,generative
donor_h0002618,2,29,20,2,2,2.0,2.0,,2.0,1,2,18_34,True,generative
donor_h0002619,1,13,30,2,2,2.0,2.0,,2.0,0,2,18_34,True,generative
donor_h0002619,2,13,30,2,2,2.0,2.0,,2.0,1,2,18_34,True,generative
donor_h0002620,1,31,25,2,2,2.0,2.0,,2.0,0,2,18_34,True,generative
donor_h0002620,2,32,26,2,2,2.0,2.0,,2.0,1,2,18_34,True,generative
donor_h0002620,3,28,5,2,2,,2.0,,2.0,2,2,0_17,False,dependent
donor_h0002620,4,26,3,2,2,,,,,2,2,0_17,False,dependent
donor_h0002620,5,32,1,2,2,,,,,2,2,0_17,False,dependent
donor_h0002621,1,11,54,2,2,2.0,2.0,,2.0,0,2,35_64,True,generative
donor_h0002621,2,16,14,2,2,,2.0,,2.0,2,2,0_17,False,dependent
donor_h0002622,1,16,82,2,2,2.0,2.0,,2.0,0,2,65_plus,True,generative
donor_h0002622,2,13,86,2,2,2.0,2.0,,2.0,1,2,65_plus,True,generative
donor_h0002623,1,10,70,2,2,2.0,2.0,,2.0,0,2,65_plus,True,generative
donor_h0002623,2,9,76,1,2,1.0,2.0,,1.0,1,1,65_plus,True,generative
donor_h0002624,1,70,85,2,2,1.0,1.0,,2.0,0,1,65_plus,True,generative
donor_h0002625,1,3,51,2,2,2.0,2.0,,2.0,0,2,35_64,True,generative
donor_h0002625,2,2,51,2,2,2.0,2.0,,2.0,1,2,35_64,True,generative
donor_h0002625,3,4,17,2,2,2.0,2.0,,2.0,2,2,0_17,False,dependent
donor_h0002626,1,17,66,2,2,2.0,2.0,,2.0,0,2,65_plus,True,generative
donor_h0002626,2,18,66,2,2,2.0,2.0,,2.0,1,2,65_plus,True,generative
donor_h0002627,1,13,87,2,2,2.0,2.0,,2.0,0,2,65_plus,True,generative
donor_h0002627,2,12,40,2,2,2.0,2.0,,2.0,7,2,35_64,True,generative
donor_h0002628,1,13,33,2,2,2.0,2.0,,2.0,0,2,18_34,True,generative
donor_h0002628,2,13,34,2,2,2.0,2.0,,2.0,1,2,18_34,True,generative
donor_h0002628,3,11,1,2,2,,,,,2,2,0_17,False,dependent
donor_h0002629,1,4,64,1,2,2.0,1.0,5.0,1.0,0,1,35_64,True,generative
donor_h0002630,1,33,69,2,2,2.0,2.0,,2.0,0,2,65_plus,True,generative
donor_h0002630,2,41,57,2,2,2.0,2.0,,2.0,1,2,35_64,True,generative
donor_h0002630,3,41,77,1,1,1.0,1.0,,1.0,5,1,65_plus,True,generative
donor_h0002631,1,13,67,2,2,2.0,2.0,2.0,2.0,0,2,65_plus,True,generative
donor_h0002631,2,14,70,2,2,2.0,2.0,,2.0,1,2,65_plus,True,generative
donor_h0002632,1,15,46,2,2,2.0,2.0,,2.0,0,2,35_64,True,generative
donor_h0002632,2,40,45,2,2,2.0,2.0,,2.0,1,2,35_64,True,generative
donor_h0002632,3,11,19,2,2,2.0,2.0,,2.0,2,2,18_34,True,generative
donor_h0002632,4,18,17,2,2,2.0,2.0,,2.0,2,2,0_17,False,dependent
donor_h0002632,5,19,15,2,2,2.0,2.0,,2.0,2,2,0_17,False,dependent
donor_h0002633,1,24,23,2,2,2.0,2.0,,2.0,0,2,18_34,True,generative
donor_h0002633,2,25,23,2,2,2.0,2.0,,2.0,11,2,18_34,True,generative
donor_h0002634,1,6,63,2,2,2.0,2.0,,2.0,0,2,35_64,True,generative
donor_h0002634,2,6,53,2,2,2.0,2.0,,1.0,1,1,35_64,True,generative
donor_h0002634,3,6,23,2,2,2.0,2.0,,1.0,2,1,18_34,True,generative
donor_h0002634,4,6,5,2,2,,2.0,,2.0,7,2,0_17,False,dependent
donor_h0002634,5,6,1,2,2,,,,,7,2,0_17,False,dependent
donor_h0002635,1,23,55,2,2,2.0,2.0,,2.0,0,2,35_64,True,generative
donor_h0002635,2,23,46,2,2,2.0,2.0,,2.0,1,2,35_64,True,generative
donor_h0002635,3,20,13,2,2,,2.0,,2.0,4,2,0_17,False,dependent
donor_h0002636,1,9,61,2,2,2.0,2.0,,2.0,0,2,35_64,True,generative
donor_h0002636,2,8,51,2,2,2.0,2.0,,2.0,1,2,35_64,True,generative
donor_h0002637,1,9,27,2,2,2.0,2.0,,2.0,0,2,18_34,True,generative
donor_h0002638,1,17,32,2,2,2.0,2.0,,2.0,0,2,18_34,True,generative
donor_h0002638,2,17,9,2,2,,2.0,,2.0,2,2,0_17,False,dependent
donor_h0002638,3,16,3,2,2,,,,,2,2,0_17,False,dependent
donor_h0002639,1,4,50,2,2,2.0,2.0,,2.0,0,2,35_64,True,generative
donor_h0002639,2,4,57,2,2,2.0,2.0,,2.0,1,2,35_64,True,generative
donor_h0002639,3,4,16,2,2,2.0,2.0,,2.0,2,2,0_17,False,dependent
donor_h0002640,1,43,46,2,2,2.0,1.0,,2.0,0,1,35_64,True,generative
donor_h0002640,2,35,65,2,2,2.0,1.0,,2.0,1,1,65_plus,True,generative
donor_h0002641,1,13,76,2,2,2.0,1.0,,2.0,0,1,65_plus,True,generative
donor_h0002641,2,13,66,2,2,2.0,2.0,,2.0,1,2,65_plus,True,generative
donor_h0002642,1,7,50,2,2,2.0,2.0,,2.0,0,2,35_64,True,generative
donor_h0002642,2,10,50,2,2,2.0,2.0,,2.0,1,2,35_64,True,generative
donor_h0002642,3,4,88,1,2,1.0,1.0,,2.0,6,1,65_plus,True,generative
donor_h0002643,1,17,57,2,2,2.0,2.0,,1.0,0,1,35_64,True,generative
donor_h0002644,1,18,34,2,2,2.0,2.0,,2.0,0,2,18_34,True,generative
donor_h0002644,2,18,38,2,2,2.0,2.0,,2.0,1,2,35_64,True,generative
donor_h0002644,3,19,6,2,2,,2.0,,2.0,2,2,0_17,False,dependent
donor_h0002644,4,17,3,2,2,,,,,2,2,0_17,False,dependent
donor_h0002644,5,17,0,2,2,,,,,2,2,0_17,False,dependent
donor_h0002644,6,21,27,2,2,2.0,2.0,,2.0,12,2,18_34,True,generative
donor_h0002645,1,17,63,2,2,1.0,2.0,,2.0,0,1,35_64,True,generative
donor_h0002645,2,13,65,2,2,2.0,2.0,,2.0,1,2,65_plus,True,generative
donor_h0002646,1,20,52,2,2,2.0,2.0,,2.0,0,2,35_64,True,generative
donor_h0002646,2,26,36,2,2,2.0,2.0,,2.0,1,2,35_64,True,generative
donor_h0002646,3,25,11,2,2,,2.0,,2.0,2,2,0_17,False,dependent
donor_h0002646,4,26,8,2,2,,2.0,,2.0,2,2,0_17,False,dependent
donor_h0002646,5,24,5,2,2,,2.0,,2.0,2,2,0_17,False,dependent
donor_h0002647,1,22,65,2,2,2.0,2.0,,2.0,0,2,65_plus,True,generative
donor_h0002648,1,14,38,2,2,2.0,2.0,,2.0,0,2,35_64,True,generative
donor_h0002648,2,14,38,2,2,2.0,2.0,,2.0,1,2,35_64,True,generative
donor_h0002648,3,14,12,2,2,,2.0,,1.0,2,1,0_17,False,dependent
donor_h0002648,4,13,5,2,2,,2.0,,2.0,2,2,0_17,False,dependent
donor_h0002648,5,17,3,2,2,,,,,2,2,0_17,False,dependent
donor_h0002648,6,14,36,2,2,2.0,2.0,,2.0,15,2,35_64,True,generative
donor_h0002649,1,12,72,2,2,2.0,2.0,,2.0,0,2,65_plus,True,generative
donor_h0002650,1,14,71,2,2,2.0,2.0,,2.0,0,2,65_plus,True,generative
donor_h0002651,1,10,74,2,1,2.0,1.0,,1.0,0,1,65_plus,True,generative
donor_h0002652,1,23,68,2,2,2.0,2.0,,2.0,0,2,65_plus,True,generative
donor_h0002653,1,20,72,2,2,2.0,1.0,,2.0,0,1,65_plus,True,generative
donor_h0002653,2,21,76,2,2,2.0,1.0,,2.0,1,1,65_plus,True,generative
donor_h0002654,1,10,52,2,2,2.0,2.0,,2.0,0,2,35_64,True,generative
donor_h0002654,2,10,58,2,2,2.0,2.0,,2.0,1,2,35_64,True,generative
donor_h0002654,3,12,22,2,2,2.0,2.0,,2.0,2,2,18_34,True,generative
donor_h0002655,1,19,56,1,1,1.0,2.0,,1.0,0,1,35_64,True,generative
donor_h0002656,1,6,69,2,2,2.0,1.0,,2.0,0,1,65_plus,True,generative
donor_h0002657,1,24,30,2,2,2.0,2.0,,2.0,0,2,18_34,True,generative
donor_h0002658,1,9,80,2,2,2.0,2.0,,2.0,0,2,65_plus,True,generative
donor_h0002659,1,17,58,2,2,2.0,2.0,,2.0,0,2,35_64,True,generative
donor_h0002659,2,17,58,2,2,2.0,2.0,,2.0,1,2,35_64,True,generative
donor_h0002659,3,17,29,2,2,2.0,2.0,,2.0,2,2,18_34,True,generative
donor_h0002659,4,17,28,2,2,2.0,2.0,,2.0,2,2,18_34,True,generative
donor_h0002660,1,14,50,2,2,2.0,2.0,,2.0,0,2,35_64,True,generative
donor_h0002661,1,12,70,2,2,2.0,2.0,,2.0,0,2,65_plus,True,generative
donor_h0002662,1,15,54,2,2,2.0,2.0,,2.0,0,2,35_64,True,generative
donor_h0002662,2,11,54,2,2,1.0,1.0,,2.0,1,1,35_64,True,generative
donor_h0002663,1,8,81,1,1,2.0,2.0,,2.0,0,1,65_plus,True,generative
donor_h0002663,2,10,77,1,2,2.0,2.0,,2.0,1,1,65_plus,True,generative
donor_h0002664,1,12,71,1,2,2.0,2.0,,2.0,0,1,65_plus,True,generative
donor_h0002664,2,14,71,2,2,2.0,1.0,,2.0,1,1,65_plus,True,generative
donor_h0002665,1,15,29,2,2,2.0,2.0,,2.0,0,2,18_34,True,generative
donor_h0002665,2,14,35,2,2,2.0,2.0,,2.0,1,2,35_64,True,generative
donor_h0002665,3,13,6,2,2,,2.0,,2.0,2,2,0_17,False,dependent
donor_h0002665,4,14,5,2,2,,2.0,,2.0,2,2,0_17,False,dependent
donor_h0002665,5,11,12,2,2,,2.0,,2.0,4,2,0_17,False,dependent
donor_h0002666,1,3,74,2,2,2.0,2.0,,2.0,0,2,65_plus,True,generative
donor_h0002666,2,4,69,2,2,2.0,2.0,,2.0,1,2,65_plus,True,generative
donor_h0002667,1,7,35,2,2,2.0,2.0,,2.0,0,2,35_64,True,generative
donor_h0002667,2,7,35,2,2,2.0,2.0,,2.0,1,2,35_64,True,generative
donor_h0002667,3,7,5,2,2,,2.0,,2.0,2,2,0_17,False,dependent
donor_h0002667,4,8,2,2,2,,,,,2,2,0_17,False,dependent
donor_h0002668,1,10,58,2,2,1.0,1.0,,2.0,0,1,35_64,True,generative
donor_h0002668,2,9,59,2,2,2.0,2.0,,2.0,1,2,35_64,True,generative
donor_h0002669,1,36,54,2,2,2.0,2.0,,2.0,0,2,35_64,True,generative
donor_h0002669,2,28,53,2,2,2.0,2.0,,2.0,1,2,35_64,True,generative
donor_h0002669,3,41,74,2,2,1.0,2.0,,1.0,6,1,65_plus,True,generative
donor_h0002670,1,12,46,2,2,2.0,2.0,,2.0,0,2,35_64,True,generative
donor_h0002670,2,12,40,2,2,2.0,1.0,,2.0,1,1,35_64,True,generative
donor_h0002670,3,12,7,2,2,,2.0,,2.0,2,2,0_17,False,dependent
donor_h0002670,4,14,3,2,2,,,,,2,2,0_17,False,dependent
donor_h0002671,1,15,58,2,2,2.0,2.0,,2.0,0,2,35_64,True,generative
donor_h0002671,2,13,14,2,2,,2.0,,2.0,7,2,0_17,False,dependent
donor_h0002671,3,12,67,1,1,2.0,2.0,,2.0,12,1,65_plus,True,generative
donor_h0002671,4,15,64,2,2,2.0,2.0,,2.0,13,2,35_64,True,generative
donor_h0002672,1,33,58,2,2,2.0,2.0,,2.0,0,2,35_64,True,generative
donor_h0002672,2,51,62,2,2,2.0,1.0,,2.0,1,1,35_64,True,generative
donor_h0002673,1,15,63,2,2,2.0,2.0,,2.0,0,2,35_64,True,generative
donor_h0002673,2,13,8,2,2,,2.0,,2.0,2,2,0_17,False,dependent
donor_h0002673,3,14,8,2,2,,2.0,,2.0,2,1,0_17,False,dependent
donor_h0002673,4,14,58,2,2,2.0,2.0,,2.0,13,2,35_64,True,generative
donor_h0002674,1,8,53,2,2,2.0,2.0,,2.0,0,2,35_64,True,generative
donor_h0002675,1,2,70,2,2,2.0,2.0,,2.0,0,2,65_plus,True,generative
donor_h0002676,1,4,81,2,2,1.0,1.0,,2.0,0,1,65_plus,True,generative
donor_h0002677,1,6,59,2,2,2.0,2.0,,2.0,0,2,35_64,True,generative
donor_h0002678,1,9,51,2,2,2.0,1.0,,2.0,0,1,35_64,True,generative
donor_h0002678,2,13,31,2,2,2.0,2.0,,2.0,5,2,18_34,True,generative
donor_h0002679,1,11,66,2,2,2.0,2.0,,2.0,0,2,65_plus,True,generative
donor_h0002679,2,11,66,2,2,2.0,2.0,,2.0,1,2,65_plus,True,generative
donor_h0002680,1,10,56,2,2,2.0,2.0,,2.0,0,2,35_64,True,generative
donor_h0002680,2,10,56,2,2,2.0,2.0,,2.0,1,2,35_64,True,generative
donor_h0002681,1,11,50,2,2,2.0,2.0,,2.0,0,2,35_64,True,generative
donor_h0002682,1,13,51,2,2,2.0,2.0,,2.0,0,2,35_64,True,generative
donor_h0002682,2,11,18,2,2,2.0,2.0,,2.0,2,2,18_34,True,generative
donor_h0002683,1,13,43,2,2,2.0,2.0,,2.0,0,2,35_64,True,generative
donor_h0002683,2,15,23,2,2,2.0,2.0,,2.0,2,2,18_34,True,generative
donor_h0002683,3,15,3,2,2,,,,,7,2,0_17,False,dependent
donor_h0002683,4,11,25,2,2,2.0,2.0,,2.0,9,2,18_34,True,generative
donor_h0002684,1,2,71,1,2,2.0,2.0,,2.0,0,1,65_plus,True,generative
donor_h0002685,1,17,18,2,2,2.0,2.0,,2.0,0,2,18_34,True,generative
donor_h0002685,2,18,24,2,2,2.0,2.0,,2.0,12,2,18_34,True,generative
donor_h0002686,1,34,72,2,2,2.0,2.0,,2.0,0,2,65_plus,True,generative
donor_h0002686,2,36,67,2,2,2.0,2.0,,2.0,1,2,65_plus,True,generative
donor_h0002686,3,32,4,2,2,,,,,7,2,0_17,False,dependent
donor_h0002686,4,32,3,2,2,,,,,7,2,0_17,False,dependent
donor_h0002687,1,5,42,2,2,2.0,2.0,,2.0,0,2,35_64,True,generative
donor_h0002687,2,4,44,2,2,2.0,2.0,,2.0,13,2,35_64,True,generative
donor_h0002687,3,4,14,2,2,,2.0,,2.0,15,2,0_17,False,dependent
donor_h0002687,4,4,9,2,2,,2.0,,2.0,15,2,0_17,False,dependent
donor_h0002688,1,71,49,2,2,2.0,2.0,,2.0,0,2,35_64,True,generative
donor_h0002688,2,54,50,2,2,2.0,2.0,,2.0,1,2,35_64,True,generative
donor_h0002689,1,3,70,2,2,2.0,2.0,,2.0,0,2,65_plus,True,generative
donor_h0002689,2,3,59,2,2,2.0,2.0,,2.0,1,2,35_64,True,generative
donor_h0002690,1,6,65,2,2,2.0,2.0,,2.0,0,2,65_plus,True,generative
donor_h0002690,2,6,73,1,2,2.0,2.0,,1.0,1,1,65_plus,True,generative
donor_h0002691,1,36,38,2,2,2.0,2.0,,2.0,0,2,35_64,True,generative
donor_h0002691,2,33,6,2,2,,2.0,,2.0,2,2,0_17,False,dependent
donor_h0002691,3,41,39,2,2,2.0,2.0,,2.0,13,2,35_64,True,generative
donor_h0002692,1,27,35,2,2,2.0,2.0,,2.0,0,2,35_64,True,generative
donor_h0002692,2,22,47,2,2,2.0,2.0,,2.0,12,2,35_64,True,generative
donor_h0002693,1,19,74,2,2,2.0,2.0,,2.0,0,2,65_plus,True,generative
donor_h0002694,1,5,77,2,2,1.0,1.0,,2.0,0,1,65_plus,True,generative
donor_h0002695,1,14,56,2,2,2.0,2.0,,2.0,0,2,35_64,True,generative
donor_h0002696,1,29,72,2,1,2.0,1.0,,1.0,0,1,65_plus,True,generative
donor_h0002696,2,37,62,2,2,2.0,1.0,,2.0,13,1,35_64,True,generative
donor_h0002696,3,29,73,2,1,1.0,1.0,,2.0,15,1,65_plus,True,generative
donor_h0002697,1,18,46,2,2,2.0,2.0,,2.0,0,2,35_64,True,generative
donor_h0002697,2,26,44,2,2,2.0,2.0,,2.0,1,2,35_64,True,generative
donor_h0002697,3,18,13,2,2,,2.0,,2.0,2,2,0_17,False,dependent
donor_h0002697,4,19,11,2,2,,2.0,,2.0,2,2,0_17,False,dependent
donor_h0002697,5,19,9,2,2,,2.0,,2.0,2,2,0_17,False,dependent
donor_h0002697,6,25,1,2,2,,,,,2,2,0_17,False,dependent
donor_h0002698,1,16,76,2,2,2.0,2.0,,2.0,0,2,65_plus,True,generative
donor_h0002699,1,14,52,1,2,2.0,2.0,,2.0,0,1,35_64,True,generative
donor_h0002700,1,14,40,2,2,2.0,2.0,,2.0,0,2,35_64,True,generative
donor_h0002700,2,12,45,2,2,2.0,2.0,,2.0,1,2,35_64,True,generative
donor_h0002700,3,13,11,2,2,,2.0,,2.0,2,2,0_17,False,dependent
donor_h0002700,4,13,8,2,2,,2.0,,2.0,2,2,0_17,False,dependent
donor_h0002701,1,10,61,2,2,2.0,2.0,3.0,2.0,0,2,35_64,True,generative
donor_h0002701,2,8,73,2,2,2.0,2.0,,2.0,13,2,65_plus,True,generative
donor_h0002702,1,13,55,2,2,2.0,2.0,,2.0,0,2,35_64,True,generative
donor_h0002703,1,3,67,2,2,2.0,2.0,,2.0,0,2,65_plus,True,generative
donor_h0002703,2,3,66,2,2,2.0,2.0,,2.0,1,2,65_plus,True,generative
donor_h0002703,3,3,65,2,2,2.0,2.0,,2.0,5,2,65_plus,True,generative
donor_h0002703,4,3,69,2,2,1.0,1.0,,2.0,10,1,65_plus,True,generative
donor_h0002704,1,11,71,2,2,2.0,2.0,,2.0,0,2,65_plus,True,generative
donor_h0002704,2,12,69,1,1,2.0,2.0,,2.0,1,1,65_plus,True,generative
donor_h0002705,1,7,72,2,2,2.0,2.0,,2.0,0,2,65_plus,True,generative
donor_h0002705,2,7,66,2,2,2.0,2.0,,2.0,1,2,65_plus,True,generative
donor_h0002706,1,11,70,1,2,2.0,2.0,3.0,2.0,0,1,65_plus,True,generative
donor_h0002706,2,12,69,2,2,2.0,2.0,,2.0,1,2,65_plus,True,generative
donor_h0002707,1,9,56,2,2,2.0,2.0,,2.0,0,2,35_64,True,generative
donor_h0002707,2,9,58,2,2,2.0,2.0,,2.0,1,2,35_64,True,generative
donor_h0002708,1,14,42,2,2,2.0,2.0,,2.0,0,2,35_64,True,generative
donor_h0002708,2,12,47,2,2,2.0,2.0,,2.0,1,2,35_64,True,generative
donor_h0002708,3,13,17,2,2,2.0,2.0,,2.0,2,2,0_17,False,dependent
donor_h0002708,4,12,17,2,2,2.0,2.0,,2.0,2,2,0_17,False,dependent
donor_h0002709,1,3,78,2,2,2.0,2.0,,2.0,0,2,65_plus,True,generative
donor_h0002710,1,26,22,2,2,2.0,2.0,,2.0,0,2,18_34,True,generative
donor_h0002710,2,30,23,2,2,2.0,2.0,,2.0,13,2,18_34,True,generative
donor_h0002711,1,43,50,2,2,2.0,2.0,,2.0,0,2,35_64,True,generative
donor_h0002711,2,25,50,2,2,2.0,2.0,,2.0,1,2,35_64,True,generative
donor_h0002711,3,25,18,2,2,2.0,2.0,,2.0,2,2,18_34,True,generative
donor_h0002712,1,12,30,2,2,2.0,2.0,,2.0,0,2,18_34,True,generative
donor_h0002712,2,12,34,2,2,2.0,2.0,,2.0,1,2,18_34,True,generative
donor_h0002712,3,12,5,2,2,,2.0,,2.0,2,2,0_17,False,dependent
donor_h0002713,1,46,43,2,2,2.0,2.0,,2.0,0,2,35_64,True,generative
donor_h0002713,2,36,53,2,2,2.0,2.0,,2.0,1,2,35_64,True,generative
donor_h0002713,3,43,13,2,2,,2.0,,2.0,2,2,0_17,False,dependent
donor_h0002713,4,43,11,2,2,,2.0,,2.0,2,2,0_17,False,dependent
donor_h0002714,1,20,39,2,2,2.0,2.0,,2.0,0,2,35_64,True,generative
donor_h0002714,2,22,21,2,2,2.0,2.0,,2.0,2,2,18_34,True,generative
donor_h0002714,3,23,17,2,2,2.0,2.0,,2.0,2,2,0_17,False,dependent
donor_h0002714,4,17,7,2,2,,2.0,,2.0,2,2,0_17,False,dependent
donor_h0002715,1,80,22,2,2,2.0,2.0,,2.0,0,2,18_34,True,generative
donor_h0002715,2,66,4,2,2,,,,,2,2,0_17,False,dependent
donor_h0002715,3,83,0,2,2,,,,,2,2,0_17,False,dependent
donor_h0002715,4,83,29,2,2,2.0,2.0,,2.0,13,2,18_34,True,generative
donor_h0002716,1,2,59,2,2,2.0,2.0,,2.0,0,2,35_64,True,generative
donor_h0002717,1,8,42,2,2,2.0,2.0,,2.0,0,2,35_64,True,generative
donor_h0002717,2,8,40,2,2,2.0,2.0,,2.0,1,2,35_64,True,generative
donor_h0002717,3,8,15,2,2,2.0,2.0,,2.0,2,2,0_17,False,dependent
donor_h0002717,4,8,10,2,2,,2.0,,2.0,2,2,0_17,False,dependent
donor_h0002718,1,25,55,2,2,2.0,2.0,,2.0,0,2,35_64,True,generative
donor_h0002718,2,19,18,2,2,2.0,2.0,,2.0,2,2,18_34,True,generative
donor_h0002718,3,24,55,2,2,2.0,2.0,,2.0,15,2,35_64,True,generative
donor_h0002719,1,12,76,1,2,1.0,1.0,,2.0,0,1,65_plus,True,generative
donor_h0002719,2,15,76,2,2,2.0,2.0,,2.0,1,2,65_plus,True,generative
donor_h0002720,1,39,76,2,2,2.0,2.0,5.0,2.0,0,2,65_plus,True,generative
donor_h0002720,2,32,79,1,2,2.0,2.0,,2.0,1,1,65_plus,True,generative
donor_h0002721,1,68,54,2,1,1.0,2.0,,1.0,0,1,35_64,True,generative
donor_h0002722,1,2,77,2,2,2.0,2.0,,2.0,0,2,65_plus,True,generative
donor_h0002722,2,4,62,2,2,2.0,2.0,,2.0,1,2,35_64,True,generative
donor_h0002723,1,23,81,2,2,2.0,1.0,,2.0,0,1,65_plus,True,generative
donor_h0002724,1,5,54,2,2,2.0,2.0,,2.0,0,2,35_64,True,generative
donor_h0002725,1,24,69,1,2,2.0,2.0,,2.0,0,1,65_plus,True,generative
donor_h0002726,1,12,56,2,2,1.0,1.0,,1.0,0,1,35_64,True,generative
donor_h0002727,1,20,42,2,2,2.0,2.0,,2.0,0,2,35_64,True,generative
donor_h0002728,1,41,49,2,2,1.0,1.0,,2.0,0,1,35_64,True,generative
donor_h0002729,1,14,85,2,2,2.0,2.0,,2.0,0,2,65_plus,True,generative
donor_h0002730,1,15,37,2,2,2.0,2.0,,2.0,0,2,35_64,True,generative
donor_h0002730,2,15,43,2,2,2.0,2.0,,2.0,1,2,35_64,True,generative
donor_h0002730,3,21,17,2,2,1.0,2.0,,1.0,2,1,0_17,False,dependent
donor_h0002730,4,14,15,2,2,1.0,2.0,,1.0,2,1,0_17,False,dependent
donor_h0002731,1,13,33,2,2,2.0,2.0,,2.0,0,2,18_34,True,generative
donor_h0002731,2,13,34,2,2,2.0,2.0,,2.0,1,2,18_34,True,generative
donor_h0002731,3,12,6,2,2,,2.0,,2.0,2,2,0_17,False,dependent
donor_h0002732,1,6,34,2,2,2.0,2.0,,2.0,0,2,18_34,True,generative
donor_h0002733,1,12,75,2,2,2.0,2.0,,2.0,0,2,65_plus,True,generative
donor_h0002734,1,18,55,1,2,1.0,1.0,,1.0,0,1,35_64,True,generative
donor_h0002735,1,8,36,1,2,2.0,2.0,,2.0,0,1,35_64,True,generative
donor_h0002735,2,8,33,2,2,2.0,2.0,,2.0,1,2,18_34,True,generative
donor_h0002736,1,12,43,2,2,2.0,2.0,,2.0,0,2,35_64,True,generative
donor_h0002736,2,12,44,2,2,2.0,2.0,,2.0,1,2,35_64,True,generative
donor_h0002736,3,11,13,2,2,,2.0,,2.0,2,2,0_17,False,dependent
donor_h0002736,4,12,5,2,2,,2.0,,2.0,2,2,0_17,False,dependent
donor_h0002737,1,25,26,2,2,2.0,2.0,,2.0,0,2,18_34,True,generative
donor_h0002737,2,21,2,2,2,,,,,2,2,0_17,False,dependent
donor_h0002737,3,21,1,2,2,,,,,2,2,0_17,False,dependent
donor_h0002737,4,26,27,2,2,2.0,2.0,,2.0,13,2,18_34,True,generative
donor_h0002738,1,17,26,2,2,2.0,2.0,2.0,2.0,0,2,18_34,True,generative
donor_h0002738,2,21,3,2,2,,,,,2,2,0_17,False,dependent
donor_h0002739,1,3,63,2,2,2.0,2.0,,2.0,0,2,35_64,True,generative
donor_h0002740,1,26,28,2,2,2.0,2.0,,2.0,0,2,18_34,True,generative
donor_h0002740,2,26,58,1,2,1.0,1.0,,1.0,8,1,35_64,True,generative
donor_h0002741,1,86,24,2,2,2.0,2.0,,2.0,0,2,18_34,True,generative
donor_h0002741,2,77,1,2,2,,,,,2,2,0_17,False,dependent
donor_h0002741,3,74,23,2,2,2.0,2.0,,2.0,13,2,18_34,True,generative
donor_h0002742,1,19,74,1,1,1.0,1.0,,2.0,0,1,65_plus,True,generative
donor_h0002743,1,16,65,2,2,2.0,2.0,,2.0,0,2,65_plus,True,generative
donor_h0002743,2,16,69,2,2,2.0,2.0,,2.0,1,2,65_plus,True,generative
donor_h0002744,1,9,48,2,2,2.0,2.0,,2.0,0,2,35_64,True,generative
donor_h0002744,2,7,50,2,2,2.0,2.0,,2.0,1,2,35_64,True,generative
donor_h0002745,1,14,63,2,2,2.0,2.0,,2.0,0,2,35_64,True,generative
donor_h0002745,2,14,60,2,2,2.0,2.0,,2.0,1,2,35_64,True,generative
donor_h0002745,3,13,60,2,2,2.0,2.0,,2.0,10,2,35_64,True,generative
donor_h0002746,1,11,64,2,2,2.0,2.0,,2.0,0,2,35_64,True,generative
donor_h0002747,1,66,37,2,2,2.0,2.0,,2.0,0,2,35_64,True,generative
donor_h0002747,2,63,14,2,2,,2.0,,2.0,2,2,0_17,False,dependent
donor_h0002747,3,69,12,2,2,,2.0,,2.0,2,2,0_17,False,dependent
donor_h0002748,1,6,65,2,2,2.0,2.0,,2.0,0,2,65_plus,True,generative
donor_h0002748,2,8,62,2,2,2.0,2.0,,2.0,1,2,35_64,True,generative
donor_h0002749,1,15,61,2,2,2.0,2.0,,2.0,0,2,35_64,True,generative
donor_h0002750,1,74,71,1,1,2.0,2.0,,1.0,0,1,65_plus,True,generative
donor_h0002750,2,75,76,1,1,1.0,1.0,,1.0,1,1,65_plus,True,generative
donor_h0002750,3,81,31,2,2,2.0,2.0,,1.0,7,1,18_34,True,generative
donor_h0002750,4,109,24,2,2,2.0,2.0,,2.0,7,2,18_34,True,generative
donor_h0002750,5,94,21,2,2,2.0,2.0,,2.0,7,2,18_34,True,generative
donor_h0002750,6,77,3,2,2,,,,,7,2,0_17,False,dependent
donor_h0002750,7,97,0,2,1,,,,,7,1,0_17,False,dependent
donor_h0002751,1,16,81,2,2,2.0,1.0,,2.0,0,1,65_plus,True,generative
donor_h0002752,1,14,65,2,2,2.0,2.0,,1.0,0,1,65_plus,True,generative
donor_h0002753,1,19,26,2,2,1.0,1.0,,2.0,0,1,18_34,True,generative
donor_h0002753,2,17,32,2,2,1.0,2.0,,1.0,1,1,18_34,True,generative
donor_h0002753,3,17,7,2,2,,2.0,,1.0,2,1,0_17,False,dependent
donor_h0002753,4,20,0,2,2,,,,,2,2,0_17,False,dependent
donor_h0002753,5,16,7,2,2,,2.0,,2.0,4,2,0_17,False,dependent
donor_h0002754,1,10,68,2,2,2.0,2.0,,2.0,0,2,65_plus,True,generative
donor_h0002754,2,10,68,2,2,2.0,2.0,,2.0,1,2,65_plus,True,generative
donor_h0002755,1,12,79,1,2,1.0,1.0,,2.0,0,1,65_plus,True,generative
donor_h0002755,2,10,73,2,2,2.0,2.0,,2.0,15,2,65_plus,True,generative
donor_h0002756,1,4,61,2,2,2.0,2.0,,2.0,0,2,35_64,True,generative
donor_h0002757,1,10,59,2,2,2.0,2.0,,2.0,0,2,35_64,True,generative
donor_h0002757,2,8,74,2,2,2.0,2.0,,2.0,1,2,65_plus,True,generative
donor_h0002758,1,5,44,2,2,2.0,2.0,,2.0,0,2,35_64,True,generative
donor_h0002758,2,5,48,2,2,2.0,2.0,,2.0,1,2,35_64,True,generative
donor_h0002758,3,4,14,2,2,,2.0,,2.0,2,2,0_17,False,dependent
donor_h0002758,4,5,8,2,2,,2.0,,2.0,2,2,0_17,False,dependent
donor_h0002759,1,16,57,2,2,2.0,2.0,,2.0,0,2,35_64,True,generative
donor_h0002759,2,17,58,2,2,2.0,2.0,,2.0,1,2,35_64,True,generative
donor_h0002760,1,14,79,1,2,2.0,1.0,,2.0,0,1,65_plus,True,generative
donor_h0002761,1,6,72,2,2,2.0,2.0,,2.0,0,2,65_plus,True,generative
donor_h0002761,2,8,65,2,2,2.0,2.0,,2.0,1,2,65_plus,True,generative
donor_h0002762,1,14,71,2,2,2.0,2.0,,2.0,0,2,65_plus,True,generative
donor_h0002762,2,15,68,2,2,2.0,2.0,,2.0,1,2,65_plus,True,generative
donor_h0002763,1,20,65,2,2,2.0,2.0,,2.0,0,2,65_plus,True,generative
donor_h0002763,2,25,62,2,2,2.0,2.0,,2.0,1,2,35_64,True,generative
donor_h0002764,1,9,42,2,2,2.0,2.0,,2.0,0,2,35_64,True,generative
donor_h0002764,2,11,38,2,2,2.0,2.0,,2.0,1,2,35_64,True,generative
donor_h0002764,3,14,22,2,2,2.0,2.0,,2.0,2,2,18_34,True,generative
donor_h0002764,4,12,12,2,2,,2.0,,1.0,2,1,0_17,False,dependent
donor_h0002764,5,14,11,2,2,,2.0,,2.0,2,2,0_17,False,dependent
donor_h0002764,6,12,8,2,2,,2.0,,2.0,2,2,0_17,False,dependent
donor_h0002765,1,6,47,2,2,2.0,2.0,,2.0,0,2,35_64,True,generative
donor_h0002765,2,8,21,2,2,2.0,2.0,,2.0,2,2,18_34,True,generative
donor_h0002766,1,16,32,2,2,2.0,2.0,,2.0,0,2,18_34,True,generative
donor_h0002767,1,14,47,2,2,2.0,2.0,,2.0,0,2,35_64,True,generative
donor_h0002767,2,18,20,2,2,1.0,2.0,,1.0,2,1,18_34,True,generative
donor_h0002768,1,15,38,2,2,1.0,1.0,,1.0,0,1,35_64,True,generative
donor_h0002768,2,12,57,1,2,1.0,1.0,,1.0,12,1,35_64,True,generative
donor_h0002768,3,13,45,2,2,1.0,2.0,,1.0,12,1,35_64,True,generative
donor_h0002768,4,16,36,2,2,1.0,2.0,,1.0,12,1,35_64,True,generative
donor_h0002769,1,3,35,2,2,2.0,2.0,,2.0,0,2,35_64,True,generative
donor_h0002769,2,3,34,2,2,2.0,2.0,,2.0,1,2,18_34,True,generative
donor_h0002769,3,2,9,2,2,,2.0,,2.0,2,2,0_17,False,dependent
donor_h0002769,4,3,6,2,2,,2.0,,2.0,2,2,0_17,False,dependent
donor_h0002770,1,3,29,2,2,2.0,2.0,,2.0,0,2,18_34,True,generative
donor_h0002770,2,3,9,2,2,,2.0,,2.0,2,2,0_17,False,dependent
donor_h0002770,3,3,5,2,2,,2.0,,2.0,2,2,0_17,False,dependent
donor_h0002771,1,3,74,2,2,2.0,2.0,,2.0,0,2,65_plus,True,generative
donor_h0002771,2,4,85,2,2,2.0,2.0,,2.0,1,2,65_plus,True,generative
donor_h0002772,1,14,84,2,2,2.0,2.0,,2.0,0,2,65_plus,True,generative
donor_h0002773,1,24,22,2,2,2.0,2.0,,2.0,0,2,18_34,True,generative
donor_h0002773,2,28,23,2,2,2.0,2.0,,2.0,13,2,18_34,True,generative
donor_h0002774,1,16,60,2,2,2.0,2.0,,2.0,0,2,35_64,True,generative
donor_h0002774,2,17,60,2,2,2.0,2.0,,2.0,1,2,35_64,True,generative
donor_h0002775,1,5,63,2,2,2.0,2.0,,2.0,0,2,35_64,True,generative
donor_h0002776,1,19,21,2,2,2.0,2.0,,2.0,0,2,18_34,True,generative
donor_h0002776,2,17,24,2,2,1.0,1.0,,1.0,1,1,18_34,True,generative
donor_h0002776,3,14,0,2,2,,,,,2,2,0_17,False,dependent
donor_h0002777,1,16,81,2,2,2.0,2.0,,2.0,0,2,65_plus,True,generative
donor_h0002778,1,15,33,2,2,2.0,2.0,,2.0,0,2,18_34,True,generative
donor_h0002778,2,14,45,2,2,2.0,2.0,,2.0,1,2,35_64,True,generative
donor_h0002778,3,14,9,2,2,,2.0,,2.0,2,2,0_17,False,dependent
donor_h0002778,4,14,4,2,2,,,,,2,2,0_17,False,dependent
donor_h0002779,1,5,43,2,2,2.0,2.0,,2.0,0,2,35_64,True,generative
donor_h0002779,2,6,48,2,2,2.0,2.0,,2.0,1,2,35_64,True,generative
donor_h0002780,1,14,62,2,2,2.0,2.0,,2.0,0,2,35_64,True,generative
donor_h0002781,1,19,40,2,2,2.0,2.0,,2.0,0,2,35_64,True,generative
donor_h0002781,2,20,42,2,2,2.0,2.0,,2.0,1,2,35_64,True,generative
donor_h0002781,3,26,15,2,2,2.0,2.0,,2.0,2,2,0_17,False,dependent
donor_h0002781,4,17,13,2,2,,2.0,,2.0,2,2,0_17,False,dependent
donor_h0002781,5,18,11,2,2,,2.0,,2.0,2,2,0_17,False,dependent
donor_h0002781,6,20,8,2,2,,2.0,,2.0,2,2,0_17,False,dependent
donor_h0002781,7,19,6,2,2,,2.0,,2.0,2,2,0_17,False,dependent
donor_h0002781,8,20,4,2,2,,,,,3,2,0_17,False,dependent
donor_h0002781,9,21,58,2,2,2.0,2.0,,2.0,11,2,35_64,True,generative
donor_h0002782,1,2,53,2,2,2.0,2.0,,2.0,0,2,35_64,True,generative
donor_h0002782,2,2,41,2,2,2.0,2.0,,2.0,1,2,35_64,True,generative
donor_h0002782,3,3,15,2,2,2.0,2.0,,2.0,4,2,0_17,False,dependent
donor_h0002783,1,51,33,2,2,2.0,2.0,,2.0,0,2,18_34,True,generative
donor_h0002783,2,50,12,2,2,,2.0,,2.0,2,2,0_17,False,dependent
donor_h0002783,3,53,8,2,2,,2.0,,2.0,2,2,0_17,False,dependent
donor_h0002784,1,8,64,2,2,2.0,2.0,,2.0,0,2,35_64,True,generative
donor_h0002784,2,7,61,2,2,2.0,2.0,,2.0,1,2,35_64,True,generative
donor_h0002784,3,7,31,1,2,2.0,2.0,6.0,2.0,2,1,18_34,True,generative
donor_h0002785,1,10,59,2,2,2.0,2.0,,2.0,0,2,35_64,True,generative
donor_h0002786,1,13,61,2,2,2.0,2.0,2.0,2.0,0,2,35_64,True,generative
donor_h0002787,1,31,62,2,2,2.0,2.0,,2.0,0,2,35_64,True,generative
donor_h0002788,1,13,61,2,2,2.0,2.0,,2.0,0,2,35_64,True,generative
donor_h0002789,1,13,60,1,1,2.0,2.0,,1.0,0,1,35_64,True,generative
donor_h0002790,1,3,19,2,2,2.0,2.0,,2.0,0,2,18_34,True,generative
donor_h0002790,2,6,51,1,2,1.0,1.0,,1.0,6,1,35_64,True,generative
donor_h0002790,3,7,19,2,2,2.0,2.0,,2.0,15,2,18_34,True,generative
donor_h0002791,1,14,35,2,2,2.0,2.0,,1.0,0,1,35_64,True,generative
donor_h0002792,1,17,63,2,2,2.0,2.0,,2.0,0,2,35_64,True,generative
donor_h0002792,2,13,73,2,2,2.0,2.0,,2.0,1,2,65_plus,True,generative
donor_h0002793,1,4,73,2,2,2.0,2.0,,2.0,0,2,65_plus,True,generative
donor_h0002793,2,4,73,2,2,2.0,2.0,,2.0,1,2,65_plus,True,generative
donor_h0002794,1,5,76,2,2,2.0,2.0,,2.0,0,2,65_plus,True,generative
donor_h0002794,2,4,69,2,2,2.0,2.0,,2.0,1,2,65_plus,True,generative
donor_h0002795,1,11,82,2,2,2.0,2.0,,2.0,0,2,65_plus,True,generative
donor_h0002795,2,13,80,2,2,2.0,2.0,,2.0,1,2,65_plus,True,generative
donor_h0002796,1,24,31,2,2,2.0,2.0,,2.0,0,2,18_34,True,generative
donor_h0002796,2,25,37,2,2,2.0,2.0,,2.0,1,2,35_64,True,generative
donor_h0002797,1,18,43,1,2,2.0,2.0,,2.0,0,1,35_64,True,generative
donor_h0002797,2,14,28,2,2,2.0,2.0,,2.0,2,2,18_34,True,generative
donor_h0002797,3,14,9,2,2,,2.0,,2.0,4,2,0_17,False,dependent
donor_h0002797,4,18,49,2,2,2.0,2.0,,2.0,10,2,35_64,True,generative
donor_h0002797,5,17,37,2,2,2.0,2.0,,2.0,10,2,35_64,True,generative
donor_h0002798,1,9,40,2,2,2.0,2.0,,2.0,0,2,35_64,True,generative
donor_h0002798,2,7,27,2,2,2.0,2.0,,2.0,1,2,18_34,True,generative
donor_h0002799,1,9,54,2,2,2.0,2.0,,2.0,0,2,35_64,True,generative
donor_h0002799,2,7,53,2,2,2.0,2.0,,2.0,1,2,35_64,True,generative
donor_h0002800,1,8,47,1,2,1.0,1.0,,1.0,0,1,35_64,True,generative
donor_h0002800,2,3,48,2,2,1.0,2.0,,1.0,12,1,35_64,True,generative
donor_h0002801,1,44,57,2,2,2.0,2.0,,2.0,0,2,35_64,True,generative
donor_h0002802,1,14,32,2,2,1.0,2.0,,2.0,0,1,18_34,True,generative
donor_h0002802,2,15,8,2,1,,2.0,,2.0,2,1,0_17,False,dependent
donor_h0002802,3,13,4,2,2,,,,,2,2,0_17,False,dependent
donor_h0002802,4,13,0,2,2,,,,,2,2,0_17,False,dependent
donor_h0002803,1,61,87,2,1,1.0,1.0,,2.0,0,1,65_plus,True,generative
donor_h0002803,2,61,64,2,2,2.0,1.0,,2.0,2,1,35_64,True,generative
donor_h0002804,1,9,53,2,2,1.0,1.0,,1.0,0,1,35_64,True,generative
donor_h0002804,2,14,13,2,2,,2.0,,2.0,2,2,0_17,False,dependent
donor_h0002805,1,12,69,1,2,2.0,2.0,,2.0,0,1,65_plus,True,generative
donor_h0002805,2,6,68,2,2,1.0,1.0,,2.0,1,1,65_plus,True,generative
donor_h0002806,1,18,64,2,2,2.0,2.0,,2.0,0,2,35_64,True,generative
donor_h0002806,2,18,54,2,1,1.0,1.0,,2.0,12,1,35_64,True,generative
donor_h0002807,1,7,71,2,2,2.0,2.0,,2.0,0,2,65_plus,True,generative
donor_h0002807,2,7,66,2,2,2.0,2.0,,2.0,1,2,65_plus,True,generative
donor_h0002808,1,6,68,2,2,2.0,1.0,,2.0,0,1,65_plus,True,generative
donor_h0002809,1,24,63,1,2,2.0,2.0,,2.0,0,1,35_64,True,generative
donor_h0002809,2,19,30,2,2,2.0,2.0,,2.0,1,2,18_34,True,generative
donor_h0002810,1,12,70,2,2,2.0,2.0,,2.0,0,2,65_plus,True,generative
donor_h0002810,2,17,56,2,2,2.0,2.0,,2.0,13,2,35_64,True,generative
donor_h0002811,1,4,51,2,2,2.0,2.0,,2.0,0,2,35_64,True,generative
donor_h0002811,2,4,51,2,2,2.0,2.0,,2.0,1,2,35_64,True,generative
donor_h0002811,3,7,30,2,2,2.0,2.0,,2.0,2,2,18_34,True,generative
donor_h0002811,4,7,21,2,2,2.0,2.0,,2.0,2,2,18_34,True,generative
donor_h0002811,5,4,18,2,2,2.0,2.0,,2.0,2,2,18_34,True,generative
donor_h0002812,1,9,81,2,2,1.0,1.0,,1.0,0,1,65_plus,True,generative
donor_h0002812,2,15,51,2,2,2.0,2.0,,2.0,2,2,35_64,True,generative
donor_h0002813,1,14,51,2,2,2.0,2.0,,2.0,0,2,35_64,True,generative
donor_h0002814,1,56,34,2,2,2.0,2.0,,2.0,0,2,18_34,True,generative
donor_h0002814,2,59,14,2,2,,2.0,,2.0,2,2,0_17,False,dependent
donor_h0002814,3,59,10,2,2,,2.0,,2.0,2,2,0_17,False,dependent
donor_h0002814,4,59,5,2,2,,2.0,,2.0,2,2,0_17,False,dependent
donor_h0002814,5,65,35,2,2,2.0,2.0,,2.0,13,2,35_64,True,generative
donor_h0002815,1,20,77,2,2,2.0,2.0,,2.0,0,2,65_plus,True,generative
donor_h0002815,2,20,73,2,2,1.0,1.0,,2.0,1,1,65_plus,True,generative
donor_h0002816,1,44,55,2,2,2.0,1.0,,2.0,0,1,35_64,True,generative
donor_h0002816,2,32,54,2,2,2.0,2.0,,2.0,1,2,35_64,True,generative
donor_h0002817,1,12,65,2,2,2.0,2.0,,2.0,0,2,65_plus,True,generative
donor_h0002818,1,17,44,2,2,2.0,2.0,,2.0,0,2,35_64,True,generative
donor_h0002819,1,4,65,2,2,2.0,2.0,,2.0,0,2,65_plus,True,generative
donor_h0002819,2,4,68,2,2,2.0,2.0,,2.0,1,2,65_plus,True,generative
donor_h0002819,3,5,29,1,1,1.0,1.0,,1.0,2,1,18_34,True,generative
donor_h0002820,1,13,47,2,2,2.0,2.0,,2.0,0,2,35_64,True,generative
donor_h0002820,2,11,47,2,2,2.0,2.0,,2.0,1,2,35_64,True,generative
donor_h0002820,3,12,15,2,2,2.0,2.0,,2.0,2,2,0_17,False,dependent
donor_h0002821,1,6,48,2,2,2.0,2.0,,2.0,0,2,35_64,True,generative
donor_h0002821,2,6,63,2,2,1.0,1.0,,2.0,1,1,35_64,True,generative
donor_h0002822,1,13,82,2,2,2.0,2.0,,2.0,0,2,65_plus,True,generative
donor_h0002822,2,16,79,2,2,2.0,2.0,,2.0,1,2,65_plus,True,generative
donor_h0002823,1,15,72,1,2,2.0,2.0,3.0,2.0,0,1,65_plus,True,generative
donor_h0002823,2,8,69,2,2,2.0,2.0,,2.0,1,2,65_plus,True,generative
donor_h0002824,1,12,75,2,2,2.0,1.0,,2.0,0,1,65_plus,True,generative
donor_h0002825,1,15,29,2,2,2.0,2.0,,2.0,0,2,18_34,True,generative
donor_h0002825,2,16,29,2,2,2.0,2.0,,2.0,1,2,18_34,True,generative
donor_h0002826,1,17,61,2,2,2.0,2.0,,2.0,0,2,35_64,True,generative
donor_h0002826,2,15,32,2,2,2.0,2.0,,2.0,2,2,18_34,True,generative
donor_h0002826,3,16,10,2,2,,2.0,,2.0,7,2,0_17,False,dependent
donor_h0002827,1,14,56,2,2,1.0,1.0,,1.0,0,1,35_64,True,generative
donor_h0002827,2,8,34,2,2,2.0,2.0,,2.0,12,2,18_34,True,generative
donor_h0002827,3,11,39,2,2,2.0,1.0,,1.0,15,1,35_64,True,generative
donor_h0002828,1,13,49,2,2,2.0,2.0,,2.0,0,2,35_64,True,generative
donor_h0002828,2,8,51,1,2,1.0,2.0,,1.0,1,1,35_64,True,generative
donor_h0002828,3,16,18,2,2,2.0,2.0,,2.0,2,2,18_34,True,generative
donor_h0002829,1,27,56,2,2,2.0,1.0,,2.0,0,1,35_64,True,generative
donor_h0002829,2,26,34,2,2,2.0,1.0,,2.0,2,1,18_34,True,generative
donor_h0002830,1,15,79,2,2,2.0,1.0,,2.0,0,1,65_plus,True,generative
donor_h0002830,2,16,78,2,2,2.0,2.0,,2.0,13,2,65_plus,True,generative
donor_h0002831,1,7,80,1,2,2.0,1.0,,2.0,0,1,65_plus,True,generative
donor_h0002831,2,10,77,1,2,2.0,1.0,,2.0,1,1,65_plus,True,generative
donor_h0002832,1,9,38,2,2,2.0,2.0,,2.0,0,2,35_64,True,generative
donor_h0002832,2,8,38,2,2,2.0,2.0,,2.0,1,2,35_64,True,generative
donor_h0002832,3,7,7,2,2,,2.0,,2.0,2,2,0_17,False,dependent
donor_h0002832,4,7,5,2,2,,2.0,,2.0,2,2,0_17,False,dependent
donor_h0002833,1,17,23,2,2,2.0,2.0,,2.0,0,2,18_34,True,generative
donor_h0002833,2,18,24,2,2,2.0,2.0,,2.0,15,2,18_34,True,generative
donor_h0002833,3,18,20,2,2,2.0,2.0,,2.0,15,2,18_34,True,generative
donor_h0002833,4,17,20,2,2,2.0,2.0,,2.0,15,2,18_34,True,generative
donor_h0002834,1,3,59,2,2,2.0,2.0,,2.0,0,2,35_64,True,generative
donor_h0002835,1,16,82,2,2,2.0,2.0,,2.0,0,2,65_plus,True,generative
donor_h0002836,1,2,49,2,1,2.0,1.0,,1.0,0,1,35_64,True,generative
donor_h0002837,1,7,79,2,2,2.0,2.0,,1.0,0,1,65_plus,True,generative
donor_h0002837,2,6,72,1,2,2.0,1.0,,2.0,1,1,65_plus,True,generative
donor_h0002838,1,24,62,2,2,2.0,2.0,,2.0,0,2,35_64,True,generative
donor_h0002839,1,8,54,2,2,2.0,2.0,,2.0,0,2,35_64,True,generative
donor_h0002840,1,25,66,1,2,2.0,2.0,,2.0,0,1,65_plus,True,generative
donor_h0002840,2,27,69,2,2,2.0,2.0,,2.0,1,2,65_plus,True,generative
donor_h0002841,1,15,69,2,1,1.0,2.0,,2.0,0,1,65_plus,True,generative
donor_h0002841,2,16,66,1,2,2.0,2.0,,2.0,1,1,65_plus,True,generative
donor_h0002842,1,25,85,2,2,2.0,2.0,,2.0,0,2,65_plus,True,generative
donor_h0002843,1,18,67,2,2,2.0,2.0,,2.0,0,2,65_plus,True,generative
donor_h0002843,2,24,59,2,2,2.0,2.0,,2.0,1,2,35_64,True,generative
donor_h0002844,1,8,75,2,2,2.0,2.0,,2.0,0,2,65_plus,True,generative
donor_h0002844,2,10,75,2,2,1.0,2.0,,1.0,1,1,65_plus,True,generative
donor_h0002845,1,7,44,2,2,1.0,2.0,,1.0,0,1,35_64,True,generative
donor_h0002846,1,15,48,2,2,2.0,2.0,,2.0,0,2,35_64,True,generative
donor_h0002846,2,13,47,2,2,2.0,2.0,,2.0,1,2,35_64,True,generative
donor_h0002846,3,19,15,2,2,2.0,2.0,,2.0,2,2,0_17,False,dependent
donor_h0002846,4,13,14,2,2,,2.0,,2.0,2,2,0_17,False,dependent
donor_h0002847,1,16,53,1,2,1.0,1.0,,1.0,0,1,35_64,True,generative
donor_h0002847,2,22,46,2,2,2.0,2.0,,2.0,1,2,35_64,True,generative
donor_h0002847,3,27,22,2,2,2.0,2.0,,2.0,2,2,18_34,True,generative
donor_h0002848,1,9,80,2,2,2.0,2.0,,2.0,0,2,65_plus,True,generative
donor_h0002848,2,11,75,2,2,1.0,1.0,,2.0,1,1,65_plus,True,generative
donor_h0002849,1,12,68,2,2,2.0,2.0,,2.0,0,2,65_plus,True,generative
donor_h0002849,2,12,72,2,2,2.0,2.0,,2.0,1,2,65_plus,True,generative
donor_h0002850,1,40,21,2,2,2.0,2.0,,2.0,0,2,18_34,True,generative
donor_h0002851,1,5,60,2,2,2.0,2.0,,2.0,0,2,35_64,True,generative
donor_h0002851,2,4,67,2,2,2.0,2.0,,2.0,1,2,65_plus,True,generative
donor_h0002851,3,7,23,2,2,2.0,2.0,,2.0,2,2,18_34,True,generative
donor_h0002851,4,6,22,2,2,2.0,2.0,,2.0,2,2,18_34,True,generative
donor_h0002852,1,8,70,2,2,2.0,2.0,,2.0,0,2,65_plus,True,generative
donor_h0002853,1,14,39,2,2,2.0,2.0,,2.0,0,2,35_64,True,generative
donor_h0002854,1,31,70,2,2,2.0,2.0,,2.0,0,2,65_plus,True,generative
donor_h0002854,2,34,67,2,2,2.0,2.0,,2.0,1,2,65_plus,True,generative
donor_h0002854,3,37,36,2,2,2.0,2.0,,2.0,2,2,35_64,True,generative
donor_h0002854,4,34,9,2,2,,2.0,,2.0,7,2,0_17,False,dependent
donor_h0002855,1,109,33,2,2,2.0,2.0,,2.0,0,2,18_34,True,generative
donor_h0002855,2,39,35,2,2,2.0,2.0,,2.0,1,2,35_64,True,generative
donor_h0002855,3,20,8,2,2,,2.0,,2.0,2,2,0_17,False,dependent
donor_h0002855,4,25,4,2,2,,,,,2,2,0_17,False,dependent
donor_h0002855,5,26,2,2,2,,,,,2,2,0_17,False,dependent
donor_h0002856,1,21,71,2,2,2.0,2.0,,2.0,0,2,65_plus,True,generative
donor_h0002856,2,21,76,2,2,2.0,2.0,,2.0,1,2,65_plus,True,generative
donor_h0002857,1,31,64,2,2,2.0,2.0,,2.0,0,2,35_64,True,generative
donor_h0002858,1,6,68,2,2,2.0,2.0,5.0,2.0,0,2,65_plus,True,generative
donor_h0002858,2,2,68,2,2,2.0,2.0,,2.0,13,2,65_plus,True,generative
donor_h0002859,1,4,64,2,2,2.0,2.0,,2.0,0,2,35_64,True,generative
donor_h0002859,2,3,68,2,2,2.0,2.0,,2.0,1,2,65_plus,True,generative
donor_h0002860,1,16,46,2,2,2.0,2.0,,2.0,0,2,35_64,True,generative
donor_h0002861,1,19,80,2,2,2.0,2.0,,2.0,0,2,65_plus,True,generative
donor_h0002861,2,19,74,2,2,2.0,2.0,,2.0,1,2,65_plus,True,generative
donor_h0002862,1,17,63,2,2,2.0,2.0,,2.0,0,2,35_64,True,generative
donor_h0002863,1,12,49,2,2,2.0,2.0,,2.0,0,2,35_64,True,generative
donor_h0002863,2,9,53,2,2,2.0,2.0,,2.0,12,2,35_64,True,generative
donor_h0002864,1,30,67,2,2,2.0,1.0,,2.0,0,1,65_plus,True,generative
donor_h0002865,1,21,52,2,2,2.0,2.0,,2.0,0,2,35_64,True,generative
donor_h0002865,2,23,58,2,2,2.0,2.0,,2.0,1,2,35_64,True,generative
donor_h0002866,1,15,81,2,2,2.0,2.0,,2.0,0,2,65_plus,True,generative
donor_h0002867,1,11,83,2,2,2.0,2.0,,2.0,0,2,65_plus,True,generative
donor_h0002868,1,2,64,2,2,2.0,2.0,,2.0,0,2,35_64,True,generative
donor_h0002869,1,5,63,2,2,2.0,2.0,,2.0,0,2,35_64,True,generative
donor_h0002869,2,5,62,2,2,2.0,2.0,,2.0,1,2,35_64,True,generative
donor_h0002870,1,16,29,2,2,2.0,2.0,,2.0,0,2,18_34,True,generative
donor_h0002871,1,13,61,2,2,2.0,2.0,,2.0,0,2,35_64,True,generative
donor_h0002872,1,9,89,2,2,2.0,1.0,,2.0,0,1,65_plus,True,generative
donor_h0002872,2,11,80,2,2,2.0,2.0,,2.0,1,2,65_plus,True,generative
donor_h0002873,1,17,29,2,2,2.0,2.0,,2.0,0,2,18_34,True,generative
donor_h0002873,2,17,27,2,2,2.0,2.0,,2.0,1,2,18_34,True,generative
donor_h0002873,3,17,4,2,2,,,,,2,2,0_17,False,dependent
donor_h0002873,4,16,2,2,2,,,,,2,2,0_17,False,dependent
donor_h0002874,1,14,81,2,2,2.0,2.0,,2.0,0,2,65_plus,True,generative
donor_h0002875,1,45,62,2,2,2.0,2.0,,2.0,0,2,35_64,True,generative
donor_h0002875,2,48,64,2,2,2.0,1.0,,2.0,1,1,35_64,True,generative
donor_h0002875,3,37,86,1,1,1.0,1.0,,1.0,6,1,65_plus,True,generative
donor_h0002876,1,9,62,2,2,2.0,2.0,,2.0,0,2,35_64,True,generative
donor_h0002876,2,7,67,2,2,2.0,2.0,,2.0,1,2,65_plus,True,generative
donor_h0002877,1,6,70,2,2,2.0,2.0,,2.0,0,2,65_plus,True,generative
donor_h0002877,2,8,59,2,2,1.0,1.0,,2.0,15,1,35_64,True,generative
donor_h0002878,1,15,59,2,2,2.0,2.0,,2.0,0,2,35_64,True,generative
donor_h0002878,2,20,56,2,2,2.0,2.0,,2.0,1,2,35_64,True,generative
donor_h0002878,3,12,27,2,2,2.0,2.0,,2.0,2,2,18_34,True,generative
donor_h0002878,4,14,30,2,2,1.0,2.0,,2.0,9,1,18_34,True,generative
donor_h0002879,1,12,82,1,1,2.0,2.0,,2.0,0,1,65_plus,True,generative
donor_h0002879,2,15,81,1,2,1.0,1.0,,1.0,1,1,65_plus,True,generative
donor_h0002880,1,3,60,2,2,2.0,2.0,,2.0,0,2,35_64,True,generative
donor_h0002880,2,3,71,2,2,2.0,2.0,,2.0,1,2,65_plus,True,generative
donor_h0002881,1,10,74,1,2,2.0,2.0,2.0,2.0,0,1,65_plus,True,generative
donor_h0002881,2,11,74,2,2,2.0,2.0,,2.0,11,2,65_plus,True,generative
donor_h0002882,1,16,35,2,2,2.0,2.0,,2.0,0,2,35_64,True,generative
donor_h0002882,2,22,15,2,2,2.0,2.0,,2.0,2,2,0_17,False,dependent
donor_h0002882,3,15,13,2,2,,2.0,,2.0,2,2,0_17,False,dependent
donor_h0002882,4,16,11,2,2,,2.0,,2.0,2,2,0_17,False,dependent
donor_h0002882,5,16,34,2,2,2.0,2.0,,2.0,13,2,18_34,True,generative
donor_h0002883,1,7,67,2,2,2.0,1.0,,2.0,0,1,65_plus,True,generative
donor_h0002884,1,40,32,2,2,2.0,2.0,2.0,2.0,0,2,18_34,True,generative
donor_h0002884,2,41,33,2,2,2.0,2.0,,2.0,1,2,18_34,True,generative
donor_h0002884,3,48,2,2,2,,,,,2,2,0_17,False,dependent
donor_h0002884,4,38,0,2,2,,,,,2,2,0_17,False,dependent
donor_h0002885,1,17,80,2,2,2.0,1.0,,2.0,0,1,65_plus,True,generative
donor_h0002885,2,21,64,2,2,2.0,2.0,,2.0,1,2,35_64,True,generative
donor_h0002886,1,30,64,2,2,2.0,2.0,,2.0,0,2,35_64,True,generative
donor_h0002886,2,24,71,2,2,1.0,1.0,,2.0,1,1,65_plus,True,generative
donor_h0002887,1,17,52,2,2,2.0,2.0,2.0,2.0,0,2,35_64,True,generative
donor_h0002888,1,4,70,1,2,2.0,2.0,,2.0,0,1,65_plus,True,generative
donor_h0002888,2,4,68,2,2,2.0,2.0,,2.0,1,2,65_plus,True,generative
donor_h0002889,1,17,31,2,2,2.0,2.0,,1.0,0,1,18_34,True,generative
donor_h0002889,2,24,15,2,2,2.0,2.0,,2.0,15,2,0_17,False,dependent
donor_h0002890,1,20,66,2,2,2.0,2.0,,2.0,0,2,65_plus,True,generative
donor_h0002890,2,10,67,2,2,2.0,2.0,,2.0,1,2,65_plus,True,generative
donor_h0002891,1,7,46,2,2,2.0,2.0,,2.0,0,2,35_64,True,generative
donor_h0002891,2,10,18,2,2,2.0,2.0,,2.0,2,2,18_34,True,generative
donor_h0002892,1,14,63,1,1,2.0,1.0,,1.0,0,1,35_64,True,generative
donor_h0002892,2,14,64,2,2,2.0,2.0,,2.0,1,2,35_64,True,generative
donor_h0002893,1,17,87,1,2,1.0,2.0,,2.0,0,1,65_plus,True,generative
donor_h0002893,2,16,60,2,2,2.0,2.0,,2.0,2,2,35_64,True,generative
donor_h0002894,1,10,54,2,2,2.0,2.0,,2.0,0,2,35_64,True,generative
donor_h0002894,2,9,56,2,2,2.0,2.0,,2.0,1,2,35_64,True,generative
donor_h0002895,1,11,48,2,2,2.0,2.0,,2.0,0,2,35_64,True,generative
donor_h0002896,1,102,27,2,2,2.0,2.0,,2.0,0,2,18_34,True,generative
donor_h0002897,1,6,62,2,2,2.0,2.0,,2.0,0,2,35_64,True,generative
donor_h0002897,2,5,62,2,2,2.0,2.0,,2.0,1,2,35_64,True,generative
donor_h0002898,1,6,53,2,2,2.0,2.0,,2.0,0,2,35_64,True,generative
donor_h0002898,2,7,49,1,2,2.0,2.0,,2.0,1,1,35_64,True,generative
donor_h0002898,3,6,28,2,2,2.0,2.0,,2.0,2,2,18_34,True,generative
donor_h0002898,4,10,1,2,2,,,,,7,2,0_17,False,dependent
donor_h0002898,5,5,28,2,2,2.0,2.0,,2.0,9,2,18_34,True,generative
donor_h0002899,1,3,72,1,2,2.0,2.0,,2.0,0,1,65_plus,True,generative
donor_h0002900,1,10,75,1,1,1.0,1.0,,2.0,0,1,65_plus,True,generative
donor_h0002900,2,10,67,1,1,2.0,1.0,,2.0,1,1,65_plus,True,generative
donor_h0002901,1,8,68,2,2,2.0,1.0,,2.0,0,1,65_plus,True,generative
donor_h0002901,2,8,66,2,2,2.0,1.0,,2.0,1,1,65_plus,True,generative
donor_h0002901,3,8,45,2,1,1.0,1.0,,1.0,2,1,35_64,True,generative
donor_h0002902,1,8,76,2,2,2.0,2.0,,2.0,0,2,65_plus,True,generative
donor_h0002903,1,16,73,2,2,2.0,2.0,,2.0,0,2,65_plus,True,generative
donor_h0002903,2,22,28,2,2,2.0,2.0,,2.0,2,2,18_34,True,generative
donor_h0002904,1,7,49,2,2,2.0,2.0,,2.0,0,2,35_64,True,generative
donor_h0002904,2,9,47,2,2,2.0,2.0,,2.0,1,2,35_64,True,generative
donor_h0002904,3,11,17,2,2,2.0,2.0,,2.0,2,2,0_17,False,dependent
donor_h0002904,4,7,14,2,2,,2.0,,2.0,2,2,0_17,False,dependent
donor_h0002904,5,8,11,2,2,,2.0,,2.0,2,2,0_17,False,dependent
donor_h0002905,1,23,53,2,2,2.0,2.0,,2.0,0,2,35_64,True,generative
donor_h0002905,2,18,53,2,2,2.0,2.0,,2.0,1,2,35_64,True,generative
donor_h0002906,1,8,73,1,2,2.0,2.0,2.0,2.0,0,1,65_plus,True,generative
donor_h0002906,2,9,72,2,2,2.0,2.0,,2.0,1,2,65_plus,True,generative
donor_h0002907,1,33,39,2,1,2.0,2.0,,2.0,0,1,35_64,True,generative
donor_h0002907,2,43,14,2,2,,2.0,,2.0,2,2,0_17,False,dependent
donor_h0002907,3,79,0,2,2,,,,,7,2,0_17,False,dependent
donor_h0002907,4,51,11,2,2,,2.0,,2.0,10,2,0_17,False,dependent
donor_h0002907,5,39,38,1,2,2.0,2.0,1.0,2.0,13,1,35_64,True,generative
donor_h0002908,1,20,67,2,2,2.0,2.0,,2.0,0,2,65_plus,True,generative
donor_h0002909,1,24,55,2,2,2.0,2.0,,2.0,0,2,35_64,True,generative
donor_h0002909,2,26,25,2,2,2.0,2.0,,2.0,2,2,18_34,True,generative
donor_h0002909,3,26,23,2,2,2.0,2.0,,2.0,2,2,18_34,True,generative
donor_h0002909,4,23,35,2,2,2.0,2.0,,2.0,15,2,35_64,True,generative
donor_h0002909,5,27,25,2,2,2.0,2.0,,2.0,15,2,18_34,True,generative
donor_h0002910,1,4,66,2,2,2.0,2.0,,2.0,0,2,65_plus,True,generative
donor_h0002910,2,4,65,2,2,2.0,1.0,,2.0,5,1,65_plus,True,generative
donor_h0002911,1,24,42,2,2,2.0,2.0,,2.0,0,2,35_64,True,generative
donor_h0002911,2,28,44,2,2,2.0,2.0,,2.0,1,2,35_64,True,generative
donor_h0002911,3,25,17,2,2,2.0,2.0,,2.0,2,2,0_17,False,dependent
donor_h0002911,4,31,14,2,2,,2.0,,2.0,2,2,0_17,False,dependent
donor_h0002911,5,14,12,2,2,,2.0,,2.0,2,2,0_17,False,dependent
donor_h0002912,1,18,18,2,2,2.0,2.0,,2.0,0,2,18_34,True,generative
donor_h0002912,2,15,40,2,2,2.0,2.0,,2.0,6,2,35_64,True,generative
donor_h0002912,3,14,45,2,2,2.0,2.0,,2.0,8,2,35_64,True,generative
donor_h0002912,4,14,74,2,2,2.0,2.0,,2.0,10,2,65_plus,True,generative
donor_h0002913,1,9,69,1,1,2.0,2.0,5.0,2.0,0,1,65_plus,True,generative
donor_h0002914,1,14,56,2,2,2.0,2.0,,2.0,0,2,35_64,True,generative
donor_h0002914,2,15,61,2,2,2.0,2.0,,2.0,1,2,35_64,True,generative
donor_h0002915,1,8,83,2,2,2.0,2.0,,2.0,0,2,65_plus,True,generative
donor_h0002916,1,15,49,2,2,2.0,2.0,,2.0,0,2,35_64,True,generative
donor_h0002916,2,6,48,2,2,2.0,2.0,,2.0,1,2,35_64,True,generative
donor_h0002917,1,9,69,2,2,2.0,2.0,,2.0,0,2,65_plus,True,generative
donor_h0002917,2,10,68,2,2,2.0,2.0,,2.0,1,2,65_plus,True,generative
donor_h0002918,1,13,69,2,2,2.0,2.0,,2.0,0,2,65_plus,True,generative
donor_h0002919,1,14,52,2,2,2.0,2.0,,2.0,0,2,35_64,True,generative
donor_h0002919,2,16,26,2,2,2.0,2.0,,2.0,2,2,18_34,True,generative
donor_h0002920,1,13,66,2,2,2.0,2.0,,2.0,0,2,65_plus,True,generative
donor_h0002921,1,10,59,2,2,2.0,2.0,,2.0,0,2,35_64,True,generative
donor_h0002921,2,8,71,2,2,2.0,2.0,,2.0,1,2,65_plus,True,generative
donor_h0002922,1,12,47,2,2,2.0,2.0,,2.0,0,2,35_64,True,generative
donor_h0002922,2,15,46,2,2,2.0,2.0,,1.0,1,1,35_64,True,generative
donor_h0002922,3,13,74,2,2,2.0,2.0,,2.0,8,2,65_plus,True,generative
donor_h0002923,1,5,68,1,2,2.0,2.0,,2.0,0,1,65_plus,True,generative
donor_h0002923,2,5,68,2,2,2.0,1.0,,2.0,1,1,65_plus,True,generative
donor_h0002924,1,24,24,2,2,2.0,2.0,,2.0,0,2,18_34,True,generative
donor_h0002925,1,3,72,2,2,1.0,2.0,,2.0,0,1,65_plus,True,generative
donor_h0002925,2,4,48,2,2,2.0,2.0,,2.0,2,2,35_64,True,generative
donor_h0002926,1,6,60,2,2,1.0,1.0,,2.0,0,1,35_64,True,generative
donor_h0002926,2,6,52,2,2,2.0,1.0,,2.0,1,1,35_64,True,generative
donor_h0002927,1,9,75,2,2,2.0,2.0,,2.0,0,2,65_plus,True,generative
donor_h0002927,2,7,54,2,2,2.0,2.0,,2.0,13,2,35_64,True,generative
donor_h0002928,1,7,69,2,2,1.0,1.0,,2.0,0,1,65_plus,True,generative
donor_h0002928,2,8,69,1,2,2.0,2.0,,2.0,5,1,65_plus,True,generative
donor_h0002929,1,17,63,2,2,2.0,2.0,,2.0,0,2,35_64,True,generative
donor_h0002929,2,13,69,2,2,2.0,2.0,,2.0,1,2,65_plus,True,generative
donor_h0002930,1,24,77,2,2,2.0,2.0,,2.0,0,2,65_plus,True,generative
donor_h0002930,2,19,84,1,2,2.0,2.0,2.0,2.0,1,1,65_plus,True,generative
donor_h0002931,1,10,56,2,2,2.0,2.0,,2.0,0,2,35_64,True,generative
donor_h0002931,2,15,61,2,2,2.0,2.0,,2.0,1,2,35_64,True,generative
donor_h0002932,1,13,56,2,2,2.0,2.0,,2.0,0,2,35_64,True,generative
donor_h0002932,2,13,60,2,2,2.0,2.0,,2.0,1,2,35_64,True,generative
donor_h0002932,3,10,12,2,2,,2.0,,2.0,3,2,0_17,False,dependent
donor_h0002933,1,8,64,2,2,2.0,2.0,,2.0,0,2,35_64,True,generative
donor_h0002933,2,9,64,2,2,2.0,1.0,,2.0,15,1,35_64,True,generative
donor_h0002934,1,10,71,1,1,2.0,2.0,5.0,1.0,0,1,65_plus,True,generative
donor_h0002935,1,6,61,2,2,2.0,2.0,,2.0,0,2,35_64,True,generative
donor_h0002936,1,12,51,2,2,2.0,2.0,,2.0,0,2,35_64,True,generative
donor_h0002936,2,17,47,2,2,2.0,2.0,,2.0,1,2,35_64,True,generative
donor_h0002936,3,19,19,2,2,2.0,2.0,,2.0,2,2,18_34,True,generative
donor_h0002936,4,14,16,2,2,2.0,2.0,,2.0,2,2,0_17,False,dependent
donor_h0002937,1,8,31,2,2,2.0,2.0,,1.0,0,1,18_34,True,generative
donor_h0002937,2,13,32,2,2,2.0,2.0,,2.0,1,2,18_34,True,generative
donor_h0002938,1,43,40,2,2,2.0,2.0,,2.0,0,2,35_64,True,generative
donor_h0002939,1,16,24,2,2,2.0,2.0,,2.0,0,2,18_34,True,generative
donor_h0002939,2,14,27,2,2,2.0,2.0,,2.0,1,2,18_34,True,generative
donor_h0002940,1,24,61,1,2,2.0,2.0,2.0,2.0,0,1,35_64,True,generative
donor_h0002940,2,23,54,2,2,2.0,2.0,,2.0,1,2,35_64,True,generative
donor_h0002941,1,100,47,2,2,2.0,2.0,,2.0,0,2,35_64,True,generative
donor_h0002942,1,15,24,2,2,2.0,2.0,,2.0,0,2,18_34,True,generative
donor_h0002942,2,16,25,2,2,2.0,2.0,,2.0,13,2,18_34,True,generative
donor_h0002943,1,40,45,2,2,2.0,2.0,,2.0,0,2,35_64,True,generative
donor_h0002943,2,52,22,2,2,2.0,2.0,,2.0,2,2,18_34,True,generative
donor_h0002944,1,13,78,2,2,2.0,2.0,,2.0,0,2,65_plus,True,generative
donor_h0002945,1,70,87,1,2,1.0,1.0,,1.0,0,1,65_plus,True,generative
donor_h0002946,1,14,49,2,2,2.0,2.0,,2.0,0,2,35_64,True,generative
donor_h0002946,2,8,52,2,2,2.0,2.0,,2.0,1,2,35_64,True,generative
donor_h0002947,1,14,67,1,2,1.0,1.0,,1.0,0,1,65_plus,True,generative
donor_h0002947,2,12,54,2,1,2.0,2.0,2.0,1.0,1,1,35_64,True,generative
donor_h0002948,1,15,49,2,2,2.0,2.0,,2.0,0,2,35_64,True,generative
donor_h0002948,2,20,17,2,2,2.0,2.0,,2.0,2,2,0_17,False,dependent
donor_h0002948,3,14,16,2,2,2.0,2.0,,2.0,2,2,0_17,False,dependent
donor_h0002949,1,78,28,2,2,2.0,2.0,,2.0,0,2,18_34,True,generative
donor_h0002949,2,70,9,2,2,,2.0,,2.0,2,2,0_17,False,dependent
donor_h0002949,3,62,14,2,2,,2.0,,2.0,4,2,0_17,False,dependent
donor_h0002949,4,77,39,2,2,2.0,2.0,,2.0,13,2,35_64,True,generative
donor_h0002950,1,6,70,2,2,2.0,1.0,,2.0,0,1,65_plus,True,generative
donor_h0002950,2,7,70,1,2,1.0,1.0,5.0,2.0,1,1,65_plus,True,generative
donor_h0002951,1,13,52,2,2,2.0,2.0,,2.0,0,2,35_64,True,generative
donor_h0002951,2,8,57,2,2,2.0,2.0,,2.0,1,2,35_64,True,generative
donor_h0002952,1,36,70,1,2,2.0,1.0,,2.0,0,1,65_plus,True,generative
donor_h0002952,2,41,40,2,2,2.0,2.0,,2.0,2,2,35_64,True,generative
donor_h0002952,3,39,13,2,2,,2.0,,2.0,7,2,0_17,False,dependent
donor_h0002953,1,42,25,2,2,2.0,2.0,,2.0,0,2,18_34,True,generative
donor_h0002953,2,44,27,2,2,2.0,2.0,,2.0,5,2,18_34,True,generative
donor_h0002954,1,14,38,2,2,1.0,1.0,,1.0,0,1,35_64,True,generative
donor_h0002954,2,14,33,2,2,2.0,2.0,,2.0,12,2,18_34,True,generative
donor_h0002955,1,44,35,2,2,2.0,2.0,,2.0,0,2,35_64,True,generative
donor_h0002955,2,44,35,2,2,2.0,2.0,,2.0,1,2,35_64,True,generative
donor_h0002955,3,22,12,2,2,,2.0,,2.0,2,2,0_17,False,dependent
donor_h0002955,4,44,12,2,2,,2.0,,2.0,4,2,0_17,False,dependent
donor_h0002955,5,41,9,2,2,,2.0,,2.0,4,2,0_17,False,dependent
donor_h0002955,6,36,69,2,2,2.0,1.0,,1.0,8,1,65_plus,True,generative
donor_h0002956,1,14,62,2,2,2.0,2.0,,2.0,0,2,35_64,True,generative
donor_h0002956,2,12,65,2,2,2.0,2.0,,2.0,1,2,65_plus,True,generative
donor_h0002956,3,13,38,2,2,2.0,2.0,,2.0,2,2,35_64,True,generative
donor_h0002957,1,22,71,2,2,2.0,2.0,,2.0,0,2,65_plus,True,generative
donor_h0002957,2,27,63,2,2,2.0,2.0,,2.0,5,2,35_64,True,generative
donor_h0002957,3,27,89,2,2,2.0,2.0,,2.0,6,2,65_plus,True,generative
donor_h0002957,4,25,33,2,2,2.0,2.0,,2.0,7,2,18_34,True,generative
donor_h0002957,5,23,2,2,2,,,,,7,2,0_17,False,dependent
donor_h0002958,1,6,51,2,2,1.0,1.0,,2.0,0,1,35_64,True,generative
donor_h0002958,2,11,25,2,1,1.0,2.0,,1.0,2,1,18_34,True,generative
donor_h0002958,3,13,20,2,1,2.0,2.0,,2.0,2,1,18_34,True,generative
donor_h0002959,1,2,55,2,2,2.0,2.0,,2.0,0,2,35_64,True,generative
donor_h0002959,2,3,53,2,2,2.0,2.0,,2.0,1,2,35_64,True,generative
donor_h0002960,1,7,90,1,2,1.0,2.0,,1.0,0,1,65_plus,True,generative
donor_h0002960,2,7,73,2,2,2.0,2.0,,2.0,1,2,65_plus,True,generative
donor_h0002961,1,13,49,2,2,2.0,2.0,,1.0,0,1,35_64,True,generative
donor_h0002961,2,10,24,2,2,2.0,2.0,,2.0,2,2,18_34,True,generative
donor_h0002962,1,9,48,2,2,2.0,2.0,,2.0,0,2,35_64,True,generative
donor_h0002962,2,8,48,2,2,2.0,2.0,,2.0,1,2,35_64,True,generative
donor_h0002962,3,7,15,2,2,2.0,2.0,,2.0,2,2,0_17,False,dependent
donor_h0002962,4,8,11,2,2,,2.0,,2.0,2,2,0_17,False,dependent
donor_h0002963,1,23,55,2,2,2.0,2.0,,2.0,0,2,35_64,True,generative
donor_h0002964,1,14,54,2,2,2.0,2.0,,2.0,0,2,35_64,True,generative
donor_h0002964,2,19,53,2,2,2.0,2.0,,2.0,1,2,35_64,True,generative
donor_h0002964,3,24,17,2,2,2.0,2.0,,2.0,2,2,0_17,False,dependent
donor_h0002964,4,18,13,2,2,,2.0,,2.0,2,2,0_17,False,dependent
donor_h0002965,1,11,65,2,2,2.0,2.0,,2.0,0,2,65_plus,True,generative
donor_h0002966,1,13,47,2,2,2.0,2.0,,2.0,0,2,35_64,True,generative
donor_h0002966,2,8,54,2,2,2.0,2.0,,2.0,1,2,35_64,True,generative
donor_h0002966,3,14,24,2,2,2.0,2.0,,2.0,2,2,18_34,True,generative
donor_h0002966,4,11,18,2,2,2.0,2.0,,2.0,2,2,18_34,True,generative
donor_h0002967,1,25,52,1,2,2.0,2.0,,2.0,0,1,35_64,True,generative
donor_h0002967,2,26,54,1,1,2.0,2.0,,2.0,1,1,35_64,True,generative
donor_h0002968,1,10,66,2,2,2.0,1.0,,2.0,0,1,65_plus,True,generative
donor_h0002969,1,12,58,2,2,2.0,2.0,,2.0,0,2,35_64,True,generative
donor_h0002969,2,13,58,1,2,2.0,2.0,,2.0,1,1,35_64,True,generative
donor_h0002969,3,14,27,2,2,2.0,2.0,,2.0,2,2,18_34,True,generative
donor_h0002970,1,17,26,2,2,2.0,2.0,,2.0,0,2,18_34,True,generative
donor_h0002970,2,13,27,2,2,2.0,2.0,,2.0,13,2,18_34,True,generative
donor_h0002971,1,6,58,2,2,2.0,2.0,,2.0,0,2,35_64,True,generative
donor_h0002971,2,5,55,2,2,2.0,2.0,,2.0,1,2,35_64,True,generative
donor_h0002972,1,15,83,2,2,2.0,1.0,,2.0,0,1,65_plus,True,generative
donor_h0002972,2,12,82,2,2,2.0,2.0,,2.0,1,2,65_plus,True,generative
donor_h0002972,3,14,58,2,2,2.0,2.0,,2.0,2,2,35_64,True,generative
donor_h0002972,4,16,50,2,2,2.0,2.0,,2.0,9,2,35_64,True,generative
donor_h0002973,1,15,81,2,2,2.0,2.0,,2.0,0,2,65_plus,True,generative
donor_h0002973,2,13,81,1,2,1.0,1.0,,1.0,1,1,65_plus,True,generative
donor_h0002974,1,21,27,2,2,2.0,2.0,,2.0,0,2,18_34,True,generative
donor_h0002974,2,21,28,2,2,2.0,2.0,,2.0,1,2,18_34,True,generative
donor_h0002974,3,21,0,2,2,,,,,2,2,0_17,False,dependent
donor_h0002975,1,15,70,2,2,2.0,2.0,,2.0,0,2,65_plus,True,generative
donor_h0002975,2,15,69,2,2,2.0,2.0,,2.0,1,2,65_plus,True,generative
donor_h0002976,1,19,71,2,2,2.0,2.0,,2.0,0,2,65_plus,True,generative
donor_h0002977,1,17,80,2,2,2.0,2.0,,2.0,0,2,65_plus,True,generative
donor_h0002978,1,11,57,2,2,2.0,2.0,,2.0,0,2,35_64,True,generative
donor_h0002978,2,13,72,2,2,2.0,2.0,2.0,2.0,1,2,65_plus,True,generative
donor_h0002978,3,17,18,2,2,2.0,2.0,,2.0,2,2,18_34,True,generative
donor_h0002979,1,18,62,2,2,2.0,1.0,,1.0,0,1,35_64,True,generative
donor_h0002980,1,60,58,1,2,2.0,2.0,,2.0,0,1,35_64,True,generative
donor_h0002980,2,59,58,2,2,2.0,2.0,,2.0,1,2,35_64,True,generative
donor_h0002981,1,9,70,2,2,2.0,2.0,,2.0,0,2,65_plus,True,generative
donor_h0002982,1,17,76,1,2,2.0,1.0,,1.0,0,1,65_plus,True,generative
donor_h0002983,1,2,82,2,2,2.0,2.0,,2.0,0,2,65_plus,True,generative
donor_h0002983,2,3,81,2,2,2.0,1.0,,2.0,1,1,65_plus,True,generative
donor_h0002984,1,15,60,2,2,2.0,2.0,,2.0,0,2,35_64,True,generative
donor_h0002985,1,17,29,2,2,2.0,2.0,,2.0,0,2,18_34,True,generative
donor_h0002985,2,12,10,2,2,,2.0,,2.0,2,2,0_17,False,dependent
donor_h0002985,3,11,7,2,2,,2.0,,2.0,2,2,0_17,False,dependent
donor_h0002985,4,16,4,2,2,,,,,2,2,0_17,False,dependent
donor_h0002985,5,17,2,2,2,,,,,2,2,0_17,False,dependent
donor_h0002985,6,16,2,2,2,,,,,2,2,0_17,False,dependent
donor_h0002985,7,16,0,2,2,,,,,2,2,0_17,False,dependent
donor_h0002985,8,14,30,2,2,2.0,2.0,,2.0,13,2,18_34,True,generative
donor_h0002986,1,21,64,2,2,2.0,2.0,,2.0,0,2,35_64,True,generative
donor_h0002986,2,21,56,2,2,2.0,2.0,,2.0,5,2,35_64,True,generative
donor_h0002987,1,20,29,2,2,2.0,2.0,,2.0,0,2,18_34,True,generative
donor_h0002987,2,18,31,2,2,2.0,2.0,,2.0,1,2,18_34,True,generative
donor_h0002987,3,17,3,2,2,,,,,2,2,0_17,False,dependent
donor_h0002987,4,21,0,2,2,,,,,2,2,0_17,False,dependent
donor_h0002988,1,24,55,2,2,2.0,2.0,,2.0,0,2,35_64,True,generative
donor_h0002989,1,7,66,2,2,2.0,2.0,,2.0,0,2,65_plus,True,generative
donor_h0002989,2,6,67,2,2,2.0,2.0,,2.0,10,2,65_plus,True,generative
donor_h0002990,1,15,76,2,2,2.0,2.0,,2.0,0,2,65_plus,True,generative
donor_h0002991,1,11,65,2,2,2.0,2.0,,2.0,0,2,65_plus,True,generative
donor_h0002992,1,61,69,2,2,2.0,2.0,,2.0,0,2,65_plus,True,generative
donor_h0002993,1,5,77,2,2,2.0,2.0,,2.0,0,2,65_plus,True,generative
donor_h0002993,2,5,73,2,2,2.0,2.0,,2.0,1,2,65_plus,True,generative
donor_h0002994,1,19,64,2,2,2.0,2.0,,2.0,0,2,35_64,True,generative
donor_h0002994,2,14,65,2,2,1.0,2.0,,2.0,1,1,65_plus,True,generative
donor_h0002994,3,15,35,2,2,2.0,2.0,,2.0,2,2,35_64,True,generative
donor_h0002994,4,15,26,2,2,2.0,2.0,,2.0,9,2,18_34,True,generative
donor_h0002995,1,13,57,2,2,2.0,2.0,,2.0,0,2,35_64,True,generative
donor_h0002995,2,12,63,2,2,2.0,2.0,,1.0,1,1,35_64,True,generative
donor_h0002995,3,18,17,1,1,1.0,1.0,,1.0,2,1,0_17,False,dependent
donor_h0002995,4,15,14,2,2,,2.0,,2.0,3,2,0_17,False,dependent
donor_h0002995,5,15,14,2,2,,2.0,,2.0,3,2,0_17,False,dependent
donor_h0002995,6,16,13,2,2,,2.0,,2.0,3,2,0_17,False,dependent
donor_h0002995,7,15,12,2,2,,2.0,,2.0,3,2,0_17,False,dependent
donor_h0002995,8,15,12,1,1,,1.0,,1.0,3,1,0_17,False,dependent
donor_h0002995,9,15,9,1,1,,1.0,,1.0,3,1,0_17,False,dependent
donor_h0002995,10,14,9,2,2,,2.0,,2.0,3,2,0_17,False,dependent
donor_h0002996,1,16,47,2,2,2.0,2.0,,2.0,0,2,35_64,True,generative
donor_h0002996,2,16,31,1,2,2.0,2.0,,2.0,1,1,18_34,True,generative
donor_h0002996,3,16,18,2,2,2.0,2.0,,2.0,2,2,18_34,True,generative
donor_h0002996,4,9,53,2,2,2.0,2.0,,2.0,10,2,35_64,True,generative
donor_h0002997,1,42,73,2,2,2.0,1.0,,2.0,0,1,65_plus,True,generative
donor_h0002997,2,56,60,2,2,2.0,2.0,,2.0,1,2,35_64,True,generative
donor_h0002997,3,44,18,2,2,2.0,2.0,,2.0,7,2,18_34,True,generative
donor_h0002998,1,34,75,2,2,2.0,2.0,,2.0,0,2,65_plus,True,generative
donor_h0002998,2,28,78,2,2,2.0,2.0,,2.0,1,2,65_plus,True,generative
donor_h0002999,1,14,59,2,2,2.0,2.0,,2.0,0,2,35_64,True,generative
donor_h0002999,2,14,16,2,2,2.0,2.0,,2.0,15,2,0_17,False,dependent
donor_h0003000,1,12,65,2,2,2.0,1.0,5.0,1.0,0,1,65_plus,True,generative
donor_h0003001,1,29,30,2,2,2.0,2.0,,2.0,0,2,18_34,True,generative
donor_h0003001,2,33,29,2,2,2.0,2.0,,2.0,1,2,18_34,True,generative
donor_h0003001,3,34,1,2,2,,,,,2,2,0_17,False,dependent
donor_h0003002,1,10,49,2,2,2.0,2.0,,2.0,0,2,35_64,True,generative
donor_h0003002,2,9,50,2,2,2.0,2.0,,2.0,1,2,35_64,True,generative
donor_h0003002,3,16,18,2,2,2.0,2.0,,2.0,2,2,18_34,True,generative
donor_h0003002,4,12,16,2,2,2.0,2.0,,2.0,2,2,0_17,False,dependent
donor_h0003003,1,16,47,2,2,2.0,2.0,,2.0,0,2,35_64,True,generative
donor_h0003003,2,14,46,2,2,2.0,2.0,,2.0,1,2,35_64,True,generative
donor_h0003003,3,15,17,2,2,2.0,2.0,,2.0,2,2,0_17,False,dependent
donor_h0003003,4,15,14,2,2,,2.0,,2.0,2,2,0_17,False,dependent
donor_h0003003,5,15,12,2,2,,2.0,,2.0,2,2,0_17,False,dependent
donor_h0003004,1,2,69,2,2,2.0,2.0,,2.0,0,2,65_plus,True,generative
donor_h0003004,2,3,58,2,2,2.0,2.0,,2.0,1,2,35_64,True,generative
donor_h0003005,1,10,72,2,2,2.0,2.0,5.0,2.0,0,2,65_plus,True,generative
donor_h0003006,1,59,48,2,2,2.0,1.0,,2.0,0,1,35_64,True,generative
donor_h0003006,2,68,37,2,2,2.0,1.0,4.0,1.0,15,1,35_64,True,generative
donor_h0003007,1,7,69,2,2,2.0,2.0,,2.0,0,2,65_plus,True,generative
donor_h0003007,2,7,71,2,2,2.0,2.0,,2.0,1,2,65_plus,True,generative
donor_h0003008,1,20,45,2,2,2.0,1.0,,2.0,0,1,35_64,True,generative
donor_h0003008,2,22,42,2,2,2.0,2.0,,2.0,1,2,35_64,True,generative
donor_h0003008,3,23,11,2,2,,2.0,,2.0,2,2,0_17,False,dependent
donor_h0003008,4,30,15,2,2,2.0,2.0,,2.0,4,2,0_17,False,dependent
donor_h0003009,1,13,28,2,2,2.0,2.0,,2.0,0,2,18_34,True,generative
donor_h0003010,1,60,26,2,2,2.0,2.0,,2.0,0,2,18_34,True,generative
donor_h0003010,2,72,26,2,2,2.0,2.0,,2.0,13,2,18_34,True,generative
donor_h0003010,3,65,50,2,2,2.0,2.0,,2.0,15,2,35_64,True,generative
donor_h0003011,1,22,57,2,2,2.0,2.0,,2.0,0,2,35_64,True,generative
donor_h0003012,1,12,71,2,2,2.0,1.0,,2.0,0,1,65_plus,True,generative
donor_h0003012,2,13,72,2,2,2.0,1.0,,2.0,1,1,65_plus,True,generative
donor_h0003013,1,28,52,2,2,2.0,2.0,,2.0,0,2,35_64,True,generative
donor_h0003013,2,22,54,2,2,2.0,2.0,,2.0,1,2,35_64,True,generative
donor_h0003013,3,37,17,2,2,2.0,2.0,,2.0,2,2,0_17,False,dependent
donor_h0003014,1,6,80,2,2,2.0,2.0,,2.0,0,2,65_plus,True,generative
donor_h0003014,2,7,68,2,2,1.0,1.0,,1.0,1,1,65_plus,True,generative
donor_h0003015,1,5,56,2,2,2.0,2.0,,2.0,0,2,35_64,True,generative
donor_h0003015,2,5,61,2,2,2.0,2.0,,2.0,1,2,35_64,True,generative
donor_h0003016,1,32,67,2,2,2.0,2.0,,2.0,0,2,65_plus,True,generative
donor_h0003017,1,64,30,2,2,2.0,2.0,,2.0,0,2,18_34,True,generative
donor_h0003017,2,74,28,2,2,2.0,2.0,,2.0,1,2,18_34,True,generative
donor_h0003017,3,66,5,2,2,,2.0,,2.0,2,2,0_17,False,dependent
donor_h0003018,1,13,77,2,2,1.0,1.0,,2.0,0,1,65_plus,True,generative
donor_h0003019,1,11,70,1,2,2.0,2.0,,2.0,0,1,65_plus,True,generative
donor_h0003019,2,5,73,1,2,2.0,2.0,,2.0,1,1,65_plus,True,generative
donor_h0003020,1,13,46,2,2,2.0,2.0,4.0,2.0,0,2,35_64,True,generative
donor_h0003020,2,15,43,2,2,2.0,2.0,5.0,2.0,1,2,35_64,True,generative
donor_h0003020,3,14,17,2,2,2.0,2.0,,2.0,2,2,0_17,False,dependent
donor_h0003020,4,13,15,2,2,2.0,2.0,,2.0,2,2,0_17,False,dependent
donor_h0003020,5,16,11,2,2,,2.0,,2.0,2,2,0_17,False,dependent
donor_h0003021,1,84,43,2,2,2.0,2.0,,2.0,0,2,35_64,True,generative
donor_h0003021,2,78,47,2,2,2.0,2.0,,2.0,1,2,35_64,True,generative
donor_h0003021,3,80,16,2,2,2.0,2.0,,2.0,2,2,0_17,False,dependent
donor_h0003021,4,84,14,2,2,,2.0,,2.0,2,2,0_17,False,dependent
donor_h0003021,5,78,12,2,2,,2.0,,2.0,2,2,0_17,False,dependent
donor_h0003022,1,2,94,1,2,2.0,1.0,6.0,2.0,0,1,65_plus,True,generative
donor_h0003023,1,2,55,2,2,1.0,1.0,,1.0,0,1,35_64,True,generative
donor_h0003023,2,3,56,2,2,2.0,2.0,,2.0,1,2,35_64,True,generative
donor_h0003023,3,4,16,2,2,1.0,2.0,,1.0,3,1,0_17,False,dependent
donor_h0003023,4,2,68,2,2,2.0,2.0,,2.0,5,2,65_plus,True,generative
donor_h0003024,1,3,67,2,2,2.0,2.0,,2.0,0,2,65_plus,True,generative
donor_h0003025,1,1,39,1,2,1.0,1.0,,2.0,0,1,35_64,True,generative
donor_h0003025,2,2,55,2,2,2.0,2.0,,2.0,1,2,35_64,True,generative
donor_h0003025,3,3,15,2,2,2.0,2.0,,2.0,2,2,0_17,False,dependent
donor_h0003025,4,3,15,2,2,2.0,2.0,,2.0,15,2,0_17,False,dependent
donor_h0003026,1,4,39,2,2,2.0,2.0,,2.0,0,2,35_64,True,generative
donor_h0003026,2,4,39,2,2,2.0,2.0,,2.0,1,2,35_64,True,generative
donor_h0003026,3,2,11,2,2,,2.0,,2.0,2,2,0_17,False,dependent
donor_h0003026,4,2,8,2,2,,2.0,,2.0,2,2,0_17,False,dependent
donor_h0003026,5,5,6,2,2,,2.0,,2.0,2,2,0_17,False,dependent
donor_h0003027,1,6,86,2,2,2.0,1.0,,2.0,0,1,65_plus,True,generative
donor_h0003027,2,7,82,1,2,2.0,2.0,,2.0,1,1,65_plus,True,generative
donor_h0003028,1,14,58,2,2,2.0,2.0,,2.0,0,2,35_64,True,generative
donor_h0003028,2,15,58,2,2,2.0,2.0,,2.0,1,2,35_64,True,generative
donor_h0003029,1,6,59,2,2,2.0,2.0,,2.0,0,2,35_64,True,generative
donor_h0003029,2,7,57,2,2,2.0,2.0,,2.0,1,2,35_64,True,generative
donor_h0003030,1,44,59,2,2,2.0,2.0,,2.0,0,2,35_64,True,generative
donor_h0003030,2,39,34,2,2,2.0,2.0,,2.0,1,2,18_34,True,generative
donor_h0003030,3,39,13,2,2,,2.0,,2.0,2,2,0_17,False,dependent
donor_h0003030,4,36,2,2,2,,,,,2,2,0_17,False,dependent
donor_h0003031,1,15,65,2,2,2.0,1.0,,2.0,0,1,65_plus,True,generative
donor_h0003031,2,19,61,2,2,2.0,2.0,,2.0,1,2,35_64,True,generative
donor_h0003032,1,14,81,2,2,2.0,2.0,,2.0,0,2,65_plus,True,generative
donor_h0003032,2,9,56,1,2,2.0,2.0,,2.0,2,1,35_64,True,generative
donor_h0003033,1,4,60,2,2,2.0,2.0,,2.0,0,2,35_64,True,generative
donor_h0003033,2,8,60,2,2,2.0,2.0,,2.0,1,2,35_64,True,generative
donor_h0003034,1,9,79,2,2,2.0,2.0,,2.0,0,2,65_plus,True,generative
donor_h0003034,2,11,75,2,2,2.0,1.0,,2.0,1,1,65_plus,True,generative
donor_h0003035,1,12,67,2,2,2.0,2.0,3.0,2.0,0,2,65_plus,True,generative
donor_h0003036,1,13,64,2,2,2.0,2.0,,2.0,0,2,35_64,True,generative
donor_h0003036,2,13,16,2,2,2.0,2.0,,2.0,7,2,0_17,False,dependent
donor_h0003036,3,15,14,2,2,,2.0,,2.0,7,2,0_17,False,dependent
donor_h0003037,1,17,26,2,2,2.0,2.0,,2.0,0,2,18_34,True,generative
donor_h0003037,2,15,33,2,2,2.0,2.0,,2.0,13,2,18_34,True,generative
donor_h0003038,1,16,67,2,2,2.0,2.0,,2.0,0,2,65_plus,True,generative
donor_h0003038,2,20,61,2,2,2.0,2.0,,2.0,1,2,35_64,True,generative
donor_h0003039,1,53,88,2,2,2.0,2.0,,2.0,0,2,65_plus,True,generative
donor_h0003039,2,26,65,2,2,2.0,2.0,,2.0,1,2,65_plus,True,generative
donor_h0003040,1,45,94,1,2,1.0,1.0,,1.0,0,1,65_plus,True,generative
donor_h0003041,1,11,69,2,2,2.0,2.0,,2.0,0,2,65_plus,True,generative
donor_h0003042,1,11,74,2,2,2.0,2.0,,2.0,0,2,65_plus,True,generative
donor_h0003042,2,12,72,2,2,2.0,2.0,,2.0,1,2,65_plus,True,generative
donor_h0003043,1,15,55,2,2,2.0,2.0,,2.0,0,2,35_64,True,generative
donor_h0003043,2,16,54,2,2,2.0,2.0,,2.0,5,2,35_64,True,generative
donor_h0003043,3,14,84,2,2,2.0,2.0,,2.0,6,2,65_plus,True,generative
donor_h0003043,4,16,82,2,2,1.0,1.0,,2.0,6,1,65_plus,True,generative
donor_h0003044,1,8,58,2,2,2.0,2.0,,2.0,0,2,35_64,True,generative
donor_h0003044,2,6,68,2,2,1.0,1.0,5.0,1.0,1,1,65_plus,True,generative
donor_h0003045,1,9,36,2,2,2.0,2.0,,2.0,0,2,35_64,True,generative
donor_h0003045,2,11,29,2,2,2.0,2.0,,2.0,1,2,18_34,True,generative
donor_h0003046,1,14,78,2,2,2.0,2.0,,2.0,0,2,65_plus,True,generative
donor_h0003046,2,14,68,2,2,2.0,2.0,,2.0,1,2,65_plus,True,generative
donor_h0003047,1,8,59,2,2,2.0,2.0,,2.0,0,2,35_64,True,generative
donor_h0003048,1,8,74,1,2,2.0,2.0,,2.0,0,1,65_plus,True,generative
donor_h0003048,2,9,72,2,2,2.0,2.0,,2.0,1,2,65_plus,True,generative
donor_h0003049,1,22,37,2,2,2.0,2.0,,2.0,0,2,35_64,True,generative
donor_h0003049,2,21,38,2,2,2.0,2.0,,2.0,1,2,35_64,True,generative
donor_h0003049,3,20,13,2,2,,2.0,,2.0,2,2,0_17,False,dependent
donor_h0003049,4,19,11,2,2,,2.0,,2.0,2,2,0_17,False,dependent
donor_h0003049,5,21,8,2,2,,2.0,,2.0,2,2,0_17,False,dependent
donor_h0003050,1,11,71,2,2,2.0,2.0,,2.0,0,2,65_plus,True,generative
donor_h0003051,1,18,35,2,2,2.0,2.0,,2.0,0,2,35_64,True,generative
donor_h0003051,2,18,35,2,2,2.0,2.0,,2.0,1,2,35_64,True,generative
donor_h0003051,3,16,7,2,2,,2.0,,2.0,2,2,0_17,False,dependent
donor_h0003052,1,15,61,2,2,2.0,2.0,,2.0,0,2,35_64,True,generative
donor_h0003052,2,14,56,2,2,2.0,2.0,,2.0,1,2,35_64,True,generative
donor_h0003052,3,14,61,2,2,2.0,2.0,,2.0,11,2,35_64,True,generative
donor_h0003053,1,13,68,2,2,2.0,2.0,,2.0,0,2,65_plus,True,generative
donor_h0003053,2,17,62,2,2,2.0,2.0,4.0,2.0,1,2,35_64,True,generative
donor_h0003054,1,42,45,2,2,2.0,2.0,,2.0,0,2,35_64,True,generative
donor_h0003054,2,32,51,2,2,1.0,1.0,,2.0,1,1,35_64,True,generative
donor_h0003054,3,38,10,2,2,,2.0,,2.0,2,2,0_17,False,dependent
donor_h0003054,4,37,7,2,2,,2.0,,2.0,2,2,0_17,False,dependent
donor_h0003054,5,46,0,2,2,,,,,2,2,0_17,False,dependent
donor_h0003055,1,14,32,2,2,2.0,2.0,,2.0,0,2,18_34,True,generative
donor_h0003055,2,14,31,2,2,2.0,2.0,,2.0,1,2,18_34,True,generative
donor_h0003056,1,8,60,2,2,2.0,2.0,,2.0,0,2,35_64,True,generative
donor_h0003056,2,9,61,2,2,2.0,2.0,,2.0,1,2,35_64,True,generative
donor_h0003057,1,17,57,2,2,2.0,2.0,,2.0,0,2,35_64,True,generative
donor_h0003058,1,14,64,2,2,2.0,1.0,,2.0,0,1,35_64,True,generative
donor_h0003058,2,13,57,2,2,2.0,2.0,,2.0,1,2,35_64,True,generative
donor_h0003059,1,10,32,2,2,2.0,2.0,,2.0,0,2,18_34,True,generative
donor_h0003059,2,9,34,2,2,2.0,2.0,,2.0,1,2,18_34,True,generative
donor_h0003060,1,9,58,2,2,2.0,2.0,,2.0,0,2,35_64,True,generative
donor_h0003060,2,15,56,2,2,1.0,1.0,,2.0,1,1,35_64,True,generative
donor_h0003060,3,17,29,2,2,2.0,2.0,,2.0,2,2,18_34,True,generative
donor_h0003061,1,6,71,2,2,2.0,2.0,,2.0,0,2,65_plus,True,generative
donor_h0003062,1,20,48,2,2,2.0,2.0,,2.0,0,2,35_64,True,generative
donor_h0003062,2,24,46,2,2,2.0,2.0,,2.0,1,2,35_64,True,generative
donor_h0003062,3,21,13,2,2,,2.0,,2.0,2,2,0_17,False,dependent
donor_h0003062,4,22,11,2,2,,2.0,,2.0,2,2,0_17,False,dependent
donor_h0003063,1,5,44,2,2,2.0,1.0,,2.0,0,1,35_64,True,generative
donor_h0003063,2,4,69,2,2,1.0,1.0,,1.0,6,1,65_plus,True,generative
donor_h0003064,1,9,67,1,1,2.0,2.0,,2.0,0,1,65_plus,True,generative
donor_h0003064,2,9,39,2,2,1.0,2.0,,1.0,2,1,35_64,True,generative
donor_h0003064,3,13,24,2,2,2.0,2.0,,2.0,7,2,18_34,True,generative
donor_h0003064,4,11,23,2,2,2.0,2.0,,2.0,7,2,18_34,True,generative
donor_h0003064,5,8,74,1,2,2.0,1.0,,1.0,11,1,65_plus,True,generative
donor_h0003065,1,14,28,2,2,1.0,2.0,,2.0,0,1,18_34,True,generative
donor_h0003065,2,13,8,2,2,,2.0,,2.0,2,2,0_17,False,dependent
donor_h0003065,3,12,7,2,2,,2.0,,2.0,2,2,0_17,False,dependent
donor_h0003065,4,15,0,2,2,,,,,2,2,0_17,False,dependent
donor_h0003065,5,17,23,2,2,2.0,2.0,,1.0,13,1,18_34,True,generative
donor_h0003065,6,12,1,2,2,,,,,15,2,0_17,False,dependent
donor_h0003066,1,4,54,1,2,2.0,2.0,,2.0,0,1,35_64,True,generative
donor_h0003066,2,5,54,2,1,1.0,1.0,,2.0,13,1,35_64,True,generative
donor_h0003067,1,19,62,2,2,2.0,2.0,,2.0,0,2,35_64,True,generative
donor_h0003068,1,17,52,2,2,2.0,2.0,,2.0,0,2,35_64,True,generative
donor_h0003068,2,36,77,2,2,1.0,1.0,,2.0,6,1,65_plus,True,generative
donor_h0003068,3,26,50,2,2,2.0,2.0,,2.0,13,2,35_64,True,generative
donor_h0003069,1,17,39,2,2,2.0,2.0,,1.0,0,1,35_64,True,generative
donor_h0003069,2,17,12,2,2,,2.0,,2.0,2,2,0_17,False,dependent
donor_h0003069,3,14,11,2,2,,2.0,,2.0,2,2,0_17,False,dependent
donor_h0003069,4,16,12,2,2,,2.0,,2.0,4,2,0_17,False,dependent
donor_h0003069,5,16,34,2,2,2.0,2.0,,2.0,13,2,18_34,True,generative
donor_h0003070,1,12,41,2,2,2.0,2.0,,2.0,0,2,35_64,True,generative
donor_h0003070,2,11,8,2,2,,2.0,,2.0,2,2,0_17,False,dependent
donor_h0003070,3,12,4,2,2,,,,,2,2,0_17,False,dependent
donor_h0003071,1,11,76,2,2,2.0,2.0,,2.0,0,2,65_plus,True,generative
donor_h0003072,1,9,49,2,2,2.0,2.0,,2.0,0,2,35_64,True,generative
donor_h0003072,2,7,50,2,2,2.0,2.0,,2.0,1,2,35_64,True,generative
donor_h0003072,3,11,22,2,2,2.0,2.0,,2.0,2,2,18_34,True,generative
donor_h0003073,1,11,88,1,2,2.0,2.0,,2.0,0,1,65_plus,True,generative
donor_h0003073,2,14,82,2,2,2.0,2.0,,2.0,1,2,65_plus,True,generative
donor_h0003074,1,12,29,2,2,2.0,2.0,,2.0,0,2,18_34,True,generative
donor_h0003074,2,23,27,2,2,2.0,2.0,,2.0,1,2,18_34,True,generative
donor_h0003074,3,26,3,2,2,,,,,2,2,0_17,False,dependent
donor_h0003074,4,26,2,2,2,,,,,2,2,0_17,False,dependent
donor_h0003074,5,26,0,2,2,,,,,2,2,0_17,False,dependent
donor_h0003075,1,9,79,2,2,2.0,2.0,,2.0,0,2,65_plus,True,generative
donor_h0003076,1,13,74,2,2,2.0,2.0,,2.0,0,2,65_plus,True,generative
donor_h0003076,2,13,70,2,2,2.0,2.0,,2.0,1,2,65_plus,True,generative
donor_h0003077,1,15,77,2,2,2.0,2.0,,2.0,0,2,65_plus,True,generative
donor_h0003078,1,11,94,1,2,1.0,2.0,,1.0,0,1,65_plus,True,generative
donor_h0003079,1,17,21,2,2,2.0,2.0,,2.0,0,2,18_34,True,generative
donor_h0003079,2,15,20,2,2,2.0,2.0,,2.0,13,2,18_34,True,generative
donor_h0003080,1,9,25,2,2,2.0,2.0,,2.0,0,2,18_34,True,generative
donor_h0003080,2,10,29,2,2,2.0,2.0,,2.0,12,2,18_34,True,generative
donor_h0003080,3,7,26,2,2,2.0,2.0,,2.0,12,2,18_34,True,generative
donor_h0003081,1,15,54,2,2,2.0,2.0,,2.0,0,2,35_64,True,generative
donor_h0003082,1,15,63,2,2,2.0,2.0,,2.0,0,2,35_64,True,generative
donor_h0003082,2,13,72,2,2,2.0,2.0,,2.0,1,2,65_plus,True,generative
donor_h0003083,1,9,46,2,2,2.0,2.0,,2.0,0,2,35_64,True,generative
donor_h0003083,2,8,46,2,2,2.0,2.0,,2.0,1,2,35_64,True,generative
donor_h0003083,3,12,18,2,2,2.0,2.0,,2.0,2,2,18_34,True,generative
donor_h0003083,4,8,12,2,2,,2.0,,2.0,2,2,0_17,False,dependent
donor_h0003084,1,15,80,2,2,2.0,1.0,,2.0,0,1,65_plus,True,generative
donor_h0003085,1,12,65,2,2,2.0,2.0,,2.0,0,2,65_plus,True,generative
donor_h0003085,2,15,27,2,2,2.0,2.0,,2.0,2,2,18_34,True,generative
donor_h0003085,3,16,1,2,2,,,,,7,2,0_17,False,dependent
donor_h0003085,4,16,21,2,2,2.0,2.0,,2.0,9,2,18_34,True,generative
donor_h0003086,1,14,77,2,2,2.0,2.0,,2.0,0,2,65_plus,True,generative
donor_h0003086,2,12,70,1,2,2.0,1.0,5.0,2.0,1,1,65_plus,True,generative
donor_h0003086,3,14,57,2,2,1.0,1.0,,1.0,2,1,35_64,True,generative
donor_h0003087,1,20,29,2,2,2.0,2.0,,2.0,0,2,18_34,True,generative
donor_h0003087,2,17,29,2,1,1.0,2.0,,1.0,1,1,18_34,True,generative
donor_h0003087,3,10,0,2,2,,,,,2,2,0_17,False,dependent
donor_h0003088,1,29,59,2,2,2.0,2.0,,2.0,0,2,35_64,True,generative
donor_h0003088,2,27,40,2,2,2.0,2.0,,2.0,12,2,35_64,True,generative
donor_h0003089,1,18,73,2,2,2.0,1.0,,2.0,0,1,65_plus,True,generative
donor_h0003089,2,18,78,2,2,2.0,2.0,,2.0,1,2,65_plus,True,generative
donor_h0003090,1,14,44,2,2,2.0,2.0,,2.0,0,2,35_64,True,generative
donor_h0003090,2,14,42,2,2,2.0,2.0,,2.0,1,2,35_64,True,generative
donor_h0003090,3,19,15,2,2,2.0,2.0,,2.0,2,2,0_17,False,dependent
donor_h0003090,4,14,14,2,2,,2.0,,2.0,2,2,0_17,False,dependent
donor_h0003091,1,26,25,2,2,2.0,2.0,,2.0,0,2,18_34,True,generative
donor_h0003091,2,22,35,2,2,2.0,2.0,,2.0,12,2,35_64,True,generative
donor_h0003091,3,27,23,2,2,2.0,2.0,,2.0,12,2,18_34,True,generative
donor_h0003092,1,13,54,2,2,2.0,2.0,,2.0,0,2,35_64,True,generative
donor_h0003092,2,10,54,2,2,2.0,2.0,,2.0,1,2,35_64,True,generative
donor_h0003093,1,36,53,2,2,2.0,2.0,,2.0,0,2,35_64,True,generative
donor_h0003093,2,48,51,2,2,2.0,2.0,,2.0,1,2,35_64,True,generative
donor_h0003094,1,14,55,2,2,2.0,2.0,,2.0,0,2,35_64,True,generative
donor_h0003094,2,15,61,2,2,2.0,2.0,2.0,2.0,12,2,35_64,True,generative
donor_h0003095,1,98,60,2,2,2.0,2.0,,2.0,0,2,35_64,True,generative
donor_h0003095,2,96,60,2,2,2.0,2.0,,2.0,1,2,35_64,True,generative
donor_h0003095,3,100,25,2,2,2.0,2.0,,2.0,2,2,18_34,True,generative
donor_h0003095,4,84,5,2,2,,2.0,,2.0,7,2,0_17,False,dependent
donor_h0003096,1,14,31,2,2,2.0,2.0,,2.0,0,2,18_34,True,generative
donor_h0003096,2,15,38,2,2,2.0,2.0,,2.0,1,2,35_64,True,generative
donor_h0003096,3,13,3,2,2,,,,,2,2,0_17,False,dependent
donor_h0003096,4,12,19,2,2,2.0,2.0,,2.0,4,2,18_34,True,generative
donor_h0003097,1,13,49,2,2,1.0,2.0,,2.0,0,1,35_64,True,generative
donor_h0003097,2,16,85,2,2,1.0,2.0,,2.0,6,1,65_plus,True,generative
donor_h0003098,1,26,63,1,1,1.0,1.0,5.0,2.0,0,1,35_64,True,generative
donor_h0003098,2,22,69,2,2,2.0,2.0,,2.0,1,2,65_plus,True,generative
donor_h0003099,1,10,64,2,2,2.0,2.0,,2.0,0,2,35_64,True,generative
donor_h0003099,2,8,68,2,2,2.0,2.0,,2.0,1,2,65_plus,True,generative
donor_h0003100,1,18,55,2,2,2.0,2.0,,2.0,0,2,35_64,True,generative
donor_h0003100,2,24,49,1,2,2.0,2.0,,2.0,1,1,35_64,True,generative
donor_h0003100,3,24,15,2,1,2.0,2.0,,1.0,2,1,0_17,False,dependent
donor_h0003100,4,14,11,2,2,,2.0,,1.0,2,1,0_17,False,dependent
donor_h0003100,5,14,8,2,2,,2.0,,2.0,2,1,0_17,False,dependent
donor_h0003101,1,13,82,1,2,2.0,2.0,,2.0,0,1,65_plus,True,generative
donor_h0003101,2,16,82,2,2,2.0,2.0,,2.0,1,2,65_plus,True,generative
donor_h0003102,1,9,77,2,2,2.0,2.0,,2.0,0,2,65_plus,True,generative
donor_h0003103,1,10,58,2,2,2.0,2.0,,2.0,0,2,35_64,True,generative
donor_h0003103,2,11,56,2,2,2.0,2.0,,2.0,1,2,35_64,True,generative
donor_h0003104,1,46,36,2,2,2.0,2.0,,2.0,0,2,35_64,True,generative
donor_h0003104,2,51,27,2,2,2.0,2.0,,2.0,1,2,18_34,True,generative
donor_h0003105,1,17,66,2,2,2.0,2.0,,2.0,0,2,65_plus,True,generative
donor_h0003105,2,22,57,2,2,2.0,2.0,,2.0,1,2,35_64,True,generative
donor_h0003106,1,28,38,2,2,2.0,2.0,,2.0,0,2,35_64,True,generative
donor_h0003106,2,28,5,2,2,,2.0,,2.0,2,2,0_17,False,dependent
donor_h0003106,3,28,36,2,2,2.0,2.0,,2.0,13,2,35_64,True,generative
donor_h0003107,1,17,79,1,2,2.0,2.0,,2.0,0,1,65_plus,True,generative
donor_h0003107,2,15,86,1,2,2.0,2.0,2.0,2.0,1,1,65_plus,True,generative
donor_h0003108,1,15,39,2,2,2.0,2.0,,2.0,0,2,35_64,True,generative
donor_h0003108,2,16,23,2,2,2.0,2.0,,2.0,13,2,18_34,True,generative
donor_h0003109,1,26,41,2,2,1.0,2.0,5.0,2.0,0,1,35_64,True,generative
donor_h0003109,2,35,15,2,2,2.0,2.0,,2.0,2,2,0_17,False,dependent
donor_h0003110,1,12,70,2,2,2.0,2.0,,2.0,0,2,65_plus,True,generative
donor_h0003110,2,14,68,2,2,2.0,2.0,,2.0,1,2,65_plus,True,generative
donor_h0003111,1,12,50,2,2,2.0,2.0,,2.0,0,2,35_64,True,generative
donor_h0003112,1,17,23,2,2,1.0,2.0,,2.0,0,1,18_34,True,generative
donor_h0003112,2,17,26,1,2,1.0,2.0,5.0,2.0,1,1,18_34,True,generative
donor_h0003112,3,15,5,2,2,,2.0,,2.0,2,2,0_17,False,dependent
donor_h0003112,4,14,0,2,2,,,,,2,2,0_17,False,dependent
donor_h0003113,1,35,71,2,2,2.0,2.0,,2.0,0,2,65_plus,True,generative
donor_h0003113,2,37,71,2,2,2.0,2.0,,2.0,1,2,65_plus,True,generative
donor_h0003114,1,15,49,2,2,2.0,1.0,,2.0,0,1,35_64,True,generative
donor_h0003115,1,4,88,2,2,2.0,2.0,,2.0,0,2,65_plus,True,generative
donor_h0003116,1,17,43,2,2,2.0,2.0,,2.0,0,2,35_64,True,generative
donor_h0003116,2,17,42,2,2,2.0,2.0,,2.0,1,2,35_64,True,generative
donor_h0003116,3,23,20,2,2,2.0,2.0,,2.0,2,2,18_34,True,generative
donor_h0003116,4,22,18,2,2,2.0,2.0,,2.0,2,2,18_34,True,generative
donor_h0003117,1,26,85,1,2,2.0,2.0,,2.0,0,1,65_plus,True,generative
donor_h0003118,1,15,26,2,2,2.0,2.0,,2.0,0,2,18_34,True,generative
donor_h0003118,2,13,5,2,2,,2.0,,2.0,2,2,0_17,False,dependent
donor_h0003119,1,15,68,2,2,2.0,2.0,,2.0,0,2,65_plus,True,generative
donor_h0003119,2,29,68,2,2,2.0,2.0,,2.0,1,2,65_plus,True,generative
donor_h0003120,1,4,55,2,2,2.0,2.0,,1.0,0,1,35_64,True,generative
donor_h0003120,2,6,23,2,2,2.0,2.0,,2.0,2,2,18_34,True,generative
donor_h0003121,1,18,74,1,2,2.0,2.0,,2.0,0,1,65_plus,True,generative
donor_h0003121,2,19,79,2,2,2.0,2.0,,2.0,1,2,65_plus,True,generative
donor_h0003122,1,22,59,2,2,2.0,2.0,,2.0,0,2,35_64,True,generative
donor_h0003122,2,21,59,2,2,2.0,2.0,,2.0,1,2,35_64,True,generative
donor_h0003123,1,15,43,2,2,2.0,2.0,,2.0,0,2,35_64,True,generative
donor_h0003123,2,9,54,2,2,2.0,2.0,,2.0,1,2,35_64,True,generative
donor_h0003123,3,13,12,2,2,,2.0,,2.0,2,2,0_17,False,dependent
donor_h0003123,4,12,6,2,2,,2.0,,2.0,2,2,0_17,False,dependent
donor_h0003124,1,11,54,2,2,2.0,2.0,,2.0,0,2,35_64,True,generative
donor_h0003124,2,8,53,2,2,2.0,2.0,,2.0,1,2,35_64,True,generative
donor_h0003124,3,16,29,2,2,2.0,2.0,,2.0,2,2,18_34,True,generative
donor_h0003125,1,20,65,1,2,2.0,2.0,,2.0,0,1,65_plus,True,generative
donor_h0003125,2,17,64,2,2,2.0,2.0,,2.0,1,2,35_64,True,generative
donor_h0003126,1,9,55,2,2,2.0,2.0,,2.0,0,2,35_64,True,generative
donor_h0003126,2,8,53,2,2,2.0,2.0,,2.0,1,2,35_64,True,generative
donor_h0003127,1,70,45,2,2,1.0,1.0,,1.0,0,1,35_64,True,generative
donor_h0003128,1,8,68,1,2,2.0,2.0,5.0,2.0,0,1,65_plus,True,generative
donor_h0003128,2,9,65,2,2,1.0,1.0,,2.0,1,1,65_plus,True,generative
donor_h0003129,1,13,34,2,2,2.0,2.0,,2.0,0,2,18_34,True,generative
donor_h0003129,2,13,16,2,2,2.0,2.0,,2.0,2,2,0_17,False,dependent
donor_h0003129,3,13,42,2,2,2.0,2.0,,2.0,12,2,35_64,True,generative
donor_h0003130,1,14,78,2,2,1.0,1.0,,1.0,0,1,65_plus,True,generative
donor_h0003131,1,6,46,2,2,2.0,2.0,,2.0,0,2,35_64,True,generative
donor_h0003131,2,7,48,2,2,2.0,2.0,,2.0,1,2,35_64,True,generative
donor_h0003131,3,7,14,2,2,,2.0,,2.0,2,2,0_17,False,dependent
donor_h0003131,4,6,8,2,2,,2.0,,2.0,2,2,0_17,False,dependent
donor_h0003132,1,10,69,2,2,2.0,2.0,,2.0,0,2,65_plus,True,generative
donor_h0003132,2,12,68,2,2,2.0,2.0,,2.0,1,2,65_plus,True,generative
donor_h0003132,3,10,18,2,2,2.0,2.0,,2.0,7,2,18_34,True,generative
donor_h0003133,1,28,31,2,2,2.0,2.0,,2.0,0,2,18_34,True,generative
donor_h0003134,1,23,35,2,2,2.0,2.0,,2.0,0,2,35_64,True,generative
donor_h0003134,2,23,38,2,2,2.0,2.0,,2.0,1,2,35_64,True,generative
donor_h0003134,3,21,7,2,2,,2.0,,2.0,2,2,0_17,False,dependent
donor_h0003134,4,26,0,2,2,,,,,2,2,0_17,False,dependent
donor_h0003135,1,17,68,2,2,2.0,2.0,,2.0,0,2,65_plus,True,generative
donor_h0003135,2,21,60,2,2,2.0,2.0,,2.0,1,2,35_64,True,generative
donor_h0003136,1,22,49,2,2,2.0,2.0,,2.0,0,2,35_64,True,generative
donor_h0003136,2,23,65,2,1,1.0,1.0,,1.0,10,1,65_plus,True,generative
donor_h0003137,1,14,75,2,2,1.0,1.0,,2.0,0,1,65_plus,True,generative
donor_h0003138,1,13,40,2,2,2.0,2.0,,2.0,0,2,35_64,True,generative
donor_h0003138,2,13,39,2,2,2.0,2.0,,2.0,1,2,35_64,True,generative
donor_h0003138,3,13,13,2,2,,2.0,,2.0,2,2,0_17,False,dependent
donor_h0003138,4,13,9,2,2,,2.0,,2.0,2,2,0_17,False,dependent
donor_h0003139,1,38,78,2,2,2.0,1.0,,2.0,0,1,65_plus,True,generative
donor_h0003139,2,48,85,1,2,1.0,1.0,,1.0,1,1,65_plus,True,generative
donor_h0003140,1,15,40,2,2,2.0,2.0,,2.0,0,2,35_64,True,generative
donor_h0003140,2,16,35,2,2,2.0,2.0,,2.0,1,2,35_64,True,generative
donor_h0003140,3,15,11,2,2,,2.0,,1.0,2,1,0_17,False,dependent
donor_h0003140,4,14,9,2,2,,2.0,,2.0,2,2,0_17,False,dependent
donor_h0003141,1,1,70,2,2,2.0,2.0,,2.0,0,2,65_plus,True,generative
donor_h0003142,1,18,55,2,2,1.0,2.0,,2.0,0,1,35_64,True,generative
donor_h0003142,2,23,17,2,2,1.0,2.0,,2.0,2,1,0_17,False,dependent
donor_h0003143,1,13,76,1,2,2.0,2.0,,2.0,0,1,65_plus,True,generative
donor_h0003144,1,8,31,2,2,2.0,2.0,,2.0,0,2,18_34,True,generative
donor_h0003144,2,7,8,2,2,,2.0,,2.0,2,2,0_17,False,dependent
donor_h0003144,3,8,7,2,2,,2.0,,2.0,2,2,0_17,False,dependent
donor_h0003144,4,7,3,2,2,,,,,2,2,0_17,False,dependent
donor_h0003144,5,9,28,2,2,2.0,2.0,,2.0,13,2,18_34,True,generative
donor_h0003145,1,16,58,2,2,2.0,2.0,,2.0,0,2,35_64,True,generative
donor_h0003145,2,15,51,2,2,2.0,2.0,,2.0,13,2,35_64,True,generative
donor_h0003146,1,10,80,1,2,2.0,1.0,,2.0,0,1,65_plus,True,generative
donor_h0003146,2,8,84,2,2,2.0,1.0,,2.0,1,1,65_plus,True,generative
donor_h0003147,1,17,32,2,2,2.0,2.0,,2.0,0,2,18_34,True,generative
donor_h0003147,2,17,36,2,2,2.0,2.0,,2.0,1,2,35_64,True,generative
donor_h0003147,3,17,9,2,2,,2.0,,2.0,2,2,0_17,False,dependent
donor_h0003147,4,16,3,2,2,,,,,2,2,0_17,False,dependent
donor_h0003148,1,16,35,2,2,2.0,2.0,,2.0,0,2,35_64,True,generative
donor_h0003148,2,16,31,2,2,2.0,2.0,,2.0,1,2,18_34,True,generative
donor_h0003149,1,46,26,2,2,2.0,2.0,,2.0,0,2,18_34,True,generative
donor_h0003149,2,45,26,2,2,2.0,2.0,,2.0,13,2,18_34,True,generative
donor_h0003150,1,26,64,2,2,2.0,2.0,,2.0,0,2,35_64,True,generative
donor_h0003150,2,34,62,2,2,2.0,2.0,,2.0,1,2,35_64,True,generative
donor_h0003151,1,19,67,2,2,1.0,1.0,,2.0,0,1,65_plus,True,generative
donor_h0003152,1,47,75,2,2,2.0,2.0,,2.0,0,2,65_plus,True,generative
donor_h0003153,1,5,71,2,2,2.0,2.0,,2.0,0,2,65_plus,True,generative
donor_h0003153,2,4,80,1,2,2.0,2.0,,2.0,13,1,65_plus,True,generative
donor_h0003154,1,21,24,2,2,2.0,2.0,,2.0,0,2,18_34,True,generative
donor_h0003154,2,18,2,2,2,,,,,2,2,0_17,False,dependent
donor_h0003155,1,3,71,2,2,2.0,2.0,,2.0,0,2,65_plus,True,generative
donor_h0003156,1,18,42,2,2,2.0,2.0,,2.0,0,2,35_64,True,generative
donor_h0003156,2,18,46,2,2,2.0,2.0,,2.0,1,2,35_64,True,generative
donor_h0003157,1,14,26,2,2,2.0,2.0,,2.0,0,2,18_34,True,generative
donor_h0003157,2,12,1,2,2,,,,,2,2,0_17,False,dependent
donor_h0003158,1,7,71,2,2,2.0,2.0,,2.0,0,2,65_plus,True,generative
donor_h0003158,2,7,75,2,2,2.0,1.0,,2.0,1,1,65_plus,True,generative
donor_h0003159,1,14,84,1,2,2.0,2.0,,2.0,0,1,65_plus,True,generative
donor_h0003159,2,18,82,2,2,2.0,2.0,,2.0,1,2,65_plus,True,generative
donor_h0003160,1,15,78,2,2,2.0,2.0,,2.0,0,2,65_plus,True,generative
donor_h0003161,1,74,32,2,2,2.0,2.0,,2.0,0,2,18_34,True,generative
donor_h0003161,2,79,14,2,2,,2.0,,2.0,2,2,0_17,False,dependent
donor_h0003161,3,73,12,2,2,,2.0,,2.0,2,2,0_17,False,dependent
donor_h0003162,1,6,84,2,1,1.0,1.0,,1.0,0,1,65_plus,True,generative
donor_h0003162,2,6,61,2,2,2.0,2.0,,2.0,2,2,35_64,True,generative
donor_h0003162,3,6,62,2,2,2.0,2.0,,2.0,9,2,35_64,True,generative
donor_h0003163,1,32,28,2,2,2.0,2.0,,2.0,0,2,18_34,True,generative
donor_h0003163,2,24,29,2,2,2.0,2.0,,2.0,1,2,18_34,True,generative
donor_h0003163,3,22,8,2,2,,2.0,,2.0,2,2,0_17,False,dependent
donor_h0003163,4,22,5,2,2,,2.0,,2.0,2,2,0_17,False,dependent
donor_h0003163,5,29,3,2,2,,,,,2,2,0_17,False,dependent
donor_h0003164,1,23,75,2,2,2.0,2.0,,2.0,0,2,65_plus,True,generative
donor_h0003165,1,13,40,2,2,2.0,2.0,,2.0,0,2,35_64,True,generative
donor_h0003165,2,13,38,2,2,2.0,2.0,,2.0,12,2,35_64,True,generative
donor_h0003166,1,3,68,2,2,2.0,2.0,,2.0,0,2,65_plus,True,generative
donor_h0003167,1,16,46,2,2,2.0,2.0,,2.0,0,2,35_64,True,generative
donor_h0003167,2,16,44,2,2,2.0,2.0,,2.0,1,2,35_64,True,generative
donor_h0003167,3,21,16,2,2,2.0,2.0,,2.0,2,2,0_17,False,dependent
donor_h0003168,1,7,87,2,2,2.0,2.0,,2.0,0,2,65_plus,True,generative
donor_h0003169,1,15,23,2,2,2.0,2.0,,2.0,0,2,18_34,True,generative
donor_h0003169,2,13,21,2,2,2.0,2.0,,1.0,13,1,18_34,True,generative
donor_h0003169,3,13,23,2,2,2.0,2.0,,2.0,15,2,18_34,True,generative
donor_h0003170,1,11,53,2,2,2.0,2.0,,2.0,0,2,35_64,True,generative
donor_h0003170,2,15,52,2,2,2.0,2.0,,2.0,1,2,35_64,True,generative
donor_h0003171,1,29,63,2,2,2.0,2.0,,2.0,0,2,35_64,True,generative
donor_h0003171,2,28,35,2,2,2.0,2.0,,2.0,2,2,35_64,True,generative
donor_h0003172,1,28,63,2,2,2.0,2.0,,2.0,0,2,35_64,True,generative
donor_h0003172,2,23,69,2,2,1.0,1.0,,2.0,1,1,65_plus,True,generative
donor_h0003173,1,14,80,2,2,2.0,1.0,,2.0,0,1,65_plus,True,generative
donor_h0003174,1,2,74,2,2,2.0,2.0,,2.0,0,2,65_plus,True,generative
donor_h0003174,2,3,75,2,2,2.0,2.0,,2.0,1,2,65_plus,True,generative
donor_h0003175,1,5,68,2,2,2.0,2.0,,2.0,0,2,65_plus,True,generative
donor_h0003176,1,24,68,2,2,2.0,2.0,,2.0,0,2,65_plus,True,generative
donor_h0003176,2,26,67,2,2,2.0,1.0,,2.0,1,1,65_plus,True,generative
donor_h0003177,1,20,68,2,2,2.0,2.0,,2.0,0,2,65_plus,True,generative
donor_h0003178,1,18,23,2,2,2.0,2.0,,2.0,0,2,18_34,True,generative
donor_h0003178,2,15,1,2,2,,,,,2,2,0_17,False,dependent
donor_h0003179,1,9,72,2,2,2.0,2.0,,2.0,0,2,65_plus,True,generative
donor_h0003179,2,9,75,1,2,2.0,2.0,,2.0,1,1,65_plus,True,generative
donor_h0003180,1,26,54,2,2,2.0,2.0,,2.0,0,2,35_64,True,generative
donor_h0003181,1,6,65,2,2,2.0,2.0,,2.0,0,2,65_plus,True,generative
donor_h0003181,2,7,58,2,2,2.0,2.0,,2.0,1,2,35_64,True,generative
donor_h0003181,3,8,26,2,2,2.0,2.0,,2.0,2,2,18_34,True,generative
donor_h0003181,4,8,24,2,2,2.0,2.0,,2.0,2,2,18_34,True,generative
donor_h0003182,1,15,68,2,2,2.0,2.0,,2.0,0,2,65_plus,True,generative
donor_h0003182,2,15,69,2,2,2.0,2.0,,2.0,1,2,65_plus,True,generative
donor_h0003183,1,9,61,2,2,2.0,2.0,,2.0,0,2,35_64,True,generative
donor_h0003184,1,12,33,2,2,2.0,2.0,,2.0,0,2,18_34,True,generative
donor_h0003184,2,11,12,2,2,,2.0,,2.0,2,2,0_17,False,dependent
donor_h0003184,3,14,4,2,2,,,,,2,2,0_17,False,dependent
donor_h0003184,4,14,2,2,2,,,,,2,2,0_17,False,dependent
donor_h0003184,5,12,31,2,2,2.0,2.0,,2.0,13,2,18_34,True,generative
donor_h0003185,1,14,57,2,2,2.0,2.0,,2.0,0,2,35_64,True,generative
donor_h0003186,1,12,79,2,2,2.0,2.0,,2.0,0,2,65_plus,True,generative
donor_h0003186,2,15,76,2,2,2.0,2.0,,2.0,1,2,65_plus,True,generative
donor_h0003187,1,10,72,2,2,2.0,2.0,,2.0,0,2,65_plus,True,generative
donor_h0003187,2,21,69,1,2,2.0,1.0,,2.0,1,1,65_plus,True,generative
donor_h0003188,1,15,81,2,2,1.0,1.0,,2.0,0,1,65_plus,True,generative
donor_h0003189,1,23,38,2,2,2.0,2.0,,2.0,0,2,35_64,True,generative
donor_h0003189,2,48,32,2,2,2.0,2.0,2.0,2.0,5,2,18_34,True,generative
donor_h0003189,3,11,67,2,2,2.0,2.0,,1.0,6,1,65_plus,True,generative
donor_h0003190,1,11,74,2,2,2.0,2.0,,2.0,0,2,65_plus,True,generative
donor_h0003191,1,26,60,2,2,2.0,2.0,,2.0,0,2,35_64,True,generative
donor_h0003191,2,24,52,2,2,2.0,2.0,,2.0,1,2,35_64,True,generative
donor_h0003192,1,8,49,2,2,2.0,2.0,,2.0,0,2,35_64,True,generative
donor_h0003192,2,10,45,2,2,2.0,2.0,,2.0,1,2,35_64,True,generative
donor_h0003192,3,9,12,2,2,,2.0,,2.0,2,2,0_17,False,dependent
donor_h0003193,1,7,73,2,2,2.0,2.0,,2.0,0,2,65_plus,True,generative
donor_h0003193,2,8,73,2,2,2.0,2.0,,2.0,1,2,65_plus,True,generative
donor_h0003194,1,15,48,2,2,2.0,2.0,,2.0,0,2,35_64,True,generative
donor_h0003194,2,13,46,2,2,2.0,2.0,2.0,2.0,1,2,35_64,True,generative
donor_h0003194,3,14,16,2,2,2.0,2.0,,2.0,2,2,0_17,False,dependent
donor_h0003194,4,15,13,2,2,,2.0,,2.0,2,2,0_17,False,dependent
donor_h0003195,1,17,80,1,2,1.0,1.0,,1.0,0,1,65_plus,True,generative
donor_h0003196,1,13,53,2,2,2.0,2.0,,2.0,0,2,35_64,True,generative
donor_h0003196,2,11,74,2,2,2.0,1.0,,2.0,6,1,65_plus,True,generative
donor_h0003197,1,26,46,2,2,2.0,2.0,,2.0,0,2,35_64,True,generative
donor_h0003197,2,30,43,2,2,2.0,2.0,,2.0,1,2,35_64,True,generative
donor_h0003197,3,37,18,2,2,2.0,2.0,,2.0,2,2,18_34,True,generative
donor_h0003197,4,28,16,2,2,2.0,2.0,,2.0,2,2,0_17,False,dependent
donor_h0003198,1,11,86,1,2,1.0,1.0,,2.0,0,1,65_plus,True,generative
donor_h0003198,2,15,61,2,2,2.0,2.0,,2.0,2,2,35_64,True,generative
donor_h0003199,1,5,34,2,2,2.0,2.0,,2.0,0,2,18_34,True,generative
donor_h0003199,2,6,34,2,2,2.0,2.0,,2.0,1,2,18_34,True,generative
donor_h0003199,3,4,0,2,2,,,,,2,2,0_17,False,dependent
donor_h0003200,1,18,56,2,2,2.0,2.0,,2.0,0,2,35_64,True,generative
donor_h0003201,1,6,67,2,2,2.0,2.0,,2.0,0,2,65_plus,True,generative
donor_h0003201,2,8,56,2,2,2.0,2.0,,2.0,1,2,35_64,True,generative
donor_h0003202,1,16,77,2,2,2.0,2.0,,2.0,0,2,65_plus,True,generative
donor_h0003202,2,16,69,2,2,2.0,2.0,,2.0,1,2,65_plus,True,generative
donor_h0003203,1,15,78,2,2,2.0,2.0,,2.0,0,2,65_plus,True,generative
donor_h0003203,2,15,74,2,2,2.0,2.0,,2.0,1,2,65_plus,True,generative
donor_h0003204,1,10,73,2,2,2.0,2.0,,2.0,0,2,65_plus,True,generative
donor_h0003205,1,5,31,2,2,2.0,2.0,,2.0,0,2,18_34,True,generative
donor_h0003205,2,5,32,2,2,2.0,2.0,,2.0,1,2,18_34,True,generative
donor_h0003205,3,4,8,2,2,,2.0,,2.0,2,2,0_17,False,dependent
donor_h0003205,4,5,6,2,2,,2.0,,2.0,2,2,0_17,False,dependent
donor_h0003206,1,10,71,2,2,2.0,2.0,,2.0,0,2,65_plus,True,generative
donor_h0003206,2,11,72,2,2,2.0,2.0,,2.0,1,2,65_plus,True,generative
donor_h0003207,1,2,72,2,2,2.0,2.0,,2.0,0,2,65_plus,True,generative
donor_h0003208,1,13,33,2,2,2.0,2.0,,2.0,0,2,18_34,True,generative
donor_h0003209,1,6,53,2,2,2.0,2.0,,2.0,0,2,35_64,True,generative
donor_h0003209,2,9,53,2,2,2.0,2.0,,2.0,1,2,35_64,True,generative
donor_h0003210,1,12,43,2,2,2.0,2.0,,2.0,0,2,35_64,True,generative
donor_h0003211,1,10,67,2,2,2.0,2.0,,2.0,0,2,65_plus,True,generative
donor_h0003212,1,14,45,2,2,2.0,2.0,,2.0,0,2,35_64,True,generative
donor_h0003212,2,14,35,2,2,2.0,2.0,,2.0,1,2,35_64,True,generative
donor_h0003213,1,13,64,2,2,2.0,2.0,,2.0,0,2,35_64,True,generative
donor_h0003214,1,11,75,2,2,2.0,1.0,,2.0,0,1,65_plus,True,generative
donor_h0003214,2,12,69,2,2,2.0,2.0,,2.0,1,2,65_plus,True,generative
donor_h0003215,1,14,58,2,2,2.0,2.0,,2.0,0,2,35_64,True,generative
donor_h0003215,2,14,64,2,2,2.0,2.0,,2.0,1,2,35_64,True,generative
donor_h0003216,1,23,65,2,2,2.0,2.0,,2.0,0,2,65_plus,True,generative
donor_h0003216,2,28,63,2,2,2.0,2.0,,2.0,5,2,35_64,True,generative
donor_h0003217,1,4,60,2,2,2.0,2.0,,2.0,0,2,35_64,True,generative
donor_h0003218,1,10,63,2,2,2.0,2.0,,2.0,0,2,35_64,True,generative
donor_h0003218,2,3,66,2,2,1.0,1.0,,2.0,1,1,65_plus,True,generative
donor_h0003219,1,10,71,2,2,2.0,2.0,,2.0,0,2,65_plus,True,generative
donor_h0003219,2,11,68,2,2,2.0,2.0,,2.0,1,2,65_plus,True,generative
donor_h0003220,1,25,66,2,2,2.0,2.0,,2.0,0,2,65_plus,True,generative
donor_h0003220,2,29,64,2,2,2.0,2.0,,2.0,1,2,35_64,True,generative
donor_h0003221,1,16,54,2,2,2.0,2.0,,2.0,0,2,35_64,True,generative
donor_h0003221,2,13,54,2,2,2.0,2.0,,2.0,1,2,35_64,True,generative
donor_h0003221,3,20,22,2,2,2.0,2.0,,2.0,2,2,18_34,True,generative
donor_h0003221,4,20,20,2,2,2.0,2.0,,2.0,2,2,18_34,True,generative
donor_h0003221,5,13,18,2,2,2.0,2.0,,2.0,2,2,18_34,True,generative
donor_h0003222,1,17,56,2,2,2.0,2.0,,2.0,0,2,35_64,True,generative
donor_h0003223,1,47,26,2,2,2.0,2.0,,2.0,0,2,18_34,True,generative
donor_h0003223,2,23,21,2,2,2.0,2.0,,2.0,1,2,18_34,True,generative
donor_h0003224,1,63,47,2,2,2.0,2.0,,2.0,0,2,35_64,True,generative
donor_h0003224,2,71,41,2,2,2.0,1.0,,2.0,1,1,35_64,True,generative
donor_h0003224,3,78,21,2,2,2.0,2.0,,2.0,2,2,18_34,True,generative
donor_h0003224,4,64,14,2,2,,2.0,,2.0,2,2,0_17,False,dependent
donor_h0003225,1,3,35,2,2,2.0,2.0,,2.0,0,2,35_64,True,generative
donor_h0003225,2,4,9,2,2,,2.0,,2.0,2,2,0_17,False,dependent
donor_h0003225,3,3,7,2,2,,2.0,,2.0,2,2,0_17,False,dependent
donor_h0003225,4,3,64,2,2,2.0,2.0,,2.0,8,2,35_64,True,generative
donor_h0003226,1,8,60,2,2,2.0,2.0,,2.0,0,2,35_64,True,generative
donor_h0003226,2,8,54,2,2,2.0,2.0,,2.0,1,2,35_64,True,generative
donor_h0003227,1,10,66,2,2,2.0,2.0,,2.0,0,2,65_plus,True,generative
donor_h0003227,2,13,57,2,2,2.0,2.0,,2.0,1,2,35_64,True,generative
donor_h0003228,1,16,55,2,2,2.0,2.0,,2.0,0,2,35_64,True,generative
donor_h0003228,2,16,55,2,2,2.0,2.0,,2.0,13,2,35_64,True,generative
donor_h0003229,1,6,67,2,2,2.0,2.0,,2.0,0,2,65_plus,True,generative
donor_h0003229,2,7,62,2,2,2.0,1.0,,2.0,1,1,35_64,True,generative
donor_h0003230,1,8,55,2,2,2.0,2.0,,2.0,0,2,35_64,True,generative
donor_h0003231,1,3,70,2,2,1.0,1.0,,2.0,0,1,65_plus,True,generative
donor_h0003232,1,8,74,2,2,1.0,1.0,,2.0,0,1,65_plus,True,generative
donor_h0003232,2,8,71,2,2,2.0,2.0,,2.0,1,2,65_plus,True,generative
donor_h0003232,3,9,31,2,2,1.0,2.0,,1.0,7,1,18_34,True,generative
donor_h0003233,1,5,78,1,2,2.0,1.0,,2.0,0,1,65_plus,True,generative
donor_h0003233,2,4,77,1,2,2.0,2.0,,2.0,12,1,65_plus,True,generative
donor_h0003234,1,15,32,2,2,2.0,2.0,,2.0,0,2,18_34,True,generative
donor_h0003234,2,16,33,2,2,2.0,2.0,,2.0,5,2,18_34,True,generative
donor_h0003234,3,16,37,2,2,2.0,2.0,,2.0,13,2,35_64,True,generative
donor_h0003235,1,12,37,2,2,2.0,2.0,,2.0,0,2,35_64,True,generative
donor_h0003235,2,12,8,2,2,,2.0,,2.0,2,2,0_17,False,dependent
donor_h0003235,3,13,5,2,2,,2.0,,2.0,2,2,0_17,False,dependent
donor_h0003236,1,12,53,2,2,2.0,2.0,,2.0,0,2,35_64,True,generative
donor_h0003236,2,16,49,2,2,1.0,2.0,,2.0,1,1,35_64,True,generative
donor_h0003236,3,17,20,2,2,2.0,2.0,,2.0,2,2,18_34,True,generative
donor_h0003237,1,21,63,2,2,2.0,2.0,,2.0,0,2,35_64,True,generative
donor_h0003238,1,15,62,2,2,2.0,2.0,,2.0,0,2,35_64,True,generative
donor_h0003238,2,15,62,2,2,2.0,2.0,,2.0,1,2,35_64,True,generative
donor_h0003238,3,15,61,2,2,2.0,1.0,,2.0,5,1,35_64,True,generative
donor_h0003239,1,22,60,2,2,2.0,2.0,,2.0,0,2,35_64,True,generative
donor_h0003240,1,17,58,1,2,2.0,1.0,,2.0,0,1,35_64,True,generative
donor_h0003240,2,5,49,2,2,2.0,1.0,,2.0,13,1,35_64,True,generative
donor_h0003241,1,13,56,2,2,2.0,2.0,,2.0,0,2,35_64,True,generative
donor_h0003242,1,57,45,2,2,2.0,2.0,,2.0,0,2,35_64,True,generative
donor_h0003242,2,67,45,2,1,2.0,1.0,,2.0,1,1,35_64,True,generative
donor_h0003242,3,53,19,2,2,2.0,2.0,,2.0,2,2,18_34,True,generative
donor_h0003242,4,60,17,2,2,2.0,2.0,,2.0,2,2,0_17,False,dependent
donor_h0003242,5,60,15,2,2,2.0,2.0,,2.0,2,2,0_17,False,dependent
donor_h0003243,1,12,66,2,2,2.0,2.0,,2.0,0,2,65_plus,True,generative
donor_h0003243,2,11,66,2,2,2.0,2.0,,2.0,1,2,65_plus,True,generative
donor_h0003244,1,11,75,2,2,2.0,2.0,,2.0,0,2,65_plus,True,generative
donor_h0003244,2,11,68,2,2,2.0,2.0,,2.0,1,2,65_plus,True,generative
donor_h0003245,1,17,20,2,2,2.0,2.0,,2.0,0,2,18_34,True,generative
donor_h0003245,2,57,5,2,2,,2.0,,2.0,2,2,0_17,False,dependent
donor_h0003245,3,34,4,2,2,,,,,2,2,0_17,False,dependent
donor_h0003245,4,39,46,2,2,2.0,2.0,,2.0,6,2,35_64,True,generative
donor_h0003246,1,9,50,2,2,2.0,2.0,,2.0,0,2,35_64,True,generative
donor_h0003246,2,8,13,2,2,,2.0,,2.0,2,2,0_17,False,dependent
donor_h0003246,3,10,63,2,2,2.0,2.0,,2.0,11,2,35_64,True,generative
donor_h0003247,1,15,78,2,2,2.0,2.0,,2.0,0,2,65_plus,True,generative
donor_h0003248,1,35,26,2,2,2.0,2.0,,2.0,0,2,18_34,True,generative
donor_h0003248,2,34,26,2,2,2.0,2.0,,2.0,1,2,18_34,True,generative
donor_h0003249,1,2,62,2,2,2.0,2.0,,2.0,0,2,35_64,True,generative
donor_h0003249,2,3,63,2,2,1.0,1.0,,1.0,1,1,35_64,True,generative
donor_h0003249,3,3,11,2,2,,2.0,,2.0,7,2,0_17,False,dependent
donor_h0003250,1,17,32,2,2,2.0,2.0,,2.0,0,2,18_34,True,generative
donor_h0003250,2,17,31,2,2,2.0,2.0,,2.0,1,2,18_34,True,generative
donor_h0003251,1,8,57,2,2,2.0,2.0,,2.0,0,2,35_64,True,generative
donor_h0003251,2,9,55,2,2,2.0,2.0,3.0,2.0,1,2,35_64,True,generative
donor_h0003252,1,11,88,1,2,1.0,2.0,4.0,2.0,0,1,65_plus,True,generative
donor_h0003252,2,13,82,2,2,1.0,1.0,,1.0,1,1,65_plus,True,generative
donor_h0003253,1,12,35,2,2,2.0,2.0,,2.0,0,2,35_64,True,generative
donor_h0003253,2,23,34,2,2,2.0,2.0,,2.0,1,2,18_34,True,generative
donor_h0003253,3,10,14,2,2,,2.0,,2.0,2,2,0_17,False,dependent
donor_h0003253,4,11,11,2,2,,2.0,,2.0,2,2,0_17,False,dependent
donor_h0003253,5,11,10,2,2,,2.0,,2.0,2,2,0_17,False,dependent
donor_h0003253,6,10,5,2,2,,2.0,,2.0,2,2,0_17,False,dependent
donor_h0003254,1,76,55,2,2,2.0,1.0,,2.0,0,1,35_64,True,generative
donor_h0003254,2,55,49,2,2,2.0,2.0,,2.0,1,2,35_64,True,generative
donor_h0003255,1,14,50,2,2,2.0,2.0,,1.0,0,1,35_64,True,generative
donor_h0003256,1,16,42,2,2,2.0,2.0,,2.0,0,2,35_64,True,generative
donor_h0003256,2,15,10,2,2,,2.0,,2.0,2,2,0_17,False,dependent
donor_h0003256,3,14,71,1,2,1.0,1.0,,2.0,6,1,65_plus,True,generative
donor_h0003256,4,16,41,2,2,2.0,2.0,,2.0,13,2,35_64,True,generative
donor_h0003256,5,15,10,2,2,,2.0,,2.0,15,2,0_17,False,dependent
donor_h0003256,6,14,7,2,2,,2.0,,2.0,15,2,0_17,False,dependent
donor_h0003257,1,6,64,2,2,2.0,2.0,,2.0,0,2,35_64,True,generative
donor_h0003257,2,5,61,2,2,2.0,2.0,,2.0,1,2,35_64,True,generative
donor_h0003258,1,7,81,2,2,2.0,2.0,,2.0,0,2,65_plus,True,generative
donor_h0003259,1,14,56,2,1,2.0,2.0,,2.0,0,1,35_64,True,generative
donor_h0003260,1,5,62,2,2,2.0,2.0,,2.0,0,2,35_64,True,generative
donor_h0003260,2,6,53,2,2,2.0,2.0,,2.0,1,2,35_64,True,generative
donor_h0003260,3,5,30,2,2,2.0,2.0,,2.0,2,2,18_34,True,generative
donor_h0003260,4,6,28,2,2,2.0,2.0,,2.0,2,2,18_34,True,generative
donor_h0003261,1,12,49,2,2,2.0,2.0,,2.0,0,2,35_64,True,generative
donor_h0003262,1,8,36,2,2,2.0,2.0,,2.0,0,2,35_64,True,generative
donor_h0003262,2,8,34,2,2,2.0,2.0,,2.0,1,2,18_34,True,generative
donor_h0003262,3,8,13,2,2,,2.0,,2.0,2,2,0_17,False,dependent
donor_h0003262,4,8,8,2,2,,2.0,,2.0,2,2,0_17,False,dependent
donor_h0003262,5,7,5,2,2,,2.0,,2.0,2,2,0_17,False,dependent
donor_h0003263,1,9,35,2,2,2.0,2.0,,1.0,0,1,35_64,True,generative
donor_h0003263,2,10,16,2,2,2.0,2.0,,2.0,2,2,0_17,False,dependent
donor_h0003263,3,6,12,2,2,,2.0,,2.0,2,2,0_17,False,dependent
donor_h0003263,4,31,33,2,2,2.0,2.0,,2.0,13,2,18_34,True,generative
donor_h0003264,1,11,38,2,2,2.0,2.0,,2.0,0,2,35_64,True,generative
donor_h0003264,2,11,44,2,2,2.0,2.0,,2.0,1,2,35_64,True,generative
donor_h0003264,3,9,19,2,2,2.0,2.0,,2.0,2,2,18_34,True,generative
donor_h0003264,4,15,16,2,2,2.0,2.0,,2.0,2,2,0_17,False,dependent
donor_h0003264,5,11,15,2,2,2.0,2.0,,2.0,2,2,0_17,False,dependent
donor_h0003264,6,11,14,2,2,,2.0,,2.0,2,2,0_17,False,dependent
donor_h0003264,7,11,13,2,2,,2.0,,2.0,2,2,0_17,False,dependent
donor_h0003264,8,11,12,2,2,,2.0,,2.0,2,2,0_17,False,dependent
donor_h0003264,9,11,11,2,2,,2.0,,2.0,2,2,0_17,False,dependent
donor_h0003264,10,10,10,2,2,,2.0,,2.0,2,2,0_17,False,dependent
donor_h0003264,11,11,10,2,2,,2.0,,2.0,2,2,0_17,False,dependent
donor_h0003264,12,11,7,2,2,,2.0,,2.0,2,2,0_17,False,dependent
donor_h0003265,1,12,52,2,2,2.0,2.0,,2.0,0,2,35_64,True,generative
donor_h0003265,2,10,51,2,2,2.0,2.0,,2.0,1,2,35_64,True,generative
donor_h0003265,3,14,19,2,2,2.0,2.0,,2.0,2,2,18_34,True,generative
donor_h0003266,1,20,51,2,2,1.0,1.0,,1.0,0,1,35_64,True,generative
donor_h0003266,2,20,19,2,2,2.0,2.0,,2.0,2,2,18_34,True,generative
donor_h0003267,1,7,72,2,2,2.0,1.0,,1.0,0,1,65_plus,True,generative
donor_h0003267,2,8,71,2,2,2.0,2.0,,2.0,1,2,65_plus,True,generative
donor_h0003268,1,34,54,1,2,2.0,1.0,,2.0,0,1,35_64,True,generative
donor_h0003268,2,26,54,2,2,2.0,2.0,,2.0,1,2,35_64,True,generative
donor_h0003268,3,35,26,2,2,2.0,2.0,,2.0,4,2,18_34,True,generative
donor_h0003268,4,43,23,2,2,2.0,2.0,,2.0,4,2,18_34,True,generative
donor_h0003269,1,33,55,2,2,1.0,1.0,,2.0,0,1,35_64,True,generative
donor_h0003270,1,4,69,2,2,2.0,2.0,5.0,2.0,0,2,65_plus,True,generative
donor_h0003270,2,4,67,2,2,2.0,2.0,,2.0,1,2,65_plus,True,generative
donor_h0003271,1,14,57,2,2,2.0,2.0,,2.0,0,2,35_64,True,generative
donor_h0003271,2,13,31,2,2,2.0,2.0,,2.0,2,2,18_34,True,generative
donor_h0003271,3,13,7,2,2,,2.0,,2.0,7,2,0_17,False,dependent
donor_h0003271,4,13,6,2,2,,2.0,,2.0,7,2,0_17,False,dependent
donor_h0003271,5,15,23,2,2,2.0,2.0,,2.0,11,2,18_34,True,generative
donor_h0003272,1,6,70,2,2,2.0,1.0,,2.0,0,1,65_plus,True,generative
donor_h0003272,2,5,73,2,2,1.0,1.0,,2.0,1,1,65_plus,True,generative
donor_h0003273,1,8,54,2,2,2.0,2.0,,2.0,0,2,35_64,True,generative
donor_h0003273,2,9,60,2,2,2.0,1.0,,2.0,1,1,35_64,True,generative
donor_h0003274,1,10,79,2,2,2.0,2.0,,2.0,0,2,65_plus,True,generative
donor_h0003274,2,9,87,2,2,2.0,2.0,,2.0,1,2,65_plus,True,generative
donor_h0003275,1,33,58,2,2,2.0,2.0,,2.0,0,2,35_64,True,generative
donor_h0003276,1,2,83,2,2,2.0,2.0,,2.0,0,2,65_plus,True,generative
donor_h0003277,1,13,37,2,2,2.0,2.0,,2.0,0,2,35_64,True,generative
donor_h0003278,1,22,58,2,2,1.0,1.0,,1.0,0,1,35_64,True,generative
donor_h0003278,2,16,52,2,2,2.0,2.0,,2.0,1,2,35_64,True,generative
donor_h0003279,1,39,39,2,2,2.0,2.0,,2.0,0,2,35_64,True,generative
donor_h0003279,2,40,43,2,2,2.0,2.0,,2.0,1,2,35_64,True,generative
donor_h0003279,3,39,11,2,2,,2.0,,2.0,2,2,0_17,False,dependent
donor_h0003280,1,14,69,2,2,2.0,2.0,,2.0,0,2,65_plus,True,generative
donor_h0003281,1,14,65,2,2,1.0,1.0,,2.0,0,1,65_plus,True,generative
donor_h0003281,2,13,66,2,2,2.0,2.0,,2.0,1,2,65_plus,True,generative
donor_h0003282,1,43,78,1,1,2.0,1.0,,2.0,0,1,65_plus,True,generative
donor_h0003283,1,15,82,1,1,1.0,1.0,,1.0,0,1,65_plus,True,generative
donor_h0003283,2,16,64,2,2,2.0,2.0,,2.0,2,2,35_64,True,generative
donor_h0003284,1,22,34,2,2,2.0,2.0,,2.0,0,2,18_34,True,generative
donor_h0003284,2,23,37,2,2,1.0,1.0,,1.0,1,1,35_64,True,generative
donor_h0003284,3,29,18,2,2,2.0,2.0,,2.0,2,2,18_34,True,generative
donor_h0003284,4,31,16,2,2,2.0,2.0,,2.0,2,2,0_17,False,dependent
donor_h0003284,5,31,15,2,2,2.0,2.0,,2.0,2,2,0_17,False,dependent
donor_h0003284,6,23,14,2,2,,2.0,,2.0,2,2,0_17,False,dependent
donor_h0003284,7,21,8,2,2,,2.0,,2.0,2,2,0_17,False,dependent
donor_h0003285,1,11,79,2,2,2.0,2.0,,2.0,0,2,65_plus,True,generative
donor_h0003285,2,13,51,2,2,1.0,1.0,,2.0,2,1,35_64,True,generative
donor_h0003286,1,51,48,2,2,2.0,2.0,,2.0,0,2,35_64,True,generative
donor_h0003286,2,12,46,2,2,2.0,2.0,,2.0,1,2,35_64,True,generative
donor_h0003286,3,42,16,2,2,2.0,2.0,,2.0,2,2,0_17,False,dependent
donor_h0003287,1,25,55,2,2,2.0,2.0,,2.0,0,2,35_64,True,generative
donor_h0003287,2,27,58,2,2,2.0,2.0,,2.0,1,2,35_64,True,generative
donor_h0003288,1,10,69,2,2,2.0,2.0,,2.0,0,2,65_plus,True,generative
donor_h0003289,1,41,46,2,2,2.0,2.0,,2.0,0,2,35_64,True,generative
donor_h0003289,2,37,48,2,2,2.0,2.0,,2.0,11,2,35_64,True,generative
donor_h0003290,1,5,51,2,2,2.0,2.0,,2.0,0,2,35_64,True,generative
donor_h0003290,2,6,55,2,2,2.0,2.0,,2.0,1,2,35_64,True,generative
donor_h0003290,3,6,20,2,2,2.0,2.0,,2.0,2,2,18_34,True,generative
donor_h0003290,4,7,19,2,2,2.0,2.0,,2.0,15,2,18_34,True,generative
donor_h0003291,1,23,19,2,2,2.0,2.0,,1.0,0,1,18_34,True,generative
donor_h0003291,2,28,34,2,2,2.0,2.0,,2.0,12,2,18_34,True,generative
donor_h0003291,3,15,27,2,2,2.0,2.0,,2.0,12,2,18_34,True,generative
donor_h0003291,4,31,27,2,2,2.0,2.0,,2.0,12,2,18_34,True,generative
donor_h0003291,5,14,25,2,2,2.0,2.0,,2.0,12,2,18_34,True,generative
donor_h0003292,1,17,57,2,2,2.0,2.0,,2.0,0,2,35_64,True,generative
donor_h0003292,2,10,46,2,2,2.0,2.0,,2.0,1,2,35_64,True,generative
donor_h0003292,3,16,21,2,2,2.0,2.0,,2.0,3,2,18_34,True,generative
donor_h0003292,4,16,25,2,2,2.0,2.0,,2.0,12,2,18_34,True,generative
donor_h0003292,5,15,23,2,2,2.0,2.0,,2.0,12,2,18_34,True,generative
donor_h0003293,1,3,67,2,2,2.0,2.0,,2.0,0,2,65_plus,True,generative
donor_h0003293,2,3,68,2,2,2.0,2.0,,2.0,1,2,65_plus,True,generative
donor_h0003293,3,3,47,2,2,2.0,2.0,,2.0,2,2,35_64,True,generative
donor_h0003293,4,3,47,2,2,2.0,2.0,,1.0,9,1,35_64,True,generative
donor_h0003293,5,3,4,2,2,,,,,10,2,0_17,False,dependent
donor_h0003294,1,11,66,2,2,2.0,2.0,,2.0,0,2,65_plus,True,generative
donor_h0003294,2,12,66,2,2,2.0,2.0,,2.0,1,2,65_plus,True,generative
donor_h0003295,1,12,51,2,2,2.0,2.0,,2.0,0,2,35_64,True,generative
donor_h0003295,2,17,58,2,2,2.0,2.0,,2.0,11,2,35_64,True,generative
donor_h0003296,1,13,52,2,2,2.0,2.0,,2.0,0,2,35_64,True,generative
donor_h0003296,2,14,57,2,2,2.0,2.0,,2.0,1,2,35_64,True,generative
donor_h0003297,1,12,72,2,2,2.0,2.0,,2.0,0,2,65_plus,True,generative
donor_h0003297,2,14,64,2,2,2.0,2.0,,2.0,1,2,35_64,True,generative
donor_h0003298,1,6,66,2,2,2.0,2.0,,2.0,0,2,65_plus,True,generative
donor_h0003298,2,8,64,2,2,2.0,2.0,,2.0,1,2,35_64,True,generative
donor_h0003299,1,12,76,2,2,2.0,2.0,,2.0,0,2,65_plus,True,generative
donor_h0003299,2,13,72,2,2,2.0,2.0,,2.0,1,2,65_plus,True,generative
donor_h0003299,3,14,39,2,2,2.0,2.0,,2.0,2,2,35_64,True,generative
donor_h0003300,1,51,53,2,2,2.0,2.0,,2.0,0,2,35_64,True,generative
donor_h0003300,2,56,75,2,2,2.0,2.0,,2.0,15,2,65_plus,True,generative
donor_h0003301,1,15,59,2,2,2.0,2.0,,2.0,0,2,35_64,True,generative
donor_h0003301,2,23,58,2,2,2.0,2.0,,2.0,1,2,35_64,True,generative
donor_h0003302,1,26,44,2,2,2.0,2.0,,2.0,0,2,35_64,True,generative
donor_h0003302,2,25,12,2,2,,2.0,,2.0,2,2,0_17,False,dependent
donor_h0003302,3,27,7,2,2,,2.0,,2.0,2,2,0_17,False,dependent
donor_h0003303,1,21,45,2,2,2.0,2.0,,2.0,0,2,35_64,True,generative
donor_h0003303,2,20,17,2,2,2.0,2.0,,2.0,2,2,0_17,False,dependent
donor_h0003304,1,27,73,1,2,2.0,2.0,,2.0,0,1,65_plus,True,generative
donor_h0003304,2,26,74,2,2,2.0,1.0,,2.0,1,1,65_plus,True,generative
donor_h0003305,1,13,35,2,2,2.0,2.0,,2.0,0,2,35_64,True,generative
donor_h0003305,2,12,36,2,2,2.0,2.0,,2.0,1,2,35_64,True,generative
donor_h0003305,3,12,8,2,2,,2.0,,2.0,2,2,0_17,False,dependent
donor_h0003305,4,11,3,2,2,,,,,2,2,0_17,False,dependent
donor_h0003306,1,6,67,2,2,2.0,2.0,,2.0,0,2,65_plus,True,generative
donor_h0003306,2,7,49,2,2,2.0,2.0,,2.0,1,2,35_64,True,generative
donor_h0003306,3,9,17,2,2,2.0,2.0,,2.0,2,2,0_17,False,dependent
donor_h0003306,4,7,14,2,2,,2.0,,2.0,2,2,0_17,False,dependent
donor_h0003307,1,2,28,2,2,2.0,2.0,,2.0,0,2,18_34,True,generative
donor_h0003307,2,2,6,2,2,,2.0,,2.0,2,2,0_17,False,dependent
donor_h0003307,3,2,1,2,2,,,,,2,2,0_17,False,dependent
donor_h0003308,1,14,90,2,2,2.0,2.0,,2.0,0,2,65_plus,True,generative
donor_h0003308,2,11,86,2,1,2.0,2.0,,2.0,1,1,65_plus,True,generative
donor_h0003309,1,40,40,2,2,2.0,2.0,,2.0,0,2,35_64,True,generative
donor_h0003309,2,38,15,2,2,2.0,2.0,,2.0,2,2,0_17,False,dependent
donor_h0003309,3,40,40,2,2,2.0,2.0,,2.0,13,2,35_64,True,generative
donor_h0003310,1,9,61,2,2,2.0,2.0,,2.0,0,2,35_64,True,generative
donor_h0003311,1,5,55,2,2,2.0,2.0,,2.0,0,2,35_64,True,generative
donor_h0003311,2,4,50,2,2,2.0,2.0,,2.0,1,2,35_64,True,generative
donor_h0003311,3,4,10,2,2,,2.0,,1.0,3,1,0_17,False,dependent
donor_h0003312,1,22,31,2,2,2.0,2.0,,2.0,0,2,18_34,True,generative
donor_h0003312,2,26,29,2,2,2.0,2.0,,2.0,1,2,18_34,True,generative
donor_h0003312,3,21,2,2,2,,,,,2,2,0_17,False,dependent
donor_h0003313,1,11,50,2,2,2.0,2.0,,2.0,0,2,35_64,True,generative
donor_h0003313,2,14,49,2,1,2.0,2.0,,2.0,1,1,35_64,True,generative
donor_h0003313,3,15,29,2,2,2.0,2.0,,2.0,2,2,18_34,True,generative
donor_h0003313,4,13,2,2,2,,,,,7,2,0_17,False,dependent
donor_h0003313,5,16,2,2,2,,,,,7,2,0_17,False,dependent
donor_h0003314,1,68,59,2,2,2.0,2.0,,2.0,0,2,35_64,True,generative
donor_h0003314,2,54,68,2,2,2.0,2.0,,2.0,1,2,65_plus,True,generative
donor_h0003314,3,62,15,2,2,2.0,2.0,,2.0,7,2,0_17,False,dependent
donor_h0003314,4,61,38,2,2,2.0,2.0,,2.0,15,2,35_64,True,generative
donor_h0003315,1,26,34,2,2,2.0,2.0,,2.0,0,2,18_34,True,generative
donor_h0003315,2,27,32,2,2,2.0,2.0,,2.0,1,2,18_34,True,generative
donor_h0003315,3,24,2,2,2,,,,,2,2,0_17,False,dependent
donor_h0003316,1,22,30,2,2,2.0,2.0,,2.0,0,2,18_34,True,generative
donor_h0003316,2,22,31,2,2,2.0,2.0,,2.0,1,2,18_34,True,generative
donor_h0003316,3,26,1,2,2,,,,,2,2,0_17,False,dependent
donor_h0003317,1,14,35,2,2,2.0,2.0,,2.0,0,2,35_64,True,generative
donor_h0003318,1,13,54,2,2,2.0,2.0,,2.0,0,2,35_64,True,generative
donor_h0003318,2,17,53,2,2,2.0,2.0,,2.0,1,2,35_64,True,generative
donor_h0003318,3,16,16,2,2,2.0,2.0,,2.0,2,2,0_17,False,dependent
donor_h0003318,4,15,11,2,2,,2.0,,2.0,2,2,0_17,False,dependent
donor_h0003319,1,12,62,2,2,2.0,2.0,,2.0,0,2,35_64,True,generative
donor_h0003319,2,13,62,2,2,2.0,2.0,,2.0,1,2,35_64,True,generative
donor_h0003320,1,13,42,2,2,2.0,2.0,,2.0,0,2,35_64,True,generative
donor_h0003320,2,13,40,2,2,1.0,2.0,,2.0,1,1,35_64,True,generative
donor_h0003320,3,13,10,2,2,,2.0,,2.0,2,2,0_17,False,dependent
donor_h0003320,4,12,6,2,2,,2.0,,2.0,2,2,0_17,False,dependent
donor_h0003321,1,9,39,2,2,2.0,2.0,,2.0,0,2,35_64,True,generative
donor_h0003321,2,8,38,2,2,2.0,2.0,,2.0,1,2,35_64,True,generative
donor_h0003321,3,9,20,2,2,2.0,2.0,,2.0,2,2,18_34,True,generative
donor_h0003321,4,9,17,2,2,2.0,2.0,,2.0,2,2,0_17,False,dependent
donor_h0003321,5,8,17,2,2,2.0,2.0,,2.0,2,2,0_17,False,dependent
donor_h0003321,6,9,16,2,2,2.0,2.0,,2.0,2,2,0_17,False,dependent
donor_h0003321,7,15,34,2,2,2.0,2.0,,2.0,11,2,18_34,True,generative
donor_h0003322,1,18,63,2,2,2.0,2.0,,2.0,0,2,35_64,True,generative
donor_h0003322,2,18,63,2,2,2.0,2.0,,2.0,1,2,35_64,True,generative
donor_h0003323,1,9,63,2,2,2.0,2.0,,2.0,0,2,35_64,True,generative
donor_h0003323,2,10,58,2,2,2.0,2.0,,2.0,1,2,35_64,True,generative
donor_h0003324,1,5,59,2,2,2.0,2.0,,2.0,0,2,35_64,True,generative
donor_h0003324,2,4,57,2,2,2.0,2.0,,2.0,1,2,35_64,True,generative
donor_h0003325,1,43,40,2,2,2.0,2.0,,2.0,0,2,35_64,True,generative
donor_h0003325,2,44,31,2,2,2.0,2.0,,2.0,1,2,18_34,True,generative
donor_h0003325,3,34,8,2,2,,2.0,,2.0,2,2,0_17,False,dependent
donor_h0003326,1,11,53,2,2,2.0,2.0,,2.0,0,2,35_64,True,generative
donor_h0003326,2,9,71,2,2,2.0,2.0,,2.0,1,2,65_plus,True,generative
donor_h0003327,1,31,70,1,1,2.0,2.0,,2.0,0,1,65_plus,True,generative
donor_h0003327,2,36,33,2,2,2.0,2.0,,2.0,2,2,18_34,True,generative
donor_h0003327,3,27,57,2,2,2.0,2.0,,2.0,5,2,35_64,True,generative
donor_h0003328,1,18,50,2,2,2.0,2.0,,1.0,0,1,35_64,True,generative
donor_h0003328,2,14,53,2,2,2.0,2.0,,2.0,1,2,35_64,True,generative
donor_h0003329,1,6,73,2,2,2.0,1.0,,2.0,0,1,65_plus,True,generative
donor_h0003329,2,7,71,2,2,2.0,2.0,,2.0,1,2,65_plus,True,generative
donor_h0003330,1,15,64,2,2,2.0,2.0,,2.0,0,2,35_64,True,generative
donor_h0003330,2,16,63,2,2,2.0,2.0,,2.0,1,2,35_64,True,generative
donor_h0003331,1,12,77,2,2,2.0,1.0,,2.0,0,1,65_plus,True,generative
donor_h0003331,2,6,71,2,2,2.0,2.0,,2.0,1,2,65_plus,True,generative
donor_h0003332,1,14,40,2,2,2.0,2.0,,2.0,0,2,35_64,True,generative
donor_h0003332,2,14,36,2,2,2.0,2.0,,2.0,1,2,35_64,True,generative
donor_h0003332,3,12,3,2,2,,,,,2,2,0_17,False,dependent
donor_h0003332,4,16,0,2,2,,,,,2,2,0_17,False,dependent
donor_h0003333,1,16,23,2,2,2.0,2.0,,2.0,0,2,18_34,True,generative
donor_h0003334,1,9,84,2,2,2.0,2.0,,2.0,0,2,65_plus,True,generative
donor_h0003335,1,10,19,2,2,2.0,2.0,,2.0,0,2,18_34,True,generative
donor_h0003335,2,10,19,2,2,2.0,2.0,,2.0,12,2,18_34,True,generative
donor_h0003336,1,34,73,2,2,2.0,2.0,,2.0,0,2,65_plus,True,generative
donor_h0003337,1,8,40,2,2,2.0,2.0,,2.0,0,2,35_64,True,generative
donor_h0003337,2,11,17,2,2,2.0,2.0,,2.0,2,2,0_17,False,dependent
donor_h0003337,3,8,13,2,2,,2.0,,2.0,2,2,0_17,False,dependent
donor_h0003337,4,8,9,2,2,,2.0,,1.0,3,1,0_17,False,dependent
donor_h0003337,5,8,7,2,2,,2.0,,2.0,3,2,0_17,False,dependent
donor_h0003337,6,7,13,2,2,,2.0,,2.0,4,2,0_17,False,dependent
donor_h0003337,7,7,47,2,2,2.0,2.0,,2.0,13,2,35_64,True,generative
donor_h0003338,1,13,74,2,2,2.0,2.0,,2.0,0,2,65_plus,True,generative
donor_h0003338,2,13,79,2,2,2.0,2.0,,2.0,1,2,65_plus,True,generative
donor_h0003339,1,8,53,2,2,2.0,2.0,,2.0,0,2,35_64,True,generative
donor_h0003339,2,6,52,2,2,2.0,2.0,,2.0,1,2,35_64,True,generative
donor_h0003340,1,35,66,2,2,2.0,2.0,,2.0,0,2,65_plus,True,generative
donor_h0003340,2,29,58,2,2,2.0,2.0,,2.0,1,2,35_64,True,generative
donor_h0003341,1,14,59,2,2,2.0,2.0,,2.0,0,2,35_64,True,generative
donor_h0003341,2,15,29,2,2,2.0,2.0,,1.0,2,1,18_34,True,generative
donor_h0003342,1,12,45,2,2,2.0,2.0,,2.0,0,2,35_64,True,generative
donor_h0003342,2,13,43,2,2,2.0,2.0,,2.0,1,2,35_64,True,generative
donor_h0003342,3,16,19,2,2,2.0,2.0,,2.0,2,2,18_34,True,generative
donor_h0003342,4,13,17,2,2,2.0,2.0,,2.0,2,2,0_17,False,dependent
donor_h0003343,1,14,51,2,2,2.0,2.0,,2.0,0,2,35_64,True,generative
donor_h0003343,2,9,52,2,2,2.0,2.0,,2.0,1,2,35_64,True,generative
donor_h0003344,1,4,68,2,2,2.0,2.0,,2.0,0,2,65_plus,True,generative
donor_h0003344,2,5,66,2,2,2.0,2.0,,2.0,1,2,65_plus,True,generative
donor_h0003345,1,9,63,2,2,2.0,2.0,,2.0,0,2,35_64,True,generative
donor_h0003345,2,10,63,2,2,2.0,2.0,,2.0,1,2,35_64,True,generative
donor_h0003345,3,12,15,2,2,2.0,2.0,,2.0,2,2,0_17,False,dependent
donor_h0003346,1,7,71,2,2,2.0,2.0,,2.0,0,2,65_plus,True,generative
donor_h0003346,2,7,70,2,2,2.0,2.0,,2.0,1,2,65_plus,True,generative
donor_h0003347,1,60,69,2,2,2.0,1.0,,1.0,0,1,65_plus,True,generative
donor_h0003348,1,20,47,2,2,2.0,2.0,,2.0,0,2,35_64,True,generative
donor_h0003348,2,19,48,2,2,2.0,2.0,,2.0,1,2,35_64,True,generative
donor_h0003348,3,19,16,2,2,2.0,2.0,,2.0,2,2,0_17,False,dependent
donor_h0003349,1,9,62,1,2,2.0,2.0,,2.0,0,1,35_64,True,generative
donor_h0003349,2,7,65,2,2,2.0,2.0,,2.0,1,2,65_plus,True,generative
donor_h0003349,3,9,23,2,2,2.0,2.0,,2.0,2,2,18_34,True,generative
donor_h0003350,1,4,59,2,2,2.0,2.0,,2.0,0,2,35_64,True,generative
donor_h0003350,2,4,56,2,2,2.0,2.0,,2.0,1,2,35_64,True,generative
donor_h0003350,3,5,62,2,2,2.0,2.0,,2.0,12,2,35_64,True,generative
donor_h0003350,4,4,58,2,2,2.0,2.0,,2.0,12,2,35_64,True,generative
donor_h0003351,1,7,72,2,2,2.0,2.0,,2.0,0,2,65_plus,True,generative
donor_h0003351,2,8,67,2,2,2.0,2.0,,2.0,1,2,65_plus,True,generative
donor_h0003352,1,32,46,2,2,2.0,2.0,,2.0,0,2,35_64,True,generative
donor_h0003353,1,21,76,2,2,1.0,1.0,,1.0,0,1,65_plus,True,generative
donor_h0003353,2,17,77,2,2,2.0,2.0,,2.0,1,2,65_plus,True,generative
donor_h0003354,1,6,63,2,2,2.0,2.0,,2.0,0,2,35_64,True,generative
donor_h0003354,2,5,70,1,1,1.0,1.0,,2.0,1,1,65_plus,True,generative
donor_h0003355,1,12,44,2,2,2.0,2.0,,2.0,0,2,35_64,True,generative
donor_h0003355,2,10,42,2,2,2.0,2.0,,2.0,1,2,35_64,True,generative
donor_h0003355,3,12,17,2,2,2.0,2.0,,2.0,2,2,0_17,False,dependent
donor_h0003355,4,17,15,2,2,2.0,2.0,,2.0,2,2,0_17,False,dependent
donor_h0003355,5,12,8,2,2,,2.0,,2.0,2,2,0_17,False,dependent
donor_h0003356,1,39,74,2,2,2.0,2.0,,2.0,0,2,65_plus,True,generative
donor_h0003356,2,49,56,2,2,2.0,2.0,,2.0,11,2,35_64,True,generative
donor_h0003356,3,51,56,1,2,2.0,2.0,,2.0,11,1,35_64,True,generative
donor_h0003357,1,35,32,2,2,2.0,2.0,,2.0,0,2,18_34,True,generative
donor_h0003357,2,29,52,2,2,2.0,2.0,,2.0,12,2,35_64,True,generative
donor_h0003358,1,11,70,2,2,2.0,2.0,,2.0,0,2,65_plus,True,generative
donor_h0003358,2,14,56,2,2,2.0,1.0,,2.0,1,1,35_64,True,generative
donor_h0003358,3,10,67,2,2,2.0,2.0,,2.0,5,2,65_plus,True,generative
donor_h0003359,1,22,85,2,2,2.0,2.0,,2.0,0,2,65_plus,True,generative
donor_h0003359,2,24,77,2,2,2.0,2.0,,2.0,1,2,65_plus,True,generative
donor_h0003360,1,50,49,2,2,2.0,2.0,,2.0,0,2,35_64,True,generative
donor_h0003360,2,16,43,2,2,2.0,2.0,,2.0,1,2,35_64,True,generative
donor_h0003360,3,20,13,2,2,,2.0,,2.0,2,2,0_17,False,dependent
donor_h0003360,4,20,6,2,2,,2.0,,2.0,2,2,0_17,False,dependent
donor_h0003361,1,12,45,2,2,2.0,2.0,,2.0,0,2,35_64,True,generative
donor_h0003361,2,12,43,2,2,2.0,2.0,,2.0,1,2,35_64,True,generative
donor_h0003361,3,10,19,2,2,2.0,2.0,,2.0,2,2,18_34,True,generative
donor_h0003361,4,17,17,2,2,2.0,2.0,,2.0,2,2,0_17,False,dependent
donor_h0003361,5,11,12,2,2,,2.0,,2.0,2,2,0_17,False,dependent
donor_h0003362,1,16,62,2,2,2.0,2.0,,2.0,0,2,35_64,True,generative
donor_h0003362,2,16,23,2,2,2.0,2.0,,2.0,4,2,18_34,True,generative
donor_h0003362,3,15,46,2,2,2.0,2.0,,2.0,13,2,35_64,True,generative
donor_h0003363,1,23,63,2,2,2.0,2.0,,2.0,0,2,35_64,True,generative
donor_h0003364,1,17,80,1,2,2.0,2.0,,2.0,0,1,65_plus,True,generative
donor_h0003365,1,9,59,2,2,2.0,2.0,,2.0,0,2,35_64,True,generative
donor_h0003365,2,9,59,2,2,2.0,2.0,,2.0,1,2,35_64,True,generative
donor_h0003366,1,24,48,2,2,2.0,2.0,,2.0,0,2,35_64,True,generative
donor_h0003366,2,27,50,2,2,2.0,2.0,,2.0,1,2,35_64,True,generative
donor_h0003366,3,26,14,2,2,,2.0,,2.0,2,2,0_17,False,dependent
donor_h0003367,1,16,57,2,2,2.0,2.0,,2.0,0,2,35_64,True,generative
donor_h0003368,1,15,61,1,2,2.0,2.0,,2.0,0,1,35_64,True,generative
donor_h0003368,2,17,58,2,2,2.0,2.0,,2.0,1,2,35_64,True,generative
donor_h0003369,1,19,63,2,2,2.0,2.0,,2.0,0,2,35_64,True,generative
donor_h0003369,2,21,57,2,2,2.0,2.0,,2.0,1,2,35_64,True,generative
donor_h0003369,3,21,88,1,2,2.0,2.0,,2.0,6,1,65_plus,True,generative
donor_h0003369,4,22,82,2,2,2.0,2.0,,2.0,6,2,65_plus,True,generative
donor_h0003370,1,2,58,2,2,2.0,2.0,,2.0,0,2,35_64,True,generative
donor_h0003371,1,8,74,2,2,2.0,2.0,,2.0,0,2,65_plus,True,generative
donor_h0003371,2,13,81,2,2,2.0,1.0,,2.0,1,1,65_plus,True,generative
donor_h0003372,1,10,59,2,2,2.0,2.0,,2.0,0,2,35_64,True,generative
donor_h0003372,2,9,58,2,2,2.0,2.0,,2.0,1,2,35_64,True,generative
donor_h0003372,3,11,22,2,2,2.0,2.0,,2.0,2,2,18_34,True,generative
donor_h0003373,1,6,66,2,2,2.0,2.0,,2.0,0,2,65_plus,True,generative
donor_h0003373,2,6,66,2,2,2.0,2.0,,2.0,1,2,65_plus,True,generative
donor_h0003374,1,18,59,2,2,2.0,2.0,,2.0,0,2,35_64,True,generative
donor_h0003374,2,19,61,2,2,2.0,2.0,,2.0,1,2,35_64,True,generative
donor_h0003375,1,12,69,2,2,2.0,1.0,,2.0,0,1,65_plus,True,generative
donor_h0003376,1,3,67,2,2,2.0,2.0,,2.0,0,2,65_plus,True,generative
donor_h0003377,1,4,73,2,2,1.0,1.0,,2.0,0,1,65_plus,True,generative
donor_h0003377,2,5,76,2,2,1.0,1.0,,2.0,1,1,65_plus,True,generative
donor_h0003378,1,4,46,2,2,2.0,2.0,,2.0,0,2,35_64,True,generative
donor_h0003378,2,11,46,2,2,2.0,2.0,,2.0,1,2,35_64,True,generative
donor_h0003379,1,15,36,2,2,2.0,2.0,,2.0,0,2,35_64,True,generative
donor_h0003379,2,16,27,2,2,2.0,2.0,,2.0,1,2,18_34,True,generative
donor_h0003380,1,14,59,2,2,2.0,2.0,,2.0,0,2,35_64,True,generative
donor_h0003381,1,10,50,2,2,2.0,2.0,,2.0,0,2,35_64,True,generative
donor_h0003382,1,5,58,2,2,1.0,2.0,,2.0,0,1,35_64,True,generative
donor_h0003382,2,3,54,2,2,1.0,1.0,,2.0,1,1,35_64,True,generative
donor_h0003383,1,5,68,2,2,2.0,2.0,,2.0,0,2,65_plus,True,generative
donor_h0003383,2,6,66,2,2,2.0,2.0,,2.0,1,2,65_plus,True,generative
donor_h0003384,1,8,47,1,2,2.0,2.0,,2.0,0,1,35_64,True,generative
donor_h0003384,2,12,18,2,2,2.0,2.0,,2.0,2,2,18_34,True,generative
donor_h0003384,3,13,17,2,2,2.0,2.0,,2.0,2,2,0_17,False,dependent
donor_h0003384,4,9,15,2,2,2.0,2.0,,2.0,2,2,0_17,False,dependent
donor_h0003385,1,22,45,2,2,2.0,2.0,,2.0,0,2,35_64,True,generative
donor_h0003386,1,9,57,2,2,2.0,2.0,,2.0,0,2,35_64,True,generative
donor_h0003386,2,9,57,2,2,2.0,2.0,,2.0,1,2,35_64,True,generative
donor_h0003387,1,45,38,2,2,2.0,2.0,,2.0,0,2,35_64,True,generative
donor_h0003387,2,43,2,2,2,,,,,2,2,0_17,False,dependent
donor_h0003388,1,15,52,2,2,1.0,1.0,,2.0,0,1,35_64,True,generative
donor_h0003388,2,16,49,2,2,2.0,2.0,,2.0,15,2,35_64,True,generative
donor_h0003389,1,14,62,2,2,2.0,2.0,,2.0,0,2,35_64,True,generative
donor_h0003389,2,11,65,2,2,2.0,2.0,,2.0,1,2,65_plus,True,generative
donor_h0003390,1,15,25,2,2,2.0,2.0,,2.0,0,2,18_34,True,generative
donor_h0003390,2,19,26,2,2,2.0,2.0,,2.0,1,2,18_34,True,generative
donor_h0003391,1,16,87,2,2,1.0,1.0,,1.0,0,1,65_plus,True,generative
donor_h0003391,2,21,84,2,2,1.0,1.0,,1.0,1,1,65_plus,True,generative
donor_h0003392,1,18,63,2,1,2.0,1.0,,1.0,0,1,35_64,True,generative
donor_h0003393,1,15,72,2,2,2.0,2.0,,2.0,0,2,65_plus,True,generative
donor_h0003394,1,23,31,2,2,2.0,2.0,,2.0,0,2,18_34,True,generative
donor_h0003394,2,24,9,2,2,,2.0,,2.0,2,2,0_17,False,dependent
donor_h0003394,3,27,3,2,2,,,,,2,2,0_17,False,dependent
donor_h0003394,4,23,33,2,2,2.0,2.0,,2.0,13,2,18_34,True,generative
donor_h0003395,1,8,27,1,2,2.0,2.0,,2.0,0,1,18_34,True,generative
donor_h0003395,2,2,47,2,2,2.0,2.0,,2.0,6,2,35_64,True,generative
donor_h0003395,3,8,25,2,2,2.0,2.0,,2.0,13,2,18_34,True,generative
donor_h0003396,1,27,62,2,2,2.0,2.0,,2.0,0,2,35_64,True,generative
donor_h0003396,2,21,66,2,2,2.0,2.0,,2.0,1,2,65_plus,True,generative
donor_h0003397,1,13,71,2,2,2.0,2.0,,2.0,0,2,65_plus,True,generative
donor_h0003397,2,13,71,2,2,2.0,2.0,,2.0,1,2,65_plus,True,generative
donor_h0003398,1,14,65,2,2,2.0,1.0,,2.0,0,1,65_plus,True,generative
donor_h0003398,2,19,60,2,2,2.0,2.0,,2.0,1,2,35_64,True,generative
donor_h0003399,1,13,35,2,2,2.0,2.0,,2.0,0,2,35_64,True,generative
donor_h0003399,2,14,37,2,2,2.0,2.0,,2.0,1,2,35_64,True,generative
donor_h0003399,3,14,13,2,2,,2.0,,2.0,2,2,0_17,False,dependent
donor_h0003399,4,15,16,2,2,2.0,2.0,,2.0,4,2,0_17,False,dependent
donor_h0003400,1,14,44,2,2,2.0,2.0,,2.0,0,2,35_64,True,generative
donor_h0003400,2,12,45,2,2,2.0,2.0,,2.0,1,2,35_64,True,generative
donor_h0003400,3,19,17,2,2,2.0,2.0,,2.0,2,2,0_17,False,dependent
donor_h0003400,4,12,6,2,2,,2.0,,2.0,2,2,0_17,False,dependent
donor_h0003401,1,4,68,2,2,2.0,2.0,2.0,2.0,0,2,65_plus,True,generative
donor_h0003401,2,2,71,2,2,2.0,2.0,,2.0,1,2,65_plus,True,generative
donor_h0003402,1,16,26,2,2,2.0,2.0,,2.0,0,2,18_34,True,generative
donor_h0003402,2,18,29,2,2,2.0,2.0,,2.0,12,2,18_34,True,generative
donor_h0003403,1,8,66,2,2,2.0,2.0,,2.0,0,2,65_plus,True,generative
donor_h0003404,1,7,82,2,2,1.0,1.0,,2.0,0,1,65_plus,True,generative
donor_h0003405,1,9,61,2,2,2.0,2.0,,2.0,0,2,35_64,True,generative
donor_h0003405,2,7,67,1,2,2.0,2.0,,2.0,1,1,65_plus,True,generative
donor_h0003406,1,13,39,2,2,1.0,1.0,,1.0,0,1,35_64,True,generative
donor_h0003406,2,13,38,2,2,2.0,2.0,,2.0,1,2,35_64,True,generative
donor_h0003406,3,11,18,2,2,2.0,2.0,,2.0,2,2,18_34,True,generative
donor_h0003406,4,13,11,2,2,,2.0,,2.0,2,2,0_17,False,dependent
donor_h0003406,5,12,10,2,2,,2.0,,2.0,2,2,0_17,False,dependent
donor_h0003407,1,13,34,2,2,2.0,2.0,,1.0,0,1,18_34,True,generative
donor_h0003407,2,13,34,2,2,2.0,2.0,,2.0,1,2,18_34,True,generative
donor_h0003408,1,21,56,2,2,2.0,2.0,,2.0,0,2,35_64,True,generative
donor_h0003408,2,30,59,2,2,2.0,2.0,,2.0,1,2,35_64,True,generative
donor_h0003409,1,10,62,2,2,2.0,2.0,,2.0,0,2,35_64,True,generative
donor_h0003409,2,10,62,2,2,2.0,2.0,,2.0,13,2,35_64,True,generative
donor_h0003410,1,13,69,1,1,2.0,2.0,,2.0,0,1,65_plus,True,generative
donor_h0003410,2,17,62,2,2,2.0,2.0,,2.0,1,2,35_64,True,generative
donor_h0003411,1,32,42,2,2,2.0,2.0,,2.0,0,2,35_64,True,generative
donor_h0003411,2,43,12,2,2,,2.0,,1.0,2,1,0_17,False,dependent
donor_h0003411,3,43,11,2,2,,2.0,,1.0,2,1,0_17,False,dependent
donor_h0003411,4,43,7,2,2,,2.0,,2.0,2,2,0_17,False,dependent
donor_h0003412,1,5,78,2,1,2.0,2.0,,1.0,0,1,65_plus,True,generative
donor_h0003413,1,13,64,2,2,2.0,2.0,,2.0,0,2,35_64,True,generative
donor_h0003414,1,15,59,2,1,1.0,1.0,,1.0,0,1,35_64,True,generative
donor_h0003414,2,9,63,2,2,2.0,2.0,,2.0,1,2,35_64,True,generative
donor_h0003415,1,9,72,2,2,2.0,2.0,,2.0,0,2,65_plus,True,generative
donor_h0003416,1,3,41,2,2,2.0,2.0,,2.0,0,2,35_64,True,generative
donor_h0003417,1,30,66,2,2,2.0,2.0,,2.0,0,2,65_plus,True,generative
donor_h0003417,2,39,62,2,2,2.0,2.0,,2.0,1,2,35_64,True,generative
donor_h0003418,1,19,70,2,2,2.0,2.0,,2.0,0,2,65_plus,True,generative
donor_h0003418,2,20,66,2,2,2.0,2.0,,2.0,13,2,65_plus,True,generative
donor_h0003419,1,11,67,2,2,2.0,2.0,,2.0,0,2,65_plus,True,generative
donor_h0003419,2,13,41,2,2,2.0,2.0,,2.0,2,2,35_64,True,generative
donor_h0003419,3,14,15,2,2,2.0,2.0,,2.0,7,2,0_17,False,dependent
donor_h0003420,1,35,63,2,2,2.0,1.0,,2.0,0,1,35_64,True,generative
donor_h0003421,1,5,67,2,2,2.0,2.0,,2.0,0,2,65_plus,True,generative
donor_h0003421,2,6,59,2,2,2.0,2.0,,2.0,1,2,35_64,True,generative
donor_h0003422,1,14,35,2,2,2.0,2.0,,2.0,0,2,35_64,True,generative
donor_h0003422,2,13,30,2,2,2.0,2.0,,2.0,1,2,18_34,True,generative
donor_h0003423,1,2,59,2,2,2.0,2.0,,2.0,0,2,35_64,True,generative
donor_h0003423,2,2,55,2,2,2.0,2.0,,2.0,1,2,35_64,True,generative
donor_h0003424,1,11,54,1,2,2.0,2.0,,2.0,0,1,35_64,True,generative
donor_h0003424,2,12,54,2,2,2.0,2.0,,2.0,15,2,35_64,True,generative
donor_h0003425,1,44,20,2,2,2.0,2.0,,2.0,0,2,18_34,True,generative
donor_h0003425,2,39,20,2,2,2.0,2.0,,2.0,1,2,18_34,True,generative
donor_h0003426,1,5,47,2,2,2.0,2.0,,2.0,0,2,35_64,True,generative
donor_h0003426,2,5,56,2,2,2.0,2.0,,2.0,1,2,35_64,True,generative
donor_h0003426,3,6,23,2,2,2.0,2.0,,2.0,2,2,18_34,True,generative
donor_h0003427,1,10,90,2,2,1.0,1.0,,2.0,0,1,65_plus,True,generative
donor_h0003428,1,22,67,2,2,2.0,2.0,2.0,2.0,0,2,65_plus,True,generative
donor_h0003428,2,23,66,2,2,2.0,2.0,,2.0,1,2,65_plus,True,generative
donor_h0003428,3,35,22,2,2,2.0,2.0,,2.0,7,2,18_34,True,generative
donor_h0003429,1,4,73,1,1,2.0,2.0,,2.0,0,1,65_plus,True,generative
donor_h0003429,2,5,60,2,2,2.0,2.0,,2.0,1,2,35_64,True,generative
donor_h0003430,1,14,72,2,1,2.0,2.0,,2.0,0,1,65_plus,True,generative
donor_h0003430,2,13,74,1,1,2.0,2.0,,2.0,1,1,65_plus,True,generative
donor_h0003431,1,24,26,2,2,2.0,2.0,,2.0,0,2,18_34,True,generative
donor_h0003431,2,20,7,2,2,,2.0,,2.0,2,2,0_17,False,dependent
donor_h0003432,1,11,54,2,2,2.0,2.0,,2.0,0,2,35_64,True,generative
donor_h0003433,1,38,33,2,2,2.0,2.0,,2.0,0,2,18_34,True,generative
donor_h0003433,2,39,30,2,2,2.0,2.0,,2.0,1,2,18_34,True,generative
donor_h0003434,1,14,57,2,2,2.0,2.0,,2.0,0,2,35_64,True,generative
donor_h0003435,1,15,50,2,2,2.0,2.0,,2.0,0,2,35_64,True,generative
donor_h0003435,2,18,48,2,2,2.0,2.0,,2.0,1,2,35_64,True,generative
donor_h0003435,3,17,18,1,2,2.0,2.0,,2.0,2,1,18_34,True,generative
donor_h0003435,4,15,7,2,2,,2.0,,2.0,2,2,0_17,False,dependent
donor_h0003436,1,9,82,2,2,2.0,2.0,,2.0,0,2,65_plus,True,generative
donor_h0003436,2,7,75,2,2,2.0,2.0,,2.0,1,2,65_plus,True,generative
donor_h0003437,1,18,59,2,2,2.0,2.0,,2.0,0,2,35_64,True,generative
donor_h0003438,1,30,60,2,2,2.0,2.0,,2.0,0,2,35_64,True,generative
donor_h0003438,2,29,54,2,2,2.0,2.0,,2.0,1,2,35_64,True,generative
donor_h0003439,1,40,43,2,2,2.0,2.0,,2.0,0,2,35_64,True,generative
donor_h0003440,1,42,31,2,2,2.0,2.0,,2.0,0,2,18_34,True,generative
donor_h0003440,2,50,4,2,2,,,,,2,2,0_17,False,dependent
donor_h0003440,3,82,33,2,2,2.0,2.0,,2.0,13,2,18_34,True,generative
donor_h0003441,1,9,78,2,2,2.0,2.0,,2.0,0,2,65_plus,True,generative
donor_h0003442,1,20,66,2,2,2.0,2.0,,2.0,0,2,65_plus,True,generative
donor_h0003443,1,12,63,2,2,2.0,2.0,,2.0,0,2,35_64,True,generative
donor_h0003443,2,9,61,2,2,2.0,2.0,,2.0,1,2,35_64,True,generative
donor_h0003444,1,15,37,2,2,2.0,2.0,,2.0,0,2,35_64,True,generative
donor_h0003444,2,14,34,2,2,2.0,2.0,,2.0,1,2,18_34,True,generative
donor_h0003444,3,13,8,2,2,,2.0,,2.0,2,2,0_17,False,dependent
donor_h0003445,1,12,67,2,2,2.0,2.0,,2.0,0,2,65_plus,True,generative
donor_h0003446,1,12,54,2,2,2.0,2.0,,2.0,0,2,35_64,True,generative
donor_h0003446,2,12,79,2,2,1.0,1.0,,1.0,6,1,65_plus,True,generative
donor_h0003446,3,15,46,2,2,1.0,2.0,,2.0,13,1,35_64,True,generative
donor_h0003447,1,4,63,2,2,2.0,2.0,,2.0,0,2,35_64,True,generative
donor_h0003447,2,4,60,2,2,2.0,2.0,,2.0,1,2,35_64,True,generative
donor_h0003448,1,3,35,2,2,2.0,2.0,,2.0,0,2,35_64,True,generative
donor_h0003448,2,2,68,2,2,1.0,1.0,,2.0,6,1,65_plus,True,generative
donor_h0003449,1,43,46,2,2,2.0,2.0,,2.0,0,2,35_64,True,generative
donor_h0003449,2,65,21,2,2,2.0,2.0,,2.0,2,2,18_34,True,generative
donor_h0003449,3,41,69,1,2,2.0,2.0,,1.0,6,1,65_plus,True,generative
donor_h0003450,1,4,73,1,1,1.0,1.0,,2.0,0,1,65_plus,True,generative
donor_h0003450,2,4,73,1,2,2.0,2.0,,2.0,1,1,65_plus,True,generative
donor_h0003450,3,5,89,2,2,2.0,2.0,,2.0,6,2,65_plus,True,generative
donor_h0003451,1,13,63,2,2,2.0,2.0,,2.0,0,2,35_64,True,generative
donor_h0003452,1,7,54,2,2,2.0,2.0,,2.0,0,2,35_64,True,generative
donor_h0003452,2,8,51,2,2,2.0,2.0,,2.0,1,2,35_64,True,generative
donor_h0003452,3,11,16,2,2,2.0,2.0,,2.0,2,2,0_17,False,dependent
donor_h0003452,4,9,21,2,2,2.0,2.0,,2.0,4,2,18_34,True,generative
donor_h0003452,5,11,17,2,2,2.0,2.0,,2.0,4,2,0_17,False,dependent
donor_h0003453,1,16,58,2,2,2.0,2.0,,2.0,0,2,35_64,True,generative
donor_h0003453,2,15,58,2,2,2.0,2.0,,2.0,1,2,35_64,True,generative
donor_h0003453,3,16,29,2,2,2.0,2.0,,2.0,2,2,18_34,True,generative
donor_h0003454,1,42,38,2,2,2.0,2.0,,2.0,0,2,35_64,True,generative
donor_h0003454,2,43,36,2,1,2.0,2.0,,2.0,1,1,35_64,True,generative
donor_h0003454,3,43,10,2,2,,2.0,,2.0,2,2,0_17,False,dependent
donor_h0003454,4,49,2,2,2,,,,,2,2,0_17,False,dependent
donor_h0003455,1,37,60,2,2,2.0,2.0,,2.0,0,2,35_64,True,generative
donor_h0003455,2,38,56,2,2,2.0,2.0,,2.0,1,2,35_64,True,generative
donor_h0003455,3,40,21,2,2,2.0,2.0,,2.0,7,2,18_34,True,generative
donor_h0003455,4,38,19,2,2,2.0,2.0,,2.0,7,2,18_34,True,generative
donor_h0003455,5,34,33,2,2,2.0,2.0,,2.0,10,2,18_34,True,generative
donor_h0003455,6,32,6,2,2,,2.0,,2.0,10,2,0_17,False,dependent
donor_h0003455,7,32,5,2,2,,2.0,,2.0,10,2,0_17,False,dependent
donor_h0003456,1,10,71,2,2,2.0,1.0,,2.0,0,1,65_plus,True,generative
donor_h0003457,1,13,82,1,1,1.0,2.0,,2.0,0,1,65_plus,True,generative
donor_h0003458,1,15,48,2,2,2.0,2.0,,2.0,0,2,35_64,True,generative
donor_h0003458,2,12,53,2,2,2.0,2.0,,2.0,1,2,35_64,True,generative
donor_h0003458,3,14,14,2,2,,2.0,,2.0,2,2,0_17,False,dependent
donor_h0003459,1,11,54,2,2,2.0,2.0,,2.0,0,2,35_64,True,generative
donor_h0003459,2,15,54,2,2,2.0,2.0,,2.0,1,2,35_64,True,generative
donor_h0003459,3,10,20,2,2,2.0,2.0,,2.0,2,2,18_34,True,generative
donor_h0003460,1,15,54,2,2,2.0,2.0,,2.0,0,2,35_64,True,generative
donor_h0003460,2,20,21,2,2,2.0,2.0,,2.0,2,2,18_34,True,generative
donor_h0003460,3,19,19,2,2,2.0,2.0,,2.0,2,2,18_34,True,generative
donor_h0003461,1,8,61,2,2,1.0,1.0,,1.0,0,1,35_64,True,generative
donor_h0003462,1,28,61,2,2,2.0,2.0,,2.0,0,2,35_64,True,generative
donor_h0003462,2,29,63,2,2,2.0,2.0,,2.0,1,2,35_64,True,generative
donor_h0003463,1,13,34,2,2,2.0,2.0,,1.0,0,1,18_34,True,generative
donor_h0003463,2,12,0,2,2,,,,,2,2,0_17,False,dependent
donor_h0003463,3,13,30,2,2,2.0,2.0,,2.0,13,2,18_34,True,generative
donor_h0003464,1,13,37,2,2,1.0,2.0,,2.0,0,1,35_64,True,generative
donor_h0003464,2,12,36,2,2,2.0,2.0,,2.0,1,2,35_64,True,generative
donor_h0003464,3,11,16,2,2,2.0,2.0,,2.0,2,2,0_17,False,dependent
donor_h0003464,4,12,9,2,2,,2.0,,2.0,2,2,0_17,False,dependent
donor_h0003464,5,11,5,2,2,,2.0,,2.0,2,2,0_17,False,dependent
donor_h0003464,6,15,3,2,2,,,,,2,2,0_17,False,dependent
donor_h0003465,1,7,81,1,2,2.0,2.0,,2.0,0,1,65_plus,True,generative
donor_h0003465,2,8,70,2,2,2.0,2.0,,2.0,1,2,65_plus,True,generative
donor_h0003465,3,8,35,2,2,2.0,2.0,,2.0,2,2,35_64,True,generative
donor_h0003465,4,8,10,2,2,,2.0,,2.0,7,2,0_17,False,dependent
donor_h0003465,5,8,7,2,2,,2.0,,2.0,7,2,0_17,False,dependent
donor_h0003465,6,10,2,2,2,,,,,7,2,0_17,False,dependent
donor_h0003466,1,15,50,2,2,2.0,2.0,,2.0,0,2,35_64,True,generative
donor_h0003466,2,18,49,2,2,2.0,2.0,,2.0,1,2,35_64,True,generative
donor_h0003467,1,8,82,2,2,2.0,2.0,,2.0,0,2,65_plus,True,generative
donor_h0003467,2,7,89,2,1,2.0,1.0,2.0,2.0,1,1,65_plus,True,generative
donor_h0003468,1,7,54,2,2,2.0,2.0,,2.0,0,2,35_64,True,generative
donor_h0003468,2,8,52,2,2,2.0,2.0,,2.0,1,2,35_64,True,generative
donor_h0003469,1,7,61,2,2,2.0,2.0,,2.0,0,2,35_64,True,generative
donor_h0003469,2,7,62,2,2,2.0,2.0,,2.0,1,2,35_64,True,generative
donor_h0003470,1,14,34,2,2,2.0,2.0,,2.0,0,2,18_34,True,generative
donor_h0003470,2,16,36,2,2,1.0,2.0,,2.0,1,1,35_64,True,generative
donor_h0003470,3,18,5,2,2,,2.0,,2.0,2,2,0_17,False,dependent
donor_h0003470,4,17,3,2,2,,,,,2,2,0_17,False,dependent
donor_h0003471,1,24,72,2,2,2.0,2.0,,2.0,0,2,65_plus,True,generative
donor_h0003471,2,22,65,2,2,2.0,2.0,,2.0,1,2,65_plus,True,generative
donor_h0003472,1,8,56,2,2,2.0,2.0,,2.0,0,2,35_64,True,generative
donor_h0003473,1,19,51,2,2,1.0,1.0,,1.0,0,1,35_64,True,generative
donor_h0003473,2,22,30,2,2,1.0,1.0,,2.0,2,1,18_34,True,generative
donor_h0003473,3,21,25,2,2,1.0,2.0,,2.0,2,1,18_34,True,generative
donor_h0003473,4,23,4,2,2,,,,,7,2,0_17,False,dependent
donor_h0003474,1,3,49,2,2,2.0,2.0,,2.0,0,2,35_64,True,generative
donor_h0003474,2,3,50,2,2,1.0,2.0,,1.0,11,1,35_64,True,generative
donor_h0003475,1,9,53,2,2,2.0,2.0,,2.0,0,2,35_64,True,generative
donor_h0003476,1,10,31,2,2,2.0,2.0,,2.0,0,2,18_34,True,generative
donor_h0003476,2,11,29,2,2,2.0,2.0,,2.0,1,2,18_34,True,generative
donor_h0003477,1,12,81,2,2,2.0,1.0,,2.0,0,1,65_plus,True,generative
donor_h0003477,2,14,78,2,2,2.0,2.0,,2.0,1,2,65_plus,True,generative
donor_h0003478,1,15,68,2,2,2.0,2.0,,2.0,0,2,65_plus,True,generative
donor_h0003478,2,13,62,2,2,2.0,2.0,,2.0,1,2,35_64,True,generative
donor_h0003479,1,19,36,2,2,2.0,2.0,,2.0,0,2,35_64,True,generative
donor_h0003479,2,20,9,2,2,,2.0,,2.0,2,2,0_17,False,dependent
donor_h0003479,3,19,7,2,2,,2.0,,2.0,2,2,0_17,False,dependent
donor_h0003480,1,45,49,2,2,1.0,1.0,,1.0,0,1,35_64,True,generative
donor_h0003481,1,50,43,2,2,2.0,2.0,,2.0,0,2,35_64,True,generative
donor_h0003481,2,53,6,2,2,,2.0,,2.0,7,2,0_17,False,dependent
donor_h0003481,3,51,1,2,2,,,,,7,2,0_17,False,dependent
donor_h0003482,1,7,51,2,2,2.0,2.0,,2.0,0,2,35_64,True,generative
donor_h0003483,1,6,84,1,2,1.0,1.0,2.0,2.0,0,1,65_plus,True,generative
donor_h0003483,2,7,80,2,2,2.0,2.0,,2.0,1,2,65_plus,True,generative
donor_h0003484,1,14,69,2,2,2.0,2.0,,2.0,0,2,65_plus,True,generative
donor_h0003484,2,14,70,2,2,2.0,2.0,,2.0,1,2,65_plus,True,generative
donor_h0003485,1,18,35,2,2,2.0,2.0,,2.0,0,2,35_64,True,generative
donor_h0003485,2,14,31,2,2,2.0,2.0,,2.0,1,2,18_34,True,generative
donor_h0003485,3,7,15,2,2,2.0,2.0,,2.0,2,2,0_17,False,dependent
donor_h0003485,4,8,7,2,2,,2.0,,2.0,2,2,0_17,False,dependent
donor_h0003485,5,12,5,2,2,,2.0,,2.0,2,2,0_17,False,dependent
donor_h0003486,1,12,60,2,2,2.0,2.0,,2.0,0,2,35_64,True,generative
donor_h0003487,1,16,21,2,2,2.0,2.0,,2.0,0,2,18_34,True,generative
donor_h0003487,2,17,23,2,2,2.0,2.0,,2.0,12,2,18_34,True,generative
donor_h0003488,1,8,50,2,2,1.0,2.0,,1.0,0,1,35_64,True,generative
donor_h0003489,1,13,63,2,2,2.0,2.0,,2.0,0,2,35_64,True,generative
donor_h0003489,2,12,62,1,2,2.0,2.0,,2.0,1,1,35_64,True,generative
donor_h0003490,1,9,72,1,2,2.0,1.0,3.0,2.0,0,1,65_plus,True,generative
donor_h0003490,2,9,61,2,2,2.0,2.0,,2.0,1,2,35_64,True,generative
donor_h0003491,1,4,66,1,2,2.0,1.0,,2.0,0,1,65_plus,True,generative
donor_h0003491,2,6,47,2,2,2.0,2.0,,2.0,2,2,35_64,True,generative
donor_h0003492,1,15,25,2,2,2.0,2.0,,2.0,0,2,18_34,True,generative
donor_h0003492,2,14,28,2,2,2.0,2.0,,2.0,13,2,18_34,True,generative
donor_h0003493,1,9,64,2,2,2.0,2.0,,2.0,0,2,35_64,True,generative
donor_h0003494,1,69,41,2,2,2.0,2.0,,2.0,0,2,35_64,True,generative
donor_h0003494,2,87,40,2,2,2.0,2.0,,2.0,1,2,35_64,True,generative
donor_h0003494,3,79,13,2,2,,2.0,,2.0,2,2,0_17,False,dependent
donor_h0003494,4,78,10,2,2,,2.0,,2.0,2,2,0_17,False,dependent
donor_h0003495,1,17,51,2,2,2.0,2.0,,2.0,0,2,35_64,True,generative
donor_h0003496,1,36,63,2,2,2.0,1.0,,1.0,0,1,35_64,True,generative
donor_h0003497,1,15,75,2,2,2.0,1.0,,2.0,0,1,65_plus,True,generative
donor_h0003498,1,13,26,2,2,2.0,2.0,,2.0,0,2,18_34,True,generative
donor_h0003499,1,17,21,2,2,2.0,2.0,,2.0,0,2,18_34,True,generative
donor_h0003499,2,17,21,2,2,2.0,2.0,,2.0,13,2,18_34,True,generative
donor_h0003500,1,13,53,2,2,2.0,2.0,,2.0,0,2,35_64,True,generative
donor_h0003500,2,14,34,2,2,2.0,2.0,,2.0,2,2,18_34,True,generative
donor_h0003500,3,20,16,2,2,2.0,2.0,,2.0,2,2,0_17,False,dependent
donor_h0003501,1,11,64,2,2,2.0,2.0,,2.0,0,2,35_64,True,generative
donor_h0003501,2,11,59,2,2,2.0,2.0,,2.0,1,2,35_64,True,generative
donor_h0003502,1,15,42,2,2,2.0,2.0,,2.0,0,2,35_64,True,generative
donor_h0003502,2,16,18,2,2,2.0,2.0,,2.0,2,2,18_34,True,generative
donor_h0003502,3,17,15,2,2,2.0,2.0,,2.0,2,2,0_17,False,dependent
donor_h0003503,1,16,54,2,2,2.0,2.0,,2.0,0,2,35_64,True,generative
donor_h0003503,2,15,56,2,2,2.0,2.0,5.0,2.0,1,2,35_64,True,generative
donor_h0003504,1,10,57,2,2,2.0,2.0,,2.0,0,2,35_64,True,generative
donor_h0003505,1,14,69,2,1,2.0,2.0,,2.0,0,1,65_plus,True,generative
donor_h0003506,1,9,79,2,2,2.0,2.0,,2.0,0,2,65_plus,True,generative
donor_h0003506,2,9,59,2,2,2.0,2.0,,2.0,2,2,35_64,True,generative
donor_h0003506,3,12,48,2,2,2.0,2.0,,2.0,2,2,35_64,True,generative
donor_h0003506,4,9,32,2,2,2.0,2.0,,2.0,7,2,18_34,True,generative
donor_h0003507,1,13,48,2,2,2.0,2.0,,2.0,0,2,35_64,True,generative
donor_h0003507,2,13,49,2,2,2.0,2.0,,2.0,1,2,35_64,True,generative
donor_h0003507,3,13,16,2,2,2.0,2.0,,2.0,2,2,0_17,False,dependent
donor_h0003507,4,13,14,2,2,,2.0,,2.0,2,2,0_17,False,dependent
donor_h0003507,5,14,12,2,2,,2.0,,2.0,2,2,0_17,False,dependent
donor_h0003508,1,50,46,2,2,2.0,2.0,,2.0,0,2,35_64,True,generative
donor_h0003509,1,8,76,2,2,2.0,2.0,,2.0,0,2,65_plus,True,generative
donor_h0003509,2,8,76,2,2,2.0,2.0,,2.0,1,2,65_plus,True,generative
donor_h0003510,1,14,77,2,2,2.0,1.0,,1.0,0,1,65_plus,True,generative
donor_h0003510,2,12,82,2,2,1.0,1.0,,1.0,1,1,65_plus,True,generative
donor_h0003511,1,8,59,2,2,2.0,2.0,,2.0,0,2,35_64,True,generative
donor_h0003511,2,8,60,2,2,2.0,2.0,,2.0,1,2,35_64,True,generative
donor_h0003512,1,12,40,2,2,2.0,2.0,,2.0,0,2,35_64,True,generative
donor_h0003512,2,15,40,1,2,2.0,2.0,2.0,2.0,1,1,35_64,True,generative
donor_h0003512,3,14,9,2,2,,2.0,,2.0,2,2,0_17,False,dependent
donor_h0003512,4,13,6,2,2,,2.0,,2.0,2,2,0_17,False,dependent
donor_h0003513,1,11,34,2,2,2.0,2.0,,2.0,0,2,18_34,True,generative
donor_h0003513,2,12,11,2,2,,2.0,,1.0,2,1,0_17,False,dependent
donor_h0003513,3,11,4,2,2,,,,,2,2,0_17,False,dependent
donor_h0003514,1,15,37,2,2,2.0,2.0,,2.0,0,2,35_64,True,generative
donor_h0003515,1,29,72,2,2,2.0,2.0,,2.0,0,2,65_plus,True,generative
donor_h0003515,2,27,72,2,2,2.0,2.0,,2.0,1,2,65_plus,True,generative
donor_h0003516,1,8,69,2,2,2.0,2.0,,2.0,0,2,65_plus,True,generative
donor_h0003516,2,8,66,2,2,2.0,2.0,,2.0,1,2,65_plus,True,generative
donor_h0003517,1,12,55,2,2,1.0,1.0,,2.0,0,1,35_64,True,generative
donor_h0003518,1,14,83,2,2,2.0,2.0,,2.0,0,2,65_plus,True,generative
donor_h0003519,1,7,45,2,2,2.0,2.0,,2.0,0,2,35_64,True,generative
donor_h0003519,2,6,43,2,2,2.0,2.0,,2.0,1,2,35_64,True,generative
donor_h0003519,3,7,12,2,2,,2.0,,2.0,2,2,0_17,False,dependent
donor_h0003520,1,9,83,1,2,2.0,2.0,,2.0,0,1,65_plus,True,generative
donor_h0003520,2,10,80,2,2,2.0,2.0,,2.0,1,2,65_plus,True,generative
donor_h0003521,1,52,72,2,2,2.0,1.0,,2.0,0,1,65_plus,True,generative
donor_h0003522,1,16,45,2,2,2.0,2.0,,2.0,0,2,35_64,True,generative
donor_h0003522,2,14,45,2,2,2.0,2.0,,2.0,1,2,35_64,True,generative
donor_h0003522,3,15,14,2,2,,2.0,,2.0,2,2,0_17,False,dependent
donor_h0003522,4,17,9,2,2,,2.0,,2.0,2,2,0_17,False,dependent
donor_h0003523,1,30,76,2,2,2.0,2.0,,2.0,0,2,65_plus,True,generative
donor_h0003524,1,6,76,2,2,2.0,2.0,,2.0,0,2,65_plus,True,generative
donor_h0003524,2,7,78,2,2,2.0,2.0,,2.0,1,2,65_plus,True,generative
donor_h0003525,1,14,53,2,2,2.0,2.0,,2.0,0,2,35_64,True,generative
donor_h0003525,2,14,55,2,2,2.0,2.0,,2.0,1,2,35_64,True,generative
donor_h0003525,3,18,12,2,2,,2.0,,2.0,2,2,0_17,False,dependent
donor_h0003526,1,6,88,2,2,2.0,2.0,,2.0,0,2,65_plus,True,generative
donor_h0003527,1,6,36,2,2,2.0,2.0,,2.0,0,2,35_64,True,generative
donor_h0003527,2,6,2,2,2,,,,,2,2,0_17,False,dependent
donor_h0003527,3,5,25,2,2,2.0,2.0,,2.0,13,2,18_34,True,generative
donor_h0003528,1,2,75,2,2,2.0,2.0,,2.0,0,2,65_plus,True,generative
donor_h0003528,2,3,75,2,2,2.0,2.0,,2.0,1,2,65_plus,True,generative
donor_h0003529,1,12,64,2,2,2.0,2.0,,2.0,0,2,35_64,True,generative
donor_h0003529,2,12,59,2,2,2.0,2.0,,2.0,1,2,35_64,True,generative
donor_h0003529,3,18,36,2,2,2.0,2.0,,2.0,2,2,35_64,True,generative
donor_h0003530,1,3,62,2,2,2.0,1.0,,2.0,0,1,35_64,True,generative
donor_h0003531,1,17,43,2,2,2.0,2.0,,2.0,0,2,35_64,True,generative
donor_h0003531,2,14,49,2,2,2.0,2.0,,2.0,1,2,35_64,True,generative
donor_h0003532,1,6,64,1,2,2.0,2.0,,2.0,0,1,35_64,True,generative
donor_h0003532,2,5,62,2,2,2.0,2.0,,2.0,1,2,35_64,True,generative
donor_h0003533,1,13,50,2,2,2.0,2.0,,2.0,0,2,35_64,True,generative
donor_h0003533,2,19,22,2,2,2.0,2.0,,2.0,2,2,18_34,True,generative
donor_h0003534,1,5,62,2,2,2.0,2.0,,2.0,0,2,35_64,True,generative
donor_h0003534,2,5,58,2,2,2.0,2.0,,2.0,1,2,35_64,True,generative
donor_h0003535,1,7,62,2,2,2.0,2.0,,2.0,0,2,35_64,True,generative
donor_h0003535,2,9,49,2,2,2.0,2.0,,2.0,1,2,35_64,True,generative
donor_h0003536,1,7,74,2,2,2.0,2.0,,2.0,0,2,65_plus,True,generative
donor_h0003536,2,8,50,2,2,2.0,2.0,,2.0,2,2,35_64,True,generative
donor_h0003537,1,5,54,2,2,2.0,2.0,,2.0,0,2,35_64,True,generative
donor_h0003537,2,5,6,2,2,,2.0,,2.0,2,2,0_17,False,dependent
donor_h0003537,3,5,33,2,2,2.0,2.0,,2.0,13,2,18_34,True,generative
donor_h0003538,1,14,57,2,2,2.0,2.0,,2.0,0,2,35_64,True,generative
donor_h0003538,2,18,25,2,2,2.0,2.0,,2.0,2,2,18_34,True,generative
donor_h0003538,3,15,25,2,2,2.0,2.0,,2.0,15,2,18_34,True,generative
donor_h0003538,4,14,25,2,2,2.0,2.0,,2.0,15,2,18_34,True,generative
donor_h0003539,1,12,73,2,2,2.0,2.0,4.0,2.0,0,2,65_plus,True,generative
donor_h0003539,2,16,72,2,2,2.0,2.0,,2.0,1,2,65_plus,True,generative
donor_h0003540,1,10,65,2,2,2.0,2.0,,2.0,0,2,65_plus,True,generative
donor_h0003541,1,11,61,2,2,2.0,2.0,,2.0,0,2,35_64,True,generative
donor_h0003542,1,22,58,2,2,2.0,2.0,,2.0,0,2,35_64,True,generative
donor_h0003542,2,22,64,1,2,2.0,1.0,,2.0,1,1,35_64,True,generative
donor_h0003542,3,33,41,2,2,2.0,1.0,,2.0,4,1,35_64,True,generative
donor_h0003542,4,30,7,2,2,,2.0,,2.0,7,2,0_17,False,dependent
donor_h0003543,1,13,65,2,2,2.0,2.0,,2.0,0,2,65_plus,True,generative
donor_h0003543,2,14,28,2,2,2.0,2.0,,2.0,2,2,18_34,True,generative
donor_h0003543,3,12,20,2,2,2.0,2.0,,2.0,2,2,18_34,True,generative
donor_h0003544,1,7,58,2,2,2.0,2.0,,2.0,0,2,35_64,True,generative
donor_h0003544,2,9,71,1,2,2.0,2.0,,2.0,1,1,65_plus,True,generative
donor_h0003545,1,12,57,2,1,2.0,2.0,,1.0,0,1,35_64,True,generative
donor_h0003546,1,10,42,2,2,2.0,2.0,4.0,2.0,0,2,35_64,True,generative
donor_h0003546,2,9,41,2,2,2.0,2.0,,2.0,1,2,35_64,True,generative
donor_h0003546,3,9,13,2,2,,2.0,,2.0,2,2,0_17,False,dependent
donor_h0003546,4,10,11,2,2,,2.0,,2.0,2,2,0_17,False,dependent
donor_h0003547,1,12,48,2,2,2.0,2.0,,2.0,0,2,35_64,True,generative
donor_h0003547,2,13,48,2,2,2.0,2.0,,2.0,1,2,35_64,True,generative
donor_h0003547,3,13,12,2,2,,2.0,,2.0,2,2,0_17,False,dependent
donor_h0003548,1,6,44,2,2,2.0,2.0,,2.0,0,2,35_64,True,generative
donor_h0003548,2,6,66,2,2,2.0,2.0,,2.0,6,2,65_plus,True,generative
donor_h0003549,1,3,29,2,2,2.0,2.0,,2.0,0,2,18_34,True,generative
donor_h0003549,2,3,2,2,2,,,,,2,2,0_17,False,dependent
donor_h0003549,3,4,1,2,2,,,,,2,2,0_17,False,dependent
donor_h0003550,1,10,46,2,2,2.0,2.0,,2.0,0,2,35_64,True,generative
donor_h0003550,2,10,49,2,2,2.0,2.0,,2.0,1,2,35_64,True,generative
donor_h0003550,3,10,20,2,2,2.0,2.0,,2.0,2,2,18_34,True,generative
donor_h0003550,4,13,17,2,2,2.0,2.0,,2.0,2,2,0_17,False,dependent
donor_h0003550,5,11,15,2,2,2.0,2.0,,2.0,2,2,0_17,False,dependent
donor_h0003550,6,10,13,2,2,,2.0,,2.0,2,2,0_17,False,dependent
donor_h0003550,7,11,7,2,2,,2.0,,2.0,2,2,0_17,False,dependent
donor_h0003551,1,13,82,2,2,2.0,2.0,,2.0,0,2,65_plus,True,generative
donor_h0003551,2,15,74,2,2,2.0,2.0,,2.0,1,2,65_plus,True,generative
donor_h0003552,1,13,70,2,2,2.0,2.0,,1.0,0,1,65_plus,True,generative
donor_h0003552,2,13,70,2,2,2.0,2.0,,2.0,1,2,65_plus,True,generative
donor_h0003553,1,9,27,2,2,2.0,2.0,,2.0,0,2,18_34,True,generative
donor_h0003553,2,12,26,2,2,2.0,2.0,,2.0,1,2,18_34,True,generative
donor_h0003554,1,10,78,1,2,2.0,2.0,,2.0,0,1,65_plus,True,generative
donor_h0003554,2,12,74,2,2,2.0,2.0,,2.0,1,2,65_plus,True,generative
donor_h0003555,1,14,72,2,2,2.0,2.0,,2.0,0,2,65_plus,True,generative
donor_h0003555,2,11,70,2,2,2.0,2.0,,1.0,5,1,65_plus,True,generative
donor_h0003556,1,13,76,1,1,2.0,1.0,,2.0,0,1,65_plus,True,generative
donor_h0003556,2,15,75,2,2,2.0,2.0,,2.0,1,2,65_plus,True,generative
donor_h0003557,1,10,84,2,1,2.0,2.0,2.0,2.0,0,1,65_plus,True,generative
donor_h0003557,2,12,81,2,2,1.0,1.0,,1.0,1,1,65_plus,True,generative
donor_h0003558,1,15,68,2,2,2.0,2.0,5.0,2.0,0,2,65_plus,True,generative
donor_h0003558,2,17,68,2,2,2.0,2.0,,2.0,12,2,65_plus,True,generative
donor_h0003558,3,14,73,2,2,1.0,2.0,,2.0,13,1,65_plus,True,generative
donor_h0003559,1,15,69,1,2,2.0,2.0,,2.0,0,1,65_plus,True,generative
donor_h0003559,2,14,70,2,2,2.0,2.0,,2.0,1,2,65_plus,True,generative
donor_h0003560,1,13,81,2,2,2.0,2.0,,2.0,0,2,65_plus,True,generative
donor_h0003560,2,15,69,2,2,2.0,2.0,,2.0,1,2,65_plus,True,generative
donor_h0003561,1,19,67,2,2,2.0,2.0,,2.0,0,2,65_plus,True,generative
donor_h0003561,2,18,56,2,2,1.0,1.0,,2.0,1,1,35_64,True,generative
donor_h0003562,1,4,82,2,2,2.0,1.0,,2.0,0,1,65_plus,True,generative
donor_h0003563,1,42,70,1,1,1.0,1.0,4.0,2.0,0,1,65_plus,True,generative
donor_h0003564,1,11,52,2,2,2.0,2.0,,2.0,0,2,35_64,True,generative
donor_h0003564,2,13,45,2,2,2.0,2.0,,2.0,1,2,35_64,True,generative
donor_h0003564,3,14,14,2,2,,2.0,,2.0,2,2,0_17,False,dependent
donor_h0003564,4,13,18,2,2,2.0,2.0,,2.0,3,2,18_34,True,generative
donor_h0003564,5,13,15,2,2,2.0,2.0,,2.0,3,2,0_17,False,dependent
donor_h0003565,1,14,70,2,2,2.0,2.0,5.0,2.0,0,2,65_plus,True,generative
donor_h0003566,1,14,62,2,2,2.0,2.0,,2.0,0,2,35_64,True,generative
donor_h0003566,2,15,67,2,2,2.0,2.0,,2.0,1,2,65_plus,True,generative
donor_h0003566,3,22,38,2,2,2.0,2.0,,1.0,2,1,35_64,True,generative
donor_h0003567,1,61,26,2,2,2.0,2.0,,2.0,0,2,18_34,True,generative
donor_h0003568,1,12,65,2,2,2.0,1.0,,2.0,0,1,65_plus,True,generative
donor_h0003569,1,9,85,1,2,2.0,1.0,3.0,2.0,0,1,65_plus,True,generative
donor_h0003570,1,2,61,2,2,1.0,1.0,,1.0,0,1,35_64,True,generative
donor_h0003570,2,2,59,2,2,2.0,2.0,,2.0,1,2,35_64,True,generative
donor_h0003571,1,6,81,2,2,2.0,2.0,,2.0,0,2,65_plus,True,generative
donor_h0003571,2,6,53,2,2,2.0,2.0,,2.0,2,2,35_64,True,generative
donor_h0003571,3,6,59,2,2,2.0,2.0,5.0,2.0,9,2,35_64,True,generative
donor_h0003572,1,10,74,2,2,2.0,2.0,,2.0,0,2,65_plus,True,generative
donor_h0003573,1,12,76,1,2,2.0,2.0,,2.0,0,1,65_plus,True,generative
donor_h0003573,2,13,74,2,2,2.0,2.0,,2.0,1,2,65_plus,True,generative
donor_h0003574,1,9,58,1,2,2.0,2.0,,2.0,0,1,35_64,True,generative
donor_h0003574,2,14,39,2,2,2.0,2.0,,2.0,2,2,35_64,True,generative
donor_h0003574,3,12,35,2,2,2.0,2.0,,2.0,2,2,35_64,True,generative
donor_h0003574,4,9,69,2,2,2.0,2.0,,2.0,13,2,65_plus,True,generative
donor_h0003575,1,20,56,2,2,2.0,2.0,,2.0,0,2,35_64,True,generative
donor_h0003575,2,35,27,2,2,2.0,2.0,,2.0,2,2,18_34,True,generative
donor_h0003575,3,35,26,2,2,2.0,2.0,,2.0,2,2,18_34,True,generative
donor_h0003575,4,24,94,2,2,1.0,1.0,,1.0,6,1,65_plus,True,generative
donor_h0003575,5,22,58,2,2,2.0,2.0,,2.0,10,2,35_64,True,generative
donor_h0003575,6,35,28,2,2,2.0,2.0,,2.0,10,2,18_34,True,generative
donor_h0003576,1,23,31,2,2,2.0,2.0,,2.0,0,2,18_34,True,generative
donor_h0003577,1,14,86,2,2,2.0,2.0,,1.0,0,1,65_plus,True,generative
donor_h0003577,2,35,20,2,2,2.0,2.0,,2.0,15,2,18_34,True,generative
donor_h0003578,1,6,66,2,2,2.0,2.0,,2.0,0,2,65_plus,True,generative
donor_h0003578,2,5,66,2,2,2.0,2.0,,2.0,1,2,65_plus,True,generative
donor_h0003579,1,8,48,2,2,2.0,2.0,,2.0,0,2,35_64,True,generative
donor_h0003579,2,9,47,2,2,2.0,2.0,,2.0,1,2,35_64,True,generative
donor_h0003579,3,8,19,2,2,2.0,2.0,,2.0,2,2,18_34,True,generative
donor_h0003579,4,9,12,2,2,,2.0,,2.0,2,2,0_17,False,dependent
donor_h0003580,1,14,94,2,2,1.0,1.0,,1.0,0,1,65_plus,True,generative
donor_h0003581,1,32,39,2,2,2.0,2.0,,2.0,0,2,35_64,True,generative
donor_h0003582,1,15,32,2,2,2.0,2.0,,2.0,0,2,18_34,True,generative
donor_h0003582,2,16,29,2,1,2.0,2.0,,2.0,1,1,18_34,True,generative
donor_h0003582,3,18,6,2,2,,2.0,,2.0,2,2,0_17,False,dependent
donor_h0003582,4,17,4,2,2,,,,,2,2,0_17,False,dependent
donor_h0003582,5,17,1,2,2,,,,,2,2,0_17,False,dependent
donor_h0003583,1,13,83,2,2,2.0,2.0,,2.0,0,2,65_plus,True,generative
donor_h0003584,1,7,79,2,2,2.0,2.0,,1.0,0,1,65_plus,True,generative
donor_h0003584,2,8,77,2,2,2.0,2.0,,2.0,1,2,65_plus,True,generative
donor_h0003584,3,10,14,2,2,,2.0,,2.0,10,2,0_17,False,dependent
donor_h0003585,1,14,52,2,2,2.0,2.0,,2.0,0,2,35_64,True,generative
donor_h0003585,2,28,53,1,2,2.0,1.0,,2.0,1,1,35_64,True,generative
donor_h0003585,3,20,27,2,2,2.0,2.0,,2.0,2,2,18_34,True,generative
donor_h0003585,4,10,5,2,2,,2.0,,2.0,7,2,0_17,False,dependent
donor_h0003585,5,20,3,2,2,,,,,7,2,0_17,False,dependent
donor_h0003586,1,13,59,2,2,1.0,1.0,,2.0,0,1,35_64,True,generative
donor_h0003587,1,13,65,2,2,2.0,2.0,,2.0,0,2,65_plus,True,generative
donor_h0003587,2,11,56,2,2,2.0,2.0,,2.0,1,2,35_64,True,generative
donor_h0003588,1,21,66,2,2,2.0,2.0,,2.0,0,2,65_plus,True,generative
donor_h0003589,1,17,76,2,2,2.0,2.0,,2.0,0,2,65_plus,True,generative
donor_h0003590,1,16,70,2,2,2.0,2.0,,2.0,0,2,65_plus,True,generative
donor_h0003591,1,15,23,2,2,2.0,2.0,,2.0,0,2,18_34,True,generative
donor_h0003591,2,18,24,2,2,2.0,2.0,,2.0,1,2,18_34,True,generative
donor_h0003592,1,10,38,2,2,2.0,2.0,,2.0,0,2,35_64,True,generative
donor_h0003592,2,8,34,2,2,2.0,2.0,,2.0,1,2,18_34,True,generative
donor_h0003592,3,10,1,2,2,,,,,2,2,0_17,False,dependent
donor_h0003592,4,10,9,2,2,,2.0,,2.0,3,2,0_17,False,dependent
donor_h0003593,1,16,37,2,2,2.0,2.0,,2.0,0,2,35_64,True,generative
donor_h0003593,2,18,36,2,2,2.0,2.0,,2.0,1,2,35_64,True,generative
donor_h0003593,3,18,7,2,2,,2.0,,2.0,2,2,0_17,False,dependent
donor_h0003593,4,18,5,2,2,,2.0,,2.0,2,2,0_17,False,dependent
donor_h0003594,1,6,68,2,1,2.0,2.0,,2.0,0,1,65_plus,True,generative
donor_h0003594,2,6,66,2,1,1.0,1.0,,1.0,1,1,65_plus,True,generative
donor_h0003595,1,24,68,2,2,2.0,2.0,,2.0,0,2,65_plus,True,generative
donor_h0003595,2,26,71,2,2,2.0,2.0,,2.0,1,2,65_plus,True,generative
donor_h0003596,1,13,70,2,2,2.0,2.0,,2.0,0,2,65_plus,True,generative
donor_h0003596,2,11,73,2,2,2.0,2.0,,2.0,1,2,65_plus,True,generative
donor_h0003597,1,6,51,2,2,1.0,1.0,,2.0,0,1,35_64,True,generative
donor_h0003597,2,12,16,2,2,2.0,2.0,,2.0,2,2,0_17,False,dependent
donor_h0003598,1,23,55,2,2,2.0,2.0,,2.0,0,2,35_64,True,generative
donor_h0003598,2,23,51,2,2,2.0,2.0,,2.0,1,2,35_64,True,generative
donor_h0003598,3,27,18,2,2,2.0,2.0,,2.0,2,2,18_34,True,generative
donor_h0003599,1,34,31,2,2,2.0,2.0,,2.0,0,2,18_34,True,generative
donor_h0003599,2,18,23,2,2,2.0,2.0,,2.0,1,2,18_34,True,generative
donor_h0003599,3,24,2,2,2,,,,,2,2,0_17,False,dependent
donor_h0003599,4,25,1,2,2,,,,,2,2,0_17,False,dependent
donor_h0003600,1,7,57,2,2,2.0,2.0,,2.0,0,2,35_64,True,generative
donor_h0003601,1,11,75,2,2,2.0,2.0,,2.0,0,2,65_plus,True,generative
donor_h0003601,2,21,24,2,2,2.0,2.0,,1.0,2,1,18_34,True,generative
donor_h0003602,1,22,71,2,2,2.0,1.0,,1.0,0,1,65_plus,True,generative
donor_h0003602,2,22,67,1,2,2.0,2.0,,2.0,1,1,65_plus,True,generative
donor_h0003603,1,11,62,2,2,2.0,2.0,,2.0,0,2,35_64,True,generative
donor_h0003603,2,11,62,2,2,2.0,2.0,,2.0,1,2,35_64,True,generative
donor_h0003603,3,13,70,2,2,2.0,2.0,,1.0,10,1,65_plus,True,generative
donor_h0003604,1,8,66,2,2,2.0,2.0,1.0,2.0,0,2,65_plus,True,generative
donor_h0003604,2,8,68,2,2,2.0,2.0,,2.0,1,2,65_plus,True,generative
donor_h0003605,1,9,54,2,2,2.0,2.0,,2.0,0,2,35_64,True,generative
donor_h0003605,2,10,54,2,2,2.0,2.0,2.0,2.0,1,2,35_64,True,generative
donor_h0003605,3,12,15,2,2,2.0,2.0,,2.0,2,2,0_17,False,dependent
donor_h0003606,1,9,50,2,2,2.0,2.0,,2.0,0,2,35_64,True,generative
donor_h0003606,2,8,52,2,2,2.0,2.0,,2.0,1,2,35_64,True,generative
donor_h0003606,3,14,17,2,2,2.0,2.0,,2.0,2,2,0_17,False,dependent
donor_h0003606,4,14,15,2,2,2.0,2.0,,2.0,2,2,0_17,False,dependent
donor_h0003607,1,16,32,2,2,2.0,2.0,,2.0,0,2,18_34,True,generative
donor_h0003607,2,18,34,2,2,2.0,2.0,,2.0,1,2,18_34,True,generative
donor_h0003607,3,20,9,2,2,,2.0,,2.0,2,2,0_17,False,dependent
donor_h0003607,4,18,3,2,2,,,,,2,2,0_17,False,dependent
donor_h0003608,1,4,55,2,2,2.0,2.0,,2.0,0,2,35_64,True,generative
donor_h0003608,2,4,64,2,2,2.0,2.0,,2.0,1,2,35_64,True,generative
donor_h0003608,3,5,26,2,2,2.0,2.0,,2.0,2,2,18_34,True,generative
donor_h0003609,1,14,28,2,2,2.0,2.0,,2.0,0,2,18_34,True,generative
donor_h0003609,2,16,28,2,2,2.0,2.0,,2.0,5,2,18_34,True,generative
donor_h0003609,3,16,26,2,2,2.0,2.0,,2.0,5,2,18_34,True,generative
donor_h0003609,4,20,47,2,2,2.0,2.0,,2.0,6,2,35_64,True,generative
donor_h0003610,1,19,75,2,2,2.0,2.0,,2.0,0,2,65_plus,True,generative
donor_h0003611,1,16,20,2,2,2.0,2.0,,2.0,0,2,18_34,True,generative
donor_h0003611,2,9,19,2,2,2.0,2.0,,2.0,12,2,18_34,True,generative
donor_h0003611,3,18,18,2,2,2.0,2.0,,2.0,12,2,18_34,True,generative
donor_h0003612,1,37,67,1,1,1.0,1.0,,1.0,0,1,65_plus,True,generative
donor_h0003612,2,49,45,2,2,2.0,2.0,,2.0,2,2,35_64,True,generative
donor_h0003612,3,44,18,2,2,1.0,2.0,,1.0,7,1,18_34,True,generative
donor_h0003613,1,41,36,2,2,2.0,2.0,,2.0,0,2,35_64,True,generative
donor_h0003613,2,36,35,2,2,2.0,2.0,,2.0,1,2,35_64,True,generative
donor_h0003614,1,10,70,1,2,1.0,1.0,,2.0,0,1,65_plus,True,generative
donor_h0003615,1,28,62,2,2,2.0,2.0,,2.0,0,2,35_64,True,generative
donor_h0003615,2,36,19,2,2,2.0,2.0,,2.0,2,2,18_34,True,generative
donor_h0003615,3,25,17,2,2,2.0,2.0,,2.0,2,2,0_17,False,dependent
donor_h0003615,4,25,16,2,2,2.0,2.0,,2.0,2,2,0_17,False,dependent
donor_h0003616,1,15,61,2,2,2.0,2.0,,2.0,0,2,35_64,True,generative
donor_h0003616,2,15,59,2,2,2.0,2.0,,2.0,1,2,35_64,True,generative
donor_h0003617,1,9,73,2,2,2.0,2.0,,2.0,0,2,65_plus,True,generative
donor_h0003617,2,9,68,1,2,1.0,1.0,,2.0,1,1,65_plus,True,generative
donor_h0003618,1,48,51,2,2,1.0,2.0,,1.0,0,1,35_64,True,generative
donor_h0003618,2,52,31,2,2,2.0,2.0,,2.0,2,2,18_34,True,generative
donor_h0003618,3,52,32,2,2,2.0,2.0,,2.0,11,2,18_34,True,generative
donor_h0003619,1,12,77,2,2,2.0,1.0,,2.0,0,1,65_plus,True,generative
donor_h0003619,2,13,74,2,2,2.0,2.0,,2.0,1,2,65_plus,True,generative
donor_h0003620,1,17,65,2,2,2.0,2.0,,2.0,0,2,65_plus,True,generative
donor_h0003620,2,16,61,2,1,2.0,1.0,,2.0,1,1,35_64,True,generative
donor_h0003621,1,21,35,2,2,2.0,2.0,,2.0,0,2,35_64,True,generative
donor_h0003621,2,18,39,2,2,2.0,2.0,,2.0,1,2,35_64,True,generative
donor_h0003621,3,19,14,2,2,,2.0,,1.0,2,1,0_17,False,dependent
donor_h0003621,4,21,9,2,2,,2.0,,2.0,2,2,0_17,False,dependent
donor_h0003622,1,10,49,2,2,2.0,2.0,,2.0,0,2,35_64,True,generative
donor_h0003622,2,8,53,2,2,1.0,2.0,,1.0,1,1,35_64,True,generative
donor_h0003622,3,10,15,2,2,2.0,2.0,,2.0,2,2,0_17,False,dependent
donor_h0003622,4,10,13,2,2,,2.0,,2.0,2,2,0_17,False,dependent
donor_h0003623,1,12,76,2,2,2.0,1.0,,2.0,0,1,65_plus,True,generative
donor_h0003624,1,14,44,2,2,2.0,2.0,,2.0,0,2,35_64,True,generative
donor_h0003624,2,8,58,2,2,2.0,2.0,,2.0,1,2,35_64,True,generative
donor_h0003624,3,9,17,2,2,2.0,2.0,,2.0,2,2,0_17,False,dependent
donor_h0003624,4,15,12,2,2,,2.0,,2.0,2,2,0_17,False,dependent
donor_h0003625,1,17,54,2,2,2.0,2.0,,2.0,0,2,35_64,True,generative
donor_h0003625,2,16,55,2,2,2.0,2.0,,2.0,1,2,35_64,True,generative
donor_h0003625,3,18,28,2,2,2.0,2.0,,2.0,2,2,18_34,True,generative
donor_h0003625,4,21,30,2,2,2.0,2.0,,2.0,15,2,18_34,True,generative
donor_h0003626,1,17,50,2,2,2.0,2.0,5.0,2.0,0,2,35_64,True,generative
donor_h0003626,2,13,52,2,2,2.0,2.0,,2.0,1,2,35_64,True,generative
donor_h0003627,1,13,47,1,2,2.0,2.0,,2.0,0,1,35_64,True,generative
donor_h0003628,1,13,64,2,2,2.0,1.0,,1.0,0,1,35_64,True,generative
donor_h0003629,1,8,83,1,2,1.0,1.0,,1.0,0,1,65_plus,True,generative
donor_h0003630,1,15,68,2,2,2.0,2.0,,2.0,0,2,65_plus,True,generative
donor_h0003630,2,14,66,2,2,2.0,2.0,,2.0,1,2,65_plus,True,generative
donor_h0003631,1,12,74,2,2,2.0,2.0,,2.0,0,2,65_plus,True,generative
donor_h0003631,2,11,56,2,2,2.0,2.0,,2.0,1,2,35_64,True,generative
donor_h0003632,1,8,73,2,2,2.0,1.0,,2.0,0,1,65_plus,True,generative
donor_h0003633,1,14,30,2,2,2.0,2.0,,2.0,0,2,18_34,True,generative
donor_h0003633,2,13,26,2,2,2.0,2.0,,2.0,1,2,18_34,True,generative
donor_h0003633,3,16,9,2,2,,2.0,,2.0,2,2,0_17,False,dependent
donor_h0003634,1,32,42,2,2,2.0,2.0,,2.0,0,2,35_64,True,generative
donor_h0003634,2,27,44,2,2,2.0,2.0,,2.0,1,2,35_64,True,generative
donor_h0003634,3,30,7,2,2,,2.0,,2.0,2,2,0_17,False,dependent
donor_h0003634,4,28,2,2,2,,,,,2,2,0_17,False,dependent
donor_h0003635,1,10,24,2,2,2.0,2.0,,2.0,0,2,18_34,True,generative
donor_h0003635,2,14,3,2,2,,,,,4,2,0_17,False,dependent
donor_h0003635,3,15,24,2,2,2.0,2.0,,1.0,13,1,18_34,True,generative
donor_h0003636,1,25,40,2,2,2.0,2.0,,2.0,0,2,35_64,True,generative
donor_h0003636,2,20,40,2,2,2.0,2.0,,2.0,1,2,35_64,True,generative
donor_h0003636,3,11,17,2,2,2.0,2.0,,2.0,2,2,0_17,False,dependent
donor_h0003636,4,24,10,2,2,,2.0,,2.0,2,2,0_17,False,dependent
donor_h0003637,1,24,53,2,2,2.0,2.0,,2.0,0,2,35_64,True,generative
donor_h0003637,2,22,57,2,2,1.0,2.0,,2.0,1,1,35_64,True,generative
donor_h0003638,1,21,45,2,2,2.0,2.0,,2.0,0,2,35_64,True,generative
donor_h0003639,1,23,72,2,2,2.0,2.0,,2.0,0,2,65_plus,True,generative
donor_h0003639,2,19,77,2,2,2.0,2.0,2.0,2.0,1,2,65_plus,True,generative
donor_h0003640,1,7,60,2,2,2.0,2.0,,2.0,0,2,35_64,True,generative
donor_h0003640,2,7,59,2,2,2.0,2.0,,2.0,1,2,35_64,True,generative
donor_h0003641,1,11,80,1,2,2.0,2.0,,2.0,0,1,65_plus,True,generative
donor_h0003641,2,12,76,1,2,1.0,2.0,,1.0,1,1,65_plus,True,generative
donor_h0003642,1,9,56,2,2,2.0,2.0,,2.0,0,2,35_64,True,generative
donor_h0003642,2,6,68,2,2,2.0,1.0,,2.0,1,1,65_plus,True,generative
donor_h0003643,1,12,69,2,2,2.0,2.0,,2.0,0,2,65_plus,True,generative
donor_h0003643,2,11,64,1,2,2.0,2.0,,2.0,1,1,35_64,True,generative
donor_h0003644,1,13,43,2,2,2.0,2.0,,2.0,0,2,35_64,True,generative
donor_h0003644,2,11,43,2,2,2.0,2.0,,2.0,1,2,35_64,True,generative
donor_h0003644,3,11,19,2,2,2.0,2.0,,2.0,2,2,18_34,True,generative
donor_h0003645,1,13,38,2,2,2.0,2.0,,2.0,0,2,35_64,True,generative
donor_h0003645,2,15,43,1,2,2.0,2.0,,2.0,1,1,35_64,True,generative
donor_h0003645,3,15,8,2,2,,2.0,,2.0,2,2,0_17,False,dependent
donor_h0003645,4,15,5,2,2,,2.0,,2.0,2,2,0_17,False,dependent
donor_h0003646,1,23,56,2,2,2.0,2.0,,2.0,0,2,35_64,True,generative
donor_h0003646,2,22,60,2,1,2.0,2.0,,2.0,1,1,35_64,True,generative
donor_h0003647,1,5,43,2,2,2.0,2.0,,2.0,0,2,35_64,True,generative
donor_h0003647,2,5,47,2,2,2.0,2.0,,2.0,10,2,35_64,True,generative
donor_h0003648,1,11,58,1,2,2.0,2.0,,2.0,0,1,35_64,True,generative
donor_h0003648,2,11,59,2,2,2.0,1.0,,2.0,1,1,35_64,True,generative
donor_h0003649,1,6,69,2,2,2.0,2.0,,2.0,0,2,65_plus,True,generative
donor_h0003650,1,8,67,2,2,2.0,2.0,,2.0,0,2,65_plus,True,generative
donor_h0003651,1,12,46,2,2,2.0,2.0,,2.0,0,2,35_64,True,generative
donor_h0003651,2,12,47,2,2,2.0,2.0,,2.0,1,2,35_64,True,generative
donor_h0003651,3,11,19,2,2,2.0,2.0,,2.0,2,2,18_34,True,generative
donor_h0003652,1,12,33,2,2,2.0,2.0,,2.0,0,2,18_34,True,generative
donor_h0003652,2,15,23,2,2,2.0,2.0,,2.0,13,2,18_34,True,generative
donor_h0003652,3,23,60,2,2,1.0,2.0,,2.0,15,1,35_64,True,generative
donor_h0003653,1,7,43,2,2,2.0,2.0,,2.0,0,2,35_64,True,generative
donor_h0003653,2,7,45,2,2,2.0,2.0,,2.0,13,2,35_64,True,generative
donor_h0003654,1,14,75,2,2,2.0,2.0,,2.0,0,2,65_plus,True,generative
donor_h0003654,2,17,53,2,2,2.0,2.0,,2.0,2,2,35_64,True,generative
donor_h0003654,3,18,27,2,2,2.0,2.0,,2.0,7,2,18_34,True,generative
donor_h0003654,4,15,23,2,2,2.0,2.0,,2.0,12,2,18_34,True,generative
donor_h0003655,1,10,37,2,2,2.0,2.0,,2.0,0,2,35_64,True,generative
donor_h0003656,1,18,43,2,2,2.0,2.0,,2.0,0,2,35_64,True,generative
donor_h0003656,2,17,94,1,1,1.0,1.0,,2.0,10,1,65_plus,True,generative
donor_h0003657,1,34,72,2,2,2.0,2.0,,2.0,0,2,65_plus,True,generative
donor_h0003658,1,33,30,2,2,2.0,2.0,,2.0,0,2,18_34,True,generative
donor_h0003658,2,37,26,2,2,2.0,2.0,,2.0,1,2,18_34,True,generative
donor_h0003658,3,40,5,2,2,,2.0,,2.0,2,2,0_17,False,dependent
donor_h0003659,1,16,31,2,2,2.0,2.0,,2.0,0,2,18_34,True,generative
donor_h0003659,2,19,36,2,2,2.0,2.0,,2.0,1,2,35_64,True,generative
donor_h0003659,3,17,0,2,2,,,,,2,2,0_17,False,dependent
donor_h0003660,1,11,58,2,2,2.0,2.0,,2.0,0,2,35_64,True,generative
donor_h0003660,2,13,32,2,2,2.0,2.0,,2.0,1,2,18_34,True,generative
donor_h0003660,3,15,7,2,2,,2.0,,2.0,2,2,0_17,False,dependent
donor_h0003660,4,14,15,2,2,2.0,2.0,,2.0,4,2,0_17,False,dependent
donor_h0003661,1,50,67,2,2,2.0,2.0,,2.0,0,2,65_plus,True,generative
donor_h0003662,1,14,76,2,2,2.0,2.0,,2.0,0,2,65_plus,True,generative
donor_h0003663,1,20,42,2,2,2.0,2.0,,2.0,0,2,35_64,True,generative
donor_h0003663,2,16,39,2,2,2.0,2.0,,2.0,1,2,35_64,True,generative
donor_h0003664,1,16,72,2,2,2.0,2.0,,2.0,0,2,65_plus,True,generative
donor_h0003664,2,13,80,1,2,2.0,2.0,5.0,1.0,1,1,65_plus,True,generative
donor_h0003665,1,44,63,2,2,2.0,2.0,,2.0,0,2,35_64,True,generative
donor_h0003665,2,57,40,2,2,1.0,1.0,,2.0,2,1,35_64,True,generative
donor_h0003665,3,50,68,2,1,1.0,2.0,,1.0,5,1,65_plus,True,generative
donor_h0003666,1,15,40,2,2,2.0,2.0,,2.0,0,2,35_64,True,generative
donor_h0003666,2,26,48,2,2,2.0,2.0,,2.0,1,2,35_64,True,generative
donor_h0003666,3,16,19,2,2,1.0,2.0,,2.0,2,1,18_34,True,generative
donor_h0003666,4,13,14,2,2,,2.0,,2.0,2,2,0_17,False,dependent
donor_h0003666,5,14,19,2,2,2.0,2.0,,2.0,15,2,18_34,True,generative
donor_h0003667,1,11,90,2,2,1.0,1.0,,1.0,0,1,65_plus,True,generative
donor_h0003668,1,36,52,2,2,2.0,2.0,,2.0,0,2,35_64,True,generative
donor_h0003668,2,28,21,2,2,2.0,2.0,,2.0,2,2,18_34,True,generative
donor_h0003669,1,7,65,2,2,2.0,2.0,,2.0,0,2,65_plus,True,generative
donor_h0003670,1,11,70,1,2,2.0,2.0,,2.0,0,1,65_plus,True,generative
donor_h0003670,2,10,75,2,2,2.0,2.0,,2.0,1,2,65_plus,True,generative
donor_h0003671,1,42,63,2,2,2.0,1.0,,2.0,0,1,35_64,True,generative
donor_h0003671,2,24,87,1,2,1.0,1.0,,1.0,6,1,65_plus,True,generative
donor_h0003672,1,14,68,2,2,2.0,2.0,,2.0,0,2,65_plus,True,generative
donor_h0003673,1,19,73,1,2,2.0,2.0,,2.0,0,1,65_plus,True,generative
donor_h0003673,2,17,78,2,2,2.0,2.0,2.0,1.0,1,1,65_plus,True,generative
donor_h0003674,1,14,59,2,2,2.0,2.0,,2.0,0,2,35_64,True,generative
donor_h0003674,2,16,40,2,2,2.0,2.0,,2.0,1,2,35_64,True,generative
donor_h0003675,1,5,66,2,2,2.0,2.0,,2.0,0,2,65_plus,True,generative
donor_h0003675,2,4,64,2,2,2.0,2.0,,2.0,1,2,35_64,True,generative
donor_h0003675,3,7,35,2,2,2.0,2.0,,2.0,2,2,35_64,True,generative
donor_h0003676,1,21,62,2,2,2.0,2.0,,2.0,0,2,35_64,True,generative
donor_h0003676,2,21,60,2,2,2.0,2.0,,2.0,1,2,35_64,True,generative
donor_h0003677,1,4,52,2,2,2.0,2.0,,2.0,0,2,35_64,True,generative
donor_h0003677,2,2,35,2,2,2.0,2.0,,2.0,1,2,35_64,True,generative
donor_h0003677,3,4,1,2,2,,,,,2,2,0_17,False,dependent
donor_h0003677,4,2,13,2,2,,2.0,,2.0,3,2,0_17,False,dependent
donor_h0003677,5,3,9,2,2,,2.0,,2.0,3,2,0_17,False,dependent
donor_h0003678,1,3,47,2,2,2.0,2.0,,2.0,0,2,35_64,True,generative
donor_h0003678,2,2,55,2,2,2.0,2.0,,2.0,1,2,35_64,True,generative
donor_h0003679,1,6,41,2,2,2.0,2.0,,2.0,0,2,35_64,True,generative
donor_h0003679,2,10,46,2,2,2.0,2.0,,2.0,1,2,35_64,True,generative
donor_h0003679,3,6,15,2,2,2.0,2.0,,2.0,2,2,0_17,False,dependent
donor_h0003679,4,9,12,2,2,,2.0,,2.0,2,2,0_17,False,dependent
donor_h0003680,1,11,58,2,2,1.0,1.0,,2.0,0,1,35_64,True,generative
donor_h0003680,2,14,47,2,2,2.0,2.0,,2.0,1,2,35_64,True,generative
donor_h0003681,1,6,82,2,1,2.0,2.0,,2.0,0,1,65_plus,True,generative
donor_h0003681,2,8,80,2,2,2.0,2.0,,2.0,1,2,65_plus,True,generative
donor_h0003682,1,24,63,2,2,2.0,2.0,,2.0,0,2,35_64,True,generative
donor_h0003683,1,17,67,2,2,2.0,2.0,,2.0,0,2,65_plus,True,generative
donor_h0003683,2,16,69,2,2,2.0,2.0,,2.0,1,2,65_plus,True,generative
donor_h0003684,1,18,37,2,2,2.0,2.0,,2.0,0,2,35_64,True,generative
donor_h0003685,1,7,88,2,2,2.0,2.0,,2.0,0,2,65_plus,True,generative
donor_h0003685,2,7,88,2,2,2.0,2.0,,2.0,1,2,65_plus,True,generative
donor_h0003686,1,11,60,2,2,2.0,2.0,,2.0,0,2,35_64,True,generative
donor_h0003686,2,12,62,2,2,2.0,2.0,,2.0,1,2,35_64,True,generative
donor_h0003687,1,24,57,2,2,2.0,2.0,,2.0,0,2,35_64,True,generative
donor_h0003688,1,16,76,2,2,1.0,2.0,,1.0,0,1,65_plus,True,generative
donor_h0003688,2,18,75,2,2,2.0,2.0,,2.0,1,2,65_plus,True,generative
donor_h0003689,1,8,58,2,2,2.0,2.0,,2.0,0,2,35_64,True,generative
donor_h0003689,2,6,52,2,2,2.0,1.0,,2.0,13,1,35_64,True,generative
donor_h0003690,1,34,79,1,2,2.0,2.0,,2.0,0,1,65_plus,True,generative
donor_h0003690,2,38,75,2,2,2.0,2.0,,2.0,1,2,65_plus,True,generative
donor_h0003691,1,12,94,1,2,1.0,1.0,,2.0,0,1,65_plus,True,generative
donor_h0003691,2,14,70,2,2,2.0,2.0,,1.0,2,1,65_plus,True,generative
donor_h0003691,3,12,76,2,2,2.0,2.0,,2.0,9,2,65_plus,True,generative
donor_h0003692,1,22,34,2,2,2.0,2.0,,2.0,0,2,18_34,True,generative
donor_h0003692,2,20,33,2,2,2.0,1.0,,2.0,1,1,18_34,True,generative
donor_h0003692,3,22,30,2,2,2.0,1.0,,2.0,12,1,18_34,True,generative
donor_h0003693,1,5,74,1,2,2.0,1.0,2.0,2.0,0,1,65_plus,True,generative
donor_h0003693,2,5,73,2,2,2.0,1.0,,2.0,1,1,65_plus,True,generative
donor_h0003693,3,6,50,2,2,2.0,2.0,,2.0,2,2,35_64,True,generative
donor_h0003693,4,6,47,2,2,2.0,2.0,,2.0,9,2,35_64,True,generative
donor_h0003694,1,14,72,1,1,2.0,2.0,,2.0,0,1,65_plus,True,generative
donor_h0003694,2,13,62,2,2,2.0,2.0,,2.0,1,2,35_64,True,generative
donor_h0003695,1,16,34,2,2,2.0,2.0,,2.0,0,2,18_34,True,generative
donor_h0003695,2,18,15,2,2,2.0,2.0,,2.0,2,2,0_17,False,dependent
donor_h0003695,3,18,8,2,2,,2.0,,2.0,2,2,0_17,False,dependent
donor_h0003695,4,17,3,2,2,,,,,2,2,0_17,False,dependent
donor_h0003695,5,15,60,1,2,1.0,1.0,,1.0,6,1,35_64,True,generative
donor_h0003696,1,15,69,1,2,2.0,2.0,,2.0,0,1,65_plus,True,generative
donor_h0003696,2,14,73,2,2,2.0,2.0,,2.0,1,2,65_plus,True,generative
donor_h0003697,1,47,85,2,2,2.0,2.0,,2.0,0,2,65_plus,True,generative
donor_h0003698,1,8,83,2,2,2.0,2.0,,2.0,0,2,65_plus,True,generative
donor_h0003698,2,8,79,2,2,2.0,2.0,,2.0,1,2,65_plus,True,generative
donor_h0003699,1,8,60,2,2,2.0,1.0,,2.0,0,1,35_64,True,generative
donor_h0003700,1,12,54,2,2,1.0,1.0,,2.0,0,1,35_64,True,generative
donor_h0003701,1,9,77,2,2,2.0,2.0,,2.0,0,2,65_plus,True,generative
donor_h0003701,2,8,75,2,2,2.0,2.0,,2.0,1,2,65_plus,True,generative
donor_h0003702,1,16,72,2,2,2.0,2.0,,2.0,0,2,65_plus,True,generative
donor_h0003702,2,17,74,1,2,2.0,2.0,,2.0,1,1,65_plus,True,generative
donor_h0003703,1,14,51,2,2,2.0,2.0,,2.0,0,2,35_64,True,generative
donor_h0003703,2,16,30,2,2,2.0,2.0,,2.0,2,2,18_34,True,generative
donor_h0003703,3,17,2,2,2,,,,,7,2,0_17,False,dependent
donor_h0003703,4,21,49,2,2,2.0,2.0,,2.0,12,2,35_64,True,generative
donor_h0003703,5,19,47,2,2,2.0,2.0,,2.0,12,2,35_64,True,generative
donor_h0003703,6,17,45,2,2,2.0,2.0,,2.0,13,2,35_64,True,generative
donor_h0003704,1,14,63,2,2,2.0,2.0,,2.0,0,2,35_64,True,generative
donor_h0003704,2,14,55,2,2,2.0,2.0,,2.0,1,2,35_64,True,generative
donor_h0003704,3,15,28,2,2,1.0,2.0,,1.0,2,1,18_34,True,generative
donor_h0003705,1,5,71,2,2,2.0,2.0,,2.0,0,2,65_plus,True,generative
donor_h0003706,1,10,94,2,2,1.0,1.0,,2.0,0,1,65_plus,True,generative
donor_h0003707,1,13,71,2,2,2.0,2.0,,2.0,0,2,65_plus,True,generative
donor_h0003708,1,12,65,2,2,2.0,1.0,,2.0,0,1,65_plus,True,generative
donor_h0003708,2,12,64,2,2,2.0,2.0,,2.0,1,2,35_64,True,generative
donor_h0003709,1,10,83,2,1,2.0,2.0,,2.0,0,1,65_plus,True,generative
donor_h0003710,1,14,49,2,2,2.0,2.0,,2.0,0,2,35_64,True,generative
donor_h0003710,2,12,28,2,2,2.0,2.0,,2.0,11,2,18_34,True,generative
donor_h0003710,3,14,19,2,2,2.0,2.0,,2.0,11,2,18_34,True,generative
donor_h0003711,1,3,75,2,2,2.0,2.0,,2.0,0,2,65_plus,True,generative
donor_h0003711,2,4,74,1,2,1.0,1.0,,2.0,1,1,65_plus,True,generative
donor_h0003712,1,24,90,1,1,1.0,1.0,,2.0,0,1,65_plus,True,generative
donor_h0003712,2,18,63,2,2,2.0,2.0,,2.0,4,2,35_64,True,generative
donor_h0003713,1,13,54,2,2,2.0,2.0,1.0,2.0,0,2,35_64,True,generative
donor_h0003713,2,14,78,2,2,2.0,2.0,,2.0,6,2,65_plus,True,generative
donor_h0003714,1,3,55,2,2,2.0,1.0,,2.0,0,1,35_64,True,generative
donor_h0003715,1,14,65,2,2,2.0,2.0,5.0,2.0,0,2,65_plus,True,generative
donor_h0003716,1,32,54,2,2,2.0,1.0,,2.0,0,1,35_64,True,generative
donor_h0003717,1,19,23,2,2,2.0,2.0,,2.0,0,2,18_34,True,generative
donor_h0003717,2,27,2,2,2,,,,,2,2,0_17,False,dependent
donor_h0003718,1,61,57,2,2,2.0,2.0,,2.0,0,2,35_64,True,generative
donor_h0003718,2,60,63,1,2,2.0,1.0,,1.0,1,1,35_64,True,generative
donor_h0003719,1,14,54,1,2,2.0,2.0,,2.0,0,1,35_64,True,generative
donor_h0003719,2,12,53,2,2,1.0,2.0,,2.0,1,1,35_64,True,generative
donor_h0003719,3,19,22,2,2,2.0,2.0,,2.0,2,2,18_34,True,generative
donor_h0003720,1,9,75,2,2,2.0,2.0,,2.0,0,2,65_plus,True,generative
donor_h0003720,2,11,71,2,2,2.0,2.0,,2.0,1,2,65_plus,True,generative
donor_h0003721,1,19,35,2,2,2.0,2.0,,2.0,0,2,35_64,True,generative
donor_h0003722,1,41,28,2,2,2.0,2.0,,2.0,0,2,18_34,True,generative
donor_h0003722,2,46,59,2,2,2.0,2.0,,2.0,6,2,35_64,True,generative
donor_h0003722,3,46,56,2,2,2.0,2.0,,2.0,6,2,35_64,True,generative
donor_h0003723,1,10,78,2,2,2.0,2.0,,2.0,0,2,65_plus,True,generative
donor_h0003723,2,12,73,2,2,2.0,2.0,,2.0,1,2,65_plus,True,generative
donor_h0003724,1,7,78,2,2,2.0,2.0,,2.0,0,2,65_plus,True,generative
donor_h0003724,2,8,68,2,2,2.0,2.0,,2.0,1,2,65_plus,True,generative
donor_h0003725,1,16,30,2,2,2.0,2.0,,2.0,0,2,18_34,True,generative
donor_h0003725,2,14,29,2,2,2.0,2.0,,2.0,1,2,18_34,True,generative
donor_h0003725,3,18,2,2,2,,,,,2,2,0_17,False,dependent
donor_h0003726,1,22,71,2,2,2.0,2.0,,2.0,0,2,65_plus,True,generative
donor_h0003726,2,20,68,2,2,2.0,2.0,,2.0,1,2,65_plus,True,generative
donor_h0003727,1,11,55,2,2,1.0,1.0,,1.0,0,1,35_64,True,generative
donor_h0003728,1,14,30,2,2,2.0,2.0,,2.0,0,2,18_34,True,generative
donor_h0003728,2,15,23,2,2,2.0,2.0,,2.0,1,2,18_34,True,generative
donor_h0003728,3,14,3,2,2,,,,,2,2,0_17,False,dependent
donor_h0003728,4,12,20,2,2,2.0,2.0,,2.0,10,2,18_34,True,generative
donor_h0003728,5,13,18,2,2,2.0,2.0,,2.0,10,2,18_34,True,generative
donor_h0003729,1,3,59,2,2,2.0,2.0,,2.0,0,2,35_64,True,generative
donor_h0003730,1,18,66,2,2,2.0,2.0,,2.0,0,2,65_plus,True,generative
donor_h0003730,2,19,24,2,2,2.0,2.0,,2.0,2,2,18_34,True,generative
donor_h0003731,1,10,57,2,2,2.0,2.0,,2.0,0,2,35_64,True,generative
donor_h0003731,2,9,56,2,2,2.0,2.0,,2.0,1,2,35_64,True,generative
donor_h0003732,1,12,40,2,2,2.0,2.0,,2.0,0,2,35_64,True,generative
donor_h0003732,2,9,50,2,2,2.0,2.0,,2.0,1,2,35_64,True,generative
donor_h0003732,3,7,19,2,2,2.0,2.0,,2.0,2,2,18_34,True,generative
donor_h0003732,4,8,17,2,2,2.0,2.0,,2.0,2,2,0_17,False,dependent
donor_h0003733,1,18,83,2,2,2.0,2.0,,2.0,0,2,65_plus,True,generative
donor_h0003733,2,20,60,2,2,2.0,2.0,,2.0,2,2,35_64,True,generative
donor_h0003734,1,22,71,2,2,2.0,2.0,,2.0,0,2,65_plus,True,generative
donor_h0003735,1,9,66,2,2,2.0,2.0,,2.0,0,2,65_plus,True,generative
donor_h0003735,2,9,20,2,2,2.0,2.0,,2.0,2,2,18_34,True,generative
donor_h0003736,1,15,56,2,2,2.0,2.0,,2.0,0,2,35_64,True,generative
donor_h0003737,1,2,73,1,2,1.0,1.0,,1.0,0,1,65_plus,True,generative
donor_h0003737,2,3,49,2,1,2.0,2.0,,2.0,2,1,35_64,True,generative
donor_h0003737,3,3,9,2,2,,2.0,,1.0,7,1,0_17,False,dependent
donor_h0003738,1,27,69,2,2,2.0,2.0,,2.0,0,2,65_plus,True,generative
donor_h0003739,1,12,57,2,2,2.0,2.0,,2.0,0,2,35_64,True,generative
donor_h0003740,1,13,60,2,2,1.0,1.0,,2.0,0,1,35_64,True,generative
donor_h0003741,1,8,63,2,2,2.0,2.0,,2.0,0,2,35_64,True,generative
donor_h0003741,2,8,62,2,2,2.0,2.0,,2.0,1,2,35_64,True,generative
donor_h0003742,1,29,72,2,2,1.0,1.0,,1.0,0,1,65_plus,True,generative
donor_h0003742,2,31,53,2,2,1.0,2.0,,2.0,2,1,35_64,True,generative
donor_h0003742,3,32,70,2,2,2.0,2.0,,2.0,5,2,65_plus,True,generative
donor_h0003742,4,30,29,2,2,2.0,2.0,,2.0,7,2,18_34,True,generative
donor_h0003742,5,33,52,2,2,2.0,1.0,,1.0,9,1,35_64,True,generative
donor_h0003742,6,32,67,2,2,1.0,1.0,,2.0,10,1,65_plus,True,generative
donor_h0003742,7,34,3,2,2,,,,,10,2,0_17,False,dependent
donor_h0003743,1,15,50,2,2,2.0,2.0,,2.0,0,2,35_64,True,generative
donor_h0003743,2,14,60,2,2,2.0,2.0,,2.0,12,2,35_64,True,generative
donor_h0003744,1,13,63,2,2,2.0,1.0,,2.0,0,1,35_64,True,generative
donor_h0003744,2,13,62,2,2,1.0,2.0,,2.0,1,1,35_64,True,generative
donor_h0003745,1,13,67,1,2,1.0,1.0,5.0,2.0,0,1,65_plus,True,generative
donor_h0003746,1,19,75,2,2,2.0,2.0,,2.0,0,2,65_plus,True,generative
donor_h0003746,2,22,76,1,2,2.0,2.0,,2.0,1,1,65_plus,True,generative
donor_h0003747,1,5,56,2,2,2.0,2.0,,2.0,0,2,35_64,True,generative
donor_h0003747,2,6,58,2,2,2.0,2.0,,2.0,12,2,35_64,True,generative
donor_h0003748,1,9,30,2,2,2.0,2.0,,2.0,0,2,18_34,True,generative
donor_h0003749,1,38,47,2,2,2.0,2.0,,2.0,0,2,35_64,True,generative
donor_h0003749,2,35,20,2,2,2.0,2.0,,2.0,2,2,18_34,True,generative
donor_h0003749,3,35,10,2,2,,2.0,,2.0,2,2,0_17,False,dependent
donor_h0003750,1,21,29,2,2,2.0,2.0,,2.0,0,2,18_34,True,generative
donor_h0003750,2,17,31,2,2,2.0,2.0,,2.0,1,2,18_34,True,generative
donor_h0003750,3,26,3,2,2,,,,,2,2,0_17,False,dependent
donor_h0003750,4,26,2,2,2,,,,,2,2,0_17,False,dependent
donor_h0003751,1,13,78,2,2,2.0,2.0,,2.0,0,2,65_plus,True,generative
donor_h0003751,2,15,81,2,2,2.0,2.0,,2.0,1,2,65_plus,True,generative
donor_h0003751,3,18,50,2,2,2.0,2.0,,2.0,2,2,35_64,True,generative
donor_h0003752,1,17,74,2,2,2.0,2.0,2.0,2.0,0,2,65_plus,True,generative
donor_h0003752,2,16,72,2,2,2.0,2.0,,2.0,1,2,65_plus,True,generative
donor_h0003753,1,11,28,2,2,2.0,2.0,,2.0,0,2,18_34,True,generative
donor_h0003753,2,14,27,2,2,2.0,2.0,,2.0,1,2,18_34,True,generative
donor_h0003754,1,16,70,2,2,2.0,1.0,,2.0,0,1,65_plus,True,generative
donor_h0003755,1,16,62,2,2,2.0,1.0,,2.0,0,1,35_64,True,generative
donor_h0003756,1,16,67,1,2,2.0,2.0,,2.0,0,1,65_plus,True,generative
donor_h0003756,2,15,65,2,1,2.0,1.0,,1.0,1,1,65_plus,True,generative
donor_h0003756,3,23,42,2,2,2.0,2.0,,2.0,2,2,35_64,True,generative
donor_h0003756,4,16,12,2,2,,2.0,,2.0,7,2,0_17,False,dependent
donor_h0003756,5,16,10,2,2,,2.0,,2.0,7,2,0_17,False,dependent
donor_h0003756,6,18,4,2,2,,,,,7,2,0_17,False,dependent
donor_h0003756,7,20,30,2,2,2.0,2.0,,2.0,9,2,18_34,True,generative
donor_h0003757,1,15,85,2,1,1.0,1.0,,2.0,0,1,65_plus,True,generative
donor_h0003757,2,22,48,2,2,2.0,2.0,,2.0,7,2,35_64,True,generative
donor_h0003758,1,14,81,2,2,2.0,2.0,,2.0,0,2,65_plus,True,generative
donor_h0003758,2,17,81,2,2,2.0,2.0,,2.0,1,2,65_plus,True,generative
donor_h0003759,1,17,48,2,2,2.0,2.0,,2.0,0,2,35_64,True,generative
donor_h0003759,2,16,21,2,2,2.0,2.0,,2.0,2,2,18_34,True,generative
donor_h0003759,3,16,66,1,1,2.0,2.0,,2.0,10,1,65_plus,True,generative
donor_h0003760,1,30,45,2,2,2.0,2.0,,2.0,0,2,35_64,True,generative
donor_h0003760,2,30,12,2,2,,2.0,,2.0,2,2,0_17,False,dependent
donor_h0003760,3,30,9,2,2,,2.0,,2.0,2,2,0_17,False,dependent
donor_h0003761,1,20,60,2,2,2.0,2.0,,2.0,0,2,35_64,True,generative
donor_h0003762,1,20,55,2,1,1.0,1.0,,2.0,0,1,35_64,True,generative
donor_h0003762,2,22,27,2,2,2.0,2.0,,2.0,2,2,18_34,True,generative
donor_h0003762,3,20,83,1,2,1.0,1.0,6.0,1.0,6,1,65_plus,True,generative
donor_h0003762,4,22,27,2,2,2.0,2.0,,2.0,10,2,18_34,True,generative
donor_h0003762,5,22,28,2,2,2.0,2.0,,2.0,15,2,18_34,True,generative
donor_h0003763,1,18,78,2,2,2.0,2.0,,2.0,0,2,65_plus,True,generative
donor_h0003764,1,22,79,2,2,2.0,2.0,,1.0,0,1,65_plus,True,generative
donor_h0003764,2,24,77,2,2,2.0,2.0,,2.0,1,2,65_plus,True,generative
donor_h0003765,1,10,59,2,2,2.0,2.0,,2.0,0,2,35_64,True,generative
donor_h0003765,2,11,67,2,2,2.0,2.0,,2.0,1,2,65_plus,True,generative
donor_h0003766,1,4,57,2,2,2.0,2.0,,2.0,0,2,35_64,True,generative
donor_h0003766,2,4,58,2,2,2.0,2.0,,2.0,1,2,35_64,True,generative
donor_h0003767,1,26,44,2,2,2.0,2.0,,2.0,0,2,35_64,True,generative
donor_h0003767,2,32,41,2,2,2.0,2.0,,2.0,1,2,35_64,True,generative
donor_h0003767,3,31,16,2,2,2.0,2.0,,2.0,2,2,0_17,False,dependent
donor_h0003767,4,31,10,2,2,,2.0,,1.0,2,1,0_17,False,dependent
donor_h0003767,5,31,8,2,2,,2.0,,2.0,2,2,0_17,False,dependent
donor_h0003768,1,20,76,2,2,2.0,1.0,,2.0,0,1,65_plus,True,generative
donor_h0003768,2,23,66,2,2,2.0,1.0,,2.0,1,1,65_plus,True,generative
donor_h0003769,1,4,76,2,2,2.0,2.0,,2.0,0,2,65_plus,True,generative
donor_h0003769,2,4,74,2,2,2.0,2.0,,2.0,1,2,65_plus,True,generative
donor_h0003770,1,12,61,2,2,2.0,2.0,2.0,2.0,0,2,35_64,True,generative
donor_h0003770,2,12,63,1,2,1.0,1.0,,1.0,1,1,35_64,True,generative
donor_h0003770,3,16,42,2,2,1.0,1.0,,1.0,4,1,35_64,True,generative
donor_h0003770,4,16,25,2,2,2.0,2.0,,2.0,7,2,18_34,True,generative
donor_h0003770,5,17,23,2,2,2.0,2.0,4.0,1.0,7,1,18_34,True,generative
donor_h0003770,6,13,25,2,1,2.0,2.0,,2.0,15,1,18_34,True,generative
donor_h0003771,1,3,82,2,2,2.0,2.0,,2.0,0,2,65_plus,True,generative
donor_h0003771,2,4,80,2,2,2.0,2.0,,2.0,1,2,65_plus,True,generative
donor_h0003772,1,5,63,2,2,2.0,2.0,,2.0,0,2,35_64,True,generative
donor_h0003773,1,9,49,2,2,2.0,2.0,,2.0,0,2,35_64,True,generative
donor_h0003773,2,9,47,2,2,2.0,2.0,,2.0,1,2,35_64,True,generative
donor_h0003774,1,20,69,2,2,2.0,2.0,,2.0,0,2,65_plus,True,generative
donor_h0003774,2,18,65,2,2,2.0,2.0,,2.0,1,2,65_plus,True,generative
donor_h0003775,1,12,87,1,2,2.0,2.0,4.0,2.0,0,1,65_plus,True,generative
donor_h0003775,2,13,83,2,2,2.0,2.0,,2.0,1,2,65_plus,True,generative
donor_h0003776,1,12,82,2,2,2.0,2.0,,2.0,0,2,65_plus,True,generative
donor_h0003777,1,14,52,2,2,2.0,2.0,,2.0,0,2,35_64,True,generative
donor_h0003777,2,17,12,2,2,,2.0,,2.0,2,2,0_17,False,dependent
donor_h0003777,3,15,51,2,2,2.0,2.0,5.0,2.0,13,2,35_64,True,generative
donor_h0003778,1,14,62,2,2,2.0,2.0,,2.0,0,2,35_64,True,generative
donor_h0003778,2,15,63,2,2,2.0,2.0,,2.0,15,2,35_64,True,generative
donor_h0003779,1,12,61,2,2,2.0,2.0,,2.0,0,2,35_64,True,generative
donor_h0003779,2,18,35,2,2,2.0,2.0,,2.0,2,2,35_64,True,generative
donor_h0003779,3,15,32,2,2,2.0,2.0,,2.0,2,2,18_34,True,generative
donor_h0003779,4,15,8,2,2,,2.0,,2.0,7,2,0_17,False,dependent
donor_h0003779,5,16,5,2,2,,2.0,,2.0,7,2,0_17,False,dependent
donor_h0003779,6,14,31,2,2,2.0,2.0,,2.0,9,2,18_34,True,generative
donor_h0003780,1,14,59,2,2,2.0,2.0,,2.0,0,2,35_64,True,generative
donor_h0003780,2,15,55,2,2,2.0,2.0,,2.0,13,2,35_64,True,generative
donor_h0003781,1,38,31,2,2,2.0,2.0,,2.0,0,2,18_34,True,generative
donor_h0003781,2,41,11,2,2,,2.0,,2.0,2,2,0_17,False,dependent
donor_h0003781,3,39,3,2,2,,,,,2,2,0_17,False,dependent
donor_h0003782,1,14,51,2,2,2.0,2.0,,2.0,0,2,35_64,True,generative
donor_h0003783,1,8,80,2,2,2.0,2.0,,2.0,0,2,65_plus,True,generative
donor_h0003784,1,15,30,2,2,2.0,2.0,,2.0,0,2,18_34,True,generative
donor_h0003785,1,3,83,1,2,2.0,2.0,,2.0,0,1,65_plus,True,generative
donor_h0003785,2,1,79,2,2,2.0,2.0,,2.0,1,2,65_plus,True,generative
donor_h0003786,1,3,70,2,2,2.0,2.0,,2.0,0,2,65_plus,True,generative
donor_h0003786,2,2,78,2,2,2.0,1.0,,1.0,1,1,65_plus,True,generative
donor_h0003787,1,11,53,2,2,2.0,2.0,,2.0,0,2,35_64,True,generative
donor_h0003787,2,10,53,2,2,2.0,2.0,,2.0,1,2,35_64,True,generative
donor_h0003787,3,14,15,2,2,2.0,2.0,,2.0,2,2,0_17,False,dependent
donor_h0003787,4,14,14,2,2,,2.0,,2.0,2,2,0_17,False,dependent
donor_h0003788,1,15,31,2,2,2.0,2.0,,2.0,0,2,18_34,True,generative
donor_h0003788,2,17,10,2,2,,2.0,,2.0,2,2,0_17,False,dependent
donor_h0003788,3,62,27,2,2,2.0,2.0,,2.0,13,2,18_34,True,generative
donor_h0003788,4,14,4,2,2,,,,,15,2,0_17,False,dependent
donor_h0003789,1,13,56,2,2,2.0,2.0,,2.0,0,2,35_64,True,generative
donor_h0003789,2,15,20,2,2,2.0,2.0,,2.0,10,2,18_34,True,generative
donor_h0003790,1,12,32,2,2,2.0,2.0,,2.0,0,2,18_34,True,generative
donor_h0003790,2,13,33,2,2,2.0,2.0,,2.0,1,2,18_34,True,generative
donor_h0003791,1,3,65,1,2,2.0,2.0,,2.0,0,1,65_plus,True,generative
donor_h0003791,2,5,61,2,1,2.0,2.0,,2.0,1,1,35_64,True,generative
donor_h0003792,1,14,75,2,1,2.0,1.0,,1.0,0,1,65_plus,True,generative
donor_h0003793,1,18,23,2,2,2.0,2.0,,2.0,0,2,18_34,True,generative
donor_h0003793,2,18,25,2,2,2.0,2.0,,2.0,12,2,18_34,True,generative
donor_h0003793,3,22,23,2,2,2.0,2.0,,2.0,12,2,18_34,True,generative
donor_h0003793,4,19,22,2,2,2.0,2.0,,2.0,12,2,18_34,True,generative
donor_h0003793,5,19,21,2,2,2.0,2.0,,2.0,12,2,18_34,True,generative
donor_h0003794,1,13,65,2,2,2.0,2.0,,2.0,0,2,65_plus,True,generative
donor_h0003795,1,7,63,2,2,2.0,2.0,,2.0,0,2,35_64,True,generative
donor_h0003795,2,8,65,2,2,2.0,2.0,,2.0,1,2,65_plus,True,generative
donor_h0003796,1,19,70,2,2,2.0,2.0,,2.0,0,2,65_plus,True,generative
donor_h0003796,2,20,69,2,2,2.0,2.0,,2.0,1,2,65_plus,True,generative
donor_h0003797,1,8,80,2,2,2.0,2.0,,2.0,0,2,65_plus,True,generative
donor_h0003797,2,9,81,2,2,1.0,2.0,,2.0,1,1,65_plus,True,generative
donor_h0003798,1,12,62,2,2,2.0,2.0,,2.0,0,2,35_64,True,generative
donor_h0003798,2,13,65,2,2,2.0,2.0,,2.0,1,2,65_plus,True,generative
donor_h0003799,1,13,80,2,2,2.0,2.0,,2.0,0,2,65_plus,True,generative
donor_h0003799,2,12,89,1,1,2.0,1.0,,2.0,12,1,65_plus,True,generative
donor_h0003800,1,11,52,2,2,2.0,2.0,,2.0,0,2,35_64,True,generative
donor_h0003800,2,14,17,2,2,2.0,2.0,,2.0,2,2,0_17,False,dependent
donor_h0003801,1,15,72,1,1,2.0,1.0,,2.0,0,1,65_plus,True,generative
donor_h0003801,2,14,65,2,1,2.0,1.0,,2.0,1,1,65_plus,True,generative
donor_h0003802,1,5,57,2,2,1.0,1.0,,1.0,0,1,35_64,True,generative
donor_h0003802,2,9,15,2,2,2.0,2.0,,2.0,2,2,0_17,False,dependent
donor_h0003803,1,15,38,2,2,2.0,2.0,,2.0,0,2,35_64,True,generative
donor_h0003803,2,13,36,2,2,2.0,2.0,,2.0,13,2,35_64,True,generative
donor_h0003804,1,13,69,2,2,2.0,2.0,,2.0,0,2,65_plus,True,generative
donor_h0003804,2,13,70,2,2,2.0,2.0,,2.0,1,2,65_plus,True,generative
donor_h0003805,1,20,52,2,2,2.0,2.0,,2.0,0,2,35_64,True,generative
donor_h0003805,2,25,51,2,2,2.0,2.0,,2.0,1,2,35_64,True,generative
donor_h0003806,1,11,64,2,2,2.0,2.0,,2.0,0,2,35_64,True,generative
donor_h0003806,2,12,64,2,2,2.0,2.0,,2.0,1,2,35_64,True,generative
donor_h0003807,1,20,57,2,2,2.0,2.0,,2.0,0,2,35_64,True,generative
donor_h0003807,2,20,59,2,2,2.0,2.0,,2.0,1,2,35_64,True,generative
donor_h0003807,3,24,24,2,2,2.0,2.0,,2.0,2,2,18_34,True,generative
donor_h0003808,1,27,30,2,2,2.0,2.0,,2.0,0,2,18_34,True,generative
donor_h0003808,2,25,31,2,2,2.0,2.0,,2.0,1,2,18_34,True,generative
donor_h0003809,1,14,58,2,2,2.0,2.0,,2.0,0,2,35_64,True,generative
donor_h0003809,2,14,60,2,2,2.0,2.0,,2.0,1,2,35_64,True,generative
donor_h0003810,1,18,53,2,2,2.0,2.0,,2.0,0,2,35_64,True,generative
donor_h0003810,2,17,52,2,2,2.0,2.0,,2.0,1,2,35_64,True,generative
donor_h0003810,3,14,16,2,2,2.0,2.0,,2.0,3,2,0_17,False,dependent
donor_h0003810,4,16,13,2,2,,2.0,,2.0,3,2,0_17,False,dependent
donor_h0003810,5,23,48,2,2,2.0,2.0,,2.0,5,2,35_64,True,generative
donor_h0003810,6,18,25,2,2,2.0,2.0,,2.0,10,2,18_34,True,generative
donor_h0003811,1,2,71,2,2,2.0,2.0,,2.0,0,2,65_plus,True,generative
donor_h0003811,2,3,78,2,2,1.0,1.0,,2.0,1,1,65_plus,True,generative
donor_h0003812,1,65,33,2,2,2.0,2.0,,2.0,0,2,18_34,True,generative
donor_h0003812,2,41,10,2,2,,2.0,,2.0,2,2,0_17,False,dependent
donor_h0003812,3,25,51,1,1,1.0,2.0,,1.0,12,1,35_64,True,generative
donor_h0003812,4,72,38,2,2,2.0,2.0,,2.0,12,2,35_64,True,generative
donor_h0003813,1,9,53,1,2,1.0,1.0,4.0,2.0,0,1,35_64,True,generative
donor_h0003813,2,7,52,2,2,2.0,2.0,,2.0,1,2,35_64,True,generative
donor_h0003814,1,22,35,2,2,2.0,2.0,,2.0,0,2,35_64,True,generative
donor_h0003814,2,21,38,2,2,2.0,2.0,,2.0,1,2,35_64,True,generative
donor_h0003814,3,21,4,2,2,,,,,2,2,0_17,False,dependent
donor_h0003814,4,21,1,2,2,,,,,2,2,0_17,False,dependent
donor_h0003815,1,14,34,2,2,2.0,2.0,,2.0,0,2,18_34,True,generative
donor_h0003815,2,15,3,2,2,,,,,2,2,0_17,False,dependent
donor_h0003815,3,15,39,2,2,2.0,2.0,,1.0,13,1,35_64,True,generative
donor_h0003816,1,23,42,2,2,2.0,2.0,,2.0,0,2,35_64,True,generative
donor_h0003816,2,24,48,2,2,2.0,2.0,,2.0,1,2,35_64,True,generative
donor_h0003816,3,30,24,2,2,2.0,2.0,,2.0,2,2,18_34,True,generative
donor_h0003817,1,1,75,2,2,2.0,2.0,,2.0,0,2,65_plus,True,generative
donor_h0003818,1,21,63,2,2,2.0,2.0,,2.0,0,2,35_64,True,generative
donor_h0003818,2,24,87,2,2,1.0,2.0,,2.0,6,1,65_plus,True,generative
donor_h0003819,1,13,43,2,2,2.0,2.0,,2.0,0,2,35_64,True,generative
donor_h0003819,2,13,48,2,2,2.0,2.0,,2.0,1,2,35_64,True,generative
donor_h0003819,3,14,15,2,2,2.0,2.0,,2.0,2,2,0_17,False,dependent
donor_h0003819,4,14,11,2,2,,2.0,,2.0,2,2,0_17,False,dependent
donor_h0003820,1,5,72,2,2,2.0,2.0,,2.0,0,2,65_plus,True,generative
donor_h0003821,1,3,66,2,2,2.0,2.0,,2.0,0,2,65_plus,True,generative
donor_h0003821,2,3,72,2,2,2.0,2.0,,2.0,1,2,65_plus,True,generative
donor_h0003822,1,15,67,2,2,2.0,2.0,,2.0,0,2,65_plus,True,generative
donor_h0003823,1,14,89,2,1,1.0,1.0,,1.0,0,1,65_plus,True,generative
donor_h0003823,2,16,65,2,2,1.0,1.0,,2.0,2,1,65_plus,True,generative
donor_h0003823,3,16,63,2,2,2.0,2.0,,2.0,2,2,35_64,True,generative
donor_h0003824,1,11,80,1,2,2.0,2.0,,2.0,0,1,65_plus,True,generative
donor_h0003825,1,7,76,2,2,2.0,1.0,,2.0,0,1,65_plus,True,generative
donor_h0003825,2,8,73,1,2,2.0,1.0,,2.0,1,1,65_plus,True,generative
donor_h0003826,1,15,44,2,2,2.0,2.0,,2.0,0,2,35_64,True,generative
donor_h0003826,2,14,14,2,2,,2.0,,2.0,2,2,0_17,False,dependent
donor_h0003826,3,13,13,2,2,,2.0,,2.0,2,2,0_17,False,dependent
donor_h0003827,1,37,87,2,2,1.0,1.0,,2.0,0,1,65_plus,True,generative
donor_h0003827,2,32,94,2,2,2.0,1.0,,2.0,1,1,65_plus,True,generative
donor_h0003828,1,29,27,2,2,2.0,2.0,,2.0,0,2,18_34,True,generative
donor_h0003828,2,23,28,2,2,2.0,2.0,,2.0,1,2,18_34,True,generative
donor_h0003829,1,11,58,2,2,2.0,2.0,,2.0,0,2,35_64,True,generative
donor_h0003829,2,12,52,2,2,2.0,2.0,,2.0,1,2,35_64,True,generative
donor_h0003830,1,15,41,2,2,2.0,2.0,,2.0,0,2,35_64,True,generative
donor_h0003830,2,17,40,2,2,2.0,2.0,,2.0,1,2,35_64,True,generative
donor_h0003830,3,16,14,2,2,,2.0,,2.0,2,2,0_17,False,dependent
donor_h0003830,4,16,12,2,2,,2.0,,2.0,2,2,0_17,False,dependent
donor_h0003830,5,16,10,2,2,,2.0,,2.0,2,2,0_17,False,dependent
donor_h0003830,6,17,8,2,2,,2.0,,2.0,2,2,0_17,False,dependent
donor_h0003830,7,16,4,2,2,,,,,2,2,0_17,False,dependent
donor_h0003830,8,16,2,2,2,,,,,2,2,0_17,False,dependent
donor_h0003831,1,46,53,2,2,2.0,2.0,,2.0,0,2,35_64,True,generative
donor_h0003831,2,50,74,2,2,1.0,2.0,,1.0,6,1,65_plus,True,generative
donor_h0003832,1,13,62,2,2,2.0,2.0,,2.0,0,2,35_64,True,generative
donor_h0003832,2,13,59,2,2,2.0,1.0,,2.0,1,1,35_64,True,generative
donor_h0003833,1,16,65,1,2,2.0,1.0,,1.0,0,1,65_plus,True,generative
donor_h0003833,2,15,62,2,1,2.0,1.0,,1.0,1,1,35_64,True,generative
donor_h0003834,1,22,52,2,2,2.0,2.0,,2.0,0,2,35_64,True,generative
donor_h0003834,2,24,51,2,2,2.0,2.0,,2.0,1,2,35_64,True,generative
donor_h0003835,1,12,60,2,2,2.0,2.0,,2.0,0,2,35_64,True,generative
donor_h0003835,2,13,39,2,2,2.0,2.0,,2.0,1,2,35_64,True,generative
donor_h0003836,1,7,56,2,2,2.0,2.0,,2.0,0,2,35_64,True,generative
donor_h0003836,2,7,63,2,2,2.0,2.0,,2.0,1,2,35_64,True,generative
donor_h0003836,3,10,15,2,2,2.0,2.0,,2.0,7,2,0_17,False,dependent
donor_h0003837,1,9,58,2,2,2.0,2.0,,2.0,0,2,35_64,True,generative
donor_h0003837,2,10,51,2,2,2.0,2.0,,2.0,11,2,35_64,True,generative
donor_h0003838,1,16,60,2,2,1.0,1.0,,2.0,0,1,35_64,True,generative
donor_h0003839,1,17,65,2,2,2.0,2.0,,2.0,0,2,65_plus,True,generative
donor_h0003839,2,17,66,1,1,2.0,2.0,,2.0,1,1,65_plus,True,generative
donor_h0003840,1,13,59,2,2,1.0,2.0,,1.0,0,1,35_64,True,generative
donor_h0003840,2,12,60,2,2,1.0,1.0,,2.0,1,1,35_64,True,generative
donor_h0003841,1,15,55,2,1,2.0,2.0,,2.0,0,1,35_64,True,generative
donor_h0003841,2,16,59,2,2,2.0,2.0,,2.0,1,2,35_64,True,generative
donor_h0003842,1,2,76,2,2,2.0,2.0,,2.0,0,2,65_plus,True,generative
donor_h0003842,2,3,76,2,2,2.0,1.0,,2.0,1,1,65_plus,True,generative
donor_h0003843,1,11,85,2,2,2.0,2.0,,2.0,0,2,65_plus,True,generative
donor_h0003844,1,12,56,2,2,1.0,1.0,,1.0,0,1,35_64,True,generative
donor_h0003845,1,61,70,2,2,1.0,1.0,,2.0,0,1,65_plus,True,generative
donor_h0003845,2,76,43,1,2,1.0,2.0,,1.0,2,1,35_64,True,generative
donor_h0003845,3,43,6,2,2,,2.0,,2.0,7,2,0_17,False,dependent
donor_h0003845,4,83,45,2,2,2.0,2.0,,2.0,11,2,35_64,True,generative
donor_h0003846,1,16,48,2,2,2.0,2.0,,2.0,0,2,35_64,True,generative
donor_h0003847,1,14,60,2,2,2.0,2.0,,2.0,0,2,35_64,True,generative
donor_h0003848,1,13,62,2,2,1.0,1.0,,2.0,0,1,35_64,True,generative
donor_h0003849,1,10,81,1,2,2.0,2.0,,2.0,0,1,65_plus,True,generative
donor_h0003849,2,11,77,2,2,2.0,2.0,,2.0,1,2,65_plus,True,generative
donor_h0003850,1,4,79,2,2,2.0,1.0,,2.0,0,1,65_plus,True,generative
donor_h0003851,1,14,71,1,2,2.0,2.0,1.0,2.0,0,1,65_plus,True,generative
donor_h0003851,2,11,70,2,2,2.0,2.0,,2.0,15,2,65_plus,True,generative
donor_h0003852,1,15,67,2,2,2.0,2.0,,2.0,0,2,65_plus,True,generative
donor_h0003852,2,14,67,2,2,2.0,2.0,,2.0,1,2,65_plus,True,generative
donor_h0003852,3,18,11,2,2,,2.0,,2.0,7,2,0_17,False,dependent
donor_h0003852,4,16,3,2,2,,,,,7,2,0_17,False,dependent
donor_h0003853,1,12,81,1,2,2.0,2.0,,2.0,0,1,65_plus,True,generative
donor_h0003853,2,13,80,2,2,2.0,2.0,,2.0,1,2,65_plus,True,generative
donor_h0003854,1,38,59,2,2,2.0,2.0,,2.0,0,2,35_64,True,generative
donor_h0003855,1,10,38,2,2,2.0,2.0,,2.0,0,2,35_64,True,generative
donor_h0003855,2,11,19,2,2,2.0,2.0,,2.0,2,2,18_34,True,generative
donor_h0003855,3,12,14,2,2,,2.0,,2.0,2,2,0_17,False,dependent
donor_h0003855,4,11,8,2,2,,2.0,,2.0,2,2,0_17,False,dependent
donor_h0003855,5,12,6,2,2,,2.0,,2.0,2,2,0_17,False,dependent
donor_h0003855,6,11,1,2,2,,,,,7,2,0_17,False,dependent
donor_h0003856,1,12,69,1,2,2.0,2.0,2.0,2.0,0,1,65_plus,True,generative
donor_h0003856,2,11,71,1,2,2.0,2.0,,2.0,1,1,65_plus,True,generative
donor_h0003857,1,12,61,2,2,2.0,2.0,,2.0,0,2,35_64,True,generative
donor_h0003858,1,45,60,2,2,2.0,2.0,,2.0,0,2,35_64,True,generative
donor_h0003858,2,57,14,2,2,,2.0,,2.0,2,2,0_17,False,dependent
donor_h0003859,1,6,54,2,2,2.0,2.0,,2.0,0,2,35_64,True,generative
donor_h0003859,2,12,57,2,2,2.0,2.0,,2.0,1,2,35_64,True,generative
donor_h0003860,1,13,56,2,2,2.0,2.0,,2.0,0,2,35_64,True,generative
donor_h0003860,2,18,23,2,2,2.0,2.0,,2.0,2,2,18_34,True,generative
donor_h0003861,1,4,69,2,2,2.0,2.0,,2.0,0,2,65_plus,True,generative
donor_h0003861,2,3,65,2,2,2.0,2.0,,2.0,1,2,65_plus,True,generative
donor_h0003861,3,5,38,2,2,2.0,2.0,,2.0,2,2,35_64,True,generative
donor_h0003861,4,5,20,2,2,2.0,2.0,,2.0,7,2,18_34,True,generative
donor_h0003861,5,5,13,2,2,,2.0,,2.0,7,2,0_17,False,dependent
donor_h0003861,6,4,11,2,2,,2.0,,2.0,7,2,0_17,False,dependent
donor_h0003861,7,6,42,2,2,2.0,2.0,,2.0,9,2,35_64,True,generative
donor_h0003862,1,38,33,2,2,2.0,2.0,,2.0,0,2,18_34,True,generative
donor_h0003862,2,42,13,2,2,,2.0,,2.0,2,2,0_17,False,dependent
donor_h0003862,3,44,38,2,2,2.0,2.0,,2.0,13,2,35_64,True,generative
donor_h0003863,1,17,58,2,2,2.0,1.0,,2.0,0,1,35_64,True,generative
donor_h0003863,2,17,64,1,2,2.0,2.0,4.0,2.0,1,1,35_64,True,generative
donor_h0003864,1,14,90,2,2,2.0,2.0,,2.0,0,2,65_plus,True,generative
donor_h0003865,1,14,67,2,2,2.0,2.0,,2.0,0,2,65_plus,True,generative
donor_h0003865,2,14,68,2,2,2.0,2.0,,2.0,1,2,65_plus,True,generative
donor_h0003866,1,4,62,2,2,2.0,1.0,,1.0,0,1,35_64,True,generative
donor_h0003866,2,2,53,2,2,2.0,1.0,,2.0,1,1,35_64,True,generative
donor_h0003867,1,11,88,2,2,2.0,2.0,,2.0,0,2,65_plus,True,generative
donor_h0003867,2,12,87,2,2,2.0,2.0,,2.0,1,2,65_plus,True,generative
donor_h0003868,1,45,36,2,2,2.0,2.0,,2.0,0,2,35_64,True,generative
donor_h0003868,2,36,32,2,2,2.0,2.0,,2.0,1,2,18_34,True,generative
donor_h0003868,3,43,10,2,2,,2.0,,2.0,2,2,0_17,False,dependent
donor_h0003868,4,56,1,2,2,,,,,2,2,0_17,False,dependent
donor_h0003869,1,10,50,2,2,2.0,2.0,,2.0,0,2,35_64,True,generative
donor_h0003869,2,11,16,2,2,2.0,2.0,,2.0,2,2,0_17,False,dependent
donor_h0003869,3,14,15,2,2,2.0,2.0,,2.0,2,2,0_17,False,dependent
donor_h0003869,4,10,20,2,2,2.0,2.0,,2.0,4,2,18_34,True,generative
donor_h0003869,5,11,18,2,2,2.0,2.0,,2.0,4,2,18_34,True,generative
donor_h0003869,6,11,49,2,2,2.0,2.0,,2.0,13,2,35_64,True,generative
donor_h0003870,1,4,74,2,2,2.0,2.0,,2.0,0,2,65_plus,True,generative
donor_h0003870,2,5,59,2,2,2.0,2.0,,2.0,1,2,35_64,True,generative
donor_h0003871,1,9,49,2,2,2.0,2.0,,2.0,0,2,35_64,True,generative
donor_h0003871,2,9,48,2,2,2.0,2.0,,2.0,1,2,35_64,True,generative
donor_h0003871,3,9,19,2,2,2.0,2.0,,2.0,2,2,18_34,True,generative
donor_h0003872,1,19,85,1,2,2.0,2.0,,2.0,0,1,65_plus,True,generative
donor_h0003872,2,22,84,2,2,2.0,2.0,,2.0,1,2,65_plus,True,generative
donor_h0003873,1,8,82,2,2,2.0,2.0,,2.0,0,2,65_plus,True,generative
donor_h0003873,2,10,57,2,2,2.0,2.0,,2.0,2,2,35_64,True,generative
donor_h0003874,1,17,41,2,2,2.0,2.0,,2.0,0,2,35_64,True,generative
donor_h0003875,1,18,63,2,2,2.0,2.0,,2.0,0,2,35_64,True,generative
donor_h0003876,1,10,62,2,2,2.0,2.0,,2.0,0,2,35_64,True,generative
donor_h0003876,2,10,56,2,2,2.0,2.0,,2.0,1,2,35_64,True,generative
donor_h0003877,1,5,57,2,2,2.0,2.0,,2.0,0,2,35_64,True,generative
donor_h0003877,2,6,79,2,2,2.0,2.0,,2.0,6,2,65_plus,True,generative
donor_h0003878,1,15,50,2,2,2.0,2.0,,2.0,0,2,35_64,True,generative
donor_h0003878,2,16,72,2,2,2.0,2.0,,2.0,6,2,65_plus,True,generative
donor_h0003879,1,18,31,2,2,2.0,2.0,,2.0,0,2,18_34,True,generative
donor_h0003879,2,15,33,2,2,2.0,2.0,,2.0,1,2,18_34,True,generative
donor_h0003879,3,19,13,2,2,,2.0,,2.0,2,2,0_17,False,dependent
donor_h0003879,4,19,5,2,2,,2.0,,2.0,2,2,0_17,False,dependent
donor_h0003879,5,18,1,2,2,,,,,2,2,0_17,False,dependent
donor_h0003880,1,2,60,2,2,2.0,2.0,,2.0,0,2,35_64,True,generative
donor_h0003880,2,3,87,2,2,1.0,2.0,,2.0,6,1,65_plus,True,generative
donor_h0003880,3,3,46,2,2,2.0,2.0,,2.0,13,2,35_64,True,generative
donor_h0003881,1,18,49,2,2,1.0,1.0,,2.0,0,1,35_64,True,generative
donor_h0003881,2,17,48,2,2,2.0,2.0,,2.0,1,2,35_64,True,generative
donor_h0003882,1,9,63,2,2,2.0,1.0,,1.0,0,1,35_64,True,generative
donor_h0003883,1,77,31,2,2,2.0,2.0,,2.0,0,2,18_34,True,generative
donor_h0003883,2,34,26,2,2,2.0,2.0,,2.0,1,2,18_34,True,generative
donor_h0003883,3,44,10,2,2,,2.0,,2.0,2,2,0_17,False,dependent
donor_h0003883,4,44,7,2,2,,2.0,,2.0,2,2,0_17,False,dependent
donor_h0003883,5,44,5,2,2,,2.0,,2.0,2,2,0_17,False,dependent
donor_h0003884,1,13,81,2,2,2.0,2.0,,2.0,0,2,65_plus,True,generative
donor_h0003885,1,10,80,2,2,1.0,2.0,,2.0,0,1,65_plus,True,generative
donor_h0003885,2,10,66,2,2,1.0,2.0,,2.0,10,1,65_plus,True,generative
donor_h0003886,1,12,85,2,2,2.0,2.0,,2.0,0,2,65_plus,True,generative
donor_h0003887,1,11,83,2,2,2.0,1.0,,2.0,0,1,65_plus,True,generative
donor_h0003888,1,24,70,2,1,2.0,1.0,,2.0,0,1,65_plus,True,generative
donor_h0003889,1,16,37,2,2,2.0,2.0,,2.0,0,2,35_64,True,generative
donor_h0003889,2,14,36,2,2,2.0,2.0,,2.0,1,2,35_64,True,generative
donor_h0003889,3,15,8,2,2,,2.0,,2.0,2,2,0_17,False,dependent
donor_h0003889,4,14,6,2,2,,2.0,,2.0,2,2,0_17,False,dependent
donor_h0003890,1,16,23,2,2,2.0,2.0,,2.0,0,2,18_34,True,generative
donor_h0003890,2,13,23,2,2,2.0,2.0,5.0,2.0,1,2,18_34,True,generative
donor_h0003890,3,16,2,2,2,,,,,2,2,0_17,False,dependent
donor_h0003891,1,20,59,2,2,2.0,2.0,,2.0,0,2,35_64,True,generative
donor_h0003891,2,22,55,2,2,2.0,2.0,,2.0,12,2,35_64,True,generative
donor_h0003892,1,19,39,2,2,2.0,2.0,,2.0,0,2,35_64,True,generative
donor_h0003892,2,15,37,2,2,2.0,2.0,,2.0,1,2,35_64,True,generative
donor_h0003892,3,18,13,2,2,,2.0,,2.0,2,2,0_17,False,dependent
donor_h0003892,4,18,7,2,2,,2.0,,2.0,2,2,0_17,False,dependent
donor_h0003892,5,18,9,2,2,,2.0,,2.0,3,2,0_17,False,dependent
donor_h0003892,6,18,8,2,2,,2.0,,2.0,3,2,0_17,False,dependent
donor_h0003892,7,16,18,2,2,2.0,2.0,,2.0,4,2,18_34,True,generative
donor_h0003893,1,14,73,2,2,2.0,2.0,,2.0,0,2,65_plus,True,generative
donor_h0003893,2,13,71,2,2,2.0,2.0,,2.0,1,2,65_plus,True,generative
donor_h0003893,3,19,23,2,2,2.0,2.0,,2.0,7,2,18_34,True,generative
donor_h0003894,1,21,61,2,2,2.0,2.0,,2.0,0,2,35_64,True,generative
donor_h0003895,1,14,23,2,2,2.0,2.0,,2.0,0,2,18_34,True,generative
donor_h0003895,2,17,3,2,2,,,,,2,2,0_17,False,dependent
donor_h0003895,3,18,23,2,2,2.0,2.0,,2.0,13,2,18_34,True,generative
donor_h0003896,1,14,73,2,2,2.0,2.0,,2.0,0,2,65_plus,True,generative
donor_h0003896,2,13,67,2,2,2.0,2.0,,2.0,1,2,65_plus,True,generative
donor_h0003897,1,12,65,2,2,2.0,2.0,,2.0,0,2,65_plus,True,generative
donor_h0003897,2,18,57,2,2,2.0,2.0,,2.0,1,2,35_64,True,generative
donor_h0003898,1,5,79,1,2,2.0,1.0,,2.0,0,1,65_plus,True,generative
donor_h0003898,2,7,68,1,2,2.0,2.0,,2.0,15,1,65_plus,True,generative
donor_h0003899,1,13,71,1,2,2.0,1.0,,2.0,0,1,65_plus,True,generative
donor_h0003899,2,13,69,1,2,2.0,2.0,,2.0,1,1,65_plus,True,generative
donor_h0003899,3,19,45,2,2,2.0,2.0,,2.0,2,2,35_64,True,generative
donor_h0003900,1,11,61,2,2,2.0,2.0,,2.0,0,2,35_64,True,generative
donor_h0003900,2,11,61,2,2,2.0,2.0,,2.0,13,2,35_64,True,generative
donor_h0003901,1,5,71,2,2,2.0,2.0,,2.0,0,2,65_plus,True,generative
donor_h0003901,2,5,94,2,2,1.0,2.0,,2.0,6,1,65_plus,True,generative
donor_h0003902,1,50,46,1,2,2.0,2.0,,2.0,0,1,35_64,True,generative
donor_h0003902,2,46,40,2,2,2.0,2.0,,2.0,1,2,35_64,True,generative
donor_h0003902,3,51,14,2,2,,2.0,,2.0,3,2,0_17,False,dependent
donor_h0003902,4,50,13,2,2,,2.0,,2.0,3,2,0_17,False,dependent
donor_h0003902,5,50,7,2,2,,2.0,,2.0,3,2,0_17,False,dependent
donor_h0003903,1,28,69,2,2,2.0,2.0,,2.0,0,2,65_plus,True,generative
donor_h0003903,2,45,36,2,2,2.0,2.0,,2.0,2,2,35_64,True,generative
donor_h0003904,1,35,51,2,2,2.0,2.0,,1.0,0,1,35_64,True,generative
donor_h0003904,2,69,21,2,2,2.0,2.0,,2.0,2,2,18_34,True,generative
donor_h0003905,1,20,83,2,2,2.0,2.0,,2.0,0,2,65_plus,True,generative
donor_h0003905,2,30,38,2,2,1.0,1.0,,2.0,7,1,35_64,True,generative
donor_h0003906,1,28,38,2,2,2.0,2.0,,2.0,0,2,35_64,True,generative
donor_h0003906,2,24,39,1,2,2.0,2.0,,2.0,1,1,35_64,True,generative
donor_h0003907,1,10,46,2,2,2.0,2.0,,2.0,0,2,35_64,True,generative
donor_h0003907,2,10,47,2,2,2.0,2.0,,2.0,1,2,35_64,True,generative
donor_h0003907,3,9,21,2,2,2.0,2.0,,2.0,2,2,18_34,True,generative
donor_h0003907,4,9,18,2,2,2.0,2.0,,2.0,2,2,18_34,True,generative
donor_h0003907,5,9,18,2,2,2.0,2.0,,2.0,15,2,18_34,True,generative
donor_h0003908,1,11,38,2,2,2.0,2.0,,2.0,0,2,35_64,True,generative
donor_h0003908,2,10,32,2,2,2.0,2.0,,2.0,1,2,18_34,True,generative
donor_h0003908,3,12,8,2,2,,2.0,,2.0,2,2,0_17,False,dependent
donor_h0003908,4,12,5,2,2,,2.0,,2.0,2,2,0_17,False,dependent
donor_h0003908,5,11,2,2,2,,,,,2,2,0_17,False,dependent
donor_h0003909,1,41,28,2,2,2.0,1.0,,2.0,0,1,18_34,True,generative
donor_h0003909,2,45,26,2,2,2.0,2.0,,2.0,5,2,18_34,True,generative
donor_h0003909,3,47,29,2,2,2.0,2.0,,2.0,13,2,18_34,True,generative
donor_h0003910,1,19,88,2,2,1.0,1.0,,2.0,0,1,65_plus,True,generative
donor_h0003910,2,21,66,2,2,2.0,2.0,,2.0,2,2,65_plus,True,generative
donor_h0003910,3,22,66,2,2,2.0,2.0,,2.0,9,2,65_plus,True,generative
donor_h0003911,1,20,59,2,2,2.0,2.0,,2.0,0,2,35_64,True,generative
donor_h0003911,2,24,46,2,2,2.0,2.0,,2.0,1,2,35_64,True,generative
donor_h0003912,1,52,57,2,2,2.0,2.0,,2.0,0,2,35_64,True,generative
donor_h0003913,1,4,73,2,2,2.0,2.0,,2.0,0,2,65_plus,True,generative
donor_h0003913,2,2,77,2,2,2.0,2.0,,2.0,1,2,65_plus,True,generative
donor_h0003914,1,16,51,2,2,2.0,2.0,,2.0,0,2,35_64,True,generative
donor_h0003914,2,18,45,2,2,2.0,2.0,,2.0,1,2,35_64,True,generative
donor_h0003914,3,21,20,2,2,2.0,2.0,,2.0,2,2,18_34,True,generative
donor_h0003914,4,19,26,2,2,2.0,2.0,,2.0,4,2,18_34,True,generative
donor_h0003914,5,18,0,2,2,,,,,7,2,0_17,False,dependent
donor_h0003915,1,9,56,2,2,2.0,2.0,,2.0,0,2,35_64,True,generative
donor_h0003915,2,5,59,2,2,2.0,2.0,,1.0,1,1,35_64,True,generative
donor_h0003916,1,15,34,2,2,2.0,2.0,,2.0,0,2,18_34,True,generative
donor_h0003916,2,15,9,2,2,,2.0,,2.0,2,2,0_17,False,dependent
donor_h0003916,3,17,8,2,2,,2.0,,2.0,2,2,0_17,False,dependent
donor_h0003917,1,20,74,2,2,1.0,1.0,,1.0,0,1,65_plus,True,generative
donor_h0003918,1,13,53,2,2,2.0,2.0,5.0,2.0,0,2,35_64,True,generative
donor_h0003918,2,12,53,2,2,2.0,2.0,,2.0,1,2,35_64,True,generative
donor_h0003919,1,17,47,2,2,2.0,2.0,,2.0,0,2,35_64,True,generative
donor_h0003919,2,19,41,2,2,2.0,2.0,,2.0,1,2,35_64,True,generative
donor_h0003920,1,14,46,2,2,2.0,2.0,,2.0,0,2,35_64,True,generative
donor_h0003921,1,16,30,2,2,2.0,2.0,,2.0,0,2,18_34,True,generative
donor_h0003921,2,14,30,2,2,2.0,2.0,,2.0,1,2,18_34,True,generative
donor_h0003922,1,12,73,2,2,2.0,2.0,2.0,2.0,0,2,65_plus,True,generative
donor_h0003923,1,9,65,2,2,2.0,2.0,,2.0,0,2,65_plus,True,generative
donor_h0003923,2,8,65,2,2,2.0,2.0,,2.0,1,2,65_plus,True,generative
donor_h0003924,1,17,76,1,2,2.0,2.0,,2.0,0,1,65_plus,True,generative
donor_h0003924,2,18,74,2,2,2.0,2.0,,2.0,1,2,65_plus,True,generative
donor_h0003925,1,5,55,2,2,2.0,1.0,,2.0,0,1,35_64,True,generative
donor_h0003925,2,5,61,1,2,2.0,2.0,,2.0,1,1,35_64,True,generative
donor_h0003926,1,23,57,2,2,2.0,2.0,,2.0,0,2,35_64,True,generative
donor_h0003926,2,24,39,2,2,2.0,2.0,,2.0,10,2,35_64,True,generative
donor_h0003927,1,55,60,2,2,2.0,1.0,,2.0,0,1,35_64,True,generative
donor_h0003928,1,16,48,2,2,1.0,1.0,,2.0,0,1,35_64,True,generative
donor_h0003928,2,19,20,2,1,2.0,2.0,,2.0,4,1,18_34,True,generative
donor_h0003928,3,15,24,2,2,2.0,2.0,,2.0,9,2,18_34,True,generative
donor_h0003929,1,51,36,2,2,2.0,2.0,,2.0,0,2,35_64,True,generative
donor_h0003930,1,23,65,2,2,2.0,2.0,,2.0,0,2,65_plus,True,generative
donor_h0003931,1,12,80,2,2,2.0,1.0,,2.0,0,1,65_plus,True,generative
donor_h0003932,1,12,70,2,2,2.0,2.0,,2.0,0,2,65_plus,True,generative
donor_h0003932,2,12,60,2,2,2.0,2.0,,2.0,1,2,35_64,True,generative
donor_h0003933,1,10,59,2,2,2.0,2.0,,1.0,0,1,35_64,True,generative
donor_h0003934,1,8,87,2,2,2.0,2.0,,1.0,0,1,65_plus,True,generative
donor_h0003935,1,11,81,2,2,2.0,2.0,,2.0,0,2,65_plus,True,generative
donor_h0003935,2,12,75,2,2,2.0,2.0,,2.0,1,2,65_plus,True,generative
donor_h0003936,1,17,55,2,2,2.0,2.0,,2.0,0,2,35_64,True,generative
donor_h0003936,2,18,61,2,2,2.0,2.0,,2.0,1,2,35_64,True,generative
donor_h0003936,3,20,84,2,2,2.0,2.0,,2.0,8,2,65_plus,True,generative
donor_h0003937,1,11,88,1,2,2.0,2.0,,2.0,0,1,65_plus,True,generative
donor_h0003937,2,12,79,2,2,2.0,2.0,,2.0,1,2,65_plus,True,generative
donor_h0003938,1,11,76,1,2,2.0,1.0,,1.0,0,1,65_plus,True,generative
donor_h0003938,2,10,80,1,2,2.0,2.0,,2.0,1,1,65_plus,True,generative
donor_h0003938,3,13,1,2,2,,,,,7,2,0_17,False,dependent
donor_h0003939,1,15,32,2,2,2.0,2.0,,2.0,0,2,18_34,True,generative
donor_h0003939,2,17,36,2,2,2.0,2.0,,2.0,1,2,35_64,True,generative
donor_h0003939,3,9,11,2,2,,2.0,,2.0,2,2,0_17,False,dependent
donor_h0003939,4,13,7,2,2,,2.0,,2.0,2,2,0_17,False,dependent
donor_h0003940,1,13,36,1,2,1.0,1.0,,1.0,0,1,35_64,True,generative
donor_h0003941,1,15,74,2,2,2.0,2.0,,2.0,0,2,65_plus,True,generative
donor_h0003941,2,15,69,1,2,1.0,1.0,5.0,2.0,1,1,65_plus,True,generative
donor_h0003942,1,8,64,2,2,2.0,2.0,,2.0,0,2,35_64,True,generative
donor_h0003943,1,21,72,1,1,2.0,2.0,2.0,2.0,0,1,65_plus,True,generative
donor_h0003943,2,42,64,2,2,2.0,2.0,,2.0,1,2,35_64,True,generative
donor_h0003944,1,16,73,1,1,2.0,2.0,,1.0,0,1,65_plus,True,generative
donor_h0003945,1,12,77,2,2,2.0,1.0,,2.0,0,1,65_plus,True,generative
donor_h0003946,1,9,35,2,2,2.0,2.0,,2.0,0,2,35_64,True,generative
donor_h0003946,2,8,36,2,2,2.0,2.0,,2.0,1,2,35_64,True,generative
donor_h0003946,3,10,16,2,2,2.0,2.0,,2.0,2,2,0_17,False,dependent
donor_h0003946,4,10,14,2,2,,2.0,,2.0,2,2,0_17,False,dependent
donor_h0003946,5,9,9,2,2,,2.0,,2.0,3,2,0_17,False,dependent
donor_h0003947,1,5,32,2,2,2.0,2.0,,2.0,0,2,18_34,True,generative
donor_h0003947,2,5,34,2,2,2.0,2.0,,2.0,1,2,18_34,True,generative
donor_h0003947,3,7,6,2,2,,2.0,,2.0,2,2,0_17,False,dependent
donor_h0003947,4,6,3,2,2,,,,,2,2,0_17,False,dependent
donor_h0003948,1,58,33,2,2,2.0,2.0,,2.0,0,2,18_34,True,generative
donor_h0003948,2,65,29,2,2,2.0,2.0,,2.0,1,2,18_34,True,generative
donor_h0003948,3,71,8,2,2,,2.0,,2.0,2,2,0_17,False,dependent
donor_h0003948,4,67,1,2,2,,,,,2,2,0_17,False,dependent
donor_h0003949,1,15,89,2,2,2.0,2.0,,2.0,0,2,65_plus,True,generative
donor_h0003950,1,29,37,2,2,2.0,2.0,,2.0,0,2,35_64,True,generative
donor_h0003950,2,25,36,2,2,2.0,2.0,,2.0,1,2,35_64,True,generative
donor_h0003951,1,10,72,1,2,2.0,2.0,3.0,2.0,0,1,65_plus,True,generative
donor_h0003951,2,9,67,1,2,2.0,2.0,,2.0,1,1,65_plus,True,generative
donor_h0003952,1,18,78,2,2,2.0,2.0,,2.0,0,2,65_plus,True,generative
donor_h0003953,1,12,58,2,2,2.0,2.0,,2.0,0,2,35_64,True,generative
donor_h0003953,2,13,24,2,2,2.0,2.0,,2.0,2,2,18_34,True,generative
donor_h0003954,1,15,46,2,2,2.0,2.0,,2.0,0,2,35_64,True,generative
donor_h0003954,2,9,40,2,2,2.0,2.0,,2.0,1,2,35_64,True,generative
donor_h0003955,1,24,64,2,2,2.0,2.0,,2.0,0,2,35_64,True,generative
donor_h0003955,2,31,25,2,2,1.0,2.0,,1.0,2,1,18_34,True,generative
donor_h0003955,3,28,30,2,2,2.0,2.0,,2.0,7,2,18_34,True,generative
donor_h0003955,4,31,5,2,2,,2.0,,2.0,7,2,0_17,False,dependent
donor_h0003956,1,12,55,2,2,2.0,2.0,,2.0,0,2,35_64,True,generative
donor_h0003957,1,14,59,2,2,2.0,2.0,,2.0,0,2,35_64,True,generative
donor_h0003957,2,14,55,2,2,2.0,2.0,,2.0,1,2,35_64,True,generative
donor_h0003957,3,18,26,2,2,2.0,2.0,,2.0,2,2,18_34,True,generative
donor_h0003957,4,21,24,2,2,2.0,2.0,,2.0,2,2,18_34,True,generative
donor_h0003957,5,19,22,2,2,2.0,2.0,,2.0,11,2,18_34,True,generative
donor_h0003958,1,21,82,2,2,2.0,1.0,,2.0,0,1,65_plus,True,generative
donor_h0003958,2,12,76,2,2,2.0,2.0,,2.0,1,2,65_plus,True,generative
donor_h0003959,1,8,49,2,2,2.0,2.0,,2.0,0,2,35_64,True,generative
donor_h0003959,2,8,48,2,2,2.0,2.0,,2.0,1,2,35_64,True,generative
donor_h0003959,3,11,16,2,2,2.0,2.0,,2.0,2,2,0_17,False,dependent
donor_h0003959,4,8,14,2,2,,2.0,,2.0,2,2,0_17,False,dependent
donor_h0003960,1,46,38,2,2,2.0,2.0,,1.0,0,1,35_64,True,generative
donor_h0003960,2,67,15,2,2,2.0,2.0,,2.0,2,2,0_17,False,dependent
donor_h0003961,1,4,38,2,2,2.0,2.0,,2.0,0,2,35_64,True,generative
donor_h0003961,2,4,39,2,2,2.0,2.0,,2.0,5,2,35_64,True,generative
donor_h0003961,3,3,70,2,2,2.0,2.0,,2.0,6,2,65_plus,True,generative
donor_h0003962,1,19,27,2,2,2.0,2.0,,2.0,0,2,18_34,True,generative
donor_h0003962,2,21,10,2,2,,2.0,,2.0,2,2,0_17,False,dependent
donor_h0003962,3,21,8,2,2,,2.0,,2.0,2,2,0_17,False,dependent
donor_h0003962,4,20,4,2,2,,,,,2,2,0_17,False,dependent
donor_h0003962,5,17,30,2,2,2.0,2.0,,2.0,13,2,18_34,True,generative
donor_h0003963,1,13,57,2,2,2.0,2.0,,2.0,0,2,35_64,True,generative
donor_h0003963,2,12,57,2,2,2.0,2.0,,2.0,1,2,35_64,True,generative
donor_h0003964,1,33,56,2,2,2.0,2.0,,2.0,0,2,35_64,True,generative
donor_h0003964,2,38,19,2,2,2.0,2.0,,2.0,2,2,18_34,True,generative
donor_h0003965,1,35,27,2,2,2.0,2.0,,2.0,0,2,18_34,True,generative
donor_h0003965,2,41,26,2,2,2.0,2.0,,2.0,1,2,18_34,True,generative
donor_h0003966,1,7,73,2,2,2.0,2.0,,2.0,0,2,65_plus,True,generative
donor_h0003967,1,31,56,2,2,2.0,2.0,,2.0,0,2,35_64,True,generative
donor_h0003967,2,32,52,2,2,2.0,2.0,,2.0,1,2,35_64,True,generative
donor_h0003967,3,37,22,2,2,2.0,2.0,,2.0,2,2,18_34,True,generative
donor_h0003967,4,41,17,2,2,2.0,2.0,,2.0,2,2,0_17,False,dependent
donor_h0003968,1,4,65,2,2,2.0,2.0,,2.0,0,2,65_plus,True,generative
donor_h0003968,2,4,69,2,2,2.0,2.0,,2.0,1,2,65_plus,True,generative
donor_h0003969,1,4,94,1,2,1.0,1.0,,1.0,0,1,65_plus,True,generative
donor_h0003970,1,13,64,2,2,2.0,2.0,,2.0,0,2,35_64,True,generative
donor_h0003971,1,11,86,1,2,2.0,1.0,,2.0,0,1,65_plus,True,generative
donor_h0003972,1,40,41,2,2,2.0,2.0,,2.0,0,2,35_64,True,generative
donor_h0003972,2,27,42,2,2,2.0,2.0,,2.0,1,2,35_64,True,generative
donor_h0003972,3,22,11,2,2,,2.0,,2.0,2,2,0_17,False,dependent
donor_h0003972,4,21,9,2,2,,2.0,,2.0,2,2,0_17,False,dependent
donor_h0003973,1,4,75,1,2,2.0,2.0,,2.0,0,1,65_plus,True,generative
donor_h0003973,2,4,72,1,2,2.0,2.0,,2.0,1,1,65_plus,True,generative
donor_h0003974,1,25,28,2,2,2.0,2.0,,2.0,0,2,18_34,True,generative
donor_h0003974,2,21,27,2,2,2.0,2.0,,2.0,13,2,18_34,True,generative
donor_h0003975,1,19,75,2,2,2.0,2.0,,2.0,0,2,65_plus,True,generative
donor_h0003976,1,16,29,2,2,2.0,2.0,,2.0,0,2,18_34,True,generative
donor_h0003976,2,13,26,2,2,2.0,2.0,,2.0,1,2,18_34,True,generative
donor_h0003977,1,8,38,2,2,2.0,2.0,,2.0,0,2,35_64,True,generative
donor_h0003977,2,18,38,2,2,2.0,2.0,,2.0,1,2,35_64,True,generative
donor_h0003977,3,16,9,2,2,,2.0,,2.0,2,2,0_17,False,dependent
donor_h0003977,4,17,5,2,2,,2.0,,2.0,2,2,0_17,False,dependent
donor_h0003978,1,10,38,2,2,2.0,2.0,,2.0,0,2,35_64,True,generative
donor_h0003978,2,9,30,2,2,2.0,2.0,,2.0,1,2,18_34,True,generative
donor_h0003979,1,6,60,2,2,2.0,2.0,,2.0,0,2,35_64,True,generative
donor_h0003979,2,11,62,2,2,2.0,2.0,,2.0,13,2,35_64,True,generative
donor_h0003980,1,16,67,1,2,2.0,2.0,,1.0,0,1,65_plus,True,generative
donor_h0003981,1,14,47,2,2,2.0,2.0,,2.0,0,2,35_64,True,generative
donor_h0003982,1,2,70,1,2,1.0,1.0,,2.0,0,1,65_plus,True,generative
donor_h0003982,2,2,75,2,2,2.0,2.0,,2.0,1,2,65_plus,True,generative
donor_h0003983,1,15,68,2,2,1.0,2.0,5.0,1.0,0,1,65_plus,True,generative
donor_h0003983,2,15,67,2,2,1.0,2.0,,2.0,1,1,65_plus,True,generative
donor_h0003984,1,31,44,2,2,2.0,2.0,,2.0,0,2,35_64,True,generative
donor_h0003984,2,27,43,2,2,2.0,2.0,,2.0,1,2,35_64,True,generative
donor_h0003984,3,27,18,2,2,2.0,2.0,,2.0,2,2,18_34,True,generative
donor_h0003984,4,30,16,2,2,2.0,2.0,,2.0,2,2,0_17,False,dependent
donor_h0003984,5,31,8,2,2,,2.0,,2.0,2,2,0_17,False,dependent
donor_h0003985,1,11,34,2,2,2.0,2.0,,2.0,0,2,18_34,True,generative
donor_h0003985,2,12,39,2,2,2.0,2.0,,2.0,1,2,35_64,True,generative
donor_h0003985,3,11,5,2,2,,2.0,,2.0,2,2,0_17,False,dependent
donor_h0003985,4,11,3,2,2,,,,,2,2,0_17,False,dependent
donor_h0003986,1,9,62,2,2,2.0,2.0,,2.0,0,2,35_64,True,generative
donor_h0003986,2,9,59,2,2,2.0,2.0,,2.0,1,2,35_64,True,generative
donor_h0003987,1,18,39,2,2,2.0,2.0,,2.0,0,2,35_64,True,generative
donor_h0003987,2,16,38,2,2,2.0,2.0,,2.0,1,2,35_64,True,generative
donor_h0003987,3,24,8,2,2,,2.0,,2.0,3,2,0_17,False,dependent
donor_h0003987,4,24,7,2,2,,2.0,,2.0,3,2,0_17,False,dependent
donor_h0003987,5,15,4,2,2,,,,,3,2,0_17,False,dependent
donor_h0003988,1,11,60,2,1,1.0,1.0,,1.0,0,1,35_64,True,generative
donor_h0003988,2,17,35,2,2,2.0,2.0,,2.0,2,2,35_64,True,generative
donor_h0003988,3,13,30,2,2,2.0,2.0,,1.0,2,1,18_34,True,generative
donor_h0003989,1,6,36,2,2,2.0,2.0,,2.0,0,2,35_64,True,generative
donor_h0003990,1,14,60,2,2,2.0,2.0,,2.0,0,2,35_64,True,generative
donor_h0003990,2,14,55,2,2,2.0,2.0,,2.0,1,2,35_64,True,generative
donor_h0003991,1,14,74,2,2,1.0,1.0,,2.0,0,1,65_plus,True,generative
donor_h0003992,1,27,35,1,2,2.0,2.0,,2.0,0,1,35_64,True,generative
donor_h0003992,2,24,34,2,2,2.0,2.0,5.0,2.0,1,2,18_34,True,generative
donor_h0003993,1,38,65,2,2,2.0,2.0,,2.0,0,2,65_plus,True,generative
donor_h0003994,1,5,73,2,2,2.0,2.0,,2.0,0,2,65_plus,True,generative
donor_h0003995,1,18,65,2,2,2.0,2.0,,2.0,0,2,65_plus,True,generative
donor_h0003995,2,23,40,2,2,2.0,2.0,,2.0,10,2,35_64,True,generative
donor_h0003995,3,21,4,2,2,,,,,10,2,0_17,False,dependent
donor_h0003995,4,19,64,2,2,2.0,2.0,,2.0,15,2,35_64,True,generative
donor_h0003996,1,11,64,2,2,2.0,2.0,,2.0,0,2,35_64,True,generative
donor_h0003996,2,12,62,2,2,2.0,2.0,,2.0,1,2,35_64,True,generative
donor_h0003997,1,8,71,2,2,2.0,2.0,,2.0,0,2,65_plus,True,generative
donor_h0003997,2,8,64,2,2,2.0,2.0,,2.0,1,2,35_64,True,generative
donor_h0003998,1,12,79,2,2,2.0,1.0,,2.0,0,1,65_plus,True,generative
donor_h0003999,1,37,44,2,2,2.0,2.0,,2.0,0,2,35_64,True,generative
donor_h0003999,2,15,50,2,2,2.0,2.0,,2.0,1,2,35_64,True,generative
donor_h0003999,3,44,18,2,2,2.0,2.0,,2.0,2,2,18_34,True,generative
donor_h0003999,4,32,14,2,2,,2.0,,2.0,2,2,0_17,False,dependent
donor_h0003999,5,32,13,2,2,,2.0,,2.0,2,2,0_17,False,dependent
donor_h0003999,6,32,7,2,2,,2.0,,2.0,2,2,0_17,False,dependent
donor_h0004000,1,24,41,2,2,2.0,2.0,,2.0,0,2,35_64,True,generative
donor_h0004000,2,21,36,2,2,2.0,2.0,,2.0,1,2,35_64,True,generative
donor_h0004000,3,22,15,2,2,2.0,2.0,,2.0,2,2,0_17,False,dependent
donor_h0004000,4,23,13,2,2,,2.0,,2.0,2,2,0_17,False,dependent
donor_h0004000,5,23,10,2,2,,2.0,,2.0,2,2,0_17,False,dependent
donor_h0004001,1,16,66,2,2,2.0,2.0,,2.0,0,2,65_plus,True,generative
donor_h0004001,2,14,63,2,2,2.0,2.0,,2.0,1,2,35_64,True,generative
donor_h0004001,3,24,15,2,2,2.0,2.0,,2.0,7,2,0_17,False,dependent
donor_h0004002,1,41,45,2,2,2.0,1.0,,2.0,0,1,35_64,True,generative
donor_h0004002,2,36,26,2,2,2.0,2.0,,2.0,2,2,18_34,True,generative
donor_h0004003,1,9,80,2,2,2.0,2.0,,2.0,0,2,65_plus,True,generative
donor_h0004004,1,7,79,2,2,2.0,2.0,,2.0,0,2,65_plus,True,generative
donor_h0004005,1,6,62,2,2,2.0,2.0,,2.0,0,2,35_64,True,generative
donor_h0004005,2,8,69,2,2,2.0,2.0,,2.0,1,2,65_plus,True,generative
donor_h0004006,1,7,70,2,2,2.0,2.0,2.0,2.0,0,2,65_plus,True,generative
donor_h0004006,2,7,66,2,2,2.0,2.0,,2.0,1,2,65_plus,True,generative
donor_h0004007,1,6,72,2,2,2.0,1.0,,2.0,0,1,65_plus,True,generative
donor_h0004008,1,11,42,2,2,2.0,2.0,,1.0,0,1,35_64,True,generative
donor_h0004009,1,23,62,2,2,2.0,2.0,,2.0,0,2,35_64,True,generative
donor_h0004009,2,25,54,2,2,2.0,2.0,,2.0,1,2,35_64,True,generative
donor_h0004010,1,9,46,2,2,2.0,2.0,,2.0,0,2,35_64,True,generative
donor_h0004010,2,9,47,2,2,2.0,2.0,,2.0,1,2,35_64,True,generative
donor_h0004010,3,11,23,2,2,2.0,2.0,,2.0,2,2,18_34,True,generative
donor_h0004010,4,9,11,2,2,,2.0,,2.0,2,2,0_17,False,dependent
donor_h0004010,5,8,70,2,2,2.0,2.0,,2.0,6,2,65_plus,True,generative
donor_h0004011,1,16,67,2,2,2.0,2.0,,2.0,0,2,65_plus,True,generative
donor_h0004012,1,21,33,2,2,2.0,2.0,,2.0,0,2,18_34,True,generative
donor_h0004012,2,32,14,2,2,,2.0,,2.0,10,2,0_17,False,dependent
donor_h0004012,3,24,26,2,2,2.0,2.0,,2.0,12,2,18_34,True,generative
donor_h0004012,4,18,20,2,2,2.0,2.0,,2.0,12,2,18_34,True,generative
donor_h0004013,1,14,61,2,2,2.0,2.0,,2.0,0,2,35_64,True,generative
donor_h0004013,2,14,59,2,2,2.0,2.0,,2.0,1,2,35_64,True,generative
donor_h0004014,1,8,61,2,2,2.0,2.0,,2.0,0,2,35_64,True,generative
donor_h0004015,1,14,24,2,2,2.0,2.0,2.0,2.0,0,2,18_34,True,generative
donor_h0004015,2,10,27,2,2,2.0,2.0,,2.0,1,2,18_34,True,generative
donor_h0004015,3,13,2,2,2,,,,,2,2,0_17,False,dependent
donor_h0004016,1,13,82,2,2,1.0,1.0,,2.0,0,1,65_plus,True,generative
donor_h0004017,1,8,79,1,2,2.0,2.0,,2.0,0,1,65_plus,True,generative
donor_h0004017,2,15,73,1,2,2.0,2.0,,2.0,1,1,65_plus,True,generative
donor_h0004017,3,22,40,2,2,2.0,1.0,,2.0,7,1,35_64,True,generative
donor_h0004017,4,18,40,2,2,2.0,2.0,,2.0,7,2,35_64,True,generative
donor_h0004017,5,24,17,2,2,2.0,2.0,,2.0,7,2,0_17,False,dependent
donor_h0004017,6,19,14,2,2,,2.0,,2.0,7,2,0_17,False,dependent
donor_h0004018,1,3,42,2,2,2.0,2.0,,2.0,0,2,35_64,True,generative
donor_h0004018,2,4,44,2,2,2.0,2.0,,2.0,1,2,35_64,True,generative
donor_h0004018,3,3,11,2,2,,2.0,,2.0,2,2,0_17,False,dependent
donor_h0004018,4,3,9,2,2,,2.0,,2.0,2,2,0_17,False,dependent
donor_h0004019,1,12,64,2,2,2.0,2.0,,2.0,0,2,35_64,True,generative
donor_h0004020,1,13,62,2,2,2.0,2.0,,2.0,0,2,35_64,True,generative
donor_h0004020,2,14,59,2,2,2.0,2.0,,2.0,1,2,35_64,True,generative
donor_h0004021,1,13,46,2,2,2.0,2.0,,2.0,0,2,35_64,True,generative
donor_h0004021,2,15,49,2,2,2.0,2.0,,2.0,15,2,35_64,True,generative
donor_h0004022,1,17,37,2,2,2.0,2.0,,2.0,0,2,35_64,True,generative
donor_h0004022,2,14,31,2,2,2.0,2.0,,2.0,1,2,18_34,True,generative
donor_h0004022,3,17,14,2,2,,2.0,,2.0,4,2,0_17,False,dependent
donor_h0004023,1,14,56,2,2,2.0,2.0,,2.0,0,2,35_64,True,generative
donor_h0004024,1,16,38,2,2,2.0,2.0,5.0,2.0,0,2,35_64,True,generative
donor_h0004024,2,14,42,2,2,2.0,2.0,,2.0,1,2,35_64,True,generative
donor_h0004024,3,16,16,2,2,2.0,2.0,,2.0,2,2,0_17,False,dependent
donor_h0004025,1,18,46,2,2,2.0,2.0,,2.0,0,2,35_64,True,generative
donor_h0004025,2,18,9,2,2,,2.0,,2.0,2,2,0_17,False,dependent
donor_h0004026,1,41,63,1,1,2.0,1.0,,2.0,0,1,35_64,True,generative
donor_h0004027,1,8,70,2,2,2.0,2.0,,2.0,0,2,65_plus,True,generative
donor_h0004028,1,12,62,1,2,2.0,2.0,,2.0,0,1,35_64,True,generative
donor_h0004029,1,23,32,2,2,2.0,2.0,,2.0,0,2,18_34,True,generative
donor_h0004029,2,22,32,2,2,2.0,2.0,,2.0,1,2,18_34,True,generative
donor_h0004029,3,26,12,2,2,,2.0,,2.0,2,2,0_17,False,dependent
donor_h0004029,4,26,10,2,2,,2.0,,2.0,2,2,0_17,False,dependent
donor_h0004030,1,13,41,2,2,2.0,2.0,,2.0,0,2,35_64,True,generative
donor_h0004030,2,18,16,2,2,2.0,2.0,,2.0,2,2,0_17,False,dependent
donor_h0004031,1,24,50,2,2,2.0,1.0,,2.0,0,1,35_64,True,generative
donor_h0004031,2,22,50,2,2,2.0,2.0,,2.0,1,2,35_64,True,generative
donor_h0004032,1,14,29,2,2,2.0,2.0,,2.0,0,2,18_34,True,generative
donor_h0004032,2,17,33,2,2,2.0,2.0,,2.0,5,2,18_34,True,generative
donor_h0004033,1,13,30,2,2,2.0,2.0,,2.0,0,2,18_34,True,generative
donor_h0004033,2,15,37,2,2,2.0,2.0,,2.0,13,2,35_64,True,generative
donor_h0004034,1,10,78,2,2,2.0,2.0,,2.0,0,2,65_plus,True,generative
donor_h0004034,2,11,73,2,2,2.0,2.0,,2.0,1,2,65_plus,True,generative
donor_h0004034,3,13,22,2,2,2.0,2.0,,2.0,3,2,18_34,True,generative
donor_h0004034,4,15,10,2,2,,2.0,,2.0,3,2,0_17,False,dependent
donor_h0004035,1,12,61,2,2,2.0,2.0,,2.0,0,2,35_64,True,generative
donor_h0004036,1,8,50,2,2,2.0,2.0,,2.0,0,2,35_64,True,generative
donor_h0004036,2,12,49,2,2,2.0,2.0,,2.0,1,2,35_64,True,generative
donor_h0004036,3,13,13,2,2,,2.0,,2.0,2,2,0_17,False,dependent
donor_h0004036,4,13,14,2,2,,2.0,,2.0,3,2,0_17,False,dependent
donor_h0004037,1,12,34,2,2,2.0,2.0,,1.0,0,1,18_34,True,generative
donor_h0004037,2,13,31,2,2,2.0,2.0,,2.0,1,2,18_34,True,generative
donor_h0004037,3,15,9,2,2,,2.0,,2.0,2,2,0_17,False,dependent
donor_h0004038,1,11,64,2,2,2.0,1.0,,2.0,0,1,35_64,True,generative
donor_h0004038,2,11,59,2,2,2.0,2.0,,2.0,1,2,35_64,True,generative
donor_h0004038,3,14,9,2,2,,2.0,,2.0,7,2,0_17,False,dependent
donor_h0004039,1,16,67,2,2,2.0,2.0,,2.0,0,2,65_plus,True,generative
donor_h0004039,2,15,67,2,2,2.0,2.0,,2.0,1,2,65_plus,True,generative
donor_h0004039,3,20,41,2,2,2.0,2.0,,2.0,2,2,35_64,True,generative
donor_h0004039,4,25,15,2,2,2.0,2.0,,2.0,7,2,0_17,False,dependent
donor_h0004040,1,14,94,2,2,1.0,1.0,,2.0,0,1,65_plus,True,generative
donor_h0004041,1,15,48,2,2,2.0,2.0,,2.0,0,2,35_64,True,generative
donor_h0004041,2,15,42,2,2,2.0,2.0,,2.0,13,2,35_64,True,generative
donor_h0004042,1,36,53,2,2,2.0,2.0,,2.0,0,2,35_64,True,generative
donor_h0004042,2,29,18,2,2,2.0,2.0,,2.0,2,2,18_34,True,generative
donor_h0004043,1,8,74,2,2,2.0,2.0,,2.0,0,2,65_plus,True,generative
donor_h0004043,2,7,71,1,2,2.0,2.0,,2.0,1,1,65_plus,True,generative
donor_h0004044,1,30,48,2,2,2.0,2.0,,2.0,0,2,35_64,True,generative
donor_h0004044,2,29,49,2,2,2.0,1.0,,2.0,1,1,35_64,True,generative
donor_h0004044,3,39,17,2,2,2.0,2.0,,1.0,2,1,0_17,False,dependent
donor_h0004044,4,30,13,2,2,,2.0,,2.0,2,2,0_17,False,dependent
donor_h0004045,1,2,74,1,2,2.0,1.0,2.0,2.0,0,1,65_plus,True,generative
donor_h0004045,2,2,61,2,2,2.0,2.0,,2.0,1,2,35_64,True,generative
donor_h0004046,1,5,73,1,2,2.0,2.0,,2.0,0,1,65_plus,True,generative
donor_h0004046,2,5,73,2,2,2.0,1.0,,2.0,1,1,65_plus,True,generative
donor_h0004046,3,6,17,2,2,2.0,2.0,,2.0,7,2,0_17,False,dependent
donor_h0004046,4,6,14,1,2,,2.0,,1.0,7,1,0_17,False,dependent
donor_h0004047,1,5,59,2,2,2.0,2.0,,2.0,0,2,35_64,True,generative
donor_h0004047,2,5,63,2,2,2.0,2.0,,2.0,1,2,35_64,True,generative
donor_h0004048,1,37,53,2,2,2.0,1.0,,2.0,0,1,35_64,True,generative
donor_h0004048,2,35,55,2,2,2.0,2.0,,2.0,1,2,35_64,True,generative
donor_h0004048,3,39,29,1,1,1.0,2.0,,1.0,4,1,18_34,True,generative
donor_h0004049,1,16,62,2,2,2.0,2.0,,2.0,0,2,35_64,True,generative
donor_h0004049,2,15,63,2,2,2.0,2.0,,2.0,1,2,35_64,True,generative
donor_h0004050,1,2,75,2,2,2.0,2.0,,2.0,0,2,65_plus,True,generative
donor_h0004050,2,2,76,2,2,2.0,2.0,,2.0,1,2,65_plus,True,generative
donor_h0004051,1,14,62,2,2,2.0,1.0,,2.0,0,1,35_64,True,generative
donor_h0004051,2,10,53,2,2,2.0,2.0,,2.0,1,2,35_64,True,generative
donor_h0004051,3,11,17,2,2,2.0,2.0,,2.0,2,2,0_17,False,dependent
donor_h0004052,1,13,83,1,2,2.0,2.0,,2.0,0,1,65_plus,True,generative
donor_h0004053,1,4,58,2,2,2.0,1.0,,2.0,0,1,35_64,True,generative
donor_h0004053,2,4,62,2,2,2.0,2.0,,2.0,1,2,35_64,True,generative
donor_h0004053,3,6,49,2,2,2.0,2.0,,2.0,15,2,35_64,True,generative
donor_h0004053,4,6,23,2,2,2.0,2.0,,2.0,15,2,18_34,True,generative
donor_h0004053,5,5,21,2,2,2.0,2.0,,2.0,15,2,18_34,True,generative
donor_h0004054,1,20,53,2,2,2.0,2.0,,2.0,0,2,35_64,True,generative
donor_h0004054,2,19,55,2,2,2.0,2.0,,2.0,1,2,35_64,True,generative
donor_h0004055,1,16,73,2,2,2.0,2.0,,2.0,0,2,65_plus,True,generative
donor_h0004055,2,18,53,2,2,2.0,1.0,,2.0,2,1,35_64,True,generative
donor_h0004055,3,22,48,2,2,2.0,2.0,,2.0,2,2,35_64,True,generative
donor_h0004055,4,20,48,2,2,2.0,2.0,,2.0,15,2,35_64,True,generative
donor_h0004056,1,16,77,1,2,2.0,1.0,,2.0,0,1,65_plus,True,generative
donor_h0004056,2,17,69,2,2,2.0,2.0,,2.0,1,2,65_plus,True,generative
donor_h0004057,1,16,71,2,2,2.0,2.0,,2.0,0,2,65_plus,True,generative
donor_h0004058,1,25,40,2,2,2.0,2.0,,2.0,0,2,35_64,True,generative
donor_h0004058,2,32,38,2,2,2.0,2.0,,2.0,1,2,35_64,True,generative
donor_h0004058,3,14,16,2,2,2.0,2.0,,2.0,2,2,0_17,False,dependent
donor_h0004058,4,22,7,2,2,,2.0,,2.0,2,2,0_17,False,dependent
donor_h0004058,5,23,5,2,2,,2.0,,2.0,2,2,0_17,False,dependent
donor_h0004059,1,17,83,1,2,2.0,2.0,2.0,2.0,0,1,65_plus,True,generative
donor_h0004059,2,7,81,2,2,2.0,1.0,,2.0,1,1,65_plus,True,generative
donor_h0004060,1,9,59,2,2,2.0,2.0,,2.0,0,2,35_64,True,generative
donor_h0004060,2,8,72,2,2,2.0,2.0,,2.0,1,2,65_plus,True,generative
donor_h0004061,1,11,47,2,2,2.0,2.0,,2.0,0,2,35_64,True,generative
donor_h0004061,2,11,49,2,2,2.0,2.0,,2.0,1,2,35_64,True,generative
donor_h0004061,3,11,17,2,2,2.0,2.0,,2.0,2,2,0_17,False,dependent
donor_h0004061,4,15,15,2,2,2.0,2.0,,2.0,2,2,0_17,False,dependent
donor_h0004062,1,7,59,2,2,2.0,2.0,,2.0,0,2,35_64,True,generative
donor_h0004062,2,9,34,2,2,2.0,2.0,,2.0,1,2,18_34,True,generative
donor_h0004062,3,10,6,2,2,,2.0,,2.0,2,2,0_17,False,dependent
donor_h0004062,4,10,4,2,2,,,,,2,2,0_17,False,dependent
donor_h0004063,1,12,67,2,2,2.0,2.0,,2.0,0,2,65_plus,True,generative
donor_h0004063,2,19,67,2,2,2.0,2.0,,2.0,1,2,65_plus,True,generative
donor_h0004064,1,4,33,2,2,1.0,2.0,,1.0,0,1,18_34,True,generative
donor_h0004064,2,2,65,2,2,2.0,1.0,,2.0,6,1,65_plus,True,generative
donor_h0004065,1,10,81,1,2,2.0,2.0,,2.0,0,1,65_plus,True,generative
donor_h0004066,1,7,67,2,2,2.0,2.0,,2.0,0,2,65_plus,True,generative
donor_h0004066,2,7,81,2,2,2.0,2.0,,2.0,1,2,65_plus,True,generative
donor_h0004067,1,12,67,2,2,2.0,2.0,,2.0,0,2,65_plus,True,generative
donor_h0004068,1,8,39,2,2,2.0,2.0,,2.0,0,2,35_64,True,generative
donor_h0004069,1,48,36,2,2,2.0,2.0,,2.0,0,2,35_64,True,generative
donor_h0004069,2,55,36,2,2,2.0,2.0,,2.0,1,2,35_64,True,generative
donor_h0004069,3,53,5,2,2,,2.0,,2.0,2,2,0_17,False,dependent
donor_h0004069,4,51,3,2,2,,,,,2,2,0_17,False,dependent
donor_h0004070,1,15,34,2,2,2.0,2.0,,2.0,0,2,18_34,True,generative
donor_h0004070,2,16,31,2,2,2.0,2.0,,2.0,1,2,18_34,True,generative
donor_h0004070,3,18,10,2,2,,2.0,,2.0,2,2,0_17,False,dependent
donor_h0004070,4,18,9,2,2,,2.0,,2.0,2,2,0_17,False,dependent
donor_h0004070,5,17,3,2,2,,,,,2,2,0_17,False,dependent
donor_h0004071,1,34,63,2,2,2.0,2.0,,2.0,0,2,35_64,True,generative
donor_h0004071,2,55,16,2,2,2.0,2.0,,2.0,2,2,0_17,False,dependent
donor_h0004071,3,40,42,2,2,2.0,2.0,,2.0,13,2,35_64,True,generative
donor_h0004072,1,7,64,2,2,2.0,2.0,,2.0,0,2,35_64,True,generative
donor_h0004072,2,8,61,2,2,2.0,2.0,,2.0,1,2,35_64,True,generative
donor_h0004072,3,10,10,2,2,,2.0,,2.0,10,2,0_17,False,dependent
donor_h0004073,1,7,32,2,2,2.0,2.0,,2.0,0,2,18_34,True,generative
donor_h0004073,2,8,36,2,2,2.0,2.0,,2.0,1,2,35_64,True,generative
donor_h0004073,3,9,12,2,2,,2.0,,2.0,2,2,0_17,False,dependent
donor_h0004073,4,9,15,2,2,2.0,2.0,,2.0,4,2,0_17,False,dependent
donor_h0004074,1,30,64,2,2,2.0,2.0,,2.0,0,2,35_64,True,generative
donor_h0004075,1,12,79,1,2,2.0,1.0,2.0,2.0,0,1,65_plus,True,generative
donor_h0004075,2,13,76,2,1,1.0,2.0,,2.0,1,1,65_plus,True,generative
donor_h0004076,1,12,34,2,2,2.0,2.0,,2.0,0,2,18_34,True,generative
donor_h0004076,2,13,31,2,2,2.0,2.0,,2.0,1,2,18_34,True,generative
donor_h0004076,3,16,9,2,2,,2.0,,2.0,2,2,0_17,False,dependent
donor_h0004076,4,15,7,2,2,,2.0,,2.0,2,2,0_17,False,dependent
donor_h0004076,5,15,5,2,2,,2.0,,2.0,2,2,0_17,False,dependent
donor_h0004077,1,18,94,2,2,1.0,1.0,,2.0,0,1,65_plus,True,generative
donor_h0004078,1,19,55,2,2,1.0,2.0,,1.0,0,1,35_64,True,generative
donor_h0004079,1,11,77,1,2,1.0,2.0,,1.0,0,1,65_plus,True,generative
donor_h0004079,2,13,74,2,2,2.0,2.0,,2.0,1,2,65_plus,True,generative
donor_h0004080,1,5,59,2,2,2.0,2.0,,2.0,0,2,35_64,True,generative
donor_h0004080,2,5,66,2,2,2.0,2.0,5.0,2.0,1,2,65_plus,True,generative
donor_h0004081,1,18,50,2,2,2.0,2.0,,2.0,0,2,35_64,True,generative
donor_h0004081,2,17,51,2,2,2.0,2.0,,2.0,1,2,35_64,True,generative
donor_h0004081,3,22,25,2,2,2.0,2.0,,2.0,2,2,18_34,True,generative
donor_h0004081,4,20,18,2,2,2.0,2.0,,2.0,2,2,18_34,True,generative
donor_h0004081,5,20,1,2,2,,,,,2,2,0_17,False,dependent
donor_h0004081,6,20,0,2,2,,,,,7,2,0_17,False,dependent
donor_h0004081,7,18,26,2,2,2.0,2.0,,2.0,9,2,18_34,True,generative
donor_h0004082,1,12,71,2,2,2.0,2.0,,2.0,0,2,65_plus,True,generative
donor_h0004082,2,10,76,1,2,2.0,2.0,,1.0,1,1,65_plus,True,generative
donor_h0004082,3,9,39,2,2,1.0,2.0,,1.0,2,1,35_64,True,generative
donor_h0004083,1,2,57,2,2,2.0,2.0,,2.0,0,2,35_64,True,generative
donor_h0004084,1,8,94,1,1,1.0,1.0,,2.0,0,1,65_plus,True,generative
donor_h0004085,1,8,89,2,2,2.0,2.0,,2.0,0,2,65_plus,True,generative
donor_h0004086,1,4,71,2,2,2.0,2.0,,2.0,0,2,65_plus,True,generative
donor_h0004086,2,4,61,2,2,2.0,2.0,,2.0,1,2,35_64,True,generative
donor_h0004087,1,14,69,2,2,2.0,1.0,,2.0,0,1,65_plus,True,generative
donor_h0004087,2,14,60,2,2,2.0,2.0,,2.0,1,2,35_64,True,generative
donor_h0004088,1,3,69,2,2,2.0,2.0,,2.0,0,2,65_plus,True,generative
donor_h0004089,1,12,94,1,2,2.0,2.0,,2.0,0,1,65_plus,True,generative
donor_h0004089,2,13,71,1,2,2.0,2.0,,2.0,13,1,65_plus,True,generative
donor_h0004090,1,13,62,2,2,2.0,2.0,,2.0,0,2,35_64,True,generative
donor_h0004090,2,23,64,2,2,2.0,2.0,,2.0,1,2,35_64,True,generative
donor_h0004091,1,19,64,2,2,2.0,2.0,,2.0,0,2,35_64,True,generative
donor_h0004091,2,19,72,2,2,2.0,2.0,,2.0,1,2,65_plus,True,generative
donor_h0004092,1,20,62,2,2,2.0,2.0,,2.0,0,2,35_64,True,generative
donor_h0004093,1,17,63,2,2,2.0,2.0,,2.0,0,2,35_64,True,generative
donor_h0004094,1,7,67,2,2,2.0,2.0,,2.0,0,2,65_plus,True,generative
donor_h0004095,1,5,75,2,2,2.0,2.0,,2.0,0,2,65_plus,True,generative
donor_h0004095,2,4,81,2,2,2.0,2.0,,2.0,1,2,65_plus,True,generative
donor_h0004096,1,12,77,2,2,2.0,2.0,,2.0,0,2,65_plus,True,generative
donor_h0004097,1,15,29,2,2,2.0,2.0,,2.0,0,2,18_34,True,generative
donor_h0004097,2,20,24,2,2,2.0,2.0,,2.0,1,2,18_34,True,generative
donor_h0004098,1,14,45,2,2,2.0,2.0,,2.0,0,2,35_64,True,generative
donor_h0004098,2,15,48,2,2,2.0,2.0,,2.0,1,2,35_64,True,generative
donor_h0004098,3,10,17,2,2,2.0,2.0,,2.0,2,2,0_17,False,dependent
donor_h0004099,1,11,79,2,2,2.0,2.0,,2.0,0,2,65_plus,True,generative
donor_h0004099,2,12,78,2,2,2.0,2.0,,2.0,1,2,65_plus,True,generative
donor_h0004100,1,5,73,2,2,2.0,2.0,,2.0,0,2,65_plus,True,generative
donor_h0004100,2,5,62,2,2,2.0,2.0,,2.0,1,2,35_64,True,generative
donor_h0004101,1,7,72,2,2,2.0,2.0,,2.0,0,2,65_plus,True,generative
donor_h0004101,2,7,68,2,2,2.0,2.0,,2.0,1,2,65_plus,True,generative
donor_h0004102,1,5,57,2,2,1.0,1.0,,1.0,0,1,35_64,True,generative
donor_h0004103,1,18,71,2,2,2.0,2.0,,2.0,0,2,65_plus,True,generative
donor_h0004103,2,18,74,1,2,2.0,2.0,,2.0,1,1,65_plus,True,generative
donor_h0004104,1,15,59,2,2,2.0,2.0,,2.0,0,2,35_64,True,generative
donor_h0004105,1,20,46,2,2,2.0,2.0,,2.0,0,2,35_64,True,generative
donor_h0004105,2,17,71,2,2,2.0,2.0,,2.0,1,2,65_plus,True,generative
donor_h0004105,3,23,21,2,2,2.0,2.0,,2.0,2,2,18_34,True,generative
donor_h0004105,4,23,20,2,2,2.0,2.0,,2.0,2,2,18_34,True,generative
donor_h0004106,1,12,65,1,2,2.0,2.0,,2.0,0,1,65_plus,True,generative
donor_h0004106,2,11,71,2,2,2.0,2.0,,2.0,1,2,65_plus,True,generative
donor_h0004107,1,12,84,2,2,2.0,2.0,,2.0,0,2,65_plus,True,generative
donor_h0004108,1,12,51,2,2,2.0,2.0,,2.0,0,2,35_64,True,generative
donor_h0004109,1,14,89,1,1,2.0,2.0,,2.0,0,1,65_plus,True,generative
donor_h0004109,2,16,71,2,1,2.0,1.0,,2.0,2,1,65_plus,True,generative
donor_h0004109,3,16,68,2,1,2.0,1.0,,1.0,2,1,65_plus,True,generative
donor_h0004110,1,26,45,2,2,2.0,2.0,,2.0,0,2,35_64,True,generative
donor_h0004110,2,24,24,2,2,2.0,2.0,,2.0,2,2,18_34,True,generative
donor_h0004110,3,23,21,2,1,2.0,2.0,,2.0,2,1,18_34,True,generative
donor_h0004111,1,17,77,1,2,2.0,2.0,,2.0,0,1,65_plus,True,generative
donor_h0004111,2,19,57,2,2,2.0,2.0,,2.0,1,2,35_64,True,generative
donor_h0004112,1,14,88,1,1,2.0,1.0,,2.0,0,1,65_plus,True,generative
donor_h0004113,1,15,57,2,2,2.0,2.0,,2.0,0,2,35_64,True,generative
donor_h0004113,2,13,65,2,2,2.0,2.0,,2.0,1,2,65_plus,True,generative
donor_h0004114,1,12,61,2,2,2.0,2.0,,2.0,0,2,35_64,True,generative
donor_h0004114,2,12,58,2,2,2.0,2.0,,2.0,1,2,35_64,True,generative
donor_h0004115,1,7,59,2,2,1.0,1.0,,1.0,0,1,35_64,True,generative
donor_h0004115,2,9,47,2,2,2.0,2.0,,2.0,13,2,35_64,True,generative
donor_h0004116,1,23,27,2,2,1.0,2.0,5.0,1.0,0,1,18_34,True,generative
donor_h0004116,2,27,29,2,2,2.0,2.0,,2.0,1,2,18_34,True,generative
donor_h0004116,3,31,7,2,2,,2.0,,2.0,2,2,0_17,False,dependent
donor_h0004116,4,30,5,2,2,,2.0,,2.0,2,2,0_17,False,dependent
donor_h0004116,5,29,0,2,2,,,,,2,2,0_17,False,dependent
donor_h0004117,1,13,75,1,1,1.0,1.0,,1.0,0,1,65_plus,True,generative
donor_h0004117,2,14,71,2,2,1.0,2.0,,2.0,1,1,65_plus,True,generative
donor_h0004117,3,15,55,2,2,2.0,1.0,,2.0,2,1,35_64,True,generative
donor_h0004118,1,18,57,2,2,2.0,2.0,,2.0,0,2,35_64,True,generative
donor_h0004118,2,20,66,2,2,2.0,2.0,,2.0,13,2,65_plus,True,generative
donor_h0004119,1,24,47,2,2,2.0,2.0,,2.0,0,2,35_64,True,generative
donor_h0004119,2,15,52,2,2,2.0,2.0,,2.0,1,2,35_64,True,generative
donor_h0004119,3,23,21,2,2,2.0,2.0,,2.0,2,2,18_34,True,generative
donor_h0004119,4,15,17,2,2,2.0,2.0,,2.0,2,2,0_17,False,dependent
donor_h0004120,1,11,61,2,2,2.0,2.0,,2.0,0,2,35_64,True,generative
donor_h0004121,1,4,65,2,2,2.0,2.0,,2.0,0,2,65_plus,True,generative
donor_h0004122,1,9,76,2,2,2.0,2.0,,2.0,0,2,65_plus,True,generative
donor_h0004123,1,10,76,2,2,2.0,2.0,,2.0,0,2,65_plus,True,generative
donor_h0004124,1,5,59,2,2,2.0,2.0,,2.0,0,2,35_64,True,generative
donor_h0004124,2,5,51,2,2,2.0,2.0,,2.0,1,2,35_64,True,generative
donor_h0004125,1,14,68,1,2,2.0,2.0,,2.0,0,1,65_plus,True,generative
donor_h0004125,2,14,68,1,2,2.0,2.0,,2.0,1,1,65_plus,True,generative
donor_h0004125,3,20,35,2,2,2.0,2.0,,2.0,2,2,35_64,True,generative
donor_h0004126,1,16,65,1,1,2.0,1.0,,2.0,0,1,65_plus,True,generative
donor_h0004127,1,14,94,1,2,1.0,1.0,,2.0,0,1,65_plus,True,generative
donor_h0004128,1,34,27,2,2,2.0,2.0,,2.0,0,2,18_34,True,generative
donor_h0004128,2,18,27,2,2,2.0,2.0,,2.0,13,2,18_34,True,generative
donor_h0004129,1,18,77,1,2,1.0,2.0,,1.0,0,1,65_plus,True,generative
donor_h0004129,2,21,53,1,2,1.0,2.0,,1.0,15,1,35_64,True,generative
donor_h0004130,1,17,70,1,2,2.0,2.0,,2.0,0,1,65_plus,True,generative
donor_h0004130,2,16,70,2,2,2.0,1.0,,2.0,1,1,65_plus,True,generative
donor_h0004131,1,9,49,2,2,2.0,2.0,,2.0,0,2,35_64,True,generative
donor_h0004132,1,81,44,2,2,2.0,2.0,,2.0,0,2,35_64,True,generative
donor_h0004132,2,70,44,2,2,2.0,2.0,,2.0,1,2,35_64,True,generative
donor_h0004133,1,16,40,2,2,2.0,2.0,,2.0,0,2,35_64,True,generative
donor_h0004133,2,18,18,2,2,2.0,2.0,,2.0,2,2,18_34,True,generative
donor_h0004133,3,11,13,2,2,,2.0,,2.0,2,2,0_17,False,dependent
donor_h0004133,4,16,46,2,2,2.0,2.0,,2.0,13,2,35_64,True,generative
donor_h0004134,1,3,56,2,2,2.0,2.0,,2.0,0,2,35_64,True,generative
donor_h0004134,2,4,57,2,2,2.0,2.0,,2.0,1,2,35_64,True,generative
donor_h0004135,1,18,43,2,2,2.0,2.0,,1.0,0,1,35_64,True,generative
donor_h0004136,1,17,48,2,2,2.0,2.0,,2.0,0,2,35_64,True,generative
donor_h0004136,2,13,60,2,2,2.0,2.0,,2.0,1,2,35_64,True,generative
donor_h0004136,3,16,0,2,2,,,,,7,2,0_17,False,dependent
donor_h0004137,1,5,67,2,2,2.0,2.0,,2.0,0,2,65_plus,True,generative
donor_h0004137,2,5,64,2,2,2.0,2.0,,2.0,1,2,35_64,True,generative
donor_h0004137,3,7,36,2,2,2.0,1.0,4.0,2.0,2,1,35_64,True,generative
donor_h0004137,4,6,31,2,2,2.0,2.0,,2.0,2,2,18_34,True,generative
donor_h0004138,1,14,47,2,2,2.0,2.0,,2.0,0,2,35_64,True,generative
donor_h0004138,2,14,49,2,2,2.0,2.0,,2.0,1,2,35_64,True,generative
donor_h0004139,1,8,56,2,2,2.0,2.0,,2.0,0,2,35_64,True,generative
donor_h0004139,2,10,31,2,2,2.0,2.0,,2.0,2,2,18_34,True,generative
donor_h0004139,3,10,7,2,2,,2.0,,2.0,7,2,0_17,False,dependent
donor_h0004139,4,10,5,2,2,,2.0,,2.0,7,2,0_17,False,dependent
donor_h0004140,1,25,66,2,2,2.0,2.0,,2.0,0,2,65_plus,True,generative
donor_h0004140,2,23,57,2,2,2.0,2.0,,2.0,1,2,35_64,True,generative
donor_h0004140,3,31,27,2,2,2.0,2.0,,2.0,4,2,18_34,True,generative
donor_h0004141,1,3,54,2,2,2.0,2.0,,2.0,0,2,35_64,True,generative
donor_h0004141,2,4,44,2,2,2.0,2.0,,2.0,1,2,35_64,True,generative
donor_h0004141,3,4,16,2,2,2.0,2.0,,2.0,2,2,0_17,False,dependent
donor_h0004141,4,4,13,2,2,,2.0,,2.0,2,2,0_17,False,dependent
donor_h0004142,1,15,31,2,2,2.0,2.0,,2.0,0,2,18_34,True,generative
donor_h0004142,2,14,60,1,2,1.0,1.0,,2.0,6,1,35_64,True,generative
donor_h0004143,1,18,59,2,2,2.0,2.0,,2.0,0,2,35_64,True,generative
donor_h0004143,2,18,59,2,2,2.0,2.0,,2.0,1,2,35_64,True,generative
donor_h0004144,1,18,74,2,2,2.0,2.0,,2.0,0,2,65_plus,True,generative
donor_h0004145,1,41,28,2,1,2.0,2.0,,2.0,0,1,18_34,True,generative
donor_h0004145,2,45,5,2,2,,2.0,,2.0,2,2,0_17,False,dependent
donor_h0004145,3,43,2,2,2,,,,,2,2,0_17,False,dependent
donor_h0004145,4,35,26,2,2,2.0,2.0,,2.0,13,2,18_34,True,generative
donor_h0004146,1,11,72,2,2,2.0,2.0,,2.0,0,2,65_plus,True,generative
donor_h0004147,1,11,88,2,2,2.0,2.0,,2.0,0,2,65_plus,True,generative
donor_h0004147,2,12,86,2,2,2.0,2.0,,2.0,1,2,65_plus,True,generative
donor_h0004148,1,15,71,2,2,2.0,2.0,,2.0,0,2,65_plus,True,generative
donor_h0004148,2,20,41,2,2,2.0,2.0,,2.0,2,2,35_64,True,generative
donor_h0004148,3,18,42,2,2,2.0,2.0,,2.0,9,2,35_64,True,generative
donor_h0004149,1,12,59,2,2,1.0,1.0,,1.0,0,1,35_64,True,generative
donor_h0004150,1,20,77,2,2,2.0,2.0,,2.0,0,2,65_plus,True,generative
donor_h0004150,2,18,83,1,2,2.0,2.0,,1.0,1,1,65_plus,True,generative
donor_h0004150,3,23,66,2,2,2.0,2.0,,2.0,5,2,65_plus,True,generative
donor_h0004151,1,19,65,2,2,2.0,2.0,,2.0,0,2,65_plus,True,generative
donor_h0004152,1,14,31,2,2,2.0,2.0,,2.0,0,2,18_34,True,generative
donor_h0004152,2,16,31,2,2,2.0,2.0,,2.0,1,2,18_34,True,generative
donor_h0004152,3,18,33,2,2,2.0,2.0,,2.0,12,2,18_34,True,generative
donor_h0004152,4,16,30,2,2,2.0,2.0,,2.0,12,2,18_34,True,generative
donor_h0004152,5,16,28,2,2,2.0,2.0,,2.0,12,2,18_34,True,generative
donor_h0004152,6,18,26,2,2,2.0,2.0,,2.0,12,2,18_34,True,generative
donor_h0004153,1,19,67,2,1,1.0,1.0,,2.0,0,1,65_plus,True,generative
donor_h0004153,2,21,60,2,2,2.0,2.0,,2.0,15,2,35_64,True,generative
donor_h0004154,1,15,56,2,2,2.0,2.0,,2.0,0,2,35_64,True,generative
donor_h0004154,2,10,21,2,2,2.0,2.0,,2.0,2,2,18_34,True,generative
donor_h0004155,1,50,51,2,2,2.0,2.0,,2.0,0,2,35_64,True,generative
donor_h0004155,2,36,22,2,2,2.0,2.0,,2.0,2,2,18_34,True,generative
donor_h0004155,3,98,13,2,2,,2.0,,2.0,2,2,0_17,False,dependent
donor_h0004156,1,59,85,1,2,1.0,2.0,,2.0,0,1,65_plus,True,generative
donor_h0004157,1,27,40,2,2,2.0,2.0,,2.0,0,2,35_64,True,generative
donor_h0004157,2,24,38,2,2,2.0,2.0,,2.0,1,2,35_64,True,generative
donor_h0004157,3,26,12,2,2,,2.0,,2.0,2,2,0_17,False,dependent
donor_h0004157,4,26,7,2,2,,2.0,,2.0,2,2,0_17,False,dependent
donor_h0004158,1,14,33,2,2,1.0,2.0,,1.0,0,1,18_34,True,generative
donor_h0004158,2,12,62,2,2,1.0,1.0,,2.0,6,1,35_64,True,generative
donor_h0004159,1,6,61,2,2,2.0,1.0,,2.0,0,1,35_64,True,generative
donor_h0004159,2,6,59,2,2,2.0,2.0,,2.0,1,2,35_64,True,generative
donor_h0004160,1,11,61,2,2,2.0,2.0,,2.0,0,2,35_64,True,generative
donor_h0004161,1,23,50,2,2,2.0,2.0,,2.0,0,2,35_64,True,generative
donor_h0004161,2,21,56,2,2,2.0,2.0,,2.0,1,2,35_64,True,generative
donor_h0004161,3,25,22,2,2,2.0,2.0,,2.0,2,2,18_34,True,generative
donor_h0004162,1,11,60,2,2,2.0,2.0,,2.0,0,2,35_64,True,generative
donor_h0004162,2,12,66,2,2,2.0,2.0,,2.0,1,2,65_plus,True,generative
donor_h0004163,1,23,46,2,2,2.0,2.0,,2.0,0,2,35_64,True,generative
donor_h0004163,2,14,51,2,2,2.0,2.0,,2.0,1,2,35_64,True,generative
donor_h0004163,3,27,24,2,2,2.0,2.0,,1.0,2,1,18_34,True,generative
donor_h0004163,4,17,19,2,2,2.0,2.0,,2.0,2,2,18_34,True,generative
donor_h0004164,1,21,62,2,2,2.0,2.0,,2.0,0,2,35_64,True,generative
donor_h0004164,2,34,15,2,2,2.0,2.0,,2.0,3,2,0_17,False,dependent
donor_h0004164,3,21,55,1,2,2.0,2.0,,2.0,13,1,35_64,True,generative
donor_h0004165,1,9,55,2,2,2.0,2.0,,2.0,0,2,35_64,True,generative
donor_h0004165,2,18,48,2,2,2.0,2.0,,2.0,1,2,35_64,True,generative
donor_h0004166,1,73,22,2,2,2.0,2.0,,2.0,0,2,18_34,True,generative
donor_h0004167,1,64,56,2,2,2.0,2.0,,2.0,0,2,35_64,True,generative
donor_h0004167,2,66,53,2,2,2.0,2.0,,2.0,1,2,35_64,True,generative
donor_h0004168,1,12,59,2,2,2.0,2.0,,2.0,0,2,35_64,True,generative
donor_h0004169,1,8,67,2,2,1.0,1.0,,1.0,0,1,65_plus,True,generative
donor_h0004169,2,7,76,2,2,2.0,2.0,,2.0,1,2,65_plus,True,generative
donor_h0004169,3,5,44,2,2,2.0,2.0,,2.0,2,2,35_64,True,generative
donor_h0004169,4,5,11,2,2,,2.0,,2.0,7,2,0_17,False,dependent
donor_h0004169,5,40,47,2,2,2.0,2.0,,2.0,15,2,35_64,True,generative
donor_h0004170,1,14,40,2,2,2.0,2.0,,2.0,0,2,35_64,True,generative
donor_h0004170,2,14,72,2,2,2.0,1.0,,2.0,12,1,65_plus,True,generative
donor_h0004171,1,71,27,2,2,1.0,2.0,,1.0,0,1,18_34,True,generative
donor_h0004172,1,6,59,1,2,2.0,1.0,,2.0,0,1,35_64,True,generative
donor_h0004172,2,8,58,2,1,1.0,1.0,,2.0,1,1,35_64,True,generative
donor_h0004173,1,15,30,2,2,2.0,2.0,,2.0,0,2,18_34,True,generative
donor_h0004173,2,16,27,2,2,2.0,2.0,,2.0,12,2,18_34,True,generative
donor_h0004173,3,16,25,2,2,1.0,2.0,,1.0,12,1,18_34,True,generative
donor_h0004173,4,21,24,2,2,2.0,2.0,,2.0,12,2,18_34,True,generative
donor_h0004173,5,15,30,2,2,2.0,1.0,,2.0,13,1,18_34,True,generative
donor_h0004174,1,7,58,2,2,2.0,2.0,,2.0,0,2,35_64,True,generative
donor_h0004174,2,7,66,1,2,2.0,2.0,,2.0,1,1,65_plus,True,generative
donor_h0004174,3,9,29,2,2,2.0,2.0,,2.0,2,2,18_34,True,generative
donor_h0004174,4,8,27,2,2,2.0,2.0,,2.0,4,2,18_34,True,generative
donor_h0004175,1,35,33,2,2,2.0,2.0,,2.0,0,2,18_34,True,generative
donor_h0004176,1,13,30,2,2,2.0,2.0,,2.0,0,2,18_34,True,generative
donor_h0004176,2,12,32,2,2,2.0,2.0,,2.0,1,2,18_34,True,generative
donor_h0004176,3,15,6,2,2,,2.0,,2.0,2,2,0_17,False,dependent
donor_h0004176,4,14,4,2,2,,,,,2,2,0_17,False,dependent
donor_h0004177,1,34,56,2,2,2.0,2.0,,2.0,0,2,35_64,True,generative
donor_h0004177,2,21,56,2,2,2.0,2.0,,2.0,1,2,35_64,True,generative
donor_h0004177,3,39,79,2,2,2.0,1.0,,2.0,6,1,65_plus,True,generative
donor_h0004178,1,12,60,2,2,2.0,2.0,,2.0,0,2,35_64,True,generative
donor_h0004178,2,12,58,2,2,2.0,2.0,,2.0,1,2,35_64,True,generative
donor_h0004178,3,13,30,2,2,2.0,2.0,,2.0,2,2,18_34,True,generative
donor_h0004178,4,15,30,2,2,2.0,2.0,,2.0,4,2,18_34,True,generative
donor_h0004178,5,14,0,2,2,,,,,7,2,0_17,False,dependent
donor_h0004179,1,4,82,2,2,2.0,2.0,,2.0,0,2,65_plus,True,generative
donor_h0004180,1,23,63,2,2,2.0,2.0,,2.0,0,2,35_64,True,generative
donor_h0004180,2,14,64,2,2,2.0,2.0,,2.0,1,2,35_64,True,generative
donor_h0004181,1,20,72,2,2,2.0,2.0,,2.0,0,2,65_plus,True,generative
donor_h0004182,1,9,69,1,2,2.0,2.0,2.0,2.0,0,1,65_plus,True,generative
donor_h0004182,2,7,71,1,2,1.0,1.0,,1.0,1,1,65_plus,True,generative
donor_h0004183,1,14,50,2,2,2.0,2.0,,2.0,0,2,35_64,True,generative
donor_h0004183,2,15,54,2,2,2.0,2.0,,2.0,1,2,35_64,True,generative
donor_h0004184,1,17,40,2,2,2.0,2.0,,2.0,0,2,35_64,True,generative
donor_h0004184,2,11,16,2,2,2.0,2.0,,2.0,2,2,0_17,False,dependent
donor_h0004185,1,14,71,2,2,2.0,2.0,,2.0,0,2,65_plus,True,generative
donor_h0004185,2,14,72,2,2,1.0,1.0,,1.0,1,1,65_plus,True,generative
donor_h0004185,3,17,18,2,2,1.0,2.0,,1.0,7,1,18_34,True,generative
donor_h0004186,1,34,54,2,2,2.0,2.0,,2.0,0,2,35_64,True,generative
donor_h0004186,2,32,81,2,2,2.0,2.0,,2.0,6,2,65_plus,True,generative
donor_h0004187,1,5,62,2,2,2.0,1.0,,1.0,0,1,35_64,True,generative
donor_h0004188,1,6,27,2,2,2.0,2.0,,2.0,0,2,18_34,True,generative
donor_h0004189,1,38,50,2,2,2.0,2.0,,2.0,0,2,35_64,True,generative
donor_h0004189,2,41,43,2,2,2.0,2.0,,2.0,1,2,35_64,True,generative
donor_h0004189,3,53,20,2,2,2.0,2.0,,2.0,2,2,18_34,True,generative
donor_h0004190,1,2,84,1,2,2.0,2.0,,2.0,0,1,65_plus,True,generative
donor_h0004191,1,8,63,2,2,2.0,1.0,,2.0,0,1,35_64,True,generative
donor_h0004191,2,7,68,2,2,2.0,2.0,,2.0,1,2,65_plus,True,generative
donor_h0004192,1,24,36,2,2,2.0,2.0,,2.0,0,2,35_64,True,generative
donor_h0004192,2,26,7,2,2,,2.0,,1.0,2,1,0_17,False,dependent
donor_h0004192,3,24,3,2,2,,,,,2,2,0_17,False,dependent
donor_h0004193,1,4,30,2,2,2.0,2.0,,2.0,0,2,18_34,True,generative
donor_h0004193,2,4,30,2,2,2.0,2.0,,2.0,1,2,18_34,True,generative
donor_h0004193,3,4,9,2,2,,2.0,,2.0,2,2,0_17,False,dependent
donor_h0004193,4,5,7,2,2,,2.0,,2.0,2,2,0_17,False,dependent
donor_h0004194,1,20,21,2,2,2.0,2.0,,2.0,0,2,18_34,True,generative
donor_h0004194,2,19,27,2,2,2.0,2.0,,2.0,12,2,18_34,True,generative
donor_h0004194,3,18,19,2,2,2.0,2.0,,2.0,12,2,18_34,True,generative
donor_h0004194,4,18,18,2,2,2.0,2.0,,2.0,12,2,18_34,True,generative
donor_h0004195,1,76,28,2,2,2.0,2.0,,2.0,0,2,18_34,True,generative
donor_h0004195,2,31,50,2,2,2.0,2.0,,2.0,6,2,35_64,True,generative
donor_h0004196,1,26,33,2,2,2.0,2.0,,2.0,0,2,18_34,True,generative
donor_h0004196,2,28,34,2,2,2.0,2.0,,2.0,1,2,18_34,True,generative
donor_h0004196,3,31,7,2,2,,2.0,,2.0,2,2,0_17,False,dependent
donor_h0004196,4,31,4,2,2,,,,,2,2,0_17,False,dependent
donor_h0004197,1,9,56,2,2,2.0,1.0,,1.0,0,1,35_64,True,generative
donor_h0004197,2,20,48,2,2,2.0,2.0,5.0,2.0,12,2,35_64,True,generative
donor_h0004197,3,6,54,1,2,2.0,2.0,,2.0,15,1,35_64,True,generative
donor_h0004198,1,45,41,2,2,2.0,2.0,,2.0,0,2,35_64,True,generative
donor_h0004198,2,62,15,2,2,2.0,2.0,,2.0,2,2,0_17,False,dependent
donor_h0004199,1,17,38,2,2,2.0,2.0,,2.0,0,2,35_64,True,generative
donor_h0004199,2,20,20,2,2,2.0,2.0,,2.0,2,2,18_34,True,generative
donor_h0004199,3,23,17,2,2,2.0,2.0,,2.0,2,2,0_17,False,dependent
donor_h0004199,4,18,14,2,2,,2.0,,2.0,2,2,0_17,False,dependent
donor_h0004200,1,16,35,2,2,2.0,2.0,,2.0,0,2,35_64,True,generative
donor_h0004201,1,19,57,2,2,2.0,2.0,,2.0,0,2,35_64,True,generative
donor_h0004202,1,7,56,2,2,2.0,2.0,,2.0,0,2,35_64,True,generative
donor_h0004203,1,13,51,2,2,2.0,2.0,,2.0,0,2,35_64,True,generative
donor_h0004203,2,13,56,2,2,2.0,2.0,,2.0,1,2,35_64,True,generative
donor_h0004203,3,17,31,2,2,2.0,2.0,,2.0,2,2,18_34,True,generative
donor_h0004203,4,17,8,2,2,,2.0,,2.0,7,2,0_17,False,dependent
donor_h0004204,1,17,40,2,2,2.0,2.0,,2.0,0,2,35_64,True,generative
donor_h0004204,2,15,38,2,2,2.0,2.0,,2.0,1,2,35_64,True,generative
donor_h0004204,3,17,10,2,2,,2.0,,2.0,2,2,0_17,False,dependent
donor_h0004204,4,17,8,2,2,,2.0,,2.0,2,2,0_17,False,dependent
donor_h0004204,5,17,5,2,2,,2.0,,2.0,2,2,0_17,False,dependent
donor_h0004205,1,5,42,2,2,2.0,2.0,,2.0,0,2,35_64,True,generative
donor_h0004205,2,6,41,2,2,2.0,2.0,,2.0,1,2,35_64,True,generative
donor_h0004205,3,6,13,2,2,,2.0,,2.0,2,2,0_17,False,dependent
donor_h0004205,4,6,9,2,2,,2.0,,2.0,2,2,0_17,False,dependent
donor_h0004206,1,8,79,1,2,2.0,2.0,,2.0,0,1,65_plus,True,generative
donor_h0004206,2,7,79,2,2,2.0,2.0,,2.0,1,2,65_plus,True,generative
donor_h0004207,1,7,25,2,1,2.0,2.0,,2.0,0,1,18_34,True,generative
donor_h0004207,2,10,31,2,2,2.0,2.0,,2.0,12,2,18_34,True,generative
donor_h0004207,3,8,31,2,1,2.0,2.0,,2.0,13,1,18_34,True,generative
donor_h0004208,1,11,64,2,2,2.0,2.0,,2.0,0,2,35_64,True,generative
donor_h0004209,1,14,64,2,2,2.0,2.0,,2.0,0,2,35_64,True,generative
donor_h0004210,1,10,75,2,2,2.0,2.0,,2.0,0,2,65_plus,True,generative
donor_h0004210,2,11,74,2,2,2.0,2.0,,2.0,1,2,65_plus,True,generative
donor_h0004211,1,5,60,2,2,2.0,2.0,,2.0,0,2,35_64,True,generative
donor_h0004211,2,24,24,2,2,2.0,2.0,,2.0,2,2,18_34,True,generative
donor_h0004212,1,13,71,2,2,2.0,2.0,,2.0,0,2,65_plus,True,generative
donor_h0004212,2,12,69,2,2,2.0,2.0,,2.0,1,2,65_plus,True,generative
donor_h0004213,1,8,65,2,2,2.0,2.0,,2.0,0,2,65_plus,True,generative
donor_h0004214,1,12,18,2,2,2.0,2.0,,2.0,0,2,18_34,True,generative
donor_h0004214,2,11,19,2,2,2.0,2.0,,2.0,13,2,18_34,True,generative
donor_h0004215,1,17,86,2,1,1.0,1.0,,2.0,0,1,65_plus,True,generative
donor_h0004216,1,12,47,2,2,2.0,2.0,,2.0,0,2,35_64,True,generative
donor_h0004216,2,10,42,2,2,2.0,2.0,,2.0,1,2,35_64,True,generative
donor_h0004216,3,13,11,2,2,,2.0,,2.0,2,2,0_17,False,dependent
donor_h0004216,4,12,9,2,2,,2.0,,2.0,2,2,0_17,False,dependent
donor_h0004216,5,12,7,2,2,,2.0,,2.0,2,2,0_17,False,dependent
donor_h0004217,1,43,70,2,2,2.0,2.0,,2.0,0,2,65_plus,True,generative
donor_h0004217,2,41,71,2,2,2.0,2.0,,2.0,1,2,65_plus,True,generative
donor_h0004217,3,57,45,2,1,2.0,2.0,,2.0,2,1,35_64,True,generative
donor_h0004218,1,5,44,2,2,2.0,2.0,,2.0,0,2,35_64,True,generative
donor_h0004218,2,5,44,2,2,2.0,2.0,,2.0,1,2,35_64,True,generative
donor_h0004218,3,5,22,2,2,2.0,2.0,,2.0,2,2,18_34,True,generative
donor_h0004218,4,3,15,2,2,2.0,2.0,,2.0,2,2,0_17,False,dependent
donor_h0004219,1,9,71,2,2,2.0,2.0,,2.0,0,2,65_plus,True,generative
donor_h0004219,2,9,69,2,2,2.0,2.0,,1.0,1,1,65_plus,True,generative
donor_h0004220,1,15,36,2,2,2.0,2.0,,2.0,0,2,35_64,True,generative
donor_h0004220,2,18,36,2,2,2.0,2.0,,2.0,15,2,35_64,True,generative
donor_h0004220,3,10,36,2,2,2.0,2.0,,2.0,15,2,35_64,True,generative
donor_h0004221,1,27,80,2,2,1.0,1.0,,2.0,0,1,65_plus,True,generative
donor_h0004221,2,24,77,1,2,2.0,2.0,,2.0,1,1,65_plus,True,generative
donor_h0004221,3,8,52,2,2,2.0,2.0,,2.0,2,2,35_64,True,generative
donor_h0004221,4,17,13,2,2,,2.0,,2.0,7,2,0_17,False,dependent
donor_h0004221,5,16,9,2,2,,2.0,,2.0,7,2,0_17,False,dependent
donor_h0004221,6,16,7,2,2,,2.0,,2.0,7,2,0_17,False,dependent
donor_h0004221,7,23,39,2,2,2.0,2.0,,2.0,9,2,35_64,True,generative
donor_h0004222,1,11,65,2,2,2.0,2.0,,2.0,0,2,65_plus,True,generative
donor_h0004223,1,5,60,2,2,2.0,2.0,,2.0,0,2,35_64,True,generative
donor_h0004223,2,4,67,2,2,2.0,2.0,,2.0,1,2,65_plus,True,generative
donor_h0004224,1,9,60,2,2,2.0,2.0,,2.0,0,2,35_64,True,generative
donor_h0004224,2,16,31,2,2,2.0,2.0,,2.0,2,2,18_34,True,generative
donor_h0004224,3,27,27,2,2,2.0,2.0,,2.0,2,2,18_34,True,generative
donor_h0004225,1,11,68,2,2,2.0,2.0,,2.0,0,2,65_plus,True,generative
donor_h0004225,2,11,70,2,2,2.0,2.0,,2.0,1,2,65_plus,True,generative
donor_h0004226,1,10,57,2,2,2.0,2.0,,2.0,0,2,35_64,True,generative
donor_h0004226,2,15,35,2,2,2.0,2.0,,2.0,2,2,35_64,True,generative
donor_h0004227,1,18,41,2,2,2.0,2.0,5.0,2.0,0,2,35_64,True,generative
donor_h0004227,2,20,13,2,2,,2.0,,2.0,2,2,0_17,False,dependent
donor_h0004227,3,30,50,2,2,2.0,2.0,,2.0,13,2,35_64,True,generative
donor_h0004228,1,12,61,2,2,2.0,2.0,,2.0,0,2,35_64,True,generative
donor_h0004228,2,12,90,2,2,1.0,1.0,,2.0,10,1,65_plus,True,generative
donor_h0004229,1,16,55,2,2,2.0,1.0,,2.0,0,1,35_64,True,generative
donor_h0004229,2,16,57,2,2,1.0,2.0,,1.0,1,1,35_64,True,generative
donor_h0004230,1,13,26,2,2,2.0,2.0,,2.0,0,2,18_34,True,generative
donor_h0004230,2,17,6,2,2,,2.0,,2.0,4,2,0_17,False,dependent
donor_h0004230,3,15,27,2,2,2.0,2.0,,2.0,13,2,18_34,True,generative
donor_h0004231,1,8,56,2,2,2.0,2.0,,2.0,0,2,35_64,True,generative
donor_h0004231,2,7,55,2,2,2.0,2.0,,2.0,1,2,35_64,True,generative
donor_h0004231,3,9,19,2,2,2.0,2.0,,2.0,2,2,18_34,True,generative
donor_h0004232,1,13,64,2,2,2.0,2.0,,2.0,0,2,35_64,True,generative
donor_h0004232,2,8,63,2,2,2.0,2.0,,2.0,1,2,35_64,True,generative
donor_h0004233,1,37,43,2,2,2.0,2.0,,2.0,0,2,35_64,True,generative
donor_h0004233,2,40,9,2,2,,2.0,,2.0,2,2,0_17,False,dependent
donor_h0004233,3,40,9,2,2,,2.0,,2.0,2,2,0_17,False,dependent
donor_h0004234,1,56,83,2,2,1.0,1.0,,2.0,0,1,65_plus,True,generative
donor_h0004235,1,12,58,2,2,2.0,2.0,,2.0,0,2,35_64,True,generative
donor_h0004235,2,11,59,2,2,2.0,2.0,,2.0,1,2,35_64,True,generative
donor_h0004236,1,16,70,2,2,2.0,1.0,,2.0,0,1,65_plus,True,generative
donor_h0004237,1,4,75,2,2,2.0,2.0,,2.0,0,2,65_plus,True,generative
donor_h0004238,1,13,26,2,2,2.0,2.0,,2.0,0,2,18_34,True,generative
donor_h0004238,2,14,6,2,2,,2.0,,1.0,2,1,0_17,False,dependent
donor_h0004238,3,11,26,2,2,2.0,2.0,,2.0,13,2,18_34,True,generative
donor_h0004239,1,19,58,2,2,2.0,2.0,,2.0,0,2,35_64,True,generative
donor_h0004239,2,18,55,2,2,2.0,2.0,,2.0,1,2,35_64,True,generative
donor_h0004240,1,7,79,2,2,2.0,1.0,,2.0,0,1,65_plus,True,generative
donor_h0004240,2,8,4,2,2,,,,,7,2,0_17,False,dependent
donor_h0004240,3,10,47,2,2,2.0,2.0,,2.0,15,2,35_64,True,generative
donor_h0004241,1,12,23,2,2,2.0,2.0,,2.0,0,2,18_34,True,generative
donor_h0004241,2,12,27,2,2,2.0,2.0,,2.0,1,2,18_34,True,generative
donor_h0004242,1,23,40,2,2,2.0,2.0,,2.0,0,2,35_64,True,generative
donor_h0004243,1,12,57,2,2,2.0,2.0,,2.0,0,2,35_64,True,generative
donor_h0004243,2,12,57,2,2,2.0,2.0,,2.0,1,2,35_64,True,generative
donor_h0004244,1,9,33,2,2,2.0,2.0,,2.0,0,2,18_34,True,generative
donor_h0004244,2,7,34,2,2,2.0,2.0,,2.0,1,2,18_34,True,generative
donor_h0004244,3,8,1,2,2,,,,,2,2,0_17,False,dependent
donor_h0004245,1,5,75,1,2,2.0,2.0,,2.0,0,1,65_plus,True,generative
donor_h0004245,2,3,70,2,2,2.0,2.0,,2.0,1,2,65_plus,True,generative
donor_h0004246,1,4,61,2,2,2.0,2.0,,2.0,0,2,35_64,True,generative
donor_h0004247,1,11,36,2,2,2.0,2.0,,2.0,0,2,35_64,True,generative
donor_h0004247,2,12,36,2,2,2.0,2.0,,2.0,1,2,35_64,True,generative
donor_h0004247,3,12,9,2,2,,2.0,,2.0,2,2,0_17,False,dependent
donor_h0004247,4,12,7,2,2,,2.0,,2.0,2,2,0_17,False,dependent
donor_h0004247,5,12,4,2,2,,,,,2,2,0_17,False,dependent
donor_h0004248,1,22,35,2,2,2.0,2.0,,2.0,0,2,35_64,True,generative
donor_h0004248,2,19,37,2,2,2.0,2.0,,2.0,1,2,35_64,True,generative
donor_h0004248,3,20,0,2,2,,,,,2,2,0_17,False,dependent
donor_h0004249,1,4,78,2,2,2.0,1.0,,2.0,0,1,65_plus,True,generative
donor_h0004250,1,15,61,2,2,2.0,2.0,,2.0,0,2,35_64,True,generative
donor_h0004250,2,14,60,2,2,2.0,2.0,,2.0,1,2,35_64,True,generative
donor_h0004251,1,11,81,2,2,2.0,2.0,,2.0,0,2,65_plus,True,generative
donor_h0004252,1,5,54,2,2,2.0,2.0,,2.0,0,2,35_64,True,generative
donor_h0004252,2,6,49,2,2,2.0,2.0,,2.0,1,2,35_64,True,generative
donor_h0004252,3,6,19,2,2,2.0,2.0,,2.0,2,2,18_34,True,generative
donor_h0004252,4,5,18,2,2,2.0,2.0,,2.0,2,2,18_34,True,generative
donor_h0004252,5,6,15,2,2,2.0,2.0,,2.0,2,2,0_17,False,dependent
donor_h0004253,1,23,22,2,2,2.0,2.0,,2.0,0,2,18_34,True,generative
donor_h0004253,2,17,21,2,2,2.0,2.0,,2.0,1,2,18_34,True,generative
donor_h0004254,1,13,58,2,2,2.0,2.0,,2.0,0,2,35_64,True,generative
donor_h0004255,1,8,66,2,2,2.0,2.0,,2.0,0,2,65_plus,True,generative
donor_h0004255,2,6,74,2,2,2.0,2.0,,2.0,1,2,65_plus,True,generative
donor_h0004256,1,15,58,1,2,2.0,2.0,2.0,2.0,0,1,35_64,True,generative
donor_h0004256,2,15,52,2,2,2.0,2.0,,2.0,1,2,35_64,True,generative
donor_h0004257,1,14,51,2,2,2.0,2.0,1.0,2.0,0,2,35_64,True,generative
donor_h0004257,2,13,39,2,2,2.0,2.0,,2.0,1,2,35_64,True,generative
donor_h0004257,3,16,14,2,2,,2.0,,2.0,2,2,0_17,False,dependent
donor_h0004257,4,16,12,2,2,,2.0,,2.0,2,2,0_17,False,dependent
donor_h0004258,1,25,82,2,2,2.0,2.0,,2.0,0,2,65_plus,True,generative
donor_h0004258,2,27,81,2,2,2.0,2.0,,2.0,1,2,65_plus,True,generative
donor_h0004259,1,11,80,2,2,2.0,2.0,,2.0,0,2,65_plus,True,generative
donor_h0004260,1,13,86,2,2,1.0,1.0,,2.0,0,1,65_plus,True,generative
donor_h0004260,2,11,84,1,2,1.0,2.0,,1.0,13,1,65_plus,True,generative
donor_h0004261,1,8,55,2,2,2.0,2.0,,2.0,0,2,35_64,True,generative
donor_h0004261,2,9,63,2,2,2.0,2.0,,2.0,12,2,35_64,True,generative
donor_h0004262,1,27,61,2,2,2.0,2.0,,2.0,0,2,35_64,True,generative
donor_h0004263,1,7,61,2,2,2.0,2.0,,2.0,0,2,35_64,True,generative
donor_h0004263,2,10,41,2,2,1.0,1.0,,2.0,2,1,35_64,True,generative
donor_h0004263,3,8,56,2,1,1.0,1.0,,2.0,13,1,35_64,True,generative
donor_h0004264,1,7,53,2,2,2.0,2.0,,2.0,0,2,35_64,True,generative
donor_h0004264,2,7,56,2,2,2.0,2.0,,2.0,1,2,35_64,True,generative
donor_h0004264,3,10,29,2,2,2.0,2.0,,2.0,2,2,18_34,True,generative
donor_h0004265,1,19,37,2,2,2.0,2.0,,2.0,0,2,35_64,True,generative
donor_h0004265,2,24,37,2,2,2.0,2.0,,2.0,1,2,35_64,True,generative
donor_h0004265,3,44,19,2,2,1.0,2.0,,1.0,2,1,18_34,True,generative
donor_h0004265,4,17,10,2,2,,2.0,,2.0,2,2,0_17,False,dependent
donor_h0004266,1,22,44,2,2,2.0,2.0,,2.0,0,2,35_64,True,generative
donor_h0004266,2,23,6,2,2,,2.0,,2.0,2,2,0_17,False,dependent
donor_h0004266,3,23,3,2,2,,,,,2,2,0_17,False,dependent
donor_h0004267,1,5,63,2,2,2.0,1.0,,2.0,0,1,35_64,True,generative
donor_h0004268,1,7,60,2,2,2.0,2.0,,2.0,0,2,35_64,True,generative
donor_h0004268,2,7,58,2,2,2.0,2.0,,2.0,1,2,35_64,True,generative
donor_h0004269,1,12,32,2,2,2.0,2.0,,2.0,0,2,18_34,True,generative
donor_h0004269,2,11,32,2,2,2.0,2.0,,2.0,1,2,18_34,True,generative
donor_h0004270,1,13,56,2,2,2.0,2.0,,2.0,0,2,35_64,True,generative
donor_h0004270,2,9,57,2,2,2.0,2.0,,2.0,1,2,35_64,True,generative
donor_h0004270,3,33,32,2,2,2.0,2.0,,2.0,4,2,18_34,True,generative
donor_h0004271,1,11,57,2,2,2.0,2.0,,2.0,0,2,35_64,True,generative
donor_h0004272,1,12,52,2,2,2.0,2.0,,2.0,0,2,35_64,True,generative
donor_h0004272,2,7,17,2,2,2.0,2.0,,2.0,2,2,0_17,False,dependent
donor_h0004272,3,7,17,2,2,2.0,2.0,,2.0,2,2,0_17,False,dependent
donor_h0004273,1,10,76,2,2,2.0,2.0,,2.0,0,2,65_plus,True,generative
donor_h0004273,2,12,70,2,2,2.0,2.0,,2.0,5,2,65_plus,True,generative
donor_h0004274,1,5,37,2,2,2.0,2.0,,2.0,0,2,35_64,True,generative
donor_h0004274,2,5,36,2,2,2.0,2.0,,2.0,1,2,35_64,True,generative
donor_h0004274,3,4,8,2,2,,2.0,,2.0,2,2,0_17,False,dependent
donor_h0004274,4,5,6,2,2,,2.0,,2.0,2,2,0_17,False,dependent
donor_h0004274,5,5,4,2,2,,,,,2,2,0_17,False,dependent
donor_h0004274,6,5,2,2,2,,,,,2,2,0_17,False,dependent
donor_h0004275,1,20,72,2,2,2.0,2.0,,2.0,0,2,65_plus,True,generative
donor_h0004275,2,19,65,2,2,1.0,2.0,,2.0,1,1,65_plus,True,generative
donor_h0004276,1,19,70,2,2,2.0,2.0,,2.0,0,2,65_plus,True,generative
donor_h0004277,1,16,38,2,2,2.0,2.0,,2.0,0,2,35_64,True,generative
donor_h0004277,2,14,37,2,2,2.0,2.0,,2.0,1,2,35_64,True,generative
donor_h0004277,3,16,8,2,2,,2.0,,2.0,2,2,0_17,False,dependent
donor_h0004277,4,15,4,2,2,,,,,2,2,0_17,False,dependent
donor_h0004278,1,20,59,2,2,2.0,2.0,,2.0,0,2,35_64,True,generative
donor_h0004278,2,20,57,2,2,2.0,2.0,,2.0,1,2,35_64,True,generative
donor_h0004279,1,20,70,1,2,2.0,2.0,,2.0,0,1,65_plus,True,generative
donor_h0004279,2,19,70,2,2,2.0,2.0,,2.0,13,2,65_plus,True,generative
donor_h0004280,1,16,38,2,2,2.0,2.0,,2.0,0,2,35_64,True,generative
donor_h0004280,2,17,43,2,2,2.0,2.0,,2.0,1,2,35_64,True,generative
donor_h0004280,3,17,12,2,2,,2.0,,2.0,2,2,0_17,False,dependent
donor_h0004280,4,17,10,2,2,,2.0,,2.0,2,2,0_17,False,dependent
donor_h0004281,1,11,80,2,2,2.0,2.0,,2.0,0,2,65_plus,True,generative
donor_h0004282,1,12,55,2,2,2.0,2.0,,2.0,0,2,35_64,True,generative
donor_h0004282,2,15,19,2,2,2.0,2.0,,2.0,2,2,18_34,True,generative
donor_h0004283,1,19,25,2,2,2.0,2.0,,2.0,0,2,18_34,True,generative
donor_h0004283,2,22,25,2,2,2.0,2.0,,2.0,1,2,18_34,True,generative
donor_h0004284,1,18,54,2,2,2.0,2.0,,2.0,0,2,35_64,True,generative
donor_h0004284,2,18,56,2,2,1.0,1.0,,1.0,1,1,35_64,True,generative
donor_h0004285,1,14,29,2,2,2.0,2.0,,2.0,0,2,18_34,True,generative
donor_h0004285,2,11,31,2,2,2.0,2.0,,2.0,1,2,18_34,True,generative
donor_h0004285,3,14,4,2,2,,,,,2,2,0_17,False,dependent
donor_h0004286,1,22,66,2,2,2.0,2.0,,2.0,0,2,65_plus,True,generative
donor_h0004286,2,14,63,2,2,2.0,2.0,,2.0,1,2,35_64,True,generative
donor_h0004287,1,58,30,2,2,2.0,2.0,,2.0,0,2,18_34,True,generative
donor_h0004287,2,63,28,2,2,2.0,2.0,,2.0,1,2,18_34,True,generative
donor_h0004287,3,67,3,2,2,,,,,2,2,0_17,False,dependent
donor_h0004287,4,67,1,2,2,,,,,2,2,0_17,False,dependent
donor_h0004287,5,67,7,2,2,,2.0,,2.0,4,2,0_17,False,dependent
donor_h0004288,1,13,65,2,2,2.0,2.0,,2.0,0,2,65_plus,True,generative
donor_h0004288,2,12,65,2,2,2.0,2.0,,2.0,1,2,65_plus,True,generative
donor_h0004289,1,8,43,1,2,1.0,2.0,,1.0,0,1,35_64,True,generative
donor_h0004289,2,17,37,2,2,2.0,2.0,,2.0,15,2,35_64,True,generative
donor_h0004290,1,30,49,2,2,2.0,2.0,,2.0,0,2,35_64,True,generative
donor_h0004290,2,21,36,2,2,2.0,2.0,,2.0,1,2,35_64,True,generative
donor_h0004290,3,18,12,2,2,,2.0,,2.0,2,2,0_17,False,dependent
donor_h0004290,4,17,9,2,2,,2.0,,2.0,2,2,0_17,False,dependent
donor_h0004290,5,17,9,2,2,,2.0,,2.0,2,2,0_17,False,dependent
donor_h0004290,6,26,63,2,2,2.0,2.0,,2.0,8,2,35_64,True,generative
donor_h0004290,7,29,62,2,2,2.0,2.0,,2.0,8,2,35_64,True,generative
donor_h0004291,1,20,56,2,2,2.0,2.0,,2.0,0,2,35_64,True,generative
donor_h0004291,2,20,51,1,2,2.0,2.0,,2.0,1,1,35_64,True,generative
donor_h0004291,3,25,33,2,2,2.0,2.0,,2.0,2,2,18_34,True,generative
donor_h0004291,4,23,23,2,2,2.0,2.0,,2.0,2,2,18_34,True,generative
donor_h0004291,5,31,3,2,2,,,,,7,2,0_17,False,dependent
donor_h0004292,1,18,45,2,2,2.0,2.0,,2.0,0,2,35_64,True,generative
donor_h0004292,2,13,44,2,2,2.0,2.0,,2.0,1,2,35_64,True,generative
donor_h0004292,3,8,15,2,2,2.0,2.0,,2.0,2,2,0_17,False,dependent
donor_h0004292,4,17,10,2,2,,2.0,,2.0,2,2,0_17,False,dependent
donor_h0004293,1,14,25,2,2,2.0,2.0,,2.0,0,2,18_34,True,generative
donor_h0004293,2,11,27,2,2,1.0,2.0,,1.0,1,1,18_34,True,generative
donor_h0004293,3,15,7,2,2,,2.0,,2.0,2,2,0_17,False,dependent
donor_h0004293,4,14,3,2,2,,,,,2,2,0_17,False,dependent
donor_h0004294,1,16,86,2,2,2.0,2.0,,2.0,0,2,65_plus,True,generative
donor_h0004295,1,15,29,2,2,2.0,2.0,,2.0,0,2,18_34,True,generative
donor_h0004295,2,15,30,2,2,2.0,2.0,,2.0,1,2,18_34,True,generative
donor_h0004295,3,19,9,2,2,,2.0,,2.0,2,2,0_17,False,dependent
donor_h0004295,4,17,7,2,2,,2.0,,2.0,2,2,0_17,False,dependent
donor_h0004295,5,17,5,2,2,,2.0,,2.0,2,2,0_17,False,dependent
donor_h0004296,1,11,54,2,2,2.0,2.0,2.0,2.0,0,2,35_64,True,generative
donor_h0004297,1,29,69,2,2,1.0,1.0,,2.0,0,1,65_plus,True,generative
donor_h0004297,2,24,45,2,2,2.0,2.0,,2.0,2,2,35_64,True,generative
donor_h0004298,1,13,62,2,2,2.0,2.0,,2.0,0,2,35_64,True,generative
donor_h0004298,2,13,62,2,2,2.0,2.0,,2.0,1,2,35_64,True,generative
donor_h0004299,1,1,69,2,2,2.0,2.0,,2.0,0,2,65_plus,True,generative
donor_h0004299,2,3,72,1,2,2.0,2.0,,2.0,1,1,65_plus,True,generative
donor_h0004300,1,32,30,2,2,2.0,2.0,,2.0,0,2,18_34,True,generative
donor_h0004300,2,21,1,2,2,,,,,2,2,0_17,False,dependent
donor_h0004300,3,10,66,2,2,2.0,2.0,,2.0,6,2,65_plus,True,generative
donor_h0004301,1,3,25,2,2,2.0,2.0,,2.0,0,2,18_34,True,generative
donor_h0004301,2,2,25,2,2,2.0,2.0,,2.0,1,2,18_34,True,generative
donor_h0004301,3,3,5,2,2,,2.0,,2.0,2,2,0_17,False,dependent
donor_h0004301,4,3,4,2,2,,,,,2,2,0_17,False,dependent
donor_h0004301,5,4,0,2,2,,,,,2,2,0_17,False,dependent
donor_h0004302,1,53,48,2,2,2.0,2.0,,2.0,0,2,35_64,True,generative
donor_h0004302,2,15,50,2,2,2.0,2.0,,2.0,1,2,35_64,True,generative
donor_h0004302,3,30,16,2,2,2.0,2.0,,2.0,2,2,0_17,False,dependent
donor_h0004303,1,9,65,2,2,2.0,1.0,,2.0,0,1,65_plus,True,generative
donor_h0004303,2,9,30,2,2,2.0,2.0,,2.0,2,2,18_34,True,generative
donor_h0004303,3,9,65,2,2,2.0,1.0,,2.0,15,1,65_plus,True,generative
donor_h0004304,1,8,71,2,2,2.0,1.0,,2.0,0,1,65_plus,True,generative
donor_h0004305,1,12,62,2,2,2.0,2.0,5.0,2.0,0,2,35_64,True,generative
donor_h0004305,2,13,44,2,2,2.0,2.0,,2.0,1,2,35_64,True,generative
donor_h0004305,3,10,17,2,2,2.0,2.0,,2.0,2,2,0_17,False,dependent
donor_h0004305,4,7,15,2,2,2.0,2.0,,2.0,2,2,0_17,False,dependent
donor_h0004305,5,7,15,2,2,2.0,2.0,,2.0,2,2,0_17,False,dependent
donor_h0004306,1,14,28,2,2,2.0,2.0,,2.0,0,2,18_34,True,generative
donor_h0004306,2,12,28,2,2,2.0,2.0,,2.0,1,2,18_34,True,generative
donor_h0004307,1,13,56,2,2,2.0,2.0,,2.0,0,2,35_64,True,generative
donor_h0004308,1,61,21,2,2,2.0,2.0,,2.0,0,2,18_34,True,generative
donor_h0004308,2,51,22,2,2,2.0,2.0,,2.0,12,2,18_34,True,generative
donor_h0004308,3,62,21,2,2,2.0,2.0,,2.0,12,2,18_34,True,generative
donor_h0004308,4,46,20,2,2,2.0,2.0,,2.0,12,2,18_34,True,generative
donor_h0004309,1,12,73,2,2,2.0,2.0,,2.0,0,2,65_plus,True,generative
donor_h0004310,1,11,63,2,2,2.0,2.0,,2.0,0,2,35_64,True,generative
donor_h0004310,2,10,63,2,2,2.0,2.0,,2.0,1,2,35_64,True,generative
donor_h0004311,1,13,81,1,1,2.0,1.0,,2.0,0,1,65_plus,True,generative
donor_h0004312,1,17,36,2,2,2.0,2.0,,2.0,0,2,35_64,True,generative
donor_h0004312,2,19,10,2,2,,2.0,,2.0,2,2,0_17,False,dependent
donor_h0004312,3,20,37,2,2,2.0,2.0,,2.0,13,2,35_64,True,generative
donor_h0004313,1,18,72,2,2,2.0,2.0,,2.0,0,2,65_plus,True,generative
donor_h0004313,2,25,38,2,2,2.0,2.0,,2.0,12,2,35_64,True,generative
donor_h0004314,1,27,41,2,2,2.0,2.0,2.0,2.0,0,2,35_64,True,generative
donor_h0004314,2,24,2,2,2,,,,,2,2,0_17,False,dependent
donor_h0004314,3,25,1,2,2,,,,,2,2,0_17,False,dependent
donor_h0004314,4,23,30,2,2,2.0,2.0,,2.0,13,2,18_34,True,generative
donor_h0004315,1,11,40,2,2,2.0,2.0,,2.0,0,2,35_64,True,generative
donor_h0004316,1,15,56,2,2,2.0,2.0,,2.0,0,2,35_64,True,generative
donor_h0004316,2,15,55,2,2,2.0,2.0,,2.0,1,2,35_64,True,generative
donor_h0004316,3,41,24,2,2,2.0,2.0,,2.0,2,2,18_34,True,generative
donor_h0004316,4,27,21,2,2,2.0,2.0,,2.0,2,2,18_34,True,generative
donor_h0004317,1,14,35,2,2,2.0,2.0,,2.0,0,2,35_64,True,generative
donor_h0004317,2,32,41,2,2,2.0,2.0,,2.0,15,2,35_64,True,generative
