donor_id,PUMA,WGTP,NP,TYPE,VEH,HHT,HINCP,household_income,vehicle_count,household_structure,household_older_adult_presence,weight,household_size
donor_h0000001,08900,24,2,1,1.0,2.0,38600.0,35000_39999,1,other_male_householder,has_65_plus,24.0,2
donor_h0000002,08900,20,4,1,1.0,1.0,79000.0,75000_99999,1,married_couple,no_65_plus,20.0,4
donor_h0000003,08900,19,3,1,2.0,1.0,64000.0,60000_74999,2,married_couple,no_65_plus,19.0,3
donor_h0000004,08900,47,3,1,2.0,1.0,32000.0,30000_34999,2,married_couple,no_65_plus,47.0,3
donor_h0000005,08900,57,4,1,2.0,1.0,85000.0,75000_99999,2,married_couple,no_65_plus,57.0,4
donor_h0000006,08900,77,2,1,2.0,1.0,68000.0,60000_74999,2,married_couple,has_65_plus,77.0,2
donor_h0000007,08900,16,2,1,1.0,1.0,105300.0,100000_124999,1,married_couple,has_65_plus,16.0,2
donor_h0000008,08900,13,2,1,5.0,1.0,70800.0,60000_74999,4_plus,married_couple,has_65_plus,13.0,2
donor_h0000009,08900,8,1,1,2.0,6.0,12000.0,10000_14999,2,nonfamily_not_living_alone,has_65_plus,8.0,1
donor_h0000010,08900,3,2,1,2.0,1.0,88900.0,75000_99999,2,married_couple,has_65_plus,3.0,2
donor_h0000011,08900,34,4,1,1.0,3.0,25200.0,25000_29999,1,other_female_householder,no_65_plus,34.0,4
donor_h0000012,08900,31,3,1,2.0,1.0,65000.0,60000_74999,2,married_couple,no_65_plus,31.0,3
donor_h0000013,08900,13,2,1,1.0,3.0,12000.0,10000_14999,1,other_female_householder,no_65_plus,13.0,2
donor_h0000014,08900,6,4,1,2.0,1.0,72540.0,60000_74999,2,married_couple,no_65_plus,6.0,4
donor_h0000015,08900,14,5,1,3.0,1.0,32400.0,30000_34999,3,married_couple,has_65_plus,14.0,5
donor_h0000016,08900,20,3,1,3.0,1.0,189200.0,150000_199999,3,married_couple,no_65_plus,20.0,3
donor_h0000017,08900,13,2,1,1.0,2.0,56000.0,50000_59999,1,other_male_householder,no_65_plus,13.0,2
donor_h0000018,08900,13,2,1,3.0,1.0,61270.0,60000_74999,3,married_couple,has_65_plus,13.0,2
donor_h0000019,08900,25,3,1,1.0,3.0,50000.0,50000_59999,1,other_female_householder,no_65_plus,25.0,3
donor_h0000020,08900,11,3,1,3.0,3.0,34500.0,30000_34999,3,other_female_householder,no_65_plus,11.0,3
donor_h0000021,08900,12,1,1,1.0,4.0,30.0,lt_10000,1,nonfamily_living_alone,no_65_plus,12.0,1
donor_h0000022,08900,7,1,1,1.0,6.0,19300.0,15000_19999,1,nonfamily_not_living_alone,has_65_plus,7.0,1
donor_h0000023,08900,22,1,1,1.0,6.0,1304.0,lt_10000,1,nonfamily_not_living_alone,has_65_plus,22.0,1
donor_h0000024,08900,14,2,1,3.0,1.0,99000.0,75000_99999,3,married_couple,no_65_plus,14.0,2
donor_h0000025,08900,6,2,1,3.0,1.0,28200.0,25000_29999,3,married_couple,has_65_plus,6.0,2
donor_h0000026,08900,20,2,1,2.0,1.0,126200.0,125000_149999,2,married_couple,has_65_plus,20.0,2
donor_h0000027,08900,14,1,1,1.0,4.0,18000.0,15000_19999,1,nonfamily_living_alone,no_65_plus,14.0,1
donor_h0000028,08900,33,2,1,2.0,1.0,43600.0,40000_44999,2,married_couple,has_65_plus,33.0,2
donor_h0000029,08900,19,1,1,1.0,4.0,20000.0,20000_24999,1,nonfamily_living_alone,no_65_plus,19.0,1
donor_h0000030,08900,13,2,1,2.0,1.0,67080.0,60000_74999,2,married_couple,has_65_plus,13.0,2
donor_h0000031,08900,3,2,1,1.0,1.0,17600.0,15000_19999,1,married_couple,no_65_plus,3.0,2
donor_h0000032,08900,18,2,1,2.0,5.0,134700.0,125000_149999,2,nonfamily_living_alone,no_65_plus,18.0,2
donor_h0000033,08900,13,1,1,0.0,4.0,465500.0,200000_plus,0,nonfamily_living_alone,no_65_plus,13.0,1
donor_h0000034,08900,7,2,1,2.0,1.0,67300.0,60000_74999,2,married_couple,has_65_plus,7.0,2
donor_h0000035,08900,9,1,1,1.0,6.0,79600.0,75000_99999,1,nonfamily_not_living_alone,has_65_plus,9.0,1
donor_h0000036,08900,14,1,1,2.0,6.0,33700.0,30000_34999,2,nonfamily_not_living_alone,has_65_plus,14.0,1
donor_h0000037,08900,12,2,1,4.0,5.0,9008.0,lt_10000,4_plus,nonfamily_living_alone,no_65_plus,12.0,2
donor_h0000038,08900,16,3,1,2.0,3.0,71600.0,60000_74999,2,other_female_householder,no_65_plus,16.0,3
donor_h0000039,08900,20,3,1,1.0,1.0,12400.0,10000_14999,1,married_couple,no_65_plus,20.0,3
donor_h0000040,08900,52,1,1,2.0,4.0,46000.0,45000_49999,2,nonfamily_living_alone,has_65_plus,52.0,1
donor_h0000041,08900,7,2,1,1.0,1.0,67000.0,60000_74999,1,married_couple,no_65_plus,7.0,2
donor_h0000042,08900,57,2,1,0.0,2.0,20000.0,20000_24999,0,other_male_householder,no_65_plus,57.0,2
donor_h0000043,08900,14,4,1,3.0,1.0,150000.0,150000_199999,3,married_couple,no_65_plus,14.0,4
donor_h0000044,08900,38,3,1,1.0,3.0,69900.0,60000_74999,1,other_female_householder,has_65_plus,38.0,3
donor_h0000045,08900,54,4,1,1.0,1.0,70000.0,60000_74999,1,married_couple,no_65_plus,54.0,4
donor_h0000046,08900,60,2,1,4.0,1.0,60600.0,60000_74999,4_plus,married_couple,no_65_plus,60.0,2
donor_h0000047,08900,11,1,1,1.0,6.0,3000.0,lt_10000,1,nonfamily_not_living_alone,no_65_plus,11.0,1
donor_h0000048,08900,14,4,1,4.0,1.0,75000.0,75000_99999,4_plus,married_couple,no_65_plus,14.0,4
donor_h0000049,08900,18,2,1,4.0,1.0,79800.0,75000_99999,4_plus,married_couple,has_65_plus,18.0,2
donor_h0000050,08900,48,3,1,2.0,3.0,30000.0,30000_34999,2,other_female_householder,no_65_plus,48.0,3
donor_h0000051,08900,21,1,1,1.0,6.0,77000.0,75000_99999,1,nonfamily_not_living_alone,has_65_plus,21.0,1
donor_h0000052,08900,13,2,1,2.0,1.0,88800.0,75000_99999,2,married_couple,has_65_plus,13.0,2
donor_h0000053,08900,13,2,1,3.0,1.0,126200.0,125000_149999,3,married_couple,has_65_plus,13.0,2
donor_h0000054,08900,12,1,1,1.0,6.0,15500.0,15000_19999,1,nonfamily_not_living_alone,has_65_plus,12.0,1
donor_h0000055,08900,6,2,1,3.0,2.0,2500.0,lt_10000,3,other_male_householder,has_65_plus,6.0,2
donor_h0000056,08900,28,2,1,1.0,3.0,810.0,lt_10000,1,other_female_householder,no_65_plus,28.0,2
donor_h0000057,08900,7,2,1,2.0,1.0,164200.0,150000_199999,2,married_couple,has_65_plus,7.0,2
donor_h0000058,08900,7,1,1,1.0,6.0,14800.0,10000_14999,1,nonfamily_not_living_alone,has_65_plus,7.0,1
donor_h0000059,08900,13,2,1,1.0,2.0,455000.0,200000_plus,1,other_male_householder,no_65_plus,13.0,2
donor_h0000060,08900,7,2,1,2.0,1.0,40010.0,40000_44999,2,married_couple,has_65_plus,7.0,2
donor_h0000061,08900,12,2,1,2.0,1.0,148400.0,125000_149999,2,married_couple,has_65_plus,12.0,2
donor_h0000062,08900,6,2,1,2.0,1.0,89000.0,75000_99999,2,married_couple,has_65_plus,6.0,2
donor_h0000063,08900,17,2,1,1.0,1.0,74450.0,60000_74999,1,married_couple,no_65_plus,17.0,2
donor_h0000064,08900,27,1,1,1.0,6.0,47000.0,45000_49999,1,nonfamily_not_living_alone,no_65_plus,27.0,1
donor_h0000065,08900,22,2,1,2.0,3.0,43600.0,40000_44999,2,other_female_householder,no_65_plus,22.0,2
donor_h0000066,08900,11,2,1,4.0,1.0,65200.0,60000_74999,4_plus,married_couple,no_65_plus,11.0,2
donor_h0000067,08900,16,1,1,1.0,6.0,90000.0,75000_99999,1,nonfamily_not_living_alone,no_65_plus,16.0,1
donor_h0000068,08900,6,1,1,3.0,4.0,28500.0,25000_29999,3,nonfamily_living_alone,has_65_plus,6.0,1
donor_h0000069,08900,11,2,1,1.0,3.0,15000.0,15000_19999,1,other_female_householder,no_65_plus,11.0,2
donor_h0000070,08900,3,1,1,2.0,6.0,0.0,lt_10000,2,nonfamily_not_living_alone,no_65_plus,3.0,1
donor_h0000071,08900,19,5,1,3.0,1.0,152000.0,150000_199999,3,married_couple,has_65_plus,19.0,5
donor_h0000072,08900,7,3,1,5.0,1.0,246800.0,200000_plus,4_plus,married_couple,has_65_plus,7.0,3
donor_h0000073,08900,7,2,1,2.0,1.0,42400.0,40000_44999,2,married_couple,has_65_plus,7.0,2
donor_h0000074,08900,36,1,1,1.0,4.0,20000.0,20000_24999,1,nonfamily_living_alone,no_65_plus,36.0,1
donor_h0000075,08900,2,1,1,2.0,4.0,50000.0,50000_59999,2,nonfamily_living_alone,has_65_plus,2.0,1
donor_h0000076,08900,4,2,1,3.0,5.0,33000.0,30000_34999,3,nonfamily_living_alone,no_65_plus,4.0,2
donor_h0000077,08900,12,2,1,5.0,2.0,105000.0,100000_124999,4_plus,other_male_householder,no_65_plus,12.0,2
donor_h0000078,08900,11,2,1,1.0,1.0,58000.0,50000_59999,1,married_couple,has_65_plus,11.0,2
donor_h0000079,08900,10,2,1,2.0,5.0,23000.0,20000_24999,2,nonfamily_living_alone,no_65_plus,10.0,2
donor_h0000080,08900,15,4,1,4.0,1.0,280200.0,200000_plus,4_plus,married_couple,no_65_plus,15.0,4
donor_h0000081,08900,59,2,1,2.0,1.0,42000.0,40000_44999,2,married_couple,no_65_plus,59.0,2
donor_h0000082,08900,62,3,1,1.0,3.0,36000.0,35000_39999,1,other_female_householder,no_65_plus,62.0,3
donor_h0000083,08900,9,2,1,2.0,1.0,44000.0,40000_44999,2,married_couple,has_65_plus,9.0,2
donor_h0000084,08900,25,2,1,2.0,1.0,254000.0,200000_plus,2,married_couple,no_65_plus,25.0,2
donor_h0000085,08900,21,3,1,3.0,1.0,174880.0,150000_199999,3,married_couple,no_65_plus,21.0,3
donor_h0000086,08900,17,3,1,2.0,1.0,152000.0,150000_199999,2,married_couple,no_65_plus,17.0,3
donor_h0000087,08900,12,2,1,2.0,1.0,72450.0,60000_74999,2,married_couple,has_65_plus,12.0,2
donor_h0000088,08900,56,1,1,1.0,6.0,51000.0,50000_59999,1,nonfamily_not_living_alone,no_65_plus,56.0,1
donor_h0000089,08900,3,2,1,2.0,1.0,118000.0,100000_124999,2,married_couple,has_65_plus,3.0,2
donor_h0000090,08900,3,1,1,2.0,4.0,60000.0,60000_74999,2,nonfamily_living_alone,no_65_plus,3.0,1
donor_h0000091,08900,13,1,1,1.0,4.0,33400.0,30000_34999,1,nonfamily_living_alone,has_65_plus,13.0,1
donor_h0000092,08900,12,1,1,1.0,4.0,8900.0,lt_10000,1,nonfamily_living_alone,no_65_plus,12.0,1
donor_h0000093,08900,15,1,1,1.0,4.0,32700.0,30000_34999,1,nonfamily_living_alone,has_65_plus,15.0,1
donor_h0000094,08900,5,2,1,3.0,1.0,74960.0,60000_74999,3,married_couple,has_65_plus,5.0,2
donor_h0000095,08900,36,1,1,1.0,4.0,24000.0,20000_24999,1,nonfamily_living_alone,no_65_plus,36.0,1
donor_h0000096,08900,16,6,1,5.0,1.0,74200.0,60000_74999,4_plus,married_couple,has_65_plus,16.0,6
donor_h0000097,08900,46,2,1,3.0,1.0,109000.0,100000_124999,3,married_couple,has_65_plus,46.0,2
donor_h0000098,08900,4,4,1,4.0,1.0,86000.0,75000_99999,4_plus,married_couple,no_65_plus,4.0,4
donor_h0000099,08900,24,4,1,4.0,1.0,62600.0,60000_74999,4_plus,married_couple,no_65_plus,24.0,4
donor_h0000100,08900,8,1,1,1.0,6.0,130000.0,125000_149999,1,nonfamily_not_living_alone,no_65_plus,8.0,1
donor_h0000101,08900,8,1,1,1.0,4.0,30050.0,30000_34999,1,nonfamily_living_alone,has_65_plus,8.0,1
donor_h0000102,08900,13,2,1,3.0,1.0,117700.0,100000_124999,3,married_couple,has_65_plus,13.0,2
donor_h0000103,08900,19,3,1,2.0,1.0,20200.0,20000_24999,2,married_couple,no_65_plus,19.0,3
donor_h0000104,08900,6,2,1,1.0,1.0,5000.0,lt_10000,1,married_couple,no_65_plus,6.0,2
donor_h0000105,08900,9,1,1,1.0,6.0,37100.0,35000_39999,1,nonfamily_not_living_alone,has_65_plus,9.0,1
donor_h0000106,08900,13,6,1,3.0,1.0,334000.0,200000_plus,3,married_couple,no_65_plus,13.0,6
donor_h0000107,08900,10,2,1,3.0,1.0,72000.0,60000_74999,3,married_couple,no_65_plus,10.0,2
donor_h0000108,08900,13,2,1,2.0,1.0,41400.0,40000_44999,2,married_couple,has_65_plus,13.0,2
donor_h0000109,08900,11,2,1,2.0,1.0,50000.0,50000_59999,2,married_couple,no_65_plus,11.0,2
donor_h0000110,08900,7,1,1,2.0,4.0,25900.0,25000_29999,2,nonfamily_living_alone,has_65_plus,7.0,1
donor_h0000111,08900,12,1,1,1.0,6.0,113000.0,100000_124999,1,nonfamily_not_living_alone,has_65_plus,12.0,1
donor_h0000112,08900,13,3,1,2.0,7.0,59000.0,50000_59999,2,nonfamily_not_living_alone,no_65_plus,13.0,3
donor_h0000113,08900,11,2,1,3.0,3.0,59000.0,50000_59999,3,other_female_householder,has_65_plus,11.0,2
donor_h0000114,08900,6,2,1,1.0,1.0,38400.0,35000_39999,1,married_couple,has_65_plus,6.0,2
donor_h0000115,08900,14,1,1,1.0,6.0,7900.0,lt_10000,1,nonfamily_not_living_alone,has_65_plus,14.0,1
donor_h0000116,08900,10,4,1,2.0,1.0,80000.0,75000_99999,2,married_couple,no_65_plus,10.0,4
donor_h0000117,08900,13,4,1,0.0,1.0,7530.0,lt_10000,0,married_couple,no_65_plus,13.0,4
donor_h0000118,08900,12,3,1,2.0,1.0,298000.0,200000_plus,2,married_couple,no_65_plus,12.0,3
donor_h0000119,08900,9,3,1,3.0,1.0,91000.0,75000_99999,3,married_couple,no_65_plus,9.0,3
donor_h0000120,08900,6,3,1,2.0,1.0,55000.0,50000_59999,2,married_couple,no_65_plus,6.0,3
donor_h0000121,08900,12,2,1,4.0,1.0,5300.0,lt_10000,4_plus,married_couple,no_65_plus,12.0,2
donor_h0000122,08900,13,4,1,2.0,1.0,89800.0,75000_99999,2,married_couple,no_65_plus,13.0,4
donor_h0000123,08900,8,1,1,1.0,6.0,0.0,lt_10000,1,nonfamily_not_living_alone,has_65_plus,8.0,1
donor_h0000124,08900,2,1,1,1.0,4.0,40300.0,40000_44999,1,nonfamily_living_alone,no_65_plus,2.0,1
donor_h0000125,08900,23,2,1,1.0,7.0,44000.0,40000_44999,1,nonfamily_not_living_alone,no_65_plus,23.0,2
donor_h0000126,08900,12,2,1,2.0,1.0,36000.0,35000_39999,2,married_couple,has_65_plus,12.0,2
donor_h0000127,08900,8,4,1,2.0,1.0,160000.0,150000_199999,2,married_couple,no_65_plus,8.0,4
donor_h0000128,08900,13,1,1,2.0,4.0,26400.0,25000_29999,2,nonfamily_living_alone,has_65_plus,13.0,1
donor_h0000129,08900,7,6,1,4.0,1.0,488000.0,200000_plus,4_plus,married_couple,no_65_plus,7.0,6
donor_h0000130,08900,12,1,1,1.0,6.0,1500.0,lt_10000,1,nonfamily_not_living_alone,has_65_plus,12.0,1
donor_h0000131,08900,7,1,1,2.0,4.0,45000.0,45000_49999,2,nonfamily_living_alone,no_65_plus,7.0,1
donor_h0000132,08900,12,3,1,3.0,1.0,34000.0,30000_34999,3,married_couple,no_65_plus,12.0,3
donor_h0000133,08900,13,1,1,1.0,4.0,41400.0,40000_44999,1,nonfamily_living_alone,no_65_plus,13.0,1
donor_h0000134,08900,4,2,1,2.0,1.0,56700.0,50000_59999,2,married_couple,has_65_plus,4.0,2
donor_h0000135,08900,11,2,1,2.0,1.0,78200.0,75000_99999,2,married_couple,no_65_plus,11.0,2
donor_h0000136,08900,14,2,1,1.0,5.0,60000.0,60000_74999,1,nonfamily_living_alone,no_65_plus,14.0,2
donor_h0000137,08900,12,2,1,3.0,1.0,57700.0,50000_59999,3,married_couple,has_65_plus,12.0,2
donor_h0000138,08900,22,2,1,0.0,7.0,15000.0,15000_19999,0,nonfamily_not_living_alone,no_65_plus,22.0,2
donor_h0000139,08900,14,2,1,2.0,1.0,32500.0,30000_34999,2,married_couple,has_65_plus,14.0,2
donor_h0000140,08900,7,2,1,2.0,1.0,47210.0,45000_49999,2,married_couple,no_65_plus,7.0,2
donor_h0000141,08900,14,1,1,2.0,4.0,15900.0,15000_19999,2,nonfamily_living_alone,no_65_plus,14.0,1
donor_h0000142,08900,33,2,1,2.0,1.0,110000.0,100000_124999,2,married_couple,no_65_plus,33.0,2
donor_h0000143,08900,15,4,1,4.0,1.0,25000.0,25000_29999,4_plus,married_couple,no_65_plus,15.0,4
donor_h0000144,08900,35,2,1,2.0,1.0,93000.0,75000_99999,2,married_couple,has_65_plus,35.0,2
donor_h0000145,08900,22,6,1,3.0,1.0,77100.0,75000_99999,3,married_couple,no_65_plus,22.0,6
donor_h0000146,08900,11,3,1,2.0,2.0,40300.0,40000_44999,2,other_male_householder,no_65_plus,11.0,3
donor_h0000147,08900,5,2,1,2.0,1.0,24600.0,20000_24999,2,married_couple,no_65_plus,5.0,2
donor_h0000148,08900,13,2,1,2.0,1.0,20400.0,20000_24999,2,married_couple,no_65_plus,13.0,2
donor_h0000149,08900,5,5,1,3.0,1.0,61000.0,60000_74999,3,married_couple,no_65_plus,5.0,5
donor_h0000150,08900,28,1,1,1.0,4.0,50000.0,50000_59999,1,nonfamily_living_alone,no_65_plus,28.0,1
donor_h0000151,08900,3,2,1,2.0,5.0,80540.0,75000_99999,2,nonfamily_living_alone,no_65_plus,3.0,2
donor_h0000152,08900,20,3,1,4.0,1.0,172300.0,150000_199999,4_plus,married_couple,no_65_plus,20.0,3
donor_h0000153,08900,11,2,1,2.0,1.0,96100.0,75000_99999,2,married_couple,no_65_plus,11.0,2
donor_h0000154,08900,13,2,1,2.0,1.0,88100.0,75000_99999,2,married_couple,has_65_plus,13.0,2
donor_h0000155,08900,5,3,1,4.0,1.0,194000.0,150000_199999,4_plus,married_couple,no_65_plus,5.0,3
donor_h0000156,08900,23,4,1,4.0,1.0,182000.0,150000_199999,4_plus,married_couple,has_65_plus,23.0,4
donor_h0000157,08900,9,4,1,3.0,1.0,90000.0,75000_99999,3,married_couple,no_65_plus,9.0,4
donor_h0000158,08900,2,4,1,3.0,1.0,95100.0,75000_99999,3,married_couple,no_65_plus,2.0,4
donor_h0000159,08900,17,4,1,2.0,1.0,82604.0,75000_99999,2,married_couple,has_65_plus,17.0,4
donor_h0000160,08900,4,2,1,3.0,3.0,52100.0,50000_59999,3,other_female_householder,has_65_plus,4.0,2
donor_h0000161,08900,13,2,1,2.0,1.0,75000.0,75000_99999,2,married_couple,no_65_plus,13.0,2
donor_h0000162,08900,37,1,1,1.0,6.0,13200.0,10000_14999,1,nonfamily_not_living_alone,has_65_plus,37.0,1
donor_h0000163,08900,11,1,1,0.0,4.0,1400.0,lt_10000,0,nonfamily_living_alone,no_65_plus,11.0,1
donor_h0000164,08900,22,2,1,4.0,1.0,191300.0,150000_199999,4_plus,married_couple,no_65_plus,22.0,2
donor_h0000165,08900,7,1,1,1.0,6.0,56000.0,50000_59999,1,nonfamily_not_living_alone,no_65_plus,7.0,1
donor_h0000166,08900,11,1,1,1.0,6.0,16700.0,15000_19999,1,nonfamily_not_living_alone,no_65_plus,11.0,1
donor_h0000167,08900,36,3,1,3.0,1.0,32500.0,30000_34999,3,married_couple,has_65_plus,36.0,3
donor_h0000168,08900,2,1,1,1.0,6.0,10400.0,10000_14999,1,nonfamily_not_living_alone,no_65_plus,2.0,1
donor_h0000169,08900,15,4,1,2.0,1.0,65000.0,60000_74999,2,married_couple,no_65_plus,15.0,4
donor_h0000170,08900,10,3,1,3.0,1.0,294000.0,200000_plus,3,married_couple,no_65_plus,10.0,3
donor_h0000171,08900,15,1,1,0.0,4.0,15500.0,15000_19999,0,nonfamily_living_alone,has_65_plus,15.0,1
donor_h0000172,08900,11,4,1,3.0,1.0,135900.0,125000_149999,3,married_couple,has_65_plus,11.0,4
donor_h0000173,08900,38,2,1,2.0,3.0,30000.0,30000_34999,2,other_female_householder,has_65_plus,38.0,2
donor_h0000174,08900,13,3,1,3.0,1.0,149600.0,125000_149999,3,married_couple,no_65_plus,13.0,3
donor_h0000175,08900,5,2,1,0.0,5.0,83500.0,75000_99999,0,nonfamily_living_alone,no_65_plus,5.0,2
donor_h0000176,08900,13,1,1,1.0,4.0,35000.0,35000_39999,1,nonfamily_living_alone,no_65_plus,13.0,1
donor_h0000177,08900,23,1,1,2.0,4.0,35000.0,35000_39999,2,nonfamily_living_alone,no_65_plus,23.0,1
donor_h0000178,08900,15,2,1,3.0,3.0,60200.0,60000_74999,3,other_female_householder,has_65_plus,15.0,2
donor_h0000179,08900,8,2,1,3.0,1.0,28000.0,25000_29999,3,married_couple,has_65_plus,8.0,2
donor_h0000180,08900,41,2,1,2.0,1.0,155000.0,150000_199999,2,married_couple,no_65_plus,41.0,2
donor_h0000181,08900,11,1,1,1.0,4.0,38160.0,35000_39999,1,nonfamily_living_alone,no_65_plus,11.0,1
donor_h0000182,08900,2,1,1,1.0,6.0,107500.0,100000_124999,1,nonfamily_not_living_alone,has_65_plus,2.0,1
donor_h0000183,08900,5,3,1,1.0,3.0,40700.0,40000_44999,1,other_female_householder,has_65_plus,5.0,3
donor_h0000184,08900,14,1,1,1.0,6.0,37400.0,35000_39999,1,nonfamily_not_living_alone,has_65_plus,14.0,1
donor_h0000185,08900,14,2,1,2.0,3.0,15500.0,15000_19999,2,other_female_householder,no_65_plus,14.0,2
donor_h0000186,08900,7,2,1,2.0,3.0,46600.0,45000_49999,2,other_female_householder,has_65_plus,7.0,2
donor_h0000187,08900,5,2,1,2.0,1.0,93500.0,75000_99999,2,married_couple,has_65_plus,5.0,2
donor_h0000188,08900,6,3,1,3.0,7.0,20600.0,20000_24999,3,nonfamily_not_living_alone,has_65_plus,6.0,3
donor_h0000189,08900,12,1,1,1.0,6.0,18700.0,15000_19999,1,nonfamily_not_living_alone,has_65_plus,12.0,1
donor_h0000190,08900,8,2,1,4.0,1.0,123100.0,100000_124999,4_plus,married_couple,no_65_plus,8.0,2
donor_h0000191,08900,14,5,1,1.0,1.0,88000.0,75000_99999,1,married_couple,no_65_plus,14.0,5
donor_h0000192,08900,33,4,1,1.0,1.0,283000.0,200000_plus,1,married_couple,no_65_plus,33.0,4
donor_h0000193,08900,33,1,1,1.0,6.0,88000.0,75000_99999,1,nonfamily_not_living_alone,no_65_plus,33.0,1
donor_h0000194,08900,27,1,1,1.0,6.0,14700.0,10000_14999,1,nonfamily_not_living_alone,has_65_plus,27.0,1
donor_h0000195,08900,14,2,1,0.0,1.0,62000.0,60000_74999,0,married_couple,no_65_plus,14.0,2
donor_h0000196,08900,8,2,1,2.0,1.0,21000.0,20000_24999,2,married_couple,has_65_plus,8.0,2
donor_h0000197,08900,9,6,1,1.0,2.0,39600.0,35000_39999,1,other_male_householder,no_65_plus,9.0,6
donor_h0000198,08900,22,1,1,1.0,6.0,0.0,lt_10000,1,nonfamily_not_living_alone,no_65_plus,22.0,1
donor_h0000199,08900,20,2,1,1.0,3.0,36000.0,35000_39999,1,other_female_householder,no_65_plus,20.0,2
donor_h0000200,08900,15,1,1,2.0,6.0,3600.0,lt_10000,2,nonfamily_not_living_alone,has_65_plus,15.0,1
donor_h0000201,08900,13,2,1,2.0,1.0,88000.0,75000_99999,2,married_couple,no_65_plus,13.0,2
donor_h0000202,08900,11,2,1,3.0,1.0,153000.0,150000_199999,3,married_couple,no_65_plus,11.0,2
donor_h0000203,08900,8,5,1,3.0,1.0,181000.0,150000_199999,3,married_couple,no_65_plus,8.0,5
donor_h0000204,08900,37,1,1,1.0,4.0,22000.0,20000_24999,1,nonfamily_living_alone,has_65_plus,37.0,1
donor_h0000205,08900,5,4,1,2.0,1.0,74600.0,60000_74999,2,married_couple,has_65_plus,5.0,4
donor_h0000206,08900,13,1,1,4.0,4.0,28900.0,25000_29999,4_plus,nonfamily_living_alone,has_65_plus,13.0,1
donor_h0000207,08900,34,5,1,3.0,3.0,184300.0,150000_199999,3,other_female_householder,has_65_plus,34.0,5
donor_h0000208,08900,12,1,1,1.0,4.0,107200.0,100000_124999,1,nonfamily_living_alone,has_65_plus,12.0,1
donor_h0000209,08900,7,2,1,3.0,1.0,35400.0,35000_39999,3,married_couple,has_65_plus,7.0,2
donor_h0000210,08900,12,2,1,2.0,1.0,52000.0,50000_59999,2,married_couple,has_65_plus,12.0,2
donor_h0000211,08900,15,1,1,1.0,4.0,25600.0,25000_29999,1,nonfamily_living_alone,has_65_plus,15.0,1
donor_h0000212,08900,33,2,1,2.0,5.0,18500.0,15000_19999,2,nonfamily_living_alone,no_65_plus,33.0,2
donor_h0000213,08900,35,3,1,2.0,7.0,27000.0,25000_29999,2,nonfamily_not_living_alone,no_65_plus,35.0,3
donor_h0000214,08900,13,2,1,3.0,5.0,98000.0,75000_99999,3,nonfamily_living_alone,has_65_plus,13.0,2
donor_h0000215,08900,11,1,1,1.0,6.0,19300.0,15000_19999,1,nonfamily_not_living_alone,has_65_plus,11.0,1
donor_h0000216,08900,72,1,1,1.0,4.0,22000.0,20000_24999,1,nonfamily_living_alone,no_65_plus,72.0,1
donor_h0000217,08900,21,2,1,3.0,1.0,32600.0,30000_34999,3,married_couple,no_65_plus,21.0,2
donor_h0000218,08900,19,1,1,1.0,6.0,78300.0,75000_99999,1,nonfamily_not_living_alone,has_65_plus,19.0,1
donor_h0000219,08900,13,3,1,3.0,1.0,92000.0,75000_99999,3,married_couple,no_65_plus,13.0,3
donor_h0000220,08900,35,3,1,2.0,1.0,90000.0,75000_99999,2,married_couple,has_65_plus,35.0,3
donor_h0000221,08900,41,3,1,1.0,1.0,69000.0,60000_74999,1,married_couple,no_65_plus,41.0,3
donor_h0000222,08900,13,2,1,1.0,3.0,68000.0,60000_74999,1,other_female_householder,no_65_plus,13.0,2
donor_h0000223,08900,14,1,1,1.0,6.0,49800.0,45000_49999,1,nonfamily_not_living_alone,has_65_plus,14.0,1
donor_h0000224,08900,7,2,1,3.0,1.0,24510.0,20000_24999,3,married_couple,has_65_plus,7.0,2
donor_h0000225,08900,21,2,1,2.0,1.0,72000.0,60000_74999,2,married_couple,has_65_plus,21.0,2
donor_h0000226,08900,7,1,1,1.0,4.0,29500.0,25000_29999,1,nonfamily_living_alone,has_65_plus,7.0,1
donor_h0000227,08900,33,4,1,1.0,3.0,34600.0,30000_34999,1,other_female_householder,no_65_plus,33.0,4
donor_h0000228,08900,3,2,1,3.0,1.0,74570.0,60000_74999,3,married_couple,has_65_plus,3.0,2
donor_h0000229,08900,12,1,1,1.0,6.0,6000.0,lt_10000,1,nonfamily_not_living_alone,has_65_plus,12.0,1
donor_h0000230,08900,16,2,1,3.0,1.0,84000.0,75000_99999,3,married_couple,no_65_plus,16.0,2
donor_h0000231,08900,1,1,1,1.0,4.0,75000.0,75000_99999,1,nonfamily_living_alone,no_65_plus,1.0,1
donor_h0000232,08900,38,1,1,0.0,4.0,10400.0,10000_14999,0,nonfamily_living_alone,no_65_plus,38.0,1
donor_h0000233,08900,13,1,1,2.0,4.0,56200.0,50000_59999,2,nonfamily_living_alone,has_65_plus,13.0,1
donor_h0000234,08900,6,5,1,3.0,1.0,55000.0,50000_59999,3,married_couple,no_65_plus,6.0,5
donor_h0000235,08900,12,5,1,2.0,1.0,45700.0,45000_49999,2,married_couple,no_65_plus,12.0,5
donor_h0000236,08900,12,3,1,3.0,5.0,89600.0,75000_99999,3,nonfamily_living_alone,no_65_plus,12.0,3
donor_h0000237,08900,10,2,1,2.0,1.0,80700.0,75000_99999,2,married_couple,has_65_plus,10.0,2
donor_h0000238,08900,12,2,1,2.0,1.0,64540.0,60000_74999,2,married_couple,no_65_plus,12.0,2
donor_h0000239,08900,15,2,1,2.0,1.0,31200.0,30000_34999,2,married_couple,has_65_plus,15.0,2
donor_h0000240,08900,14,2,1,2.0,7.0,18500.0,15000_19999,2,nonfamily_not_living_alone,no_65_plus,14.0,2
donor_h0000241,08900,12,1,1,4.0,4.0,59500.0,50000_59999,4_plus,nonfamily_living_alone,no_65_plus,12.0,1
donor_h0000242,08900,14,1,1,1.0,4.0,37800.0,35000_39999,1,nonfamily_living_alone,has_65_plus,14.0,1
donor_h0000243,08900,12,2,1,2.0,3.0,38200.0,35000_39999,2,other_female_householder,no_65_plus,12.0,2
donor_h0000244,08900,18,2,1,1.0,5.0,9500.0,lt_10000,1,nonfamily_living_alone,no_65_plus,18.0,2
donor_h0000245,08900,36,1,1,1.0,6.0,17000.0,15000_19999,1,nonfamily_not_living_alone,no_65_plus,36.0,1
donor_h0000246,08900,10,3,1,3.0,1.0,155000.0,150000_199999,3,married_couple,no_65_plus,10.0,3
donor_h0000247,08900,10,4,1,2.0,1.0,31000.0,30000_34999,2,married_couple,no_65_plus,10.0,4
donor_h0000248,08900,12,3,1,3.0,1.0,121400.0,100000_124999,3,married_couple,no_65_plus,12.0,3
donor_h0000249,08900,8,4,1,3.0,1.0,69200.0,60000_74999,3,married_couple,no_65_plus,8.0,4
donor_h0000250,08900,8,3,1,3.0,1.0,50800.0,50000_59999,3,married_couple,has_65_plus,8.0,3
donor_h0000251,08900,9,1,1,2.0,6.0,40000.0,40000_44999,2,nonfamily_not_living_alone,no_65_plus,9.0,1
donor_h0000252,08900,10,1,1,2.0,6.0,92500.0,75000_99999,2,nonfamily_not_living_alone,has_65_plus,10.0,1
donor_h0000253,08900,12,2,1,1.0,3.0,52430.0,50000_59999,1,other_female_householder,has_65_plus,12.0,2
donor_h0000254,08900,52,2,1,2.0,1.0,58500.0,50000_59999,2,married_couple,no_65_plus,52.0,2
donor_h0000255,08900,12,1,1,0.0,4.0,36700.0,35000_39999,0,nonfamily_living_alone,no_65_plus,12.0,1
donor_h0000256,08900,13,5,1,3.0,1.0,63000.0,60000_74999,3,married_couple,no_65_plus,13.0,5
donor_h0000257,08900,9,1,1,1.0,4.0,9000.0,lt_10000,1,nonfamily_living_alone,no_65_plus,9.0,1
donor_h0000258,08900,3,2,1,4.0,5.0,15500.0,15000_19999,4_plus,nonfamily_living_alone,has_65_plus,3.0,2
donor_h0000259,08900,14,1,1,1.0,6.0,3830.0,lt_10000,1,nonfamily_not_living_alone,has_65_plus,14.0,1
donor_h0000260,08900,7,2,1,2.0,5.0,56000.0,50000_59999,2,nonfamily_living_alone,no_65_plus,7.0,2
donor_h0000261,08900,7,1,1,1.0,6.0,54000.0,50000_59999,1,nonfamily_not_living_alone,no_65_plus,7.0,1
donor_h0000262,08900,63,2,1,2.0,1.0,24000.0,20000_24999,2,married_couple,no_65_plus,63.0,2
donor_h0000263,08900,62,2,1,1.0,1.0,26500.0,25000_29999,1,married_couple,no_65_plus,62.0,2
donor_h0000264,08900,13,1,1,0.0,6.0,10200.0,10000_14999,0,nonfamily_not_living_alone,no_65_plus,13.0,1
donor_h0000265,08900,5,2,1,2.0,1.0,66000.0,60000_74999,2,married_couple,has_65_plus,5.0,2
donor_h0000266,08900,33,2,1,2.0,1.0,83500.0,75000_99999,2,married_couple,has_65_plus,33.0,2
donor_h0000267,08900,9,6,1,4.0,1.0,90500.0,75000_99999,4_plus,married_couple,no_65_plus,9.0,6
donor_h0000268,08900,8,3,1,3.0,1.0,110900.0,100000_124999,3,married_couple,no_65_plus,8.0,3
donor_h0000269,08900,14,2,1,2.0,3.0,51200.0,50000_59999,2,other_female_householder,has_65_plus,14.0,2
donor_h0000270,08900,14,1,1,0.0,6.0,16300.0,15000_19999,0,nonfamily_not_living_alone,has_65_plus,14.0,1
donor_h0000271,08900,17,2,1,3.0,1.0,29510.0,25000_29999,3,married_couple,has_65_plus,17.0,2
donor_h0000272,08900,23,1,1,1.0,4.0,40000.0,40000_44999,1,nonfamily_living_alone,no_65_plus,23.0,1
donor_h0000273,08900,15,1,1,1.0,6.0,17000.0,15000_19999,1,nonfamily_not_living_alone,no_65_plus,15.0,1
donor_h0000274,08900,14,1,1,1.0,6.0,38000.0,35000_39999,1,nonfamily_not_living_alone,no_65_plus,14.0,1
donor_h0000275,08900,10,1,1,1.0,4.0,2800.0,lt_10000,1,nonfamily_living_alone,has_65_plus,10.0,1
donor_h0000276,08900,10,3,1,3.0,3.0,96200.0,75000_99999,3,other_female_householder,no_65_plus,10.0,3
donor_h0000277,08900,24,2,1,2.0,1.0,127400.0,125000_149999,2,married_couple,has_65_plus,24.0,2
donor_h0000278,08900,5,2,1,3.0,1.0,167000.0,150000_199999,3,married_couple,has_65_plus,5.0,2
donor_h0000279,08900,7,3,1,3.0,1.0,343600.0,200000_plus,3,married_couple,no_65_plus,7.0,3
donor_h0000280,08900,8,2,1,2.0,1.0,104000.0,100000_124999,2,married_couple,has_65_plus,8.0,2
donor_h0000281,08900,11,2,1,2.0,1.0,56700.0,50000_59999,2,married_couple,has_65_plus,11.0,2
donor_h0000282,08900,15,1,1,6.0,4.0,20000.0,20000_24999,4_plus,nonfamily_living_alone,no_65_plus,15.0,1
donor_h0000283,08900,9,3,1,3.0,1.0,119900.0,100000_124999,3,married_couple,no_65_plus,9.0,3
donor_h0000284,08900,9,2,1,2.0,1.0,167200.0,150000_199999,2,married_couple,has_65_plus,9.0,2
donor_h0000285,08900,14,3,1,3.0,3.0,15300.0,15000_19999,3,other_female_householder,no_65_plus,14.0,3
donor_h0000286,08900,13,3,1,0.0,7.0,20600.0,20000_24999,0,nonfamily_not_living_alone,no_65_plus,13.0,3
donor_h0000287,08900,8,2,1,1.0,3.0,10900.0,10000_14999,1,other_female_householder,has_65_plus,8.0,2
donor_h0000288,08900,9,5,1,3.0,1.0,12000.0,10000_14999,3,married_couple,no_65_plus,9.0,5
donor_h0000289,08900,25,2,1,1.0,3.0,11000.0,10000_14999,1,other_female_householder,no_65_plus,25.0,2
donor_h0000290,08900,60,3,1,2.0,3.0,36300.0,35000_39999,2,other_female_householder,has_65_plus,60.0,3
donor_h0000291,08900,24,3,1,1.0,3.0,28000.0,25000_29999,1,other_female_householder,no_65_plus,24.0,3
donor_h0000292,08900,13,2,1,2.0,1.0,14000.0,10000_14999,2,married_couple,has_65_plus,13.0,2
donor_h0000293,08900,5,2,1,2.0,5.0,151100.0,150000_199999,2,nonfamily_living_alone,has_65_plus,5.0,2
donor_h0000294,08900,14,4,1,1.0,3.0,42000.0,40000_44999,1,other_female_householder,no_65_plus,14.0,4
donor_h0000295,08900,45,3,1,3.0,1.0,63000.0,60000_74999,3,married_couple,no_65_plus,45.0,3
donor_h0000296,08900,23,4,1,2.0,1.0,131000.0,125000_149999,2,married_couple,no_65_plus,23.0,4
donor_h0000297,08900,4,2,1,3.0,1.0,83800.0,75000_99999,3,married_couple,no_65_plus,4.0,2
donor_h0000298,08900,3,2,1,3.0,1.0,50900.0,50000_59999,3,married_couple,has_65_plus,3.0,2
donor_h0000299,08900,10,1,1,1.0,6.0,66600.0,60000_74999,1,nonfamily_not_living_alone,has_65_plus,10.0,1
donor_h0000300,08900,13,2,1,1.0,3.0,130500.0,125000_149999,1,other_female_householder,has_65_plus,13.0,2
donor_h0000301,08900,4,2,1,2.0,1.0,104000.0,100000_124999,2,married_couple,no_65_plus,4.0,2
donor_h0000302,08900,5,2,1,2.0,3.0,20300.0,20000_24999,2,other_female_householder,no_65_plus,5.0,2
donor_h0000303,08900,21,4,1,3.0,2.0,179244.0,150000_199999,3,other_male_householder,no_65_plus,21.0,4
donor_h0000304,08900,12,7,1,0.0,3.0,136870.0,125000_149999,0,other_female_householder,has_65_plus,12.0,7
donor_h0000305,08900,33,3,1,2.0,1.0,65000.0,60000_74999,2,married_couple,no_65_plus,33.0,3
donor_h0000306,08900,17,2,1,1.0,1.0,27200.0,25000_29999,1,married_couple,no_65_plus,17.0,2
donor_h0000307,08900,2,2,1,2.0,1.0,59200.0,50000_59999,2,married_couple,no_65_plus,2.0,2
donor_h0000308,08900,12,2,1,2.0,1.0,47900.0,45000_49999,2,married_couple,has_65_plus,12.0,2
donor_h0000309,08900,2,2,1,4.0,1.0,100000.0,100000_124999,4_plus,married_couple,has_65_plus,2.0,2
donor_h0000310,08900,11,2,1,3.0,3.0,63300.0,60000_74999,3,other_female_householder,has_65_plus,11.0,2
donor_h0000311,08900,20,2,1,2.0,7.0,84000.0,75000_99999,2,nonfamily_not_living_alone,no_65_plus,20.0,2
donor_h0000312,08900,11,2,1,1.0,1.0,22104.0,20000_24999,1,married_couple,has_65_plus,11.0,2
donor_h0000313,08900,8,2,1,3.0,1.0,36000.0,35000_39999,3,married_couple,has_65_plus,8.0,2
donor_h0000314,08900,24,1,1,0.0,6.0,0.0,lt_10000,0,nonfamily_not_living_alone,no_65_plus,24.0,1
donor_h0000315,08900,47,1,1,1.0,6.0,40000.0,40000_44999,1,nonfamily_not_living_alone,no_65_plus,47.0,1
donor_h0000316,08900,23,3,1,3.0,2.0,11000.0,10000_14999,3,other_male_householder,no_65_plus,23.0,3
donor_h0000317,08900,20,2,1,3.0,1.0,18600.0,15000_19999,3,married_couple,has_65_plus,20.0,2
donor_h0000318,08900,13,2,1,3.0,1.0,61000.0,60000_74999,3,married_couple,no_65_plus,13.0,2
donor_h0000319,08900,37,1,1,1.0,6.0,17000.0,15000_19999,1,nonfamily_not_living_alone,no_65_plus,37.0,1
donor_h0000320,08900,50,3,1,3.0,1.0,47600.0,45000_49999,3,married_couple,no_65_plus,50.0,3
donor_h0000321,08900,13,4,1,3.0,1.0,97400.0,75000_99999,3,married_couple,no_65_plus,13.0,4
donor_h0000322,08900,35,3,1,2.0,1.0,205000.0,200000_plus,2,married_couple,no_65_plus,35.0,3
donor_h0000323,08900,17,2,1,2.0,1.0,45200.0,45000_49999,2,married_couple,has_65_plus,17.0,2
donor_h0000324,08900,46,2,1,2.0,1.0,35000.0,35000_39999,2,married_couple,no_65_plus,46.0,2
donor_h0000325,08900,20,2,1,1.0,3.0,80000.0,75000_99999,1,other_female_householder,no_65_plus,20.0,2
donor_h0000326,08900,14,1,1,2.0,4.0,10000.0,10000_14999,2,nonfamily_living_alone,no_65_plus,14.0,1
donor_h0000327,08900,8,5,1,1.0,1.0,72600.0,60000_74999,1,married_couple,has_65_plus,8.0,5
donor_h0000328,08900,14,2,1,3.0,1.0,96700.0,75000_99999,3,married_couple,has_65_plus,14.0,2
donor_h0000329,08900,9,5,1,5.0,1.0,226300.0,200000_plus,4_plus,married_couple,no_65_plus,9.0,5
donor_h0000330,08900,12,2,1,4.0,1.0,122700.0,100000_124999,4_plus,married_couple,has_65_plus,12.0,2
donor_h0000331,08900,8,1,1,1.0,6.0,22900.0,20000_24999,1,nonfamily_not_living_alone,has_65_plus,8.0,1
donor_h0000332,08900,12,1,1,1.0,4.0,20000.0,20000_24999,1,nonfamily_living_alone,has_65_plus,12.0,1
donor_h0000333,08900,9,1,1,1.0,4.0,21000.0,20000_24999,1,nonfamily_living_alone,no_65_plus,9.0,1
donor_h0000334,08900,57,1,1,1.0,4.0,40000.0,40000_44999,1,nonfamily_living_alone,no_65_plus,57.0,1
donor_h0000335,08900,10,4,1,2.0,1.0,99000.0,75000_99999,2,married_couple,no_65_plus,10.0,4
donor_h0000336,08900,15,2,1,2.0,1.0,29900.0,25000_29999,2,married_couple,has_65_plus,15.0,2
donor_h0000337,08900,15,1,1,1.0,6.0,12100.0,10000_14999,1,nonfamily_not_living_alone,no_65_plus,15.0,1
donor_h0000338,08900,8,2,1,2.0,1.0,36500.0,35000_39999,2,married_couple,has_65_plus,8.0,2
donor_h0000339,08900,33,3,1,2.0,2.0,19800.0,15000_19999,2,other_male_householder,no_65_plus,33.0,3
donor_h0000340,08900,7,2,1,1.0,3.0,7000.0,lt_10000,1,other_female_householder,has_65_plus,7.0,2
donor_h0000341,08900,12,2,1,2.0,1.0,48550.0,45000_49999,2,married_couple,no_65_plus,12.0,2
donor_h0000342,08900,5,1,1,1.0,6.0,13400.0,10000_14999,1,nonfamily_not_living_alone,has_65_plus,5.0,1
donor_h0000343,08900,11,1,1,1.0,4.0,26004.0,25000_29999,1,nonfamily_living_alone,no_65_plus,11.0,1
donor_h0000344,08900,4,2,1,2.0,3.0,41900.0,40000_44999,2,other_female_householder,has_65_plus,4.0,2
donor_h0000345,08900,44,1,1,1.0,6.0,42000.0,40000_44999,1,nonfamily_not_living_alone,no_65_plus,44.0,1
donor_h0000346,08900,14,4,1,2.0,1.0,53500.0,50000_59999,2,married_couple,no_65_plus,14.0,4
donor_h0000347,08900,12,1,1,1.0,6.0,8800.0,lt_10000,1,nonfamily_not_living_alone,no_65_plus,12.0,1
donor_h0000348,08900,14,6,1,1.0,7.0,128040.0,125000_149999,1,nonfamily_not_living_alone,no_65_plus,14.0,6
donor_h0000349,08900,17,2,1,3.0,1.0,197000.0,150000_199999,3,married_couple,no_65_plus,17.0,2
donor_h0000350,08900,8,2,1,2.0,1.0,58700.0,50000_59999,2,married_couple,has_65_plus,8.0,2
donor_h0000351,08900,11,3,1,2.0,1.0,88200.0,75000_99999,2,married_couple,has_65_plus,11.0,3
donor_h0000352,08900,15,7,1,2.0,1.0,68420.0,60000_74999,2,married_couple,no_65_plus,15.0,7
donor_h0000353,08900,5,2,1,2.0,1.0,13800.0,10000_14999,2,married_couple,no_65_plus,5.0,2
donor_h0000354,08900,7,2,1,3.0,1.0,52600.0,50000_59999,3,married_couple,no_65_plus,7.0,2
donor_h0000355,08900,13,1,1,2.0,6.0,43700.0,40000_44999,2,nonfamily_not_living_alone,has_65_plus,13.0,1
donor_h0000356,08900,32,5,1,2.0,1.0,25000.0,25000_29999,2,married_couple,no_65_plus,32.0,5
donor_h0000357,08900,43,5,1,2.0,2.0,138650.0,125000_149999,2,other_male_householder,no_65_plus,43.0,5
donor_h0000358,08900,5,2,1,3.0,1.0,66480.0,60000_74999,3,married_couple,has_65_plus,5.0,2
donor_h0000359,08900,9,5,1,2.0,1.0,185330.0,150000_199999,2,married_couple,no_65_plus,9.0,5
donor_h0000360,08900,4,6,1,5.0,1.0,169100.0,150000_199999,4_plus,married_couple,no_65_plus,4.0,6
donor_h0000361,08900,17,1,1,1.0,4.0,6000.0,lt_10000,1,nonfamily_living_alone,has_65_plus,17.0,1
donor_h0000362,08900,25,1,1,0.0,6.0,15000.0,15000_19999,0,nonfamily_not_living_alone,has_65_plus,25.0,1
donor_h0000363,08900,7,2,1,3.0,1.0,111500.0,100000_124999,3,married_couple,no_65_plus,7.0,2
donor_h0000364,08900,15,2,1,2.0,1.0,52700.0,50000_59999,2,married_couple,has_65_plus,15.0,2
donor_h0000365,08900,13,4,1,2.0,1.0,106000.0,100000_124999,2,married_couple,no_65_plus,13.0,4
donor_h0000366,08900,9,2,1,2.0,1.0,112000.0,100000_124999,2,married_couple,no_65_plus,9.0,2
donor_h0000367,08900,21,2,1,2.0,1.0,69400.0,60000_74999,2,married_couple,no_65_plus,21.0,2
donor_h0000368,08900,20,3,1,3.0,1.0,152000.0,150000_199999,3,married_couple,no_65_plus,20.0,3
donor_h0000369,08900,36,3,1,4.0,3.0,62000.0,60000_74999,4_plus,other_female_householder,no_65_plus,36.0,3
donor_h0000370,08900,14,1,1,1.0,6.0,10500.0,10000_14999,1,nonfamily_not_living_alone,has_65_plus,14.0,1
donor_h0000371,08900,7,1,1,1.0,6.0,50000.0,50000_59999,1,nonfamily_not_living_alone,has_65_plus,7.0,1
donor_h0000372,08900,9,1,1,3.0,4.0,15320.0,15000_19999,3,nonfamily_living_alone,has_65_plus,9.0,1
donor_h0000373,08900,21,1,1,0.0,6.0,11880.0,10000_14999,0,nonfamily_not_living_alone,has_65_plus,21.0,1
donor_h0000374,08900,11,2,1,3.0,1.0,163030.0,150000_199999,3,married_couple,has_65_plus,11.0,2
donor_h0000375,08900,15,6,1,3.0,1.0,48100.0,45000_49999,3,married_couple,no_65_plus,15.0,6
donor_h0000376,08900,12,4,1,2.0,1.0,95000.0,75000_99999,2,married_couple,no_65_plus,12.0,4
donor_h0000377,08900,5,1,1,2.0,6.0,50400.0,50000_59999,2,nonfamily_not_living_alone,has_65_plus,5.0,1
donor_h0000378,08900,14,1,1,2.0,4.0,125000.0,125000_149999,2,nonfamily_living_alone,no_65_plus,14.0,1
donor_h0000379,08900,5,2,1,2.0,1.0,99900.0,75000_99999,2,married_couple,has_65_plus,5.0,2
donor_h0000380,08900,7,2,1,3.0,1.0,70700.0,60000_74999,3,married_couple,has_65_plus,7.0,2
donor_h0000381,08900,9,5,1,4.0,1.0,99100.0,75000_99999,4_plus,married_couple,no_65_plus,9.0,5
donor_h0000382,08900,14,3,1,1.0,3.0,19800.0,15000_19999,1,other_female_householder,no_65_plus,14.0,3
donor_h0000383,08900,12,3,1,2.0,1.0,144000.0,125000_149999,2,married_couple,no_65_plus,12.0,3
donor_h0000384,08900,12,2,1,1.0,3.0,0.0,lt_10000,1,other_female_householder,no_65_plus,12.0,2
donor_h0000385,08900,15,2,1,3.0,7.0,38000.0,35000_39999,3,nonfamily_not_living_alone,no_65_plus,15.0,2
donor_h0000386,08900,7,3,1,3.0,1.0,170000.0,150000_199999,3,married_couple,no_65_plus,7.0,3
donor_h0000387,08900,13,1,1,0.0,6.0,48000.0,45000_49999,0,nonfamily_not_living_alone,has_65_plus,13.0,1
donor_h0000388,08900,39,1,1,1.0,6.0,9600.0,lt_10000,1,nonfamily_not_living_alone,has_65_plus,39.0,1
donor_h0000389,08900,58,1,1,1.0,6.0,19900.0,15000_19999,1,nonfamily_not_living_alone,has_65_plus,58.0,1
donor_h0000390,08900,14,1,1,0.0,6.0,13800.0,10000_14999,0,nonfamily_not_living_alone,has_65_plus,14.0,1
donor_h0000391,08900,12,2,1,3.0,1.0,61400.0,60000_74999,3,married_couple,no_65_plus,12.0,2
donor_h0000392,08900,11,1,1,1.0,6.0,15020.0,15000_19999,1,nonfamily_not_living_alone,no_65_plus,11.0,1
donor_h0000393,08900,40,1,1,0.0,4.0,9500.0,lt_10000,0,nonfamily_living_alone,no_65_plus,40.0,1
donor_h0000394,08900,16,1,1,1.0,6.0,12300.0,10000_14999,1,nonfamily_not_living_alone,has_65_plus,16.0,1
donor_h0000395,08900,24,2,1,1.0,3.0,38600.0,35000_39999,1,other_female_householder,no_65_plus,24.0,2
donor_h0000396,08900,94,1,1,1.0,6.0,0.0,lt_10000,1,nonfamily_not_living_alone,no_65_plus,94.0,1
donor_h0000397,08900,14,7,1,3.0,3.0,12700.0,10000_14999,3,other_female_householder,no_65_plus,14.0,7
donor_h0000398,08900,4,3,1,2.0,7.0,64100.0,60000_74999,2,nonfamily_not_living_alone,no_65_plus,4.0,3
donor_h0000399,08900,8,3,1,2.0,1.0,65000.0,60000_74999,2,married_couple,no_65_plus,8.0,3
donor_h0000400,08900,8,3,1,2.0,1.0,213000.0,200000_plus,2,married_couple,has_65_plus,8.0,3
donor_h0000401,08900,39,6,1,3.0,1.0,93800.0,75000_99999,3,married_couple,no_65_plus,39.0,6
donor_h0000402,08900,5,2,1,4.0,1.0,157000.0,150000_199999,4_plus,married_couple,has_65_plus,5.0,2
donor_h0000403,08900,12,2,1,1.0,1.0,41600.0,40000_44999,1,married_couple,has_65_plus,12.0,2
donor_h0000404,08900,14,1,1,2.0,4.0,40000.0,40000_44999,2,nonfamily_living_alone,no_65_plus,14.0,1
donor_h0000405,08900,19,2,1,4.0,1.0,312000.0,200000_plus,4_plus,married_couple,no_65_plus,19.0,2
donor_h0000406,08900,39,2,1,2.0,3.0,55000.0,50000_59999,2,other_female_householder,no_65_plus,39.0,2
donor_h0000407,08900,12,2,1,3.0,1.0,57000.0,50000_59999,3,married_couple,no_65_plus,12.0,2
donor_h0000408,08900,21,1,1,0.0,4.0,9000.0,lt_10000,0,nonfamily_living_alone,no_65_plus,21.0,1
donor_h0000409,08900,13,3,1,4.0,1.0,130000.0,125000_149999,4_plus,married_couple,no_65_plus,13.0,3
donor_h0000410,08900,15,2,1,3.0,1.0,74600.0,60000_74999,3,married_couple,has_65_plus,15.0,2
donor_h0000411,08900,34,2,1,2.0,1.0,25000.0,25000_29999,2,married_couple,has_65_plus,34.0,2
donor_h0000412,08900,38,1,1,0.0,6.0,25000.0,25000_29999,0,nonfamily_not_living_alone,has_65_plus,38.0,1
donor_h0000413,08900,10,2,1,2.0,5.0,4000.0,lt_10000,2,nonfamily_living_alone,no_65_plus,10.0,2
donor_h0000414,08900,18,5,1,3.0,1.0,100000.0,100000_124999,3,married_couple,no_65_plus,18.0,5
donor_h0000415,08900,10,2,1,2.0,1.0,13800.0,10000_14999,2,married_couple,no_65_plus,10.0,2
donor_h0000416,08900,12,3,1,3.0,5.0,116300.0,100000_124999,3,nonfamily_living_alone,no_65_plus,12.0,3
donor_h0000417,08900,12,5,1,2.0,1.0,55300.0,50000_59999,2,married_couple,no_65_plus,12.0,5
donor_h0000418,08900,90,3,1,2.0,1.0,72000.0,60000_74999,2,married_couple,no_65_plus,90.0,3
donor_h0000419,08900,4,2,1,2.0,1.0,65000.0,60000_74999,2,married_couple,no_65_plus,4.0,2
donor_h0000420,08900,7,2,1,4.0,1.0,46100.0,45000_49999,4_plus,married_couple,has_65_plus,7.0,2
donor_h0000421,08900,20,1,1,1.0,6.0,51000.0,50000_59999,1,nonfamily_not_living_alone,has_65_plus,20.0,1
donor_h0000422,08900,8,4,1,2.0,1.0,89700.0,75000_99999,2,married_couple,no_65_plus,8.0,4
donor_h0000423,08900,13,3,1,1.0,1.0,126000.0,125000_149999,1,married_couple,no_65_plus,13.0,3
donor_h0000424,08900,37,2,1,2.0,7.0,110000.0,100000_124999,2,nonfamily_not_living_alone,no_65_plus,37.0,2
donor_h0000425,08900,14,2,1,2.0,1.0,86200.0,75000_99999,2,married_couple,has_65_plus,14.0,2
donor_h0000426,08900,6,2,1,3.0,1.0,138000.0,125000_149999,3,married_couple,no_65_plus,6.0,2
donor_h0000427,08900,21,3,1,2.0,1.0,102200.0,100000_124999,2,married_couple,no_65_plus,21.0,3
donor_h0000428,08900,7,1,1,1.0,4.0,90000.0,75000_99999,1,nonfamily_living_alone,no_65_plus,7.0,1
donor_h0000429,08900,14,2,1,1.0,3.0,12000.0,10000_14999,1,other_female_householder,no_65_plus,14.0,2
donor_h0000430,08900,9,1,1,1.0,6.0,13800.0,10000_14999,1,nonfamily_not_living_alone,has_65_plus,9.0,1
donor_h0000431,08900,6,3,1,3.0,3.0,105300.0,100000_124999,3,other_female_householder,has_65_plus,6.0,3
donor_h0000432,08900,5,2,1,3.0,1.0,72400.0,60000_74999,3,married_couple,no_65_plus,5.0,2
donor_h0000433,08900,3,3,1,2.0,1.0,45700.0,45000_49999,2,married_couple,has_65_plus,3.0,3
donor_h0000434,08900,22,1,1,2.0,4.0,59900.0,50000_59999,2,nonfamily_living_alone,has_65_plus,22.0,1
donor_h0000435,08900,14,1,1,4.0,6.0,145900.0,125000_149999,4_plus,nonfamily_not_living_alone,no_65_plus,14.0,1
donor_h0000436,08900,7,1,1,1.0,4.0,12000.0,10000_14999,1,nonfamily_living_alone,no_65_plus,7.0,1
donor_h0000437,08900,25,2,1,2.0,1.0,19000.0,15000_19999,2,married_couple,no_65_plus,25.0,2
donor_h0000438,08900,14,2,1,2.0,1.0,38800.0,35000_39999,2,married_couple,has_65_plus,14.0,2
donor_h0000439,08900,34,4,1,3.0,2.0,41000.0,40000_44999,3,other_male_householder,no_65_plus,34.0,4
donor_h0000440,08900,14,2,1,4.0,1.0,54500.0,50000_59999,4_plus,married_couple,no_65_plus,14.0,2
donor_h0000441,08900,17,2,1,2.0,1.0,34500.0,30000_34999,2,married_couple,has_65_plus,17.0,2
donor_h0000442,08900,25,1,1,1.0,6.0,2900.0,lt_10000,1,nonfamily_not_living_alone,no_65_plus,25.0,1
donor_h0000443,08900,17,2,1,2.0,1.0,56000.0,50000_59999,2,married_couple,has_65_plus,17.0,2
donor_h0000444,08900,12,1,1,0.0,6.0,37100.0,35000_39999,0,nonfamily_not_living_alone,has_65_plus,12.0,1
donor_h0000445,08900,4,2,1,3.0,1.0,74350.0,60000_74999,3,married_couple,no_65_plus,4.0,2
donor_h0000446,08900,8,2,1,2.0,1.0,35000.0,35000_39999,2,married_couple,has_65_plus,8.0,2
donor_h0000447,08900,40,2,1,2.0,1.0,47000.0,45000_49999,2,married_couple,no_65_plus,40.0,2
donor_h0000448,08900,7,1,1,1.0,4.0,12400.0,10000_14999,1,nonfamily_living_alone,has_65_plus,7.0,1
donor_h0000449,08900,14,1,1,6.0,4.0,41800.0,40000_44999,4_plus,nonfamily_living_alone,no_65_plus,14.0,1
donor_h0000450,08900,13,5,1,4.0,3.0,120500.0,100000_124999,4_plus,other_female_householder,no_65_plus,13.0,5
donor_h0000451,08900,30,2,1,2.0,1.0,90000.0,75000_99999,2,married_couple,has_65_plus,30.0,2
donor_h0000452,08900,12,1,1,2.0,4.0,18600.0,15000_19999,2,nonfamily_living_alone,no_65_plus,12.0,1
donor_h0000453,08900,21,3,1,2.0,1.0,46000.0,45000_49999,2,married_couple,no_65_plus,21.0,3
donor_h0000454,08900,13,1,1,1.0,6.0,21300.0,20000_24999,1,nonfamily_not_living_alone,has_65_plus,13.0,1
donor_h0000455,08900,21,1,1,2.0,6.0,45000.0,45000_49999,2,nonfamily_not_living_alone,no_65_plus,21.0,1
donor_h0000456,08900,20,2,1,2.0,1.0,147000.0,125000_149999,2,married_couple,no_65_plus,20.0,2
donor_h0000457,08900,14,1,1,1.0,4.0,42400.0,40000_44999,1,nonfamily_living_alone,has_65_plus,14.0,1
donor_h0000458,08900,24,4,1,2.0,3.0,57400.0,50000_59999,2,other_female_householder,has_65_plus,24.0,4
donor_h0000459,08900,48,1,1,0.0,4.0,15600.0,15000_19999,0,nonfamily_living_alone,has_65_plus,48.0,1
donor_h0000460,08900,37,1,1,2.0,4.0,17100.0,15000_19999,2,nonfamily_living_alone,no_65_plus,37.0,1
donor_h0000461,08900,21,2,1,2.0,1.0,81050.0,75000_99999,2,married_couple,no_65_plus,21.0,2
donor_h0000462,08900,14,1,1,0.0,4.0,10400.0,10000_14999,0,nonfamily_living_alone,no_65_plus,14.0,1
donor_h0000463,08900,18,2,1,1.0,5.0,20540.0,20000_24999,1,nonfamily_living_alone,no_65_plus,18.0,2
donor_h0000464,08900,15,1,1,1.0,6.0,16000.0,15000_19999,1,nonfamily_not_living_alone,has_65_plus,15.0,1
donor_h0000465,08900,12,3,1,5.0,1.0,60001.0,60000_74999,4_plus,married_couple,has_65_plus,12.0,3
donor_h0000466,08900,71,1,1,1.0,6.0,30000.0,30000_34999,1,nonfamily_not_living_alone,no_65_plus,71.0,1
donor_h0000467,08900,11,5,1,2.0,2.0,31000.0,30000_34999,2,other_male_householder,no_65_plus,11.0,5
donor_h0000468,08900,13,2,1,4.0,1.0,174000.0,150000_199999,4_plus,married_couple,has_65_plus,13.0,2
donor_h0000469,08900,15,1,1,1.0,6.0,35900.0,35000_39999,1,nonfamily_not_living_alone,no_65_plus,15.0,1
donor_h0000470,08900,20,1,1,1.0,6.0,45980.0,45000_49999,1,nonfamily_not_living_alone,has_65_plus,20.0,1
donor_h0000471,08900,5,2,1,1.0,2.0,25200.0,25000_29999,1,other_male_householder,has_65_plus,5.0,2
donor_h0000472,08900,8,2,1,2.0,5.0,49800.0,45000_49999,2,nonfamily_living_alone,has_65_plus,8.0,2
donor_h0000473,08900,23,4,1,2.0,3.0,43000.0,40000_44999,2,other_female_householder,no_65_plus,23.0,4
donor_h0000474,08900,2,2,1,1.0,1.0,31000.0,30000_34999,1,married_couple,no_65_plus,2.0,2
donor_h0000475,08900,14,2,1,1.0,1.0,37500.0,35000_39999,1,married_couple,has_65_plus,14.0,2
donor_h0000476,08900,8,3,1,3.0,3.0,80600.0,75000_99999,3,other_female_householder,has_65_plus,8.0,3
donor_h0000477,08900,7,2,1,2.0,1.0,85500.0,75000_99999,2,married_couple,no_65_plus,7.0,2
donor_h0000478,08900,5,2,1,5.0,1.0,145000.0,125000_149999,4_plus,married_couple,no_65_plus,5.0,2
donor_h0000479,08900,12,2,1,2.0,1.0,165000.0,150000_199999,2,married_couple,no_65_plus,12.0,2
donor_h0000480,08900,6,4,1,4.0,1.0,125420.0,125000_149999,4_plus,married_couple,no_65_plus,6.0,4
donor_h0000481,08900,7,2,1,1.0,1.0,41100.0,40000_44999,1,married_couple,has_65_plus,7.0,2
donor_h0000482,08900,2,7,1,1.0,2.0,45100.0,45000_49999,1,other_male_householder,no_65_plus,2.0,7
donor_h0000483,08900,10,2,1,3.0,1.0,35000.0,35000_39999,3,married_couple,no_65_plus,10.0,2
donor_h0000484,08900,20,4,1,4.0,1.0,123080.0,100000_124999,4_plus,married_couple,no_65_plus,20.0,4
donor_h0000485,08900,14,2,1,2.0,1.0,47100.0,45000_49999,2,married_couple,has_65_plus,14.0,2
donor_h0000486,08900,7,1,1,2.0,6.0,277400.0,200000_plus,2,nonfamily_not_living_alone,has_65_plus,7.0,1
donor_h0000487,08900,5,3,1,3.0,1.0,70200.0,60000_74999,3,married_couple,no_65_plus,5.0,3
donor_h0000488,08900,10,3,1,2.0,1.0,39000.0,35000_39999,2,married_couple,no_65_plus,10.0,3
donor_h0000489,08900,9,2,1,3.0,1.0,200000.0,200000_plus,3,married_couple,no_65_plus,9.0,2
donor_h0000490,08900,20,1,1,1.0,4.0,18400.0,15000_19999,1,nonfamily_living_alone,has_65_plus,20.0,1
donor_h0000491,08900,47,2,1,0.0,3.0,3600.0,lt_10000,0,other_female_householder,no_65_plus,47.0,2
donor_h0000492,08900,36,1,1,0.0,6.0,23200.0,20000_24999,0,nonfamily_not_living_alone,has_65_plus,36.0,1
donor_h0000493,08900,26,4,1,3.0,1.0,156000.0,150000_199999,3,married_couple,no_65_plus,26.0,4
donor_h0000494,08900,4,2,1,3.0,1.0,100000.0,100000_124999,3,married_couple,no_65_plus,4.0,2
donor_h0000495,08900,13,2,1,2.0,2.0,175000.0,150000_199999,2,other_male_householder,no_65_plus,13.0,2
donor_h0000496,08900,24,2,1,2.0,1.0,112000.0,100000_124999,2,married_couple,no_65_plus,24.0,2
donor_h0000497,08900,11,2,1,2.0,1.0,78000.0,75000_99999,2,married_couple,no_65_plus,11.0,2
donor_h0000498,08900,10,1,1,2.0,4.0,18800.0,15000_19999,2,nonfamily_living_alone,has_65_plus,10.0,1
donor_h0000499,08900,7,2,1,3.0,1.0,45000.0,45000_49999,3,married_couple,has_65_plus,7.0,2
donor_h0000500,08900,13,2,1,1.0,1.0,58100.0,50000_59999,1,married_couple,has_65_plus,13.0,2
donor_h0000501,08900,7,4,1,2.0,1.0,122000.0,100000_124999,2,married_couple,no_65_plus,7.0,4
donor_h0000502,08900,13,5,1,3.0,2.0,87800.0,75000_99999,3,other_male_householder,has_65_plus,13.0,5
donor_h0000503,08900,22,1,1,1.0,4.0,15600.0,15000_19999,1,nonfamily_living_alone,has_65_plus,22.0,1
donor_h0000504,08900,14,2,1,2.0,1.0,17000.0,15000_19999,2,married_couple,no_65_plus,14.0,2
donor_h0000505,08900,39,2,1,2.0,1.0,59400.0,50000_59999,2,married_couple,has_65_plus,39.0,2
donor_h0000506,08900,14,1,1,1.0,6.0,25000.0,25000_29999,1,nonfamily_not_living_alone,no_65_plus,14.0,1
donor_h0000507,08900,12,2,1,2.0,1.0,61360.0,60000_74999,2,married_couple,has_65_plus,12.0,2
donor_h0000508,08900,12,1,1,1.0,6.0,16800.0,15000_19999,1,nonfamily_not_living_alone,no_65_plus,12.0,1
donor_h0000509,08900,13,1,1,1.0,4.0,34900.0,30000_34999,1,nonfamily_living_alone,has_65_plus,13.0,1
donor_h0000510,08900,6,5,1,1.0,3.0,25500.0,25000_29999,1,other_female_householder,no_65_plus,6.0,5
donor_h0000511,08900,11,1,1,2.0,6.0,52200.0,50000_59999,2,nonfamily_not_living_alone,has_65_plus,11.0,1
donor_h0000512,08900,20,2,1,2.0,1.0,143000.0,125000_149999,2,married_couple,no_65_plus,20.0,2
donor_h0000513,08900,11,2,1,1.0,1.0,84800.0,75000_99999,1,married_couple,no_65_plus,11.0,2
donor_h0000514,08900,13,3,1,1.0,3.0,25000.0,25000_29999,1,other_female_householder,no_65_plus,13.0,3
donor_h0000515,08900,35,1,1,0.0,4.0,9000.0,lt_10000,0,nonfamily_living_alone,no_65_plus,35.0,1
donor_h0000516,08900,18,1,1,2.0,6.0,5500.0,lt_10000,2,nonfamily_not_living_alone,no_65_plus,18.0,1
donor_h0000517,08900,15,1,1,1.0,6.0,57700.0,50000_59999,1,nonfamily_not_living_alone,has_65_plus,15.0,1
donor_h0000518,08900,5,5,1,3.0,1.0,8500.0,lt_10000,3,married_couple,no_65_plus,5.0,5
donor_h0000519,08900,36,2,1,1.0,7.0,43800.0,40000_44999,1,nonfamily_not_living_alone,no_65_plus,36.0,2
donor_h0000520,08900,15,2,1,1.0,1.0,63300.0,60000_74999,1,married_couple,no_65_plus,15.0,2
donor_h0000521,08900,15,1,1,0.0,6.0,39000.0,35000_39999,0,nonfamily_not_living_alone,has_65_plus,15.0,1
donor_h0000522,08900,13,3,1,2.0,1.0,71700.0,60000_74999,2,married_couple,no_65_plus,13.0,3
donor_h0000523,08900,11,5,1,3.0,2.0,8000.0,lt_10000,3,other_male_householder,no_65_plus,11.0,5
donor_h0000524,08900,13,2,1,2.0,1.0,68200.0,60000_74999,2,married_couple,has_65_plus,13.0,2
donor_h0000525,08900,12,2,1,2.0,1.0,135100.0,125000_149999,2,married_couple,no_65_plus,12.0,2
donor_h0000526,08900,10,1,1,1.0,6.0,92000.0,75000_99999,1,nonfamily_not_living_alone,no_65_plus,10.0,1
donor_h0000527,08900,9,1,1,2.0,6.0,48000.0,45000_49999,2,nonfamily_not_living_alone,no_65_plus,9.0,1
donor_h0000528,08900,21,3,1,2.0,1.0,51000.0,50000_59999,2,married_couple,no_65_plus,21.0,3
donor_h0000529,08900,24,4,1,1.0,3.0,10700.0,10000_14999,1,other_female_householder,no_65_plus,24.0,4
donor_h0000530,08900,14,2,1,2.0,1.0,69400.0,60000_74999,2,married_couple,has_65_plus,14.0,2
donor_h0000531,08900,11,5,1,3.0,1.0,81800.0,75000_99999,3,married_couple,has_65_plus,11.0,5
donor_h0000532,08900,12,2,1,3.0,1.0,78000.0,75000_99999,3,married_couple,has_65_plus,12.0,2
donor_h0000533,08900,14,3,1,3.0,2.0,80500.0,75000_99999,3,other_male_householder,no_65_plus,14.0,3
donor_h0000534,08900,7,2,1,2.0,1.0,44300.0,40000_44999,2,married_couple,no_65_plus,7.0,2
donor_h0000535,08900,17,3,1,2.0,2.0,25000.0,25000_29999,2,other_male_householder,has_65_plus,17.0,3
donor_h0000536,08900,11,2,1,1.0,5.0,32100.0,30000_34999,1,nonfamily_living_alone,has_65_plus,11.0,2
donor_h0000537,08900,18,2,1,3.0,1.0,84000.0,75000_99999,3,married_couple,no_65_plus,18.0,2
donor_h0000538,08900,13,3,1,1.0,2.0,48320.0,45000_49999,1,other_male_householder,no_65_plus,13.0,3
donor_h0000539,08900,12,1,1,1.0,6.0,9200.0,lt_10000,1,nonfamily_not_living_alone,no_65_plus,12.0,1
donor_h0000540,08900,25,2,1,2.0,2.0,19800.0,15000_19999,2,other_male_householder,no_65_plus,25.0,2
donor_h0000541,08900,7,3,1,2.0,1.0,482110.0,200000_plus,2,married_couple,no_65_plus,7.0,3
donor_h0000542,08900,22,1,1,1.0,4.0,68000.0,60000_74999,1,nonfamily_living_alone,no_65_plus,22.0,1
donor_h0000543,08900,19,2,1,3.0,2.0,14800.0,10000_14999,3,other_male_householder,has_65_plus,19.0,2
donor_h0000544,08900,12,1,1,3.0,6.0,96000.0,75000_99999,3,nonfamily_not_living_alone,no_65_plus,12.0,1
donor_h0000545,08900,13,2,1,2.0,1.0,54940.0,50000_59999,2,married_couple,no_65_plus,13.0,2
donor_h0000546,08900,12,4,1,2.0,1.0,45000.0,45000_49999,2,married_couple,no_65_plus,12.0,4
donor_h0000547,08900,4,1,1,1.0,4.0,10700.0,10000_14999,1,nonfamily_living_alone,no_65_plus,4.0,1
donor_h0000548,08900,12,2,1,2.0,1.0,98900.0,75000_99999,2,married_couple,has_65_plus,12.0,2
donor_h0000549,08900,6,2,1,2.0,1.0,104500.0,100000_124999,2,married_couple,no_65_plus,6.0,2
donor_h0000550,08900,19,2,1,1.0,7.0,69500.0,60000_74999,1,nonfamily_not_living_alone,no_65_plus,19.0,2
donor_h0000551,08900,7,2,1,2.0,1.0,56000.0,50000_59999,2,married_couple,no_65_plus,7.0,2
donor_h0000552,08900,37,1,1,1.0,6.0,21800.0,20000_24999,1,nonfamily_not_living_alone,has_65_plus,37.0,1
donor_h0000553,08900,6,5,1,3.0,1.0,156300.0,150000_199999,3,married_couple,no_65_plus,6.0,5
donor_h0000554,08900,8,3,1,3.0,1.0,62000.0,60000_74999,3,married_couple,has_65_plus,8.0,3
donor_h0000555,08900,12,1,1,1.0,6.0,63300.0,60000_74999,1,nonfamily_not_living_alone,no_65_plus,12.0,1
donor_h0000556,08900,22,2,1,2.0,1.0,93700.0,75000_99999,2,married_couple,no_65_plus,22.0,2
donor_h0000557,08900,34,4,1,2.0,1.0,80800.0,75000_99999,2,married_couple,no_65_plus,34.0,4
donor_h0000558,08900,19,1,1,2.0,4.0,113800.0,100000_124999,2,nonfamily_living_alone,has_65_plus,19.0,1
donor_h0000559,08900,10,5,1,2.0,1.0,94700.0,75000_99999,2,married_couple,has_65_plus,10.0,5
donor_h0000560,08900,22,4,1,2.0,1.0,40000.0,40000_44999,2,married_couple,no_65_plus,22.0,4
donor_h0000561,08900,20,1,1,0.0,4.0,12900.0,10000_14999,0,nonfamily_living_alone,no_65_plus,20.0,1
donor_h0000562,08900,11,1,1,1.0,6.0,36000.0,35000_39999,1,nonfamily_not_living_alone,has_65_plus,11.0,1
donor_h0000563,08900,4,1,1,2.0,6.0,13900.0,10000_14999,2,nonfamily_not_living_alone,has_65_plus,4.0,1
donor_h0000564,08900,13,2,1,1.0,3.0,35000.0,35000_39999,1,other_female_householder,no_65_plus,13.0,2
donor_h0000565,08900,5,1,1,1.0,4.0,35000.0,35000_39999,1,nonfamily_living_alone,no_65_plus,5.0,1
donor_h0000566,08900,14,1,1,1.0,4.0,12000.0,10000_14999,1,nonfamily_living_alone,no_65_plus,14.0,1
donor_h0000567,08900,8,2,1,2.0,1.0,20200.0,20000_24999,2,married_couple,no_65_plus,8.0,2
donor_h0000568,08900,7,1,1,1.0,6.0,48000.0,45000_49999,1,nonfamily_not_living_alone,has_65_plus,7.0,1
donor_h0000569,08900,31,4,1,1.0,1.0,39000.0,35000_39999,1,married_couple,no_65_plus,31.0,4
donor_h0000570,08900,20,2,1,1.0,1.0,70210.0,60000_74999,1,married_couple,has_65_plus,20.0,2
donor_h0000571,08900,10,3,1,2.0,1.0,51000.0,50000_59999,2,married_couple,no_65_plus,10.0,3
donor_h0000572,08900,22,2,1,2.0,1.0,82500.0,75000_99999,2,married_couple,no_65_plus,22.0,2
donor_h0000573,08900,12,1,1,2.0,4.0,64900.0,60000_74999,2,nonfamily_living_alone,has_65_plus,12.0,1
donor_h0000574,08900,11,2,1,2.0,1.0,11000.0,10000_14999,2,married_couple,no_65_plus,11.0,2
donor_h0000575,08900,11,3,1,4.0,3.0,70900.0,60000_74999,4_plus,other_female_householder,has_65_plus,11.0,3
donor_h0000576,08900,22,2,1,2.0,7.0,34300.0,30000_34999,2,nonfamily_not_living_alone,has_65_plus,22.0,2
donor_h0000577,08900,40,3,1,2.0,1.0,54310.0,50000_59999,2,married_couple,no_65_plus,40.0,3
donor_h0000578,08900,19,2,1,2.0,1.0,70200.0,60000_74999,2,married_couple,has_65_plus,19.0,2
donor_h0000579,08900,13,1,1,1.0,6.0,11400.0,10000_14999,1,nonfamily_not_living_alone,has_65_plus,13.0,1
donor_h0000580,08900,7,2,1,1.0,1.0,48650.0,45000_49999,1,married_couple,has_65_plus,7.0,2
donor_h0000581,08900,12,1,1,1.0,6.0,45700.0,45000_49999,1,nonfamily_not_living_alone,no_65_plus,12.0,1
donor_h0000582,08900,8,2,1,2.0,1.0,89400.0,75000_99999,2,married_couple,has_65_plus,8.0,2
donor_h0000583,08900,38,4,1,2.0,1.0,105000.0,100000_124999,2,married_couple,no_65_plus,38.0,4
donor_h0000584,08900,16,6,1,2.0,1.0,84660.0,75000_99999,2,married_couple,no_65_plus,16.0,6
donor_h0000585,08900,2,1,1,1.0,6.0,35000.0,35000_39999,1,nonfamily_not_living_alone,no_65_plus,2.0,1
donor_h0000586,08900,14,4,1,2.0,1.0,130000.0,125000_149999,2,married_couple,no_65_plus,14.0,4
donor_h0000587,08900,15,2,1,2.0,1.0,27400.0,25000_29999,2,married_couple,no_65_plus,15.0,2
donor_h0000588,08900,12,1,1,1.0,4.0,16700.0,15000_19999,1,nonfamily_living_alone,no_65_plus,12.0,1
donor_h0000589,08900,8,2,1,2.0,7.0,25900.0,25000_29999,2,nonfamily_not_living_alone,has_65_plus,8.0,2
donor_h0000590,08900,9,2,1,1.0,1.0,81400.0,75000_99999,1,married_couple,no_65_plus,9.0,2
donor_h0000591,08900,21,1,1,2.0,6.0,52000.0,50000_59999,2,nonfamily_not_living_alone,has_65_plus,21.0,1
donor_h0000592,08900,7,1,1,0.0,6.0,16800.0,15000_19999,0,nonfamily_not_living_alone,has_65_plus,7.0,1
donor_h0000593,08900,8,1,1,0.0,6.0,23700.0,20000_24999,0,nonfamily_not_living_alone,no_65_plus,8.0,1
donor_h0000594,08900,7,2,1,3.0,1.0,9850.0,lt_10000,3,married_couple,no_65_plus,7.0,2
donor_h0000595,08900,19,2,1,3.0,1.0,223500.0,200000_plus,3,married_couple,has_65_plus,19.0,2
donor_h0000596,08900,14,3,1,3.0,1.0,72000.0,60000_74999,3,married_couple,no_65_plus,14.0,3
donor_h0000597,08900,4,2,1,2.0,1.0,48900.0,45000_49999,2,married_couple,has_65_plus,4.0,2
donor_h0000598,08900,16,3,1,5.0,1.0,88600.0,75000_99999,4_plus,married_couple,no_65_plus,16.0,3
donor_h0000599,08900,12,1,1,1.0,6.0,14400.0,10000_14999,1,nonfamily_not_living_alone,has_65_plus,12.0,1
donor_h0000600,08900,19,2,1,2.0,1.0,71500.0,60000_74999,2,married_couple,has_65_plus,19.0,2
donor_h0000601,08900,8,1,1,2.0,6.0,12000.0,10000_14999,2,nonfamily_not_living_alone,no_65_plus,8.0,1
donor_h0000602,08900,38,3,1,4.0,1.0,109200.0,100000_124999,4_plus,married_couple,no_65_plus,38.0,3
donor_h0000603,08900,12,2,1,2.0,1.0,56600.0,50000_59999,2,married_couple,has_65_plus,12.0,2
donor_h0000604,08900,31,1,1,1.0,4.0,0.0,lt_10000,1,nonfamily_living_alone,no_65_plus,31.0,1
donor_h0000605,08900,28,1,1,1.0,4.0,12000.0,10000_14999,1,nonfamily_living_alone,no_65_plus,28.0,1
donor_h0000606,08900,12,2,1,1.0,2.0,18000.0,15000_19999,1,other_male_householder,has_65_plus,12.0,2
donor_h0000607,08900,11,3,1,0.0,3.0,11200.0,10000_14999,0,other_female_householder,no_65_plus,11.0,3
donor_h0000608,08900,3,1,1,4.0,4.0,18200.0,15000_19999,4_plus,nonfamily_living_alone,no_65_plus,3.0,1
donor_h0000609,08900,39,1,1,1.0,4.0,7200.0,lt_10000,1,nonfamily_living_alone,no_65_plus,39.0,1
donor_h0000610,08900,39,2,1,2.0,1.0,33950.0,30000_34999,2,married_couple,has_65_plus,39.0,2
donor_h0000611,08900,16,3,1,4.0,1.0,15000.0,15000_19999,4_plus,married_couple,no_65_plus,16.0,3
donor_h0000612,08900,5,4,1,2.0,1.0,59000.0,50000_59999,2,married_couple,no_65_plus,5.0,4
donor_h0000613,08900,20,2,1,1.0,2.0,45300.0,45000_49999,1,other_male_householder,no_65_plus,20.0,2
donor_h0000614,08900,13,5,1,2.0,1.0,380600.0,200000_plus,2,married_couple,no_65_plus,13.0,5
donor_h0000615,08900,40,1,1,0.0,4.0,4800.0,lt_10000,0,nonfamily_living_alone,no_65_plus,40.0,1
donor_h0000616,08900,15,5,1,2.0,1.0,83350.0,75000_99999,2,married_couple,no_65_plus,15.0,5
donor_h0000617,08900,24,2,1,2.0,3.0,20300.0,20000_24999,2,other_female_householder,has_65_plus,24.0,2
donor_h0000618,08900,50,4,1,2.0,1.0,43000.0,40000_44999,2,married_couple,no_65_plus,50.0,4
donor_h0000619,08900,9,1,1,2.0,6.0,44600.0,40000_44999,2,nonfamily_not_living_alone,has_65_plus,9.0,1
donor_h0000620,08900,18,2,1,2.0,3.0,21004.0,20000_24999,2,other_female_householder,no_65_plus,18.0,2
donor_h0000621,08900,5,1,1,0.0,4.0,12000.0,10000_14999,0,nonfamily_living_alone,no_65_plus,5.0,1
donor_h0000622,08900,13,3,1,2.0,1.0,95500.0,75000_99999,2,married_couple,no_65_plus,13.0,3
donor_h0000623,08900,7,1,1,1.0,4.0,19500.0,15000_19999,1,nonfamily_living_alone,has_65_plus,7.0,1
donor_h0000624,08900,22,1,1,0.0,4.0,10500.0,10000_14999,0,nonfamily_living_alone,no_65_plus,22.0,1
donor_h0000625,08900,7,1,1,1.0,6.0,37800.0,35000_39999,1,nonfamily_not_living_alone,has_65_plus,7.0,1
donor_h0000626,08900,18,1,1,1.0,6.0,476000.0,200000_plus,1,nonfamily_not_living_alone,has_65_plus,18.0,1
donor_h0000627,08900,11,2,1,0.0,7.0,16700.0,15000_19999,0,nonfamily_not_living_alone,no_65_plus,11.0,2
donor_h0000628,08900,14,3,1,1.0,3.0,5200.0,lt_10000,1,other_female_householder,no_65_plus,14.0,3
donor_h0000629,08900,68,1,1,1.0,6.0,18000.0,15000_19999,1,nonfamily_not_living_alone,no_65_plus,68.0,1
donor_h0000630,08900,5,1,1,0.0,4.0,10600.0,10000_14999,0,nonfamily_living_alone,no_65_plus,5.0,1
donor_h0000631,08900,7,5,1,3.0,1.0,102500.0,100000_124999,3,married_couple,has_65_plus,7.0,5
donor_h0000632,08900,10,2,1,1.0,1.0,72300.0,60000_74999,1,married_couple,has_65_plus,10.0,2
donor_h0000633,08900,8,2,1,1.0,1.0,70700.0,60000_74999,1,married_couple,has_65_plus,8.0,2
donor_h0000634,08900,4,2,1,2.0,1.0,21000.0,20000_24999,2,married_couple,has_65_plus,4.0,2
donor_h0000635,08900,14,2,1,3.0,1.0,115500.0,100000_124999,3,married_couple,no_65_plus,14.0,2
donor_h0000636,08900,12,2,1,3.0,1.0,103800.0,100000_124999,3,married_couple,has_65_plus,12.0,2
donor_h0000637,08900,7,1,1,0.0,6.0,14900.0,10000_14999,0,nonfamily_not_living_alone,has_65_plus,7.0,1
donor_h0000638,08900,14,3,1,3.0,1.0,98000.0,75000_99999,3,married_couple,no_65_plus,14.0,3
donor_h0000639,08900,23,3,1,2.0,1.0,125000.0,125000_149999,2,married_couple,no_65_plus,23.0,3
donor_h0000640,08900,9,5,1,6.0,3.0,41600.0,40000_44999,4_plus,other_female_householder,has_65_plus,9.0,5
donor_h0000641,08900,9,2,1,4.0,1.0,131500.0,125000_149999,4_plus,married_couple,has_65_plus,9.0,2
donor_h0000642,08900,12,1,1,1.0,6.0,13800.0,10000_14999,1,nonfamily_not_living_alone,has_65_plus,12.0,1
donor_h0000643,08900,12,3,1,3.0,1.0,35800.0,35000_39999,3,married_couple,has_65_plus,12.0,3
donor_h0000644,08900,40,1,1,1.0,6.0,10400.0,10000_14999,1,nonfamily_not_living_alone,no_65_plus,40.0,1
donor_h0000645,08900,53,3,1,2.0,1.0,32500.0,30000_34999,2,married_couple,no_65_plus,53.0,3
donor_h0000646,08900,4,2,1,3.0,1.0,100300.0,100000_124999,3,married_couple,has_65_plus,4.0,2
donor_h0000647,08900,7,3,1,2.0,1.0,63000.0,60000_74999,2,married_couple,no_65_plus,7.0,3
donor_h0000648,08900,40,5,1,1.0,1.0,13000.0,10000_14999,1,married_couple,no_65_plus,40.0,5
donor_h0000649,08900,12,2,1,1.0,1.0,40000.0,40000_44999,1,married_couple,has_65_plus,12.0,2
donor_h0000650,08900,8,1,1,2.0,6.0,0.0,lt_10000,2,nonfamily_not_living_alone,no_65_plus,8.0,1
donor_h0000651,08900,2,3,1,2.0,1.0,128900.0,125000_149999,2,married_couple,has_65_plus,2.0,3
donor_h0000652,08900,14,2,1,2.0,5.0,54000.0,50000_59999,2,nonfamily_living_alone,no_65_plus,14.0,2
donor_h0000653,08900,8,2,1,2.0,1.0,42900.0,40000_44999,2,married_couple,no_65_plus,8.0,2
donor_h0000654,08900,19,4,1,1.0,1.0,70000.0,60000_74999,1,married_couple,no_65_plus,19.0,4
donor_h0000655,08900,27,3,1,2.0,1.0,47000.0,45000_49999,2,married_couple,has_65_plus,27.0,3
donor_h0000656,08900,9,5,1,2.0,1.0,59200.0,50000_59999,2,married_couple,has_65_plus,9.0,5
donor_h0000657,08900,22,2,1,3.0,1.0,34000.0,30000_34999,3,married_couple,no_65_plus,22.0,2
donor_h0000658,08900,9,1,1,2.0,6.0,39500.0,35000_39999,2,nonfamily_not_living_alone,no_65_plus,9.0,1
donor_h0000659,08900,7,1,1,0.0,4.0,4700.0,lt_10000,0,nonfamily_living_alone,no_65_plus,7.0,1
donor_h0000660,08900,13,1,1,1.0,6.0,67000.0,60000_74999,1,nonfamily_not_living_alone,has_65_plus,13.0,1
donor_h0000661,08900,5,2,1,5.0,1.0,127210.0,125000_149999,4_plus,married_couple,has_65_plus,5.0,2
donor_h0000662,08900,11,1,1,1.0,4.0,100200.0,100000_124999,1,nonfamily_living_alone,no_65_plus,11.0,1
donor_h0000663,08900,5,4,1,4.0,1.0,117000.0,100000_124999,4_plus,married_couple,no_65_plus,5.0,4
donor_h0000664,08900,19,2,1,4.0,1.0,46700.0,45000_49999,4_plus,married_couple,has_65_plus,19.0,2
donor_h0000665,08900,12,2,1,2.0,1.0,60000.0,60000_74999,2,married_couple,no_65_plus,12.0,2
donor_h0000666,08900,15,2,1,2.0,1.0,60800.0,60000_74999,2,married_couple,no_65_plus,15.0,2
donor_h0000667,08900,14,3,1,2.0,3.0,7300.0,lt_10000,2,other_female_householder,no_65_plus,14.0,3
donor_h0000668,08900,12,2,1,3.0,1.0,43000.0,40000_44999,3,married_couple,has_65_plus,12.0,2
donor_h0000669,08900,38,2,1,2.0,1.0,73600.0,60000_74999,2,married_couple,has_65_plus,38.0,2
donor_h0000670,08900,8,1,1,2.0,4.0,26400.0,25000_29999,2,nonfamily_living_alone,has_65_plus,8.0,1
donor_h0000671,08900,9,3,1,0.0,2.0,93200.0,75000_99999,0,other_male_householder,has_65_plus,9.0,3
donor_h0000672,08900,9,2,1,2.0,1.0,51000.0,50000_59999,2,married_couple,no_65_plus,9.0,2
donor_h0000673,08900,23,1,1,1.0,6.0,21000.0,20000_24999,1,nonfamily_not_living_alone,no_65_plus,23.0,1
donor_h0000674,08900,13,2,1,1.0,1.0,48000.0,45000_49999,1,married_couple,no_65_plus,13.0,2
donor_h0000675,08900,24,2,1,1.0,1.0,60000.0,60000_74999,1,married_couple,no_65_plus,24.0,2
donor_h0000676,08900,4,2,1,4.0,1.0,83000.0,75000_99999,4_plus,married_couple,has_65_plus,4.0,2
donor_h0000677,08900,35,2,1,1.0,3.0,22000.0,20000_24999,1,other_female_householder,no_65_plus,35.0,2
donor_h0000678,08900,10,2,1,4.0,1.0,66000.0,60000_74999,4_plus,married_couple,has_65_plus,10.0,2
donor_h0000679,08900,23,2,1,2.0,1.0,26600.0,25000_29999,2,married_couple,no_65_plus,23.0,2
donor_h0000680,08900,7,2,1,2.0,5.0,54200.0,50000_59999,2,nonfamily_living_alone,no_65_plus,7.0,2
donor_h0000681,08900,34,1,1,1.0,4.0,9500.0,lt_10000,1,nonfamily_living_alone,has_65_plus,34.0,1
donor_h0000682,08900,12,2,1,1.0,3.0,12600.0,10000_14999,1,other_female_householder,has_65_plus,12.0,2
donor_h0000683,08900,17,4,1,1.0,3.0,100000.0,100000_124999,1,other_female_householder,no_65_plus,17.0,4
donor_h0000684,08900,12,2,1,2.0,1.0,64400.0,60000_74999,2,married_couple,has_65_plus,12.0,2
donor_h0000685,08900,12,2,1,1.0,1.0,66000.0,60000_74999,1,married_couple,no_65_plus,12.0,2
donor_h0000686,08900,12,2,1,2.0,3.0,30000.0,30000_34999,2,other_female_householder,no_65_plus,12.0,2
donor_h0000687,08900,37,5,1,2.0,1.0,46500.0,45000_49999,2,married_couple,no_65_plus,37.0,5
donor_h0000688,08900,8,2,1,2.0,1.0,77000.0,75000_99999,2,married_couple,no_65_plus,8.0,2
donor_h0000689,08900,8,4,1,0.0,1.0,28000.0,25000_29999,0,married_couple,no_65_plus,8.0,4
donor_h0000690,08900,8,3,1,4.0,1.0,102600.0,100000_124999,4_plus,married_couple,no_65_plus,8.0,3
donor_h0000691,08900,13,4,1,2.0,1.0,43800.0,40000_44999,2,married_couple,has_65_plus,13.0,4
donor_h0000692,08900,68,2,1,1.0,1.0,140000.0,125000_149999,1,married_couple,no_65_plus,68.0,2
donor_h0000693,08900,49,3,1,2.0,3.0,28000.0,25000_29999,2,other_female_householder,no_65_plus,49.0,3
donor_h0000694,08900,11,1,1,1.0,6.0,87300.0,75000_99999,1,nonfamily_not_living_alone,no_65_plus,11.0,1
donor_h0000695,08900,19,2,1,3.0,1.0,16900.0,15000_19999,3,married_couple,has_65_plus,19.0,2
donor_h0000696,08900,18,1,1,1.0,6.0,30000.0,30000_34999,1,nonfamily_not_living_alone,no_65_plus,18.0,1
donor_h0000697,08900,13,1,1,1.0,4.0,49700.0,45000_49999,1,nonfamily_living_alone,has_65_plus,13.0,1
donor_h0000698,08900,14,2,1,2.0,5.0,32000.0,30000_34999,2,nonfamily_living_alone,no_65_plus,14.0,2
donor_h0000699,08900,16,1,1,2.0,4.0,61450.0,60000_74999,2,nonfamily_living_alone,has_65_plus,16.0,1
donor_h0000700,08900,13,2,1,2.0,7.0,93000.0,75000_99999,2,nonfamily_not_living_alone,no_65_plus,13.0,2
donor_h0000701,08900,12,3,1,0.0,2.0,28200.0,25000_29999,0,other_male_householder,has_65_plus,12.0,3
donor_h0000702,08900,11,1,1,1.0,6.0,15400.0,15000_19999,1,nonfamily_not_living_alone,has_65_plus,11.0,1
donor_h0000703,08900,9,1,1,1.0,4.0,40000.0,40000_44999,1,nonfamily_living_alone,no_65_plus,9.0,1
donor_h0000704,08900,11,2,1,3.0,1.0,130600.0,125000_149999,3,married_couple,no_65_plus,11.0,2
donor_h0000705,08900,12,4,1,2.0,1.0,51200.0,50000_59999,2,married_couple,no_65_plus,12.0,4
donor_h0000706,08900,29,2,1,1.0,2.0,45000.0,45000_49999,1,other_male_householder,no_65_plus,29.0,2
donor_h0000707,08900,14,2,1,2.0,1.0,65000.0,60000_74999,2,married_couple,has_65_plus,14.0,2
donor_h0000708,08900,13,1,1,2.0,4.0,57000.0,50000_59999,2,nonfamily_living_alone,no_65_plus,13.0,1
donor_h0000709,08900,12,2,1,2.0,1.0,46700.0,45000_49999,2,married_couple,no_65_plus,12.0,2
donor_h0000710,08900,9,1,1,1.0,6.0,12000.0,10000_14999,1,nonfamily_not_living_alone,no_65_plus,9.0,1
donor_h0000711,08900,13,5,1,3.0,2.0,56000.0,50000_59999,3,other_male_householder,no_65_plus,13.0,5
donor_h0000712,08900,14,1,1,1.0,4.0,10700.0,10000_14999,1,nonfamily_living_alone,no_65_plus,14.0,1
donor_h0000713,08900,40,2,1,2.0,5.0,18000.0,15000_19999,2,nonfamily_living_alone,no_65_plus,40.0,2
donor_h0000714,08900,24,1,1,0.0,6.0,14600.0,10000_14999,0,nonfamily_not_living_alone,has_65_plus,24.0,1
donor_h0000715,08900,25,5,1,2.0,1.0,60000.0,60000_74999,2,married_couple,no_65_plus,25.0,5
donor_h0000716,08900,5,2,1,2.0,1.0,160400.0,150000_199999,2,married_couple,no_65_plus,5.0,2
donor_h0000717,08900,22,2,1,2.0,7.0,14300.0,10000_14999,2,nonfamily_not_living_alone,no_65_plus,22.0,2
donor_h0000718,08900,12,2,1,3.0,1.0,51100.0,50000_59999,3,married_couple,no_65_plus,12.0,2
donor_h0000719,08900,12,1,1,1.0,6.0,71000.0,60000_74999,1,nonfamily_not_living_alone,has_65_plus,12.0,1
donor_h0000720,08900,7,2,1,3.0,1.0,195300.0,150000_199999,3,married_couple,has_65_plus,7.0,2
donor_h0000721,08900,8,4,1,2.0,1.0,125200.0,125000_149999,2,married_couple,no_65_plus,8.0,4
donor_h0000722,08900,4,8,1,5.0,1.0,85000.0,75000_99999,4_plus,married_couple,no_65_plus,4.0,8
donor_h0000723,08900,13,1,1,0.0,6.0,1100.0,lt_10000,0,nonfamily_not_living_alone,no_65_plus,13.0,1
donor_h0000724,08900,9,6,1,4.0,1.0,112900.0,100000_124999,4_plus,married_couple,no_65_plus,9.0,6
donor_h0000725,08900,13,2,1,2.0,3.0,47000.0,45000_49999,2,other_female_householder,no_65_plus,13.0,2
donor_h0000726,08900,13,2,1,2.0,1.0,84600.0,75000_99999,2,married_couple,no_65_plus,13.0,2
donor_h0000727,08900,19,5,1,2.0,1.0,30000.0,30000_34999,2,married_couple,no_65_plus,19.0,5
donor_h0000728,08900,11,2,1,2.0,1.0,52000.0,50000_59999,2,married_couple,no_65_plus,11.0,2
donor_h0000729,08900,12,2,1,2.0,1.0,38400.0,35000_39999,2,married_couple,no_65_plus,12.0,2
donor_h0000730,08900,14,6,1,6.0,1.0,170101.0,150000_199999,4_plus,married_couple,no_65_plus,14.0,6
donor_h0000731,08900,11,2,1,2.0,1.0,42300.0,40000_44999,2,married_couple,has_65_plus,11.0,2
donor_h0000732,08900,6,1,1,1.0,6.0,32360.0,30000_34999,1,nonfamily_not_living_alone,has_65_plus,6.0,1
donor_h0000733,08900,42,1,1,2.0,4.0,19800.0,15000_19999,2,nonfamily_living_alone,no_65_plus,42.0,1
donor_h0000734,08900,8,1,1,4.0,4.0,25100.0,25000_29999,4_plus,nonfamily_living_alone,has_65_plus,8.0,1
donor_h0000735,08900,16,3,1,4.0,1.0,107100.0,100000_124999,4_plus,married_couple,has_65_plus,16.0,3
donor_h0000736,08900,6,2,1,2.0,3.0,30000.0,30000_34999,2,other_female_householder,has_65_plus,6.0,2
donor_h0000737,08900,2,3,1,2.0,3.0,21600.0,20000_24999,2,other_female_householder,no_65_plus,2.0,3
donor_h0000738,08900,12,2,1,2.0,1.0,89600.0,75000_99999,2,married_couple,no_65_plus,12.0,2
donor_h0000739,08900,12,1,1,1.0,6.0,23300.0,20000_24999,1,nonfamily_not_living_alone,has_65_plus,12.0,1
donor_h0000740,08900,13,4,1,3.0,1.0,74000.0,60000_74999,3,married_couple,no_65_plus,13.0,4
donor_h0000741,08900,7,5,1,3.0,1.0,80000.0,75000_99999,3,married_couple,has_65_plus,7.0,5
donor_h0000742,08900,12,1,1,0.0,6.0,19000.0,15000_19999,0,nonfamily_not_living_alone,has_65_plus,12.0,1
donor_h0000743,08900,15,1,1,1.0,4.0,25000.0,25000_29999,1,nonfamily_living_alone,no_65_plus,15.0,1
donor_h0000744,08900,13,6,1,2.0,1.0,71000.0,60000_74999,2,married_couple,has_65_plus,13.0,6
donor_h0000745,08900,24,5,1,3.0,1.0,59000.0,50000_59999,3,married_couple,no_65_plus,24.0,5
donor_h0000746,08900,34,2,1,1.0,5.0,40000.0,40000_44999,1,nonfamily_living_alone,no_65_plus,34.0,2
donor_h0000747,08900,7,2,1,3.0,1.0,95000.0,75000_99999,3,married_couple,no_65_plus,7.0,2
donor_h0000748,08900,37,1,1,1.0,4.0,20000.0,20000_24999,1,nonfamily_living_alone,no_65_plus,37.0,1
donor_h0000749,08900,16,4,1,3.0,1.0,68000.0,60000_74999,3,married_couple,no_65_plus,16.0,4
donor_h0000750,08900,25,5,1,3.0,1.0,78000.0,75000_99999,3,married_couple,no_65_plus,25.0,5
donor_h0000751,08900,13,1,1,4.0,6.0,20100.0,20000_24999,4_plus,nonfamily_not_living_alone,has_65_plus,13.0,1
donor_h0000752,08900,20,1,1,2.0,6.0,8400.0,lt_10000,2,nonfamily_not_living_alone,has_65_plus,20.0,1
donor_h0000753,08900,13,2,1,2.0,2.0,28000.0,25000_29999,2,other_male_householder,no_65_plus,13.0,2
donor_h0000754,08900,43,1,1,1.0,6.0,25000.0,25000_29999,1,nonfamily_not_living_alone,no_65_plus,43.0,1
donor_h0000755,08900,5,2,1,3.0,1.0,24002.0,20000_24999,3,married_couple,has_65_plus,5.0,2
donor_h0000756,08900,12,3,1,1.0,1.0,38950.0,35000_39999,1,married_couple,no_65_plus,12.0,3
donor_h0000757,08900,21,2,1,3.0,1.0,77000.0,75000_99999,3,married_couple,has_65_plus,21.0,2
donor_h0000758,08900,8,2,1,2.0,2.0,58000.0,50000_59999,2,other_male_householder,has_65_plus,8.0,2
donor_h0000759,08900,23,2,1,2.0,5.0,51000.0,50000_59999,2,nonfamily_living_alone,no_65_plus,23.0,2
donor_h0000760,08900,13,1,1,0.0,6.0,0.0,lt_10000,0,nonfamily_not_living_alone,no_65_plus,13.0,1
donor_h0000761,08900,13,1,1,2.0,4.0,18000.0,15000_19999,2,nonfamily_living_alone,no_65_plus,13.0,1
donor_h0000762,08900,12,3,1,3.0,1.0,8500.0,lt_10000,3,married_couple,has_65_plus,12.0,3
donor_h0000763,08900,9,1,1,1.0,6.0,17300.0,15000_19999,1,nonfamily_not_living_alone,has_65_plus,9.0,1
donor_h0000764,08900,12,2,1,1.0,3.0,54200.0,50000_59999,1,other_female_householder,has_65_plus,12.0,2
donor_h0000765,08900,64,2,1,3.0,1.0,65000.0,60000_74999,3,married_couple,no_65_plus,64.0,2
donor_h0000766,08900,8,2,1,1.0,1.0,44500.0,40000_44999,1,married_couple,has_65_plus,8.0,2
donor_h0000767,08900,9,3,1,3.0,1.0,108700.0,100000_124999,3,married_couple,has_65_plus,9.0,3
donor_h0000768,08900,11,1,1,2.0,4.0,108500.0,100000_124999,2,nonfamily_living_alone,no_65_plus,11.0,1
donor_h0000769,08900,8,2,1,5.0,5.0,34600.0,30000_34999,4_plus,nonfamily_living_alone,has_65_plus,8.0,2
donor_h0000770,08900,7,2,1,3.0,1.0,0.0,lt_10000,3,married_couple,no_65_plus,7.0,2
donor_h0000771,08900,14,5,1,6.0,3.0,95200.0,75000_99999,4_plus,other_female_householder,no_65_plus,14.0,5
donor_h0000772,08900,23,3,1,2.0,1.0,33300.0,30000_34999,2,married_couple,has_65_plus,23.0,3
donor_h0000773,08900,18,1,1,2.0,6.0,80000.0,75000_99999,2,nonfamily_not_living_alone,no_65_plus,18.0,1
donor_h0000774,08900,34,1,1,1.0,4.0,18000.0,15000_19999,1,nonfamily_living_alone,has_65_plus,34.0,1
donor_h0000775,08900,11,2,1,3.0,2.0,171200.0,150000_199999,3,other_male_householder,has_65_plus,11.0,2
donor_h0000776,08900,17,2,1,3.0,1.0,69000.0,60000_74999,3,married_couple,has_65_plus,17.0,2
donor_h0000777,08900,12,2,1,2.0,1.0,22100.0,20000_24999,2,married_couple,no_65_plus,12.0,2
donor_h0000778,08900,14,4,1,4.0,3.0,100100.0,100000_124999,4_plus,other_female_householder,no_65_plus,14.0,4
donor_h0000779,08900,38,1,1,2.0,4.0,108500.0,100000_124999,2,nonfamily_living_alone,no_65_plus,38.0,1
donor_h0000780,08900,20,2,1,2.0,1.0,20000.0,20000_24999,2,married_couple,no_65_plus,20.0,2
donor_h0000781,08900,12,1,1,2.0,6.0,24600.0,20000_24999,2,nonfamily_not_living_alone,no_65_plus,12.0,1
donor_h0000782,08900,8,2,1,2.0,5.0,131600.0,125000_149999,2,nonfamily_living_alone,no_65_plus,8.0,2
donor_h0000783,08900,11,1,1,0.0,4.0,0.0,lt_10000,0,nonfamily_living_alone,no_65_plus,11.0,1
donor_h0000784,08900,21,1,1,1.0,6.0,12000.0,10000_14999,1,nonfamily_not_living_alone,no_65_plus,21.0,1
donor_h0000785,08900,26,1,1,1.0,6.0,20100.0,20000_24999,1,nonfamily_not_living_alone,no_65_plus,26.0,1
donor_h0000786,08900,6,4,1,4.0,1.0,139000.0,125000_149999,4_plus,married_couple,no_65_plus,6.0,4
donor_h0000787,08900,20,1,1,2.0,4.0,78400.0,75000_99999,2,nonfamily_living_alone,has_65_plus,20.0,1
donor_h0000788,08900,14,4,1,2.0,1.0,68900.0,60000_74999,2,married_couple,no_65_plus,14.0,4
donor_h0000789,08900,12,2,1,2.0,1.0,28000.0,25000_29999,2,married_couple,has_65_plus,12.0,2
donor_h0000790,08900,16,4,1,2.0,1.0,80000.0,75000_99999,2,married_couple,no_65_plus,16.0,4
donor_h0000791,08900,23,1,1,0.0,6.0,4200.0,lt_10000,0,nonfamily_not_living_alone,has_65_plus,23.0,1
donor_h0000792,08900,8,6,1,2.0,1.0,100000.0,100000_124999,2,married_couple,no_65_plus,8.0,6
donor_h0000793,08900,12,2,1,1.0,3.0,22200.0,20000_24999,1,other_female_householder,no_65_plus,12.0,2
donor_h0000794,08900,22,2,1,2.0,1.0,31200.0,30000_34999,2,married_couple,no_65_plus,22.0,2
donor_h0000795,08900,14,1,1,1.0,6.0,11400.0,10000_14999,1,nonfamily_not_living_alone,no_65_plus,14.0,1
donor_h0000796,08900,13,2,1,2.0,1.0,22230.0,20000_24999,2,married_couple,no_65_plus,13.0,2
donor_h0000797,08900,16,2,1,1.0,5.0,52400.0,50000_59999,1,nonfamily_living_alone,has_65_plus,16.0,2
donor_h0000798,08900,12,1,1,1.0,6.0,25000.0,25000_29999,1,nonfamily_not_living_alone,no_65_plus,12.0,1
donor_h0000799,08900,14,4,1,2.0,1.0,54800.0,50000_59999,2,married_couple,has_65_plus,14.0,4
donor_h0000800,08900,9,1,1,0.0,6.0,10200.0,10000_14999,0,nonfamily_not_living_alone,no_65_plus,9.0,1
donor_h0000801,08900,12,1,1,1.0,4.0,2400.0,lt_10000,1,nonfamily_living_alone,no_65_plus,12.0,1
donor_h0000802,08900,12,1,1,1.0,6.0,52200.0,50000_59999,1,nonfamily_not_living_alone,has_65_plus,12.0,1
donor_h0000803,08900,36,2,1,2.0,1.0,41000.0,40000_44999,2,married_couple,no_65_plus,36.0,2
donor_h0000804,08900,7,1,1,1.0,6.0,11200.0,10000_14999,1,nonfamily_not_living_alone,has_65_plus,7.0,1
donor_h0000805,08900,6,3,1,2.0,3.0,90500.0,75000_99999,2,other_female_householder,has_65_plus,6.0,3
donor_h0000806,08900,26,2,1,1.0,3.0,110000.0,100000_124999,1,other_female_householder,no_65_plus,26.0,2
donor_h0000807,08900,12,6,1,2.0,1.0,48600.0,45000_49999,2,married_couple,no_65_plus,12.0,6
donor_h0000808,08900,8,3,1,4.0,1.0,44900.0,40000_44999,4_plus,married_couple,no_65_plus,8.0,3
donor_h0000809,08900,21,2,1,1.0,3.0,66500.0,60000_74999,1,other_female_householder,no_65_plus,21.0,2
donor_h0000810,08900,12,1,1,1.0,4.0,29620.0,25000_29999,1,nonfamily_living_alone,has_65_plus,12.0,1
donor_h0000811,08900,23,2,1,2.0,1.0,47200.0,45000_49999,2,married_couple,has_65_plus,23.0,2
donor_h0000812,08900,10,2,1,1.0,1.0,19000.0,15000_19999,1,married_couple,has_65_plus,10.0,2
donor_h0000813,08900,10,2,1,1.0,3.0,22800.0,20000_24999,1,other_female_householder,has_65_plus,10.0,2
donor_h0000814,08900,4,1,1,1.0,6.0,24800.0,20000_24999,1,nonfamily_not_living_alone,no_65_plus,4.0,1
donor_h0000815,08900,7,2,1,3.0,1.0,110200.0,100000_124999,3,married_couple,has_65_plus,7.0,2
donor_h0000816,08900,10,3,1,4.0,3.0,47700.0,45000_49999,4_plus,other_female_householder,no_65_plus,10.0,3
donor_h0000817,08900,12,2,1,1.0,7.0,10500.0,10000_14999,1,nonfamily_not_living_alone,no_65_plus,12.0,2
donor_h0000818,08900,25,5,1,1.0,1.0,8000.0,lt_10000,1,married_couple,no_65_plus,25.0,5
donor_h0000819,08900,8,1,1,2.0,4.0,33600.0,30000_34999,2,nonfamily_living_alone,has_65_plus,8.0,1
donor_h0000820,08900,13,1,1,1.0,6.0,10200.0,10000_14999,1,nonfamily_not_living_alone,no_65_plus,13.0,1
donor_h0000821,08900,2,2,1,1.0,3.0,28900.0,25000_29999,1,other_female_householder,has_65_plus,2.0,2
donor_h0000822,08900,7,2,1,2.0,1.0,89900.0,75000_99999,2,married_couple,has_65_plus,7.0,2
donor_h0000823,08900,9,2,1,0.0,1.0,67400.0,60000_74999,0,married_couple,has_65_plus,9.0,2
donor_h0000824,08900,12,1,1,1.0,6.0,300.0,lt_10000,1,nonfamily_not_living_alone,no_65_plus,12.0,1
donor_h0000825,08900,9,1,1,2.0,6.0,6750.0,lt_10000,2,nonfamily_not_living_alone,has_65_plus,9.0,1
donor_h0000826,08900,14,1,1,2.0,4.0,30000.0,30000_34999,2,nonfamily_living_alone,no_65_plus,14.0,1
donor_h0000827,08900,12,1,1,0.0,6.0,10500.0,10000_14999,0,nonfamily_not_living_alone,no_65_plus,12.0,1
donor_h0000828,08900,39,3,1,1.0,2.0,20000.0,20000_24999,1,other_male_householder,no_65_plus,39.0,3
donor_h0000829,08900,13,2,1,2.0,1.0,63900.0,60000_74999,2,married_couple,has_65_plus,13.0,2
donor_h0000830,08900,11,5,1,2.0,1.0,93260.0,75000_99999,2,married_couple,no_65_plus,11.0,5
donor_h0000831,08900,4,4,1,0.0,1.0,294750.0,200000_plus,0,married_couple,no_65_plus,4.0,4
donor_h0000832,08900,7,5,1,5.0,1.0,174400.0,150000_199999,4_plus,married_couple,has_65_plus,7.0,5
donor_h0000833,08900,8,1,1,1.0,4.0,61200.0,60000_74999,1,nonfamily_living_alone,no_65_plus,8.0,1
donor_h0000834,08900,7,1,1,1.0,4.0,10000.0,10000_14999,1,nonfamily_living_alone,no_65_plus,7.0,1
donor_h0000835,08900,13,7,1,1.0,3.0,54280.0,50000_59999,1,other_female_householder,no_65_plus,13.0,7
donor_h0000836,08900,31,3,1,3.0,2.0,31800.0,30000_34999,3,other_male_householder,no_65_plus,31.0,3
donor_h0000837,08900,4,3,1,4.0,1.0,517000.0,200000_plus,4_plus,married_couple,no_65_plus,4.0,3
donor_h0000838,08900,13,2,1,2.0,1.0,40300.0,40000_44999,2,married_couple,has_65_plus,13.0,2
donor_h0000839,08900,11,4,1,3.0,2.0,14600.0,10000_14999,3,other_male_householder,no_65_plus,11.0,4
donor_h0000840,08900,4,1,1,1.0,6.0,10500.0,10000_14999,1,nonfamily_not_living_alone,no_65_plus,4.0,1
donor_h0000841,08900,11,4,1,3.0,1.0,38600.0,35000_39999,3,married_couple,no_65_plus,11.0,4
donor_h0000842,08900,11,6,1,2.0,1.0,50000.0,50000_59999,2,married_couple,no_65_plus,11.0,6
donor_h0000843,08900,11,1,1,2.0,6.0,40000.0,40000_44999,2,nonfamily_not_living_alone,has_65_plus,11.0,1
donor_h0000844,08900,14,2,1,3.0,1.0,119300.0,100000_124999,3,married_couple,no_65_plus,14.0,2
donor_h0000845,08900,8,2,1,3.0,2.0,31000.0,30000_34999,3,other_male_householder,no_65_plus,8.0,2
donor_h0000846,08900,14,2,1,3.0,1.0,213430.0,200000_plus,3,married_couple,no_65_plus,14.0,2
donor_h0000847,08900,11,3,1,0.0,1.0,52000.0,50000_59999,0,married_couple,no_65_plus,11.0,3
donor_h0000848,08900,8,2,1,2.0,2.0,28800.0,25000_29999,2,other_male_householder,has_65_plus,8.0,2
donor_h0000849,08900,12,2,1,2.0,1.0,70000.0,60000_74999,2,married_couple,no_65_plus,12.0,2
donor_h0000850,08900,13,3,1,3.0,1.0,56000.0,50000_59999,3,married_couple,no_65_plus,13.0,3
donor_h0000851,08900,12,2,1,3.0,1.0,145400.0,125000_149999,3,married_couple,has_65_plus,12.0,2
donor_h0000852,08900,13,2,1,4.0,1.0,55300.0,50000_59999,4_plus,married_couple,no_65_plus,13.0,2
donor_h0000853,08900,10,2,1,2.0,1.0,59100.0,50000_59999,2,married_couple,has_65_plus,10.0,2
donor_h0000854,08900,7,2,1,2.0,1.0,125000.0,125000_149999,2,married_couple,no_65_plus,7.0,2
donor_h0000855,08900,7,6,1,5.0,1.0,562350.0,200000_plus,4_plus,married_couple,has_65_plus,7.0,6
donor_h0000856,08900,2,2,1,1.0,1.0,53400.0,50000_59999,1,married_couple,has_65_plus,2.0,2
donor_h0000857,08900,7,3,1,3.0,2.0,150000.0,150000_199999,3,other_male_householder,no_65_plus,7.0,3
donor_h0000858,08900,7,5,1,5.0,3.0,81970.0,75000_99999,4_plus,other_female_householder,has_65_plus,7.0,5
donor_h0000859,08900,5,1,1,1.0,6.0,24000.0,20000_24999,1,nonfamily_not_living_alone,has_65_plus,5.0,1
donor_h0000860,08900,15,4,1,3.0,1.0,33000.0,30000_34999,3,married_couple,no_65_plus,15.0,4
donor_h0000861,08900,18,2,1,2.0,3.0,162000.0,150000_199999,2,other_female_householder,no_65_plus,18.0,2
donor_h0000862,08900,25,5,1,3.0,1.0,63000.0,60000_74999,3,married_couple,no_65_plus,25.0,5
donor_h0000863,08900,5,1,1,2.0,4.0,10800.0,10000_14999,2,nonfamily_living_alone,has_65_plus,5.0,1
donor_h0000864,08900,22,3,1,1.0,3.0,93200.0,75000_99999,1,other_female_householder,no_65_plus,22.0,3
donor_h0000865,08900,41,5,1,2.0,3.0,45000.0,45000_49999,2,other_female_householder,no_65_plus,41.0,5
donor_h0000866,08900,11,1,1,0.0,6.0,50000.0,50000_59999,0,nonfamily_not_living_alone,has_65_plus,11.0,1
donor_h0000867,08900,10,5,1,3.0,1.0,192000.0,150000_199999,3,married_couple,has_65_plus,10.0,5
donor_h0000868,08900,8,2,1,2.0,1.0,51300.0,50000_59999,2,married_couple,no_65_plus,8.0,2
donor_h0000869,08900,8,2,1,2.0,1.0,61000.0,60000_74999,2,married_couple,has_65_plus,8.0,2
donor_h0000870,08900,23,2,1,3.0,1.0,122200.0,100000_124999,3,married_couple,has_65_plus,23.0,2
donor_h0000871,08900,4,1,1,1.0,6.0,107000.0,100000_124999,1,nonfamily_not_living_alone,no_65_plus,4.0,1
donor_h0000872,08900,14,2,1,3.0,1.0,64010.0,60000_74999,3,married_couple,no_65_plus,14.0,2
donor_h0000873,08900,17,2,1,3.0,5.0,115000.0,100000_124999,3,nonfamily_living_alone,no_65_plus,17.0,2
donor_h0000874,08900,16,2,1,2.0,1.0,35900.0,35000_39999,2,married_couple,no_65_plus,16.0,2
donor_h0000875,08900,17,1,1,2.0,6.0,13800.0,10000_14999,2,nonfamily_not_living_alone,has_65_plus,17.0,1
donor_h0000876,08900,61,4,1,1.0,3.0,10350.0,10000_14999,1,other_female_householder,no_65_plus,61.0,4
donor_h0000877,08900,6,1,1,2.0,4.0,99000.0,75000_99999,2,nonfamily_living_alone,no_65_plus,6.0,1
donor_h0000878,08900,20,4,1,2.0,1.0,65140.0,60000_74999,2,married_couple,no_65_plus,20.0,4
donor_h0000879,08900,25,2,1,2.0,1.0,36000.0,35000_39999,2,married_couple,no_65_plus,25.0,2
donor_h0000880,08900,16,6,1,3.0,2.0,18940.0,15000_19999,3,other_male_householder,no_65_plus,16.0,6
donor_h0000881,08900,4,3,1,4.0,1.0,70600.0,60000_74999,4_plus,married_couple,no_65_plus,4.0,3
donor_h0000882,08900,2,5,1,4.0,1.0,198700.0,150000_199999,4_plus,married_couple,has_65_plus,2.0,5
donor_h0000883,08900,11,1,1,0.0,6.0,13000.0,10000_14999,0,nonfamily_not_living_alone,no_65_plus,11.0,1
donor_h0000884,08900,33,2,1,1.0,1.0,65600.0,60000_74999,1,married_couple,has_65_plus,33.0,2
donor_h0000885,08900,12,5,1,2.0,1.0,54500.0,50000_59999,2,married_couple,no_65_plus,12.0,5
donor_h0000886,08900,19,3,1,2.0,1.0,91001.0,75000_99999,2,married_couple,no_65_plus,19.0,3
donor_h0000887,08900,14,3,1,2.0,7.0,63600.0,60000_74999,2,nonfamily_not_living_alone,no_65_plus,14.0,3
donor_h0000888,08900,30,2,1,1.0,3.0,25000.0,25000_29999,1,other_female_householder,no_65_plus,30.0,2
donor_h0000889,08900,41,2,1,2.0,1.0,50000.0,50000_59999,2,married_couple,no_65_plus,41.0,2
donor_h0000890,08900,10,1,1,2.0,4.0,8000.0,lt_10000,2,nonfamily_living_alone,no_65_plus,10.0,1
donor_h0000891,08900,8,1,1,4.0,6.0,12900.0,10000_14999,4_plus,nonfamily_not_living_alone,no_65_plus,8.0,1
donor_h0000892,08900,20,4,1,0.0,3.0,21300.0,20000_24999,0,other_female_householder,no_65_plus,20.0,4
donor_h0000893,08900,8,2,1,2.0,2.0,27000.0,25000_29999,2,other_male_householder,no_65_plus,8.0,2
donor_h0000894,08900,18,1,1,1.0,6.0,30000.0,30000_34999,1,nonfamily_not_living_alone,has_65_plus,18.0,1
donor_h0000895,08900,17,2,1,1.0,3.0,18000.0,15000_19999,1,other_female_householder,no_65_plus,17.0,2
donor_h0000896,08900,34,2,1,5.0,1.0,105000.0,100000_124999,4_plus,married_couple,no_65_plus,34.0,2
donor_h0000897,08900,11,2,1,3.0,1.0,147000.0,125000_149999,3,married_couple,no_65_plus,11.0,2
donor_h0000898,08900,47,4,1,1.0,3.0,21000.0,20000_24999,1,other_female_householder,no_65_plus,47.0,4
donor_h0000899,08900,17,2,1,1.0,2.0,76900.0,75000_99999,1,other_male_householder,no_65_plus,17.0,2
donor_h0000900,08900,7,2,1,3.0,1.0,43030.0,40000_44999,3,married_couple,has_65_plus,7.0,2
donor_h0000901,08900,4,1,1,1.0,6.0,9900.0,lt_10000,1,nonfamily_not_living_alone,has_65_plus,4.0,1
donor_h0000902,08900,13,3,1,1.0,3.0,15440.0,15000_19999,1,other_female_householder,no_65_plus,13.0,3
donor_h0000903,08900,18,1,1,2.0,4.0,27700.0,25000_29999,2,nonfamily_living_alone,has_65_plus,18.0,1
donor_h0000904,08900,13,1,1,0.0,6.0,11700.0,10000_14999,0,nonfamily_not_living_alone,no_65_plus,13.0,1
donor_h0000905,08900,9,4,1,2.0,3.0,208000.0,200000_plus,2,other_female_householder,no_65_plus,9.0,4
donor_h0000906,08900,39,1,1,0.0,4.0,20000.0,20000_24999,0,nonfamily_living_alone,no_65_plus,39.0,1
donor_h0000907,08900,22,2,1,1.0,1.0,25600.0,25000_29999,1,married_couple,has_65_plus,22.0,2
donor_h0000908,08900,35,3,1,2.0,2.0,35000.0,35000_39999,2,other_male_householder,no_65_plus,35.0,3
donor_h0000909,08900,5,2,1,6.0,1.0,41830.0,40000_44999,4_plus,married_couple,no_65_plus,5.0,2
donor_h0000910,08900,7,2,1,2.0,1.0,132000.0,125000_149999,2,married_couple,no_65_plus,7.0,2
donor_h0000911,08900,9,2,1,2.0,1.0,204220.0,200000_plus,2,married_couple,has_65_plus,9.0,2
donor_h0000912,08900,7,1,1,1.0,4.0,10800.0,10000_14999,1,nonfamily_living_alone,has_65_plus,7.0,1
donor_h0000913,08900,9,2,1,2.0,1.0,71200.0,60000_74999,2,married_couple,has_65_plus,9.0,2
donor_h0000914,08900,16,1,1,1.0,4.0,18700.0,15000_19999,1,nonfamily_living_alone,has_65_plus,16.0,1
donor_h0000915,08900,11,1,1,0.0,6.0,7200.0,lt_10000,0,nonfamily_not_living_alone,has_65_plus,11.0,1
donor_h0000916,08900,19,3,1,2.0,2.0,24000.0,20000_24999,2,other_male_householder,no_65_plus,19.0,3
donor_h0000917,08900,25,1,1,1.0,6.0,18000.0,15000_19999,1,nonfamily_not_living_alone,no_65_plus,25.0,1
donor_h0000918,08900,12,2,1,2.0,1.0,76600.0,75000_99999,2,married_couple,has_65_plus,12.0,2
donor_h0000919,08900,10,6,1,2.0,1.0,146050.0,125000_149999,2,married_couple,no_65_plus,10.0,6
donor_h0000920,08900,47,1,1,0.0,6.0,3600.0,lt_10000,0,nonfamily_not_living_alone,no_65_plus,47.0,1
donor_h0000921,08900,4,2,1,3.0,1.0,46700.0,45000_49999,3,married_couple,has_65_plus,4.0,2
donor_h0000922,08900,20,1,1,3.0,4.0,50000.0,50000_59999,3,nonfamily_living_alone,no_65_plus,20.0,1
donor_h0000923,08900,12,4,1,2.0,3.0,49200.0,45000_49999,2,other_female_householder,no_65_plus,12.0,4
donor_h0000924,08900,11,4,1,2.0,1.0,94000.0,75000_99999,2,married_couple,no_65_plus,11.0,4
donor_h0000925,08900,17,2,1,3.0,1.0,85100.0,75000_99999,3,married_couple,has_65_plus,17.0,2
donor_h0000926,08900,2,1,1,0.0,6.0,12300.0,10000_14999,0,nonfamily_not_living_alone,has_65_plus,2.0,1
donor_h0000927,08900,10,4,1,2.0,1.0,21400.0,20000_24999,2,married_couple,no_65_plus,10.0,4
donor_h0000928,08900,7,2,1,4.0,1.0,102000.0,100000_124999,4_plus,married_couple,no_65_plus,7.0,2
donor_h0000929,08900,2,2,1,1.0,3.0,42500.0,40000_44999,1,other_female_householder,has_65_plus,2.0,2
donor_h0000930,08900,11,3,1,4.0,7.0,51500.0,50000_59999,4_plus,nonfamily_not_living_alone,no_65_plus,11.0,3
donor_h0000931,08900,4,1,1,3.0,6.0,4300.0,lt_10000,3,nonfamily_not_living_alone,has_65_plus,4.0,1
donor_h0000932,08900,64,2,1,1.0,1.0,155000.0,150000_199999,1,married_couple,no_65_plus,64.0,2
donor_h0000933,08900,12,4,1,4.0,1.0,72940.0,60000_74999,4_plus,married_couple,no_65_plus,12.0,4
donor_h0000934,08900,11,1,1,0.0,6.0,6100.0,lt_10000,0,nonfamily_not_living_alone,no_65_plus,11.0,1
donor_h0000935,08900,13,1,1,1.0,6.0,1700.0,lt_10000,1,nonfamily_not_living_alone,no_65_plus,13.0,1
donor_h0000936,08900,6,2,1,2.0,1.0,79700.0,75000_99999,2,married_couple,has_65_plus,6.0,2
donor_h0000937,08900,12,1,1,1.0,4.0,37500.0,35000_39999,1,nonfamily_living_alone,no_65_plus,12.0,1
donor_h0000938,08900,13,2,1,1.0,1.0,32000.0,30000_34999,1,married_couple,no_65_plus,13.0,2
donor_h0000939,08900,10,2,1,1.0,1.0,168600.0,150000_199999,1,married_couple,has_65_plus,10.0,2
donor_h0000940,08900,4,3,1,2.0,1.0,110000.0,100000_124999,2,married_couple,no_65_plus,4.0,3
donor_h0000941,08900,30,4,1,1.0,1.0,63000.0,60000_74999,1,married_couple,no_65_plus,30.0,4
donor_h0000942,08900,23,2,1,2.0,1.0,72400.0,60000_74999,2,married_couple,has_65_plus,23.0,2
donor_h0000943,08900,11,2,1,2.0,5.0,160000.0,150000_199999,2,nonfamily_living_alone,no_65_plus,11.0,2
donor_h0000944,08900,15,2,1,2.0,1.0,220000.0,200000_plus,2,married_couple,no_65_plus,15.0,2
donor_h0000945,08900,25,1,1,2.0,6.0,13000.0,10000_14999,2,nonfamily_not_living_alone,has_65_plus,25.0,1
donor_h0000946,08900,21,6,1,0.0,1.0,43200.0,40000_44999,0,married_couple,no_65_plus,21.0,6
donor_h0000947,08900,5,2,1,3.0,1.0,9200.0,lt_10000,3,married_couple,no_65_plus,5.0,2
donor_h0000948,08900,11,2,1,2.0,1.0,55000.0,50000_59999,2,married_couple,has_65_plus,11.0,2
donor_h0000949,08900,7,2,1,2.0,1.0,97000.0,75000_99999,2,married_couple,no_65_plus,7.0,2
donor_h0000950,08900,14,3,1,2.0,3.0,21400.0,20000_24999,2,other_female_householder,no_65_plus,14.0,3
donor_h0000951,08900,13,1,1,1.0,6.0,27900.0,25000_29999,1,nonfamily_not_living_alone,has_65_plus,13.0,1
donor_h0000952,08900,9,5,1,1.0,3.0,10800.0,10000_14999,1,other_female_householder,no_65_plus,9.0,5
donor_h0000953,08900,4,1,1,1.0,4.0,58150.0,50000_59999,1,nonfamily_living_alone,has_65_plus,4.0,1
donor_h0000954,08900,16,1,1,1.0,6.0,90000.0,75000_99999,1,nonfamily_not_living_alone,no_65_plus,16.0,1
donor_h0000955,08900,14,4,1,4.0,1.0,106000.0,100000_124999,4_plus,married_couple,no_65_plus,14.0,4
donor_h0000956,08900,7,4,1,2.0,1.0,75000.0,75000_99999,2,married_couple,no_65_plus,7.0,4
donor_h0000957,08900,6,6,1,2.0,1.0,483000.0,200000_plus,2,married_couple,no_65_plus,6.0,6
donor_h0000958,08900,8,1,1,1.0,6.0,75000.0,75000_99999,1,nonfamily_not_living_alone,no_65_plus,8.0,1
donor_h0000959,08900,36,1,1,1.0,4.0,20400.0,20000_24999,1,nonfamily_living_alone,has_65_plus,36.0,1
donor_h0000960,08900,29,2,1,3.0,1.0,96000.0,75000_99999,3,married_couple,has_65_plus,29.0,2
donor_h0000961,08900,12,1,1,1.0,6.0,36000.0,35000_39999,1,nonfamily_not_living_alone,no_65_plus,12.0,1
donor_h0000962,08900,8,2,1,1.0,1.0,217000.0,200000_plus,1,married_couple,has_65_plus,8.0,2
donor_h0000963,08900,19,2,1,2.0,2.0,26000.0,25000_29999,2,other_male_householder,no_65_plus,19.0,2
donor_h0000964,08900,13,2,1,2.0,1.0,31800.0,30000_34999,2,married_couple,has_65_plus,13.0,2
donor_h0000965,08900,37,1,1,2.0,6.0,20000.0,20000_24999,2,nonfamily_not_living_alone,no_65_plus,37.0,1
donor_h0000966,08900,13,3,1,1.0,1.0,23700.0,20000_24999,1,married_couple,has_65_plus,13.0,3
donor_h0000967,08900,43,3,1,0.0,1.0,32000.0,30000_34999,0,married_couple,has_65_plus,43.0,3
donor_h0000968,08900,8,2,1,2.0,1.0,123000.0,100000_124999,2,married_couple,no_65_plus,8.0,2
donor_h0000969,08900,10,2,1,3.0,1.0,165200.0,150000_199999,3,married_couple,no_65_plus,10.0,2
donor_h0000970,08900,18,2,1,0.0,3.0,19000.0,15000_19999,0,other_female_householder,has_65_plus,18.0,2
donor_h0000971,08900,6,2,1,2.0,1.0,68400.0,60000_74999,2,married_couple,no_65_plus,6.0,2
donor_h0000972,08900,11,1,1,0.0,6.0,21100.0,20000_24999,0,nonfamily_not_living_alone,has_65_plus,11.0,1
donor_h0000973,08900,5,2,1,2.0,1.0,107400.0,100000_124999,2,married_couple,no_65_plus,5.0,2
donor_h0000974,08900,11,1,1,1.0,6.0,56000.0,50000_59999,1,nonfamily_not_living_alone,has_65_plus,11.0,1
donor_h0000975,08900,18,1,1,1.0,6.0,22200.0,20000_24999,1,nonfamily_not_living_alone,has_65_plus,18.0,1
donor_h0000976,08900,12,1,1,1.0,6.0,21300.0,20000_24999,1,nonfamily_not_living_alone,no_65_plus,12.0,1
donor_h0000977,08900,39,2,1,1.0,7.0,35600.0,35000_39999,1,nonfamily_not_living_alone,no_65_plus,39.0,2
donor_h0000978,08900,8,2,1,2.0,1.0,51000.0,50000_59999,2,married_couple,has_65_plus,8.0,2
donor_h0000979,08900,20,1,1,1.0,6.0,19200.0,15000_19999,1,nonfamily_not_living_alone,has_65_plus,20.0,1
donor_h0000980,08900,10,1,1,0.0,4.0,60000.0,60000_74999,0,nonfamily_living_alone,no_65_plus,10.0,1
donor_h0000981,08900,8,1,1,2.0,6.0,45700.0,45000_49999,2,nonfamily_not_living_alone,has_65_plus,8.0,1
donor_h0000982,08900,25,5,1,2.0,1.0,125500.0,125000_149999,2,married_couple,no_65_plus,25.0,5
donor_h0000983,08900,11,3,1,3.0,3.0,32600.0,30000_34999,3,other_female_householder,no_65_plus,11.0,3
donor_h0000984,08900,6,2,1,4.0,1.0,113800.0,100000_124999,4_plus,married_couple,no_65_plus,6.0,2
donor_h0000985,08900,8,1,1,1.0,6.0,87300.0,75000_99999,1,nonfamily_not_living_alone,no_65_plus,8.0,1
donor_h0000986,08900,14,5,1,2.0,1.0,56900.0,50000_59999,2,married_couple,no_65_plus,14.0,5
donor_h0000987,08900,25,3,1,4.0,1.0,45400.0,45000_49999,4_plus,married_couple,has_65_plus,25.0,3
donor_h0000988,08900,2,2,1,2.0,1.0,68200.0,60000_74999,2,married_couple,has_65_plus,2.0,2
donor_h0000989,08900,7,2,1,2.0,1.0,47930.0,45000_49999,2,married_couple,has_65_plus,7.0,2
donor_h0000990,08900,5,2,1,2.0,1.0,34200.0,30000_34999,2,married_couple,no_65_plus,5.0,2
donor_h0000991,08900,15,1,1,1.0,6.0,75200.0,75000_99999,1,nonfamily_not_living_alone,has_65_plus,15.0,1
donor_h0000992,08900,23,1,1,2.0,4.0,42000.0,40000_44999,2,nonfamily_living_alone,has_65_plus,23.0,1
donor_h0000993,08900,65,2,1,2.0,3.0,6000.0,lt_10000,2,other_female_householder,no_65_plus,65.0,2
donor_h0000994,08900,11,1,1,1.0,6.0,20000.0,20000_24999,1,nonfamily_not_living_alone,no_65_plus,11.0,1
donor_h0000995,08900,19,5,1,5.0,7.0,113000.0,100000_124999,4_plus,nonfamily_not_living_alone,no_65_plus,19.0,5
donor_h0000996,08900,7,2,1,3.0,5.0,63000.0,60000_74999,3,nonfamily_living_alone,no_65_plus,7.0,2
donor_h0000997,08900,7,3,1,3.0,1.0,130000.0,125000_149999,3,married_couple,no_65_plus,7.0,3
donor_h0000998,08900,11,1,1,1.0,6.0,48200.0,45000_49999,1,nonfamily_not_living_alone,has_65_plus,11.0,1
donor_h0000999,08900,9,2,1,2.0,1.0,248000.0,200000_plus,2,married_couple,no_65_plus,9.0,2
donor_h0001000,08900,50,6,1,1.0,1.0,24500.0,20000_24999,1,married_couple,no_65_plus,50.0,6
donor_h0001001,08900,15,1,1,2.0,6.0,60000.0,60000_74999,2,nonfamily_not_living_alone,no_65_plus,15.0,1
donor_h0001002,08900,14,1,1,1.0,4.0,0.0,lt_10000,1,nonfamily_living_alone,no_65_plus,14.0,1
donor_h0001003,08900,34,1,1,0.0,4.0,0.0,lt_10000,0,nonfamily_living_alone,has_65_plus,34.0,1
donor_h0001004,08900,10,2,1,2.0,1.0,21200.0,20000_24999,2,married_couple,no_65_plus,10.0,2
donor_h0001005,08900,10,4,1,2.0,1.0,69800.0,60000_74999,2,married_couple,no_65_plus,10.0,4
donor_h0001006,08900,7,4,1,3.0,1.0,239005.0,200000_plus,3,married_couple,no_65_plus,7.0,4
donor_h0001007,08900,12,2,1,2.0,1.0,100000.0,100000_124999,2,married_couple,no_65_plus,12.0,2
donor_h0001008,08900,12,2,1,3.0,1.0,32700.0,30000_34999,3,married_couple,has_65_plus,12.0,2
donor_h0001009,08900,10,1,1,1.0,6.0,31300.0,30000_34999,1,nonfamily_not_living_alone,has_65_plus,10.0,1
donor_h0001010,08900,9,1,1,1.0,6.0,13600.0,10000_14999,1,nonfamily_not_living_alone,has_65_plus,9.0,1
donor_h0001011,08900,10,2,1,1.0,1.0,34000.0,30000_34999,1,married_couple,has_65_plus,10.0,2
donor_h0001012,08900,3,5,1,2.0,1.0,58400.0,50000_59999,2,married_couple,no_65_plus,3.0,5
donor_h0001013,08900,12,2,1,2.0,1.0,95010.0,75000_99999,2,married_couple,no_65_plus,12.0,2
donor_h0001014,08900,16,2,1,2.0,3.0,70900.0,60000_74999,2,other_female_householder,has_65_plus,16.0,2
donor_h0001015,08900,18,2,1,1.0,5.0,32280.0,30000_34999,1,nonfamily_living_alone,no_65_plus,18.0,2
donor_h0001016,08900,13,2,1,2.0,1.0,62000.0,60000_74999,2,married_couple,has_65_plus,13.0,2
donor_h0001017,08900,24,2,1,2.0,1.0,49600.0,45000_49999,2,married_couple,has_65_plus,24.0,2
donor_h0001018,08900,11,2,1,2.0,1.0,21200.0,20000_24999,2,married_couple,has_65_plus,11.0,2
donor_h0001019,08900,14,1,1,2.0,6.0,49100.0,45000_49999,2,nonfamily_not_living_alone,has_65_plus,14.0,1
donor_h0001020,08900,18,2,1,2.0,5.0,66000.0,60000_74999,2,nonfamily_living_alone,no_65_plus,18.0,2
donor_h0001021,08900,6,7,1,3.0,3.0,34700.0,30000_34999,3,other_female_householder,has_65_plus,6.0,7
donor_h0001022,08900,11,5,1,3.0,1.0,85900.0,75000_99999,3,married_couple,has_65_plus,11.0,5
donor_h0001023,08900,27,1,1,0.0,6.0,8500.0,lt_10000,0,nonfamily_not_living_alone,no_65_plus,27.0,1
donor_h0001024,08900,11,3,1,1.0,3.0,35000.0,35000_39999,1,other_female_householder,no_65_plus,11.0,3
donor_h0001025,08900,49,3,1,2.0,1.0,57000.0,50000_59999,2,married_couple,has_65_plus,49.0,3
donor_h0001026,08900,4,3,1,5.0,1.0,62000.0,60000_74999,4_plus,married_couple,no_65_plus,4.0,3
donor_h0001027,08900,22,1,1,2.0,4.0,41100.0,40000_44999,2,nonfamily_living_alone,has_65_plus,22.0,1
donor_h0001028,08900,12,4,1,5.0,1.0,176000.0,150000_199999,4_plus,married_couple,no_65_plus,12.0,4
donor_h0001029,08900,9,2,1,4.0,1.0,100010.0,100000_124999,4_plus,married_couple,no_65_plus,9.0,2
donor_h0001030,08900,11,1,1,2.0,4.0,13100.0,10000_14999,2,nonfamily_living_alone,has_65_plus,11.0,1
donor_h0001031,08900,46,1,1,1.0,6.0,6000.0,lt_10000,1,nonfamily_not_living_alone,no_65_plus,46.0,1
donor_h0001032,08900,3,1,1,1.0,4.0,40000.0,40000_44999,1,nonfamily_living_alone,no_65_plus,3.0,1
donor_h0001033,08900,20,1,1,0.0,4.0,23100.0,20000_24999,0,nonfamily_living_alone,has_65_plus,20.0,1
donor_h0001034,08900,12,4,1,2.0,3.0,36400.0,35000_39999,2,other_female_householder,no_65_plus,12.0,4
donor_h0001035,08900,12,1,1,1.0,6.0,14300.0,10000_14999,1,nonfamily_not_living_alone,has_65_plus,12.0,1
donor_h0001036,08900,7,2,1,2.0,1.0,51500.0,50000_59999,2,married_couple,no_65_plus,7.0,2
donor_h0001037,08900,15,2,1,3.0,1.0,129000.0,125000_149999,3,married_couple,has_65_plus,15.0,2
donor_h0001038,08900,4,2,1,3.0,1.0,108800.0,100000_124999,3,married_couple,has_65_plus,4.0,2
donor_h0001039,08900,14,2,1,2.0,1.0,276000.0,200000_plus,2,married_couple,no_65_plus,14.0,2
donor_h0001040,08900,8,2,1,2.0,1.0,216000.0,200000_plus,2,married_couple,no_65_plus,8.0,2
donor_h0001041,08900,12,3,1,2.0,3.0,18500.0,15000_19999,2,other_female_householder,no_65_plus,12.0,3
donor_h0001042,08900,3,1,1,0.0,6.0,11000.0,10000_14999,0,nonfamily_not_living_alone,has_65_plus,3.0,1
donor_h0001043,08900,3,3,1,1.0,1.0,25500.0,25000_29999,1,married_couple,no_65_plus,3.0,3
donor_h0001044,08900,12,1,1,1.0,6.0,51100.0,50000_59999,1,nonfamily_not_living_alone,has_65_plus,12.0,1
donor_h0001045,08900,9,2,1,2.0,7.0,102000.0,100000_124999,2,nonfamily_not_living_alone,has_65_plus,9.0,2
donor_h0001046,08900,8,1,1,1.0,6.0,68000.0,60000_74999,1,nonfamily_not_living_alone,no_65_plus,8.0,1
donor_h0001047,08900,5,2,1,2.0,1.0,60000.0,60000_74999,2,married_couple,has_65_plus,5.0,2
donor_h0001048,08900,12,1,1,1.0,6.0,135500.0,125000_149999,1,nonfamily_not_living_alone,no_65_plus,12.0,1
donor_h0001049,08900,29,3,1,3.0,7.0,54000.0,50000_59999,3,nonfamily_not_living_alone,no_65_plus,29.0,3
donor_h0001050,08900,15,3,1,3.0,1.0,81000.0,75000_99999,3,married_couple,has_65_plus,15.0,3
donor_h0001051,08900,16,1,1,1.0,6.0,14000.0,10000_14999,1,nonfamily_not_living_alone,has_65_plus,16.0,1
donor_h0001052,08900,18,2,1,1.0,1.0,5000.0,lt_10000,1,married_couple,no_65_plus,18.0,2
donor_h0001053,08900,19,1,1,2.0,4.0,18000.0,15000_19999,2,nonfamily_living_alone,has_65_plus,19.0,1
donor_h0001054,08900,17,2,1,2.0,1.0,90000.0,75000_99999,2,married_couple,has_65_plus,17.0,2
donor_h0001055,08900,4,1,1,2.0,4.0,55000.0,50000_59999,2,nonfamily_living_alone,no_65_plus,4.0,1
donor_h0001056,08900,40,4,1,2.0,1.0,83000.0,75000_99999,2,married_couple,no_65_plus,40.0,4
donor_h0001057,08900,11,2,1,2.0,1.0,71000.0,60000_74999,2,married_couple,no_65_plus,11.0,2
donor_h0001058,08900,13,2,1,3.0,1.0,66500.0,60000_74999,3,married_couple,no_65_plus,13.0,2
donor_h0001059,08900,9,1,1,1.0,6.0,22000.0,20000_24999,1,nonfamily_not_living_alone,has_65_plus,9.0,1
donor_h0001060,08900,12,4,1,2.0,1.0,73000.0,60000_74999,2,married_couple,no_65_plus,12.0,4
donor_h0001061,08900,20,1,1,1.0,6.0,34500.0,30000_34999,1,nonfamily_not_living_alone,has_65_plus,20.0,1
donor_h0001062,08900,10,2,1,2.0,1.0,47600.0,45000_49999,2,married_couple,has_65_plus,10.0,2
donor_h0001063,08900,11,3,1,4.0,1.0,135300.0,125000_149999,4_plus,married_couple,has_65_plus,11.0,3
donor_h0001064,08900,7,3,1,5.0,1.0,191600.0,150000_199999,4_plus,married_couple,no_65_plus,7.0,3
donor_h0001065,08900,16,1,1,1.0,4.0,54000.0,50000_59999,1,nonfamily_living_alone,has_65_plus,16.0,1
donor_h0001066,08900,3,1,1,0.0,6.0,12000.0,10000_14999,0,nonfamily_not_living_alone,has_65_plus,3.0,1
donor_h0001067,08900,5,4,1,1.0,3.0,0.0,lt_10000,1,other_female_householder,no_65_plus,5.0,4
donor_h0001068,08900,8,3,1,2.0,1.0,85000.0,75000_99999,2,married_couple,no_65_plus,8.0,3
donor_h0001069,08900,5,4,1,6.0,3.0,59200.0,50000_59999,4_plus,other_female_householder,has_65_plus,5.0,4
donor_h0001070,08900,41,2,1,1.0,1.0,37600.0,35000_39999,1,married_couple,no_65_plus,41.0,2
donor_h0001071,08900,11,1,1,0.0,6.0,18900.0,15000_19999,0,nonfamily_not_living_alone,has_65_plus,11.0,1
donor_h0001072,08900,8,2,1,2.0,1.0,126800.0,125000_149999,2,married_couple,has_65_plus,8.0,2
donor_h0001073,08900,7,3,1,2.0,1.0,80000.0,75000_99999,2,married_couple,no_65_plus,7.0,3
donor_h0001074,08900,8,2,1,2.0,1.0,40300.0,40000_44999,2,married_couple,has_65_plus,8.0,2
donor_h0001075,08900,23,6,1,2.0,1.0,28600.0,25000_29999,2,married_couple,no_65_plus,23.0,6
donor_h0001076,08900,11,3,1,2.0,1.0,200800.0,200000_plus,2,married_couple,no_65_plus,11.0,3
donor_h0001077,08900,22,1,1,1.0,6.0,25000.0,25000_29999,1,nonfamily_not_living_alone,has_65_plus,22.0,1
donor_h0001078,08900,13,2,1,2.0,1.0,29000.0,25000_29999,2,married_couple,has_65_plus,13.0,2
donor_h0001079,08900,12,2,1,4.0,1.0,125200.0,125000_149999,4_plus,married_couple,no_65_plus,12.0,2
donor_h0001080,08900,9,1,1,2.0,4.0,21000.0,20000_24999,2,nonfamily_living_alone,no_65_plus,9.0,1
donor_h0001081,08900,34,3,1,2.0,1.0,144000.0,125000_149999,2,married_couple,no_65_plus,34.0,3
donor_h0001082,08900,24,1,1,1.0,4.0,48000.0,45000_49999,1,nonfamily_living_alone,no_65_plus,24.0,1
donor_h0001083,08900,15,1,1,1.0,6.0,39000.0,35000_39999,1,nonfamily_not_living_alone,has_65_plus,15.0,1
donor_h0001084,08900,25,2,1,2.0,1.0,82300.0,75000_99999,2,married_couple,has_65_plus,25.0,2
donor_h0001085,08900,8,4,1,1.0,3.0,7800.0,lt_10000,1,other_female_householder,no_65_plus,8.0,4
donor_h0001086,08900,3,2,1,2.0,1.0,82404.0,75000_99999,2,married_couple,no_65_plus,3.0,2
donor_h0001087,08900,22,2,1,2.0,7.0,65000.0,60000_74999,2,nonfamily_not_living_alone,no_65_plus,22.0,2
donor_h0001088,08900,2,2,1,3.0,1.0,114000.0,100000_124999,3,married_couple,no_65_plus,2.0,2
donor_h0001089,08900,19,1,1,1.0,6.0,12300.0,10000_14999,1,nonfamily_not_living_alone,has_65_plus,19.0,1
donor_h0001090,08900,11,1,1,1.0,6.0,25900.0,25000_29999,1,nonfamily_not_living_alone,has_65_plus,11.0,1
donor_h0001091,08900,15,4,1,2.0,1.0,48000.0,45000_49999,2,married_couple,no_65_plus,15.0,4
donor_h0001092,08900,59,4,1,2.0,1.0,140600.0,125000_149999,2,married_couple,no_65_plus,59.0,4
donor_h0001093,08900,21,1,1,2.0,4.0,38600.0,35000_39999,2,nonfamily_living_alone,no_65_plus,21.0,1
donor_h0001094,08900,13,2,1,3.0,1.0,41504.0,40000_44999,3,married_couple,has_65_plus,13.0,2
donor_h0001095,08900,14,3,1,2.0,1.0,96300.0,75000_99999,2,married_couple,no_65_plus,14.0,3
donor_h0001096,08900,4,2,1,2.0,1.0,29000.0,25000_29999,2,married_couple,has_65_plus,4.0,2
donor_h0001097,08900,5,2,1,4.0,1.0,74100.0,60000_74999,4_plus,married_couple,has_65_plus,5.0,2
donor_h0001098,08900,16,2,1,2.0,1.0,79800.0,75000_99999,2,married_couple,has_65_plus,16.0,2
donor_h0001099,08900,13,2,1,3.0,1.0,122000.0,100000_124999,3,married_couple,no_65_plus,13.0,2
donor_h0001100,08900,12,1,1,1.0,4.0,15004.0,15000_19999,1,nonfamily_living_alone,no_65_plus,12.0,1
donor_h0001101,08900,7,8,1,4.0,1.0,112700.0,100000_124999,4_plus,married_couple,no_65_plus,7.0,8
donor_h0001102,08900,14,3,1,3.0,1.0,39000.0,35000_39999,3,married_couple,no_65_plus,14.0,3
donor_h0001103,08900,19,2,1,2.0,1.0,82000.0,75000_99999,2,married_couple,has_65_plus,19.0,2
donor_h0001104,08900,14,1,1,1.0,4.0,32000.0,30000_34999,1,nonfamily_living_alone,has_65_plus,14.0,1
donor_h0001105,08900,10,2,1,2.0,1.0,65000.0,60000_74999,2,married_couple,no_65_plus,10.0,2
donor_h0001106,08900,13,1,1,1.0,6.0,17800.0,15000_19999,1,nonfamily_not_living_alone,has_65_plus,13.0,1
donor_h0001107,08900,17,3,1,3.0,1.0,100000.0,100000_124999,3,married_couple,has_65_plus,17.0,3
donor_h0001108,08900,14,6,1,2.0,3.0,41600.0,40000_44999,2,other_female_householder,no_65_plus,14.0,6
donor_h0001109,08900,8,5,1,3.0,1.0,190000.0,150000_199999,3,married_couple,no_65_plus,8.0,5
donor_h0001110,08900,13,2,1,2.0,1.0,86100.0,75000_99999,2,married_couple,has_65_plus,13.0,2
donor_h0001111,08900,16,1,1,1.0,6.0,13000.0,10000_14999,1,nonfamily_not_living_alone,no_65_plus,16.0,1
donor_h0001112,08900,15,1,1,1.0,6.0,27300.0,25000_29999,1,nonfamily_not_living_alone,has_65_plus,15.0,1
donor_h0001113,08900,15,2,1,1.0,1.0,44950.0,40000_44999,1,married_couple,has_65_plus,15.0,2
donor_h0001114,08900,18,3,1,2.0,1.0,64000.0,60000_74999,2,married_couple,has_65_plus,18.0,3
donor_h0001115,08900,4,4,1,4.0,1.0,70000.0,60000_74999,4_plus,married_couple,has_65_plus,4.0,4
donor_h0001116,08900,38,2,1,2.0,2.0,74900.0,60000_74999,2,other_male_householder,no_65_plus,38.0,2
donor_h0001117,08900,13,4,1,2.0,1.0,62100.0,60000_74999,2,married_couple,no_65_plus,13.0,4
donor_h0001118,08900,4,1,1,2.0,4.0,26400.0,25000_29999,2,nonfamily_living_alone,has_65_plus,4.0,1
donor_h0001119,08900,8,2,1,2.0,1.0,20000.0,20000_24999,2,married_couple,no_65_plus,8.0,2
donor_h0001120,08900,4,2,1,1.0,1.0,31600.0,30000_34999,1,married_couple,has_65_plus,4.0,2
donor_h0001121,08900,10,1,1,1.0,6.0,17900.0,15000_19999,1,nonfamily_not_living_alone,no_65_plus,10.0,1
donor_h0001122,08900,9,5,1,2.0,1.0,70600.0,60000_74999,2,married_couple,no_65_plus,9.0,5
donor_h0001123,08900,12,2,1,1.0,1.0,39200.0,35000_39999,1,married_couple,has_65_plus,12.0,2
donor_h0001124,08900,13,3,1,2.0,3.0,10200.0,10000_14999,2,other_female_householder,no_65_plus,13.0,3
donor_h0001125,08900,10,2,1,2.0,1.0,41500.0,40000_44999,2,married_couple,has_65_plus,10.0,2
donor_h0001126,08900,12,2,1,2.0,7.0,60600.0,60000_74999,2,nonfamily_not_living_alone,no_65_plus,12.0,2
donor_h0001127,08900,28,1,1,1.0,4.0,200.0,lt_10000,1,nonfamily_living_alone,no_65_plus,28.0,1
donor_h0001128,08900,8,3,1,3.0,1.0,65500.0,60000_74999,3,married_couple,has_65_plus,8.0,3
donor_h0001129,08900,17,2,1,1.0,1.0,42000.0,40000_44999,1,married_couple,has_65_plus,17.0,2
donor_h0001130,08900,16,2,1,2.0,1.0,53600.0,50000_59999,2,married_couple,no_65_plus,16.0,2
donor_h0001131,08900,7,4,1,3.0,1.0,42700.0,40000_44999,3,married_couple,no_65_plus,7.0,4
donor_h0001132,08900,3,1,1,2.0,4.0,49600.0,45000_49999,2,nonfamily_living_alone,no_65_plus,3.0,1
donor_h0001133,08900,23,3,1,2.0,1.0,184500.0,150000_199999,2,married_couple,no_65_plus,23.0,3
donor_h0001134,08900,9,2,1,5.0,1.0,77500.0,75000_99999,4_plus,married_couple,has_65_plus,9.0,2
donor_h0001135,08900,14,2,1,2.0,1.0,252000.0,200000_plus,2,married_couple,has_65_plus,14.0,2
donor_h0001136,08900,9,2,1,3.0,1.0,60700.0,60000_74999,3,married_couple,no_65_plus,9.0,2
donor_h0001137,08900,44,2,1,1.0,5.0,5500.0,lt_10000,1,nonfamily_living_alone,no_65_plus,44.0,2
donor_h0001138,08900,4,2,1,4.0,1.0,111300.0,100000_124999,4_plus,married_couple,no_65_plus,4.0,2
donor_h0001139,08900,12,4,1,2.0,1.0,82400.0,75000_99999,2,married_couple,no_65_plus,12.0,4
donor_h0001140,08900,11,6,1,5.0,1.0,140000.0,125000_149999,4_plus,married_couple,no_65_plus,11.0,6
donor_h0001141,08900,48,5,1,3.0,1.0,87000.0,75000_99999,3,married_couple,no_65_plus,48.0,5
donor_h0001142,08900,18,4,1,2.0,1.0,51000.0,50000_59999,2,married_couple,no_65_plus,18.0,4
donor_h0001143,08900,8,3,1,3.0,1.0,111000.0,100000_124999,3,married_couple,no_65_plus,8.0,3
donor_h0001144,08900,7,1,1,0.0,4.0,4430.0,lt_10000,0,nonfamily_living_alone,no_65_plus,7.0,1
donor_h0001145,08900,11,2,1,1.0,1.0,17200.0,15000_19999,1,married_couple,has_65_plus,11.0,2
donor_h0001146,08900,10,1,1,1.0,4.0,15400.0,15000_19999,1,nonfamily_living_alone,no_65_plus,10.0,1
donor_h0001147,08900,9,3,1,3.0,1.0,326800.0,200000_plus,3,married_couple,no_65_plus,9.0,3
donor_h0001148,08900,8,2,1,2.0,1.0,81000.0,75000_99999,2,married_couple,no_65_plus,8.0,2
donor_h0001149,08900,12,1,1,2.0,4.0,36000.0,35000_39999,2,nonfamily_living_alone,has_65_plus,12.0,1
donor_h0001150,08900,7,3,1,2.0,1.0,16040.0,15000_19999,2,married_couple,no_65_plus,7.0,3
donor_h0001151,08900,2,4,1,1.0,5.0,0.0,lt_10000,1,nonfamily_living_alone,no_65_plus,2.0,4
donor_h0001152,08900,13,4,1,3.0,1.0,119900.0,100000_124999,3,married_couple,no_65_plus,13.0,4
donor_h0001153,08900,8,2,1,1.0,1.0,5000.0,lt_10000,1,married_couple,has_65_plus,8.0,2
donor_h0001154,08900,16,1,1,1.0,6.0,35600.0,35000_39999,1,nonfamily_not_living_alone,no_65_plus,16.0,1
donor_h0001155,08900,11,2,1,2.0,1.0,120000.0,100000_124999,2,married_couple,no_65_plus,11.0,2
donor_h0001156,08900,18,2,1,3.0,7.0,83700.0,75000_99999,3,nonfamily_not_living_alone,has_65_plus,18.0,2
donor_h0001157,08900,24,4,1,2.0,1.0,65000.0,60000_74999,2,married_couple,no_65_plus,24.0,4
donor_h0001158,08900,8,2,1,2.0,1.0,95200.0,75000_99999,2,married_couple,no_65_plus,8.0,2
donor_h0001159,08900,8,1,1,1.0,6.0,10180.0,10000_14999,1,nonfamily_not_living_alone,no_65_plus,8.0,1
donor_h0001160,08900,10,2,1,3.0,1.0,184000.0,150000_199999,3,married_couple,has_65_plus,10.0,2
donor_h0001161,08900,38,3,1,2.0,3.0,48000.0,45000_49999,2,other_female_householder,no_65_plus,38.0,3
donor_h0001162,08900,4,2,1,1.0,1.0,53100.0,50000_59999,1,married_couple,has_65_plus,4.0,2
donor_h0001163,08900,24,2,1,2.0,7.0,18700.0,15000_19999,2,nonfamily_not_living_alone,has_65_plus,24.0,2
donor_h0001164,08900,24,3,1,4.0,1.0,35800.0,35000_39999,4_plus,married_couple,no_65_plus,24.0,3
donor_h0001165,08900,6,2,1,3.0,1.0,65000.0,60000_74999,3,married_couple,no_65_plus,6.0,2
donor_h0001166,08900,10,2,1,3.0,5.0,44000.0,40000_44999,3,nonfamily_living_alone,no_65_plus,10.0,2
donor_h0001167,08900,13,3,1,5.0,1.0,116600.0,100000_124999,4_plus,married_couple,has_65_plus,13.0,3
donor_h0001168,08900,15,3,1,4.0,1.0,178400.0,150000_199999,4_plus,married_couple,has_65_plus,15.0,3
donor_h0001169,08900,14,1,1,0.0,6.0,9100.0,lt_10000,0,nonfamily_not_living_alone,no_65_plus,14.0,1
donor_h0001170,08900,14,4,1,3.0,1.0,58900.0,50000_59999,3,married_couple,no_65_plus,14.0,4
donor_h0001171,08900,56,2,1,1.0,2.0,120000.0,100000_124999,1,other_male_householder,no_65_plus,56.0,2
donor_h0001172,08900,20,1,1,1.0,6.0,9600.0,lt_10000,1,nonfamily_not_living_alone,has_65_plus,20.0,1
donor_h0001173,08900,10,1,1,1.0,6.0,17800.0,15000_19999,1,nonfamily_not_living_alone,has_65_plus,10.0,1
donor_h0001174,08900,12,2,1,2.0,1.0,74500.0,60000_74999,2,married_couple,no_65_plus,12.0,2
donor_h0001175,08900,18,2,1,2.0,1.0,83000.0,75000_99999,2,married_couple,no_65_plus,18.0,2
donor_h0001176,08900,20,1,1,1.0,6.0,12000.0,10000_14999,1,nonfamily_not_living_alone,has_65_plus,20.0,1
donor_h0001177,08900,9,1,1,2.0,4.0,74900.0,60000_74999,2,nonfamily_living_alone,has_65_plus,9.0,1
donor_h0001178,08900,2,3,1,4.0,3.0,192000.0,150000_199999,4_plus,other_female_householder,no_65_plus,2.0,3
donor_h0001179,08900,14,2,1,1.0,7.0,24900.0,20000_24999,1,nonfamily_not_living_alone,no_65_plus,14.0,2
donor_h0001180,08900,13,2,1,4.0,1.0,63000.0,60000_74999,4_plus,married_couple,no_65_plus,13.0,2
donor_h0001181,08900,12,2,1,2.0,5.0,57300.0,50000_59999,2,nonfamily_living_alone,has_65_plus,12.0,2
donor_h0001182,08900,16,1,1,1.0,6.0,57100.0,50000_59999,1,nonfamily_not_living_alone,has_65_plus,16.0,1
donor_h0001183,08900,5,2,1,3.0,1.0,155700.0,150000_199999,3,married_couple,has_65_plus,5.0,2
donor_h0001184,08900,37,2,1,1.0,1.0,15000.0,15000_19999,1,married_couple,no_65_plus,37.0,2
donor_h0001185,08900,5,2,1,2.0,3.0,34880.0,30000_34999,2,other_female_householder,has_65_plus,5.0,2
donor_h0001186,08900,12,2,1,2.0,7.0,131000.0,125000_149999,2,nonfamily_not_living_alone,no_65_plus,12.0,2
donor_h0001187,08900,10,2,1,3.0,1.0,22000.0,20000_24999,3,married_couple,no_65_plus,10.0,2
donor_h0001188,08900,6,3,1,2.0,1.0,78000.0,75000_99999,2,married_couple,no_65_plus,6.0,3
donor_h0001189,08900,26,2,1,3.0,1.0,86240.0,75000_99999,3,married_couple,has_65_plus,26.0,2
donor_h0001190,08900,19,1,1,0.0,4.0,10200.0,10000_14999,0,nonfamily_living_alone,has_65_plus,19.0,1
donor_h0001191,08900,25,2,1,2.0,7.0,86100.0,75000_99999,2,nonfamily_not_living_alone,no_65_plus,25.0,2
donor_h0001192,08900,25,1,1,1.0,6.0,60000.0,60000_74999,1,nonfamily_not_living_alone,no_65_plus,25.0,1
donor_h0001193,08900,3,3,1,3.0,1.0,473960.0,200000_plus,3,married_couple,has_65_plus,3.0,3
donor_h0001194,08900,36,6,1,0.0,1.0,80000.0,75000_99999,0,married_couple,no_65_plus,36.0,6
donor_h0001195,08900,11,3,1,2.0,1.0,154700.0,150000_199999,2,married_couple,has_65_plus,11.0,3
donor_h0001196,08900,3,2,1,2.0,1.0,150000.0,150000_199999,2,married_couple,no_65_plus,3.0,2
donor_h0001197,08900,18,1,1,1.0,6.0,25300.0,25000_29999,1,nonfamily_not_living_alone,has_65_plus,18.0,1
donor_h0001198,08900,12,5,1,2.0,3.0,5900.0,lt_10000,2,other_female_householder,no_65_plus,12.0,5
donor_h0001199,08900,22,2,1,0.0,2.0,25600.0,25000_29999,0,other_male_householder,has_65_plus,22.0,2
donor_h0001200,08900,16,2,1,2.0,1.0,82700.0,75000_99999,2,married_couple,has_65_plus,16.0,2
donor_h0001201,08900,7,3,1,2.0,1.0,177700.0,150000_199999,2,married_couple,no_65_plus,7.0,3
donor_h0001202,08900,37,2,1,2.0,5.0,21000.0,20000_24999,2,nonfamily_living_alone,no_65_plus,37.0,2
donor_h0001203,08900,55,1,1,3.0,4.0,64000.0,60000_74999,3,nonfamily_living_alone,no_65_plus,55.0,1
donor_h0001204,08900,5,2,1,2.0,1.0,74900.0,60000_74999,2,married_couple,has_65_plus,5.0,2
donor_h0001205,08900,12,2,1,1.0,1.0,43400.0,40000_44999,1,married_couple,has_65_plus,12.0,2
donor_h0001206,08900,11,2,1,4.0,1.0,84500.0,75000_99999,4_plus,married_couple,has_65_plus,11.0,2
donor_h0001207,08900,11,1,1,1.0,4.0,15400.0,15000_19999,1,nonfamily_living_alone,no_65_plus,11.0,1
donor_h0001208,08900,8,3,1,2.0,1.0,103200.0,100000_124999,2,married_couple,no_65_plus,8.0,3
donor_h0001209,08900,13,2,1,1.0,1.0,77000.0,75000_99999,1,married_couple,has_65_plus,13.0,2
donor_h0001210,08900,15,2,1,2.0,3.0,42800.0,40000_44999,2,other_female_householder,has_65_plus,15.0,2
donor_h0001211,08900,35,5,1,1.0,1.0,50000.0,50000_59999,1,married_couple,no_65_plus,35.0,5
donor_h0001212,08900,16,2,1,2.0,1.0,63000.0,60000_74999,2,married_couple,has_65_plus,16.0,2
donor_h0001213,08900,12,4,1,4.0,1.0,89800.0,75000_99999,4_plus,married_couple,no_65_plus,12.0,4
donor_h0001214,08900,20,2,1,3.0,1.0,73400.0,60000_74999,3,married_couple,has_65_plus,20.0,2
donor_h0001215,08900,2,2,1,3.0,5.0,35600.0,35000_39999,3,nonfamily_living_alone,has_65_plus,2.0,2
donor_h0001216,08900,13,2,1,3.0,2.0,42200.0,40000_44999,3,other_male_householder,no_65_plus,13.0,2
donor_h0001217,08900,2,2,1,2.0,1.0,62800.0,60000_74999,2,married_couple,has_65_plus,2.0,2
donor_h0001218,08900,37,4,1,1.0,3.0,21700.0,20000_24999,1,other_female_householder,no_65_plus,37.0,4
donor_h0001219,08900,8,4,1,1.0,1.0,48300.0,45000_49999,1,married_couple,has_65_plus,8.0,4
donor_h0001220,08900,8,1,1,2.0,6.0,82600.0,75000_99999,2,nonfamily_not_living_alone,has_65_plus,8.0,1
donor_h0001221,08900,13,1,1,2.0,6.0,78000.0,75000_99999,2,nonfamily_not_living_alone,no_65_plus,13.0,1
donor_h0001222,08900,10,1,1,0.0,6.0,15000.0,15000_19999,0,nonfamily_not_living_alone,has_65_plus,10.0,1
donor_h0001223,08900,11,2,1,2.0,1.0,86200.0,75000_99999,2,married_couple,has_65_plus,11.0,2
donor_h0001224,08900,7,1,1,1.0,6.0,111300.0,100000_124999,1,nonfamily_not_living_alone,no_65_plus,7.0,1
donor_h0001225,08900,2,7,1,2.0,1.0,65000.0,60000_74999,2,married_couple,no_65_plus,2.0,7
donor_h0001226,08900,7,2,1,2.0,1.0,80000.0,75000_99999,2,married_couple,no_65_plus,7.0,2
donor_h0001227,08900,5,2,1,2.0,7.0,0.0,lt_10000,2,nonfamily_not_living_alone,no_65_plus,5.0,2
donor_h0001228,08900,52,2,1,0.0,5.0,15500.0,15000_19999,0,nonfamily_living_alone,no_65_plus,52.0,2
donor_h0001229,08900,4,1,1,2.0,6.0,49700.0,45000_49999,2,nonfamily_not_living_alone,has_65_plus,4.0,1
donor_h0001230,08900,13,1,1,2.0,6.0,355600.0,200000_plus,2,nonfamily_not_living_alone,has_65_plus,13.0,1
donor_h0001231,08900,8,1,1,1.0,4.0,46000.0,45000_49999,1,nonfamily_living_alone,has_65_plus,8.0,1
donor_h0001232,08900,15,1,1,2.0,4.0,90000.0,75000_99999,2,nonfamily_living_alone,no_65_plus,15.0,1
donor_h0001233,08900,12,2,1,2.0,1.0,59300.0,50000_59999,2,married_couple,has_65_plus,12.0,2
donor_h0001234,08900,10,1,1,1.0,6.0,27100.0,25000_29999,1,nonfamily_not_living_alone,has_65_plus,10.0,1
donor_h0001235,08900,66,1,1,1.0,6.0,7000.0,lt_10000,1,nonfamily_not_living_alone,no_65_plus,66.0,1
donor_h0001236,08900,13,3,1,3.0,3.0,50004.0,50000_59999,3,other_female_householder,no_65_plus,13.0,3
donor_h0001237,08900,12,2,1,2.0,3.0,43500.0,40000_44999,2,other_female_householder,has_65_plus,12.0,2
donor_h0001238,08900,35,3,1,1.0,1.0,19700.0,15000_19999,1,married_couple,no_65_plus,35.0,3
donor_h0001239,08900,23,4,1,3.0,1.0,106000.0,100000_124999,3,married_couple,has_65_plus,23.0,4
donor_h0001240,08900,6,4,1,2.0,1.0,76000.0,75000_99999,2,married_couple,no_65_plus,6.0,4
donor_h0001241,08900,7,2,1,1.0,1.0,45550.0,45000_49999,1,married_couple,has_65_plus,7.0,2
donor_h0001242,08900,6,1,1,2.0,6.0,33000.0,30000_34999,2,nonfamily_not_living_alone,no_65_plus,6.0,1
donor_h0001243,08900,23,3,1,3.0,1.0,149000.0,125000_149999,3,married_couple,has_65_plus,23.0,3
donor_h0001244,08900,14,2,1,3.0,7.0,53000.0,50000_59999,3,nonfamily_not_living_alone,no_65_plus,14.0,2
donor_h0001245,08900,18,2,1,3.0,1.0,57000.0,50000_59999,3,married_couple,no_65_plus,18.0,2
donor_h0001246,08900,13,6,1,2.0,1.0,40000.0,40000_44999,2,married_couple,no_65_plus,13.0,6
donor_h0001247,08900,8,5,1,3.0,1.0,93500.0,75000_99999,3,married_couple,no_65_plus,8.0,5
donor_h0001248,08900,12,5,1,0.0,1.0,29900.0,25000_29999,0,married_couple,no_65_plus,12.0,5
donor_h0001249,08900,11,1,1,1.0,4.0,9900.0,lt_10000,1,nonfamily_living_alone,has_65_plus,11.0,1
donor_h0001250,08900,11,1,1,2.0,4.0,37800.0,35000_39999,2,nonfamily_living_alone,no_65_plus,11.0,1
donor_h0001251,08900,14,2,1,1.0,7.0,21200.0,20000_24999,1,nonfamily_not_living_alone,no_65_plus,14.0,2
donor_h0001252,08900,9,4,1,2.0,1.0,69400.0,60000_74999,2,married_couple,no_65_plus,9.0,4
donor_h0001253,08900,15,2,1,1.0,3.0,17200.0,15000_19999,1,other_female_householder,no_65_plus,15.0,2
donor_h0001254,08900,14,2,1,1.0,1.0,67200.0,60000_74999,1,married_couple,has_65_plus,14.0,2
donor_h0001255,08900,6,2,1,2.0,1.0,78300.0,75000_99999,2,married_couple,has_65_plus,6.0,2
donor_h0001256,08900,45,5,1,5.0,1.0,74500.0,60000_74999,4_plus,married_couple,no_65_plus,45.0,5
donor_h0001257,08900,13,4,1,4.0,1.0,76600.0,75000_99999,4_plus,married_couple,no_65_plus,13.0,4
donor_h0001258,08900,8,2,1,2.0,1.0,70000.0,60000_74999,2,married_couple,no_65_plus,8.0,2
donor_h0001259,08900,14,1,1,1.0,6.0,39800.0,35000_39999,1,nonfamily_not_living_alone,no_65_plus,14.0,1
donor_h0001260,08900,46,1,1,1.0,6.0,30000.0,30000_34999,1,nonfamily_not_living_alone,no_65_plus,46.0,1
donor_h0001261,08900,15,1,1,1.0,6.0,15300.0,15000_19999,1,nonfamily_not_living_alone,has_65_plus,15.0,1
donor_h0001262,08900,52,2,1,2.0,3.0,56000.0,50000_59999,2,other_female_householder,no_65_plus,52.0,2
donor_h0001263,08900,23,2,1,2.0,1.0,61400.0,60000_74999,2,married_couple,has_65_plus,23.0,2
donor_h0001264,08900,17,4,1,2.0,3.0,31320.0,30000_34999,2,other_female_householder,has_65_plus,17.0,4
donor_h0001265,08900,26,2,1,2.0,3.0,31000.0,30000_34999,2,other_female_householder,no_65_plus,26.0,2
donor_h0001266,08900,10,2,1,2.0,1.0,198000.0,150000_199999,2,married_couple,no_65_plus,10.0,2
donor_h0001267,08900,25,2,1,2.0,1.0,42400.0,40000_44999,2,married_couple,has_65_plus,25.0,2
donor_h0001268,08900,5,3,1,1.0,3.0,71400.0,60000_74999,1,other_female_householder,no_65_plus,5.0,3
donor_h0001269,08900,15,4,1,1.0,3.0,19800.0,15000_19999,1,other_female_householder,no_65_plus,15.0,4
donor_h0001270,08900,9,2,1,1.0,5.0,66300.0,60000_74999,1,nonfamily_living_alone,has_65_plus,9.0,2
donor_h0001271,08900,2,1,1,1.0,4.0,18000.0,15000_19999,1,nonfamily_living_alone,no_65_plus,2.0,1
donor_h0001272,08900,13,1,1,0.0,6.0,22000.0,20000_24999,0,nonfamily_not_living_alone,has_65_plus,13.0,1
donor_h0001273,08900,15,2,1,2.0,1.0,44420.0,40000_44999,2,married_couple,has_65_plus,15.0,2
donor_h0001274,08900,19,3,1,2.0,1.0,54800.0,50000_59999,2,married_couple,no_65_plus,19.0,3
donor_h0001275,08900,8,4,1,2.0,1.0,73000.0,60000_74999,2,married_couple,no_65_plus,8.0,4
donor_h0001276,08900,7,2,1,2.0,1.0,54300.0,50000_59999,2,married_couple,has_65_plus,7.0,2
donor_h0001277,08900,11,2,1,2.0,1.0,92000.0,75000_99999,2,married_couple,has_65_plus,11.0,2
donor_h0001278,08900,13,3,1,3.0,2.0,80100.0,75000_99999,3,other_male_householder,has_65_plus,13.0,3
donor_h0001279,08900,5,1,1,1.0,6.0,14600.0,10000_14999,1,nonfamily_not_living_alone,no_65_plus,5.0,1
donor_h0001280,08900,7,2,1,2.0,1.0,23200.0,20000_24999,2,married_couple,no_65_plus,7.0,2
donor_h0001281,08900,9,4,1,4.0,2.0,136700.0,125000_149999,4_plus,other_male_householder,has_65_plus,9.0,4
donor_h0001282,08900,12,2,1,1.0,1.0,22300.0,20000_24999,1,married_couple,has_65_plus,12.0,2
donor_h0001283,08900,6,3,1,2.0,1.0,65300.0,60000_74999,2,married_couple,has_65_plus,6.0,3
donor_h0001284,08900,11,2,1,1.0,1.0,32900.0,30000_34999,1,married_couple,has_65_plus,11.0,2
donor_h0001285,08900,12,6,1,2.0,1.0,67900.0,60000_74999,2,married_couple,no_65_plus,12.0,6
donor_h0001286,08900,28,1,1,1.0,4.0,12500.0,10000_14999,1,nonfamily_living_alone,no_65_plus,28.0,1
donor_h0001287,08900,10,1,1,1.0,6.0,0.0,lt_10000,1,nonfamily_not_living_alone,has_65_plus,10.0,1
donor_h0001288,08900,23,1,1,0.0,6.0,11200.0,10000_14999,0,nonfamily_not_living_alone,has_65_plus,23.0,1
donor_h0001289,08900,33,1,1,0.0,4.0,70000.0,60000_74999,0,nonfamily_living_alone,has_65_plus,33.0,1
donor_h0001290,08900,2,4,1,3.0,1.0,43800.0,40000_44999,3,married_couple,has_65_plus,2.0,4
donor_h0001291,08900,22,2,1,1.0,1.0,49700.0,45000_49999,1,married_couple,has_65_plus,22.0,2
donor_h0001292,08900,12,7,1,3.0,1.0,40000.0,40000_44999,3,married_couple,no_65_plus,12.0,7
donor_h0001293,08900,5,3,1,2.0,1.0,70300.0,60000_74999,2,married_couple,has_65_plus,5.0,3
donor_h0001294,08900,22,2,1,2.0,1.0,32400.0,30000_34999,2,married_couple,no_65_plus,22.0,2
donor_h0001295,08900,29,4,1,3.0,2.0,124800.0,100000_124999,3,other_male_householder,no_65_plus,29.0,4
donor_h0001296,08900,7,1,1,2.0,4.0,14600.0,10000_14999,2,nonfamily_living_alone,no_65_plus,7.0,1
donor_h0001297,08900,7,3,1,3.0,1.0,65000.0,60000_74999,3,married_couple,no_65_plus,7.0,3
donor_h0001298,08900,9,2,1,3.0,1.0,244900.0,200000_plus,3,married_couple,has_65_plus,9.0,2
donor_h0001299,08900,6,3,1,2.0,2.0,78000.0,75000_99999,2,other_male_householder,has_65_plus,6.0,3
donor_h0001300,08900,38,2,1,1.0,3.0,55000.0,50000_59999,1,other_female_householder,no_65_plus,38.0,2
donor_h0001301,08900,14,8,1,3.0,1.0,96530.0,75000_99999,3,married_couple,no_65_plus,14.0,8
donor_h0001302,08900,9,2,1,2.0,1.0,62600.0,60000_74999,2,married_couple,has_65_plus,9.0,2
donor_h0001303,08900,61,2,1,2.0,7.0,35000.0,35000_39999,2,nonfamily_not_living_alone,no_65_plus,61.0,2
donor_h0001304,08900,8,2,1,5.0,7.0,74300.0,60000_74999,4_plus,nonfamily_not_living_alone,has_65_plus,8.0,2
donor_h0001305,08900,20,2,1,3.0,1.0,58100.0,50000_59999,3,married_couple,has_65_plus,20.0,2
donor_h0001306,08900,11,1,1,1.0,4.0,30000.0,30000_34999,1,nonfamily_living_alone,no_65_plus,11.0,1
donor_h0001307,08900,13,2,1,3.0,1.0,63404.0,60000_74999,3,married_couple,has_65_plus,13.0,2
donor_h0001308,08900,12,1,1,1.0,4.0,19100.0,15000_19999,1,nonfamily_living_alone,has_65_plus,12.0,1
donor_h0001309,08900,46,2,1,1.0,3.0,38780.0,35000_39999,1,other_female_householder,no_65_plus,46.0,2
donor_h0001310,08900,53,2,1,2.0,7.0,100000.0,100000_124999,2,nonfamily_not_living_alone,no_65_plus,53.0,2
donor_h0001311,08900,14,3,1,3.0,1.0,113900.0,100000_124999,3,married_couple,no_65_plus,14.0,3
donor_h0001312,08900,25,2,1,2.0,1.0,53000.0,50000_59999,2,married_couple,has_65_plus,25.0,2
donor_h0001313,08900,23,2,1,1.0,3.0,17800.0,15000_19999,1,other_female_householder,has_65_plus,23.0,2
donor_h0001314,08900,8,2,1,2.0,5.0,32900.0,30000_34999,2,nonfamily_living_alone,has_65_plus,8.0,2
donor_h0001315,08900,6,1,1,0.0,6.0,42000.0,40000_44999,0,nonfamily_not_living_alone,has_65_plus,6.0,1
donor_h0001316,08900,10,4,1,3.0,2.0,59400.0,50000_59999,3,other_male_householder,has_65_plus,10.0,4
donor_h0001317,08900,7,2,1,2.0,1.0,74600.0,60000_74999,2,married_couple,has_65_plus,7.0,2
donor_h0001318,08900,11,3,1,1.0,1.0,139250.0,125000_149999,1,married_couple,no_65_plus,11.0,3
donor_h0001319,08900,27,2,1,2.0,7.0,25000.0,25000_29999,2,nonfamily_not_living_alone,no_65_plus,27.0,2
donor_h0001320,08900,14,1,1,0.0,6.0,23200.0,20000_24999,0,nonfamily_not_living_alone,has_65_plus,14.0,1
donor_h0001321,08900,9,2,1,1.0,3.0,40000.0,40000_44999,1,other_female_householder,no_65_plus,9.0,2
donor_h0001322,08900,16,2,1,2.0,1.0,100000.0,100000_124999,2,married_couple,no_65_plus,16.0,2
donor_h0001323,08900,14,2,1,2.0,1.0,54600.0,50000_59999,2,married_couple,has_65_plus,14.0,2
donor_h0001324,08900,10,2,1,2.0,1.0,62800.0,60000_74999,2,married_couple,has_65_plus,10.0,2
donor_h0001325,08900,2,2,1,1.0,1.0,36100.0,35000_39999,1,married_couple,no_65_plus,2.0,2
donor_h0001326,08900,4,2,1,2.0,1.0,74200.0,60000_74999,2,married_couple,no_65_plus,4.0,2
donor_h0001327,08900,10,1,1,2.0,4.0,29300.0,25000_29999,2,nonfamily_living_alone,has_65_plus,10.0,1
donor_h0001328,08900,118,3,1,2.0,2.0,106300.0,100000_124999,2,other_male_householder,no_65_plus,118.0,3
donor_h0001329,08900,16,1,1,1.0,6.0,34680.0,30000_34999,1,nonfamily_not_living_alone,has_65_plus,16.0,1
donor_h0001330,08900,11,4,1,2.0,3.0,64500.0,60000_74999,2,other_female_householder,no_65_plus,11.0,4
donor_h0001331,08900,5,4,1,1.0,1.0,191000.0,150000_199999,1,married_couple,no_65_plus,5.0,4
donor_h0001332,08900,17,1,1,2.0,6.0,12000.0,10000_14999,2,nonfamily_not_living_alone,has_65_plus,17.0,1
donor_h0001333,08900,10,1,1,1.0,4.0,12000.0,10000_14999,1,nonfamily_living_alone,no_65_plus,10.0,1
donor_h0001334,08900,9,2,1,1.0,2.0,30000.0,30000_34999,1,other_male_householder,no_65_plus,9.0,2
donor_h0001335,08900,5,1,1,3.0,4.0,0.0,lt_10000,3,nonfamily_living_alone,has_65_plus,5.0,1
donor_h0001336,08900,19,3,1,2.0,3.0,34000.0,30000_34999,2,other_female_householder,has_65_plus,19.0,3
donor_h0001337,08900,12,4,1,2.0,3.0,60500.0,60000_74999,2,other_female_householder,no_65_plus,12.0,4
donor_h0001338,08900,44,2,1,1.0,3.0,35000.0,35000_39999,1,other_female_householder,no_65_plus,44.0,2
donor_h0001339,08900,13,2,1,2.0,1.0,64000.0,60000_74999,2,married_couple,no_65_plus,13.0,2
donor_h0001340,08900,13,1,1,1.0,6.0,68000.0,60000_74999,1,nonfamily_not_living_alone,no_65_plus,13.0,1
donor_h0001341,08900,12,2,1,4.0,1.0,210600.0,200000_plus,4_plus,married_couple,no_65_plus,12.0,2
donor_h0001342,08900,26,1,1,0.0,6.0,12100.0,10000_14999,0,nonfamily_not_living_alone,has_65_plus,26.0,1
donor_h0001343,08900,11,2,1,3.0,1.0,148400.0,125000_149999,3,married_couple,no_65_plus,11.0,2
donor_h0001344,08900,7,2,1,2.0,1.0,75800.0,75000_99999,2,married_couple,no_65_plus,7.0,2
donor_h0001345,08900,7,1,1,0.0,6.0,16800.0,15000_19999,0,nonfamily_not_living_alone,has_65_plus,7.0,1
donor_h0001346,08900,23,5,1,1.0,3.0,70000.0,60000_74999,1,other_female_householder,has_65_plus,23.0,5
donor_h0001347,08900,14,4,1,5.0,1.0,63000.0,60000_74999,4_plus,married_couple,no_65_plus,14.0,4
donor_h0001348,08900,5,5,1,2.0,1.0,82970.0,75000_99999,2,married_couple,has_65_plus,5.0,5
donor_h0001349,08900,17,1,1,0.0,4.0,16000.0,15000_19999,0,nonfamily_living_alone,has_65_plus,17.0,1
donor_h0001350,08900,47,4,1,2.0,1.0,120000.0,100000_124999,2,married_couple,no_65_plus,47.0,4
donor_h0001351,08900,11,2,1,3.0,1.0,88300.0,75000_99999,3,married_couple,no_65_plus,11.0,2
donor_h0001352,08900,13,6,1,3.0,1.0,29300.0,25000_29999,3,married_couple,has_65_plus,13.0,6
donor_h0001353,08900,37,1,1,1.0,4.0,29200.0,25000_29999,1,nonfamily_living_alone,has_65_plus,37.0,1
donor_h0001354,08900,43,1,1,1.0,6.0,60000.0,60000_74999,1,nonfamily_not_living_alone,no_65_plus,43.0,1
donor_h0001355,08900,3,3,1,0.0,1.0,66730.0,60000_74999,0,married_couple,no_65_plus,3.0,3
donor_h0001356,08900,43,2,1,4.0,1.0,135000.0,125000_149999,4_plus,married_couple,no_65_plus,43.0,2
donor_h0001357,08900,16,1,1,2.0,4.0,35000.0,35000_39999,2,nonfamily_living_alone,no_65_plus,16.0,1
donor_h0001358,08900,13,2,1,2.0,1.0,91500.0,75000_99999,2,married_couple,has_65_plus,13.0,2
donor_h0001359,08900,4,1,1,2.0,6.0,70600.0,60000_74999,2,nonfamily_not_living_alone,has_65_plus,4.0,1
donor_h0001360,08900,9,2,1,3.0,1.0,213000.0,200000_plus,3,married_couple,no_65_plus,9.0,2
donor_h0001361,08900,37,1,1,2.0,4.0,29200.0,25000_29999,2,nonfamily_living_alone,has_65_plus,37.0,1
donor_h0001362,08900,15,4,1,1.0,3.0,5000.0,lt_10000,1,other_female_householder,has_65_plus,15.0,4
donor_h0001363,08900,11,3,1,2.0,1.0,11500.0,10000_14999,2,married_couple,no_65_plus,11.0,3
donor_h0001364,08900,15,1,1,1.0,6.0,19200.0,15000_19999,1,nonfamily_not_living_alone,has_65_plus,15.0,1
donor_h0001365,08900,11,2,1,1.0,5.0,36000.0,35000_39999,1,nonfamily_living_alone,no_65_plus,11.0,2
donor_h0001366,08900,4,2,1,2.0,1.0,92010.0,75000_99999,2,married_couple,has_65_plus,4.0,2
donor_h0001367,08900,7,1,1,2.0,6.0,42230.0,40000_44999,2,nonfamily_not_living_alone,no_65_plus,7.0,1
donor_h0001368,08900,29,6,1,2.0,1.0,152000.0,150000_199999,2,married_couple,no_65_plus,29.0,6
donor_h0001369,08900,10,4,1,2.0,1.0,60000.0,60000_74999,2,married_couple,no_65_plus,10.0,4
donor_h0001370,08900,17,4,1,2.0,1.0,79800.0,75000_99999,2,married_couple,no_65_plus,17.0,4
donor_h0001371,08900,13,2,1,2.0,5.0,84650.0,75000_99999,2,nonfamily_living_alone,no_65_plus,13.0,2
donor_h0001372,08900,4,2,1,2.0,5.0,23400.0,20000_24999,2,nonfamily_living_alone,has_65_plus,4.0,2
donor_h0001373,08900,13,1,1,2.0,4.0,45000.0,45000_49999,2,nonfamily_living_alone,no_65_plus,13.0,1
donor_h0001374,08900,10,1,1,2.0,6.0,100000.0,100000_124999,2,nonfamily_not_living_alone,no_65_plus,10.0,1
donor_h0001375,08900,13,2,1,4.0,1.0,149440.0,125000_149999,4_plus,married_couple,has_65_plus,13.0,2
donor_h0001376,08900,20,4,1,2.0,1.0,83700.0,75000_99999,2,married_couple,has_65_plus,20.0,4
donor_h0001377,08900,22,2,1,3.0,1.0,87000.0,75000_99999,3,married_couple,no_65_plus,22.0,2
donor_h0001378,08900,9,2,1,2.0,1.0,83000.0,75000_99999,2,married_couple,no_65_plus,9.0,2
donor_h0001379,08900,47,1,1,0.0,6.0,10800.0,10000_14999,0,nonfamily_not_living_alone,no_65_plus,47.0,1
donor_h0001380,08900,11,1,1,2.0,6.0,31400.0,30000_34999,2,nonfamily_not_living_alone,has_65_plus,11.0,1
donor_h0001381,08900,11,6,1,2.0,1.0,126000.0,125000_149999,2,married_couple,no_65_plus,11.0,6
donor_h0001382,08900,12,2,1,1.0,1.0,20930.0,20000_24999,1,married_couple,no_65_plus,12.0,2
donor_h0001383,08900,21,2,1,0.0,3.0,8500.0,lt_10000,0,other_female_householder,no_65_plus,21.0,2
donor_h0001384,08900,8,1,1,1.0,6.0,26200.0,25000_29999,1,nonfamily_not_living_alone,no_65_plus,8.0,1
donor_h0001385,08900,14,2,1,2.0,1.0,57420.0,50000_59999,2,married_couple,has_65_plus,14.0,2
donor_h0001386,08900,16,2,1,2.0,1.0,357890.0,200000_plus,2,married_couple,has_65_plus,16.0,2
donor_h0001387,08900,12,2,1,2.0,1.0,75000.0,75000_99999,2,married_couple,no_65_plus,12.0,2
donor_h0001388,08900,9,1,1,1.0,6.0,29000.0,25000_29999,1,nonfamily_not_living_alone,has_65_plus,9.0,1
donor_h0001389,08900,77,1,1,1.0,4.0,150000.0,150000_199999,1,nonfamily_living_alone,has_65_plus,77.0,1
donor_h0001390,08900,63,2,1,2.0,2.0,22200.0,20000_24999,2,other_male_householder,has_65_plus,63.0,2
donor_h0001391,08900,13,2,1,1.0,1.0,19800.0,15000_19999,1,married_couple,has_65_plus,13.0,2
donor_h0001392,08900,6,2,1,2.0,1.0,71400.0,60000_74999,2,married_couple,no_65_plus,6.0,2
donor_h0001393,08900,48,3,1,2.0,3.0,22600.0,20000_24999,2,other_female_householder,no_65_plus,48.0,3
donor_h0001394,08900,7,6,1,4.0,1.0,100000.0,100000_124999,4_plus,married_couple,no_65_plus,7.0,6
donor_h0001395,08900,14,2,1,2.0,7.0,58690.0,50000_59999,2,nonfamily_not_living_alone,no_65_plus,14.0,2
donor_h0001396,08900,9,2,1,2.0,1.0,61850.0,60000_74999,2,married_couple,no_65_plus,9.0,2
donor_h0001397,08900,12,2,1,3.0,1.0,28800.0,25000_29999,3,married_couple,no_65_plus,12.0,2
donor_h0001398,08900,13,2,1,2.0,7.0,17300.0,15000_19999,2,nonfamily_not_living_alone,no_65_plus,13.0,2
donor_h0001399,08900,17,3,1,4.0,5.0,68900.0,60000_74999,4_plus,nonfamily_living_alone,no_65_plus,17.0,3
donor_h0001400,08900,23,1,1,1.0,4.0,0.0,lt_10000,1,nonfamily_living_alone,no_65_plus,23.0,1
donor_h0001401,08900,8,4,1,4.0,3.0,186000.0,150000_199999,4_plus,other_female_householder,no_65_plus,8.0,4
donor_h0001402,08900,17,5,1,3.0,1.0,127500.0,125000_149999,3,married_couple,no_65_plus,17.0,5
donor_h0001403,08900,7,2,1,2.0,1.0,22000.0,20000_24999,2,married_couple,has_65_plus,7.0,2
donor_h0001404,08900,14,1,1,1.0,6.0,31300.0,30000_34999,1,nonfamily_not_living_alone,has_65_plus,14.0,1
donor_h0001405,08900,26,1,1,1.0,4.0,18000.0,15000_19999,1,nonfamily_living_alone,no_65_plus,26.0,1
donor_h0001406,08900,10,1,1,1.0,4.0,8800.0,lt_10000,1,nonfamily_living_alone,no_65_plus,10.0,1
donor_h0001407,08900,11,4,1,2.0,1.0,70000.0,60000_74999,2,married_couple,no_65_plus,11.0,4
donor_h0001408,08900,15,4,1,3.0,1.0,85400.0,75000_99999,3,married_couple,has_65_plus,15.0,4
donor_h0001409,08900,21,4,1,0.0,1.0,36000.0,35000_39999,0,married_couple,no_65_plus,21.0,4
donor_h0001410,08900,7,1,1,2.0,4.0,90000.0,75000_99999,2,nonfamily_living_alone,has_65_plus,7.0,1
donor_h0001411,08900,24,2,1,2.0,1.0,152500.0,150000_199999,2,married_couple,no_65_plus,24.0,2
donor_h0001412,08900,75,2,1,1.0,1.0,42200.0,40000_44999,1,married_couple,has_65_plus,75.0,2
donor_h0001413,08900,20,4,1,0.0,1.0,9100.0,lt_10000,0,married_couple,no_65_plus,20.0,4
donor_h0001414,08900,56,4,1,0.0,5.0,5000.0,lt_10000,0,nonfamily_living_alone,no_65_plus,56.0,4
donor_h0001415,08900,6,2,1,1.0,1.0,26400.0,25000_29999,1,married_couple,has_65_plus,6.0,2
donor_h0001416,08900,12,1,1,1.0,6.0,25000.0,25000_29999,1,nonfamily_not_living_alone,has_65_plus,12.0,1
donor_h0001417,08900,17,1,1,1.0,4.0,32000.0,30000_34999,1,nonfamily_living_alone,has_65_plus,17.0,1
donor_h0001418,08900,13,2,1,0.0,5.0,21800.0,20000_24999,0,nonfamily_living_alone,no_65_plus,13.0,2
donor_h0001419,08900,32,4,1,1.0,2.0,42400.0,40000_44999,1,other_male_householder,no_65_plus,32.0,4
donor_h0001420,08900,11,5,1,2.0,1.0,78820.0,75000_99999,2,married_couple,has_65_plus,11.0,5
donor_h0001421,08900,17,1,1,1.0,4.0,17001.0,15000_19999,1,nonfamily_living_alone,no_65_plus,17.0,1
donor_h0001422,08900,12,1,1,2.0,6.0,7800.0,lt_10000,2,nonfamily_not_living_alone,has_65_plus,12.0,1
donor_h0001423,08900,13,2,1,3.0,1.0,63400.0,60000_74999,3,married_couple,has_65_plus,13.0,2
donor_h0001424,08900,4,2,1,2.0,1.0,100000.0,100000_124999,2,married_couple,no_65_plus,4.0,2
donor_h0001425,08900,20,1,1,0.0,4.0,24000.0,20000_24999,0,nonfamily_living_alone,no_65_plus,20.0,1
donor_h0001426,08900,32,2,1,2.0,7.0,24000.0,20000_24999,2,nonfamily_not_living_alone,no_65_plus,32.0,2
donor_h0001427,08900,12,2,1,2.0,1.0,50000.0,50000_59999,2,married_couple,no_65_plus,12.0,2
donor_h0001428,08900,7,3,1,4.0,1.0,129600.0,125000_149999,4_plus,married_couple,no_65_plus,7.0,3
donor_h0001429,08900,35,2,1,1.0,1.0,36000.0,35000_39999,1,married_couple,has_65_plus,35.0,2
donor_h0001430,08900,4,2,1,3.0,1.0,25600.0,25000_29999,3,married_couple,has_65_plus,4.0,2
donor_h0001431,08900,20,2,1,2.0,1.0,500.0,lt_10000,2,married_couple,no_65_plus,20.0,2
donor_h0001432,08900,5,2,1,1.0,3.0,49600.0,45000_49999,1,other_female_householder,no_65_plus,5.0,2
donor_h0001433,08900,7,2,1,3.0,1.0,136000.0,125000_149999,3,married_couple,no_65_plus,7.0,2
donor_h0001434,08900,10,2,1,3.0,1.0,19200.0,15000_19999,3,married_couple,has_65_plus,10.0,2
donor_h0001435,08900,37,1,1,1.0,4.0,50000.0,50000_59999,1,nonfamily_living_alone,no_65_plus,37.0,1
donor_h0001436,08900,23,3,1,4.0,1.0,48500.0,45000_49999,4_plus,married_couple,no_65_plus,23.0,3
donor_h0001437,08900,13,1,1,1.0,6.0,12200.0,10000_14999,1,nonfamily_not_living_alone,has_65_plus,13.0,1
donor_h0001438,08900,4,2,1,2.0,1.0,198000.0,150000_199999,2,married_couple,no_65_plus,4.0,2
donor_h0001439,08900,62,2,1,2.0,1.0,52600.0,50000_59999,2,married_couple,has_65_plus,62.0,2
donor_h0001440,08900,2,2,1,1.0,1.0,12800.0,10000_14999,1,married_couple,has_65_plus,2.0,2
donor_h0001441,08900,4,2,1,3.0,1.0,121900.0,100000_124999,3,married_couple,has_65_plus,4.0,2
donor_h0001442,08900,4,2,1,1.0,2.0,8020.0,lt_10000,1,other_male_householder,no_65_plus,4.0,2
donor_h0001443,08900,11,2,1,1.0,1.0,30400.0,30000_34999,1,married_couple,has_65_plus,11.0,2
donor_h0001444,08900,12,2,1,2.0,1.0,23400.0,20000_24999,2,married_couple,has_65_plus,12.0,2
donor_h0001445,08900,22,3,1,1.0,3.0,14400.0,10000_14999,1,other_female_householder,no_65_plus,22.0,3
donor_h0001446,08900,9,3,1,1.0,5.0,9100.0,lt_10000,1,nonfamily_living_alone,no_65_plus,9.0,3
donor_h0001447,08900,10,4,1,5.0,1.0,150500.0,150000_199999,4_plus,married_couple,no_65_plus,10.0,4
donor_h0001448,08900,12,2,1,2.0,1.0,36200.0,35000_39999,2,married_couple,has_65_plus,12.0,2
donor_h0001449,08900,8,1,1,1.0,6.0,18000.0,15000_19999,1,nonfamily_not_living_alone,has_65_plus,8.0,1
donor_h0001450,08900,10,4,1,3.0,1.0,76800.0,75000_99999,3,married_couple,no_65_plus,10.0,4
donor_h0001451,08900,20,1,1,1.0,6.0,19200.0,15000_19999,1,nonfamily_not_living_alone,has_65_plus,20.0,1
donor_h0001452,08900,17,2,1,0.0,7.0,88200.0,75000_99999,0,nonfamily_not_living_alone,has_65_plus,17.0,2
donor_h0001453,08900,35,3,1,2.0,7.0,26300.0,25000_29999,2,nonfamily_not_living_alone,no_65_plus,35.0,3
donor_h0001454,08900,21,3,1,2.0,1.0,84300.0,75000_99999,2,married_couple,has_65_plus,21.0,3
donor_h0001455,08900,12,2,1,2.0,1.0,157000.0,150000_199999,2,married_couple,no_65_plus,12.0,2
donor_h0001456,08900,41,6,1,3.0,3.0,39000.0,35000_39999,3,other_female_householder,no_65_plus,41.0,6
donor_h0001457,08900,13,2,1,2.0,1.0,0.0,lt_10000,2,married_couple,no_65_plus,13.0,2
donor_h0001458,08900,11,1,1,1.0,4.0,30700.0,30000_34999,1,nonfamily_living_alone,has_65_plus,11.0,1
donor_h0001459,08900,5,3,1,2.0,1.0,58000.0,50000_59999,2,married_couple,has_65_plus,5.0,3
donor_h0001460,08900,19,2,1,2.0,1.0,197200.0,150000_199999,2,married_couple,no_65_plus,19.0,2
donor_h0001461,08900,13,2,1,2.0,2.0,26000.0,25000_29999,2,other_male_householder,no_65_plus,13.0,2
donor_h0001462,08900,25,1,1,1.0,6.0,37600.0,35000_39999,1,nonfamily_not_living_alone,no_65_plus,25.0,1
donor_h0001463,08900,41,3,1,3.0,3.0,42500.0,40000_44999,3,other_female_householder,has_65_plus,41.0,3
donor_h0001464,08900,37,7,1,2.0,1.0,32000.0,30000_34999,2,married_couple,no_65_plus,37.0,7
donor_h0001465,08900,11,1,1,1.0,6.0,15500.0,15000_19999,1,nonfamily_not_living_alone,has_65_plus,11.0,1
donor_h0001466,08900,10,2,1,2.0,1.0,43000.0,40000_44999,2,married_couple,has_65_plus,10.0,2
donor_h0001467,08900,11,3,1,1.0,1.0,17201.0,15000_19999,1,married_couple,no_65_plus,11.0,3
donor_h0001468,08900,11,1,1,1.0,6.0,16000.0,15000_19999,1,nonfamily_not_living_alone,has_65_plus,11.0,1
donor_h0001469,08900,8,2,1,2.0,1.0,8400.0,lt_10000,2,married_couple,has_65_plus,8.0,2
donor_h0001470,08900,20,2,1,2.0,1.0,86200.0,75000_99999,2,married_couple,no_65_plus,20.0,2
donor_h0001471,08900,10,2,1,3.0,1.0,61000.0,60000_74999,3,married_couple,no_65_plus,10.0,2
donor_h0001472,08900,15,4,1,1.0,1.0,80150.0,75000_99999,1,married_couple,has_65_plus,15.0,4
donor_h0001473,08900,12,3,1,2.0,5.0,28900.0,25000_29999,2,nonfamily_living_alone,no_65_plus,12.0,3
donor_h0001474,08900,18,2,1,2.0,5.0,26000.0,25000_29999,2,nonfamily_living_alone,has_65_plus,18.0,2
donor_h0001475,08900,5,2,1,6.0,1.0,139000.0,125000_149999,4_plus,married_couple,no_65_plus,5.0,2
donor_h0001476,08900,8,4,1,2.0,1.0,35950.0,35000_39999,2,married_couple,no_65_plus,8.0,4
donor_h0001477,08900,16,1,1,0.0,6.0,26000.0,25000_29999,0,nonfamily_not_living_alone,no_65_plus,16.0,1
donor_h0001478,08900,12,2,1,1.0,2.0,30000.0,30000_34999,1,other_male_householder,no_65_plus,12.0,2
donor_h0001479,08900,42,3,1,1.0,1.0,45800.0,45000_49999,1,married_couple,has_65_plus,42.0,3
donor_h0001480,08900,11,2,1,1.0,2.0,18900.0,15000_19999,1,other_male_householder,no_65_plus,11.0,2
donor_h0001481,08900,11,1,1,1.0,4.0,140000.0,125000_149999,1,nonfamily_living_alone,no_65_plus,11.0,1
donor_h0001482,08900,50,5,1,2.0,1.0,50500.0,50000_59999,2,married_couple,no_65_plus,50.0,5
donor_h0001483,08900,20,3,1,3.0,7.0,112800.0,100000_124999,3,nonfamily_not_living_alone,no_65_plus,20.0,3
donor_h0001484,08900,11,2,1,2.0,1.0,21600.0,20000_24999,2,married_couple,has_65_plus,11.0,2
donor_h0001485,08900,8,3,1,2.0,1.0,67800.0,60000_74999,2,married_couple,no_65_plus,8.0,3
donor_h0001486,08900,34,5,1,2.0,1.0,14500.0,10000_14999,2,married_couple,no_65_plus,34.0,5
donor_h0001487,08900,14,4,1,2.0,1.0,72800.0,60000_74999,2,married_couple,no_65_plus,14.0,4
donor_h0001488,08900,13,3,1,3.0,1.0,160000.0,150000_199999,3,married_couple,no_65_plus,13.0,3
donor_h0001489,08900,11,1,1,1.0,4.0,18700.0,15000_19999,1,nonfamily_living_alone,no_65_plus,11.0,1
donor_h0001490,08900,14,2,1,2.0,1.0,105000.0,100000_124999,2,married_couple,no_65_plus,14.0,2
donor_h0001491,08900,27,2,1,1.0,5.0,44800.0,40000_44999,1,nonfamily_living_alone,has_65_plus,27.0,2
donor_h0001492,08900,19,3,1,2.0,1.0,38000.0,35000_39999,2,married_couple,no_65_plus,19.0,3
donor_h0001493,08900,9,4,1,3.0,1.0,31600.0,30000_34999,3,married_couple,no_65_plus,9.0,4
donor_h0001494,08900,27,3,1,2.0,3.0,29400.0,25000_29999,2,other_female_householder,no_65_plus,27.0,3
donor_h0001495,08900,13,4,1,2.0,3.0,102400.0,100000_124999,2,other_female_householder,no_65_plus,13.0,4
donor_h0001496,08900,8,3,1,3.0,2.0,97200.0,75000_99999,3,other_male_householder,has_65_plus,8.0,3
donor_h0001497,08900,98,1,1,2.0,6.0,100000.0,100000_124999,2,nonfamily_not_living_alone,no_65_plus,98.0,1
donor_h0001498,08900,12,2,1,3.0,1.0,41900.0,40000_44999,3,married_couple,no_65_plus,12.0,2
donor_h0001499,08900,14,5,1,1.0,1.0,42000.0,40000_44999,1,married_couple,no_65_plus,14.0,5
donor_h0001500,08900,13,1,1,2.0,6.0,57700.0,50000_59999,2,nonfamily_not_living_alone,no_65_plus,13.0,1
donor_h0001501,08900,10,1,1,3.0,4.0,34404.0,30000_34999,3,nonfamily_living_alone,no_65_plus,10.0,1
donor_h0001502,08900,10,4,1,2.0,3.0,30900.0,30000_34999,2,other_female_householder,has_65_plus,10.0,4
donor_h0001503,08900,20,2,1,3.0,1.0,36600.0,35000_39999,3,married_couple,no_65_plus,20.0,2
donor_h0001504,08900,13,4,1,4.0,3.0,103000.0,100000_124999,4_plus,other_female_householder,no_65_plus,13.0,4
donor_h0001505,08900,13,2,1,1.0,1.0,42800.0,40000_44999,1,married_couple,no_65_plus,13.0,2
donor_h0001506,08900,26,1,1,1.0,6.0,30500.0,30000_34999,1,nonfamily_not_living_alone,has_65_plus,26.0,1
donor_h0001507,08900,26,2,1,1.0,3.0,40000.0,40000_44999,1,other_female_householder,no_65_plus,26.0,2
donor_h0001508,08900,17,2,1,4.0,1.0,54700.0,50000_59999,4_plus,married_couple,has_65_plus,17.0,2
donor_h0001509,08900,30,2,1,2.0,1.0,176000.0,150000_199999,2,married_couple,no_65_plus,30.0,2
donor_h0001510,08900,21,2,1,3.0,1.0,104300.0,100000_124999,3,married_couple,has_65_plus,21.0,2
donor_h0001511,08900,8,1,1,0.0,6.0,1400.0,lt_10000,0,nonfamily_not_living_alone,has_65_plus,8.0,1
donor_h0001512,08900,13,3,1,5.0,1.0,90500.0,75000_99999,4_plus,married_couple,no_65_plus,13.0,3
donor_h0001513,08900,45,2,1,2.0,3.0,50100.0,50000_59999,2,other_female_householder,has_65_plus,45.0,2
donor_h0001514,08900,35,1,1,1.0,4.0,10000.0,10000_14999,1,nonfamily_living_alone,no_65_plus,35.0,1
donor_h0001515,08900,13,4,1,2.0,1.0,95000.0,75000_99999,2,married_couple,no_65_plus,13.0,4
donor_h0001516,08900,2,1,1,1.0,6.0,2900.0,lt_10000,1,nonfamily_not_living_alone,has_65_plus,2.0,1
donor_h0001517,08900,38,1,1,0.0,4.0,50000.0,50000_59999,0,nonfamily_living_alone,has_65_plus,38.0,1
donor_h0001518,08900,25,2,1,2.0,5.0,67860.0,60000_74999,2,nonfamily_living_alone,has_65_plus,25.0,2
donor_h0001519,08900,8,1,1,1.0,6.0,12600.0,10000_14999,1,nonfamily_not_living_alone,has_65_plus,8.0,1
donor_h0001520,08900,3,2,1,1.0,1.0,103000.0,100000_124999,1,married_couple,no_65_plus,3.0,2
donor_h0001521,08900,12,5,1,2.0,2.0,75200.0,75000_99999,2,other_male_householder,no_65_plus,12.0,5
donor_h0001522,08900,16,2,1,2.0,7.0,36800.0,35000_39999,2,nonfamily_not_living_alone,no_65_plus,16.0,2
donor_h0001523,08900,7,2,1,3.0,1.0,68860.0,60000_74999,3,married_couple,has_65_plus,7.0,2
donor_h0001524,08900,13,2,1,1.0,7.0,65520.0,60000_74999,1,nonfamily_not_living_alone,no_65_plus,13.0,2
donor_h0001525,08900,65,2,1,3.0,1.0,38200.0,35000_39999,3,married_couple,no_65_plus,65.0,2
donor_h0001526,08900,9,2,1,2.0,3.0,67600.0,60000_74999,2,other_female_householder,no_65_plus,9.0,2
donor_h0001527,08900,16,1,1,1.0,6.0,15800.0,15000_19999,1,nonfamily_not_living_alone,has_65_plus,16.0,1
donor_h0001528,08900,6,1,1,1.0,4.0,22800.0,20000_24999,1,nonfamily_living_alone,no_65_plus,6.0,1
donor_h0001529,08900,23,4,1,2.0,1.0,7000.0,lt_10000,2,married_couple,no_65_plus,23.0,4
donor_h0001530,08900,13,2,1,1.0,1.0,39300.0,35000_39999,1,married_couple,has_65_plus,13.0,2
donor_h0001531,08900,11,1,1,1.0,6.0,30000.0,30000_34999,1,nonfamily_not_living_alone,no_65_plus,11.0,1
donor_h0001532,08900,9,2,1,2.0,1.0,204000.0,200000_plus,2,married_couple,no_65_plus,9.0,2
donor_h0001533,08900,15,1,1,3.0,4.0,32300.0,30000_34999,3,nonfamily_living_alone,has_65_plus,15.0,1
donor_h0001534,08900,11,2,1,0.0,1.0,46000.0,45000_49999,0,married_couple,has_65_plus,11.0,2
donor_h0001535,08900,23,2,1,2.0,1.0,63400.0,60000_74999,2,married_couple,has_65_plus,23.0,2
donor_h0001536,08900,26,5,1,3.0,1.0,105000.0,100000_124999,3,married_couple,no_65_plus,26.0,5
donor_h0001537,08900,20,2,1,1.0,1.0,15200.0,15000_19999,1,married_couple,no_65_plus,20.0,2
donor_h0001538,08900,20,5,1,2.0,1.0,109000.0,100000_124999,2,married_couple,no_65_plus,20.0,5
donor_h0001539,08900,13,3,1,1.0,1.0,45600.0,45000_49999,1,married_couple,has_65_plus,13.0,3
donor_h0001540,08900,4,1,1,2.0,6.0,35000.0,35000_39999,2,nonfamily_not_living_alone,no_65_plus,4.0,1
donor_h0001541,08900,52,4,1,2.0,1.0,213000.0,200000_plus,2,married_couple,has_65_plus,52.0,4
donor_h0001542,08900,13,2,1,3.0,1.0,30500.0,30000_34999,3,married_couple,has_65_plus,13.0,2
donor_h0001543,08900,14,2,1,2.0,1.0,32900.0,30000_34999,2,married_couple,no_65_plus,14.0,2
donor_h0001544,08900,14,2,1,2.0,1.0,60000.0,60000_74999,2,married_couple,no_65_plus,14.0,2
donor_h0001545,08900,25,1,1,0.0,4.0,0.0,lt_10000,0,nonfamily_living_alone,no_65_plus,25.0,1
donor_h0001546,08900,11,1,1,0.0,6.0,11530.0,10000_14999,0,nonfamily_not_living_alone,has_65_plus,11.0,1
donor_h0001547,08900,23,1,1,1.0,6.0,20000.0,20000_24999,1,nonfamily_not_living_alone,no_65_plus,23.0,1
donor_h0001548,08900,11,2,1,2.0,1.0,85500.0,75000_99999,2,married_couple,has_65_plus,11.0,2
donor_h0001549,08900,71,2,1,3.0,5.0,50000.0,50000_59999,3,nonfamily_living_alone,no_65_plus,71.0,2
donor_h0001550,08900,2,3,1,2.0,1.0,66540.0,60000_74999,2,married_couple,no_65_plus,2.0,3
donor_h0001551,08900,24,2,1,3.0,1.0,-200.0,lt_10000,3,married_couple,no_65_plus,24.0,2
donor_h0001552,08900,9,1,1,2.0,4.0,18000.0,15000_19999,2,nonfamily_living_alone,has_65_plus,9.0,1
donor_h0001553,08900,37,1,1,1.0,4.0,9600.0,lt_10000,1,nonfamily_living_alone,has_65_plus,37.0,1
donor_h0001554,08900,16,2,1,3.0,1.0,86330.0,75000_99999,3,married_couple,has_65_plus,16.0,2
donor_h0001555,08900,15,4,1,1.0,3.0,50.0,lt_10000,1,other_female_householder,no_65_plus,15.0,4
donor_h0001556,08900,8,5,1,3.0,1.0,80000.0,75000_99999,3,married_couple,no_65_plus,8.0,5
donor_h0001557,08900,15,2,1,3.0,1.0,72400.0,60000_74999,3,married_couple,has_65_plus,15.0,2
donor_h0001558,08900,15,2,1,2.0,1.0,44000.0,40000_44999,2,married_couple,has_65_plus,15.0,2
donor_h0001559,08900,12,4,1,3.0,1.0,169500.0,150000_199999,3,married_couple,no_65_plus,12.0,4
donor_h0001560,08900,2,2,1,2.0,7.0,118000.0,100000_124999,2,nonfamily_not_living_alone,no_65_plus,2.0,2
donor_h0001561,08900,12,2,1,3.0,1.0,72000.0,60000_74999,3,married_couple,no_65_plus,12.0,2
donor_h0001562,08900,15,1,1,1.0,4.0,42000.0,40000_44999,1,nonfamily_living_alone,no_65_plus,15.0,1
donor_h0001563,08900,42,4,1,2.0,1.0,82000.0,75000_99999,2,married_couple,no_65_plus,42.0,4
donor_h0001564,08900,14,3,1,3.0,2.0,50000.0,50000_59999,3,other_male_householder,no_65_plus,14.0,3
donor_h0001565,08900,23,2,1,3.0,1.0,99800.0,75000_99999,3,married_couple,has_65_plus,23.0,2
donor_h0001566,08900,16,5,1,2.0,1.0,67500.0,60000_74999,2,married_couple,no_65_plus,16.0,5
donor_h0001567,08900,16,2,1,2.0,1.0,228500.0,200000_plus,2,married_couple,has_65_plus,16.0,2
donor_h0001568,08900,24,2,1,3.0,1.0,46800.0,45000_49999,3,married_couple,has_65_plus,24.0,2
donor_h0001569,08900,18,3,1,2.0,5.0,10500.0,10000_14999,2,nonfamily_living_alone,no_65_plus,18.0,3
donor_h0001570,08900,25,3,1,1.0,3.0,30000.0,30000_34999,1,other_female_householder,no_65_plus,25.0,3
donor_h0001571,08900,14,2,1,1.0,1.0,64300.0,60000_74999,1,married_couple,has_65_plus,14.0,2
donor_h0001572,08900,17,2,1,2.0,1.0,63600.0,60000_74999,2,married_couple,has_65_plus,17.0,2
donor_h0001573,08900,19,1,1,1.0,4.0,10600.0,10000_14999,1,nonfamily_living_alone,no_65_plus,19.0,1
donor_h0001574,08900,11,2,1,2.0,1.0,39600.0,35000_39999,2,married_couple,has_65_plus,11.0,2
donor_h0001575,08900,15,2,1,2.0,1.0,82130.0,75000_99999,2,married_couple,has_65_plus,15.0,2
donor_h0001576,08900,16,3,1,3.0,3.0,485800.0,200000_plus,3,other_female_householder,no_65_plus,16.0,3
donor_h0001577,08900,2,2,1,4.0,1.0,119000.0,100000_124999,4_plus,married_couple,no_65_plus,2.0,2
donor_h0001578,08900,12,4,1,4.0,1.0,100000.0,100000_124999,4_plus,married_couple,no_65_plus,12.0,4
donor_h0001579,08900,20,1,1,1.0,4.0,180000.0,150000_199999,1,nonfamily_living_alone,no_65_plus,20.0,1
donor_h0001580,08900,45,5,1,1.0,1.0,30000.0,30000_34999,1,married_couple,no_65_plus,45.0,5
donor_h0001581,08900,10,1,1,1.0,6.0,36600.0,35000_39999,1,nonfamily_not_living_alone,has_65_plus,10.0,1
donor_h0001582,08900,13,2,1,2.0,1.0,75000.0,75000_99999,2,married_couple,no_65_plus,13.0,2
donor_h0001583,08900,14,2,1,2.0,3.0,38000.0,35000_39999,2,other_female_householder,has_65_plus,14.0,2
donor_h0001584,08900,7,4,1,3.0,3.0,63600.0,60000_74999,3,other_female_householder,has_65_plus,7.0,4
donor_h0001585,08900,2,1,1,1.0,6.0,25000.0,25000_29999,1,nonfamily_not_living_alone,no_65_plus,2.0,1
donor_h0001586,08900,15,2,1,2.0,1.0,42400.0,40000_44999,2,married_couple,has_65_plus,15.0,2
donor_h0001587,08900,21,4,1,4.0,1.0,129580.0,125000_149999,4_plus,married_couple,has_65_plus,21.0,4
donor_h0001588,08900,12,1,1,1.0,6.0,13000.0,10000_14999,1,nonfamily_not_living_alone,no_65_plus,12.0,1
donor_h0001589,08900,69,1,1,1.0,4.0,40000.0,40000_44999,1,nonfamily_living_alone,no_65_plus,69.0,1
donor_h0001590,08900,3,2,1,3.0,1.0,82200.0,75000_99999,3,married_couple,no_65_plus,3.0,2
donor_h0001591,08900,18,2,1,0.0,7.0,70000.0,60000_74999,0,nonfamily_not_living_alone,no_65_plus,18.0,2
donor_h0001592,08900,11,2,1,4.0,2.0,41600.0,40000_44999,4_plus,other_male_householder,has_65_plus,11.0,2
donor_h0001593,08900,6,1,1,0.0,6.0,10800.0,10000_14999,0,nonfamily_not_living_alone,no_65_plus,6.0,1
donor_h0001594,08900,21,2,1,3.0,1.0,137800.0,125000_149999,3,married_couple,no_65_plus,21.0,2
donor_h0001595,08900,6,2,1,1.0,1.0,42800.0,40000_44999,1,married_couple,has_65_plus,6.0,2
donor_h0001596,08900,6,1,1,1.0,6.0,28560.0,25000_29999,1,nonfamily_not_living_alone,has_65_plus,6.0,1
donor_h0001597,08900,28,1,1,1.0,6.0,70700.0,60000_74999,1,nonfamily_not_living_alone,has_65_plus,28.0,1
donor_h0001598,08900,8,2,1,3.0,1.0,75100.0,75000_99999,3,married_couple,no_65_plus,8.0,2
donor_h0001599,08900,20,2,1,2.0,1.0,59890.0,50000_59999,2,married_couple,has_65_plus,20.0,2
donor_h0001600,08900,4,2,1,2.0,1.0,60800.0,60000_74999,2,married_couple,no_65_plus,4.0,2
donor_h0001601,08900,17,1,1,1.0,6.0,40000.0,40000_44999,1,nonfamily_not_living_alone,no_65_plus,17.0,1
donor_h0001602,08900,9,1,1,2.0,4.0,42000.0,40000_44999,2,nonfamily_living_alone,has_65_plus,9.0,1
donor_h0001603,08900,12,2,1,2.0,5.0,135080.0,125000_149999,2,nonfamily_living_alone,no_65_plus,12.0,2
donor_h0001604,08900,14,1,1,1.0,6.0,11000.0,10000_14999,1,nonfamily_not_living_alone,no_65_plus,14.0,1
donor_h0001605,08900,15,2,1,5.0,1.0,141550.0,125000_149999,4_plus,married_couple,has_65_plus,15.0,2
donor_h0001606,08900,6,1,1,1.0,6.0,12200.0,10000_14999,1,nonfamily_not_living_alone,has_65_plus,6.0,1
donor_h0001607,08900,12,2,1,3.0,1.0,355000.0,200000_plus,3,married_couple,no_65_plus,12.0,2
donor_h0001608,08900,13,8,1,2.0,1.0,105000.0,100000_124999,2,married_couple,no_65_plus,13.0,8
donor_h0001609,08900,23,1,1,1.0,4.0,40101.0,40000_44999,1,nonfamily_living_alone,has_65_plus,23.0,1
donor_h0001610,08900,8,3,1,4.0,2.0,31400.0,30000_34999,4_plus,other_male_householder,has_65_plus,8.0,3
donor_h0001611,08900,14,3,1,3.0,1.0,62000.0,60000_74999,3,married_couple,no_65_plus,14.0,3
donor_h0001612,08900,9,1,1,2.0,4.0,30000.0,30000_34999,2,nonfamily_living_alone,no_65_plus,9.0,1
donor_h0001613,08900,15,2,1,2.0,1.0,72300.0,60000_74999,2,married_couple,has_65_plus,15.0,2
donor_h0001614,08900,12,1,1,1.0,6.0,41200.0,40000_44999,1,nonfamily_not_living_alone,no_65_plus,12.0,1
donor_h0001615,08900,16,1,1,3.0,4.0,10200.0,10000_14999,3,nonfamily_living_alone,has_65_plus,16.0,1
donor_h0001616,08900,9,2,1,3.0,1.0,84100.0,75000_99999,3,married_couple,has_65_plus,9.0,2
donor_h0001617,08900,44,2,1,2.0,2.0,32700.0,30000_34999,2,other_male_householder,no_65_plus,44.0,2
donor_h0001618,08900,39,3,1,1.0,1.0,92500.0,75000_99999,1,married_couple,no_65_plus,39.0,3
donor_h0001619,08900,11,5,1,3.0,1.0,69140.0,60000_74999,3,married_couple,no_65_plus,11.0,5
donor_h0001620,08900,18,2,1,1.0,1.0,57200.0,50000_59999,1,married_couple,has_65_plus,18.0,2
donor_h0001621,08900,48,1,1,1.0,4.0,23000.0,20000_24999,1,nonfamily_living_alone,no_65_plus,48.0,1
donor_h0001622,08900,3,1,1,1.0,4.0,37200.0,35000_39999,1,nonfamily_living_alone,has_65_plus,3.0,1
donor_h0001623,08900,14,3,1,2.0,1.0,93000.0,75000_99999,2,married_couple,no_65_plus,14.0,3
donor_h0001624,08900,51,2,1,1.0,2.0,150000.0,150000_199999,1,other_male_householder,no_65_plus,51.0,2
donor_h0001625,08900,11,3,1,1.0,1.0,30700.0,30000_34999,1,married_couple,has_65_plus,11.0,3
donor_h0001626,08900,19,1,1,4.0,4.0,82600.0,75000_99999,4_plus,nonfamily_living_alone,no_65_plus,19.0,1
donor_h0001627,08900,23,3,1,1.0,2.0,22200.0,20000_24999,1,other_male_householder,no_65_plus,23.0,3
donor_h0001628,08900,5,5,1,6.0,3.0,149000.0,125000_149999,4_plus,other_female_householder,has_65_plus,5.0,5
donor_h0001629,08900,28,2,1,4.0,1.0,81500.0,75000_99999,4_plus,married_couple,has_65_plus,28.0,2
donor_h0001630,08900,9,3,1,3.0,1.0,119850.0,100000_124999,3,married_couple,no_65_plus,9.0,3
donor_h0001631,08900,5,3,1,1.0,1.0,59900.0,50000_59999,1,married_couple,no_65_plus,5.0,3
donor_h0001632,08900,12,6,1,4.0,1.0,53000.0,50000_59999,4_plus,married_couple,no_65_plus,12.0,6
donor_h0001633,08900,26,2,1,2.0,1.0,30900.0,30000_34999,2,married_couple,has_65_plus,26.0,2
donor_h0001634,08900,19,4,1,2.0,1.0,71000.0,60000_74999,2,married_couple,no_65_plus,19.0,4
donor_h0001635,08900,9,1,1,1.0,6.0,25000.0,25000_29999,1,nonfamily_not_living_alone,no_65_plus,9.0,1
donor_h0001636,08900,3,3,1,4.0,1.0,65000.0,60000_74999,4_plus,married_couple,no_65_plus,3.0,3
donor_h0001637,08900,14,3,1,5.0,1.0,62200.0,60000_74999,4_plus,married_couple,has_65_plus,14.0,3
donor_h0001638,08900,8,2,1,2.0,1.0,193400.0,150000_199999,2,married_couple,has_65_plus,8.0,2
donor_h0001639,08900,7,2,1,4.0,1.0,54420.0,50000_59999,4_plus,married_couple,no_65_plus,7.0,2
donor_h0001640,08900,14,4,1,3.0,1.0,88400.0,75000_99999,3,married_couple,no_65_plus,14.0,4
donor_h0001641,08900,15,2,1,3.0,1.0,63410.0,60000_74999,3,married_couple,has_65_plus,15.0,2
donor_h0001642,08900,20,4,1,3.0,1.0,35000.0,35000_39999,3,married_couple,no_65_plus,20.0,4
donor_h0001643,08900,6,2,1,1.0,1.0,26060.0,25000_29999,1,married_couple,has_65_plus,6.0,2
donor_h0001644,08900,7,5,1,2.0,1.0,118100.0,100000_124999,2,married_couple,no_65_plus,7.0,5
donor_h0001645,08900,4,4,1,3.0,1.0,76700.0,75000_99999,3,married_couple,has_65_plus,4.0,4
donor_h0001646,08900,41,3,1,1.0,3.0,18900.0,15000_19999,1,other_female_householder,no_65_plus,41.0,3
donor_h0001647,08900,8,4,1,1.0,1.0,14990.0,10000_14999,1,married_couple,has_65_plus,8.0,4
donor_h0001648,08900,8,2,1,2.0,1.0,44900.0,40000_44999,2,married_couple,has_65_plus,8.0,2
donor_h0001649,08900,18,1,1,2.0,4.0,24900.0,20000_24999,2,nonfamily_living_alone,no_65_plus,18.0,1
donor_h0001650,08900,9,2,1,3.0,1.0,57500.0,50000_59999,3,married_couple,has_65_plus,9.0,2
donor_h0001651,08900,18,2,1,2.0,1.0,143000.0,125000_149999,2,married_couple,no_65_plus,18.0,2
donor_h0001652,08900,20,3,1,1.0,1.0,42600.0,40000_44999,1,married_couple,has_65_plus,20.0,3
donor_h0001653,08900,43,6,1,4.0,1.0,184500.0,150000_199999,4_plus,married_couple,no_65_plus,43.0,6
donor_h0001654,08900,21,2,1,5.0,5.0,55000.0,50000_59999,4_plus,nonfamily_living_alone,no_65_plus,21.0,2
donor_h0001655,08900,9,1,1,2.0,6.0,27000.0,25000_29999,2,nonfamily_not_living_alone,no_65_plus,9.0,1
donor_h0001656,08900,11,3,1,3.0,1.0,94000.0,75000_99999,3,married_couple,no_65_plus,11.0,3
donor_h0001657,08900,18,1,1,1.0,4.0,94000.0,75000_99999,1,nonfamily_living_alone,no_65_plus,18.0,1
donor_h0001658,08900,18,1,1,1.0,4.0,24000.0,20000_24999,1,nonfamily_living_alone,no_65_plus,18.0,1
donor_h0001659,08900,50,2,1,2.0,1.0,26000.0,25000_29999,2,married_couple,no_65_plus,50.0,2
donor_h0001660,08900,10,6,1,1.0,1.0,82900.0,75000_99999,1,married_couple,no_65_plus,10.0,6
donor_h0001661,08900,11,4,1,4.0,1.0,93400.0,75000_99999,4_plus,married_couple,no_65_plus,11.0,4
donor_h0001662,08900,28,4,1,1.0,3.0,24000.0,20000_24999,1,other_female_householder,no_65_plus,28.0,4
donor_h0001663,08900,35,5,1,2.0,1.0,43400.0,40000_44999,2,married_couple,no_65_plus,35.0,5
donor_h0001664,08900,9,2,1,1.0,7.0,200000.0,200000_plus,1,nonfamily_not_living_alone,no_65_plus,9.0,2
donor_h0001665,08900,16,2,1,4.0,2.0,62900.0,60000_74999,4_plus,other_male_householder,no_65_plus,16.0,2
donor_h0001666,08900,3,1,1,1.0,4.0,90000.0,75000_99999,1,nonfamily_living_alone,has_65_plus,3.0,1
donor_h0001667,08900,32,3,1,2.0,3.0,16500.0,15000_19999,2,other_female_householder,no_65_plus,32.0,3
donor_h0001668,08900,7,2,1,3.0,1.0,95000.0,75000_99999,3,married_couple,no_65_plus,7.0,2
donor_h0001669,08900,11,2,1,3.0,1.0,195030.0,150000_199999,3,married_couple,no_65_plus,11.0,2
donor_h0001670,08900,29,3,1,1.0,1.0,41200.0,40000_44999,1,married_couple,no_65_plus,29.0,3
donor_h0001671,08900,12,2,1,2.0,1.0,131300.0,125000_149999,2,married_couple,no_65_plus,12.0,2
donor_h0001672,08900,15,1,1,0.0,4.0,9900.0,lt_10000,0,nonfamily_living_alone,has_65_plus,15.0,1
donor_h0001673,08900,14,2,1,3.0,1.0,92100.0,75000_99999,3,married_couple,no_65_plus,14.0,2
donor_h0001674,08900,57,6,1,1.0,1.0,155000.0,150000_199999,1,married_couple,no_65_plus,57.0,6
donor_h0001675,08900,11,2,1,2.0,1.0,96900.0,75000_99999,2,married_couple,no_65_plus,11.0,2
donor_h0001676,08900,8,3,1,2.0,1.0,24000.0,20000_24999,2,married_couple,has_65_plus,8.0,3
donor_h0001677,08900,13,1,1,1.0,4.0,49000.0,45000_49999,1,nonfamily_living_alone,no_65_plus,13.0,1
donor_h0001678,08900,56,1,1,1.0,6.0,15600.0,15000_19999,1,nonfamily_not_living_alone,no_65_plus,56.0,1
donor_h0001679,08900,21,6,1,3.0,3.0,43800.0,40000_44999,3,other_female_householder,no_65_plus,21.0,6
donor_h0001680,08900,15,1,1,1.0,6.0,42000.0,40000_44999,1,nonfamily_not_living_alone,no_65_plus,15.0,1
donor_h0001681,08900,20,5,1,2.0,1.0,11500.0,10000_14999,2,married_couple,no_65_plus,20.0,5
donor_h0001682,08900,15,1,1,1.0,4.0,2400.0,lt_10000,1,nonfamily_living_alone,has_65_plus,15.0,1
donor_h0001683,08900,14,2,1,2.0,1.0,23400.0,20000_24999,2,married_couple,has_65_plus,14.0,2
donor_h0001684,08900,4,2,1,2.0,1.0,46500.0,45000_49999,2,married_couple,has_65_plus,4.0,2
donor_h0001685,08900,18,1,1,1.0,6.0,19000.0,15000_19999,1,nonfamily_not_living_alone,has_65_plus,18.0,1
donor_h0001686,08900,11,1,1,1.0,6.0,63700.0,60000_74999,1,nonfamily_not_living_alone,has_65_plus,11.0,1
donor_h0001687,08900,16,2,1,3.0,1.0,143500.0,125000_149999,3,married_couple,has_65_plus,16.0,2
donor_h0001688,08900,9,8,1,6.0,7.0,139800.0,125000_149999,4_plus,nonfamily_not_living_alone,no_65_plus,9.0,8
donor_h0001689,08900,20,2,1,2.0,1.0,40000.0,40000_44999,2,married_couple,no_65_plus,20.0,2
donor_h0001690,08900,6,3,1,1.0,2.0,21500.0,20000_24999,1,other_male_householder,has_65_plus,6.0,3
donor_h0001691,08900,4,1,1,2.0,6.0,133700.0,125000_149999,2,nonfamily_not_living_alone,has_65_plus,4.0,1
donor_h0001692,08900,3,2,1,5.0,1.0,81800.0,75000_99999,4_plus,married_couple,has_65_plus,3.0,2
donor_h0001693,08900,8,2,1,4.0,1.0,154400.0,150000_199999,4_plus,married_couple,no_65_plus,8.0,2
donor_h0001694,08900,11,2,1,2.0,1.0,8100.0,lt_10000,2,married_couple,no_65_plus,11.0,2
donor_h0001695,08900,11,4,1,2.0,1.0,158500.0,150000_199999,2,married_couple,no_65_plus,11.0,4
donor_h0001696,08900,18,4,1,2.0,1.0,38000.0,35000_39999,2,married_couple,no_65_plus,18.0,4
donor_h0001697,08900,4,2,1,2.0,1.0,38900.0,35000_39999,2,married_couple,no_65_plus,4.0,2
donor_h0001698,08900,13,2,1,2.0,1.0,42200.0,40000_44999,2,married_couple,has_65_plus,13.0,2
donor_h0001699,08900,4,3,1,5.0,7.0,92100.0,75000_99999,4_plus,nonfamily_not_living_alone,no_65_plus,4.0,3
donor_h0001700,08900,19,3,1,2.0,1.0,65600.0,60000_74999,2,married_couple,no_65_plus,19.0,3
donor_h0001701,08900,7,2,1,2.0,1.0,248000.0,200000_plus,2,married_couple,no_65_plus,7.0,2
donor_h0001702,08900,8,2,1,1.0,7.0,50400.0,50000_59999,1,nonfamily_not_living_alone,no_65_plus,8.0,2
donor_h0001703,08900,10,1,1,2.0,6.0,41100.0,40000_44999,2,nonfamily_not_living_alone,has_65_plus,10.0,1
donor_h0001704,08900,37,2,1,3.0,1.0,40300.0,40000_44999,3,married_couple,no_65_plus,37.0,2
donor_h0001705,08900,5,2,1,2.0,7.0,18600.0,15000_19999,2,nonfamily_not_living_alone,has_65_plus,5.0,2
donor_h0001706,08900,11,1,1,0.0,6.0,8100.0,lt_10000,0,nonfamily_not_living_alone,has_65_plus,11.0,1
donor_h0001707,08900,12,1,1,1.0,4.0,16900.0,15000_19999,1,nonfamily_living_alone,has_65_plus,12.0,1
donor_h0001708,08900,8,4,1,2.0,1.0,52800.0,50000_59999,2,married_couple,no_65_plus,8.0,4
donor_h0001709,08900,12,3,1,3.0,1.0,62000.0,60000_74999,3,married_couple,no_65_plus,12.0,3
donor_h0001710,08900,15,2,1,3.0,1.0,32950.0,30000_34999,3,married_couple,no_65_plus,15.0,2
donor_h0001711,08900,12,2,1,1.0,3.0,21260.0,20000_24999,1,other_female_householder,has_65_plus,12.0,2
donor_h0001712,08900,13,1,1,1.0,4.0,100000.0,100000_124999,1,nonfamily_living_alone,no_65_plus,13.0,1
donor_h0001713,08900,11,1,1,1.0,6.0,40500.0,40000_44999,1,nonfamily_not_living_alone,no_65_plus,11.0,1
donor_h0001714,08900,20,2,1,3.0,1.0,56900.0,50000_59999,3,married_couple,no_65_plus,20.0,2
donor_h0001715,08900,25,1,1,0.0,4.0,12600.0,10000_14999,0,nonfamily_living_alone,has_65_plus,25.0,1
donor_h0001716,08900,7,3,1,4.0,1.0,30800.0,30000_34999,4_plus,married_couple,has_65_plus,7.0,3
donor_h0001717,08900,12,2,1,1.0,1.0,21000.0,20000_24999,1,married_couple,has_65_plus,12.0,2
donor_h0001718,08900,26,5,1,2.0,1.0,269600.0,200000_plus,2,married_couple,no_65_plus,26.0,5
donor_h0001719,08900,13,3,1,2.0,1.0,71600.0,60000_74999,2,married_couple,no_65_plus,13.0,3
donor_h0001720,08900,18,3,1,3.0,1.0,18500.0,15000_19999,3,married_couple,has_65_plus,18.0,3
donor_h0001721,08900,71,1,1,2.0,4.0,30900.0,30000_34999,2,nonfamily_living_alone,no_65_plus,71.0,1
donor_h0001722,08900,7,1,1,1.0,6.0,2200.0,lt_10000,1,nonfamily_not_living_alone,no_65_plus,7.0,1
donor_h0001723,08900,21,4,1,2.0,3.0,48000.0,45000_49999,2,other_female_householder,no_65_plus,21.0,4
donor_h0001724,08900,21,1,1,1.0,4.0,28400.0,25000_29999,1,nonfamily_living_alone,has_65_plus,21.0,1
donor_h0001725,08900,10,4,1,2.0,3.0,72500.0,60000_74999,2,other_female_householder,has_65_plus,10.0,4
donor_h0001726,08900,8,3,1,2.0,2.0,102000.0,100000_124999,2,other_male_householder,no_65_plus,8.0,3
donor_h0001727,08900,43,2,1,1.0,5.0,23700.0,20000_24999,1,nonfamily_living_alone,no_65_plus,43.0,2
donor_h0001728,08900,20,4,1,3.0,1.0,135900.0,125000_149999,3,married_couple,has_65_plus,20.0,4
donor_h0001729,08900,12,1,1,0.0,4.0,13710.0,10000_14999,0,nonfamily_living_alone,has_65_plus,12.0,1
donor_h0001730,08900,31,3,1,1.0,3.0,8000.0,lt_10000,1,other_female_householder,no_65_plus,31.0,3
donor_h0001731,08900,35,1,1,3.0,6.0,55000.0,50000_59999,3,nonfamily_not_living_alone,no_65_plus,35.0,1
donor_h0001732,08900,4,3,1,3.0,1.0,31200.0,30000_34999,3,married_couple,has_65_plus,4.0,3
donor_h0001733,08900,17,2,1,1.0,1.0,47000.0,45000_49999,1,married_couple,no_65_plus,17.0,2
donor_h0001734,08900,18,3,1,2.0,2.0,22700.0,20000_24999,2,other_male_householder,has_65_plus,18.0,3
donor_h0001735,08900,14,1,1,1.0,6.0,64000.0,60000_74999,1,nonfamily_not_living_alone,has_65_plus,14.0,1
donor_h0001736,08900,4,5,1,2.0,1.0,114300.0,100000_124999,2,married_couple,no_65_plus,4.0,5
donor_h0001737,08900,24,2,1,2.0,1.0,63800.0,60000_74999,2,married_couple,has_65_plus,24.0,2
donor_h0001738,08900,13,1,1,1.0,4.0,10900.0,10000_14999,1,nonfamily_living_alone,no_65_plus,13.0,1
donor_h0001739,08900,9,1,1,1.0,6.0,32300.0,30000_34999,1,nonfamily_not_living_alone,has_65_plus,9.0,1
donor_h0001740,08900,11,4,1,3.0,1.0,61354.0,60000_74999,3,married_couple,no_65_plus,11.0,4
donor_h0001741,08900,11,2,1,2.0,1.0,101500.0,100000_124999,2,married_couple,has_65_plus,11.0,2
donor_h0001742,08900,15,3,1,4.0,1.0,230000.0,200000_plus,4_plus,married_couple,no_65_plus,15.0,3
donor_h0001743,08900,10,3,1,3.0,1.0,37100.0,35000_39999,3,married_couple,has_65_plus,10.0,3
donor_h0001744,08900,16,1,1,1.0,6.0,4200.0,lt_10000,1,nonfamily_not_living_alone,has_65_plus,16.0,1
donor_h0001745,08900,9,2,1,1.0,7.0,24800.0,20000_24999,1,nonfamily_not_living_alone,has_65_plus,9.0,2
donor_h0001746,08900,8,2,1,1.0,1.0,29000.0,25000_29999,1,married_couple,has_65_plus,8.0,2
donor_h0001747,08900,5,2,1,3.0,1.0,17100.0,15000_19999,3,married_couple,no_65_plus,5.0,2
donor_h0001748,08900,60,1,1,1.0,6.0,30000.0,30000_34999,1,nonfamily_not_living_alone,no_65_plus,60.0,1
donor_h0001749,08900,13,1,1,2.0,4.0,15400.0,15000_19999,2,nonfamily_living_alone,has_65_plus,13.0,1
donor_h0001750,08900,10,1,1,0.0,4.0,190000.0,150000_199999,0,nonfamily_living_alone,has_65_plus,10.0,1
donor_h0001751,08900,30,2,1,1.0,3.0,17000.0,15000_19999,1,other_female_householder,no_65_plus,30.0,2
donor_h0001752,08900,13,1,1,1.0,6.0,25000.0,25000_29999,1,nonfamily_not_living_alone,has_65_plus,13.0,1
donor_h0001753,08900,4,2,1,4.0,1.0,98000.0,75000_99999,4_plus,married_couple,has_65_plus,4.0,2
donor_h0001754,08900,9,4,1,2.0,1.0,74000.0,60000_74999,2,married_couple,no_65_plus,9.0,4
donor_h0001755,08900,14,1,1,2.0,4.0,47000.0,45000_49999,2,nonfamily_living_alone,no_65_plus,14.0,1
donor_h0001756,08900,8,4,1,2.0,1.0,165000.0,150000_199999,2,married_couple,no_65_plus,8.0,4
donor_h0001757,08900,13,2,1,1.0,3.0,20200.0,20000_24999,1,other_female_householder,has_65_plus,13.0,2
donor_h0001758,08900,12,2,1,2.0,1.0,56100.0,50000_59999,2,married_couple,has_65_plus,12.0,2
donor_h0001759,08900,10,1,1,1.0,4.0,160000.0,150000_199999,1,nonfamily_living_alone,no_65_plus,10.0,1
donor_h0001760,08900,10,1,1,1.0,6.0,45350.0,45000_49999,1,nonfamily_not_living_alone,has_65_plus,10.0,1
donor_h0001761,08900,30,4,1,3.0,1.0,32200.0,30000_34999,3,married_couple,no_65_plus,30.0,4
donor_h0001762,08900,4,1,1,1.0,6.0,22000.0,20000_24999,1,nonfamily_not_living_alone,has_65_plus,4.0,1
donor_h0001763,08900,7,2,1,3.0,5.0,73000.0,60000_74999,3,nonfamily_living_alone,no_65_plus,7.0,2
donor_h0001764,08900,25,3,1,5.0,1.0,163900.0,150000_199999,4_plus,married_couple,no_65_plus,25.0,3
donor_h0001765,08900,20,2,1,3.0,5.0,55000.0,50000_59999,3,nonfamily_living_alone,no_65_plus,20.0,2
donor_h0001766,08900,33,1,1,1.0,4.0,16900.0,15000_19999,1,nonfamily_living_alone,no_65_plus,33.0,1
donor_h0001767,08900,56,3,1,2.0,3.0,60000.0,60000_74999,2,other_female_householder,no_65_plus,56.0,3
donor_h0001768,08900,12,2,1,3.0,1.0,69000.0,60000_74999,3,married_couple,has_65_plus,12.0,2
donor_h0001769,08900,19,1,1,2.0,4.0,19000.0,15000_19999,2,nonfamily_living_alone,has_65_plus,19.0,1
donor_h0001770,08900,40,2,1,1.0,3.0,32900.0,30000_34999,1,other_female_householder,no_65_plus,40.0,2
donor_h0001771,08900,8,2,1,2.0,1.0,138400.0,125000_149999,2,married_couple,has_65_plus,8.0,2
donor_h0001772,08900,15,2,1,2.0,1.0,12500.0,10000_14999,2,married_couple,has_65_plus,15.0,2
donor_h0001773,08900,7,1,1,3.0,4.0,54000.0,50000_59999,3,nonfamily_living_alone,no_65_plus,7.0,1
donor_h0001774,08900,14,1,1,0.0,6.0,10900.0,10000_14999,0,nonfamily_not_living_alone,has_65_plus,14.0,1
donor_h0001775,08900,3,2,1,3.0,1.0,79300.0,75000_99999,3,married_couple,has_65_plus,3.0,2
donor_h0001776,08900,24,1,1,1.0,6.0,24000.0,20000_24999,1,nonfamily_not_living_alone,no_65_plus,24.0,1
donor_h0001777,08900,56,4,1,2.0,1.0,38000.0,35000_39999,2,married_couple,no_65_plus,56.0,4
donor_h0001778,08900,11,2,1,2.0,2.0,32920.0,30000_34999,2,other_male_householder,has_65_plus,11.0,2
donor_h0001779,08900,14,1,1,1.0,6.0,34400.0,30000_34999,1,nonfamily_not_living_alone,has_65_plus,14.0,1
donor_h0001780,08900,13,9,1,1.0,1.0,100000.0,100000_124999,1,married_couple,no_65_plus,13.0,9
donor_h0001781,08900,14,1,1,1.0,6.0,68000.0,60000_74999,1,nonfamily_not_living_alone,has_65_plus,14.0,1
donor_h0001782,08900,3,2,1,1.0,1.0,146000.0,125000_149999,1,married_couple,no_65_plus,3.0,2
donor_h0001783,08900,12,2,1,3.0,1.0,598000.0,200000_plus,3,married_couple,no_65_plus,12.0,2
donor_h0001784,08900,11,1,1,1.0,4.0,33300.0,30000_34999,1,nonfamily_living_alone,has_65_plus,11.0,1
donor_h0001785,08900,22,1,1,2.0,6.0,87600.0,75000_99999,2,nonfamily_not_living_alone,no_65_plus,22.0,1
donor_h0001786,08900,13,2,1,1.0,1.0,42500.0,40000_44999,1,married_couple,has_65_plus,13.0,2
donor_h0001787,08900,6,2,1,2.0,1.0,255000.0,200000_plus,2,married_couple,no_65_plus,6.0,2
donor_h0001788,08900,8,3,1,4.0,2.0,65000.0,60000_74999,4_plus,other_male_householder,has_65_plus,8.0,3
donor_h0001789,08900,12,1,1,2.0,4.0,78300.0,75000_99999,2,nonfamily_living_alone,has_65_plus,12.0,1
donor_h0001790,08900,76,4,1,3.0,2.0,68800.0,60000_74999,3,other_male_householder,no_65_plus,76.0,4
donor_h0001791,08900,11,4,1,4.0,3.0,89000.0,75000_99999,4_plus,other_female_householder,no_65_plus,11.0,4
donor_h0001792,08900,62,2,1,2.0,1.0,75000.0,75000_99999,2,married_couple,has_65_plus,62.0,2
donor_h0001793,08900,7,1,1,1.0,6.0,32000.0,30000_34999,1,nonfamily_not_living_alone,no_65_plus,7.0,1
donor_h0001794,08900,35,1,1,3.0,6.0,32700.0,30000_34999,3,nonfamily_not_living_alone,has_65_plus,35.0,1
donor_h0001795,08900,13,4,1,4.0,1.0,70320.0,60000_74999,4_plus,married_couple,has_65_plus,13.0,4
donor_h0001796,08900,4,2,1,2.0,1.0,97000.0,75000_99999,2,married_couple,has_65_plus,4.0,2
donor_h0001797,08900,2,2,1,2.0,1.0,44000.0,40000_44999,2,married_couple,has_65_plus,2.0,2
donor_h0001798,08900,12,1,1,1.0,6.0,9100.0,lt_10000,1,nonfamily_not_living_alone,has_65_plus,12.0,1
donor_h0001799,08900,38,2,1,2.0,5.0,0.0,lt_10000,2,nonfamily_living_alone,has_65_plus,38.0,2
donor_h0001800,08900,22,1,1,1.0,6.0,38800.0,35000_39999,1,nonfamily_not_living_alone,has_65_plus,22.0,1
donor_h0001801,08900,9,4,1,2.0,1.0,38300.0,35000_39999,2,married_couple,no_65_plus,9.0,4
donor_h0001802,08900,21,2,1,3.0,1.0,116000.0,100000_124999,3,married_couple,no_65_plus,21.0,2
donor_h0001803,08900,12,2,1,1.0,2.0,41200.0,40000_44999,1,other_male_householder,no_65_plus,12.0,2
donor_h0001804,08900,14,2,1,2.0,1.0,59700.0,50000_59999,2,married_couple,has_65_plus,14.0,2
donor_h0001805,08900,19,1,1,2.0,4.0,15200.0,15000_19999,2,nonfamily_living_alone,has_65_plus,19.0,1
donor_h0001806,08900,12,1,1,1.0,4.0,11400.0,10000_14999,1,nonfamily_living_alone,no_65_plus,12.0,1
donor_h0001807,08900,9,4,1,3.0,1.0,127000.0,125000_149999,3,married_couple,no_65_plus,9.0,4
donor_h0001808,08900,15,2,1,1.0,2.0,48900.0,45000_49999,1,other_male_householder,no_65_plus,15.0,2
donor_h0001809,08900,15,2,1,2.0,3.0,57000.0,50000_59999,2,other_female_householder,has_65_plus,15.0,2
donor_h0001810,08900,43,1,1,1.0,6.0,12000.0,10000_14999,1,nonfamily_not_living_alone,has_65_plus,43.0,1
donor_h0001811,08900,9,1,1,1.0,6.0,22000.0,20000_24999,1,nonfamily_not_living_alone,has_65_plus,9.0,1
donor_h0001812,08900,10,2,1,1.0,3.0,41600.0,40000_44999,1,other_female_householder,has_65_plus,10.0,2
donor_h0001813,08900,20,2,1,1.0,1.0,36510.0,35000_39999,1,married_couple,has_65_plus,20.0,2
donor_h0001814,08900,55,3,1,1.0,3.0,51900.0,50000_59999,1,other_female_householder,no_65_plus,55.0,3
donor_h0001815,08900,8,2,1,3.0,1.0,321500.0,200000_plus,3,married_couple,no_65_plus,8.0,2
donor_h0001816,08900,12,2,1,2.0,1.0,144400.0,125000_149999,2,married_couple,no_65_plus,12.0,2
donor_h0001817,08900,42,1,1,0.0,4.0,10800.0,10000_14999,0,nonfamily_living_alone,no_65_plus,42.0,1
donor_h0001818,08900,15,5,1,2.0,1.0,51600.0,50000_59999,2,married_couple,no_65_plus,15.0,5
donor_h0001819,08900,12,5,1,1.0,1.0,142900.0,125000_149999,1,married_couple,no_65_plus,12.0,5
donor_h0001820,08900,17,2,1,2.0,1.0,70800.0,60000_74999,2,married_couple,has_65_plus,17.0,2
donor_h0001821,08900,36,1,1,1.0,6.0,0.0,lt_10000,1,nonfamily_not_living_alone,no_65_plus,36.0,1
donor_h0001822,08900,7,1,1,1.0,6.0,11600.0,10000_14999,1,nonfamily_not_living_alone,no_65_plus,7.0,1
donor_h0001823,08900,7,2,1,2.0,1.0,89600.0,75000_99999,2,married_couple,no_65_plus,7.0,2
donor_h0001824,08900,11,1,1,1.0,6.0,15700.0,15000_19999,1,nonfamily_not_living_alone,no_65_plus,11.0,1
donor_h0001825,08900,15,3,1,3.0,1.0,37900.0,35000_39999,3,married_couple,has_65_plus,15.0,3
donor_h0001826,08900,38,2,1,2.0,3.0,68000.0,60000_74999,2,other_female_householder,no_65_plus,38.0,2
donor_h0001827,08900,12,5,1,1.0,7.0,43100.0,40000_44999,1,nonfamily_not_living_alone,no_65_plus,12.0,5
donor_h0001828,08900,12,1,1,2.0,4.0,33101.0,30000_34999,2,nonfamily_living_alone,has_65_plus,12.0,1
donor_h0001829,08900,18,5,1,5.0,1.0,86400.0,75000_99999,4_plus,married_couple,no_65_plus,18.0,5
donor_h0001830,08900,10,2,1,2.0,1.0,64500.0,60000_74999,2,married_couple,has_65_plus,10.0,2
donor_h0001831,08900,5,2,1,2.0,1.0,115200.0,100000_124999,2,married_couple,has_65_plus,5.0,2
donor_h0001832,08900,18,3,1,4.0,1.0,88808.0,75000_99999,4_plus,married_couple,has_65_plus,18.0,3
donor_h0001833,08900,38,2,1,1.0,2.0,3980.0,lt_10000,1,other_male_householder,no_65_plus,38.0,2
donor_h0001834,08900,5,2,1,3.0,1.0,41400.0,40000_44999,3,married_couple,no_65_plus,5.0,2
donor_h0001835,08900,13,3,1,2.0,3.0,48180.0,45000_49999,2,other_female_householder,has_65_plus,13.0,3
donor_h0001836,08900,16,1,1,1.0,6.0,17000.0,15000_19999,1,nonfamily_not_living_alone,has_65_plus,16.0,1
donor_h0001837,08900,28,1,1,1.0,6.0,25520.0,25000_29999,1,nonfamily_not_living_alone,has_65_plus,28.0,1
donor_h0001838,08900,40,5,1,1.0,1.0,30000.0,30000_34999,1,married_couple,no_65_plus,40.0,5
donor_h0001839,08900,5,2,1,2.0,1.0,146500.0,125000_149999,2,married_couple,has_65_plus,5.0,2
donor_h0001840,08900,5,1,1,1.0,6.0,37800.0,35000_39999,1,nonfamily_not_living_alone,has_65_plus,5.0,1
donor_h0001841,08900,14,3,1,3.0,1.0,69400.0,60000_74999,3,married_couple,no_65_plus,14.0,3
donor_h0001842,08900,2,2,1,3.0,1.0,36100.0,35000_39999,3,married_couple,has_65_plus,2.0,2
donor_h0001843,08900,11,1,1,1.0,6.0,68000.0,60000_74999,1,nonfamily_not_living_alone,no_65_plus,11.0,1
donor_h0001844,08900,42,7,1,2.0,2.0,36600.0,35000_39999,2,other_male_householder,no_65_plus,42.0,7
donor_h0001845,08900,14,5,1,2.0,1.0,34600.0,30000_34999,2,married_couple,no_65_plus,14.0,5
donor_h0001846,08900,4,1,1,1.0,4.0,20200.0,20000_24999,1,nonfamily_living_alone,has_65_plus,4.0,1
donor_h0001847,08900,14,6,1,3.0,1.0,0.0,lt_10000,3,married_couple,no_65_plus,14.0,6
donor_h0001848,08900,21,1,1,1.0,6.0,51300.0,50000_59999,1,nonfamily_not_living_alone,has_65_plus,21.0,1
donor_h0001849,08900,7,5,1,1.0,7.0,31600.0,30000_34999,1,nonfamily_not_living_alone,no_65_plus,7.0,5
donor_h0001850,08900,21,2,1,2.0,1.0,74000.0,60000_74999,2,married_couple,no_65_plus,21.0,2
donor_h0001851,08900,2,2,1,1.0,1.0,64800.0,60000_74999,1,married_couple,has_65_plus,2.0,2
donor_h0001852,08900,75,2,1,2.0,1.0,23400.0,20000_24999,2,married_couple,has_65_plus,75.0,2
donor_h0001853,08900,22,2,1,1.0,2.0,24000.0,20000_24999,1,other_male_householder,has_65_plus,22.0,2
donor_h0001854,08900,11,2,1,1.0,1.0,19600.0,15000_19999,1,married_couple,has_65_plus,11.0,2
donor_h0001855,08900,5,2,1,3.0,1.0,50300.0,50000_59999,3,married_couple,has_65_plus,5.0,2
donor_h0001856,08900,28,4,1,3.0,1.0,155000.0,150000_199999,3,married_couple,no_65_plus,28.0,4
donor_h0001857,08900,12,3,1,5.0,1.0,160600.0,150000_199999,4_plus,married_couple,has_65_plus,12.0,3
donor_h0001858,08900,49,2,1,3.0,1.0,70000.0,60000_74999,3,married_couple,no_65_plus,49.0,2
donor_h0001859,08900,14,1,1,1.0,4.0,30000.0,30000_34999,1,nonfamily_living_alone,no_65_plus,14.0,1
donor_h0001860,08900,12,6,1,2.0,1.0,93000.0,75000_99999,2,married_couple,no_65_plus,12.0,6
donor_h0001861,08900,12,2,1,2.0,1.0,165000.0,150000_199999,2,married_couple,no_65_plus,12.0,2
donor_h0001862,08900,12,2,1,1.0,5.0,18200.0,15000_19999,1,nonfamily_living_alone,no_65_plus,12.0,2
donor_h0001863,08900,11,1,1,3.0,4.0,28300.0,25000_29999,3,nonfamily_living_alone,has_65_plus,11.0,1
donor_h0001864,08900,14,2,1,3.0,1.0,81300.0,75000_99999,3,married_couple,has_65_plus,14.0,2
donor_h0001865,08900,6,2,1,2.0,1.0,243500.0,200000_plus,2,married_couple,has_65_plus,6.0,2
donor_h0001866,08900,8,2,1,3.0,1.0,85000.0,75000_99999,3,married_couple,no_65_plus,8.0,2
donor_h0001867,08900,12,2,1,2.0,1.0,72600.0,60000_74999,2,married_couple,has_65_plus,12.0,2
donor_h0001868,08900,59,1,1,2.0,4.0,45000.0,45000_49999,2,nonfamily_living_alone,no_65_plus,59.0,1
donor_h0001869,08900,10,2,1,3.0,1.0,68000.0,60000_74999,3,married_couple,has_65_plus,10.0,2
donor_h0001870,08900,23,2,1,4.0,1.0,58800.0,50000_59999,4_plus,married_couple,no_65_plus,23.0,2
donor_h0001871,08900,9,2,1,4.0,1.0,44800.0,40000_44999,4_plus,married_couple,has_65_plus,9.0,2
donor_h0001872,08900,31,2,1,1.0,3.0,14500.0,10000_14999,1,other_female_householder,no_65_plus,31.0,2
donor_h0001873,08900,9,2,1,2.0,1.0,42500.0,40000_44999,2,married_couple,no_65_plus,9.0,2
donor_h0001874,08900,19,5,1,2.0,1.0,42900.0,40000_44999,2,married_couple,no_65_plus,19.0,5
donor_h0001875,08900,11,2,1,1.0,2.0,970.0,lt_10000,1,other_male_householder,no_65_plus,11.0,2
donor_h0001876,08900,12,5,1,3.0,1.0,160000.0,150000_199999,3,married_couple,no_65_plus,12.0,5
donor_h0001877,08900,19,1,1,1.0,4.0,23600.0,20000_24999,1,nonfamily_living_alone,no_65_plus,19.0,1
donor_h0001878,08900,15,1,1,0.0,6.0,124000.0,100000_124999,0,nonfamily_not_living_alone,has_65_plus,15.0,1
donor_h0001879,08900,10,2,1,2.0,1.0,72020.0,60000_74999,2,married_couple,no_65_plus,10.0,2
donor_h0001880,08900,3,2,1,2.0,3.0,32200.0,30000_34999,2,other_female_householder,has_65_plus,3.0,2
donor_h0001881,08900,3,4,1,2.0,1.0,72000.0,60000_74999,2,married_couple,no_65_plus,3.0,4
donor_h0001882,08900,7,6,1,2.0,1.0,80000.0,75000_99999,2,married_couple,no_65_plus,7.0,6
donor_h0001883,08900,11,2,1,2.0,1.0,111900.0,100000_124999,2,married_couple,has_65_plus,11.0,2
donor_h0001884,08900,8,2,1,2.0,1.0,42400.0,40000_44999,2,married_couple,has_65_plus,8.0,2
donor_h0001885,08900,13,2,1,1.0,1.0,35000.0,35000_39999,1,married_couple,no_65_plus,13.0,2
donor_h0001886,08900,3,2,1,2.0,1.0,170800.0,150000_199999,2,married_couple,no_65_plus,3.0,2
donor_h0001887,08900,6,3,1,1.0,1.0,504000.0,200000_plus,1,married_couple,no_65_plus,6.0,3
donor_h0001888,08900,13,2,1,3.0,1.0,68430.0,60000_74999,3,married_couple,has_65_plus,13.0,2
donor_h0001889,08900,42,4,1,0.0,3.0,14400.0,10000_14999,0,other_female_householder,no_65_plus,42.0,4
donor_h0001890,08900,13,2,1,2.0,1.0,48900.0,45000_49999,2,married_couple,has_65_plus,13.0,2
donor_h0001891,08900,90,2,1,2.0,5.0,81000.0,75000_99999,2,nonfamily_living_alone,no_65_plus,90.0,2
donor_h0001892,08900,14,1,1,2.0,6.0,19500.0,15000_19999,2,nonfamily_not_living_alone,no_65_plus,14.0,1
donor_h0001893,08900,24,1,1,1.0,6.0,10900.0,10000_14999,1,nonfamily_not_living_alone,has_65_plus,24.0,1
donor_h0001894,08900,3,1,1,2.0,6.0,61000.0,60000_74999,2,nonfamily_not_living_alone,no_65_plus,3.0,1
donor_h0001895,08900,14,1,1,2.0,4.0,120000.0,100000_124999,2,nonfamily_living_alone,no_65_plus,14.0,1
donor_h0001896,08900,8,2,1,4.0,1.0,112101.0,100000_124999,4_plus,married_couple,has_65_plus,8.0,2
donor_h0001897,08900,27,3,1,2.0,5.0,37570.0,35000_39999,2,nonfamily_living_alone,no_65_plus,27.0,3
donor_h0001898,08900,36,3,1,1.0,2.0,13000.0,10000_14999,1,other_male_householder,no_65_plus,36.0,3
donor_h0001899,08900,12,2,1,3.0,1.0,111800.0,100000_124999,3,married_couple,has_65_plus,12.0,2
donor_h0001900,08900,18,4,1,3.0,3.0,138000.0,125000_149999,3,other_female_householder,no_65_plus,18.0,4
donor_h0001901,08900,15,1,1,1.0,6.0,27200.0,25000_29999,1,nonfamily_not_living_alone,has_65_plus,15.0,1
donor_h0001902,08900,41,1,1,1.0,6.0,23000.0,20000_24999,1,nonfamily_not_living_alone,no_65_plus,41.0,1
donor_h0001903,08900,12,3,1,2.0,3.0,0.0,lt_10000,2,other_female_householder,no_65_plus,12.0,3
donor_h0001904,08900,33,2,1,2.0,1.0,61100.0,60000_74999,2,married_couple,has_65_plus,33.0,2
donor_h0001905,08900,8,1,1,4.0,4.0,37000.0,35000_39999,4_plus,nonfamily_living_alone,no_65_plus,8.0,1
donor_h0001906,08900,9,2,1,4.0,1.0,113000.0,100000_124999,4_plus,married_couple,has_65_plus,9.0,2
donor_h0001907,08900,13,3,1,1.0,1.0,36000.0,35000_39999,1,married_couple,no_65_plus,13.0,3
donor_h0001908,08900,10,1,1,1.0,6.0,10000.0,10000_14999,1,nonfamily_not_living_alone,has_65_plus,10.0,1
donor_h0001909,08900,11,1,1,1.0,6.0,87200.0,75000_99999,1,nonfamily_not_living_alone,no_65_plus,11.0,1
donor_h0001910,08900,15,2,1,1.0,1.0,52600.0,50000_59999,1,married_couple,has_65_plus,15.0,2
donor_h0001911,08900,31,9,1,2.0,1.0,36000.0,35000_39999,2,married_couple,no_65_plus,31.0,9
donor_h0001912,08900,11,3,1,3.0,7.0,32000.0,30000_34999,3,nonfamily_not_living_alone,no_65_plus,11.0,3
donor_h0001913,08900,13,2,1,2.0,1.0,13000.0,10000_14999,2,married_couple,no_65_plus,13.0,2
donor_h0001914,08900,7,3,1,4.0,1.0,47600.0,45000_49999,4_plus,married_couple,has_65_plus,7.0,3
donor_h0001915,08900,8,1,1,1.0,6.0,16000.0,15000_19999,1,nonfamily_not_living_alone,no_65_plus,8.0,1
donor_h0001916,08900,11,2,1,2.0,3.0,38000.0,35000_39999,2,other_female_householder,no_65_plus,11.0,2
donor_h0001917,08900,21,6,1,2.0,1.0,72000.0,60000_74999,2,married_couple,no_65_plus,21.0,6
donor_h0001918,08900,12,2,1,1.0,1.0,178200.0,150000_199999,1,married_couple,no_65_plus,12.0,2
donor_h0001919,08900,16,4,1,2.0,1.0,84000.0,75000_99999,2,married_couple,no_65_plus,16.0,4
donor_h0001920,08900,6,2,1,3.0,2.0,67300.0,60000_74999,3,other_male_householder,has_65_plus,6.0,2
donor_h0001921,08900,21,3,1,3.0,3.0,109210.0,100000_124999,3,other_female_householder,no_65_plus,21.0,3
donor_h0001922,08900,14,3,1,3.0,1.0,9500.0,lt_10000,3,married_couple,has_65_plus,14.0,3
donor_h0001923,08900,63,2,1,1.0,3.0,36300.0,35000_39999,1,other_female_householder,no_65_plus,63.0,2
donor_h0001924,08900,15,1,1,2.0,6.0,34400.0,30000_34999,2,nonfamily_not_living_alone,no_65_plus,15.0,1
donor_h0001925,08900,7,2,1,2.0,1.0,160000.0,150000_199999,2,married_couple,has_65_plus,7.0,2
donor_h0001926,08900,11,2,1,2.0,1.0,90000.0,75000_99999,2,married_couple,no_65_plus,11.0,2
donor_h0001927,08900,19,1,1,1.0,4.0,15700.0,15000_19999,1,nonfamily_living_alone,has_65_plus,19.0,1
donor_h0001928,08900,7,1,1,1.0,4.0,33800.0,30000_34999,1,nonfamily_living_alone,no_65_plus,7.0,1
donor_h0001929,08900,32,1,1,1.0,6.0,37000.0,35000_39999,1,nonfamily_not_living_alone,no_65_plus,32.0,1
donor_h0001930,08900,22,3,1,4.0,1.0,80000.0,75000_99999,4_plus,married_couple,no_65_plus,22.0,3
donor_h0001931,08900,7,1,1,1.0,4.0,22600.0,20000_24999,1,nonfamily_living_alone,no_65_plus,7.0,1
donor_h0001932,08900,9,2,1,2.0,1.0,22700.0,20000_24999,2,married_couple,has_65_plus,9.0,2
donor_h0001933,08900,13,4,1,1.0,3.0,17300.0,15000_19999,1,other_female_householder,no_65_plus,13.0,4
donor_h0001934,08900,4,2,1,3.0,1.0,145700.0,125000_149999,3,married_couple,has_65_plus,4.0,2
donor_h0001935,08900,4,2,1,3.0,3.0,10700.0,10000_14999,3,other_female_householder,has_65_plus,4.0,2
donor_h0001936,08900,70,1,1,1.0,4.0,10000.0,10000_14999,1,nonfamily_living_alone,no_65_plus,70.0,1
donor_h0001937,08900,7,4,1,4.0,1.0,74000.0,60000_74999,4_plus,married_couple,no_65_plus,7.0,4
donor_h0001938,08900,7,2,1,2.0,1.0,99500.0,75000_99999,2,married_couple,no_65_plus,7.0,2
donor_h0001939,08900,33,5,1,2.0,1.0,15000.0,15000_19999,2,married_couple,no_65_plus,33.0,5
donor_h0001940,08900,9,3,1,3.0,1.0,76000.0,75000_99999,3,married_couple,no_65_plus,9.0,3
donor_h0001941,08900,2,4,1,3.0,1.0,40000.0,40000_44999,3,married_couple,no_65_plus,2.0,4
donor_h0001942,08900,48,3,1,2.0,1.0,90000.0,75000_99999,2,married_couple,no_65_plus,48.0,3
donor_h0001943,08900,79,2,1,2.0,1.0,60000.0,60000_74999,2,married_couple,no_65_plus,79.0,2
donor_h0001944,08900,14,3,1,2.0,1.0,310000.0,200000_plus,2,married_couple,no_65_plus,14.0,3
donor_h0001945,08900,46,3,1,0.0,2.0,45000.0,45000_49999,0,other_male_householder,no_65_plus,46.0,3
donor_h0001946,08900,10,1,1,5.0,4.0,181500.0,150000_199999,4_plus,nonfamily_living_alone,has_65_plus,10.0,1
donor_h0001947,08900,18,1,1,0.0,6.0,10000.0,10000_14999,0,nonfamily_not_living_alone,no_65_plus,18.0,1
donor_h0001948,08900,22,1,1,3.0,4.0,106000.0,100000_124999,3,nonfamily_living_alone,has_65_plus,22.0,1
donor_h0001949,08900,15,2,1,2.0,1.0,88000.0,75000_99999,2,married_couple,no_65_plus,15.0,2
donor_h0001950,08900,15,2,1,3.0,1.0,66000.0,60000_74999,3,married_couple,has_65_plus,15.0,2
donor_h0001951,08900,12,2,1,2.0,1.0,51900.0,50000_59999,2,married_couple,has_65_plus,12.0,2
donor_h0001952,08900,12,3,1,1.0,1.0,91300.0,75000_99999,1,married_couple,no_65_plus,12.0,3
donor_h0001953,08900,13,2,1,2.0,1.0,61200.0,60000_74999,2,married_couple,has_65_plus,13.0,2
donor_h0001954,08900,11,2,1,3.0,1.0,224900.0,200000_plus,3,married_couple,no_65_plus,11.0,2
donor_h0001955,08900,48,3,1,3.0,1.0,75000.0,75000_99999,3,married_couple,no_65_plus,48.0,3
donor_h0001956,08900,11,2,1,2.0,3.0,38900.0,35000_39999,2,other_female_householder,has_65_plus,11.0,2
donor_h0001957,08900,11,1,1,2.0,4.0,2130.0,lt_10000,2,nonfamily_living_alone,has_65_plus,11.0,1
donor_h0001958,08900,6,2,1,2.0,1.0,90000.0,75000_99999,2,married_couple,no_65_plus,6.0,2
donor_h0001959,08900,14,2,1,2.0,3.0,37000.0,35000_39999,2,other_female_householder,has_65_plus,14.0,2
donor_h0001960,08900,8,5,1,4.0,1.0,269700.0,200000_plus,4_plus,married_couple,no_65_plus,8.0,5
donor_h0001961,08900,16,4,1,2.0,3.0,24200.0,20000_24999,2,other_female_householder,has_65_plus,16.0,4
donor_h0001962,08900,15,1,1,1.0,6.0,20400.0,20000_24999,1,nonfamily_not_living_alone,has_65_plus,15.0,1
donor_h0001963,08900,8,2,1,2.0,1.0,195000.0,150000_199999,2,married_couple,no_65_plus,8.0,2
donor_h0001964,08900,6,5,1,3.0,1.0,284000.0,200000_plus,3,married_couple,no_65_plus,6.0,5
donor_h0001965,08900,61,2,1,1.0,1.0,33400.0,30000_34999,1,married_couple,no_65_plus,61.0,2
donor_h0001966,08900,9,2,1,3.0,1.0,51200.0,50000_59999,3,married_couple,has_65_plus,9.0,2
donor_h0001967,08900,18,2,1,2.0,1.0,91000.0,75000_99999,2,married_couple,no_65_plus,18.0,2
donor_h0001968,08900,8,4,1,4.0,1.0,80480.0,75000_99999,4_plus,married_couple,no_65_plus,8.0,4
donor_h0001969,08900,8,2,1,2.0,1.0,44100.0,40000_44999,2,married_couple,has_65_plus,8.0,2
donor_h0001970,08900,7,4,1,1.0,1.0,7200.0,lt_10000,1,married_couple,no_65_plus,7.0,4
donor_h0001971,08900,15,2,1,2.0,1.0,48200.0,45000_49999,2,married_couple,has_65_plus,15.0,2
donor_h0001972,08900,16,1,1,3.0,6.0,145000.0,125000_149999,3,nonfamily_not_living_alone,has_65_plus,16.0,1
donor_h0001973,08900,13,3,1,2.0,3.0,46400.0,45000_49999,2,other_female_householder,has_65_plus,13.0,3
donor_h0001974,08900,9,2,1,3.0,1.0,117200.0,100000_124999,3,married_couple,has_65_plus,9.0,2
donor_h0001975,08900,11,2,1,2.0,1.0,113800.0,100000_124999,2,married_couple,has_65_plus,11.0,2
donor_h0001976,08900,37,1,1,0.0,4.0,11500.0,10000_14999,0,nonfamily_living_alone,no_65_plus,37.0,1
donor_h0001977,08900,8,2,1,3.0,1.0,178000.0,150000_199999,3,married_couple,no_65_plus,8.0,2
donor_h0001978,08900,15,3,1,4.0,3.0,129500.0,125000_149999,4_plus,other_female_householder,has_65_plus,15.0,3
donor_h0001979,08900,12,2,1,2.0,1.0,121200.0,100000_124999,2,married_couple,has_65_plus,12.0,2
donor_h0001980,08900,9,5,1,1.0,2.0,63900.0,60000_74999,1,other_male_householder,no_65_plus,9.0,5
donor_h0001981,08900,11,4,1,4.0,7.0,118000.0,100000_124999,4_plus,nonfamily_not_living_alone,no_65_plus,11.0,4
donor_h0001982,08900,13,2,1,2.0,5.0,125050.0,125000_149999,2,nonfamily_living_alone,no_65_plus,13.0,2
donor_h0001983,08900,38,1,1,4.0,4.0,18400.0,15000_19999,4_plus,nonfamily_living_alone,no_65_plus,38.0,1
donor_h0001984,08900,11,2,1,2.0,1.0,102000.0,100000_124999,2,married_couple,no_65_plus,11.0,2
donor_h0001985,08900,22,2,1,2.0,1.0,84200.0,75000_99999,2,married_couple,has_65_plus,22.0,2
donor_h0001986,08900,73,3,1,2.0,1.0,15000.0,15000_19999,2,married_couple,no_65_plus,73.0,3
donor_h0001987,08900,25,1,1,1.0,4.0,0.0,lt_10000,1,nonfamily_living_alone,no_65_plus,25.0,1
donor_h0001988,08900,19,4,1,2.0,1.0,61000.0,60000_74999,2,married_couple,no_65_plus,19.0,4
donor_h0001989,08900,23,2,1,2.0,1.0,90000.0,75000_99999,2,married_couple,no_65_plus,23.0,2
donor_h0001990,08900,12,1,1,1.0,4.0,61500.0,60000_74999,1,nonfamily_living_alone,no_65_plus,12.0,1
donor_h0001991,08900,8,5,1,5.0,1.0,157300.0,150000_199999,4_plus,married_couple,no_65_plus,8.0,5
donor_h0001992,08900,8,2,1,2.0,1.0,19100.0,15000_19999,2,married_couple,has_65_plus,8.0,2
donor_h0001993,08900,42,4,1,1.0,3.0,41000.0,40000_44999,1,other_female_householder,no_65_plus,42.0,4
donor_h0001994,08900,8,2,1,2.0,5.0,108000.0,100000_124999,2,nonfamily_living_alone,has_65_plus,8.0,2
donor_h0001995,08900,8,1,1,0.0,6.0,12600.0,10000_14999,0,nonfamily_not_living_alone,has_65_plus,8.0,1
donor_h0001996,08900,3,3,1,3.0,2.0,104300.0,100000_124999,3,other_male_householder,has_65_plus,3.0,3
donor_h0001997,08900,10,1,1,0.0,4.0,12390.0,10000_14999,0,nonfamily_living_alone,no_65_plus,10.0,1
donor_h0001998,08900,12,8,1,2.0,3.0,164100.0,150000_199999,2,other_female_householder,has_65_plus,12.0,8
donor_h0001999,08900,37,6,1,2.0,1.0,38500.0,35000_39999,2,married_couple,no_65_plus,37.0,6
donor_h0002000,08900,10,2,1,2.0,1.0,100600.0,100000_124999,2,married_couple,has_65_plus,10.0,2
donor_h0002001,08900,12,2,1,5.0,1.0,100000.0,100000_124999,4_plus,married_couple,no_65_plus,12.0,2
donor_h0002002,08900,14,3,1,2.0,3.0,72000.0,60000_74999,2,other_female_householder,no_65_plus,14.0,3
donor_h0002003,08900,43,5,1,2.0,1.0,25000.0,25000_29999,2,married_couple,no_65_plus,43.0,5
donor_h0002004,08900,6,2,1,2.0,1.0,69000.0,60000_74999,2,married_couple,has_65_plus,6.0,2
donor_h0002005,08900,19,1,1,1.0,6.0,12700.0,10000_14999,1,nonfamily_not_living_alone,has_65_plus,19.0,1
donor_h0002006,08900,38,1,1,1.0,6.0,14400.0,10000_14999,1,nonfamily_not_living_alone,has_65_plus,38.0,1
donor_h0002007,08900,12,4,1,4.0,1.0,186500.0,150000_199999,4_plus,married_couple,no_65_plus,12.0,4
donor_h0002008,08900,18,2,1,2.0,7.0,514000.0,200000_plus,2,nonfamily_not_living_alone,no_65_plus,18.0,2
donor_h0002009,08900,8,2,1,1.0,1.0,136200.0,125000_149999,1,married_couple,no_65_plus,8.0,2
donor_h0002010,08900,15,2,1,3.0,1.0,26900.0,25000_29999,3,married_couple,has_65_plus,15.0,2
donor_h0002011,08900,12,3,1,2.0,1.0,89600.0,75000_99999,2,married_couple,has_65_plus,12.0,3
donor_h0002012,08900,57,2,1,2.0,1.0,70000.0,60000_74999,2,married_couple,no_65_plus,57.0,2
donor_h0002013,08900,11,2,1,1.0,1.0,32000.0,30000_34999,1,married_couple,no_65_plus,11.0,2
donor_h0002014,08900,43,2,1,2.0,3.0,9000.0,lt_10000,2,other_female_householder,no_65_plus,43.0,2
donor_h0002015,08900,4,2,1,2.0,1.0,200000.0,200000_plus,2,married_couple,has_65_plus,4.0,2
donor_h0002016,08900,25,2,1,2.0,7.0,22800.0,20000_24999,2,nonfamily_not_living_alone,no_65_plus,25.0,2
donor_h0002017,08900,9,2,1,1.0,1.0,0.0,lt_10000,1,married_couple,has_65_plus,9.0,2
donor_h0002018,08900,7,1,1,1.0,4.0,68000.0,60000_74999,1,nonfamily_living_alone,no_65_plus,7.0,1
donor_h0002019,08900,9,2,1,2.0,1.0,2800.0,lt_10000,2,married_couple,has_65_plus,9.0,2
donor_h0002020,08900,5,1,1,2.0,6.0,52900.0,50000_59999,2,nonfamily_not_living_alone,has_65_plus,5.0,1
donor_h0002021,08900,27,1,1,1.0,6.0,30300.0,30000_34999,1,nonfamily_not_living_alone,no_65_plus,27.0,1
donor_h0002022,08900,13,4,1,1.0,3.0,18000.0,15000_19999,1,other_female_householder,has_65_plus,13.0,4
donor_h0002023,08900,15,1,1,2.0,6.0,15600.0,15000_19999,2,nonfamily_not_living_alone,has_65_plus,15.0,1
donor_h0002024,08900,10,1,1,1.0,6.0,18000.0,15000_19999,1,nonfamily_not_living_alone,has_65_plus,10.0,1
donor_h0002025,08900,13,2,1,2.0,1.0,134000.0,125000_149999,2,married_couple,no_65_plus,13.0,2
donor_h0002026,08900,8,2,1,1.0,5.0,23980.0,20000_24999,1,nonfamily_living_alone,has_65_plus,8.0,2
donor_h0002027,08900,13,1,1,1.0,4.0,42400.0,40000_44999,1,nonfamily_living_alone,has_65_plus,13.0,1
donor_h0002028,08900,24,2,1,2.0,1.0,58280.0,50000_59999,2,married_couple,has_65_plus,24.0,2
donor_h0002029,08900,2,2,1,2.0,1.0,19000.0,15000_19999,2,married_couple,has_65_plus,2.0,2
donor_h0002030,08900,7,2,1,2.0,1.0,72100.0,60000_74999,2,married_couple,no_65_plus,7.0,2
donor_h0002031,08900,20,2,1,1.0,1.0,25900.0,25000_29999,1,married_couple,has_65_plus,20.0,2
donor_h0002032,08900,7,2,1,3.0,1.0,94400.0,75000_99999,3,married_couple,has_65_plus,7.0,2
donor_h0002033,08900,69,2,1,2.0,1.0,150000.0,150000_199999,2,married_couple,has_65_plus,69.0,2
donor_h0002034,08900,16,2,1,1.0,1.0,9700.0,lt_10000,1,married_couple,no_65_plus,16.0,2
donor_h0002035,08900,15,2,1,1.0,1.0,45100.0,45000_49999,1,married_couple,has_65_plus,15.0,2
donor_h0002036,08900,21,2,1,3.0,2.0,53200.0,50000_59999,3,other_male_householder,no_65_plus,21.0,2
donor_h0002037,08900,18,2,1,2.0,1.0,49000.0,45000_49999,2,married_couple,has_65_plus,18.0,2
donor_h0002038,08900,25,2,1,2.0,1.0,108430.0,100000_124999,2,married_couple,no_65_plus,25.0,2
donor_h0002039,08900,17,1,1,1.0,6.0,26600.0,25000_29999,1,nonfamily_not_living_alone,has_65_plus,17.0,1
donor_h0002040,08900,11,1,1,2.0,4.0,179000.0,150000_199999,2,nonfamily_living_alone,has_65_plus,11.0,1
donor_h0002041,08900,42,2,1,3.0,3.0,66000.0,60000_74999,3,other_female_householder,no_65_plus,42.0,2
donor_h0002042,08900,13,2,1,4.0,1.0,100000.0,100000_124999,4_plus,married_couple,has_65_plus,13.0,2
donor_h0002043,08900,11,2,1,1.0,2.0,55800.0,50000_59999,1,other_male_householder,no_65_plus,11.0,2
donor_h0002044,08900,13,2,1,2.0,1.0,68700.0,60000_74999,2,married_couple,has_65_plus,13.0,2
donor_h0002045,08900,6,1,1,1.0,4.0,12400.0,10000_14999,1,nonfamily_living_alone,no_65_plus,6.0,1
donor_h0002046,08900,12,1,1,1.0,4.0,13400.0,10000_14999,1,nonfamily_living_alone,has_65_plus,12.0,1
donor_h0002047,08900,80,4,1,3.0,1.0,36200.0,35000_39999,3,married_couple,no_65_plus,80.0,4
donor_h0002048,08900,9,4,1,2.0,2.0,72400.0,60000_74999,2,other_male_householder,has_65_plus,9.0,4
donor_h0002049,08900,12,2,1,2.0,7.0,65000.0,60000_74999,2,nonfamily_not_living_alone,no_65_plus,12.0,2
donor_h0002050,08900,11,3,1,1.0,1.0,17400.0,15000_19999,1,married_couple,no_65_plus,11.0,3
donor_h0002051,08900,10,1,1,2.0,6.0,14800.0,10000_14999,2,nonfamily_not_living_alone,no_65_plus,10.0,1
donor_h0002052,08900,6,4,1,2.0,1.0,0.0,lt_10000,2,married_couple,no_65_plus,6.0,4
donor_h0002053,08900,21,3,1,3.0,1.0,136600.0,125000_149999,3,married_couple,no_65_plus,21.0,3
donor_h0002054,08900,12,3,1,2.0,1.0,108100.0,100000_124999,2,married_couple,no_65_plus,12.0,3
donor_h0002055,08900,14,2,1,2.0,1.0,205400.0,200000_plus,2,married_couple,has_65_plus,14.0,2
donor_h0002056,08900,11,1,1,2.0,4.0,62800.0,60000_74999,2,nonfamily_living_alone,no_65_plus,11.0,1
donor_h0002057,08900,11,2,1,3.0,1.0,133000.0,125000_149999,3,married_couple,has_65_plus,11.0,2
donor_h0002058,08900,64,1,1,1.0,4.0,26000.0,25000_29999,1,nonfamily_living_alone,no_65_plus,64.0,1
donor_h0002059,08900,10,1,1,1.0,4.0,20500.0,20000_24999,1,nonfamily_living_alone,has_65_plus,10.0,1
donor_h0002060,08900,12,2,1,2.0,3.0,18000.0,15000_19999,2,other_female_householder,no_65_plus,12.0,2
donor_h0002061,08900,9,2,1,2.0,1.0,54000.0,50000_59999,2,married_couple,no_65_plus,9.0,2
donor_h0002062,08900,14,4,1,4.0,1.0,225520.0,200000_plus,4_plus,married_couple,has_65_plus,14.0,4
donor_h0002063,08900,6,3,1,3.0,1.0,84100.0,75000_99999,3,married_couple,has_65_plus,6.0,3
donor_h0002064,08900,14,2,1,2.0,1.0,52500.0,50000_59999,2,married_couple,has_65_plus,14.0,2
donor_h0002065,08900,2,1,1,5.0,4.0,16300.0,15000_19999,4_plus,nonfamily_living_alone,no_65_plus,2.0,1
donor_h0002066,08900,22,2,1,2.0,1.0,31000.0,30000_34999,2,married_couple,no_65_plus,22.0,2
donor_h0002067,08900,11,2,1,1.0,1.0,42700.0,40000_44999,1,married_couple,has_65_plus,11.0,2
donor_h0002068,08900,27,2,1,2.0,1.0,64600.0,60000_74999,2,married_couple,has_65_plus,27.0,2
donor_h0002069,08900,13,2,1,2.0,1.0,47940.0,45000_49999,2,married_couple,no_65_plus,13.0,2
donor_h0002070,08900,17,2,1,2.0,1.0,59800.0,50000_59999,2,married_couple,has_65_plus,17.0,2
donor_h0002071,08900,15,3,1,2.0,3.0,12000.0,10000_14999,2,other_female_householder,no_65_plus,15.0,3
donor_h0002072,08900,13,2,1,2.0,1.0,54600.0,50000_59999,2,married_couple,has_65_plus,13.0,2
donor_h0002073,08900,7,2,1,2.0,1.0,436300.0,200000_plus,2,married_couple,has_65_plus,7.0,2
donor_h0002074,08900,31,2,1,1.0,1.0,14800.0,10000_14999,1,married_couple,has_65_plus,31.0,2
donor_h0002075,08900,12,5,1,1.0,1.0,190000.0,150000_199999,1,married_couple,has_65_plus,12.0,5
donor_h0002076,08900,6,2,1,2.0,1.0,12400.0,10000_14999,2,married_couple,has_65_plus,6.0,2
donor_h0002077,08900,21,2,1,3.0,1.0,42000.0,40000_44999,3,married_couple,no_65_plus,21.0,2
donor_h0002078,08900,8,1,1,0.0,4.0,11900.0,10000_14999,0,nonfamily_living_alone,no_65_plus,8.0,1
donor_h0002079,08900,11,2,1,2.0,1.0,33500.0,30000_34999,2,married_couple,no_65_plus,11.0,2
donor_h0002080,08900,12,2,1,3.0,1.0,51000.0,50000_59999,3,married_couple,no_65_plus,12.0,2
donor_h0002081,08900,14,2,1,2.0,1.0,150000.0,150000_199999,2,married_couple,no_65_plus,14.0,2
donor_h0002082,08900,13,1,1,1.0,6.0,43800.0,40000_44999,1,nonfamily_not_living_alone,has_65_plus,13.0,1
donor_h0002083,08900,9,1,1,0.0,6.0,15000.0,15000_19999,0,nonfamily_not_living_alone,has_65_plus,9.0,1
donor_h0002084,08900,15,2,1,2.0,1.0,47600.0,45000_49999,2,married_couple,no_65_plus,15.0,2
donor_h0002085,08900,74,3,1,2.0,1.0,88000.0,75000_99999,2,married_couple,no_65_plus,74.0,3
donor_h0002086,08900,17,2,1,1.0,7.0,26000.0,25000_29999,1,nonfamily_not_living_alone,no_65_plus,17.0,2
donor_h0002087,08900,75,1,1,1.0,4.0,55000.0,50000_59999,1,nonfamily_living_alone,no_65_plus,75.0,1
donor_h0002088,08900,17,1,1,1.0,4.0,103000.0,100000_124999,1,nonfamily_living_alone,no_65_plus,17.0,1
donor_h0002089,08900,35,5,1,1.0,3.0,11200.0,10000_14999,1,other_female_householder,no_65_plus,35.0,5
donor_h0002090,08900,16,2,1,2.0,1.0,102300.0,100000_124999,2,married_couple,has_65_plus,16.0,2
donor_h0002091,08900,12,1,1,0.0,4.0,44600.0,40000_44999,0,nonfamily_living_alone,has_65_plus,12.0,1
donor_h0002092,08900,16,2,1,3.0,1.0,50000.0,50000_59999,3,married_couple,has_65_plus,16.0,2
donor_h0002093,08900,9,4,1,4.0,1.0,549000.0,200000_plus,4_plus,married_couple,no_65_plus,9.0,4
donor_h0002094,08900,14,1,1,0.0,6.0,12500.0,10000_14999,0,nonfamily_not_living_alone,has_65_plus,14.0,1
donor_h0002095,08900,3,2,1,1.0,1.0,0.0,lt_10000,1,married_couple,no_65_plus,3.0,2
donor_h0002096,08900,9,1,1,1.0,4.0,12000.0,10000_14999,1,nonfamily_living_alone,no_65_plus,9.0,1
donor_h0002097,08900,7,4,1,3.0,1.0,260000.0,200000_plus,3,married_couple,no_65_plus,7.0,4
donor_h0002098,08900,18,2,1,2.0,1.0,150000.0,150000_199999,2,married_couple,no_65_plus,18.0,2
donor_h0002099,08900,38,3,1,2.0,1.0,186000.0,150000_199999,2,married_couple,no_65_plus,38.0,3
donor_h0002100,08900,31,6,1,2.0,2.0,61000.0,60000_74999,2,other_male_householder,no_65_plus,31.0,6
donor_h0002101,08900,14,2,1,1.0,7.0,33100.0,30000_34999,1,nonfamily_not_living_alone,no_65_plus,14.0,2
donor_h0002102,08900,16,1,1,0.0,6.0,11000.0,10000_14999,0,nonfamily_not_living_alone,has_65_plus,16.0,1
donor_h0002103,08900,26,1,1,4.0,6.0,75000.0,75000_99999,4_plus,nonfamily_not_living_alone,no_65_plus,26.0,1
donor_h0002104,08900,2,2,1,3.0,1.0,15700.0,15000_19999,3,married_couple,has_65_plus,2.0,2
donor_h0002105,08900,16,1,1,0.0,6.0,26080.0,25000_29999,0,nonfamily_not_living_alone,has_65_plus,16.0,1
donor_h0002106,08900,7,3,1,2.0,1.0,224000.0,200000_plus,2,married_couple,no_65_plus,7.0,3
donor_h0002107,08900,3,2,1,2.0,1.0,54040.0,50000_59999,2,married_couple,no_65_plus,3.0,2
donor_h0002108,08900,7,2,1,3.0,1.0,220000.0,200000_plus,3,married_couple,no_65_plus,7.0,2
donor_h0002109,08900,9,1,1,1.0,6.0,22000.0,20000_24999,1,nonfamily_not_living_alone,has_65_plus,9.0,1
donor_h0002110,08900,9,1,1,4.0,4.0,20720.0,20000_24999,4_plus,nonfamily_living_alone,has_65_plus,9.0,1
donor_h0002111,08900,6,2,1,3.0,1.0,53400.0,50000_59999,3,married_couple,has_65_plus,6.0,2
donor_h0002112,08900,11,2,1,4.0,1.0,64830.0,60000_74999,4_plus,married_couple,has_65_plus,11.0,2
donor_h0002113,08900,13,1,1,1.0,6.0,26800.0,25000_29999,1,nonfamily_not_living_alone,has_65_plus,13.0,1
donor_h0002114,08900,8,4,1,2.0,1.0,114700.0,100000_124999,2,married_couple,no_65_plus,8.0,4
donor_h0002115,08900,15,2,1,3.0,1.0,50020.0,50000_59999,3,married_couple,has_65_plus,15.0,2
donor_h0002116,08900,11,2,1,2.0,1.0,150000.0,150000_199999,2,married_couple,no_65_plus,11.0,2
donor_h0002117,08900,3,2,1,3.0,1.0,44500.0,40000_44999,3,married_couple,no_65_plus,3.0,2
donor_h0002118,08900,9,1,1,1.0,6.0,16000.0,15000_19999,1,nonfamily_not_living_alone,has_65_plus,9.0,1
donor_h0002119,08900,64,4,1,4.0,1.0,118400.0,100000_124999,4_plus,married_couple,has_65_plus,64.0,4
donor_h0002120,08900,16,3,1,4.0,1.0,78900.0,75000_99999,4_plus,married_couple,no_65_plus,16.0,3
donor_h0002121,08900,34,2,1,2.0,1.0,15460.0,15000_19999,2,married_couple,has_65_plus,34.0,2
donor_h0002122,08900,3,3,1,3.0,2.0,51000.0,50000_59999,3,other_male_householder,no_65_plus,3.0,3
donor_h0002123,08900,10,2,1,2.0,1.0,64600.0,60000_74999,2,married_couple,has_65_plus,10.0,2
donor_h0002124,08900,8,1,1,0.0,6.0,40200.0,40000_44999,0,nonfamily_not_living_alone,no_65_plus,8.0,1
donor_h0002125,08900,9,2,1,2.0,1.0,40000.0,40000_44999,2,married_couple,no_65_plus,9.0,2
donor_h0002126,08900,6,1,1,2.0,6.0,9700.0,lt_10000,2,nonfamily_not_living_alone,has_65_plus,6.0,1
donor_h0002127,08900,3,1,1,2.0,6.0,65000.0,60000_74999,2,nonfamily_not_living_alone,no_65_plus,3.0,1
donor_h0002128,08900,26,3,1,3.0,1.0,30000.0,30000_34999,3,married_couple,no_65_plus,26.0,3
donor_h0002129,08900,6,1,1,0.0,4.0,45600.0,45000_49999,0,nonfamily_living_alone,no_65_plus,6.0,1
donor_h0002130,08900,12,2,1,2.0,1.0,35504.0,35000_39999,2,married_couple,has_65_plus,12.0,2
donor_h0002131,08900,17,4,1,5.0,1.0,57700.0,50000_59999,4_plus,married_couple,has_65_plus,17.0,4
donor_h0002132,08900,23,1,1,1.0,6.0,28800.0,25000_29999,1,nonfamily_not_living_alone,has_65_plus,23.0,1
donor_h0002133,08900,2,2,1,4.0,5.0,73100.0,60000_74999,4_plus,nonfamily_living_alone,no_65_plus,2.0,2
donor_h0002134,08900,13,2,1,2.0,1.0,61000.0,60000_74999,2,married_couple,no_65_plus,13.0,2
donor_h0002135,08900,19,3,1,3.0,1.0,240000.0,200000_plus,3,married_couple,has_65_plus,19.0,3
donor_h0002136,08900,13,5,1,2.0,1.0,20090.0,20000_24999,2,married_couple,no_65_plus,13.0,5
donor_h0002137,08900,3,2,1,4.0,1.0,65010.0,60000_74999,4_plus,married_couple,no_65_plus,3.0,2
donor_h0002138,08900,71,4,1,2.0,5.0,42300.0,40000_44999,2,nonfamily_living_alone,no_65_plus,71.0,4
donor_h0002139,08900,21,3,1,2.0,1.0,432000.0,200000_plus,2,married_couple,no_65_plus,21.0,3
donor_h0002140,08900,12,2,1,2.0,1.0,88400.0,75000_99999,2,married_couple,has_65_plus,12.0,2
donor_h0002141,08900,14,1,1,3.0,4.0,100000.0,100000_124999,3,nonfamily_living_alone,no_65_plus,14.0,1
donor_h0002142,08900,4,8,1,6.0,1.0,158450.0,150000_199999,4_plus,married_couple,no_65_plus,4.0,8
donor_h0002143,08900,4,2,1,0.0,1.0,181300.0,150000_199999,0,married_couple,no_65_plus,4.0,2
donor_h0002144,08900,11,2,1,2.0,1.0,93000.0,75000_99999,2,married_couple,no_65_plus,11.0,2
donor_h0002145,08900,11,3,1,3.0,2.0,50000.0,50000_59999,3,other_male_householder,no_65_plus,11.0,3
donor_h0002146,08900,66,4,1,2.0,1.0,56000.0,50000_59999,2,married_couple,no_65_plus,66.0,4
donor_h0002147,08900,39,2,1,2.0,1.0,55000.0,50000_59999,2,married_couple,no_65_plus,39.0,2
donor_h0002148,08900,4,2,1,3.0,1.0,89000.0,75000_99999,3,married_couple,no_65_plus,4.0,2
donor_h0002149,08900,13,2,1,1.0,1.0,30000.0,30000_34999,1,married_couple,no_65_plus,13.0,2
donor_h0002150,08900,11,2,1,3.0,1.0,13600.0,10000_14999,3,married_couple,no_65_plus,11.0,2
donor_h0002151,08900,11,4,1,3.0,1.0,151000.0,150000_199999,3,married_couple,no_65_plus,11.0,4
donor_h0002152,08900,16,2,1,3.0,1.0,78100.0,75000_99999,3,married_couple,no_65_plus,16.0,2
donor_h0002153,08900,14,3,1,2.0,1.0,30904.0,30000_34999,2,married_couple,has_65_plus,14.0,3
donor_h0002154,08900,15,4,1,2.0,1.0,37000.0,35000_39999,2,married_couple,no_65_plus,15.0,4
donor_h0002155,08900,11,1,1,1.0,4.0,38400.0,35000_39999,1,nonfamily_living_alone,has_65_plus,11.0,1
donor_h0002156,08900,18,1,1,1.0,6.0,58500.0,50000_59999,1,nonfamily_not_living_alone,no_65_plus,18.0,1
donor_h0002157,08900,17,2,1,2.0,1.0,37200.0,35000_39999,2,married_couple,has_65_plus,17.0,2
donor_h0002158,08900,6,3,1,4.0,1.0,105000.0,100000_124999,4_plus,married_couple,no_65_plus,6.0,3
donor_h0002159,08900,12,2,1,2.0,1.0,71000.0,60000_74999,2,married_couple,no_65_plus,12.0,2
donor_h0002160,08900,35,2,1,2.0,1.0,67000.0,60000_74999,2,married_couple,no_65_plus,35.0,2
donor_h0002161,08900,12,2,1,3.0,1.0,56500.0,50000_59999,3,married_couple,no_65_plus,12.0,2
donor_h0002162,08900,11,8,1,3.0,1.0,101800.0,100000_124999,3,married_couple,no_65_plus,11.0,8
donor_h0002163,08900,11,1,1,1.0,6.0,14400.0,10000_14999,1,nonfamily_not_living_alone,has_65_plus,11.0,1
donor_h0002164,08900,8,1,1,1.0,4.0,80000.0,75000_99999,1,nonfamily_living_alone,no_65_plus,8.0,1
donor_h0002165,08900,5,1,1,2.0,6.0,10400.0,10000_14999,2,nonfamily_not_living_alone,has_65_plus,5.0,1
donor_h0002166,08900,7,2,1,2.0,1.0,53700.0,50000_59999,2,married_couple,has_65_plus,7.0,2
donor_h0002167,08900,11,2,1,2.0,1.0,65500.0,60000_74999,2,married_couple,no_65_plus,11.0,2
donor_h0002168,08900,15,5,1,4.0,1.0,98000.0,75000_99999,4_plus,married_couple,no_65_plus,15.0,5
donor_h0002169,08900,52,2,1,2.0,2.0,46800.0,45000_49999,2,other_male_householder,no_65_plus,52.0,2
donor_h0002170,08900,22,2,1,2.0,1.0,320000.0,200000_plus,2,married_couple,no_65_plus,22.0,2
donor_h0002171,08900,10,1,1,1.0,6.0,38000.0,35000_39999,1,nonfamily_not_living_alone,no_65_plus,10.0,1
donor_h0002172,08900,5,4,1,2.0,3.0,81400.0,75000_99999,2,other_female_householder,no_65_plus,5.0,4
donor_h0002173,08900,6,5,1,3.0,1.0,24400.0,20000_24999,3,married_couple,no_65_plus,6.0,5
donor_h0002174,08900,9,2,1,1.0,1.0,397000.0,200000_plus,1,married_couple,has_65_plus,9.0,2
donor_h0002175,08900,13,2,1,3.0,1.0,20200.0,20000_24999,3,married_couple,has_65_plus,13.0,2
donor_h0002176,08900,8,2,1,3.0,1.0,73300.0,60000_74999,3,married_couple,no_65_plus,8.0,2
donor_h0002177,08900,15,3,1,2.0,1.0,29200.0,25000_29999,2,married_couple,no_65_plus,15.0,3
donor_h0002178,08900,4,3,1,4.0,1.0,132450.0,125000_149999,4_plus,married_couple,has_65_plus,4.0,3
donor_h0002179,08900,5,1,1,1.0,4.0,100000.0,100000_124999,1,nonfamily_living_alone,no_65_plus,5.0,1
donor_h0002180,08900,19,1,1,1.0,6.0,11600.0,10000_14999,1,nonfamily_not_living_alone,has_65_plus,19.0,1
donor_h0002181,08900,8,2,1,2.0,1.0,342000.0,200000_plus,2,married_couple,no_65_plus,8.0,2
donor_h0002182,08900,7,2,1,3.0,1.0,24000.0,20000_24999,3,married_couple,no_65_plus,7.0,2
donor_h0002183,08900,21,1,1,1.0,6.0,0.0,lt_10000,1,nonfamily_not_living_alone,no_65_plus,21.0,1
donor_h0002184,08900,15,3,1,2.0,1.0,176000.0,150000_199999,2,married_couple,no_65_plus,15.0,3
donor_h0002185,08900,9,4,1,4.0,1.0,8000.0,lt_10000,4_plus,married_couple,no_65_plus,9.0,4
donor_h0002186,08900,3,2,1,2.0,1.0,44500.0,40000_44999,2,married_couple,no_65_plus,3.0,2
donor_h0002187,08900,45,2,1,2.0,1.0,75000.0,75000_99999,2,married_couple,no_65_plus,45.0,2
donor_h0002188,08900,11,4,1,1.0,3.0,18600.0,15000_19999,1,other_female_householder,no_65_plus,11.0,4
donor_h0002189,08900,24,7,1,1.0,1.0,18400.0,15000_19999,1,married_couple,no_65_plus,24.0,7
donor_h0002190,08900,10,3,1,3.0,2.0,102000.0,100000_124999,3,other_male_householder,no_65_plus,10.0,3
donor_h0002191,08900,32,2,1,2.0,1.0,28000.0,25000_29999,2,married_couple,no_65_plus,32.0,2
donor_h0002192,08900,3,3,1,3.0,1.0,29200.0,25000_29999,3,married_couple,has_65_plus,3.0,3
donor_h0002193,08900,37,2,1,2.0,1.0,42600.0,40000_44999,2,married_couple,no_65_plus,37.0,2
donor_h0002194,08900,8,1,1,1.0,4.0,63500.0,60000_74999,1,nonfamily_living_alone,has_65_plus,8.0,1
donor_h0002195,08900,28,2,1,1.0,5.0,89000.0,75000_99999,1,nonfamily_living_alone,no_65_plus,28.0,2
donor_h0002196,08900,6,2,1,2.0,1.0,101000.0,100000_124999,2,married_couple,no_65_plus,6.0,2
donor_h0002197,08900,12,2,1,2.0,1.0,43200.0,40000_44999,2,married_couple,has_65_plus,12.0,2
donor_h0002198,08900,27,1,1,0.0,6.0,7450.0,lt_10000,0,nonfamily_not_living_alone,has_65_plus,27.0,1
donor_h0002199,08900,12,1,1,1.0,4.0,-5800.0,lt_10000,1,nonfamily_living_alone,no_65_plus,12.0,1
donor_h0002200,08900,20,3,1,1.0,3.0,11200.0,10000_14999,1,other_female_householder,no_65_plus,20.0,3
donor_h0002201,08900,24,2,1,2.0,1.0,17000.0,15000_19999,2,married_couple,no_65_plus,24.0,2
donor_h0002202,08900,11,1,1,1.0,6.0,10000.0,10000_14999,1,nonfamily_not_living_alone,no_65_plus,11.0,1
donor_h0002203,08900,20,1,1,0.0,4.0,10600.0,10000_14999,0,nonfamily_living_alone,no_65_plus,20.0,1
donor_h0002204,08900,7,2,1,2.0,1.0,19100.0,15000_19999,2,married_couple,no_65_plus,7.0,2
donor_h0002205,08900,15,2,1,2.0,1.0,53200.0,50000_59999,2,married_couple,has_65_plus,15.0,2
donor_h0002206,08900,8,3,1,1.0,1.0,120500.0,100000_124999,1,married_couple,no_65_plus,8.0,3
donor_h0002207,08900,17,2,1,1.0,3.0,10000.0,10000_14999,1,other_female_householder,no_65_plus,17.0,2
donor_h0002208,08900,13,2,1,3.0,1.0,173000.0,150000_199999,3,married_couple,has_65_plus,13.0,2
donor_h0002209,08900,21,4,1,2.0,1.0,641000.0,200000_plus,2,married_couple,no_65_plus,21.0,4
donor_h0002210,08900,10,2,1,2.0,1.0,86000.0,75000_99999,2,married_couple,no_65_plus,10.0,2
donor_h0002211,08900,35,3,1,1.0,3.0,48200.0,45000_49999,1,other_female_householder,no_65_plus,35.0,3
donor_h0002212,08900,11,2,1,2.0,1.0,39000.0,35000_39999,2,married_couple,no_65_plus,11.0,2
donor_h0002213,08900,18,4,1,4.0,1.0,137000.0,125000_149999,4_plus,married_couple,no_65_plus,18.0,4
donor_h0002214,08900,22,1,1,1.0,6.0,11000.0,10000_14999,1,nonfamily_not_living_alone,no_65_plus,22.0,1
donor_h0002215,08900,7,3,1,1.0,2.0,64000.0,60000_74999,1,other_male_householder,no_65_plus,7.0,3
donor_h0002216,08900,13,1,1,2.0,4.0,31200.0,30000_34999,2,nonfamily_living_alone,has_65_plus,13.0,1
donor_h0002217,08900,12,2,1,2.0,1.0,130000.0,125000_149999,2,married_couple,no_65_plus,12.0,2
donor_h0002218,08900,2,2,1,2.0,1.0,88000.0,75000_99999,2,married_couple,no_65_plus,2.0,2
donor_h0002219,08900,34,1,1,1.0,4.0,6000.0,lt_10000,1,nonfamily_living_alone,no_65_plus,34.0,1
donor_h0002220,08900,13,3,1,2.0,1.0,76000.0,75000_99999,2,married_couple,no_65_plus,13.0,3
donor_h0002221,08900,3,2,1,3.0,1.0,85300.0,75000_99999,3,married_couple,has_65_plus,3.0,2
donor_h0002222,08900,16,4,1,2.0,1.0,90000.0,75000_99999,2,married_couple,no_65_plus,16.0,4
donor_h0002223,08900,11,1,1,3.0,6.0,7600.0,lt_10000,3,nonfamily_not_living_alone,has_65_plus,11.0,1
donor_h0002224,08900,21,1,1,1.0,6.0,108000.0,100000_124999,1,nonfamily_not_living_alone,no_65_plus,21.0,1
donor_h0002225,08900,15,2,1,3.0,1.0,104000.0,100000_124999,3,married_couple,has_65_plus,15.0,2
donor_h0002226,08900,5,8,1,2.0,1.0,55000.0,50000_59999,2,married_couple,no_65_plus,5.0,8
donor_h0002227,08900,9,2,1,2.0,1.0,116000.0,100000_124999,2,married_couple,no_65_plus,9.0,2
donor_h0002228,08900,14,1,1,1.0,4.0,60000.0,60000_74999,1,nonfamily_living_alone,no_65_plus,14.0,1
donor_h0002229,08900,18,2,1,2.0,1.0,26900.0,25000_29999,2,married_couple,has_65_plus,18.0,2
donor_h0002230,08900,27,4,1,3.0,3.0,52000.0,50000_59999,3,other_female_householder,no_65_plus,27.0,4
donor_h0002231,08900,46,2,1,2.0,1.0,82100.0,75000_99999,2,married_couple,no_65_plus,46.0,2
donor_h0002232,08900,14,2,1,2.0,1.0,123200.0,100000_124999,2,married_couple,no_65_plus,14.0,2
donor_h0002233,08900,9,4,1,3.0,5.0,123000.0,100000_124999,3,nonfamily_living_alone,no_65_plus,9.0,4
donor_h0002234,08900,10,4,1,0.0,1.0,15590.0,15000_19999,0,married_couple,no_65_plus,10.0,4
donor_h0002235,08900,17,1,1,0.0,6.0,35000.0,35000_39999,0,nonfamily_not_living_alone,no_65_plus,17.0,1
donor_h0002236,08900,10,1,1,1.0,6.0,60800.0,60000_74999,1,nonfamily_not_living_alone,no_65_plus,10.0,1
donor_h0002237,08900,14,2,1,2.0,1.0,61500.0,60000_74999,2,married_couple,has_65_plus,14.0,2
donor_h0002238,08900,8,1,1,1.0,6.0,4000.0,lt_10000,1,nonfamily_not_living_alone,no_65_plus,8.0,1
donor_h0002239,08900,21,2,1,2.0,1.0,10400.0,10000_14999,2,married_couple,has_65_plus,21.0,2
donor_h0002240,08900,42,2,1,2.0,2.0,48900.0,45000_49999,2,other_male_householder,no_65_plus,42.0,2
donor_h0002241,08900,11,1,1,1.0,4.0,57000.0,50000_59999,1,nonfamily_living_alone,no_65_plus,11.0,1
donor_h0002242,08900,7,2,1,1.0,1.0,32400.0,30000_34999,1,married_couple,has_65_plus,7.0,2
donor_h0002243,08900,16,3,1,2.0,3.0,94000.0,75000_99999,2,other_female_householder,no_65_plus,16.0,3
donor_h0002244,08900,9,1,1,1.0,6.0,25200.0,25000_29999,1,nonfamily_not_living_alone,has_65_plus,9.0,1
donor_h0002245,08900,14,2,1,2.0,1.0,85800.0,75000_99999,2,married_couple,has_65_plus,14.0,2
donor_h0002246,08900,23,5,1,2.0,2.0,70600.0,60000_74999,2,other_male_householder,has_65_plus,23.0,5
donor_h0002247,08900,8,2,1,2.0,5.0,26100.0,25000_29999,2,nonfamily_living_alone,has_65_plus,8.0,2
donor_h0002248,08900,14,3,1,2.0,3.0,46300.0,45000_49999,2,other_female_householder,has_65_plus,14.0,3
donor_h0002249,08900,9,1,1,0.0,6.0,50000.0,50000_59999,0,nonfamily_not_living_alone,has_65_plus,9.0,1
donor_h0002250,08900,13,2,1,2.0,1.0,29200.0,25000_29999,2,married_couple,no_65_plus,13.0,2
donor_h0002251,08900,6,2,1,2.0,1.0,39900.0,35000_39999,2,married_couple,no_65_plus,6.0,2
donor_h0002252,08900,8,2,1,2.0,1.0,46800.0,45000_49999,2,married_couple,has_65_plus,8.0,2
donor_h0002253,08900,14,2,1,2.0,1.0,28200.0,25000_29999,2,married_couple,no_65_plus,14.0,2
donor_h0002254,08900,3,2,1,2.0,1.0,78500.0,75000_99999,2,married_couple,has_65_plus,3.0,2
donor_h0002255,08900,13,1,1,0.0,6.0,15810.0,15000_19999,0,nonfamily_not_living_alone,has_65_plus,13.0,1
donor_h0002256,08900,8,4,1,2.0,1.0,505500.0,200000_plus,2,married_couple,no_65_plus,8.0,4
donor_h0002257,08900,24,3,1,3.0,1.0,107000.0,100000_124999,3,married_couple,no_65_plus,24.0,3
donor_h0002258,08900,10,1,1,1.0,6.0,33800.0,30000_34999,1,nonfamily_not_living_alone,has_65_plus,10.0,1
donor_h0002259,08900,20,2,1,0.0,1.0,397700.0,200000_plus,0,married_couple,has_65_plus,20.0,2
donor_h0002260,08900,10,3,1,3.0,1.0,126000.0,125000_149999,3,married_couple,no_65_plus,10.0,3
donor_h0002261,08900,13,2,1,2.0,1.0,68160.0,60000_74999,2,married_couple,has_65_plus,13.0,2
donor_h0002262,08900,7,1,1,2.0,4.0,74000.0,60000_74999,2,nonfamily_living_alone,has_65_plus,7.0,1
donor_h0002263,08900,26,1,1,2.0,4.0,22000.0,20000_24999,2,nonfamily_living_alone,no_65_plus,26.0,1
donor_h0002264,08900,10,2,1,3.0,1.0,90000.0,75000_99999,3,married_couple,no_65_plus,10.0,2
donor_h0002265,08900,19,1,1,0.0,6.0,12600.0,10000_14999,0,nonfamily_not_living_alone,has_65_plus,19.0,1
donor_h0002266,08900,10,4,1,4.0,1.0,156504.0,150000_199999,4_plus,married_couple,no_65_plus,10.0,4
donor_h0002267,08900,11,3,1,3.0,1.0,89500.0,75000_99999,3,married_couple,no_65_plus,11.0,3
donor_h0002268,08900,11,4,1,3.0,1.0,155920.0,150000_199999,3,married_couple,no_65_plus,11.0,4
donor_h0002269,08900,18,2,1,2.0,2.0,63200.0,60000_74999,2,other_male_householder,no_65_plus,18.0,2
donor_h0002270,08900,12,5,1,3.0,1.0,200000.0,200000_plus,3,married_couple,no_65_plus,12.0,5
donor_h0002271,08900,15,1,1,0.0,6.0,8000.0,lt_10000,0,nonfamily_not_living_alone,has_65_plus,15.0,1
donor_h0002272,08900,35,1,1,0.0,6.0,10900.0,10000_14999,0,nonfamily_not_living_alone,no_65_plus,35.0,1
donor_h0002273,08900,43,2,1,2.0,5.0,91000.0,75000_99999,2,nonfamily_living_alone,no_65_plus,43.0,2
donor_h0002274,08900,2,5,1,2.0,1.0,71000.0,60000_74999,2,married_couple,no_65_plus,2.0,5
donor_h0002275,08900,5,2,1,2.0,1.0,90500.0,75000_99999,2,married_couple,no_65_plus,5.0,2
donor_h0002276,08900,9,4,1,2.0,1.0,97400.0,75000_99999,2,married_couple,no_65_plus,9.0,4
donor_h0002277,08900,38,2,1,2.0,1.0,147000.0,125000_149999,2,married_couple,no_65_plus,38.0,2
donor_h0002278,08900,21,1,1,2.0,6.0,120000.0,100000_124999,2,nonfamily_not_living_alone,no_65_plus,21.0,1
donor_h0002279,08900,8,1,1,0.0,6.0,15900.0,15000_19999,0,nonfamily_not_living_alone,has_65_plus,8.0,1
donor_h0002280,08900,3,5,1,3.0,3.0,98800.0,75000_99999,3,other_female_householder,no_65_plus,3.0,5
donor_h0002281,08900,12,4,1,2.0,1.0,87000.0,75000_99999,2,married_couple,no_65_plus,12.0,4
donor_h0002282,08900,5,2,1,2.0,1.0,0.0,lt_10000,2,married_couple,has_65_plus,5.0,2
donor_h0002283,08900,13,2,1,3.0,1.0,44400.0,40000_44999,3,married_couple,has_65_plus,13.0,2
donor_h0002284,08900,11,2,1,2.0,1.0,47000.0,45000_49999,2,married_couple,has_65_plus,11.0,2
donor_h0002285,08900,32,1,1,0.0,6.0,6000.0,lt_10000,0,nonfamily_not_living_alone,no_65_plus,32.0,1
donor_h0002286,08900,13,2,1,2.0,1.0,40800.0,40000_44999,2,married_couple,has_65_plus,13.0,2
donor_h0002287,08900,17,2,1,2.0,1.0,47600.0,45000_49999,2,married_couple,has_65_plus,17.0,2
donor_h0002288,08900,8,3,1,4.0,2.0,48600.0,45000_49999,4_plus,other_male_householder,no_65_plus,8.0,3
donor_h0002289,08900,5,1,1,1.0,6.0,9600.0,lt_10000,1,nonfamily_not_living_alone,has_65_plus,5.0,1
donor_h0002290,08900,25,1,1,1.0,4.0,15850.0,15000_19999,1,nonfamily_living_alone,no_65_plus,25.0,1
donor_h0002291,08900,7,2,1,1.0,1.0,208000.0,200000_plus,1,married_couple,has_65_plus,7.0,2
donor_h0002292,08900,7,1,1,2.0,6.0,19300.0,15000_19999,2,nonfamily_not_living_alone,has_65_plus,7.0,1
donor_h0002293,08900,12,3,1,3.0,1.0,222600.0,200000_plus,3,married_couple,no_65_plus,12.0,3
donor_h0002294,08900,19,2,1,2.0,7.0,27800.0,25000_29999,2,nonfamily_not_living_alone,has_65_plus,19.0,2
donor_h0002295,08900,11,3,1,2.0,3.0,42250.0,40000_44999,2,other_female_householder,no_65_plus,11.0,3
donor_h0002296,08900,15,7,1,4.0,3.0,65000.0,60000_74999,4_plus,other_female_householder,no_65_plus,15.0,7
donor_h0002297,08900,7,3,1,3.0,5.0,-5400.0,lt_10000,3,nonfamily_living_alone,no_65_plus,7.0,3
donor_h0002298,08900,12,2,1,1.0,3.0,12000.0,10000_14999,1,other_female_householder,no_65_plus,12.0,2
donor_h0002299,08900,10,1,1,1.0,4.0,34000.0,30000_34999,1,nonfamily_living_alone,no_65_plus,10.0,1
donor_h0002300,08900,23,3,1,3.0,1.0,242100.0,200000_plus,3,married_couple,no_65_plus,23.0,3
donor_h0002301,08900,5,2,1,2.0,3.0,20000.0,20000_24999,2,other_female_householder,has_65_plus,5.0,2
donor_h0002302,08900,3,2,1,4.0,3.0,70900.0,60000_74999,4_plus,other_female_householder,has_65_plus,3.0,2
donor_h0002303,08900,14,1,1,3.0,4.0,3900.0,lt_10000,3,nonfamily_living_alone,no_65_plus,14.0,1
donor_h0002304,08900,36,1,1,2.0,4.0,37000.0,35000_39999,2,nonfamily_living_alone,no_65_plus,36.0,1
donor_h0002305,08900,7,1,1,2.0,6.0,11800.0,10000_14999,2,nonfamily_not_living_alone,no_65_plus,7.0,1
donor_h0002306,08900,35,2,1,1.0,1.0,30401.0,30000_34999,1,married_couple,has_65_plus,35.0,2
donor_h0002307,08900,10,4,1,2.0,7.0,40500.0,40000_44999,2,nonfamily_not_living_alone,no_65_plus,10.0,4
donor_h0002308,08900,2,1,1,1.0,4.0,15000.0,15000_19999,1,nonfamily_living_alone,no_65_plus,2.0,1
donor_h0002309,08900,7,3,1,4.0,1.0,131000.0,125000_149999,4_plus,married_couple,no_65_plus,7.0,3
donor_h0002310,08900,3,1,1,0.0,4.0,50000.0,50000_59999,0,nonfamily_living_alone,no_65_plus,3.0,1
donor_h0002311,08900,16,2,1,2.0,1.0,41000.0,40000_44999,2,married_couple,no_65_plus,16.0,2
donor_h0002312,08900,12,2,1,2.0,1.0,110000.0,100000_124999,2,married_couple,no_65_plus,12.0,2
donor_h0002313,08900,42,4,1,2.0,3.0,65000.0,60000_74999,2,other_female_householder,no_65_plus,42.0,4
donor_h0002314,08900,12,1,1,2.0,6.0,53000.0,50000_59999,2,nonfamily_not_living_alone,no_65_plus,12.0,1
donor_h0002315,08900,14,3,1,3.0,1.0,35700.0,35000_39999,3,married_couple,has_65_plus,14.0,3
donor_h0002316,08900,7,2,1,0.0,3.0,26300.0,25000_29999,0,other_female_householder,has_65_plus,7.0,2
donor_h0002317,08900,19,1,1,2.0,6.0,55300.0,50000_59999,2,nonfamily_not_living_alone,has_65_plus,19.0,1
donor_h0002318,08900,21,1,1,2.0,4.0,46000.0,45000_49999,2,nonfamily_living_alone,no_65_plus,21.0,1
donor_h0002319,08900,33,4,1,2.0,3.0,16000.0,15000_19999,2,other_female_householder,no_65_plus,33.0,4
donor_h0002320,08900,21,2,1,2.0,1.0,41400.0,40000_44999,2,married_couple,has_65_plus,21.0,2
donor_h0002321,08900,14,1,1,0.0,6.0,700.0,lt_10000,0,nonfamily_not_living_alone,no_65_plus,14.0,1
donor_h0002322,08900,30,2,1,2.0,1.0,37000.0,35000_39999,2,married_couple,has_65_plus,30.0,2
donor_h0002323,08900,12,2,1,2.0,1.0,55200.0,50000_59999,2,married_couple,no_65_plus,12.0,2
donor_h0002324,08900,2,1,1,1.0,6.0,49200.0,45000_49999,1,nonfamily_not_living_alone,has_65_plus,2.0,1
donor_h0002325,08900,16,1,1,1.0,6.0,16440.0,15000_19999,1,nonfamily_not_living_alone,has_65_plus,16.0,1
donor_h0002326,08900,41,2,1,1.0,1.0,24500.0,20000_24999,1,married_couple,no_65_plus,41.0,2
donor_h0002327,08900,4,2,1,2.0,1.0,27220.0,25000_29999,2,married_couple,has_65_plus,4.0,2
donor_h0002328,08900,14,3,1,2.0,3.0,85000.0,75000_99999,2,other_female_householder,no_65_plus,14.0,3
donor_h0002329,08900,8,2,1,2.0,1.0,56000.0,50000_59999,2,married_couple,no_65_plus,8.0,2
donor_h0002330,08900,44,2,1,1.0,1.0,355500.0,200000_plus,1,married_couple,has_65_plus,44.0,2
donor_h0002331,08900,19,4,1,2.0,1.0,33000.0,30000_34999,2,married_couple,no_65_plus,19.0,4
donor_h0002332,08900,30,2,1,2.0,1.0,103900.0,100000_124999,2,married_couple,has_65_plus,30.0,2
donor_h0002333,08900,12,1,1,1.0,4.0,25100.0,25000_29999,1,nonfamily_living_alone,has_65_plus,12.0,1
donor_h0002334,08900,11,2,1,1.0,1.0,8000.0,lt_10000,1,married_couple,has_65_plus,11.0,2
donor_h0002335,08900,19,1,1,2.0,4.0,53320.0,50000_59999,2,nonfamily_living_alone,has_65_plus,19.0,1
donor_h0002336,08900,14,3,1,3.0,1.0,30500.0,30000_34999,3,married_couple,has_65_plus,14.0,3
donor_h0002337,08900,33,1,1,1.0,4.0,52000.0,50000_59999,1,nonfamily_living_alone,no_65_plus,33.0,1
donor_h0002338,08900,9,3,1,3.0,1.0,31300.0,30000_34999,3,married_couple,has_65_plus,9.0,3
donor_h0002339,08900,15,4,1,2.0,1.0,132000.0,125000_149999,2,married_couple,no_65_plus,15.0,4
donor_h0002340,08900,15,2,1,3.0,1.0,43720.0,40000_44999,3,married_couple,no_65_plus,15.0,2
donor_h0002341,08900,11,1,1,2.0,6.0,22000.0,20000_24999,2,nonfamily_not_living_alone,no_65_plus,11.0,1
donor_h0002342,08900,19,2,1,2.0,1.0,36600.0,35000_39999,2,married_couple,has_65_plus,19.0,2
donor_h0002343,08900,6,1,1,1.0,6.0,69890.0,60000_74999,1,nonfamily_not_living_alone,no_65_plus,6.0,1
donor_h0002344,08900,7,2,1,2.0,1.0,58850.0,50000_59999,2,married_couple,has_65_plus,7.0,2
donor_h0002345,08900,17,5,1,2.0,1.0,86000.0,75000_99999,2,married_couple,no_65_plus,17.0,5
donor_h0002346,08900,2,2,1,2.0,1.0,55000.0,50000_59999,2,married_couple,no_65_plus,2.0,2
donor_h0002347,08900,10,4,1,2.0,2.0,93000.0,75000_99999,2,other_male_householder,no_65_plus,10.0,4
donor_h0002348,08900,13,2,1,3.0,1.0,11800.0,10000_14999,3,married_couple,has_65_plus,13.0,2
donor_h0002349,08900,7,2,1,3.0,1.0,66700.0,60000_74999,3,married_couple,has_65_plus,7.0,2
donor_h0002350,08900,9,1,1,1.0,4.0,33750.0,30000_34999,1,nonfamily_living_alone,has_65_plus,9.0,1
donor_h0002351,08900,13,3,1,1.0,2.0,28800.0,25000_29999,1,other_male_householder,no_65_plus,13.0,3
donor_h0002352,08900,10,2,1,3.0,1.0,107000.0,100000_124999,3,married_couple,no_65_plus,10.0,2
donor_h0002353,08900,27,4,1,2.0,1.0,41000.0,40000_44999,2,married_couple,no_65_plus,27.0,4
donor_h0002354,08900,14,2,1,3.0,1.0,60500.0,60000_74999,3,married_couple,has_65_plus,14.0,2
donor_h0002355,08900,13,2,1,3.0,3.0,36310.0,35000_39999,3,other_female_householder,has_65_plus,13.0,2
donor_h0002356,08900,8,3,1,2.0,1.0,350000.0,200000_plus,2,married_couple,no_65_plus,8.0,3
donor_h0002357,08900,47,1,1,1.0,4.0,10500.0,10000_14999,1,nonfamily_living_alone,no_65_plus,47.0,1
donor_h0002358,08900,7,1,1,1.0,6.0,21700.0,20000_24999,1,nonfamily_not_living_alone,has_65_plus,7.0,1
donor_h0002359,08900,14,1,1,3.0,4.0,326300.0,200000_plus,3,nonfamily_living_alone,no_65_plus,14.0,1
donor_h0002360,08900,14,2,1,3.0,7.0,50000.0,50000_59999,3,nonfamily_not_living_alone,no_65_plus,14.0,2
donor_h0002361,08900,12,2,1,1.0,1.0,12700.0,10000_14999,1,married_couple,no_65_plus,12.0,2
donor_h0002362,08900,2,2,1,2.0,1.0,52300.0,50000_59999,2,married_couple,has_65_plus,2.0,2
donor_h0002363,08900,8,1,1,1.0,4.0,14000.0,10000_14999,1,nonfamily_living_alone,has_65_plus,8.0,1
donor_h0002364,08900,7,1,1,1.0,4.0,51800.0,50000_59999,1,nonfamily_living_alone,no_65_plus,7.0,1
donor_h0002365,08900,12,2,1,2.0,1.0,35700.0,35000_39999,2,married_couple,has_65_plus,12.0,2
donor_h0002366,08900,4,2,1,4.0,2.0,190000.0,150000_199999,4_plus,other_male_householder,no_65_plus,4.0,2
donor_h0002367,08900,8,2,1,6.0,1.0,58400.0,50000_59999,4_plus,married_couple,no_65_plus,8.0,2
donor_h0002368,08900,8,2,1,3.0,1.0,81900.0,75000_99999,3,married_couple,has_65_plus,8.0,2
donor_h0002369,08900,12,2,1,2.0,1.0,62400.0,60000_74999,2,married_couple,no_65_plus,12.0,2
donor_h0002370,08900,21,2,1,2.0,1.0,91100.0,75000_99999,2,married_couple,has_65_plus,21.0,2
donor_h0002371,08900,4,4,1,3.0,1.0,110000.0,100000_124999,3,married_couple,no_65_plus,4.0,4
donor_h0002372,08900,7,2,1,3.0,1.0,112040.0,100000_124999,3,married_couple,no_65_plus,7.0,2
donor_h0002373,08900,20,2,1,1.0,1.0,5740.0,lt_10000,1,married_couple,no_65_plus,20.0,2
donor_h0002374,08900,12,2,1,1.0,3.0,24000.0,20000_24999,1,other_female_householder,no_65_plus,12.0,2
donor_h0002375,08900,15,1,1,1.0,4.0,50000.0,50000_59999,1,nonfamily_living_alone,no_65_plus,15.0,1
donor_h0002376,08900,17,2,1,1.0,3.0,149000.0,125000_149999,1,other_female_householder,has_65_plus,17.0,2
donor_h0002377,08900,8,7,1,4.0,1.0,140000.0,125000_149999,4_plus,married_couple,no_65_plus,8.0,7
donor_h0002378,08900,7,2,1,4.0,7.0,44000.0,40000_44999,4_plus,nonfamily_not_living_alone,no_65_plus,7.0,2
donor_h0002379,08900,5,2,1,2.0,1.0,59000.0,50000_59999,2,married_couple,has_65_plus,5.0,2
donor_h0002380,08900,2,3,1,1.0,2.0,61290.0,60000_74999,1,other_male_householder,has_65_plus,2.0,3
donor_h0002381,08900,5,3,1,5.0,1.0,233210.0,200000_plus,4_plus,married_couple,no_65_plus,5.0,3
donor_h0002382,08900,15,2,1,2.0,1.0,40160.0,40000_44999,2,married_couple,has_65_plus,15.0,2
donor_h0002383,08900,17,6,1,1.0,1.0,16100.0,15000_19999,1,married_couple,no_65_plus,17.0,6
donor_h0002384,08900,6,2,1,2.0,1.0,124300.0,100000_124999,2,married_couple,has_65_plus,6.0,2
donor_h0002385,08900,6,1,1,1.0,4.0,33800.0,30000_34999,1,nonfamily_living_alone,no_65_plus,6.0,1
donor_h0002386,08900,14,4,1,2.0,1.0,106500.0,100000_124999,2,married_couple,no_65_plus,14.0,4
donor_h0002387,08900,7,4,1,3.0,1.0,88000.0,75000_99999,3,married_couple,no_65_plus,7.0,4
donor_h0002388,08900,11,3,1,3.0,1.0,122600.0,100000_124999,3,married_couple,has_65_plus,11.0,3
donor_h0002389,08900,6,4,1,2.0,7.0,87000.0,75000_99999,2,nonfamily_not_living_alone,no_65_plus,6.0,4
donor_h0002390,08900,7,2,1,2.0,1.0,255000.0,200000_plus,2,married_couple,no_65_plus,7.0,2
donor_h0002391,08900,25,1,1,1.0,4.0,32800.0,30000_34999,1,nonfamily_living_alone,no_65_plus,25.0,1
donor_h0002392,08900,9,2,1,3.0,5.0,93000.0,75000_99999,3,nonfamily_living_alone,no_65_plus,9.0,2
donor_h0002393,08900,35,2,1,2.0,1.0,47200.0,45000_49999,2,married_couple,no_65_plus,35.0,2
donor_h0002394,08900,5,2,1,2.0,1.0,100000.0,100000_124999,2,married_couple,has_65_plus,5.0,2
donor_h0002395,08900,13,2,1,2.0,3.0,103000.0,100000_124999,2,other_female_householder,no_65_plus,13.0,2
donor_h0002396,08900,14,1,1,1.0,4.0,50000.0,50000_59999,1,nonfamily_living_alone,has_65_plus,14.0,1
donor_h0002397,08900,6,2,1,3.0,1.0,138000.0,125000_149999,3,married_couple,no_65_plus,6.0,2
donor_h0002398,08900,7,1,1,1.0,6.0,89900.0,75000_99999,1,nonfamily_not_living_alone,no_65_plus,7.0,1
donor_h0002399,08900,10,2,1,2.0,1.0,29000.0,25000_29999,2,married_couple,has_65_plus,10.0,2
donor_h0002400,08900,15,2,1,2.0,3.0,41150.0,40000_44999,2,other_female_householder,has_65_plus,15.0,2
donor_h0002401,08900,7,2,1,3.0,1.0,21500.0,20000_24999,3,married_couple,has_65_plus,7.0,2
donor_h0002402,08900,27,2,1,1.0,1.0,29200.0,25000_29999,1,married_couple,has_65_plus,27.0,2
donor_h0002403,08900,22,4,1,2.0,1.0,98000.0,75000_99999,2,married_couple,no_65_plus,22.0,4
donor_h0002404,08900,5,2,1,3.0,1.0,73300.0,60000_74999,3,married_couple,has_65_plus,5.0,2
donor_h0002405,08900,4,2,1,2.0,1.0,95450.0,75000_99999,2,married_couple,has_65_plus,4.0,2
donor_h0002406,08900,11,1,1,0.0,6.0,15100.0,15000_19999,0,nonfamily_not_living_alone,has_65_plus,11.0,1
donor_h0002407,08900,9,1,1,1.0,6.0,11700.0,10000_14999,1,nonfamily_not_living_alone,has_65_plus,9.0,1
donor_h0002408,08900,9,2,1,3.0,1.0,94340.0,75000_99999,3,married_couple,no_65_plus,9.0,2
donor_h0002409,08900,33,3,1,2.0,3.0,29400.0,25000_29999,2,other_female_householder,has_65_plus,33.0,3
donor_h0002410,08900,26,2,1,2.0,5.0,95000.0,75000_99999,2,nonfamily_living_alone,no_65_plus,26.0,2
donor_h0002411,08900,14,2,1,2.0,1.0,74800.0,60000_74999,2,married_couple,has_65_plus,14.0,2
donor_h0002412,08900,15,2,1,2.0,1.0,78400.0,75000_99999,2,married_couple,no_65_plus,15.0,2
donor_h0002413,08900,29,2,1,2.0,1.0,19000.0,15000_19999,2,married_couple,has_65_plus,29.0,2
donor_h0002414,08900,11,1,1,0.0,4.0,960.0,lt_10000,0,nonfamily_living_alone,no_65_plus,11.0,1
donor_h0002415,08900,6,1,1,1.0,6.0,0.0,lt_10000,1,nonfamily_not_living_alone,has_65_plus,6.0,1
donor_h0002416,08900,16,1,1,0.0,6.0,12000.0,10000_14999,0,nonfamily_not_living_alone,has_65_plus,16.0,1
donor_h0002417,08900,17,2,1,1.0,3.0,47600.0,45000_49999,1,other_female_householder,has_65_plus,17.0,2
donor_h0002418,08900,47,2,1,2.0,2.0,18000.0,15000_19999,2,other_male_householder,has_65_plus,47.0,2
donor_h0002419,08900,20,4,1,4.0,1.0,101300.0,100000_124999,4_plus,married_couple,no_65_plus,20.0,4
donor_h0002420,08900,50,2,1,3.0,1.0,37000.0,35000_39999,3,married_couple,no_65_plus,50.0,2
donor_h0002421,08900,13,1,1,1.0,4.0,25500.0,25000_29999,1,nonfamily_living_alone,has_65_plus,13.0,1
donor_h0002422,08900,10,1,1,1.0,4.0,70000.0,60000_74999,1,nonfamily_living_alone,no_65_plus,10.0,1
donor_h0002423,08900,12,3,1,3.0,1.0,209200.0,200000_plus,3,married_couple,no_65_plus,12.0,3
donor_h0002424,08900,27,3,1,1.0,3.0,20000.0,20000_24999,1,other_female_householder,no_65_plus,27.0,3
donor_h0002425,08900,61,2,1,2.0,7.0,151800.0,150000_199999,2,nonfamily_not_living_alone,no_65_plus,61.0,2
donor_h0002426,08900,14,1,1,0.0,6.0,56400.0,50000_59999,0,nonfamily_not_living_alone,has_65_plus,14.0,1
donor_h0002427,08900,15,2,1,2.0,7.0,40500.0,40000_44999,2,nonfamily_not_living_alone,has_65_plus,15.0,2
donor_h0002428,08900,12,3,1,1.0,1.0,33900.0,30000_34999,1,married_couple,no_65_plus,12.0,3
donor_h0002429,08900,15,4,1,4.0,2.0,64700.0,60000_74999,4_plus,other_male_householder,no_65_plus,15.0,4
donor_h0002430,08900,7,1,1,1.0,6.0,13700.0,10000_14999,1,nonfamily_not_living_alone,has_65_plus,7.0,1
donor_h0002431,08900,39,2,1,1.0,1.0,43200.0,40000_44999,1,married_couple,no_65_plus,39.0,2
donor_h0002432,08900,16,2,1,2.0,3.0,102400.0,100000_124999,2,other_female_householder,has_65_plus,16.0,2
donor_h0002433,08900,6,2,1,2.0,1.0,51500.0,50000_59999,2,married_couple,has_65_plus,6.0,2
donor_h0002434,08900,12,3,1,1.0,1.0,44800.0,40000_44999,1,married_couple,no_65_plus,12.0,3
donor_h0002435,08900,11,3,1,2.0,1.0,504570.0,200000_plus,2,married_couple,no_65_plus,11.0,3
donor_h0002436,08900,8,2,1,3.0,1.0,112000.0,100000_124999,3,married_couple,no_65_plus,8.0,2
donor_h0002437,08900,13,2,1,2.0,1.0,32400.0,30000_34999,2,married_couple,has_65_plus,13.0,2
donor_h0002438,08900,13,1,1,1.0,6.0,15000.0,15000_19999,1,nonfamily_not_living_alone,no_65_plus,13.0,1
donor_h0002439,08900,19,1,1,1.0,6.0,15800.0,15000_19999,1,nonfamily_not_living_alone,has_65_plus,19.0,1
donor_h0002440,08900,8,2,1,1.0,1.0,489100.0,200000_plus,1,married_couple,has_65_plus,8.0,2
donor_h0002441,08900,12,1,1,1.0,6.0,0.0,lt_10000,1,nonfamily_not_living_alone,no_65_plus,12.0,1
donor_h0002442,08900,7,2,1,3.0,1.0,193700.0,150000_199999,3,married_couple,has_65_plus,7.0,2
donor_h0002443,08900,8,1,1,2.0,6.0,62600.0,60000_74999,2,nonfamily_not_living_alone,no_65_plus,8.0,1
donor_h0002444,08900,15,1,1,0.0,4.0,75000.0,75000_99999,0,nonfamily_living_alone,no_65_plus,15.0,1
donor_h0002445,08900,14,1,1,1.0,6.0,63100.0,60000_74999,1,nonfamily_not_living_alone,no_65_plus,14.0,1
donor_h0002446,08900,8,1,1,1.0,6.0,88100.0,75000_99999,1,nonfamily_not_living_alone,has_65_plus,8.0,1
donor_h0002447,08900,3,2,1,2.0,1.0,78000.0,75000_99999,2,married_couple,no_65_plus,3.0,2
donor_h0002448,08900,20,1,1,1.0,4.0,22000.0,20000_24999,1,nonfamily_living_alone,has_65_plus,20.0,1
donor_h0002449,08900,27,1,1,1.0,6.0,7000.0,lt_10000,1,nonfamily_not_living_alone,has_65_plus,27.0,1
donor_h0002450,08900,9,1,1,1.0,6.0,13900.0,10000_14999,1,nonfamily_not_living_alone,has_65_plus,9.0,1
donor_h0002451,08900,13,2,1,1.0,1.0,39300.0,35000_39999,1,married_couple,has_65_plus,13.0,2
donor_h0002452,08900,13,2,1,2.0,1.0,34800.0,30000_34999,2,married_couple,has_65_plus,13.0,2
donor_h0002453,08900,12,2,1,2.0,1.0,110200.0,100000_124999,2,married_couple,has_65_plus,12.0,2
donor_h0002454,08900,11,1,1,1.0,6.0,36400.0,35000_39999,1,nonfamily_not_living_alone,has_65_plus,11.0,1
donor_h0002455,08900,2,4,1,2.0,1.0,32500.0,30000_34999,2,married_couple,no_65_plus,2.0,4
donor_h0002456,08900,14,1,1,2.0,4.0,17000.0,15000_19999,2,nonfamily_living_alone,has_65_plus,14.0,1
donor_h0002457,08900,11,1,1,0.0,6.0,68000.0,60000_74999,0,nonfamily_not_living_alone,has_65_plus,11.0,1
donor_h0002458,08900,4,1,1,2.0,6.0,27600.0,25000_29999,2,nonfamily_not_living_alone,has_65_plus,4.0,1
donor_h0002459,08900,10,3,1,2.0,1.0,73800.0,60000_74999,2,married_couple,has_65_plus,10.0,3
donor_h0002460,08900,13,1,1,1.0,4.0,47500.0,45000_49999,1,nonfamily_living_alone,no_65_plus,13.0,1
donor_h0002461,08900,10,1,1,0.0,6.0,11100.0,10000_14999,0,nonfamily_not_living_alone,no_65_plus,10.0,1
donor_h0002462,08900,11,1,1,6.0,4.0,144000.0,125000_149999,4_plus,nonfamily_living_alone,no_65_plus,11.0,1
donor_h0002463,08900,5,1,1,3.0,4.0,28400.0,25000_29999,3,nonfamily_living_alone,has_65_plus,5.0,1
donor_h0002464,08900,20,1,1,2.0,6.0,37000.0,35000_39999,2,nonfamily_not_living_alone,has_65_plus,20.0,1
donor_h0002465,08900,59,1,1,1.0,4.0,50000.0,50000_59999,1,nonfamily_living_alone,no_65_plus,59.0,1
donor_h0002466,08900,9,1,1,1.0,6.0,29400.0,25000_29999,1,nonfamily_not_living_alone,has_65_plus,9.0,1
donor_h0002467,08900,21,1,1,0.0,4.0,11500.0,10000_14999,0,nonfamily_living_alone,has_65_plus,21.0,1
donor_h0002468,08900,41,6,1,6.0,1.0,159100.0,150000_199999,4_plus,married_couple,no_65_plus,41.0,6
donor_h0002469,08900,8,2,1,1.0,1.0,78100.0,75000_99999,1,married_couple,has_65_plus,8.0,2
donor_h0002470,08900,8,2,1,2.0,1.0,66400.0,60000_74999,2,married_couple,has_65_plus,8.0,2
donor_h0002471,08900,13,3,1,3.0,1.0,110030.0,100000_124999,3,married_couple,no_65_plus,13.0,3
donor_h0002472,08900,8,2,1,2.0,1.0,142000.0,125000_149999,2,married_couple,no_65_plus,8.0,2
donor_h0002473,08900,3,2,1,3.0,1.0,22230.0,20000_24999,3,married_couple,has_65_plus,3.0,2
donor_h0002474,08900,11,1,1,1.0,6.0,62000.0,60000_74999,1,nonfamily_not_living_alone,no_65_plus,11.0,1
donor_h0002475,08900,7,1,1,1.0,6.0,4100.0,lt_10000,1,nonfamily_not_living_alone,no_65_plus,7.0,1
donor_h0002476,08900,24,1,1,1.0,6.0,25700.0,25000_29999,1,nonfamily_not_living_alone,has_65_plus,24.0,1
donor_h0002477,08900,10,2,1,3.0,1.0,438000.0,200000_plus,3,married_couple,no_65_plus,10.0,2
donor_h0002478,08900,35,1,1,1.0,6.0,13600.0,10000_14999,1,nonfamily_not_living_alone,no_65_plus,35.0,1
donor_h0002479,08900,10,4,1,2.0,1.0,90000.0,75000_99999,2,married_couple,no_65_plus,10.0,4
donor_h0002480,08900,9,4,1,1.0,3.0,37000.0,35000_39999,1,other_female_householder,no_65_plus,9.0,4
donor_h0002481,08900,14,1,1,0.0,4.0,18200.0,15000_19999,0,nonfamily_living_alone,no_65_plus,14.0,1
donor_h0002482,08900,2,2,1,2.0,1.0,16800.0,15000_19999,2,married_couple,has_65_plus,2.0,2
donor_h0002483,08900,11,2,1,2.0,7.0,231800.0,200000_plus,2,nonfamily_not_living_alone,has_65_plus,11.0,2
donor_h0002484,08900,38,1,1,1.0,4.0,40000.0,40000_44999,1,nonfamily_living_alone,no_65_plus,38.0,1
donor_h0002485,08900,10,3,1,3.0,1.0,61920.0,60000_74999,3,married_couple,no_65_plus,10.0,3
donor_h0002486,08900,10,4,1,2.0,1.0,35000.0,35000_39999,2,married_couple,no_65_plus,10.0,4
donor_h0002487,08900,15,1,1,2.0,6.0,65000.0,60000_74999,2,nonfamily_not_living_alone,no_65_plus,15.0,1
donor_h0002488,08900,8,3,1,3.0,2.0,95510.0,75000_99999,3,other_male_householder,has_65_plus,8.0,3
donor_h0002489,08900,15,1,1,1.0,6.0,46000.0,45000_49999,1,nonfamily_not_living_alone,has_65_plus,15.0,1
donor_h0002490,08900,29,2,1,1.0,1.0,45000.0,45000_49999,1,married_couple,no_65_plus,29.0,2
donor_h0002491,08900,13,1,1,1.0,6.0,31940.0,30000_34999,1,nonfamily_not_living_alone,has_65_plus,13.0,1
donor_h0002492,08900,42,4,1,4.0,1.0,105000.0,100000_124999,4_plus,married_couple,no_65_plus,42.0,4
donor_h0002493,08900,44,1,1,1.0,6.0,51000.0,50000_59999,1,nonfamily_not_living_alone,has_65_plus,44.0,1
donor_h0002494,08900,17,5,1,3.0,1.0,43000.0,40000_44999,3,married_couple,has_65_plus,17.0,5
donor_h0002495,08900,48,1,1,1.0,6.0,25600.0,25000_29999,1,nonfamily_not_living_alone,has_65_plus,48.0,1
donor_h0002496,08900,49,1,1,1.0,4.0,0.0,lt_10000,1,nonfamily_living_alone,no_65_plus,49.0,1
donor_h0002497,08900,22,2,1,2.0,1.0,26900.0,25000_29999,2,married_couple,has_65_plus,22.0,2
donor_h0002498,08900,2,3,1,4.0,2.0,146000.0,125000_149999,4_plus,other_male_householder,no_65_plus,2.0,3
donor_h0002499,08900,14,1,1,1.0,4.0,10000.0,10000_14999,1,nonfamily_living_alone,no_65_plus,14.0,1
donor_h0002500,08900,15,2,1,3.0,1.0,74620.0,60000_74999,3,married_couple,has_65_plus,15.0,2
donor_h0002501,08900,4,2,1,2.0,1.0,33000.0,30000_34999,2,married_couple,has_65_plus,4.0,2
donor_h0002502,08900,2,1,1,1.0,4.0,62000.0,60000_74999,1,nonfamily_living_alone,has_65_plus,2.0,1
donor_h0002503,08900,14,2,1,2.0,1.0,25100.0,25000_29999,2,married_couple,has_65_plus,14.0,2
donor_h0002504,08900,24,5,1,1.0,3.0,23000.0,20000_24999,1,other_female_householder,no_65_plus,24.0,5
donor_h0002505,08900,8,2,1,3.0,1.0,283001.0,200000_plus,3,married_couple,no_65_plus,8.0,2
donor_h0002506,08900,11,1,1,1.0,6.0,5100.0,lt_10000,1,nonfamily_not_living_alone,has_65_plus,11.0,1
donor_h0002507,08900,10,2,1,4.0,1.0,11800.0,10000_14999,4_plus,married_couple,has_65_plus,10.0,2
donor_h0002508,08900,21,5,1,1.0,1.0,145500.0,125000_149999,1,married_couple,no_65_plus,21.0,5
donor_h0002509,08900,9,1,1,1.0,4.0,15100.0,15000_19999,1,nonfamily_living_alone,has_65_plus,9.0,1
donor_h0002510,08900,17,1,1,1.0,6.0,38800.0,35000_39999,1,nonfamily_not_living_alone,has_65_plus,17.0,1
donor_h0002511,08900,35,2,1,2.0,1.0,118000.0,100000_124999,2,married_couple,no_65_plus,35.0,2
donor_h0002512,08900,57,4,1,2.0,7.0,36000.0,35000_39999,2,nonfamily_not_living_alone,no_65_plus,57.0,4
donor_h0002513,08900,34,2,1,0.0,3.0,0.0,lt_10000,0,other_female_householder,no_65_plus,34.0,2
donor_h0002514,08900,15,2,1,1.0,3.0,51600.0,50000_59999,1,other_female_householder,no_65_plus,15.0,2
donor_h0002515,08900,10,1,1,1.0,6.0,40000.0,40000_44999,1,nonfamily_not_living_alone,no_65_plus,10.0,1
donor_h0002516,08900,10,5,1,1.0,3.0,18600.0,15000_19999,1,other_female_householder,no_65_plus,10.0,5
donor_h0002517,08900,11,2,1,1.0,3.0,32700.0,30000_34999,1,other_female_householder,has_65_plus,11.0,2
donor_h0002518,08900,17,1,1,2.0,6.0,0.0,lt_10000,2,nonfamily_not_living_alone,no_65_plus,17.0,1
donor_h0002519,08900,8,4,1,2.0,1.0,62000.0,60000_74999,2,married_couple,no_65_plus,8.0,4
donor_h0002520,08900,7,1,1,2.0,6.0,18200.0,15000_19999,2,nonfamily_not_living_alone,no_65_plus,7.0,1
donor_h0002521,08900,13,2,1,3.0,1.0,592000.0,200000_plus,3,married_couple,no_65_plus,13.0,2
donor_h0002522,08900,9,1,1,0.0,4.0,23500.0,20000_24999,0,nonfamily_living_alone,has_65_plus,9.0,1
donor_h0002523,08900,14,1,1,1.0,4.0,40000.0,40000_44999,1,nonfamily_living_alone,no_65_plus,14.0,1
donor_h0002524,08900,42,4,1,2.0,1.0,55000.0,50000_59999,2,married_couple,no_65_plus,42.0,4
donor_h0002525,08900,24,3,1,2.0,1.0,27800.0,25000_29999,2,married_couple,has_65_plus,24.0,3
donor_h0002526,08900,11,2,1,4.0,1.0,65000.0,60000_74999,4_plus,married_couple,has_65_plus,11.0,2
donor_h0002527,08900,44,2,1,2.0,7.0,16000.0,15000_19999,2,nonfamily_not_living_alone,no_65_plus,44.0,2
donor_h0002528,08900,17,1,1,1.0,6.0,10800.0,10000_14999,1,nonfamily_not_living_alone,has_65_plus,17.0,1
donor_h0002529,08900,9,1,1,1.0,4.0,12000.0,10000_14999,1,nonfamily_living_alone,has_65_plus,9.0,1
donor_h0002530,08900,15,6,1,2.0,1.0,117700.0,100000_124999,2,married_couple,no_65_plus,15.0,6
donor_h0002531,08900,13,3,1,4.0,5.0,105200.0,100000_124999,4_plus,nonfamily_living_alone,no_65_plus,13.0,3
donor_h0002532,08900,22,3,1,2.0,2.0,13000.0,10000_14999,2,other_male_householder,no_65_plus,22.0,3
donor_h0002533,08900,8,2,1,2.0,1.0,86500.0,75000_99999,2,married_couple,no_65_plus,8.0,2
donor_h0002534,08900,75,1,1,1.0,4.0,10000.0,10000_14999,1,nonfamily_living_alone,no_65_plus,75.0,1
donor_h0002535,08900,18,1,1,1.0,6.0,52900.0,50000_59999,1,nonfamily_not_living_alone,no_65_plus,18.0,1
donor_h0002536,08900,1,2,1,6.0,1.0,91810.0,75000_99999,4_plus,married_couple,no_65_plus,1.0,2
donor_h0002537,08900,15,1,1,1.0,6.0,51020.0,50000_59999,1,nonfamily_not_living_alone,has_65_plus,15.0,1
donor_h0002538,08900,32,2,1,2.0,1.0,46000.0,45000_49999,2,married_couple,no_65_plus,32.0,2
donor_h0002539,08900,26,4,1,3.0,1.0,52000.0,50000_59999,3,married_couple,no_65_plus,26.0,4
donor_h0002540,08900,8,2,1,3.0,5.0,63000.0,60000_74999,3,nonfamily_living_alone,no_65_plus,8.0,2
donor_h0002541,08900,7,3,1,3.0,1.0,60000.0,60000_74999,3,married_couple,no_65_plus,7.0,3
donor_h0002542,08900,14,3,1,3.0,1.0,109200.0,100000_124999,3,married_couple,no_65_plus,14.0,3
donor_h0002543,08900,13,2,1,1.0,3.0,65000.0,60000_74999,1,other_female_householder,no_65_plus,13.0,2
donor_h0002544,08900,14,2,1,1.0,1.0,18000.0,15000_19999,1,married_couple,no_65_plus,14.0,2
donor_h0002545,08900,10,1,1,0.0,6.0,11000.0,10000_14999,0,nonfamily_not_living_alone,has_65_plus,10.0,1
donor_h0002546,08900,15,2,1,2.0,1.0,76000.0,75000_99999,2,married_couple,no_65_plus,15.0,2
donor_h0002547,08900,13,1,1,1.0,6.0,26200.0,25000_29999,1,nonfamily_not_living_alone,has_65_plus,13.0,1
donor_h0002548,08900,13,7,1,3.0,1.0,57000.0,50000_59999,3,married_couple,no_65_plus,13.0,7
donor_h0002549,08900,7,1,1,2.0,4.0,15300.0,15000_19999,2,nonfamily_living_alone,has_65_plus,7.0,1
donor_h0002550,08900,25,4,1,3.0,1.0,99400.0,75000_99999,3,married_couple,no_65_plus,25.0,4
donor_h0002551,08900,13,1,1,1.0,4.0,17000.0,15000_19999,1,nonfamily_living_alone,has_65_plus,13.0,1
donor_h0002552,08900,11,2,1,2.0,1.0,183000.0,150000_199999,2,married_couple,no_65_plus,11.0,2
donor_h0002553,08900,13,4,1,2.0,1.0,27600.0,25000_29999,2,married_couple,no_65_plus,13.0,4
donor_h0002554,08900,13,2,1,2.0,1.0,108000.0,100000_124999,2,married_couple,no_65_plus,13.0,2
donor_h0002555,08900,20,1,1,1.0,4.0,14000.0,10000_14999,1,nonfamily_living_alone,no_65_plus,20.0,1
donor_h0002556,08900,6,1,1,1.0,4.0,10000.0,10000_14999,1,nonfamily_living_alone,no_65_plus,6.0,1
donor_h0002557,08900,5,2,1,3.0,1.0,665100.0,200000_plus,3,married_couple,has_65_plus,5.0,2
donor_h0002558,08900,16,2,1,1.0,1.0,32700.0,30000_34999,1,married_couple,has_65_plus,16.0,2
donor_h0002559,08900,11,3,1,2.0,1.0,20200.0,20000_24999,2,married_couple,no_65_plus,11.0,3
donor_h0002560,08900,15,3,1,2.0,1.0,48400.0,45000_49999,2,married_couple,has_65_plus,15.0,3
donor_h0002561,08900,12,1,1,0.0,4.0,32300.0,30000_34999,0,nonfamily_living_alone,has_65_plus,12.0,1
donor_h0002562,08900,9,6,1,3.0,1.0,100000.0,100000_124999,3,married_couple,no_65_plus,9.0,6
donor_h0002563,08900,7,2,1,1.0,1.0,56400.0,50000_59999,1,married_couple,has_65_plus,7.0,2
donor_h0002564,08900,4,2,1,2.0,1.0,153200.0,150000_199999,2,married_couple,has_65_plus,4.0,2
donor_h0002565,08900,18,1,1,1.0,6.0,43000.0,40000_44999,1,nonfamily_not_living_alone,has_65_plus,18.0,1
donor_h0002566,08900,7,1,1,2.0,4.0,23300.0,20000_24999,2,nonfamily_living_alone,no_65_plus,7.0,1
donor_h0002567,08900,26,1,1,1.0,6.0,105000.0,100000_124999,1,nonfamily_not_living_alone,has_65_plus,26.0,1
donor_h0002568,08900,22,1,1,1.0,4.0,32000.0,30000_34999,1,nonfamily_living_alone,no_65_plus,22.0,1
donor_h0002569,08900,22,2,1,1.0,2.0,72000.0,60000_74999,1,other_male_householder,no_65_plus,22.0,2
donor_h0002570,08900,19,2,1,3.0,1.0,34800.0,30000_34999,3,married_couple,has_65_plus,19.0,2
donor_h0002571,08900,14,4,1,2.0,1.0,82360.0,75000_99999,2,married_couple,no_65_plus,14.0,4
donor_h0002572,08900,23,4,1,4.0,1.0,81500.0,75000_99999,4_plus,married_couple,no_65_plus,23.0,4
donor_h0002573,08900,10,4,1,4.0,1.0,125000.0,125000_149999,4_plus,married_couple,no_65_plus,10.0,4
donor_h0002574,08900,22,1,1,1.0,6.0,28400.0,25000_29999,1,nonfamily_not_living_alone,has_65_plus,22.0,1
donor_h0002575,08900,4,2,1,3.0,1.0,150000.0,150000_199999,3,married_couple,no_65_plus,4.0,2
donor_h0002576,08900,11,3,1,3.0,1.0,82500.0,75000_99999,3,married_couple,no_65_plus,11.0,3
donor_h0002577,08900,14,3,1,1.0,3.0,20000.0,20000_24999,1,other_female_householder,no_65_plus,14.0,3
donor_h0002578,08900,2,4,1,3.0,3.0,23450.0,20000_24999,3,other_female_householder,has_65_plus,2.0,4
donor_h0002579,08900,25,10,1,2.0,1.0,53000.0,50000_59999,2,married_couple,has_65_plus,25.0,10
donor_h0002580,08900,13,1,1,2.0,6.0,14000.0,10000_14999,2,nonfamily_not_living_alone,has_65_plus,13.0,1
donor_h0002581,08900,14,1,1,0.0,4.0,23000.0,20000_24999,0,nonfamily_living_alone,has_65_plus,14.0,1
donor_h0002582,08900,49,2,1,2.0,1.0,30000.0,30000_34999,2,married_couple,no_65_plus,49.0,2
donor_h0002583,08900,12,2,1,3.0,2.0,40500.0,40000_44999,3,other_male_householder,no_65_plus,12.0,2
donor_h0002584,08900,9,1,1,3.0,4.0,59000.0,50000_59999,3,nonfamily_living_alone,no_65_plus,9.0,1
donor_h0002585,08900,31,1,1,0.0,4.0,0.0,lt_10000,0,nonfamily_living_alone,no_65_plus,31.0,1
donor_h0002586,08900,21,2,1,0.0,5.0,10000.0,10000_14999,0,nonfamily_living_alone,no_65_plus,21.0,2
donor_h0002587,08900,12,2,1,1.0,1.0,39000.0,35000_39999,1,married_couple,no_65_plus,12.0,2
donor_h0002588,08900,5,4,1,6.0,1.0,210000.0,200000_plus,4_plus,married_couple,no_65_plus,5.0,4
donor_h0002589,08900,18,6,1,2.0,1.0,91800.0,75000_99999,2,married_couple,no_65_plus,18.0,6
donor_h0002590,08900,33,1,1,1.0,6.0,9000.0,lt_10000,1,nonfamily_not_living_alone,no_65_plus,33.0,1
donor_h0002591,08900,7,4,1,4.0,1.0,177000.0,150000_199999,4_plus,married_couple,no_65_plus,7.0,4
donor_h0002592,08900,8,3,1,3.0,1.0,78300.0,75000_99999,3,married_couple,no_65_plus,8.0,3
donor_h0002593,08900,8,2,1,2.0,1.0,80400.0,75000_99999,2,married_couple,has_65_plus,8.0,2
donor_h0002594,08900,20,2,1,2.0,1.0,0.0,lt_10000,2,married_couple,no_65_plus,20.0,2
donor_h0002595,08900,18,1,1,1.0,6.0,15500.0,15000_19999,1,nonfamily_not_living_alone,has_65_plus,18.0,1
donor_h0002596,08900,20,2,1,3.0,1.0,95000.0,75000_99999,3,married_couple,has_65_plus,20.0,2
donor_h0002597,08900,14,2,1,1.0,3.0,10800.0,10000_14999,1,other_female_householder,no_65_plus,14.0,2
donor_h0002598,08900,26,4,1,2.0,3.0,36800.0,35000_39999,2,other_female_householder,no_65_plus,26.0,4
donor_h0002599,08900,12,2,1,0.0,3.0,17000.0,15000_19999,0,other_female_householder,has_65_plus,12.0,2
donor_h0002600,08900,13,2,1,2.0,1.0,126000.0,125000_149999,2,married_couple,has_65_plus,13.0,2
donor_h0002601,08900,12,1,1,1.0,4.0,10000.0,10000_14999,1,nonfamily_living_alone,has_65_plus,12.0,1
donor_h0002602,08900,12,2,1,3.0,1.0,93000.0,75000_99999,3,married_couple,no_65_plus,12.0,2
donor_h0002603,08900,13,2,1,1.0,5.0,28500.0,25000_29999,1,nonfamily_living_alone,no_65_plus,13.0,2
donor_h0002604,08900,4,2,1,1.0,1.0,168500.0,150000_199999,1,married_couple,has_65_plus,4.0,2
donor_h0002605,08900,13,4,1,2.0,1.0,48000.0,45000_49999,2,married_couple,no_65_plus,13.0,4
donor_h0002606,08900,9,1,1,1.0,6.0,10000.0,10000_14999,1,nonfamily_not_living_alone,has_65_plus,9.0,1
donor_h0002607,08900,4,2,1,3.0,1.0,33804.0,30000_34999,3,married_couple,no_65_plus,4.0,2
donor_h0002608,08900,32,3,1,1.0,3.0,13400.0,10000_14999,1,other_female_householder,no_65_plus,32.0,3
donor_h0002609,08900,7,3,1,3.0,3.0,6500.0,lt_10000,3,other_female_householder,no_65_plus,7.0,3
donor_h0002610,08900,16,1,1,2.0,4.0,29000.0,25000_29999,2,nonfamily_living_alone,has_65_plus,16.0,1
donor_h0002611,08900,15,2,1,2.0,1.0,56350.0,50000_59999,2,married_couple,has_65_plus,15.0,2
donor_h0002612,08900,16,2,1,2.0,1.0,110000.0,100000_124999,2,married_couple,no_65_plus,16.0,2
donor_h0002613,08900,15,1,1,4.0,6.0,32400.0,30000_34999,4_plus,nonfamily_not_living_alone,has_65_plus,15.0,1
donor_h0002614,08900,14,2,1,1.0,3.0,46800.0,45000_49999,1,other_female_householder,has_65_plus,14.0,2
donor_h0002615,08900,29,3,1,1.0,3.0,12000.0,10000_14999,1,other_female_householder,no_65_plus,29.0,3
donor_h0002616,08900,22,3,1,3.0,1.0,118700.0,100000_124999,3,married_couple,no_65_plus,22.0,3
donor_h0002617,08900,8,4,1,5.0,1.0,348000.0,200000_plus,4_plus,married_couple,no_65_plus,8.0,4
donor_h0002618,08900,16,2,1,1.0,1.0,16000.0,15000_19999,1,married_couple,no_65_plus,16.0,2
donor_h0002619,08900,13,2,1,2.0,1.0,65000.0,60000_74999,2,married_couple,no_65_plus,13.0,2
donor_h0002620,08900,31,5,1,2.0,1.0,48000.0,45000_49999,2,married_couple,no_65_plus,31.0,5
donor_h0002621,08900,11,2,1,2.0,2.0,39300.0,35000_39999,2,other_male_householder,no_65_plus,11.0,2
donor_h0002622,08900,16,2,1,2.0,1.0,342000.0,200000_plus,2,married_couple,has_65_plus,16.0,2
donor_h0002623,08900,9,2,1,2.0,1.0,33600.0,30000_34999,2,married_couple,has_65_plus,9.0,2
donor_h0002624,08900,70,1,1,0.0,6.0,6000.0,lt_10000,0,nonfamily_not_living_alone,has_65_plus,70.0,1
donor_h0002625,08900,3,3,1,3.0,1.0,126200.0,125000_149999,3,married_couple,no_65_plus,3.0,3
donor_h0002626,08900,17,2,1,2.0,1.0,86900.0,75000_99999,2,married_couple,has_65_plus,17.0,2
donor_h0002627,08900,13,2,1,2.0,3.0,62530.0,60000_74999,2,other_female_householder,has_65_plus,13.0,2
donor_h0002628,08900,13,3,1,2.0,1.0,122000.0,100000_124999,2,married_couple,no_65_plus,13.0,3
donor_h0002629,08900,4,1,1,1.0,4.0,1600.0,lt_10000,1,nonfamily_living_alone,no_65_plus,4.0,1
donor_h0002630,08900,34,3,1,1.0,1.0,77400.0,75000_99999,1,married_couple,has_65_plus,34.0,3
donor_h0002631,08900,13,2,1,2.0,1.0,127680.0,125000_149999,2,married_couple,has_65_plus,13.0,2
donor_h0002632,08900,14,5,1,2.0,1.0,40800.0,40000_44999,2,married_couple,no_65_plus,14.0,5
donor_h0002633,08900,24,2,1,2.0,5.0,57000.0,50000_59999,2,nonfamily_living_alone,no_65_plus,24.0,2
donor_h0002634,08900,6,5,1,2.0,1.0,39700.0,35000_39999,2,married_couple,no_65_plus,6.0,5
donor_h0002635,08900,24,3,1,3.0,1.0,199000.0,150000_199999,3,married_couple,no_65_plus,24.0,3
donor_h0002636,08900,9,2,1,3.0,1.0,159000.0,150000_199999,3,married_couple,no_65_plus,9.0,2
donor_h0002637,08900,9,1,1,1.0,4.0,20000.0,20000_24999,1,nonfamily_living_alone,no_65_plus,9.0,1
donor_h0002638,08900,16,3,1,1.0,3.0,30000.0,30000_34999,1,other_female_householder,no_65_plus,16.0,3
donor_h0002639,08900,5,3,1,3.0,1.0,40400.0,40000_44999,3,married_couple,no_65_plus,5.0,3
donor_h0002640,08900,43,2,1,1.0,1.0,17100.0,15000_19999,1,married_couple,has_65_plus,43.0,2
donor_h0002641,08900,13,2,1,1.0,1.0,30400.0,30000_34999,1,married_couple,has_65_plus,13.0,2
donor_h0002642,08900,7,3,1,2.0,1.0,108000.0,100000_124999,2,married_couple,has_65_plus,7.0,3
donor_h0002643,08900,17,1,1,1.0,4.0,10700.0,10000_14999,1,nonfamily_living_alone,no_65_plus,17.0,1
donor_h0002644,08900,18,6,1,1.0,1.0,125600.0,125000_149999,1,married_couple,no_65_plus,18.0,6
donor_h0002645,08900,17,2,1,3.0,1.0,209600.0,200000_plus,3,married_couple,has_65_plus,17.0,2
donor_h0002646,08900,21,5,1,2.0,1.0,62000.0,60000_74999,2,married_couple,no_65_plus,21.0,5
donor_h0002647,08900,22,1,1,1.0,6.0,33000.0,30000_34999,1,nonfamily_not_living_alone,has_65_plus,22.0,1
donor_h0002648,08900,14,6,1,0.0,1.0,87000.0,75000_99999,0,married_couple,no_65_plus,14.0,6
donor_h0002649,08900,12,1,1,1.0,6.0,35300.0,35000_39999,1,nonfamily_not_living_alone,has_65_plus,12.0,1
donor_h0002650,08900,14,1,1,2.0,6.0,23000.0,20000_24999,2,nonfamily_not_living_alone,has_65_plus,14.0,1
donor_h0002651,08900,10,1,1,1.0,6.0,2800.0,lt_10000,1,nonfamily_not_living_alone,has_65_plus,10.0,1
donor_h0002652,08900,24,1,1,1.0,6.0,26400.0,25000_29999,1,nonfamily_not_living_alone,has_65_plus,24.0,1
donor_h0002653,08900,20,2,1,2.0,1.0,24700.0,20000_24999,2,married_couple,has_65_plus,20.0,2
donor_h0002654,08900,9,3,1,2.0,1.0,36700.0,35000_39999,2,married_couple,no_65_plus,9.0,3
donor_h0002655,08900,19,1,1,0.0,4.0,10800.0,10000_14999,0,nonfamily_living_alone,no_65_plus,19.0,1
donor_h0002656,08900,7,1,1,2.0,4.0,27500.0,25000_29999,2,nonfamily_living_alone,has_65_plus,7.0,1
donor_h0002657,08900,24,1,1,2.0,6.0,55000.0,50000_59999,2,nonfamily_not_living_alone,no_65_plus,24.0,1
donor_h0002658,08900,9,1,1,1.0,6.0,26000.0,25000_29999,1,nonfamily_not_living_alone,has_65_plus,9.0,1
donor_h0002659,08900,17,4,1,4.0,1.0,57400.0,50000_59999,4_plus,married_couple,no_65_plus,17.0,4
donor_h0002660,08900,14,1,1,1.0,6.0,12000.0,10000_14999,1,nonfamily_not_living_alone,no_65_plus,14.0,1
donor_h0002661,08900,12,1,1,1.0,6.0,47000.0,45000_49999,1,nonfamily_not_living_alone,has_65_plus,12.0,1
donor_h0002662,08900,14,2,1,2.0,1.0,78400.0,75000_99999,2,married_couple,no_65_plus,14.0,2
donor_h0002663,08900,8,2,1,2.0,1.0,27000.0,25000_29999,2,married_couple,has_65_plus,8.0,2
donor_h0002664,08900,13,2,1,2.0,1.0,702200.0,200000_plus,2,married_couple,has_65_plus,13.0,2
donor_h0002665,08900,16,5,1,2.0,1.0,22000.0,20000_24999,2,married_couple,no_65_plus,16.0,5
donor_h0002666,08900,4,2,1,2.0,1.0,60810.0,60000_74999,2,married_couple,has_65_plus,4.0,2
donor_h0002667,08900,7,4,1,3.0,1.0,155000.0,150000_199999,3,married_couple,no_65_plus,7.0,4
donor_h0002668,08900,10,2,1,1.0,1.0,10800.0,10000_14999,1,married_couple,no_65_plus,10.0,2
donor_h0002669,08900,37,3,1,2.0,1.0,57000.0,50000_59999,2,married_couple,has_65_plus,37.0,3
donor_h0002670,08900,12,4,1,0.0,1.0,42300.0,40000_44999,0,married_couple,no_65_plus,12.0,4
donor_h0002671,08900,15,4,1,2.0,2.0,51700.0,50000_59999,2,other_male_householder,has_65_plus,15.0,4
donor_h0002672,08900,34,2,1,2.0,1.0,52000.0,50000_59999,2,married_couple,no_65_plus,34.0,2
donor_h0002673,08900,15,4,1,3.0,2.0,733000.0,200000_plus,3,other_male_householder,no_65_plus,15.0,4
donor_h0002674,08900,7,1,1,1.0,4.0,10600.0,10000_14999,1,nonfamily_living_alone,no_65_plus,7.0,1
donor_h0002675,08900,2,1,1,2.0,6.0,41800.0,40000_44999,2,nonfamily_not_living_alone,has_65_plus,2.0,1
donor_h0002676,08900,5,1,1,0.0,6.0,11000.0,10000_14999,0,nonfamily_not_living_alone,has_65_plus,5.0,1
donor_h0002677,08900,7,1,1,1.0,6.0,48700.0,45000_49999,1,nonfamily_not_living_alone,no_65_plus,7.0,1
donor_h0002678,08900,10,2,1,2.0,2.0,65000.0,60000_74999,2,other_male_householder,no_65_plus,10.0,2
donor_h0002679,08900,11,2,1,3.0,1.0,100000.0,100000_124999,3,married_couple,has_65_plus,11.0,2
donor_h0002680,08900,10,2,1,1.0,1.0,50000.0,50000_59999,1,married_couple,no_65_plus,10.0,2
donor_h0002681,08900,11,1,1,1.0,4.0,24000.0,20000_24999,1,nonfamily_living_alone,no_65_plus,11.0,1
donor_h0002682,08900,13,2,1,0.0,3.0,10300.0,10000_14999,0,other_female_householder,no_65_plus,13.0,2
donor_h0002683,08900,12,4,1,2.0,3.0,88300.0,75000_99999,2,other_female_householder,no_65_plus,12.0,4
donor_h0002684,08900,2,1,1,2.0,4.0,7110.0,lt_10000,2,nonfamily_living_alone,has_65_plus,2.0,1
donor_h0002685,08900,17,2,1,2.0,5.0,35800.0,35000_39999,2,nonfamily_living_alone,no_65_plus,17.0,2
donor_h0002686,08900,34,4,1,3.0,1.0,17000.0,15000_19999,3,married_couple,has_65_plus,34.0,4
donor_h0002687,08900,4,4,1,3.0,7.0,174000.0,150000_199999,3,nonfamily_not_living_alone,no_65_plus,4.0,4
donor_h0002688,08900,71,2,1,2.0,1.0,64000.0,60000_74999,2,married_couple,no_65_plus,71.0,2
donor_h0002689,08900,2,2,1,2.0,1.0,142500.0,125000_149999,2,married_couple,has_65_plus,2.0,2
donor_h0002690,08900,6,2,1,3.0,1.0,87020.0,75000_99999,3,married_couple,has_65_plus,6.0,2
donor_h0002691,08900,36,3,1,3.0,3.0,52000.0,50000_59999,3,other_female_householder,no_65_plus,36.0,3
donor_h0002692,08900,27,2,1,2.0,7.0,50300.0,50000_59999,2,nonfamily_not_living_alone,no_65_plus,27.0,2
donor_h0002693,08900,19,1,1,1.0,6.0,9600.0,lt_10000,1,nonfamily_not_living_alone,has_65_plus,19.0,1
donor_h0002694,08900,4,1,1,3.0,4.0,23900.0,20000_24999,3,nonfamily_living_alone,has_65_plus,4.0,1
donor_h0002695,08900,15,1,1,2.0,4.0,45000.0,45000_49999,2,nonfamily_living_alone,no_65_plus,15.0,1
donor_h0002696,08900,29,3,1,2.0,5.0,64000.0,60000_74999,2,nonfamily_living_alone,has_65_plus,29.0,3
donor_h0002697,08900,18,6,1,2.0,1.0,112000.0,100000_124999,2,married_couple,no_65_plus,18.0,6
donor_h0002698,08900,16,1,1,1.0,6.0,34400.0,30000_34999,1,nonfamily_not_living_alone,has_65_plus,16.0,1
donor_h0002699,08900,14,1,1,2.0,4.0,55000.0,50000_59999,2,nonfamily_living_alone,no_65_plus,14.0,1
donor_h0002700,08900,14,4,1,3.0,1.0,138000.0,125000_149999,3,married_couple,no_65_plus,14.0,4
donor_h0002701,08900,9,2,1,4.0,5.0,57200.0,50000_59999,4_plus,nonfamily_living_alone,has_65_plus,9.0,2
donor_h0002702,08900,14,1,1,0.0,6.0,17500.0,15000_19999,0,nonfamily_not_living_alone,no_65_plus,14.0,1
donor_h0002703,08900,3,4,1,3.0,1.0,135000.0,125000_149999,3,married_couple,has_65_plus,3.0,4
donor_h0002704,08900,10,2,1,4.0,1.0,56400.0,50000_59999,4_plus,married_couple,has_65_plus,10.0,2
donor_h0002705,08900,6,2,1,3.0,1.0,501400.0,200000_plus,3,married_couple,has_65_plus,6.0,2
donor_h0002706,08900,11,2,1,2.0,1.0,9050.0,lt_10000,2,married_couple,has_65_plus,11.0,2
donor_h0002707,08900,8,2,1,3.0,1.0,72400.0,60000_74999,3,married_couple,no_65_plus,8.0,2
donor_h0002708,08900,14,4,1,6.0,1.0,98000.0,75000_99999,4_plus,married_couple,no_65_plus,14.0,4
donor_h0002709,08900,3,1,1,1.0,6.0,47800.0,45000_49999,1,nonfamily_not_living_alone,has_65_plus,3.0,1
donor_h0002710,08900,25,2,1,2.0,7.0,15500.0,15000_19999,2,nonfamily_not_living_alone,no_65_plus,25.0,2
donor_h0002711,08900,42,3,1,3.0,1.0,137000.0,125000_149999,3,married_couple,no_65_plus,42.0,3
donor_h0002712,08900,12,3,1,2.0,1.0,90000.0,75000_99999,2,married_couple,no_65_plus,12.0,3
donor_h0002713,08900,46,4,1,3.0,1.0,198000.0,150000_199999,3,married_couple,no_65_plus,46.0,4
donor_h0002714,08900,20,4,1,2.0,3.0,48000.0,45000_49999,2,other_female_householder,no_65_plus,20.0,4
donor_h0002715,08900,81,4,1,2.0,3.0,50000.0,50000_59999,2,other_female_householder,no_65_plus,81.0,4
donor_h0002716,08900,2,1,1,2.0,4.0,62400.0,60000_74999,2,nonfamily_living_alone,no_65_plus,2.0,1
donor_h0002717,08900,8,4,1,2.0,1.0,189000.0,150000_199999,2,married_couple,no_65_plus,8.0,4
donor_h0002718,08900,24,3,1,4.0,2.0,43650.0,40000_44999,4_plus,other_male_householder,no_65_plus,24.0,3
donor_h0002719,08900,12,2,1,3.0,1.0,33400.0,30000_34999,3,married_couple,has_65_plus,12.0,2
donor_h0002720,08900,38,2,1,2.0,1.0,92500.0,75000_99999,2,married_couple,has_65_plus,38.0,2
donor_h0002721,08900,68,1,1,1.0,4.0,15000.0,15000_19999,1,nonfamily_living_alone,no_65_plus,68.0,1
donor_h0002722,08900,3,2,1,2.0,1.0,61850.0,60000_74999,2,married_couple,has_65_plus,3.0,2
donor_h0002723,08900,22,1,1,1.0,4.0,14400.0,10000_14999,1,nonfamily_living_alone,has_65_plus,22.0,1
donor_h0002724,08900,5,1,1,1.0,4.0,61500.0,60000_74999,1,nonfamily_living_alone,no_65_plus,5.0,1
donor_h0002725,08900,24,1,1,1.0,6.0,22800.0,20000_24999,1,nonfamily_not_living_alone,has_65_plus,24.0,1
donor_h0002726,08900,11,1,1,0.0,6.0,23000.0,20000_24999,0,nonfamily_not_living_alone,no_65_plus,11.0,1
donor_h0002727,08900,20,1,1,1.0,6.0,65000.0,60000_74999,1,nonfamily_not_living_alone,no_65_plus,20.0,1
donor_h0002728,08900,40,1,1,1.0,6.0,10800.0,10000_14999,1,nonfamily_not_living_alone,no_65_plus,40.0,1
donor_h0002729,08900,14,1,1,1.0,6.0,14700.0,10000_14999,1,nonfamily_not_living_alone,has_65_plus,14.0,1
donor_h0002730,08900,15,4,1,2.0,1.0,56000.0,50000_59999,2,married_couple,no_65_plus,15.0,4
donor_h0002731,08900,13,3,1,3.0,1.0,86000.0,75000_99999,3,married_couple,no_65_plus,13.0,3
donor_h0002732,08900,6,1,1,4.0,4.0,0.0,lt_10000,4_plus,nonfamily_living_alone,no_65_plus,6.0,1
donor_h0002733,08900,11,1,1,1.0,6.0,25000.0,25000_29999,1,nonfamily_not_living_alone,has_65_plus,11.0,1
donor_h0002734,08900,18,1,1,0.0,6.0,10800.0,10000_14999,0,nonfamily_not_living_alone,no_65_plus,18.0,1
donor_h0002735,08900,8,2,1,4.0,1.0,155000.0,150000_199999,4_plus,married_couple,no_65_plus,8.0,2
donor_h0002736,08900,12,4,1,3.0,1.0,185500.0,150000_199999,3,married_couple,no_65_plus,12.0,4
donor_h0002737,08900,25,4,1,2.0,3.0,31000.0,30000_34999,2,other_female_householder,no_65_plus,25.0,4
donor_h0002738,08900,17,2,1,1.0,2.0,55000.0,50000_59999,1,other_male_householder,no_65_plus,17.0,2
donor_h0002739,08900,3,1,1,2.0,4.0,1400.0,lt_10000,2,nonfamily_living_alone,no_65_plus,3.0,1
donor_h0002740,08900,25,2,1,2.0,3.0,7850.0,lt_10000,2,other_female_householder,no_65_plus,25.0,2
donor_h0002741,08900,87,3,1,1.0,3.0,38400.0,35000_39999,1,other_female_householder,no_65_plus,87.0,3
donor_h0002742,08900,19,1,1,1.0,6.0,20700.0,20000_24999,1,nonfamily_not_living_alone,has_65_plus,19.0,1
donor_h0002743,08900,16,2,1,4.0,1.0,135000.0,125000_149999,4_plus,married_couple,has_65_plus,16.0,2
donor_h0002744,08900,10,2,1,5.0,1.0,47000.0,45000_49999,4_plus,married_couple,no_65_plus,10.0,2
donor_h0002745,08900,15,3,1,2.0,1.0,2480.0,lt_10000,2,married_couple,no_65_plus,15.0,3
donor_h0002746,08900,11,1,1,1.0,4.0,34000.0,30000_34999,1,nonfamily_living_alone,no_65_plus,11.0,1
donor_h0002747,08900,66,3,1,2.0,2.0,60000.0,60000_74999,2,other_male_householder,no_65_plus,66.0,3
donor_h0002748,08900,6,2,1,3.0,1.0,130000.0,125000_149999,3,married_couple,has_65_plus,6.0,2
donor_h0002749,08900,15,1,1,0.0,6.0,12000.0,10000_14999,0,nonfamily_not_living_alone,no_65_plus,15.0,1
donor_h0002750,08900,75,7,1,1.0,1.0,36700.0,35000_39999,1,married_couple,has_65_plus,75.0,7
donor_h0002751,08900,17,1,1,0.0,6.0,20500.0,20000_24999,0,nonfamily_not_living_alone,has_65_plus,17.0,1
donor_h0002752,08900,14,1,1,1.0,6.0,59300.0,50000_59999,1,nonfamily_not_living_alone,has_65_plus,14.0,1
donor_h0002753,08900,19,5,1,1.0,1.0,11370.0,10000_14999,1,married_couple,no_65_plus,19.0,5
donor_h0002754,08900,11,2,1,3.0,1.0,52300.0,50000_59999,3,married_couple,has_65_plus,11.0,2
donor_h0002755,08900,11,2,1,2.0,7.0,54500.0,50000_59999,2,nonfamily_not_living_alone,has_65_plus,11.0,2
donor_h0002756,08900,4,1,1,2.0,6.0,66800.0,60000_74999,2,nonfamily_not_living_alone,no_65_plus,4.0,1
donor_h0002757,08900,10,2,1,4.0,1.0,108500.0,100000_124999,4_plus,married_couple,has_65_plus,10.0,2
donor_h0002758,08900,5,4,1,2.0,1.0,236000.0,200000_plus,2,married_couple,no_65_plus,5.0,4
donor_h0002759,08900,16,2,1,4.0,1.0,102500.0,100000_124999,4_plus,married_couple,no_65_plus,16.0,2
donor_h0002760,08900,14,1,1,2.0,4.0,12900.0,10000_14999,2,nonfamily_living_alone,has_65_plus,14.0,1
donor_h0002761,08900,7,2,1,3.0,1.0,115300.0,100000_124999,3,married_couple,has_65_plus,7.0,2
donor_h0002762,08900,13,2,1,2.0,1.0,34500.0,30000_34999,2,married_couple,has_65_plus,13.0,2
donor_h0002763,08900,19,2,1,2.0,1.0,215030.0,200000_plus,2,married_couple,has_65_plus,19.0,2
donor_h0002764,08900,10,6,1,2.0,1.0,55200.0,50000_59999,2,married_couple,no_65_plus,10.0,6
donor_h0002765,08900,6,2,1,2.0,3.0,94500.0,75000_99999,2,other_female_householder,no_65_plus,6.0,2
donor_h0002766,08900,16,1,1,1.0,6.0,50000.0,50000_59999,1,nonfamily_not_living_alone,no_65_plus,16.0,1
donor_h0002767,08900,14,2,1,1.0,3.0,50470.0,50000_59999,1,other_female_householder,no_65_plus,14.0,2
donor_h0002768,08900,15,4,1,1.0,7.0,65110.0,60000_74999,1,nonfamily_not_living_alone,no_65_plus,15.0,4
donor_h0002769,08900,3,4,1,3.0,1.0,213000.0,200000_plus,3,married_couple,no_65_plus,3.0,4
donor_h0002770,08900,4,3,1,0.0,3.0,6500.0,lt_10000,0,other_female_householder,no_65_plus,4.0,3
donor_h0002771,08900,4,2,1,2.0,1.0,8000.0,lt_10000,2,married_couple,has_65_plus,4.0,2
donor_h0002772,08900,14,1,1,2.0,4.0,19540.0,15000_19999,2,nonfamily_living_alone,has_65_plus,14.0,1
donor_h0002773,08900,23,2,1,3.0,7.0,37000.0,35000_39999,3,nonfamily_not_living_alone,no_65_plus,23.0,2
donor_h0002774,08900,16,2,1,3.0,1.0,68700.0,60000_74999,3,married_couple,no_65_plus,16.0,2
donor_h0002775,08900,5,1,1,1.0,6.0,3800.0,lt_10000,1,nonfamily_not_living_alone,no_65_plus,5.0,1
donor_h0002776,08900,20,3,1,2.0,1.0,28000.0,25000_29999,2,married_couple,no_65_plus,20.0,3
donor_h0002777,08900,17,1,1,1.0,6.0,84200.0,75000_99999,1,nonfamily_not_living_alone,has_65_plus,17.0,1
donor_h0002778,08900,15,4,1,4.0,1.0,207000.0,200000_plus,4_plus,married_couple,no_65_plus,15.0,4
donor_h0002779,08900,6,2,1,3.0,1.0,120300.0,100000_124999,3,married_couple,no_65_plus,6.0,2
donor_h0002780,08900,14,1,1,1.0,6.0,95000.0,75000_99999,1,nonfamily_not_living_alone,no_65_plus,14.0,1
donor_h0002781,08900,19,9,1,3.0,1.0,65000.0,60000_74999,3,married_couple,no_65_plus,19.0,9
donor_h0002782,08900,1,3,1,4.0,1.0,192400.0,150000_199999,4_plus,married_couple,no_65_plus,1.0,3
donor_h0002783,08900,50,3,1,1.0,2.0,38000.0,35000_39999,1,other_male_householder,no_65_plus,50.0,3
donor_h0002784,08900,7,3,1,4.0,1.0,120000.0,100000_124999,4_plus,married_couple,no_65_plus,7.0,3
donor_h0002785,08900,10,1,1,1.0,6.0,80000.0,75000_99999,1,nonfamily_not_living_alone,no_65_plus,10.0,1
donor_h0002786,08900,13,1,1,1.0,4.0,21600.0,20000_24999,1,nonfamily_living_alone,no_65_plus,13.0,1
donor_h0002787,08900,31,1,1,1.0,6.0,9900.0,lt_10000,1,nonfamily_not_living_alone,no_65_plus,31.0,1
donor_h0002788,08900,13,1,1,1.0,6.0,75000.0,75000_99999,1,nonfamily_not_living_alone,no_65_plus,13.0,1
donor_h0002789,08900,13,1,1,1.0,4.0,400.0,lt_10000,1,nonfamily_living_alone,no_65_plus,13.0,1
donor_h0002790,08900,3,3,1,2.0,3.0,36600.0,35000_39999,2,other_female_householder,no_65_plus,3.0,3
donor_h0002791,08900,13,1,1,2.0,4.0,3000.0,lt_10000,2,nonfamily_living_alone,no_65_plus,13.0,1
donor_h0002792,08900,17,2,1,2.0,1.0,164400.0,150000_199999,2,married_couple,has_65_plus,17.0,2
donor_h0002793,08900,4,2,1,2.0,1.0,372700.0,200000_plus,2,married_couple,has_65_plus,4.0,2
donor_h0002794,08900,4,2,1,2.0,1.0,27600.0,25000_29999,2,married_couple,has_65_plus,4.0,2
donor_h0002795,08900,11,2,1,2.0,1.0,177200.0,150000_199999,2,married_couple,has_65_plus,11.0,2
donor_h0002796,08900,24,2,1,5.0,1.0,370000.0,200000_plus,4_plus,married_couple,no_65_plus,24.0,2
donor_h0002797,08900,17,5,1,2.0,2.0,87000.0,75000_99999,2,other_male_householder,no_65_plus,17.0,5
donor_h0002798,08900,9,2,1,2.0,1.0,130500.0,125000_149999,2,married_couple,no_65_plus,9.0,2
donor_h0002799,08900,8,2,1,2.0,1.0,205000.0,200000_plus,2,married_couple,no_65_plus,8.0,2
donor_h0002800,08900,8,2,1,1.0,5.0,60000.0,60000_74999,1,nonfamily_living_alone,no_65_plus,8.0,2
donor_h0002801,08900,43,1,1,0.0,4.0,35000.0,35000_39999,0,nonfamily_living_alone,no_65_plus,43.0,1
donor_h0002802,08900,14,4,1,1.0,3.0,6000.0,lt_10000,1,other_female_householder,no_65_plus,14.0,4
donor_h0002803,08900,61,2,1,1.0,3.0,369000.0,200000_plus,1,other_female_householder,has_65_plus,61.0,2
donor_h0002804,08900,9,2,1,0.0,3.0,920.0,lt_10000,0,other_female_householder,no_65_plus,9.0,2
donor_h0002805,08900,12,2,1,2.0,1.0,15260.0,15000_19999,2,married_couple,has_65_plus,12.0,2
donor_h0002806,08900,18,2,1,2.0,7.0,76700.0,75000_99999,2,nonfamily_not_living_alone,no_65_plus,18.0,2
donor_h0002807,08900,7,2,1,2.0,1.0,127200.0,125000_149999,2,married_couple,has_65_plus,7.0,2
donor_h0002808,08900,7,1,1,1.0,6.0,17200.0,15000_19999,1,nonfamily_not_living_alone,has_65_plus,7.0,1
donor_h0002809,08900,23,2,1,1.0,1.0,26500.0,25000_29999,1,married_couple,no_65_plus,23.0,2
donor_h0002810,08900,12,2,1,2.0,5.0,100100.0,100000_124999,2,nonfamily_living_alone,has_65_plus,12.0,2
donor_h0002811,08900,4,5,1,5.0,1.0,112500.0,100000_124999,4_plus,married_couple,no_65_plus,4.0,5
donor_h0002812,08900,9,2,1,0.0,3.0,71950.0,60000_74999,0,other_female_householder,has_65_plus,9.0,2
donor_h0002813,08900,14,1,1,1.0,6.0,91700.0,75000_99999,1,nonfamily_not_living_alone,no_65_plus,14.0,1
donor_h0002814,08900,56,5,1,2.0,3.0,80000.0,75000_99999,2,other_female_householder,no_65_plus,56.0,5
donor_h0002815,08900,20,2,1,3.0,1.0,95000.0,75000_99999,3,married_couple,has_65_plus,20.0,2
donor_h0002816,08900,45,2,1,3.0,1.0,63000.0,60000_74999,3,married_couple,no_65_plus,45.0,2
donor_h0002817,08900,12,1,1,1.0,6.0,31900.0,30000_34999,1,nonfamily_not_living_alone,has_65_plus,12.0,1
donor_h0002818,08900,17,1,1,2.0,4.0,80000.0,75000_99999,2,nonfamily_living_alone,no_65_plus,17.0,1
donor_h0002819,08900,4,3,1,3.0,1.0,43000.0,40000_44999,3,married_couple,has_65_plus,4.0,3
donor_h0002820,08900,13,3,1,2.0,1.0,75000.0,75000_99999,2,married_couple,no_65_plus,13.0,3
donor_h0002821,08900,6,2,1,2.0,1.0,43200.0,40000_44999,2,married_couple,no_65_plus,6.0,2
donor_h0002822,08900,13,2,1,2.0,1.0,65200.0,60000_74999,2,married_couple,has_65_plus,13.0,2
donor_h0002823,08900,15,2,1,2.0,1.0,150000.0,150000_199999,2,married_couple,has_65_plus,15.0,2
donor_h0002824,08900,11,1,1,1.0,4.0,1600.0,lt_10000,1,nonfamily_living_alone,has_65_plus,11.0,1
donor_h0002825,08900,15,2,1,2.0,1.0,77000.0,75000_99999,2,married_couple,no_65_plus,15.0,2
donor_h0002826,08900,17,3,1,2.0,2.0,150000.0,150000_199999,2,other_male_householder,no_65_plus,17.0,3
donor_h0002827,08900,13,3,1,2.0,7.0,29800.0,25000_29999,2,nonfamily_not_living_alone,no_65_plus,13.0,3
donor_h0002828,08900,13,3,1,3.0,1.0,141500.0,125000_149999,3,married_couple,no_65_plus,13.0,3
donor_h0002829,08900,26,2,1,0.0,3.0,21400.0,20000_24999,0,other_female_householder,no_65_plus,26.0,2
donor_h0002830,08900,16,2,1,1.0,7.0,37700.0,35000_39999,1,nonfamily_not_living_alone,has_65_plus,16.0,2
donor_h0002831,08900,8,2,1,1.0,1.0,63220.0,60000_74999,1,married_couple,has_65_plus,8.0,2
donor_h0002832,08900,8,4,1,2.0,1.0,82000.0,75000_99999,2,married_couple,no_65_plus,8.0,4
donor_h0002833,08900,17,4,1,3.0,5.0,0.0,lt_10000,3,nonfamily_living_alone,no_65_plus,17.0,4
donor_h0002834,08900,4,1,1,2.0,6.0,72000.0,60000_74999,2,nonfamily_not_living_alone,no_65_plus,4.0,1
donor_h0002835,08900,16,1,1,1.0,6.0,18000.0,15000_19999,1,nonfamily_not_living_alone,has_65_plus,16.0,1
donor_h0002836,08900,2,1,1,1.0,6.0,11200.0,10000_14999,1,nonfamily_not_living_alone,no_65_plus,2.0,1
donor_h0002837,08900,7,2,1,4.0,1.0,72550.0,60000_74999,4_plus,married_couple,has_65_plus,7.0,2
donor_h0002838,08900,24,1,1,2.0,4.0,160000.0,150000_199999,2,nonfamily_living_alone,no_65_plus,24.0,1
donor_h0002839,08900,8,1,1,1.0,6.0,35800.0,35000_39999,1,nonfamily_not_living_alone,no_65_plus,8.0,1
donor_h0002840,08900,25,2,1,3.0,1.0,393300.0,200000_plus,3,married_couple,has_65_plus,25.0,2
donor_h0002841,08900,15,2,1,1.0,1.0,55600.0,50000_59999,1,married_couple,has_65_plus,15.0,2
donor_h0002842,08900,24,1,1,1.0,6.0,25000.0,25000_29999,1,nonfamily_not_living_alone,has_65_plus,24.0,1
donor_h0002843,08900,18,2,1,3.0,1.0,199800.0,150000_199999,3,married_couple,has_65_plus,18.0,2
donor_h0002844,08900,8,2,1,2.0,1.0,97800.0,75000_99999,2,married_couple,has_65_plus,8.0,2
donor_h0002845,08900,7,1,1,0.0,4.0,9000.0,lt_10000,0,nonfamily_living_alone,no_65_plus,7.0,1
donor_h0002846,08900,15,4,1,2.0,1.0,101400.0,100000_124999,2,married_couple,no_65_plus,15.0,4
donor_h0002847,08900,17,3,1,3.0,1.0,62000.0,60000_74999,3,married_couple,no_65_plus,17.0,3
donor_h0002848,08900,9,2,1,3.0,1.0,83900.0,75000_99999,3,married_couple,has_65_plus,9.0,2
donor_h0002849,08900,12,2,1,2.0,1.0,75800.0,75000_99999,2,married_couple,has_65_plus,12.0,2
donor_h0002850,08900,41,1,1,0.0,4.0,11200.0,10000_14999,0,nonfamily_living_alone,no_65_plus,41.0,1
donor_h0002851,08900,5,4,1,4.0,1.0,53100.0,50000_59999,4_plus,married_couple,has_65_plus,5.0,4
donor_h0002852,08900,9,1,1,1.0,6.0,60500.0,60000_74999,1,nonfamily_not_living_alone,has_65_plus,9.0,1
donor_h0002853,08900,14,1,1,0.0,6.0,48000.0,45000_49999,0,nonfamily_not_living_alone,no_65_plus,14.0,1
donor_h0002854,08900,31,4,1,2.0,1.0,113400.0,100000_124999,2,married_couple,has_65_plus,31.0,4
donor_h0002855,08900,109,5,1,2.0,1.0,80000.0,75000_99999,2,married_couple,no_65_plus,109.0,5
donor_h0002856,08900,20,2,1,2.0,1.0,75200.0,75000_99999,2,married_couple,has_65_plus,20.0,2
donor_h0002857,08900,31,1,1,1.0,6.0,49400.0,45000_49999,1,nonfamily_not_living_alone,no_65_plus,31.0,1
donor_h0002858,08900,6,2,1,3.0,5.0,64200.0,60000_74999,3,nonfamily_living_alone,has_65_plus,6.0,2
donor_h0002859,08900,4,2,1,2.0,1.0,360000.0,200000_plus,2,married_couple,has_65_plus,4.0,2
donor_h0002860,08900,15,1,1,1.0,6.0,79000.0,75000_99999,1,nonfamily_not_living_alone,no_65_plus,15.0,1
donor_h0002861,08900,18,2,1,2.0,1.0,130300.0,125000_149999,2,married_couple,has_65_plus,18.0,2
donor_h0002862,08900,16,1,1,1.0,6.0,89100.0,75000_99999,1,nonfamily_not_living_alone,no_65_plus,16.0,1
donor_h0002863,08900,12,2,1,2.0,7.0,76000.0,75000_99999,2,nonfamily_not_living_alone,no_65_plus,12.0,2
donor_h0002864,08900,30,1,1,0.0,6.0,9500.0,lt_10000,0,nonfamily_not_living_alone,has_65_plus,30.0,1
donor_h0002865,08900,21,2,1,2.0,1.0,60000.0,60000_74999,2,married_couple,no_65_plus,21.0,2
donor_h0002866,08900,15,1,1,1.0,6.0,18800.0,15000_19999,1,nonfamily_not_living_alone,has_65_plus,15.0,1
donor_h0002867,08900,11,1,1,5.0,4.0,30000.0,30000_34999,4_plus,nonfamily_living_alone,has_65_plus,11.0,1
donor_h0002868,08900,2,1,1,2.0,4.0,70000.0,60000_74999,2,nonfamily_living_alone,no_65_plus,2.0,1
donor_h0002869,08900,6,2,1,2.0,1.0,171000.0,150000_199999,2,married_couple,no_65_plus,6.0,2
donor_h0002870,08900,16,1,1,1.0,4.0,35000.0,35000_39999,1,nonfamily_living_alone,no_65_plus,16.0,1
donor_h0002871,08900,13,1,1,1.0,4.0,56000.0,50000_59999,1,nonfamily_living_alone,no_65_plus,13.0,1
donor_h0002872,08900,8,2,1,2.0,1.0,53000.0,50000_59999,2,married_couple,has_65_plus,8.0,2
donor_h0002873,08900,16,4,1,3.0,1.0,82800.0,75000_99999,3,married_couple,no_65_plus,16.0,4
donor_h0002874,08900,15,1,1,1.0,6.0,26100.0,25000_29999,1,nonfamily_not_living_alone,has_65_plus,15.0,1
donor_h0002875,08900,45,3,1,3.0,1.0,101600.0,100000_124999,3,married_couple,has_65_plus,45.0,3
donor_h0002876,08900,9,2,1,2.0,1.0,82400.0,75000_99999,2,married_couple,has_65_plus,9.0,2
donor_h0002877,08900,6,2,1,3.0,7.0,102000.0,100000_124999,3,nonfamily_not_living_alone,has_65_plus,6.0,2
donor_h0002878,08900,15,4,1,3.0,1.0,163240.0,150000_199999,3,married_couple,no_65_plus,15.0,4
donor_h0002879,08900,12,2,1,1.0,1.0,68300.0,60000_74999,1,married_couple,has_65_plus,12.0,2
donor_h0002880,08900,4,2,1,2.0,1.0,123000.0,100000_124999,2,married_couple,has_65_plus,4.0,2
donor_h0002881,08900,10,2,1,3.0,5.0,60300.0,60000_74999,3,nonfamily_living_alone,has_65_plus,10.0,2
donor_h0002882,08900,16,5,1,4.0,3.0,69000.0,60000_74999,4_plus,other_female_householder,no_65_plus,16.0,5
donor_h0002883,08900,7,1,1,1.0,4.0,31000.0,30000_34999,1,nonfamily_living_alone,has_65_plus,7.0,1
donor_h0002884,08900,40,4,1,2.0,1.0,96000.0,75000_99999,2,married_couple,no_65_plus,40.0,4
donor_h0002885,08900,17,2,1,3.0,1.0,30600.0,30000_34999,3,married_couple,has_65_plus,17.0,2
donor_h0002886,08900,30,2,1,3.0,1.0,433840.0,200000_plus,3,married_couple,has_65_plus,30.0,2
donor_h0002887,08900,17,1,1,4.0,4.0,39700.0,35000_39999,4_plus,nonfamily_living_alone,no_65_plus,17.0,1
donor_h0002888,08900,4,2,1,2.0,1.0,30300.0,30000_34999,2,married_couple,has_65_plus,4.0,2
donor_h0002889,08900,16,2,1,1.0,5.0,84000.0,75000_99999,1,nonfamily_living_alone,no_65_plus,16.0,2
donor_h0002890,08900,20,2,1,1.0,1.0,57100.0,50000_59999,1,married_couple,has_65_plus,20.0,2
donor_h0002891,08900,7,2,1,5.0,2.0,62300.0,60000_74999,4_plus,other_male_householder,no_65_plus,7.0,2
donor_h0002892,08900,13,2,1,3.0,1.0,47600.0,45000_49999,3,married_couple,no_65_plus,13.0,2
donor_h0002893,08900,16,2,1,1.0,3.0,21700.0,20000_24999,1,other_female_householder,has_65_plus,16.0,2
donor_h0002894,08900,11,2,1,1.0,1.0,8000.0,lt_10000,1,married_couple,no_65_plus,11.0,2
donor_h0002895,08900,12,1,1,2.0,4.0,250000.0,200000_plus,2,nonfamily_living_alone,no_65_plus,12.0,1
donor_h0002896,08900,102,1,1,0.0,4.0,10000.0,10000_14999,0,nonfamily_living_alone,no_65_plus,102.0,1
donor_h0002897,08900,6,2,1,2.0,1.0,86400.0,75000_99999,2,married_couple,no_65_plus,6.0,2
donor_h0002898,08900,6,5,1,4.0,1.0,116000.0,100000_124999,4_plus,married_couple,no_65_plus,6.0,5
donor_h0002899,08900,3,1,1,2.0,4.0,38300.0,35000_39999,2,nonfamily_living_alone,has_65_plus,3.0,1
donor_h0002900,08900,10,2,1,1.0,1.0,357300.0,200000_plus,1,married_couple,has_65_plus,10.0,2
donor_h0002901,08900,8,3,1,4.0,1.0,65650.0,60000_74999,4_plus,married_couple,has_65_plus,8.0,3
donor_h0002902,08900,8,1,1,2.0,6.0,157700.0,150000_199999,2,nonfamily_not_living_alone,has_65_plus,8.0,1
donor_h0002903,08900,16,2,1,2.0,2.0,46600.0,45000_49999,2,other_male_householder,has_65_plus,16.0,2
donor_h0002904,08900,7,5,1,3.0,1.0,88200.0,75000_99999,3,married_couple,no_65_plus,7.0,5
donor_h0002905,08900,23,2,1,2.0,1.0,61000.0,60000_74999,2,married_couple,no_65_plus,23.0,2
donor_h0002906,08900,8,2,1,3.0,1.0,144000.0,125000_149999,3,married_couple,has_65_plus,8.0,2
donor_h0002907,08900,33,5,1,1.0,3.0,19900.0,15000_19999,1,other_female_householder,no_65_plus,33.0,5
donor_h0002908,08900,20,1,1,1.0,4.0,29300.0,25000_29999,1,nonfamily_living_alone,has_65_plus,20.0,1
donor_h0002909,08900,24,5,1,5.0,3.0,167000.0,150000_199999,4_plus,other_female_householder,no_65_plus,24.0,5
donor_h0002910,08900,4,2,1,3.0,3.0,41780.0,40000_44999,3,other_female_householder,has_65_plus,4.0,2
donor_h0002911,08900,24,5,1,3.0,1.0,362300.0,200000_plus,3,married_couple,no_65_plus,24.0,5
donor_h0002912,08900,18,4,1,3.0,2.0,46800.0,45000_49999,3,other_male_householder,has_65_plus,18.0,4
donor_h0002913,08900,9,1,1,2.0,4.0,59000.0,50000_59999,2,nonfamily_living_alone,has_65_plus,9.0,1
donor_h0002914,08900,14,2,1,3.0,1.0,68000.0,60000_74999,3,married_couple,no_65_plus,14.0,2
donor_h0002915,08900,8,1,1,1.0,4.0,53000.0,50000_59999,1,nonfamily_living_alone,has_65_plus,8.0,1
donor_h0002916,08900,15,2,1,2.0,1.0,110000.0,100000_124999,2,married_couple,no_65_plus,15.0,2
donor_h0002917,08900,9,2,1,2.0,1.0,85300.0,75000_99999,2,married_couple,has_65_plus,9.0,2
donor_h0002918,08900,14,1,1,1.0,6.0,49000.0,45000_49999,1,nonfamily_not_living_alone,has_65_plus,14.0,1
donor_h0002919,08900,13,2,1,2.0,3.0,78000.0,75000_99999,2,other_female_householder,no_65_plus,13.0,2
donor_h0002920,08900,13,1,1,1.0,4.0,146000.0,125000_149999,1,nonfamily_living_alone,has_65_plus,13.0,1
donor_h0002921,08900,9,2,1,4.0,1.0,45600.0,45000_49999,4_plus,married_couple,has_65_plus,9.0,2
donor_h0002922,08900,12,3,1,2.0,1.0,73500.0,60000_74999,2,married_couple,has_65_plus,12.0,3
donor_h0002923,08900,5,2,1,1.0,1.0,25000.0,25000_29999,1,married_couple,has_65_plus,5.0,2
donor_h0002924,08900,24,1,1,2.0,6.0,33000.0,30000_34999,2,nonfamily_not_living_alone,no_65_plus,24.0,1
donor_h0002925,08900,3,2,1,2.0,3.0,36000.0,35000_39999,2,other_female_householder,has_65_plus,3.0,2
donor_h0002926,08900,6,2,1,1.0,1.0,23700.0,20000_24999,1,married_couple,no_65_plus,6.0,2
donor_h0002927,08900,9,2,1,4.0,5.0,130000.0,125000_149999,4_plus,nonfamily_living_alone,has_65_plus,9.0,2
donor_h0002928,08900,7,2,1,0.0,3.0,22800.0,20000_24999,0,other_female_householder,has_65_plus,7.0,2
donor_h0002929,08900,16,2,1,1.0,1.0,55800.0,50000_59999,1,married_couple,has_65_plus,16.0,2
donor_h0002930,08900,24,2,1,3.0,1.0,40900.0,40000_44999,3,married_couple,has_65_plus,24.0,2
donor_h0002931,08900,9,2,1,2.0,1.0,100000.0,100000_124999,2,married_couple,no_65_plus,9.0,2
donor_h0002932,08900,14,3,1,2.0,1.0,26800.0,25000_29999,2,married_couple,no_65_plus,14.0,3
donor_h0002933,08900,9,2,1,3.0,7.0,62500.0,60000_74999,3,nonfamily_not_living_alone,no_65_plus,9.0,2
donor_h0002934,08900,10,1,1,2.0,4.0,18300.0,15000_19999,2,nonfamily_living_alone,has_65_plus,10.0,1
donor_h0002935,08900,5,1,1,2.0,6.0,13000.0,10000_14999,2,nonfamily_not_living_alone,no_65_plus,5.0,1
donor_h0002936,08900,12,4,1,4.0,1.0,145160.0,125000_149999,4_plus,married_couple,no_65_plus,12.0,4
donor_h0002937,08900,8,2,1,2.0,1.0,80000.0,75000_99999,2,married_couple,no_65_plus,8.0,2
donor_h0002938,08900,42,1,1,1.0,4.0,45000.0,45000_49999,1,nonfamily_living_alone,no_65_plus,42.0,1
donor_h0002939,08900,16,2,1,2.0,1.0,44200.0,40000_44999,2,married_couple,no_65_plus,16.0,2
donor_h0002940,08900,24,2,1,2.0,1.0,124000.0,100000_124999,2,married_couple,no_65_plus,24.0,2
donor_h0002941,08900,101,1,1,0.0,4.0,20600.0,20000_24999,0,nonfamily_living_alone,no_65_plus,101.0,1
donor_h0002942,08900,15,2,1,2.0,7.0,43200.0,40000_44999,2,nonfamily_not_living_alone,no_65_plus,15.0,2
donor_h0002943,08900,41,2,1,2.0,2.0,75000.0,75000_99999,2,other_male_householder,no_65_plus,41.0,2
donor_h0002944,08900,13,1,1,1.0,6.0,40700.0,40000_44999,1,nonfamily_not_living_alone,has_65_plus,13.0,1
donor_h0002945,08900,70,1,1,1.0,6.0,65100.0,60000_74999,1,nonfamily_not_living_alone,has_65_plus,70.0,1
donor_h0002946,08900,14,2,1,2.0,1.0,64000.0,60000_74999,2,married_couple,no_65_plus,14.0,2
donor_h0002947,08900,14,2,1,1.0,1.0,84060.0,75000_99999,1,married_couple,has_65_plus,14.0,2
donor_h0002948,08900,14,3,1,4.0,3.0,36600.0,35000_39999,4_plus,other_female_householder,no_65_plus,14.0,3
donor_h0002949,08900,78,4,1,3.0,3.0,68900.0,60000_74999,3,other_female_householder,no_65_plus,78.0,4
donor_h0002950,08900,6,2,1,2.0,1.0,61700.0,60000_74999,2,married_couple,has_65_plus,6.0,2
donor_h0002951,08900,13,2,1,2.0,1.0,62000.0,60000_74999,2,married_couple,no_65_plus,13.0,2
donor_h0002952,08900,36,3,1,2.0,3.0,88000.0,75000_99999,2,other_female_householder,has_65_plus,36.0,3
donor_h0002953,08900,42,2,1,2.0,2.0,70000.0,60000_74999,2,other_male_householder,no_65_plus,42.0,2
donor_h0002954,08900,14,2,1,1.0,7.0,32400.0,30000_34999,1,nonfamily_not_living_alone,no_65_plus,14.0,2
donor_h0002955,08900,43,6,1,2.0,1.0,73000.0,60000_74999,2,married_couple,has_65_plus,43.0,6
donor_h0002956,08900,14,3,1,2.0,1.0,60600.0,60000_74999,2,married_couple,has_65_plus,14.0,3
donor_h0002957,08900,21,5,1,3.0,3.0,39500.0,35000_39999,3,other_female_householder,has_65_plus,21.0,5
donor_h0002958,08900,7,3,1,1.0,3.0,34000.0,30000_34999,1,other_female_householder,no_65_plus,7.0,3
donor_h0002959,08900,2,2,1,2.0,1.0,58000.0,50000_59999,2,married_couple,no_65_plus,2.0,2
donor_h0002960,08900,7,2,1,1.0,1.0,28900.0,25000_29999,1,married_couple,has_65_plus,7.0,2
donor_h0002961,08900,13,2,1,0.0,3.0,36400.0,35000_39999,0,other_female_householder,no_65_plus,13.0,2
donor_h0002962,08900,9,4,1,2.0,1.0,182000.0,150000_199999,2,married_couple,no_65_plus,9.0,4
donor_h0002963,08900,23,1,1,2.0,4.0,50000.0,50000_59999,2,nonfamily_living_alone,no_65_plus,23.0,1
donor_h0002964,08900,14,4,1,3.0,1.0,98000.0,75000_99999,3,married_couple,no_65_plus,14.0,4
donor_h0002965,08900,11,1,1,1.0,6.0,1520.0,lt_10000,1,nonfamily_not_living_alone,has_65_plus,11.0,1
donor_h0002966,08900,13,4,1,2.0,1.0,54800.0,50000_59999,2,married_couple,no_65_plus,13.0,4
donor_h0002967,08900,24,2,1,2.0,1.0,89800.0,75000_99999,2,married_couple,no_65_plus,24.0,2
donor_h0002968,08900,11,1,1,1.0,6.0,19600.0,15000_19999,1,nonfamily_not_living_alone,has_65_plus,11.0,1
donor_h0002969,08900,12,3,1,2.0,1.0,28000.0,25000_29999,2,married_couple,no_65_plus,12.0,3
donor_h0002970,08900,17,2,1,2.0,7.0,78800.0,75000_99999,2,nonfamily_not_living_alone,no_65_plus,17.0,2
donor_h0002971,08900,5,2,1,2.0,1.0,0.0,lt_10000,2,married_couple,no_65_plus,5.0,2
donor_h0002972,08900,15,4,1,2.0,1.0,107200.0,100000_124999,2,married_couple,has_65_plus,15.0,4
donor_h0002973,08900,15,2,1,2.0,1.0,44300.0,40000_44999,2,married_couple,has_65_plus,15.0,2
donor_h0002974,08900,21,3,1,2.0,1.0,90000.0,75000_99999,2,married_couple,no_65_plus,21.0,3
donor_h0002975,08900,15,2,1,1.0,1.0,107430.0,100000_124999,1,married_couple,has_65_plus,15.0,2
donor_h0002976,08900,20,1,1,1.0,6.0,69900.0,60000_74999,1,nonfamily_not_living_alone,has_65_plus,20.0,1
donor_h0002977,08900,17,1,1,1.0,6.0,70230.0,60000_74999,1,nonfamily_not_living_alone,has_65_plus,17.0,1
donor_h0002978,08900,10,3,1,2.0,1.0,133500.0,125000_149999,2,married_couple,has_65_plus,10.0,3
donor_h0002979,08900,17,1,1,1.0,6.0,12570.0,10000_14999,1,nonfamily_not_living_alone,no_65_plus,17.0,1
donor_h0002980,08900,60,2,1,4.0,1.0,100000.0,100000_124999,4_plus,married_couple,no_65_plus,60.0,2
donor_h0002981,08900,10,1,1,1.0,6.0,16800.0,15000_19999,1,nonfamily_not_living_alone,has_65_plus,10.0,1
donor_h0002982,08900,17,1,1,2.0,6.0,1900.0,lt_10000,2,nonfamily_not_living_alone,has_65_plus,17.0,1
donor_h0002983,08900,2,2,1,2.0,1.0,117450.0,100000_124999,2,married_couple,has_65_plus,2.0,2
donor_h0002984,08900,14,1,1,1.0,6.0,2400.0,lt_10000,1,nonfamily_not_living_alone,no_65_plus,14.0,1
donor_h0002985,08900,16,8,1,2.0,3.0,25200.0,25000_29999,2,other_female_householder,no_65_plus,16.0,8
donor_h0002986,08900,20,2,1,2.0,3.0,70000.0,60000_74999,2,other_female_householder,no_65_plus,20.0,2
donor_h0002987,08900,20,4,1,2.0,1.0,110000.0,100000_124999,2,married_couple,no_65_plus,20.0,4
donor_h0002988,08900,25,1,1,2.0,6.0,34000.0,30000_34999,2,nonfamily_not_living_alone,no_65_plus,25.0,1
donor_h0002989,08900,7,2,1,2.0,3.0,48440.0,45000_49999,2,other_female_householder,has_65_plus,7.0,2
donor_h0002990,08900,15,1,1,0.0,6.0,14700.0,10000_14999,0,nonfamily_not_living_alone,has_65_plus,15.0,1
donor_h0002991,08900,10,1,1,0.0,6.0,11100.0,10000_14999,0,nonfamily_not_living_alone,has_65_plus,10.0,1
donor_h0002992,08900,60,1,1,1.0,6.0,45000.0,45000_49999,1,nonfamily_not_living_alone,has_65_plus,60.0,1
donor_h0002993,08900,4,2,1,2.0,1.0,113300.0,100000_124999,2,married_couple,has_65_plus,4.0,2
donor_h0002994,08900,19,4,1,3.0,1.0,71100.0,60000_74999,3,married_couple,has_65_plus,19.0,4
donor_h0002995,08900,13,10,1,2.0,1.0,41600.0,40000_44999,2,married_couple,no_65_plus,13.0,10
donor_h0002996,08900,16,4,1,4.0,1.0,128000.0,125000_149999,4_plus,married_couple,no_65_plus,16.0,4
donor_h0002997,08900,43,3,1,1.0,1.0,70400.0,60000_74999,1,married_couple,has_65_plus,43.0,3
donor_h0002998,08900,34,2,1,2.0,1.0,6100.0,lt_10000,2,married_couple,has_65_plus,34.0,2
donor_h0002999,08900,14,2,1,1.0,7.0,60000.0,60000_74999,1,nonfamily_not_living_alone,no_65_plus,14.0,2
donor_h0003000,08900,12,1,1,1.0,4.0,45300.0,45000_49999,1,nonfamily_living_alone,has_65_plus,12.0,1
donor_h0003001,08900,29,3,1,1.0,1.0,25000.0,25000_29999,1,married_couple,no_65_plus,29.0,3
donor_h0003002,08900,10,4,1,4.0,1.0,163000.0,150000_199999,4_plus,married_couple,no_65_plus,10.0,4
donor_h0003003,08900,16,5,1,3.0,1.0,170200.0,150000_199999,3,married_couple,no_65_plus,16.0,5
donor_h0003004,08900,2,2,1,1.0,1.0,102100.0,100000_124999,1,married_couple,has_65_plus,2.0,2
donor_h0003005,08900,11,1,1,1.0,4.0,14800.0,10000_14999,1,nonfamily_living_alone,has_65_plus,11.0,1
donor_h0003006,08900,59,2,1,2.0,5.0,119000.0,100000_124999,2,nonfamily_living_alone,no_65_plus,59.0,2
donor_h0003007,08900,7,2,1,2.0,1.0,57500.0,50000_59999,2,married_couple,has_65_plus,7.0,2
donor_h0003008,08900,20,4,1,4.0,1.0,176000.0,150000_199999,4_plus,married_couple,no_65_plus,20.0,4
donor_h0003009,08900,13,1,1,1.0,4.0,9600.0,lt_10000,1,nonfamily_living_alone,no_65_plus,13.0,1
donor_h0003010,08900,60,3,1,3.0,7.0,121800.0,100000_124999,3,nonfamily_not_living_alone,no_65_plus,60.0,3
donor_h0003011,08900,23,1,1,1.0,4.0,24540.0,20000_24999,1,nonfamily_living_alone,no_65_plus,23.0,1
donor_h0003012,08900,13,2,1,2.0,1.0,74200.0,60000_74999,2,married_couple,has_65_plus,13.0,2
donor_h0003013,08900,28,3,1,3.0,1.0,257460.0,200000_plus,3,married_couple,no_65_plus,28.0,3
donor_h0003014,08900,7,2,1,2.0,1.0,49400.0,45000_49999,2,married_couple,has_65_plus,7.0,2
donor_h0003015,08900,5,2,1,4.0,1.0,42100.0,40000_44999,4_plus,married_couple,no_65_plus,5.0,2
donor_h0003016,08900,31,1,1,1.0,4.0,15000.0,15000_19999,1,nonfamily_living_alone,has_65_plus,31.0,1
donor_h0003017,08900,63,3,1,2.0,1.0,150000.0,150000_199999,2,married_couple,no_65_plus,63.0,3
donor_h0003018,08900,13,1,1,2.0,6.0,23400.0,20000_24999,2,nonfamily_not_living_alone,has_65_plus,13.0,1
donor_h0003019,08900,11,2,1,2.0,1.0,21700.0,20000_24999,2,married_couple,has_65_plus,11.0,2
donor_h0003020,08900,13,5,1,3.0,1.0,114750.0,100000_124999,3,married_couple,no_65_plus,13.0,5
donor_h0003021,08900,84,5,1,4.0,1.0,162000.0,150000_199999,4_plus,married_couple,no_65_plus,84.0,5
donor_h0003022,08900,2,1,1,3.0,4.0,24000.0,20000_24999,3,nonfamily_living_alone,has_65_plus,2.0,1
donor_h0003023,08900,3,4,1,3.0,1.0,46000.0,45000_49999,3,married_couple,has_65_plus,3.0,4
donor_h0003024,08900,3,1,1,1.0,4.0,57840.0,50000_59999,1,nonfamily_living_alone,has_65_plus,3.0,1
donor_h0003025,08900,2,4,1,1.0,1.0,87900.0,75000_99999,1,married_couple,no_65_plus,2.0,4
donor_h0003026,08900,4,5,1,6.0,1.0,55800.0,50000_59999,4_plus,married_couple,no_65_plus,4.0,5
donor_h0003027,08900,5,2,1,2.0,1.0,64200.0,60000_74999,2,married_couple,has_65_plus,5.0,2
donor_h0003028,08900,14,2,1,2.0,1.0,112000.0,100000_124999,2,married_couple,no_65_plus,14.0,2
donor_h0003029,08900,6,2,1,3.0,1.0,94000.0,75000_99999,3,married_couple,no_65_plus,6.0,2
donor_h0003030,08900,43,4,1,2.0,1.0,161000.0,150000_199999,2,married_couple,no_65_plus,43.0,4
donor_h0003031,08900,16,2,1,2.0,1.0,15300.0,15000_19999,2,married_couple,has_65_plus,16.0,2
donor_h0003032,08900,14,2,1,2.0,3.0,99300.0,75000_99999,2,other_female_householder,has_65_plus,14.0,2
donor_h0003033,08900,5,2,1,3.0,1.0,24200.0,20000_24999,3,married_couple,no_65_plus,5.0,2
donor_h0003034,08900,9,2,1,3.0,1.0,153500.0,150000_199999,3,married_couple,has_65_plus,9.0,2
donor_h0003035,08900,12,1,1,1.0,4.0,13000.0,10000_14999,1,nonfamily_living_alone,has_65_plus,12.0,1
donor_h0003036,08900,13,3,1,1.0,3.0,26400.0,25000_29999,1,other_female_householder,no_65_plus,13.0,3
donor_h0003037,08900,18,2,1,2.0,7.0,34600.0,30000_34999,2,nonfamily_not_living_alone,no_65_plus,18.0,2
donor_h0003038,08900,16,2,1,2.0,1.0,104000.0,100000_124999,2,married_couple,has_65_plus,16.0,2
donor_h0003039,08900,54,2,1,3.0,1.0,124000.0,100000_124999,3,married_couple,has_65_plus,54.0,2
donor_h0003040,08900,45,1,1,0.0,6.0,14400.0,10000_14999,0,nonfamily_not_living_alone,has_65_plus,45.0,1
donor_h0003041,08900,10,1,1,0.0,4.0,42100.0,40000_44999,0,nonfamily_living_alone,has_65_plus,10.0,1
donor_h0003042,08900,11,2,1,2.0,1.0,204200.0,200000_plus,2,married_couple,has_65_plus,11.0,2
donor_h0003043,08900,16,4,1,3.0,3.0,59100.0,50000_59999,3,other_female_householder,has_65_plus,16.0,4
donor_h0003044,08900,8,2,1,1.0,1.0,61200.0,60000_74999,1,married_couple,has_65_plus,8.0,2
donor_h0003045,08900,9,2,1,2.0,1.0,120000.0,100000_124999,2,married_couple,no_65_plus,9.0,2
donor_h0003046,08900,14,2,1,3.0,1.0,56600.0,50000_59999,3,married_couple,has_65_plus,14.0,2
donor_h0003047,08900,8,1,1,1.0,6.0,71600.0,60000_74999,1,nonfamily_not_living_alone,no_65_plus,8.0,1
donor_h0003048,08900,7,2,1,3.0,1.0,107000.0,100000_124999,3,married_couple,has_65_plus,7.0,2
donor_h0003049,08900,21,5,1,2.0,1.0,120000.0,100000_124999,2,married_couple,no_65_plus,21.0,5
donor_h0003050,08900,12,1,1,1.0,6.0,11000.0,10000_14999,1,nonfamily_not_living_alone,has_65_plus,12.0,1
donor_h0003051,08900,18,3,1,3.0,1.0,215000.0,200000_plus,3,married_couple,no_65_plus,18.0,3
donor_h0003052,08900,15,3,1,4.0,1.0,67300.0,60000_74999,4_plus,married_couple,no_65_plus,15.0,3
donor_h0003053,08900,13,2,1,2.0,1.0,110800.0,100000_124999,2,married_couple,has_65_plus,13.0,2
donor_h0003054,08900,41,5,1,3.0,1.0,40000.0,40000_44999,3,married_couple,no_65_plus,41.0,5
donor_h0003055,08900,14,2,1,2.0,1.0,45000.0,45000_49999,2,married_couple,no_65_plus,14.0,2
donor_h0003056,08900,8,2,1,2.0,1.0,35000.0,35000_39999,2,married_couple,no_65_plus,8.0,2
donor_h0003057,08900,16,1,1,1.0,6.0,10000.0,10000_14999,1,nonfamily_not_living_alone,no_65_plus,16.0,1
donor_h0003058,08900,13,2,1,1.0,1.0,14900.0,10000_14999,1,married_couple,no_65_plus,13.0,2
donor_h0003059,08900,10,2,1,2.0,1.0,129800.0,125000_149999,2,married_couple,no_65_plus,10.0,2
donor_h0003060,08900,9,3,1,4.0,1.0,305200.0,200000_plus,4_plus,married_couple,no_65_plus,9.0,3
donor_h0003061,08900,7,1,1,1.0,6.0,11700.0,10000_14999,1,nonfamily_not_living_alone,has_65_plus,7.0,1
donor_h0003062,08900,21,4,1,2.0,1.0,229000.0,200000_plus,2,married_couple,no_65_plus,21.0,4
donor_h0003063,08900,4,2,1,1.0,3.0,104200.0,100000_124999,1,other_female_householder,has_65_plus,4.0,2
donor_h0003064,08900,9,5,1,1.0,3.0,73310.0,60000_74999,1,other_female_householder,has_65_plus,9.0,5
donor_h0003065,08900,14,6,1,3.0,3.0,27500.0,25000_29999,3,other_female_householder,no_65_plus,14.0,6
donor_h0003066,08900,4,2,1,4.0,5.0,74200.0,60000_74999,4_plus,nonfamily_living_alone,no_65_plus,4.0,2
donor_h0003067,08900,18,1,1,3.0,4.0,35000.0,35000_39999,3,nonfamily_living_alone,no_65_plus,18.0,1
donor_h0003068,08900,17,3,1,1.0,3.0,50000.0,50000_59999,1,other_female_householder,has_65_plus,17.0,3
donor_h0003069,08900,16,5,1,2.0,2.0,48400.0,45000_49999,2,other_male_householder,no_65_plus,16.0,5
donor_h0003070,08900,12,3,1,1.0,3.0,35000.0,35000_39999,1,other_female_householder,no_65_plus,12.0,3
donor_h0003071,08900,12,1,1,2.0,4.0,56900.0,50000_59999,2,nonfamily_living_alone,has_65_plus,12.0,1
donor_h0003072,08900,9,3,1,2.0,1.0,111100.0,100000_124999,2,married_couple,no_65_plus,9.0,3
donor_h0003073,08900,11,2,1,4.0,1.0,52000.0,50000_59999,4_plus,married_couple,has_65_plus,11.0,2
donor_h0003074,08900,12,5,1,2.0,1.0,69000.0,60000_74999,2,married_couple,no_65_plus,12.0,5
donor_h0003075,08900,8,1,1,1.0,6.0,6000.0,lt_10000,1,nonfamily_not_living_alone,has_65_plus,8.0,1
donor_h0003076,08900,12,2,1,2.0,1.0,27100.0,25000_29999,2,married_couple,has_65_plus,12.0,2
donor_h0003077,08900,14,1,1,2.0,6.0,47000.0,45000_49999,2,nonfamily_not_living_alone,has_65_plus,14.0,1
donor_h0003078,08900,11,1,1,1.0,6.0,23500.0,20000_24999,1,nonfamily_not_living_alone,has_65_plus,11.0,1
donor_h0003079,08900,17,2,1,2.0,5.0,43000.0,40000_44999,2,nonfamily_living_alone,no_65_plus,17.0,2
donor_h0003080,08900,9,3,1,2.0,5.0,24700.0,20000_24999,2,nonfamily_living_alone,no_65_plus,9.0,3
donor_h0003081,08900,15,1,1,2.0,4.0,78000.0,75000_99999,2,nonfamily_living_alone,no_65_plus,15.0,1
donor_h0003082,08900,16,2,1,2.0,1.0,9900.0,lt_10000,2,married_couple,has_65_plus,16.0,2
donor_h0003083,08900,9,4,1,4.0,1.0,136500.0,125000_149999,4_plus,married_couple,no_65_plus,9.0,4
donor_h0003084,08900,14,1,1,0.0,6.0,19000.0,15000_19999,0,nonfamily_not_living_alone,has_65_plus,14.0,1
donor_h0003085,08900,12,4,1,2.0,3.0,61200.0,60000_74999,2,other_female_householder,has_65_plus,12.0,4
donor_h0003086,08900,14,3,1,2.0,1.0,132400.0,125000_149999,2,married_couple,has_65_plus,14.0,3
donor_h0003087,08900,20,3,1,2.0,1.0,120000.0,100000_124999,2,married_couple,no_65_plus,20.0,3
donor_h0003088,08900,29,2,1,3.0,5.0,54500.0,50000_59999,3,nonfamily_living_alone,no_65_plus,29.0,2
donor_h0003089,08900,17,2,1,2.0,1.0,51500.0,50000_59999,2,married_couple,has_65_plus,17.0,2
donor_h0003090,08900,14,4,1,2.0,1.0,80000.0,75000_99999,2,married_couple,no_65_plus,14.0,4
donor_h0003091,08900,26,3,1,3.0,7.0,116000.0,100000_124999,3,nonfamily_not_living_alone,no_65_plus,26.0,3
donor_h0003092,08900,13,2,1,2.0,1.0,160000.0,150000_199999,2,married_couple,no_65_plus,13.0,2
donor_h0003093,08900,37,2,1,1.0,1.0,90000.0,75000_99999,1,married_couple,no_65_plus,37.0,2
donor_h0003094,08900,13,2,1,2.0,7.0,49400.0,45000_49999,2,nonfamily_not_living_alone,no_65_plus,13.0,2
donor_h0003095,08900,98,4,1,2.0,1.0,63000.0,60000_74999,2,married_couple,no_65_plus,98.0,4
donor_h0003096,08900,14,4,1,4.0,1.0,116400.0,100000_124999,4_plus,married_couple,no_65_plus,14.0,4
donor_h0003097,08900,12,2,1,3.0,2.0,16400.0,15000_19999,3,other_male_householder,has_65_plus,12.0,2
donor_h0003098,08900,26,2,1,2.0,1.0,88000.0,75000_99999,2,married_couple,has_65_plus,26.0,2
donor_h0003099,08900,11,2,1,3.0,1.0,529900.0,200000_plus,3,married_couple,has_65_plus,11.0,2
donor_h0003100,08900,17,5,1,2.0,1.0,64600.0,60000_74999,2,married_couple,no_65_plus,17.0,5
donor_h0003101,08900,14,2,1,2.0,1.0,126500.0,125000_149999,2,married_couple,has_65_plus,14.0,2
donor_h0003102,08900,8,1,1,1.0,4.0,44300.0,40000_44999,1,nonfamily_living_alone,has_65_plus,8.0,1
donor_h0003103,08900,11,2,1,3.0,1.0,62000.0,60000_74999,3,married_couple,no_65_plus,11.0,2
donor_h0003104,08900,45,2,1,2.0,1.0,85000.0,75000_99999,2,married_couple,no_65_plus,45.0,2
donor_h0003105,08900,17,2,1,3.0,1.0,91000.0,75000_99999,3,married_couple,has_65_plus,17.0,2
donor_h0003106,08900,28,3,1,1.0,2.0,97700.0,75000_99999,1,other_male_householder,no_65_plus,28.0,3
donor_h0003107,08900,17,2,1,1.0,1.0,38200.0,35000_39999,1,married_couple,has_65_plus,17.0,2
donor_h0003108,08900,14,2,1,3.0,5.0,70000.0,60000_74999,3,nonfamily_living_alone,no_65_plus,14.0,2
donor_h0003109,08900,25,2,1,1.0,2.0,3800.0,lt_10000,1,other_male_householder,no_65_plus,25.0,2
donor_h0003110,08900,13,2,1,2.0,1.0,55700.0,50000_59999,2,married_couple,has_65_plus,13.0,2
donor_h0003111,08900,13,1,1,1.0,6.0,600.0,lt_10000,1,nonfamily_not_living_alone,no_65_plus,13.0,1
donor_h0003112,08900,17,4,1,2.0,1.0,93000.0,75000_99999,2,married_couple,no_65_plus,17.0,4
donor_h0003113,08900,35,2,1,1.0,1.0,27520.0,25000_29999,1,married_couple,has_65_plus,35.0,2
donor_h0003114,08900,15,1,1,1.0,4.0,150000.0,150000_199999,1,nonfamily_living_alone,no_65_plus,15.0,1
donor_h0003115,08900,4,1,1,1.0,6.0,23300.0,20000_24999,1,nonfamily_not_living_alone,has_65_plus,4.0,1
donor_h0003116,08900,17,4,1,3.0,1.0,145000.0,125000_149999,3,married_couple,no_65_plus,17.0,4
donor_h0003117,08900,26,1,1,1.0,6.0,41300.0,40000_44999,1,nonfamily_not_living_alone,has_65_plus,26.0,1
donor_h0003118,08900,15,2,1,1.0,3.0,6000.0,lt_10000,1,other_female_householder,no_65_plus,15.0,2
donor_h0003119,08900,15,2,1,1.0,1.0,59200.0,50000_59999,1,married_couple,has_65_plus,15.0,2
donor_h0003120,08900,4,2,1,1.0,2.0,600.0,lt_10000,1,other_male_householder,no_65_plus,4.0,2
donor_h0003121,08900,19,2,1,2.0,1.0,41900.0,40000_44999,2,married_couple,has_65_plus,19.0,2
donor_h0003122,08900,22,2,1,1.0,1.0,134000.0,125000_149999,1,married_couple,no_65_plus,22.0,2
donor_h0003123,08900,15,4,1,2.0,1.0,97000.0,75000_99999,2,married_couple,no_65_plus,15.0,4
donor_h0003124,08900,11,3,1,2.0,1.0,130000.0,125000_149999,2,married_couple,no_65_plus,11.0,3
donor_h0003125,08900,20,2,1,2.0,1.0,303000.0,200000_plus,2,married_couple,has_65_plus,20.0,2
donor_h0003126,08900,9,2,1,2.0,1.0,130000.0,125000_149999,2,married_couple,no_65_plus,9.0,2
donor_h0003127,08900,70,1,1,1.0,6.0,11000.0,10000_14999,1,nonfamily_not_living_alone,no_65_plus,70.0,1
donor_h0003128,08900,8,2,1,3.0,1.0,66600.0,60000_74999,3,married_couple,has_65_plus,8.0,2
donor_h0003129,08900,13,3,1,3.0,3.0,43960.0,40000_44999,3,other_female_householder,no_65_plus,13.0,3
donor_h0003130,08900,14,1,1,0.0,6.0,17500.0,15000_19999,0,nonfamily_not_living_alone,has_65_plus,14.0,1
donor_h0003131,08900,6,4,1,3.0,1.0,259000.0,200000_plus,3,married_couple,no_65_plus,6.0,4
donor_h0003132,08900,10,3,1,4.0,1.0,101450.0,100000_124999,4_plus,married_couple,has_65_plus,10.0,3
donor_h0003133,08900,29,1,1,2.0,4.0,170300.0,150000_199999,2,nonfamily_living_alone,no_65_plus,29.0,1
donor_h0003134,08900,22,4,1,2.0,1.0,29900.0,25000_29999,2,married_couple,no_65_plus,22.0,4
donor_h0003135,08900,17,2,1,2.0,1.0,348500.0,200000_plus,2,married_couple,has_65_plus,17.0,2
donor_h0003136,08900,22,2,1,2.0,2.0,36500.0,35000_39999,2,other_male_householder,has_65_plus,22.0,2
donor_h0003137,08900,14,1,1,0.0,4.0,64000.0,60000_74999,0,nonfamily_living_alone,has_65_plus,14.0,1
donor_h0003138,08900,13,4,1,2.0,1.0,84000.0,75000_99999,2,married_couple,no_65_plus,13.0,4
donor_h0003139,08900,38,2,1,0.0,1.0,45800.0,45000_49999,0,married_couple,has_65_plus,38.0,2
donor_h0003140,08900,15,4,1,2.0,1.0,43000.0,40000_44999,2,married_couple,no_65_plus,15.0,4
donor_h0003141,08900,2,1,1,2.0,4.0,34000.0,30000_34999,2,nonfamily_living_alone,has_65_plus,2.0,1
donor_h0003142,08900,18,2,1,1.0,2.0,162850.0,150000_199999,1,other_male_householder,no_65_plus,18.0,2
donor_h0003143,08900,12,1,1,1.0,4.0,27600.0,25000_29999,1,nonfamily_living_alone,has_65_plus,12.0,1
donor_h0003144,08900,8,5,1,0.0,2.0,11320.0,10000_14999,0,other_male_householder,no_65_plus,8.0,5
donor_h0003145,08900,16,2,1,2.0,5.0,7200.0,lt_10000,2,nonfamily_living_alone,no_65_plus,16.0,2
donor_h0003146,08900,10,2,1,1.0,1.0,40500.0,40000_44999,1,married_couple,has_65_plus,10.0,2
donor_h0003147,08900,17,4,1,2.0,1.0,15300.0,15000_19999,2,married_couple,no_65_plus,17.0,4
donor_h0003148,08900,16,2,1,1.0,1.0,0.0,lt_10000,1,married_couple,no_65_plus,16.0,2
donor_h0003149,08900,46,2,1,1.0,5.0,36000.0,35000_39999,1,nonfamily_living_alone,no_65_plus,46.0,2
donor_h0003150,08900,25,2,1,2.0,1.0,54200.0,50000_59999,2,married_couple,no_65_plus,25.0,2
donor_h0003151,08900,19,1,1,0.0,6.0,19000.0,15000_19999,0,nonfamily_not_living_alone,has_65_plus,19.0,1
donor_h0003152,08900,47,1,1,1.0,6.0,43000.0,40000_44999,1,nonfamily_not_living_alone,has_65_plus,47.0,1
donor_h0003153,08900,4,2,1,3.0,7.0,112420.0,100000_124999,3,nonfamily_not_living_alone,has_65_plus,4.0,2
donor_h0003154,08900,22,2,1,1.0,3.0,16500.0,15000_19999,1,other_female_householder,no_65_plus,22.0,2
donor_h0003155,08900,3,1,1,2.0,6.0,94000.0,75000_99999,2,nonfamily_not_living_alone,has_65_plus,3.0,1
donor_h0003156,08900,17,2,1,4.0,1.0,116000.0,100000_124999,4_plus,married_couple,no_65_plus,17.0,2
donor_h0003157,08900,13,2,1,1.0,3.0,550.0,lt_10000,1,other_female_householder,no_65_plus,13.0,2
donor_h0003158,08900,7,2,1,2.0,1.0,49400.0,45000_49999,2,married_couple,has_65_plus,7.0,2
donor_h0003159,08900,14,2,1,2.0,1.0,55000.0,50000_59999,2,married_couple,has_65_plus,14.0,2
donor_h0003160,08900,14,1,1,2.0,6.0,13400.0,10000_14999,2,nonfamily_not_living_alone,has_65_plus,14.0,1
donor_h0003161,08900,74,3,1,1.0,3.0,15000.0,15000_19999,1,other_female_householder,no_65_plus,74.0,3
donor_h0003162,08900,6,3,1,4.0,3.0,179700.0,150000_199999,4_plus,other_female_householder,has_65_plus,6.0,3
donor_h0003163,08900,32,5,1,2.0,1.0,31900.0,30000_34999,2,married_couple,no_65_plus,32.0,5
donor_h0003164,08900,24,1,1,0.0,4.0,14700.0,10000_14999,0,nonfamily_living_alone,has_65_plus,24.0,1
donor_h0003165,08900,12,2,1,2.0,7.0,530000.0,200000_plus,2,nonfamily_not_living_alone,no_65_plus,12.0,2
donor_h0003166,08900,3,1,1,2.0,4.0,48000.0,45000_49999,2,nonfamily_living_alone,has_65_plus,3.0,1
donor_h0003167,08900,16,3,1,6.0,1.0,538900.0,200000_plus,4_plus,married_couple,no_65_plus,16.0,3
donor_h0003168,08900,7,1,1,1.0,4.0,63700.0,60000_74999,1,nonfamily_living_alone,has_65_plus,7.0,1
donor_h0003169,08900,15,3,1,3.0,5.0,35800.0,35000_39999,3,nonfamily_living_alone,no_65_plus,15.0,3
donor_h0003170,08900,11,2,1,2.0,1.0,12700.0,10000_14999,2,married_couple,no_65_plus,11.0,2
donor_h0003171,08900,29,2,1,3.0,3.0,32600.0,30000_34999,3,other_female_householder,no_65_plus,29.0,2
donor_h0003172,08900,28,2,1,2.0,1.0,79900.0,75000_99999,2,married_couple,has_65_plus,28.0,2
donor_h0003173,08900,14,1,1,1.0,6.0,13500.0,10000_14999,1,nonfamily_not_living_alone,has_65_plus,14.0,1
donor_h0003174,08900,1,2,1,5.0,1.0,79000.0,75000_99999,4_plus,married_couple,has_65_plus,1.0,2
donor_h0003175,08900,5,1,1,1.0,6.0,43200.0,40000_44999,1,nonfamily_not_living_alone,has_65_plus,5.0,1
donor_h0003176,08900,24,2,1,2.0,1.0,45400.0,45000_49999,2,married_couple,has_65_plus,24.0,2
donor_h0003177,08900,20,1,1,3.0,4.0,28100.0,25000_29999,3,nonfamily_living_alone,has_65_plus,20.0,1
donor_h0003178,08900,17,2,1,1.0,3.0,0.0,lt_10000,1,other_female_householder,no_65_plus,17.0,2
donor_h0003179,08900,9,2,1,2.0,1.0,45000.0,45000_49999,2,married_couple,has_65_plus,9.0,2
donor_h0003180,08900,27,1,1,1.0,6.0,105000.0,100000_124999,1,nonfamily_not_living_alone,no_65_plus,27.0,1
donor_h0003181,08900,6,4,1,4.0,1.0,141400.0,125000_149999,4_plus,married_couple,has_65_plus,6.0,4
donor_h0003182,08900,16,2,1,3.0,1.0,64300.0,60000_74999,3,married_couple,has_65_plus,16.0,2
donor_h0003183,08900,9,1,1,1.0,4.0,82000.0,75000_99999,1,nonfamily_living_alone,no_65_plus,9.0,1
donor_h0003184,08900,12,5,1,2.0,3.0,31400.0,30000_34999,2,other_female_householder,no_65_plus,12.0,5
donor_h0003185,08900,13,1,1,1.0,6.0,190000.0,150000_199999,1,nonfamily_not_living_alone,no_65_plus,13.0,1
donor_h0003186,08900,12,2,1,0.0,1.0,38600.0,35000_39999,0,married_couple,has_65_plus,12.0,2
donor_h0003187,08900,10,2,1,3.0,1.0,13300.0,10000_14999,3,married_couple,has_65_plus,10.0,2
donor_h0003188,08900,15,1,1,0.0,6.0,32400.0,30000_34999,0,nonfamily_not_living_alone,has_65_plus,15.0,1
donor_h0003189,08900,24,3,1,3.0,3.0,115400.0,100000_124999,3,other_female_householder,has_65_plus,24.0,3
donor_h0003190,08900,10,1,1,1.0,6.0,10000.0,10000_14999,1,nonfamily_not_living_alone,has_65_plus,10.0,1
donor_h0003191,08900,25,2,1,1.0,1.0,49600.0,45000_49999,1,married_couple,no_65_plus,25.0,2
donor_h0003192,08900,8,3,1,3.0,1.0,152700.0,150000_199999,3,married_couple,no_65_plus,8.0,3
donor_h0003193,08900,8,2,1,3.0,1.0,13000.0,10000_14999,3,married_couple,has_65_plus,8.0,2
donor_h0003194,08900,15,4,1,2.0,1.0,106700.0,100000_124999,2,married_couple,no_65_plus,15.0,4
donor_h0003195,08900,17,1,1,1.0,4.0,87800.0,75000_99999,1,nonfamily_living_alone,has_65_plus,17.0,1
donor_h0003196,08900,12,2,1,2.0,3.0,152100.0,150000_199999,2,other_female_householder,has_65_plus,12.0,2
donor_h0003197,08900,26,4,1,5.0,1.0,77000.0,75000_99999,4_plus,married_couple,no_65_plus,26.0,4
donor_h0003198,08900,11,2,1,3.0,2.0,48400.0,45000_49999,3,other_male_householder,has_65_plus,11.0,2
donor_h0003199,08900,5,3,1,2.0,1.0,79900.0,75000_99999,2,married_couple,no_65_plus,5.0,3
donor_h0003200,08900,18,1,1,1.0,4.0,129030.0,125000_149999,1,nonfamily_living_alone,no_65_plus,18.0,1
donor_h0003201,08900,7,2,1,2.0,1.0,371900.0,200000_plus,2,married_couple,has_65_plus,7.0,2
donor_h0003202,08900,16,2,1,3.0,1.0,65200.0,60000_74999,3,married_couple,has_65_plus,16.0,2
donor_h0003203,08900,15,2,1,3.0,1.0,70900.0,60000_74999,3,married_couple,has_65_plus,15.0,2
donor_h0003204,08900,10,1,1,2.0,4.0,17000.0,15000_19999,2,nonfamily_living_alone,has_65_plus,10.0,1
donor_h0003205,08900,4,4,1,2.0,1.0,128000.0,125000_149999,2,married_couple,no_65_plus,4.0,4
donor_h0003206,08900,10,2,1,1.0,1.0,39100.0,35000_39999,1,married_couple,has_65_plus,10.0,2
donor_h0003207,08900,2,1,1,2.0,6.0,14800.0,10000_14999,2,nonfamily_not_living_alone,has_65_plus,2.0,1
donor_h0003208,08900,13,1,1,1.0,6.0,0.0,lt_10000,1,nonfamily_not_living_alone,no_65_plus,13.0,1
donor_h0003209,08900,6,2,1,4.0,1.0,170000.0,150000_199999,4_plus,married_couple,no_65_plus,6.0,2
donor_h0003210,08900,12,1,1,1.0,6.0,23000.0,20000_24999,1,nonfamily_not_living_alone,no_65_plus,12.0,1
donor_h0003211,08900,10,1,1,2.0,4.0,18200.0,15000_19999,2,nonfamily_living_alone,has_65_plus,10.0,1
donor_h0003212,08900,14,2,1,3.0,1.0,114000.0,100000_124999,3,married_couple,no_65_plus,14.0,2
donor_h0003213,08900,13,1,1,1.0,6.0,14300.0,10000_14999,1,nonfamily_not_living_alone,no_65_plus,13.0,1
donor_h0003214,08900,11,2,1,1.0,1.0,59000.0,50000_59999,1,married_couple,has_65_plus,11.0,2
donor_h0003215,08900,14,2,1,1.0,1.0,29550.0,25000_29999,1,married_couple,no_65_plus,14.0,2
donor_h0003216,08900,23,2,1,1.0,3.0,70000.0,60000_74999,1,other_female_householder,has_65_plus,23.0,2
donor_h0003217,08900,3,1,1,1.0,4.0,4900.0,lt_10000,1,nonfamily_living_alone,no_65_plus,3.0,1
donor_h0003218,08900,10,2,1,2.0,1.0,86400.0,75000_99999,2,married_couple,has_65_plus,10.0,2
donor_h0003219,08900,10,2,1,3.0,1.0,65820.0,60000_74999,3,married_couple,has_65_plus,10.0,2
donor_h0003220,08900,25,2,1,4.0,1.0,94800.0,75000_99999,4_plus,married_couple,has_65_plus,25.0,2
donor_h0003221,08900,16,5,1,5.0,1.0,194500.0,150000_199999,4_plus,married_couple,no_65_plus,16.0,5
donor_h0003222,08900,18,1,1,3.0,4.0,75000.0,75000_99999,3,nonfamily_living_alone,no_65_plus,18.0,1
donor_h0003223,08900,47,2,1,2.0,1.0,70800.0,60000_74999,2,married_couple,no_65_plus,47.0,2
donor_h0003224,08900,63,4,1,1.0,1.0,38500.0,35000_39999,1,married_couple,no_65_plus,63.0,4
donor_h0003225,08900,4,4,1,1.0,2.0,89400.0,75000_99999,1,other_male_householder,no_65_plus,4.0,4
donor_h0003226,08900,8,2,1,3.0,1.0,117200.0,100000_124999,3,married_couple,no_65_plus,8.0,2
donor_h0003227,08900,10,2,1,3.0,1.0,100400.0,100000_124999,3,married_couple,has_65_plus,10.0,2
donor_h0003228,08900,16,2,1,0.0,7.0,320000.0,200000_plus,0,nonfamily_not_living_alone,no_65_plus,16.0,2
donor_h0003229,08900,5,2,1,2.0,1.0,15400.0,15000_19999,2,married_couple,has_65_plus,5.0,2
donor_h0003230,08900,9,1,1,1.0,4.0,48000.0,45000_49999,1,nonfamily_living_alone,no_65_plus,9.0,1
donor_h0003231,08900,4,1,1,1.0,4.0,9600.0,lt_10000,1,nonfamily_living_alone,has_65_plus,4.0,1
donor_h0003232,08900,8,3,1,2.0,1.0,78160.0,75000_99999,2,married_couple,has_65_plus,8.0,3
donor_h0003233,08900,6,2,1,3.0,7.0,35700.0,35000_39999,3,nonfamily_not_living_alone,has_65_plus,6.0,2
donor_h0003234,08900,15,3,1,3.0,3.0,92000.0,75000_99999,3,other_female_householder,no_65_plus,15.0,3
donor_h0003235,08900,12,3,1,1.0,3.0,57000.0,50000_59999,1,other_female_householder,no_65_plus,12.0,3
donor_h0003236,08900,12,3,1,3.0,1.0,85300.0,75000_99999,3,married_couple,no_65_plus,12.0,3
donor_h0003237,08900,22,1,1,1.0,6.0,43000.0,40000_44999,1,nonfamily_not_living_alone,no_65_plus,22.0,1
donor_h0003238,08900,15,3,1,0.0,1.0,127050.0,125000_149999,0,married_couple,no_65_plus,15.0,3
donor_h0003239,08900,22,1,1,1.0,4.0,3000.0,lt_10000,1,nonfamily_living_alone,no_65_plus,22.0,1
donor_h0003240,08900,17,2,1,1.0,5.0,11800.0,10000_14999,1,nonfamily_living_alone,no_65_plus,17.0,2
donor_h0003241,08900,13,1,1,1.0,6.0,68000.0,60000_74999,1,nonfamily_not_living_alone,no_65_plus,13.0,1
donor_h0003242,08900,56,5,1,0.0,1.0,16000.0,15000_19999,0,married_couple,no_65_plus,56.0,5
donor_h0003243,08900,11,2,1,2.0,1.0,64300.0,60000_74999,2,married_couple,has_65_plus,11.0,2
donor_h0003244,08900,12,2,1,2.0,1.0,53300.0,50000_59999,2,married_couple,has_65_plus,12.0,2
donor_h0003245,08900,17,4,1,3.0,3.0,175000.0,150000_199999,3,other_female_householder,no_65_plus,17.0,4
donor_h0003246,08900,9,3,1,2.0,3.0,21000.0,20000_24999,2,other_female_householder,no_65_plus,9.0,3
donor_h0003247,08900,15,1,1,1.0,6.0,72000.0,60000_74999,1,nonfamily_not_living_alone,has_65_plus,15.0,1
donor_h0003248,08900,34,2,1,2.0,1.0,46500.0,45000_49999,2,married_couple,no_65_plus,34.0,2
donor_h0003249,08900,3,3,1,1.0,1.0,41000.0,40000_44999,1,married_couple,no_65_plus,3.0,3
donor_h0003250,08900,16,2,1,2.0,1.0,84000.0,75000_99999,2,married_couple,no_65_plus,16.0,2
donor_h0003251,08900,8,2,1,2.0,1.0,117000.0,100000_124999,2,married_couple,no_65_plus,8.0,2
donor_h0003252,08900,10,2,1,2.0,1.0,48000.0,45000_49999,2,married_couple,has_65_plus,10.0,2
donor_h0003253,08900,12,6,1,2.0,1.0,56000.0,50000_59999,2,married_couple,no_65_plus,12.0,6
donor_h0003254,08900,76,2,1,2.0,1.0,20000.0,20000_24999,2,married_couple,no_65_plus,76.0,2
donor_h0003255,08900,14,1,1,0.0,6.0,0.0,lt_10000,0,nonfamily_not_living_alone,no_65_plus,14.0,1
donor_h0003256,08900,16,6,1,4.0,3.0,87400.0,75000_99999,4_plus,other_female_householder,has_65_plus,16.0,6
donor_h0003257,08900,6,2,1,2.0,1.0,82000.0,75000_99999,2,married_couple,no_65_plus,6.0,2
donor_h0003258,08900,7,1,1,0.0,4.0,15000.0,15000_19999,0,nonfamily_living_alone,has_65_plus,7.0,1
donor_h0003259,08900,14,1,1,1.0,6.0,1200.0,lt_10000,1,nonfamily_not_living_alone,no_65_plus,14.0,1
donor_h0003260,08900,5,4,1,6.0,1.0,166900.0,150000_199999,4_plus,married_couple,no_65_plus,5.0,4
donor_h0003261,08900,12,1,1,1.0,6.0,15800.0,15000_19999,1,nonfamily_not_living_alone,no_65_plus,12.0,1
donor_h0003262,08900,8,5,1,3.0,1.0,74000.0,60000_74999,3,married_couple,no_65_plus,8.0,5
donor_h0003263,08900,9,4,1,2.0,3.0,18300.0,15000_19999,2,other_female_householder,no_65_plus,9.0,4
donor_h0003264,08900,11,12,1,2.0,1.0,46500.0,45000_49999,2,married_couple,no_65_plus,11.0,12
donor_h0003265,08900,12,3,1,4.0,1.0,100000.0,100000_124999,4_plus,married_couple,no_65_plus,12.0,3
donor_h0003266,08900,20,2,1,0.0,2.0,11700.0,10000_14999,0,other_male_householder,no_65_plus,20.0,2
donor_h0003267,08900,7,2,1,1.0,1.0,32400.0,30000_34999,1,married_couple,has_65_plus,7.0,2
donor_h0003268,08900,34,4,1,3.0,1.0,21000.0,20000_24999,3,married_couple,no_65_plus,34.0,4
donor_h0003269,08900,32,1,1,1.0,6.0,5000.0,lt_10000,1,nonfamily_not_living_alone,no_65_plus,32.0,1
donor_h0003270,08900,4,2,1,1.0,1.0,37400.0,35000_39999,1,married_couple,has_65_plus,4.0,2
donor_h0003271,08900,14,5,1,5.0,3.0,80000.0,75000_99999,4_plus,other_female_householder,no_65_plus,14.0,5
donor_h0003272,08900,6,2,1,1.0,1.0,74500.0,60000_74999,1,married_couple,has_65_plus,6.0,2
donor_h0003273,08900,8,2,1,3.0,1.0,114700.0,100000_124999,3,married_couple,no_65_plus,8.0,2
donor_h0003274,08900,10,2,1,1.0,1.0,28550.0,25000_29999,1,married_couple,has_65_plus,10.0,2
donor_h0003275,08900,33,1,1,2.0,6.0,30000.0,30000_34999,2,nonfamily_not_living_alone,no_65_plus,33.0,1
donor_h0003276,08900,2,1,1,2.0,4.0,18000.0,15000_19999,2,nonfamily_living_alone,has_65_plus,2.0,1
donor_h0003277,08900,12,1,1,1.0,6.0,16000.0,15000_19999,1,nonfamily_not_living_alone,no_65_plus,12.0,1
donor_h0003278,08900,22,2,1,2.0,1.0,31300.0,30000_34999,2,married_couple,no_65_plus,22.0,2
donor_h0003279,08900,39,3,1,0.0,1.0,30000.0,30000_34999,0,married_couple,no_65_plus,39.0,3
donor_h0003280,08900,14,1,1,1.0,6.0,12000.0,10000_14999,1,nonfamily_not_living_alone,has_65_plus,14.0,1
donor_h0003281,08900,13,2,1,2.0,1.0,37000.0,35000_39999,2,married_couple,has_65_plus,13.0,2
donor_h0003282,08900,44,1,1,2.0,4.0,126900.0,125000_149999,2,nonfamily_living_alone,has_65_plus,44.0,1
donor_h0003283,08900,15,2,1,1.0,3.0,14300.0,10000_14999,1,other_female_householder,has_65_plus,15.0,2
donor_h0003284,08900,22,7,1,3.0,1.0,45500.0,45000_49999,3,married_couple,no_65_plus,22.0,7
donor_h0003285,08900,11,2,1,2.0,2.0,101100.0,100000_124999,2,other_male_householder,has_65_plus,11.0,2
donor_h0003286,08900,50,3,1,2.0,1.0,47750.0,45000_49999,2,married_couple,no_65_plus,50.0,3
donor_h0003287,08900,25,2,1,2.0,1.0,24230.0,20000_24999,2,married_couple,no_65_plus,25.0,2
donor_h0003288,08900,10,1,1,1.0,6.0,0.0,lt_10000,1,nonfamily_not_living_alone,has_65_plus,10.0,1
donor_h0003289,08900,41,2,1,1.0,7.0,9500.0,lt_10000,1,nonfamily_not_living_alone,no_65_plus,41.0,2
donor_h0003290,08900,6,4,1,5.0,1.0,198000.0,150000_199999,4_plus,married_couple,no_65_plus,6.0,4
donor_h0003291,08900,23,5,1,0.0,7.0,189500.0,150000_199999,0,nonfamily_not_living_alone,no_65_plus,23.0,5
donor_h0003292,08900,17,5,1,4.0,1.0,16100.0,15000_19999,4_plus,married_couple,no_65_plus,17.0,5
donor_h0003293,08900,2,5,1,2.0,1.0,61500.0,60000_74999,2,married_couple,has_65_plus,2.0,5
donor_h0003294,08900,11,2,1,2.0,1.0,10400.0,10000_14999,2,married_couple,has_65_plus,11.0,2
donor_h0003295,08900,11,2,1,4.0,5.0,23000.0,20000_24999,4_plus,nonfamily_living_alone,no_65_plus,11.0,2
donor_h0003296,08900,13,2,1,3.0,1.0,190200.0,150000_199999,3,married_couple,no_65_plus,13.0,2
donor_h0003297,08900,12,2,1,2.0,1.0,50600.0,50000_59999,2,married_couple,has_65_plus,12.0,2
donor_h0003298,08900,6,2,1,2.0,1.0,91500.0,75000_99999,2,married_couple,has_65_plus,6.0,2
donor_h0003299,08900,13,3,1,3.0,1.0,34800.0,30000_34999,3,married_couple,has_65_plus,13.0,3
donor_h0003300,08900,51,2,1,3.0,7.0,9600.0,lt_10000,3,nonfamily_not_living_alone,has_65_plus,51.0,2
donor_h0003301,08900,15,2,1,3.0,1.0,322200.0,200000_plus,3,married_couple,no_65_plus,15.0,2
donor_h0003302,08900,25,3,1,3.0,2.0,38000.0,35000_39999,3,other_male_householder,no_65_plus,25.0,3
donor_h0003303,08900,21,2,1,1.0,3.0,60000.0,60000_74999,1,other_female_householder,no_65_plus,21.0,2
donor_h0003304,08900,27,2,1,2.0,1.0,33600.0,30000_34999,2,married_couple,has_65_plus,27.0,2
donor_h0003305,08900,12,4,1,2.0,1.0,80700.0,75000_99999,2,married_couple,no_65_plus,12.0,4
donor_h0003306,08900,6,4,1,5.0,1.0,299300.0,200000_plus,4_plus,married_couple,has_65_plus,6.0,4
donor_h0003307,08900,3,3,1,1.0,3.0,12700.0,10000_14999,1,other_female_householder,no_65_plus,3.0,3
donor_h0003308,08900,14,2,1,2.0,1.0,47000.0,45000_49999,2,married_couple,has_65_plus,14.0,2
donor_h0003309,08900,40,3,1,0.0,3.0,27800.0,25000_29999,0,other_female_householder,no_65_plus,40.0,3
donor_h0003310,08900,10,1,1,1.0,4.0,28000.0,25000_29999,1,nonfamily_living_alone,no_65_plus,10.0,1
donor_h0003311,08900,5,3,1,1.0,1.0,40560.0,40000_44999,1,married_couple,no_65_plus,5.0,3
donor_h0003312,08900,21,3,1,3.0,1.0,150000.0,150000_199999,3,married_couple,no_65_plus,21.0,3
donor_h0003313,08900,10,5,1,3.0,1.0,36340.0,35000_39999,3,married_couple,no_65_plus,10.0,5
donor_h0003314,08900,67,4,1,4.0,1.0,206000.0,200000_plus,4_plus,married_couple,has_65_plus,67.0,4
donor_h0003315,08900,25,3,1,2.0,1.0,38000.0,35000_39999,2,married_couple,no_65_plus,25.0,3
donor_h0003316,08900,22,3,1,4.0,1.0,60000.0,60000_74999,4_plus,married_couple,no_65_plus,22.0,3
donor_h0003317,08900,15,1,1,1.0,4.0,57000.0,50000_59999,1,nonfamily_living_alone,no_65_plus,15.0,1
donor_h0003318,08900,14,4,1,2.0,1.0,81000.0,75000_99999,2,married_couple,no_65_plus,14.0,4
donor_h0003319,08900,12,2,1,3.0,1.0,170000.0,150000_199999,3,married_couple,no_65_plus,12.0,2
donor_h0003320,08900,13,4,1,3.0,1.0,493600.0,200000_plus,3,married_couple,no_65_plus,13.0,4
donor_h0003321,08900,8,7,1,4.0,1.0,67460.0,60000_74999,4_plus,married_couple,no_65_plus,8.0,7
donor_h0003322,08900,18,2,1,6.0,1.0,76400.0,75000_99999,4_plus,married_couple,no_65_plus,18.0,2
donor_h0003323,08900,9,2,1,3.0,1.0,151840.0,150000_199999,3,married_couple,no_65_plus,9.0,2
donor_h0003324,08900,5,2,1,2.0,1.0,51000.0,50000_59999,2,married_couple,no_65_plus,5.0,2
donor_h0003325,08900,43,3,1,2.0,1.0,47000.0,45000_49999,2,married_couple,no_65_plus,43.0,3
donor_h0003326,08900,10,2,1,4.0,1.0,115400.0,100000_124999,4_plus,married_couple,has_65_plus,10.0,2
donor_h0003327,08900,31,3,1,3.0,3.0,43300.0,40000_44999,3,other_female_householder,has_65_plus,31.0,3
donor_h0003328,08900,17,2,1,0.0,1.0,10400.0,10000_14999,0,married_couple,no_65_plus,17.0,2
donor_h0003329,08900,7,2,1,2.0,1.0,33100.0,30000_34999,2,married_couple,has_65_plus,7.0,2
donor_h0003330,08900,15,2,1,3.0,1.0,6000.0,lt_10000,3,married_couple,no_65_plus,15.0,2
donor_h0003331,08900,12,2,1,2.0,1.0,21000.0,20000_24999,2,married_couple,has_65_plus,12.0,2
donor_h0003332,08900,13,4,1,2.0,1.0,88000.0,75000_99999,2,married_couple,no_65_plus,13.0,4
donor_h0003333,08900,16,1,1,1.0,6.0,25400.0,25000_29999,1,nonfamily_not_living_alone,no_65_plus,16.0,1
donor_h0003334,08900,9,1,1,1.0,6.0,16800.0,15000_19999,1,nonfamily_not_living_alone,has_65_plus,9.0,1
donor_h0003335,08900,10,2,1,2.0,7.0,84900.0,75000_99999,2,nonfamily_not_living_alone,no_65_plus,10.0,2
donor_h0003336,08900,34,1,1,1.0,4.0,15200.0,15000_19999,1,nonfamily_living_alone,has_65_plus,34.0,1
donor_h0003337,08900,7,7,1,6.0,3.0,60700.0,60000_74999,4_plus,other_female_householder,no_65_plus,7.0,7
donor_h0003338,08900,13,2,1,2.0,1.0,77600.0,75000_99999,2,married_couple,has_65_plus,13.0,2
donor_h0003339,08900,8,2,1,2.0,1.0,130700.0,125000_149999,2,married_couple,no_65_plus,8.0,2
donor_h0003340,08900,35,2,1,3.0,1.0,77200.0,75000_99999,3,married_couple,has_65_plus,35.0,2
donor_h0003341,08900,14,2,1,2.0,3.0,32000.0,30000_34999,2,other_female_householder,no_65_plus,14.0,2
donor_h0003342,08900,12,4,1,6.0,1.0,198000.0,150000_199999,4_plus,married_couple,no_65_plus,12.0,4
donor_h0003343,08900,15,2,1,2.0,1.0,80000.0,75000_99999,2,married_couple,no_65_plus,15.0,2
donor_h0003344,08900,4,2,1,4.0,1.0,30100.0,30000_34999,4_plus,married_couple,has_65_plus,4.0,2
donor_h0003345,08900,10,3,1,4.0,1.0,131500.0,125000_149999,4_plus,married_couple,no_65_plus,10.0,3
donor_h0003346,08900,6,2,1,2.0,1.0,133200.0,125000_149999,2,married_couple,has_65_plus,6.0,2
donor_h0003347,08900,60,1,1,0.0,6.0,18000.0,15000_19999,0,nonfamily_not_living_alone,has_65_plus,60.0,1
donor_h0003348,08900,21,3,1,3.0,1.0,138500.0,125000_149999,3,married_couple,no_65_plus,21.0,3
donor_h0003349,08900,8,3,1,5.0,1.0,161000.0,150000_199999,4_plus,married_couple,has_65_plus,8.0,3
donor_h0003350,08900,5,4,1,4.0,1.0,269900.0,200000_plus,4_plus,married_couple,no_65_plus,5.0,4
donor_h0003351,08900,7,2,1,2.0,1.0,46000.0,45000_49999,2,married_couple,has_65_plus,7.0,2
donor_h0003352,08900,32,1,1,1.0,4.0,168000.0,150000_199999,1,nonfamily_living_alone,no_65_plus,32.0,1
donor_h0003353,08900,20,2,1,1.0,1.0,33650.0,30000_34999,1,married_couple,has_65_plus,20.0,2
donor_h0003354,08900,6,2,1,1.0,1.0,31000.0,30000_34999,1,married_couple,has_65_plus,6.0,2
donor_h0003355,08900,12,5,1,3.0,1.0,65000.0,60000_74999,3,married_couple,no_65_plus,12.0,5
donor_h0003356,08900,40,3,1,3.0,7.0,375300.0,200000_plus,3,nonfamily_not_living_alone,has_65_plus,40.0,3
donor_h0003357,08900,35,2,1,3.0,5.0,157000.0,150000_199999,3,nonfamily_living_alone,no_65_plus,35.0,2
donor_h0003358,08900,10,3,1,3.0,1.0,80000.0,75000_99999,3,married_couple,has_65_plus,10.0,3
donor_h0003359,08900,23,2,1,2.0,1.0,18200.0,15000_19999,2,married_couple,has_65_plus,23.0,2
donor_h0003360,08900,50,4,1,2.0,1.0,14000.0,10000_14999,2,married_couple,no_65_plus,50.0,4
donor_h0003361,08900,13,5,1,3.0,1.0,51380.0,50000_59999,3,married_couple,no_65_plus,13.0,5
donor_h0003362,08900,15,3,1,4.0,2.0,39600.0,35000_39999,4_plus,other_male_householder,no_65_plus,15.0,3
donor_h0003363,08900,23,1,1,1.0,6.0,33100.0,30000_34999,1,nonfamily_not_living_alone,no_65_plus,23.0,1
donor_h0003364,08900,17,1,1,1.0,6.0,24600.0,20000_24999,1,nonfamily_not_living_alone,has_65_plus,17.0,1
donor_h0003365,08900,9,2,1,2.0,1.0,136200.0,125000_149999,2,married_couple,no_65_plus,9.0,2
donor_h0003366,08900,24,3,1,3.0,1.0,123000.0,100000_124999,3,married_couple,no_65_plus,24.0,3
donor_h0003367,08900,15,1,1,1.0,4.0,24000.0,20000_24999,1,nonfamily_living_alone,no_65_plus,15.0,1
donor_h0003368,08900,16,2,1,3.0,1.0,82000.0,75000_99999,3,married_couple,no_65_plus,16.0,2
donor_h0003369,08900,19,4,1,4.0,1.0,396000.0,200000_plus,4_plus,married_couple,has_65_plus,19.0,4
donor_h0003370,08900,3,1,1,2.0,4.0,24000.0,20000_24999,2,nonfamily_living_alone,no_65_plus,3.0,1
donor_h0003371,08900,8,2,1,2.0,1.0,50900.0,50000_59999,2,married_couple,has_65_plus,8.0,2
donor_h0003372,08900,9,3,1,4.0,1.0,83000.0,75000_99999,4_plus,married_couple,no_65_plus,9.0,3
donor_h0003373,08900,6,2,1,0.0,1.0,122400.0,100000_124999,0,married_couple,has_65_plus,6.0,2
donor_h0003374,08900,18,2,1,4.0,1.0,64300.0,60000_74999,4_plus,married_couple,no_65_plus,18.0,2
donor_h0003375,08900,12,1,1,1.0,6.0,12800.0,10000_14999,1,nonfamily_not_living_alone,has_65_plus,12.0,1
donor_h0003376,08900,3,1,1,0.0,6.0,83000.0,75000_99999,0,nonfamily_not_living_alone,has_65_plus,3.0,1
donor_h0003377,08900,5,2,1,1.0,1.0,21100.0,20000_24999,1,married_couple,has_65_plus,5.0,2
donor_h0003378,08900,4,2,1,2.0,1.0,141400.0,125000_149999,2,married_couple,no_65_plus,4.0,2
donor_h0003379,08900,14,2,1,3.0,1.0,65000.0,60000_74999,3,married_couple,no_65_plus,14.0,2
donor_h0003380,08900,15,1,1,1.0,4.0,14000.0,10000_14999,1,nonfamily_living_alone,no_65_plus,15.0,1
donor_h0003381,08900,10,1,1,2.0,4.0,20000.0,20000_24999,2,nonfamily_living_alone,no_65_plus,10.0,1
donor_h0003382,08900,4,2,1,2.0,1.0,31200.0,30000_34999,2,married_couple,no_65_plus,4.0,2
donor_h0003383,08900,6,2,1,3.0,1.0,69000.0,60000_74999,3,married_couple,has_65_plus,6.0,2
donor_h0003384,08900,8,4,1,2.0,2.0,115000.0,100000_124999,2,other_male_householder,no_65_plus,8.0,4
donor_h0003385,08900,22,1,1,0.0,6.0,10800.0,10000_14999,0,nonfamily_not_living_alone,no_65_plus,22.0,1
donor_h0003386,08900,9,2,1,3.0,1.0,487000.0,200000_plus,3,married_couple,no_65_plus,9.0,2
donor_h0003387,08900,45,2,1,0.0,3.0,6500.0,lt_10000,0,other_female_householder,no_65_plus,45.0,2
donor_h0003388,08900,14,2,1,1.0,7.0,37000.0,35000_39999,1,nonfamily_not_living_alone,no_65_plus,14.0,2
donor_h0003389,08900,14,2,1,2.0,1.0,24400.0,20000_24999,2,married_couple,has_65_plus,14.0,2
donor_h0003390,08900,15,2,1,5.0,1.0,28000.0,25000_29999,4_plus,married_couple,no_65_plus,15.0,2
donor_h0003391,08900,16,2,1,1.0,1.0,29300.0,25000_29999,1,married_couple,has_65_plus,16.0,2
donor_h0003392,08900,19,1,1,1.0,6.0,3700.0,lt_10000,1,nonfamily_not_living_alone,no_65_plus,19.0,1
donor_h0003393,08900,14,1,1,2.0,4.0,20800.0,20000_24999,2,nonfamily_living_alone,has_65_plus,14.0,1
donor_h0003394,08900,23,4,1,2.0,2.0,70000.0,60000_74999,2,other_male_householder,no_65_plus,23.0,4
donor_h0003395,08900,9,3,1,1.0,2.0,112640.0,100000_124999,1,other_male_householder,no_65_plus,9.0,3
donor_h0003396,08900,26,2,1,2.0,1.0,82260.0,75000_99999,2,married_couple,has_65_plus,26.0,2
donor_h0003397,08900,13,2,1,1.0,1.0,191100.0,150000_199999,1,married_couple,has_65_plus,13.0,2
donor_h0003398,08900,14,2,1,3.0,1.0,70880.0,60000_74999,3,married_couple,has_65_plus,14.0,2
donor_h0003399,08900,14,4,1,6.0,1.0,116500.0,100000_124999,4_plus,married_couple,no_65_plus,14.0,4
donor_h0003400,08900,13,4,1,3.0,1.0,126800.0,125000_149999,3,married_couple,no_65_plus,13.0,4
donor_h0003401,08900,3,2,1,3.0,1.0,43730.0,40000_44999,3,married_couple,has_65_plus,3.0,2
donor_h0003402,08900,17,2,1,2.0,7.0,52000.0,50000_59999,2,nonfamily_not_living_alone,no_65_plus,17.0,2
donor_h0003403,08900,8,1,1,1.0,6.0,42300.0,40000_44999,1,nonfamily_not_living_alone,has_65_plus,8.0,1
donor_h0003404,08900,6,1,1,1.0,6.0,6000.0,lt_10000,1,nonfamily_not_living_alone,has_65_plus,6.0,1
donor_h0003405,08900,9,2,1,3.0,1.0,75700.0,75000_99999,3,married_couple,has_65_plus,9.0,2
donor_h0003406,08900,13,5,1,3.0,1.0,44400.0,40000_44999,3,married_couple,no_65_plus,13.0,5
donor_h0003407,08900,13,2,1,2.0,1.0,53400.0,50000_59999,2,married_couple,no_65_plus,13.0,2
donor_h0003408,08900,21,2,1,1.0,1.0,27800.0,25000_29999,1,married_couple,no_65_plus,21.0,2
donor_h0003409,08900,9,2,1,3.0,5.0,32400.0,30000_34999,3,nonfamily_living_alone,no_65_plus,9.0,2
donor_h0003410,08900,13,2,1,3.0,1.0,49000.0,45000_49999,3,married_couple,has_65_plus,13.0,2
donor_h0003411,08900,33,4,1,1.0,3.0,26500.0,25000_29999,1,other_female_householder,no_65_plus,33.0,4
donor_h0003412,08900,5,1,1,3.0,6.0,24100.0,20000_24999,3,nonfamily_not_living_alone,has_65_plus,5.0,1
donor_h0003413,08900,13,1,1,3.0,4.0,75000.0,75000_99999,3,nonfamily_living_alone,no_65_plus,13.0,1
donor_h0003414,08900,15,2,1,3.0,1.0,50400.0,50000_59999,3,married_couple,no_65_plus,15.0,2
donor_h0003415,08900,9,1,1,1.0,4.0,13600.0,10000_14999,1,nonfamily_living_alone,has_65_plus,9.0,1
donor_h0003416,08900,3,1,1,1.0,4.0,0.0,lt_10000,1,nonfamily_living_alone,no_65_plus,3.0,1
donor_h0003417,08900,29,2,1,2.0,1.0,53000.0,50000_59999,2,married_couple,has_65_plus,29.0,2
donor_h0003418,08900,19,2,1,3.0,5.0,97200.0,75000_99999,3,nonfamily_living_alone,has_65_plus,19.0,2
donor_h0003419,08900,11,3,1,2.0,3.0,53900.0,50000_59999,2,other_female_householder,has_65_plus,11.0,3
donor_h0003420,08900,36,1,1,0.0,6.0,13000.0,10000_14999,0,nonfamily_not_living_alone,no_65_plus,36.0,1
donor_h0003421,08900,5,2,1,2.0,1.0,37000.0,35000_39999,2,married_couple,has_65_plus,5.0,2
donor_h0003422,08900,14,2,1,2.0,1.0,60000.0,60000_74999,2,married_couple,no_65_plus,14.0,2
donor_h0003423,08900,1,2,1,3.0,1.0,99700.0,75000_99999,3,married_couple,no_65_plus,1.0,2
donor_h0003424,08900,11,2,1,1.0,5.0,26000.0,25000_29999,1,nonfamily_living_alone,no_65_plus,11.0,2
donor_h0003425,08900,45,2,1,2.0,1.0,45000.0,45000_49999,2,married_couple,no_65_plus,45.0,2
donor_h0003426,08900,5,3,1,3.0,1.0,131000.0,125000_149999,3,married_couple,no_65_plus,5.0,3
donor_h0003427,08900,10,1,1,0.0,4.0,1440.0,lt_10000,0,nonfamily_living_alone,has_65_plus,10.0,1
donor_h0003428,08900,21,3,1,4.0,1.0,85100.0,75000_99999,4_plus,married_couple,has_65_plus,21.0,3
donor_h0003429,08900,4,2,1,2.0,1.0,40300.0,40000_44999,2,married_couple,has_65_plus,4.0,2
donor_h0003430,08900,14,2,1,4.0,1.0,41000.0,40000_44999,4_plus,married_couple,has_65_plus,14.0,2
donor_h0003431,08900,24,2,1,1.0,3.0,28000.0,25000_29999,1,other_female_householder,no_65_plus,24.0,2
donor_h0003432,08900,11,1,1,1.0,4.0,22570.0,20000_24999,1,nonfamily_living_alone,no_65_plus,11.0,1
donor_h0003433,08900,39,2,1,2.0,1.0,40000.0,40000_44999,2,married_couple,no_65_plus,39.0,2
donor_h0003434,08900,14,1,1,1.0,4.0,108000.0,100000_124999,1,nonfamily_living_alone,no_65_plus,14.0,1
donor_h0003435,08900,15,4,1,3.0,1.0,104000.0,100000_124999,3,married_couple,no_65_plus,15.0,4
donor_h0003436,08900,9,2,1,1.0,1.0,35600.0,35000_39999,1,married_couple,has_65_plus,9.0,2
donor_h0003437,08900,18,1,1,0.0,4.0,17000.0,15000_19999,0,nonfamily_living_alone,no_65_plus,18.0,1
donor_h0003438,08900,30,2,1,3.0,1.0,196000.0,150000_199999,3,married_couple,no_65_plus,30.0,2
donor_h0003439,08900,40,1,1,1.0,6.0,13700.0,10000_14999,1,nonfamily_not_living_alone,no_65_plus,40.0,1
donor_h0003440,08900,42,3,1,2.0,3.0,50000.0,50000_59999,2,other_female_householder,no_65_plus,42.0,3
donor_h0003441,08900,8,1,1,2.0,6.0,56560.0,50000_59999,2,nonfamily_not_living_alone,has_65_plus,8.0,1
donor_h0003442,08900,20,1,1,1.0,6.0,93700.0,75000_99999,1,nonfamily_not_living_alone,has_65_plus,20.0,1
donor_h0003443,08900,11,2,1,2.0,1.0,27900.0,25000_29999,2,married_couple,no_65_plus,11.0,2
donor_h0003444,08900,15,3,1,2.0,1.0,30000.0,30000_34999,2,married_couple,no_65_plus,15.0,3
donor_h0003445,08900,12,1,1,1.0,6.0,48500.0,45000_49999,1,nonfamily_not_living_alone,has_65_plus,12.0,1
donor_h0003446,08900,12,3,1,2.0,2.0,95600.0,75000_99999,2,other_male_householder,has_65_plus,12.0,3
donor_h0003447,08900,5,2,1,3.0,1.0,45700.0,45000_49999,3,married_couple,no_65_plus,5.0,2
donor_h0003448,08900,3,2,1,1.0,2.0,19000.0,15000_19999,1,other_male_householder,has_65_plus,3.0,2
donor_h0003449,08900,43,3,1,2.0,2.0,38800.0,35000_39999,2,other_male_householder,has_65_plus,43.0,3
donor_h0003450,08900,4,3,1,2.0,1.0,59200.0,50000_59999,2,married_couple,has_65_plus,4.0,3
donor_h0003451,08900,13,1,1,1.0,6.0,30800.0,30000_34999,1,nonfamily_not_living_alone,no_65_plus,13.0,1
donor_h0003452,08900,7,5,1,6.0,1.0,173800.0,150000_199999,4_plus,married_couple,no_65_plus,7.0,5
donor_h0003453,08900,16,3,1,4.0,1.0,211700.0,200000_plus,4_plus,married_couple,no_65_plus,16.0,3
donor_h0003454,08900,42,4,1,2.0,1.0,76000.0,75000_99999,2,married_couple,no_65_plus,42.0,4
donor_h0003455,08900,37,7,1,4.0,1.0,89700.0,75000_99999,4_plus,married_couple,no_65_plus,37.0,7
donor_h0003456,08900,10,1,1,1.0,4.0,60000.0,60000_74999,1,nonfamily_living_alone,has_65_plus,10.0,1
donor_h0003457,08900,12,1,1,1.0,4.0,10400.0,10000_14999,1,nonfamily_living_alone,has_65_plus,12.0,1
donor_h0003458,08900,16,3,1,2.0,1.0,135000.0,125000_149999,2,married_couple,no_65_plus,16.0,3
donor_h0003459,08900,11,3,1,4.0,1.0,238000.0,200000_plus,4_plus,married_couple,no_65_plus,11.0,3
donor_h0003460,08900,16,3,1,5.0,3.0,366300.0,200000_plus,4_plus,other_female_householder,no_65_plus,16.0,3
donor_h0003461,08900,9,1,1,0.0,6.0,13700.0,10000_14999,0,nonfamily_not_living_alone,no_65_plus,9.0,1
donor_h0003462,08900,28,2,1,2.0,1.0,158500.0,150000_199999,2,married_couple,no_65_plus,28.0,2
donor_h0003463,08900,13,3,1,3.0,2.0,6600.0,lt_10000,3,other_male_householder,no_65_plus,13.0,3
donor_h0003464,08900,12,6,1,3.0,1.0,38200.0,35000_39999,3,married_couple,no_65_plus,12.0,6
donor_h0003465,08900,8,6,1,4.0,1.0,33600.0,30000_34999,4_plus,married_couple,has_65_plus,8.0,6
donor_h0003466,08900,15,2,1,2.0,1.0,183100.0,150000_199999,2,married_couple,no_65_plus,15.0,2
donor_h0003467,08900,9,2,1,1.0,1.0,25000.0,25000_29999,1,married_couple,has_65_plus,9.0,2
donor_h0003468,08900,8,2,1,3.0,1.0,85700.0,75000_99999,3,married_couple,no_65_plus,8.0,2
donor_h0003469,08900,7,2,1,2.0,1.0,120000.0,100000_124999,2,married_couple,no_65_plus,7.0,2
donor_h0003470,08900,15,4,1,4.0,1.0,71000.0,60000_74999,4_plus,married_couple,no_65_plus,15.0,4
donor_h0003471,08900,23,2,1,2.0,1.0,86030.0,75000_99999,2,married_couple,has_65_plus,23.0,2
donor_h0003472,08900,9,1,1,3.0,4.0,30000.0,30000_34999,3,nonfamily_living_alone,no_65_plus,9.0,1
donor_h0003473,08900,19,4,1,2.0,3.0,17000.0,15000_19999,2,other_female_householder,no_65_plus,19.0,4
donor_h0003474,08900,4,2,1,2.0,7.0,59600.0,50000_59999,2,nonfamily_not_living_alone,no_65_plus,4.0,2
donor_h0003475,08900,9,1,1,1.0,4.0,100000.0,100000_124999,1,nonfamily_living_alone,no_65_plus,9.0,1
donor_h0003476,08900,9,2,1,2.0,1.0,120000.0,100000_124999,2,married_couple,no_65_plus,9.0,2
donor_h0003477,08900,12,2,1,4.0,1.0,70500.0,60000_74999,4_plus,married_couple,has_65_plus,12.0,2
donor_h0003478,08900,15,2,1,3.0,1.0,35300.0,35000_39999,3,married_couple,has_65_plus,15.0,2
donor_h0003479,08900,19,3,1,1.0,3.0,52000.0,50000_59999,1,other_female_householder,no_65_plus,19.0,3
donor_h0003480,08900,45,1,1,0.0,4.0,11400.0,10000_14999,0,nonfamily_living_alone,no_65_plus,45.0,1
donor_h0003481,08900,50,3,1,1.0,3.0,49800.0,45000_49999,1,other_female_householder,no_65_plus,50.0,3
donor_h0003482,08900,6,1,1,1.0,4.0,650.0,lt_10000,1,nonfamily_living_alone,no_65_plus,6.0,1
donor_h0003483,08900,6,2,1,1.0,1.0,34900.0,30000_34999,1,married_couple,has_65_plus,6.0,2
donor_h0003484,08900,14,2,1,3.0,1.0,157400.0,150000_199999,3,married_couple,has_65_plus,14.0,2
donor_h0003485,08900,18,5,1,1.0,1.0,10400.0,10000_14999,1,married_couple,no_65_plus,18.0,5
donor_h0003486,08900,12,1,1,2.0,6.0,95100.0,75000_99999,2,nonfamily_not_living_alone,no_65_plus,12.0,1
donor_h0003487,08900,16,2,1,2.0,5.0,41000.0,40000_44999,2,nonfamily_living_alone,no_65_plus,16.0,2
donor_h0003488,08900,8,1,1,2.0,6.0,12000.0,10000_14999,2,nonfamily_not_living_alone,no_65_plus,8.0,1
donor_h0003489,08900,12,2,1,3.0,1.0,113500.0,100000_124999,3,married_couple,no_65_plus,12.0,2
donor_h0003490,08900,9,2,1,2.0,1.0,84900.0,75000_99999,2,married_couple,has_65_plus,9.0,2
donor_h0003491,08900,4,2,1,0.0,2.0,24600.0,20000_24999,0,other_male_householder,has_65_plus,4.0,2
donor_h0003492,08900,14,2,1,2.0,7.0,60000.0,60000_74999,2,nonfamily_not_living_alone,no_65_plus,14.0,2
donor_h0003493,08900,9,1,1,2.0,6.0,88000.0,75000_99999,2,nonfamily_not_living_alone,no_65_plus,9.0,1
donor_h0003494,08900,68,4,1,3.0,1.0,44500.0,40000_44999,3,married_couple,no_65_plus,68.0,4
donor_h0003495,08900,17,1,1,2.0,4.0,65040.0,60000_74999,2,nonfamily_living_alone,no_65_plus,17.0,1
donor_h0003496,08900,36,1,1,0.0,6.0,11000.0,10000_14999,0,nonfamily_not_living_alone,no_65_plus,36.0,1
donor_h0003497,08900,14,1,1,1.0,4.0,33400.0,30000_34999,1,nonfamily_living_alone,has_65_plus,14.0,1
donor_h0003498,08900,13,1,1,1.0,6.0,16000.0,15000_19999,1,nonfamily_not_living_alone,no_65_plus,13.0,1
donor_h0003499,08900,17,2,1,1.0,7.0,53000.0,50000_59999,1,nonfamily_not_living_alone,no_65_plus,17.0,2
donor_h0003500,08900,13,3,1,1.0,2.0,111730.0,100000_124999,1,other_male_householder,no_65_plus,13.0,3
donor_h0003501,08900,11,2,1,2.0,1.0,0.0,lt_10000,2,married_couple,no_65_plus,11.0,2
donor_h0003502,08900,15,3,1,2.0,3.0,56000.0,50000_59999,2,other_female_householder,no_65_plus,15.0,3
donor_h0003503,08900,15,2,1,2.0,1.0,144000.0,125000_149999,2,married_couple,no_65_plus,15.0,2
donor_h0003504,08900,10,1,1,1.0,6.0,124000.0,100000_124999,1,nonfamily_not_living_alone,no_65_plus,10.0,1
donor_h0003505,08900,14,1,1,2.0,4.0,48200.0,45000_49999,2,nonfamily_living_alone,has_65_plus,14.0,1
donor_h0003506,08900,8,4,1,3.0,3.0,236100.0,200000_plus,3,other_female_householder,has_65_plus,8.0,4
donor_h0003507,08900,13,5,1,4.0,1.0,185000.0,150000_199999,4_plus,married_couple,no_65_plus,13.0,5
donor_h0003508,08900,50,1,1,2.0,4.0,20000.0,20000_24999,2,nonfamily_living_alone,no_65_plus,50.0,1
donor_h0003509,08900,7,2,1,2.0,1.0,51400.0,50000_59999,2,married_couple,has_65_plus,7.0,2
donor_h0003510,08900,14,2,1,0.0,1.0,22700.0,20000_24999,0,married_couple,has_65_plus,14.0,2
donor_h0003511,08900,7,2,1,3.0,1.0,200000.0,200000_plus,3,married_couple,no_65_plus,7.0,2
donor_h0003512,08900,12,4,1,2.0,1.0,84300.0,75000_99999,2,married_couple,no_65_plus,12.0,4
donor_h0003513,08900,11,3,1,1.0,3.0,23000.0,20000_24999,1,other_female_householder,no_65_plus,11.0,3
donor_h0003514,08900,16,1,1,1.0,4.0,12000.0,10000_14999,1,nonfamily_living_alone,no_65_plus,16.0,1
donor_h0003515,08900,30,2,1,3.0,1.0,65000.0,60000_74999,3,married_couple,has_65_plus,30.0,2
donor_h0003516,08900,9,2,1,4.0,1.0,269000.0,200000_plus,4_plus,married_couple,has_65_plus,9.0,2
donor_h0003517,08900,12,1,1,1.0,4.0,18600.0,15000_19999,1,nonfamily_living_alone,no_65_plus,12.0,1
donor_h0003518,08900,14,1,1,1.0,6.0,3900.0,lt_10000,1,nonfamily_not_living_alone,has_65_plus,14.0,1
donor_h0003519,08900,7,3,1,2.0,1.0,99000.0,75000_99999,2,married_couple,no_65_plus,7.0,3
donor_h0003520,08900,10,2,1,1.0,1.0,57700.0,50000_59999,1,married_couple,has_65_plus,10.0,2
donor_h0003521,08900,52,1,1,5.0,4.0,35000.0,35000_39999,4_plus,nonfamily_living_alone,has_65_plus,52.0,1
donor_h0003522,08900,16,4,1,3.0,1.0,89000.0,75000_99999,3,married_couple,no_65_plus,16.0,4
donor_h0003523,08900,30,1,1,1.0,6.0,7200.0,lt_10000,1,nonfamily_not_living_alone,has_65_plus,30.0,1
donor_h0003524,08900,6,2,1,2.0,1.0,388300.0,200000_plus,2,married_couple,has_65_plus,6.0,2
donor_h0003525,08900,15,3,1,2.0,1.0,85200.0,75000_99999,2,married_couple,no_65_plus,15.0,3
donor_h0003526,08900,6,1,1,1.0,4.0,69400.0,60000_74999,1,nonfamily_living_alone,has_65_plus,6.0,1
donor_h0003527,08900,6,3,1,1.0,2.0,6000.0,lt_10000,1,other_male_householder,no_65_plus,6.0,3
donor_h0003528,08900,1,2,1,2.0,1.0,61100.0,60000_74999,2,married_couple,has_65_plus,1.0,2
donor_h0003529,08900,12,3,1,3.0,1.0,63000.0,60000_74999,3,married_couple,no_65_plus,12.0,3
donor_h0003530,08900,3,1,1,1.0,4.0,34400.0,30000_34999,1,nonfamily_living_alone,no_65_plus,3.0,1
donor_h0003531,08900,17,2,1,3.0,1.0,86000.0,75000_99999,3,married_couple,no_65_plus,17.0,2
donor_h0003532,08900,6,2,1,3.0,1.0,40000.0,40000_44999,3,married_couple,no_65_plus,6.0,2
donor_h0003533,08900,13,2,1,1.0,3.0,92000.0,75000_99999,1,other_female_householder,no_65_plus,13.0,2
donor_h0003534,08900,5,2,1,3.0,1.0,21150.0,20000_24999,3,married_couple,no_65_plus,5.0,2
donor_h0003535,08900,7,2,1,0.0,1.0,120000.0,100000_124999,0,married_couple,no_65_plus,7.0,2
donor_h0003536,08900,7,2,1,2.0,3.0,25500.0,25000_29999,2,other_female_householder,has_65_plus,7.0,2
donor_h0003537,08900,4,3,1,4.0,2.0,88800.0,75000_99999,4_plus,other_male_householder,no_65_plus,4.0,3
donor_h0003538,08900,14,4,1,4.0,3.0,33300.0,30000_34999,4_plus,other_female_householder,no_65_plus,14.0,4
donor_h0003539,08900,12,2,1,2.0,1.0,64700.0,60000_74999,2,married_couple,has_65_plus,12.0,2
donor_h0003540,08900,10,1,1,2.0,4.0,90000.0,75000_99999,2,nonfamily_living_alone,has_65_plus,10.0,1
donor_h0003541,08900,11,1,1,1.0,6.0,40800.0,40000_44999,1,nonfamily_not_living_alone,no_65_plus,11.0,1
donor_h0003542,08900,22,4,1,1.0,1.0,47000.0,45000_49999,1,married_couple,no_65_plus,22.0,4
donor_h0003543,08900,12,3,1,5.0,2.0,92800.0,75000_99999,4_plus,other_male_householder,has_65_plus,12.0,3
donor_h0003544,08900,8,2,1,2.0,1.0,70900.0,60000_74999,2,married_couple,has_65_plus,8.0,2
donor_h0003545,08900,13,1,1,1.0,6.0,60000.0,60000_74999,1,nonfamily_not_living_alone,no_65_plus,13.0,1
donor_h0003546,08900,10,4,1,2.0,1.0,113200.0,100000_124999,2,married_couple,no_65_plus,10.0,4
donor_h0003547,08900,13,3,1,3.0,1.0,370000.0,200000_plus,3,married_couple,no_65_plus,13.0,3
donor_h0003548,08900,6,2,1,3.0,2.0,45200.0,45000_49999,3,other_male_householder,has_65_plus,6.0,2
donor_h0003549,08900,3,3,1,1.0,3.0,75000.0,75000_99999,1,other_female_householder,no_65_plus,3.0,3
donor_h0003550,08900,10,7,1,2.0,1.0,113000.0,100000_124999,2,married_couple,no_65_plus,10.0,7
donor_h0003551,08900,13,2,1,2.0,1.0,114100.0,100000_124999,2,married_couple,has_65_plus,13.0,2
donor_h0003552,08900,13,2,1,3.0,1.0,53300.0,50000_59999,3,married_couple,has_65_plus,13.0,2
donor_h0003553,08900,10,2,1,2.0,1.0,103000.0,100000_124999,2,married_couple,no_65_plus,10.0,2
donor_h0003554,08900,10,2,1,3.0,1.0,89100.0,75000_99999,3,married_couple,has_65_plus,10.0,2
donor_h0003555,08900,14,2,1,1.0,3.0,51500.0,50000_59999,1,other_female_householder,has_65_plus,14.0,2
donor_h0003556,08900,14,2,1,3.0,1.0,17600.0,15000_19999,3,married_couple,has_65_plus,14.0,2
donor_h0003557,08900,11,2,1,2.0,1.0,43260.0,40000_44999,2,married_couple,has_65_plus,11.0,2
donor_h0003558,08900,15,3,1,1.0,5.0,76800.0,75000_99999,1,nonfamily_living_alone,has_65_plus,15.0,3
donor_h0003559,08900,15,2,1,2.0,1.0,82700.0,75000_99999,2,married_couple,has_65_plus,15.0,2
donor_h0003560,08900,13,2,1,3.0,1.0,116600.0,100000_124999,3,married_couple,has_65_plus,13.0,2
donor_h0003561,08900,19,2,1,2.0,1.0,47600.0,45000_49999,2,married_couple,has_65_plus,19.0,2
donor_h0003562,08900,5,1,1,1.0,6.0,52000.0,50000_59999,1,nonfamily_not_living_alone,has_65_plus,5.0,1
donor_h0003563,08900,41,1,1,2.0,4.0,2000.0,lt_10000,2,nonfamily_living_alone,has_65_plus,41.0,1
donor_h0003564,08900,11,5,1,5.0,1.0,97700.0,75000_99999,4_plus,married_couple,no_65_plus,11.0,5
donor_h0003565,08900,14,1,1,2.0,4.0,42500.0,40000_44999,2,nonfamily_living_alone,has_65_plus,14.0,1
donor_h0003566,08900,15,3,1,3.0,1.0,53300.0,50000_59999,3,married_couple,has_65_plus,15.0,3
donor_h0003567,08900,60,1,1,1.0,6.0,10000.0,10000_14999,1,nonfamily_not_living_alone,no_65_plus,60.0,1
donor_h0003568,08900,12,1,1,1.0,6.0,12500.0,10000_14999,1,nonfamily_not_living_alone,has_65_plus,12.0,1
donor_h0003569,08900,10,1,1,3.0,4.0,18000.0,15000_19999,3,nonfamily_living_alone,has_65_plus,10.0,1
donor_h0003570,08900,2,2,1,1.0,1.0,26800.0,25000_29999,1,married_couple,no_65_plus,2.0,2
donor_h0003571,08900,6,3,1,3.0,3.0,112000.0,100000_124999,3,other_female_householder,has_65_plus,6.0,3
donor_h0003572,08900,9,1,1,1.0,6.0,20590.0,20000_24999,1,nonfamily_not_living_alone,has_65_plus,9.0,1
donor_h0003573,08900,12,2,1,2.0,1.0,81600.0,75000_99999,2,married_couple,has_65_plus,12.0,2
donor_h0003574,08900,10,4,1,4.0,2.0,80600.0,75000_99999,4_plus,other_male_householder,has_65_plus,10.0,4
donor_h0003575,08900,20,6,1,3.0,3.0,133800.0,125000_149999,3,other_female_householder,has_65_plus,20.0,6
donor_h0003576,08900,23,1,1,1.0,6.0,35000.0,35000_39999,1,nonfamily_not_living_alone,no_65_plus,23.0,1
donor_h0003577,08900,14,2,1,1.0,7.0,14400.0,10000_14999,1,nonfamily_not_living_alone,has_65_plus,14.0,2
donor_h0003578,08900,5,2,1,3.0,1.0,106400.0,100000_124999,3,married_couple,has_65_plus,5.0,2
donor_h0003579,08900,9,4,1,3.0,1.0,121000.0,100000_124999,3,married_couple,no_65_plus,9.0,4
donor_h0003580,08900,14,1,1,0.0,6.0,16800.0,15000_19999,0,nonfamily_not_living_alone,has_65_plus,14.0,1
donor_h0003581,08900,32,1,1,1.0,6.0,0.0,lt_10000,1,nonfamily_not_living_alone,no_65_plus,32.0,1
donor_h0003582,08900,14,5,1,2.0,1.0,112000.0,100000_124999,2,married_couple,no_65_plus,14.0,5
donor_h0003583,08900,13,1,1,2.0,4.0,29500.0,25000_29999,2,nonfamily_living_alone,has_65_plus,13.0,1
donor_h0003584,08900,7,3,1,2.0,1.0,17300.0,15000_19999,2,married_couple,has_65_plus,7.0,3
donor_h0003585,08900,14,5,1,4.0,1.0,189200.0,150000_199999,4_plus,married_couple,no_65_plus,14.0,5
donor_h0003586,08900,13,1,1,3.0,6.0,17900.0,15000_19999,3,nonfamily_not_living_alone,no_65_plus,13.0,1
donor_h0003587,08900,12,2,1,2.0,1.0,33300.0,30000_34999,2,married_couple,has_65_plus,12.0,2
donor_h0003588,08900,21,1,1,1.0,4.0,21200.0,20000_24999,1,nonfamily_living_alone,has_65_plus,21.0,1
donor_h0003589,08900,17,1,1,1.0,4.0,104000.0,100000_124999,1,nonfamily_living_alone,has_65_plus,17.0,1
donor_h0003590,08900,16,1,1,1.0,6.0,25600.0,25000_29999,1,nonfamily_not_living_alone,has_65_plus,16.0,1
donor_h0003591,08900,15,2,1,1.0,1.0,49000.0,45000_49999,1,married_couple,no_65_plus,15.0,2
donor_h0003592,08900,10,4,1,3.0,1.0,129000.0,125000_149999,3,married_couple,no_65_plus,10.0,4
donor_h0003593,08900,16,4,1,2.0,1.0,45000.0,45000_49999,2,married_couple,no_65_plus,16.0,4
donor_h0003594,08900,7,2,1,1.0,1.0,30700.0,30000_34999,1,married_couple,has_65_plus,7.0,2
donor_h0003595,08900,25,2,1,2.0,1.0,35960.0,35000_39999,2,married_couple,has_65_plus,25.0,2
donor_h0003596,08900,13,2,1,2.0,1.0,69300.0,60000_74999,2,married_couple,has_65_plus,13.0,2
donor_h0003597,08900,6,2,1,1.0,3.0,10800.0,10000_14999,1,other_female_householder,no_65_plus,6.0,2
donor_h0003598,08900,23,3,1,4.0,1.0,158500.0,150000_199999,4_plus,married_couple,no_65_plus,23.0,3
donor_h0003599,08900,34,4,1,3.0,1.0,58000.0,50000_59999,3,married_couple,no_65_plus,34.0,4
donor_h0003600,08900,7,1,1,1.0,4.0,242000.0,200000_plus,1,nonfamily_living_alone,no_65_plus,7.0,1
donor_h0003601,08900,11,2,1,2.0,2.0,77000.0,75000_99999,2,other_male_householder,has_65_plus,11.0,2
donor_h0003602,08900,21,2,1,4.0,1.0,131400.0,125000_149999,4_plus,married_couple,has_65_plus,21.0,2
donor_h0003603,08900,12,3,1,3.0,1.0,244780.0,200000_plus,3,married_couple,has_65_plus,12.0,3
donor_h0003604,08900,9,2,1,2.0,1.0,63800.0,60000_74999,2,married_couple,has_65_plus,9.0,2
donor_h0003605,08900,9,3,1,2.0,1.0,179200.0,150000_199999,2,married_couple,no_65_plus,9.0,3
donor_h0003606,08900,9,4,1,3.0,1.0,336000.0,200000_plus,3,married_couple,no_65_plus,9.0,4
donor_h0003607,08900,16,4,1,2.0,1.0,110000.0,100000_124999,2,married_couple,no_65_plus,16.0,4
donor_h0003608,08900,4,3,1,3.0,1.0,77260.0,75000_99999,3,married_couple,no_65_plus,4.0,3
donor_h0003609,08900,15,4,1,3.0,2.0,57900.0,50000_59999,3,other_male_householder,no_65_plus,15.0,4
donor_h0003610,08900,19,1,1,0.0,6.0,47200.0,45000_49999,0,nonfamily_not_living_alone,has_65_plus,19.0,1
donor_h0003611,08900,16,3,1,3.0,7.0,24000.0,20000_24999,3,nonfamily_not_living_alone,no_65_plus,16.0,3
donor_h0003612,08900,37,3,1,2.0,3.0,16800.0,15000_19999,2,other_female_householder,has_65_plus,37.0,3
donor_h0003613,08900,41,2,1,1.0,1.0,60000.0,60000_74999,1,married_couple,no_65_plus,41.0,2
donor_h0003614,08900,10,1,1,0.0,6.0,62000.0,60000_74999,0,nonfamily_not_living_alone,has_65_plus,10.0,1
donor_h0003615,08900,29,4,1,3.0,2.0,45400.0,45000_49999,3,other_male_householder,no_65_plus,29.0,4
donor_h0003616,08900,14,2,1,2.0,1.0,69600.0,60000_74999,2,married_couple,no_65_plus,14.0,2
donor_h0003617,08900,9,2,1,3.0,1.0,53800.0,50000_59999,3,married_couple,has_65_plus,9.0,2
donor_h0003618,08900,49,3,1,2.0,2.0,111000.0,100000_124999,2,other_male_householder,no_65_plus,49.0,3
donor_h0003619,08900,12,2,1,2.0,1.0,69600.0,60000_74999,2,married_couple,has_65_plus,12.0,2
donor_h0003620,08900,17,2,1,2.0,1.0,408000.0,200000_plus,2,married_couple,has_65_plus,17.0,2
donor_h0003621,08900,21,4,1,2.0,1.0,200000.0,200000_plus,2,married_couple,no_65_plus,21.0,4
donor_h0003622,08900,10,4,1,3.0,1.0,35300.0,35000_39999,3,married_couple,no_65_plus,10.0,4
donor_h0003623,08900,12,1,1,0.0,6.0,10600.0,10000_14999,0,nonfamily_not_living_alone,has_65_plus,12.0,1
donor_h0003624,08900,13,4,1,3.0,1.0,24000.0,20000_24999,3,married_couple,no_65_plus,13.0,4
donor_h0003625,08900,16,4,1,3.0,1.0,117000.0,100000_124999,3,married_couple,no_65_plus,16.0,4
donor_h0003626,08900,17,2,1,1.0,1.0,3400.0,lt_10000,1,married_couple,no_65_plus,17.0,2
donor_h0003627,08900,12,1,1,1.0,4.0,19000.0,15000_19999,1,nonfamily_living_alone,no_65_plus,12.0,1
donor_h0003628,08900,14,1,1,1.0,6.0,13000.0,10000_14999,1,nonfamily_not_living_alone,no_65_plus,14.0,1
donor_h0003629,08900,8,1,1,1.0,4.0,35300.0,35000_39999,1,nonfamily_living_alone,has_65_plus,8.0,1
donor_h0003630,08900,15,2,1,2.0,1.0,76300.0,75000_99999,2,married_couple,has_65_plus,15.0,2
donor_h0003631,08900,13,2,1,3.0,1.0,97500.0,75000_99999,3,married_couple,has_65_plus,13.0,2
donor_h0003632,08900,7,1,1,1.0,6.0,30300.0,30000_34999,1,nonfamily_not_living_alone,has_65_plus,7.0,1
donor_h0003633,08900,15,3,1,2.0,1.0,67400.0,60000_74999,2,married_couple,no_65_plus,15.0,3
donor_h0003634,08900,31,4,1,3.0,1.0,165000.0,150000_199999,3,married_couple,no_65_plus,31.0,4
donor_h0003635,08900,10,3,1,2.0,2.0,32600.0,30000_34999,2,other_male_householder,no_65_plus,10.0,3
donor_h0003636,08900,24,4,1,4.0,1.0,92000.0,75000_99999,4_plus,married_couple,no_65_plus,24.0,4
donor_h0003637,08900,24,2,1,2.0,1.0,18000.0,15000_19999,2,married_couple,no_65_plus,24.0,2
donor_h0003638,08900,21,1,1,2.0,6.0,25000.0,25000_29999,2,nonfamily_not_living_alone,no_65_plus,21.0,1
donor_h0003639,08900,23,2,1,2.0,1.0,27040.0,25000_29999,2,married_couple,has_65_plus,23.0,2
donor_h0003640,08900,7,2,1,3.0,1.0,142000.0,125000_149999,3,married_couple,no_65_plus,7.0,2
donor_h0003641,08900,10,2,1,1.0,1.0,31200.0,30000_34999,1,married_couple,has_65_plus,10.0,2
donor_h0003642,08900,9,2,1,2.0,1.0,92700.0,75000_99999,2,married_couple,has_65_plus,9.0,2
donor_h0003643,08900,11,2,1,3.0,1.0,48500.0,45000_49999,3,married_couple,has_65_plus,11.0,2
donor_h0003644,08900,13,3,1,3.0,1.0,127000.0,125000_149999,3,married_couple,no_65_plus,13.0,3
donor_h0003645,08900,12,4,1,2.0,1.0,30000.0,30000_34999,2,married_couple,no_65_plus,12.0,4
donor_h0003646,08900,24,2,1,3.0,1.0,138500.0,125000_149999,3,married_couple,no_65_plus,24.0,2
donor_h0003647,08900,6,2,1,2.0,2.0,52000.0,50000_59999,2,other_male_householder,no_65_plus,6.0,2
donor_h0003648,08900,11,2,1,2.0,1.0,128000.0,125000_149999,2,married_couple,no_65_plus,11.0,2
donor_h0003649,08900,6,1,1,1.0,6.0,12000.0,10000_14999,1,nonfamily_not_living_alone,has_65_plus,6.0,1
donor_h0003650,08900,8,1,1,1.0,6.0,68000.0,60000_74999,1,nonfamily_not_living_alone,has_65_plus,8.0,1
donor_h0003651,08900,12,3,1,6.0,1.0,268500.0,200000_plus,4_plus,married_couple,no_65_plus,12.0,3
donor_h0003652,08900,13,3,1,2.0,5.0,22200.0,20000_24999,2,nonfamily_living_alone,no_65_plus,13.0,3
donor_h0003653,08900,6,2,1,3.0,7.0,172000.0,150000_199999,3,nonfamily_not_living_alone,no_65_plus,6.0,2
donor_h0003654,08900,14,4,1,3.0,3.0,101100.0,100000_124999,3,other_female_householder,has_65_plus,14.0,4
donor_h0003655,08900,10,1,1,1.0,4.0,7800.0,lt_10000,1,nonfamily_living_alone,no_65_plus,10.0,1
donor_h0003656,08900,18,2,1,1.0,3.0,48900.0,45000_49999,1,other_female_householder,has_65_plus,18.0,2
donor_h0003657,08900,34,1,1,1.0,6.0,0.0,lt_10000,1,nonfamily_not_living_alone,has_65_plus,34.0,1
donor_h0003658,08900,33,3,1,3.0,1.0,109100.0,100000_124999,3,married_couple,no_65_plus,33.0,3
donor_h0003659,08900,16,3,1,3.0,1.0,102700.0,100000_124999,3,married_couple,no_65_plus,16.0,3
donor_h0003660,08900,11,4,1,4.0,1.0,52000.0,50000_59999,4_plus,married_couple,no_65_plus,11.0,4
donor_h0003661,08900,50,1,1,1.0,4.0,40000.0,40000_44999,1,nonfamily_living_alone,has_65_plus,50.0,1
donor_h0003662,08900,14,1,1,1.0,6.0,1300.0,lt_10000,1,nonfamily_not_living_alone,has_65_plus,14.0,1
donor_h0003663,08900,20,2,1,2.0,1.0,50000.0,50000_59999,2,married_couple,no_65_plus,20.0,2
donor_h0003664,08900,16,2,1,1.0,1.0,52100.0,50000_59999,1,married_couple,has_65_plus,16.0,2
donor_h0003665,08900,44,3,1,1.0,3.0,73300.0,60000_74999,1,other_female_householder,has_65_plus,44.0,3
donor_h0003666,08900,15,5,1,3.0,1.0,85000.0,75000_99999,3,married_couple,no_65_plus,15.0,5
donor_h0003667,08900,11,1,1,0.0,6.0,17100.0,15000_19999,0,nonfamily_not_living_alone,has_65_plus,11.0,1
donor_h0003668,08900,36,2,1,2.0,3.0,118000.0,100000_124999,2,other_female_householder,no_65_plus,36.0,2
donor_h0003669,08900,7,1,1,1.0,4.0,11000.0,10000_14999,1,nonfamily_living_alone,has_65_plus,7.0,1
donor_h0003670,08900,11,2,1,2.0,1.0,36100.0,35000_39999,2,married_couple,has_65_plus,11.0,2
donor_h0003671,08900,42,2,1,2.0,3.0,40600.0,40000_44999,2,other_female_householder,has_65_plus,42.0,2
donor_h0003672,08900,14,1,1,3.0,4.0,44020.0,40000_44999,3,nonfamily_living_alone,has_65_plus,14.0,1
donor_h0003673,08900,19,2,1,2.0,1.0,150500.0,150000_199999,2,married_couple,has_65_plus,19.0,2
donor_h0003674,08900,14,2,1,2.0,1.0,46200.0,45000_49999,2,married_couple,no_65_plus,14.0,2
donor_h0003675,08900,5,3,1,3.0,1.0,106600.0,100000_124999,3,married_couple,has_65_plus,5.0,3
donor_h0003676,08900,21,2,1,2.0,1.0,155000.0,150000_199999,2,married_couple,no_65_plus,21.0,2
donor_h0003677,08900,3,5,1,2.0,1.0,10500.0,10000_14999,2,married_couple,no_65_plus,3.0,5
donor_h0003678,08900,3,2,1,3.0,1.0,89000.0,75000_99999,3,married_couple,no_65_plus,3.0,2
donor_h0003679,08900,6,4,1,0.0,1.0,249000.0,200000_plus,0,married_couple,no_65_plus,6.0,4
donor_h0003680,08900,11,2,1,2.0,1.0,59000.0,50000_59999,2,married_couple,no_65_plus,11.0,2
donor_h0003681,08900,6,2,1,2.0,1.0,64000.0,60000_74999,2,married_couple,has_65_plus,6.0,2
donor_h0003682,08900,24,1,1,1.0,6.0,1600.0,lt_10000,1,nonfamily_not_living_alone,no_65_plus,24.0,1
donor_h0003683,08900,18,2,1,2.0,1.0,128600.0,125000_149999,2,married_couple,has_65_plus,18.0,2
donor_h0003684,08900,18,1,1,1.0,4.0,60000.0,60000_74999,1,nonfamily_living_alone,no_65_plus,18.0,1
donor_h0003685,08900,7,2,1,1.0,1.0,32750.0,30000_34999,1,married_couple,has_65_plus,7.0,2
donor_h0003686,08900,12,2,1,2.0,1.0,205250.0,200000_plus,2,married_couple,no_65_plus,12.0,2
donor_h0003687,08900,24,1,1,0.0,4.0,25000.0,25000_29999,0,nonfamily_living_alone,no_65_plus,24.0,1
donor_h0003688,08900,16,2,1,2.0,1.0,112600.0,100000_124999,2,married_couple,has_65_plus,16.0,2
donor_h0003689,08900,8,2,1,2.0,7.0,13900.0,10000_14999,2,nonfamily_not_living_alone,no_65_plus,8.0,2
donor_h0003690,08900,34,2,1,2.0,1.0,72900.0,60000_74999,2,married_couple,has_65_plus,34.0,2
donor_h0003691,08900,12,3,1,3.0,3.0,80300.0,75000_99999,3,other_female_householder,has_65_plus,12.0,3
donor_h0003692,08900,22,3,1,0.0,1.0,20600.0,20000_24999,0,married_couple,no_65_plus,22.0,3
donor_h0003693,08900,5,4,1,4.0,1.0,76800.0,75000_99999,4_plus,married_couple,has_65_plus,5.0,4
donor_h0003694,08900,14,2,1,2.0,1.0,54000.0,50000_59999,2,married_couple,has_65_plus,14.0,2
donor_h0003695,08900,16,5,1,1.0,3.0,29600.0,25000_29999,1,other_female_householder,no_65_plus,16.0,5
donor_h0003696,08900,15,2,1,2.0,1.0,43200.0,40000_44999,2,married_couple,has_65_plus,15.0,2
donor_h0003697,08900,47,1,1,1.0,4.0,15600.0,15000_19999,1,nonfamily_living_alone,has_65_plus,47.0,1
donor_h0003698,08900,7,2,1,2.0,1.0,50500.0,50000_59999,2,married_couple,has_65_plus,7.0,2
donor_h0003699,08900,7,1,1,1.0,6.0,16500.0,15000_19999,1,nonfamily_not_living_alone,no_65_plus,7.0,1
donor_h0003700,08900,12,1,1,2.0,6.0,12190.0,10000_14999,2,nonfamily_not_living_alone,no_65_plus,12.0,1
donor_h0003701,08900,10,2,1,2.0,1.0,29500.0,25000_29999,2,married_couple,has_65_plus,10.0,2
donor_h0003702,08900,16,2,1,3.0,1.0,125700.0,125000_149999,3,married_couple,has_65_plus,16.0,2
donor_h0003703,08900,14,6,1,3.0,3.0,52400.0,50000_59999,3,other_female_householder,no_65_plus,14.0,6
donor_h0003704,08900,15,3,1,1.0,1.0,149100.0,125000_149999,1,married_couple,no_65_plus,15.0,3
donor_h0003705,08900,5,1,1,3.0,6.0,36000.0,35000_39999,3,nonfamily_not_living_alone,has_65_plus,5.0,1
donor_h0003706,08900,10,1,1,1.0,4.0,26250.0,25000_29999,1,nonfamily_living_alone,has_65_plus,10.0,1
donor_h0003707,08900,14,1,1,1.0,6.0,95000.0,75000_99999,1,nonfamily_not_living_alone,has_65_plus,14.0,1
donor_h0003708,08900,12,2,1,2.0,1.0,114930.0,100000_124999,2,married_couple,has_65_plus,12.0,2
donor_h0003709,08900,9,1,1,1.0,6.0,50900.0,50000_59999,1,nonfamily_not_living_alone,has_65_plus,9.0,1
donor_h0003710,08900,15,3,1,3.0,7.0,68410.0,60000_74999,3,nonfamily_not_living_alone,no_65_plus,15.0,3
donor_h0003711,08900,4,2,1,6.0,1.0,120700.0,100000_124999,4_plus,married_couple,has_65_plus,4.0,2
donor_h0003712,08900,24,2,1,1.0,2.0,37100.0,35000_39999,1,other_male_householder,has_65_plus,24.0,2
donor_h0003713,08900,13,2,1,3.0,3.0,97300.0,75000_99999,3,other_female_householder,has_65_plus,13.0,2
donor_h0003714,08900,3,1,1,3.0,4.0,6600.0,lt_10000,3,nonfamily_living_alone,no_65_plus,3.0,1
donor_h0003715,08900,15,1,1,1.0,4.0,43400.0,40000_44999,1,nonfamily_living_alone,has_65_plus,15.0,1
donor_h0003716,08900,32,1,1,1.0,6.0,1900.0,lt_10000,1,nonfamily_not_living_alone,no_65_plus,32.0,1
donor_h0003717,08900,20,2,1,1.0,3.0,57000.0,50000_59999,1,other_female_householder,no_65_plus,20.0,2
donor_h0003718,08900,61,2,1,3.0,1.0,64000.0,60000_74999,3,married_couple,no_65_plus,61.0,2
donor_h0003719,08900,14,3,1,2.0,1.0,262500.0,200000_plus,2,married_couple,no_65_plus,14.0,3
donor_h0003720,08900,10,2,1,2.0,1.0,37400.0,35000_39999,2,married_couple,has_65_plus,10.0,2
donor_h0003721,08900,19,1,1,1.0,4.0,372000.0,200000_plus,1,nonfamily_living_alone,no_65_plus,19.0,1
donor_h0003722,08900,42,3,1,2.0,2.0,93800.0,75000_99999,2,other_male_householder,no_65_plus,42.0,3
donor_h0003723,08900,11,2,1,2.0,1.0,88000.0,75000_99999,2,married_couple,has_65_plus,11.0,2
donor_h0003724,08900,8,2,1,2.0,1.0,49900.0,45000_49999,2,married_couple,has_65_plus,8.0,2
donor_h0003725,08900,17,3,1,0.0,1.0,14400.0,10000_14999,0,married_couple,no_65_plus,17.0,3
donor_h0003726,08900,22,2,1,4.0,1.0,98700.0,75000_99999,4_plus,married_couple,has_65_plus,22.0,2
donor_h0003727,08900,11,1,1,0.0,4.0,5500.0,lt_10000,0,nonfamily_living_alone,no_65_plus,11.0,1
donor_h0003728,08900,13,5,1,3.0,1.0,34200.0,30000_34999,3,married_couple,no_65_plus,13.0,5
donor_h0003729,08900,3,1,1,1.0,6.0,23000.0,20000_24999,1,nonfamily_not_living_alone,no_65_plus,3.0,1
donor_h0003730,08900,17,2,1,1.0,3.0,29000.0,25000_29999,1,other_female_householder,has_65_plus,17.0,2
donor_h0003731,08900,10,2,1,2.0,1.0,150000.0,150000_199999,2,married_couple,no_65_plus,10.0,2
donor_h0003732,08900,13,4,1,3.0,1.0,84900.0,75000_99999,3,married_couple,no_65_plus,13.0,4
donor_h0003733,08900,19,2,1,1.0,3.0,40400.0,40000_44999,1,other_female_householder,has_65_plus,19.0,2
donor_h0003734,08900,22,1,1,1.0,6.0,11600.0,10000_14999,1,nonfamily_not_living_alone,has_65_plus,22.0,1
donor_h0003735,08900,9,2,1,2.0,2.0,27600.0,25000_29999,2,other_male_householder,has_65_plus,9.0,2
donor_h0003736,08900,15,1,1,1.0,6.0,14000.0,10000_14999,1,nonfamily_not_living_alone,no_65_plus,15.0,1
donor_h0003737,08900,2,3,1,2.0,2.0,57600.0,50000_59999,2,other_male_householder,has_65_plus,2.0,3
donor_h0003738,08900,26,1,1,1.0,4.0,99900.0,75000_99999,1,nonfamily_living_alone,has_65_plus,26.0,1
donor_h0003739,08900,12,1,1,1.0,4.0,66000.0,60000_74999,1,nonfamily_living_alone,no_65_plus,12.0,1
donor_h0003740,08900,13,1,1,2.0,4.0,24000.0,20000_24999,2,nonfamily_living_alone,no_65_plus,13.0,1
donor_h0003741,08900,9,2,1,2.0,1.0,151000.0,150000_199999,2,married_couple,no_65_plus,9.0,2
donor_h0003742,08900,29,7,1,4.0,3.0,114600.0,100000_124999,4_plus,other_female_householder,has_65_plus,29.0,7
donor_h0003743,08900,14,2,1,2.0,5.0,31000.0,30000_34999,2,nonfamily_living_alone,no_65_plus,14.0,2
donor_h0003744,08900,13,2,1,4.0,1.0,48100.0,45000_49999,4_plus,married_couple,no_65_plus,13.0,2
donor_h0003745,08900,14,1,1,3.0,4.0,54600.0,50000_59999,3,nonfamily_living_alone,has_65_plus,14.0,1
donor_h0003746,08900,19,2,1,1.0,1.0,39300.0,35000_39999,1,married_couple,has_65_plus,19.0,2
donor_h0003747,08900,5,2,1,3.0,5.0,101500.0,100000_124999,3,nonfamily_living_alone,no_65_plus,5.0,2
donor_h0003748,08900,9,1,1,2.0,4.0,47000.0,45000_49999,2,nonfamily_living_alone,no_65_plus,9.0,1
donor_h0003749,08900,37,3,1,1.0,3.0,21300.0,20000_24999,1,other_female_householder,no_65_plus,37.0,3
donor_h0003750,08900,20,4,1,1.0,1.0,18000.0,15000_19999,1,married_couple,no_65_plus,20.0,4
donor_h0003751,08900,13,3,1,0.0,1.0,10100.0,10000_14999,0,married_couple,has_65_plus,13.0,3
donor_h0003752,08900,17,2,1,4.0,1.0,54100.0,50000_59999,4_plus,married_couple,has_65_plus,17.0,2
donor_h0003753,08900,11,2,1,2.0,1.0,151400.0,150000_199999,2,married_couple,no_65_plus,11.0,2
donor_h0003754,08900,16,1,1,4.0,4.0,37700.0,35000_39999,4_plus,nonfamily_living_alone,has_65_plus,16.0,1
donor_h0003755,08900,15,1,1,2.0,4.0,1800.0,lt_10000,2,nonfamily_living_alone,no_65_plus,15.0,1
donor_h0003756,08900,16,7,1,3.0,1.0,162900.0,150000_199999,3,married_couple,has_65_plus,16.0,7
donor_h0003757,08900,15,2,1,1.0,3.0,24000.0,20000_24999,1,other_female_householder,has_65_plus,15.0,2
donor_h0003758,08900,15,2,1,1.0,1.0,18200.0,15000_19999,1,married_couple,has_65_plus,15.0,2
donor_h0003759,08900,17,3,1,3.0,3.0,94300.0,75000_99999,3,other_female_householder,has_65_plus,17.0,3
donor_h0003760,08900,30,3,1,1.0,2.0,115000.0,100000_124999,1,other_male_householder,no_65_plus,30.0,3
donor_h0003761,08900,20,1,1,1.0,6.0,13600.0,10000_14999,1,nonfamily_not_living_alone,no_65_plus,20.0,1
donor_h0003762,08900,20,5,1,3.0,3.0,65700.0,60000_74999,3,other_female_householder,has_65_plus,20.0,5
donor_h0003763,08900,19,1,1,2.0,6.0,11000.0,10000_14999,2,nonfamily_not_living_alone,has_65_plus,19.0,1
donor_h0003764,08900,22,2,1,1.0,1.0,16400.0,15000_19999,1,married_couple,has_65_plus,22.0,2
donor_h0003765,08900,11,2,1,3.0,1.0,9900.0,lt_10000,3,married_couple,has_65_plus,11.0,2
donor_h0003766,08900,4,2,1,0.0,1.0,136240.0,125000_149999,0,married_couple,no_65_plus,4.0,2
donor_h0003767,08900,25,5,1,2.0,1.0,40400.0,40000_44999,2,married_couple,no_65_plus,25.0,5
donor_h0003768,08900,20,2,1,3.0,1.0,47900.0,45000_49999,3,married_couple,has_65_plus,20.0,2
donor_h0003769,08900,4,2,1,4.0,1.0,148200.0,125000_149999,4_plus,married_couple,has_65_plus,4.0,2
donor_h0003770,08900,12,6,1,2.0,1.0,71900.0,60000_74999,2,married_couple,no_65_plus,12.0,6
donor_h0003771,08900,3,2,1,2.0,1.0,91400.0,75000_99999,2,married_couple,has_65_plus,3.0,2
donor_h0003772,08900,5,1,1,1.0,4.0,13000.0,10000_14999,1,nonfamily_living_alone,no_65_plus,5.0,1
donor_h0003773,08900,9,2,1,3.0,1.0,231200.0,200000_plus,3,married_couple,no_65_plus,9.0,2
donor_h0003774,08900,19,2,1,2.0,1.0,41900.0,40000_44999,2,married_couple,has_65_plus,19.0,2
donor_h0003775,08900,11,2,1,2.0,1.0,55300.0,50000_59999,2,married_couple,has_65_plus,11.0,2
donor_h0003776,08900,13,1,1,1.0,6.0,31400.0,30000_34999,1,nonfamily_not_living_alone,has_65_plus,13.0,1
donor_h0003777,08900,14,3,1,2.0,3.0,117300.0,100000_124999,2,other_female_householder,no_65_plus,14.0,3
donor_h0003778,08900,14,2,1,2.0,7.0,37000.0,35000_39999,2,nonfamily_not_living_alone,no_65_plus,14.0,2
donor_h0003779,08900,12,6,1,3.0,3.0,180100.0,150000_199999,3,other_female_householder,no_65_plus,12.0,6
donor_h0003780,08900,14,2,1,3.0,7.0,133800.0,125000_149999,3,nonfamily_not_living_alone,no_65_plus,14.0,2
donor_h0003781,08900,38,3,1,1.0,3.0,20000.0,20000_24999,1,other_female_householder,no_65_plus,38.0,3
donor_h0003782,08900,14,1,1,1.0,4.0,77500.0,75000_99999,1,nonfamily_living_alone,no_65_plus,14.0,1
donor_h0003783,08900,7,1,1,2.0,6.0,16500.0,15000_19999,2,nonfamily_not_living_alone,has_65_plus,7.0,1
donor_h0003784,08900,15,1,1,1.0,6.0,10900.0,10000_14999,1,nonfamily_not_living_alone,no_65_plus,15.0,1
donor_h0003785,08900,2,2,1,2.0,1.0,32800.0,30000_34999,2,married_couple,has_65_plus,2.0,2
donor_h0003786,08900,2,2,1,2.0,1.0,40500.0,40000_44999,2,married_couple,has_65_plus,2.0,2
donor_h0003787,08900,12,4,1,3.0,1.0,111000.0,100000_124999,3,married_couple,no_65_plus,12.0,4
donor_h0003788,08900,16,4,1,2.0,3.0,48400.0,45000_49999,2,other_female_householder,no_65_plus,16.0,4
donor_h0003789,08900,13,2,1,2.0,3.0,110000.0,100000_124999,2,other_female_householder,no_65_plus,13.0,2
donor_h0003790,08900,12,2,1,3.0,1.0,74500.0,60000_74999,3,married_couple,no_65_plus,12.0,2
donor_h0003791,08900,4,2,1,4.0,1.0,180300.0,150000_199999,4_plus,married_couple,has_65_plus,4.0,2
donor_h0003792,08900,14,1,1,1.0,6.0,44000.0,40000_44999,1,nonfamily_not_living_alone,has_65_plus,14.0,1
donor_h0003793,08900,18,5,1,4.0,5.0,49500.0,45000_49999,4_plus,nonfamily_living_alone,no_65_plus,18.0,5
donor_h0003794,08900,13,1,1,1.0,6.0,34400.0,30000_34999,1,nonfamily_not_living_alone,has_65_plus,13.0,1
donor_h0003795,08900,7,2,1,2.0,1.0,98200.0,75000_99999,2,married_couple,has_65_plus,7.0,2
donor_h0003796,08900,19,2,1,2.0,1.0,54500.0,50000_59999,2,married_couple,has_65_plus,19.0,2
donor_h0003797,08900,8,2,1,2.0,1.0,50000.0,50000_59999,2,married_couple,has_65_plus,8.0,2
donor_h0003798,08900,13,2,1,2.0,1.0,63000.0,60000_74999,2,married_couple,has_65_plus,13.0,2
donor_h0003799,08900,13,2,1,3.0,7.0,87700.0,75000_99999,3,nonfamily_not_living_alone,has_65_plus,13.0,2
donor_h0003800,08900,11,2,1,2.0,3.0,45000.0,45000_49999,2,other_female_householder,no_65_plus,11.0,2
donor_h0003801,08900,15,2,1,2.0,1.0,64300.0,60000_74999,2,married_couple,has_65_plus,15.0,2
donor_h0003802,08900,5,2,1,1.0,3.0,14100.0,10000_14999,1,other_female_householder,no_65_plus,5.0,2
donor_h0003803,08900,15,2,1,4.0,5.0,90600.0,75000_99999,4_plus,nonfamily_living_alone,no_65_plus,15.0,2
donor_h0003804,08900,13,2,1,5.0,1.0,134500.0,125000_149999,4_plus,married_couple,has_65_plus,13.0,2
donor_h0003805,08900,20,2,1,4.0,1.0,118500.0,100000_124999,4_plus,married_couple,no_65_plus,20.0,2
donor_h0003806,08900,11,2,1,1.0,1.0,24200.0,20000_24999,1,married_couple,no_65_plus,11.0,2
donor_h0003807,08900,20,3,1,2.0,1.0,30000.0,30000_34999,2,married_couple,no_65_plus,20.0,3
donor_h0003808,08900,27,2,1,2.0,1.0,110000.0,100000_124999,2,married_couple,no_65_plus,27.0,2
donor_h0003809,08900,15,2,1,3.0,1.0,265600.0,200000_plus,3,married_couple,no_65_plus,15.0,2
donor_h0003810,08900,18,6,1,6.0,1.0,203000.0,200000_plus,4_plus,married_couple,no_65_plus,18.0,6
donor_h0003811,08900,2,2,1,2.0,1.0,48200.0,45000_49999,2,married_couple,has_65_plus,2.0,2
donor_h0003812,08900,64,4,1,2.0,3.0,115700.0,100000_124999,2,other_female_householder,no_65_plus,64.0,4
donor_h0003813,08900,8,2,1,2.0,1.0,95000.0,75000_99999,2,married_couple,no_65_plus,8.0,2
donor_h0003814,08900,22,4,1,2.0,1.0,135000.0,125000_149999,2,married_couple,no_65_plus,22.0,4
donor_h0003815,08900,14,3,1,2.0,3.0,53000.0,50000_59999,2,other_female_householder,no_65_plus,14.0,3
donor_h0003816,08900,23,3,1,3.0,1.0,80000.0,75000_99999,3,married_couple,no_65_plus,23.0,3
donor_h0003817,08900,2,1,1,2.0,6.0,34500.0,30000_34999,2,nonfamily_not_living_alone,has_65_plus,2.0,1
donor_h0003818,08900,22,2,1,3.0,3.0,60200.0,60000_74999,3,other_female_householder,has_65_plus,22.0,2
donor_h0003819,08900,13,4,1,2.0,1.0,61000.0,60000_74999,2,married_couple,no_65_plus,13.0,4
donor_h0003820,08900,5,1,1,1.0,6.0,377200.0,200000_plus,1,nonfamily_not_living_alone,has_65_plus,5.0,1
donor_h0003821,08900,3,2,1,2.0,1.0,51900.0,50000_59999,2,married_couple,has_65_plus,3.0,2
donor_h0003822,08900,15,1,1,1.0,6.0,75100.0,75000_99999,1,nonfamily_not_living_alone,has_65_plus,15.0,1
donor_h0003823,08900,14,3,1,3.0,3.0,82000.0,75000_99999,3,other_female_householder,has_65_plus,14.0,3
donor_h0003824,08900,12,1,1,1.0,6.0,45000.0,45000_49999,1,nonfamily_not_living_alone,has_65_plus,12.0,1
donor_h0003825,08900,7,2,1,2.0,1.0,850.0,lt_10000,2,married_couple,has_65_plus,7.0,2
donor_h0003826,08900,14,3,1,2.0,2.0,65000.0,60000_74999,2,other_male_householder,no_65_plus,14.0,3
donor_h0003827,08900,37,2,1,1.0,1.0,91000.0,75000_99999,1,married_couple,has_65_plus,37.0,2
donor_h0003828,08900,28,2,1,3.0,1.0,126000.0,125000_149999,3,married_couple,no_65_plus,28.0,2
donor_h0003829,08900,11,2,1,2.0,1.0,60000.0,60000_74999,2,married_couple,no_65_plus,11.0,2
donor_h0003830,08900,15,8,1,2.0,1.0,75000.0,75000_99999,2,married_couple,no_65_plus,15.0,8
donor_h0003831,08900,46,2,1,2.0,2.0,130000.0,125000_149999,2,other_male_householder,has_65_plus,46.0,2
donor_h0003832,08900,13,2,1,3.0,1.0,26100.0,25000_29999,3,married_couple,no_65_plus,13.0,2
donor_h0003833,08900,17,2,1,3.0,1.0,33460.0,30000_34999,3,married_couple,has_65_plus,17.0,2
donor_h0003834,08900,22,2,1,2.0,1.0,126900.0,125000_149999,2,married_couple,no_65_plus,22.0,2
donor_h0003835,08900,11,2,1,2.0,1.0,136000.0,125000_149999,2,married_couple,no_65_plus,11.0,2
donor_h0003836,08900,8,3,1,3.0,1.0,130000.0,125000_149999,3,married_couple,no_65_plus,8.0,3
donor_h0003837,08900,9,2,1,1.0,5.0,940.0,lt_10000,1,nonfamily_living_alone,no_65_plus,9.0,2
donor_h0003838,08900,16,1,1,1.0,4.0,27000.0,25000_29999,1,nonfamily_living_alone,no_65_plus,16.0,1
donor_h0003839,08900,17,2,1,3.0,1.0,80800.0,75000_99999,3,married_couple,has_65_plus,17.0,2
donor_h0003840,08900,12,2,1,2.0,1.0,43000.0,40000_44999,2,married_couple,no_65_plus,12.0,2
donor_h0003841,08900,16,2,1,4.0,1.0,100000.0,100000_124999,4_plus,married_couple,no_65_plus,16.0,2
donor_h0003842,08900,2,2,1,3.0,1.0,65400.0,60000_74999,3,married_couple,has_65_plus,2.0,2
donor_h0003843,08900,11,1,1,1.0,6.0,24160.0,20000_24999,1,nonfamily_not_living_alone,has_65_plus,11.0,1
donor_h0003844,08900,11,1,1,1.0,6.0,9000.0,lt_10000,1,nonfamily_not_living_alone,no_65_plus,11.0,1
donor_h0003845,08900,61,4,1,2.0,3.0,51800.0,50000_59999,2,other_female_householder,has_65_plus,61.0,4
donor_h0003846,08900,17,1,1,2.0,4.0,40000.0,40000_44999,2,nonfamily_living_alone,no_65_plus,17.0,1
donor_h0003847,08900,14,1,1,1.0,6.0,10000.0,10000_14999,1,nonfamily_not_living_alone,no_65_plus,14.0,1
donor_h0003848,08900,13,1,1,0.0,4.0,29800.0,25000_29999,0,nonfamily_living_alone,no_65_plus,13.0,1
donor_h0003849,08900,10,2,1,2.0,1.0,61300.0,60000_74999,2,married_couple,has_65_plus,10.0,2
donor_h0003850,08900,4,1,1,1.0,6.0,18000.0,15000_19999,1,nonfamily_not_living_alone,has_65_plus,4.0,1
donor_h0003851,08900,15,2,1,3.0,5.0,104600.0,100000_124999,3,nonfamily_living_alone,has_65_plus,15.0,2
donor_h0003852,08900,15,4,1,2.0,1.0,127200.0,125000_149999,2,married_couple,has_65_plus,15.0,4
donor_h0003853,08900,12,2,1,2.0,1.0,128000.0,125000_149999,2,married_couple,has_65_plus,12.0,2
donor_h0003854,08900,39,1,1,2.0,4.0,10000.0,10000_14999,2,nonfamily_living_alone,no_65_plus,39.0,1
donor_h0003855,08900,10,6,1,2.0,3.0,44000.0,40000_44999,2,other_female_householder,no_65_plus,10.0,6
donor_h0003856,08900,12,2,1,2.0,1.0,86400.0,75000_99999,2,married_couple,has_65_plus,12.0,2
donor_h0003857,08900,12,1,1,1.0,6.0,19000.0,15000_19999,1,nonfamily_not_living_alone,no_65_plus,12.0,1
donor_h0003858,08900,45,2,1,3.0,2.0,5700.0,lt_10000,3,other_male_householder,no_65_plus,45.0,2
donor_h0003859,08900,6,2,1,3.0,1.0,63000.0,60000_74999,3,married_couple,no_65_plus,6.0,2
donor_h0003860,08900,13,2,1,3.0,2.0,74000.0,60000_74999,3,other_male_householder,no_65_plus,13.0,2
donor_h0003861,08900,3,7,1,2.0,1.0,218100.0,200000_plus,2,married_couple,has_65_plus,3.0,7
donor_h0003862,08900,38,3,1,2.0,3.0,98700.0,75000_99999,2,other_female_householder,no_65_plus,38.0,3
donor_h0003863,08900,18,2,1,3.0,1.0,128100.0,125000_149999,3,married_couple,no_65_plus,18.0,2
donor_h0003864,08900,13,1,1,1.0,6.0,109100.0,100000_124999,1,nonfamily_not_living_alone,has_65_plus,13.0,1
donor_h0003865,08900,14,2,1,2.0,1.0,93100.0,75000_99999,2,married_couple,has_65_plus,14.0,2
donor_h0003866,08900,3,2,1,1.0,1.0,28800.0,25000_29999,1,married_couple,no_65_plus,3.0,2
donor_h0003867,08900,11,2,1,1.0,1.0,29060.0,25000_29999,1,married_couple,has_65_plus,11.0,2
donor_h0003868,08900,44,4,1,2.0,1.0,30000.0,30000_34999,2,married_couple,no_65_plus,44.0,4
donor_h0003869,08900,9,6,1,6.0,2.0,144000.0,125000_149999,4_plus,other_male_householder,no_65_plus,9.0,6
donor_h0003870,08900,4,2,1,2.0,1.0,21500.0,20000_24999,2,married_couple,has_65_plus,4.0,2
donor_h0003871,08900,9,3,1,3.0,1.0,43000.0,40000_44999,3,married_couple,no_65_plus,9.0,3
donor_h0003872,08900,19,2,1,2.0,1.0,70000.0,60000_74999,2,married_couple,has_65_plus,19.0,2
donor_h0003873,08900,8,2,1,2.0,2.0,76000.0,75000_99999,2,other_male_householder,has_65_plus,8.0,2
donor_h0003874,08900,17,1,1,1.0,6.0,22000.0,20000_24999,1,nonfamily_not_living_alone,no_65_plus,17.0,1
donor_h0003875,08900,19,1,1,2.0,6.0,112000.0,100000_124999,2,nonfamily_not_living_alone,no_65_plus,19.0,1
donor_h0003876,08900,10,2,1,3.0,1.0,243800.0,200000_plus,3,married_couple,no_65_plus,10.0,2
donor_h0003877,08900,5,2,1,1.0,3.0,37600.0,35000_39999,1,other_female_householder,has_65_plus,5.0,2
donor_h0003878,08900,15,2,1,2.0,3.0,1500.0,lt_10000,2,other_female_householder,has_65_plus,15.0,2
donor_h0003879,08900,17,5,1,3.0,1.0,77000.0,75000_99999,3,married_couple,no_65_plus,17.0,5
donor_h0003880,08900,3,3,1,2.0,3.0,34000.0,30000_34999,2,other_female_householder,has_65_plus,3.0,3
donor_h0003881,08900,18,2,1,1.0,1.0,24000.0,20000_24999,1,married_couple,no_65_plus,18.0,2
donor_h0003882,08900,9,1,1,1.0,4.0,13000.0,10000_14999,1,nonfamily_living_alone,no_65_plus,9.0,1
donor_h0003883,08900,78,5,1,1.0,1.0,24000.0,20000_24999,1,married_couple,no_65_plus,78.0,5
donor_h0003884,08900,13,1,1,1.0,6.0,29800.0,25000_29999,1,nonfamily_not_living_alone,has_65_plus,13.0,1
donor_h0003885,08900,10,2,1,1.0,3.0,47600.0,45000_49999,1,other_female_householder,has_65_plus,10.0,2
donor_h0003886,08900,12,1,1,1.0,6.0,10800.0,10000_14999,1,nonfamily_not_living_alone,has_65_plus,12.0,1
donor_h0003887,08900,11,1,1,2.0,4.0,72500.0,60000_74999,2,nonfamily_living_alone,has_65_plus,11.0,1
donor_h0003888,08900,23,1,1,2.0,4.0,44000.0,40000_44999,2,nonfamily_living_alone,has_65_plus,23.0,1
donor_h0003889,08900,15,4,1,2.0,1.0,124000.0,100000_124999,2,married_couple,no_65_plus,15.0,4
donor_h0003890,08900,16,3,1,3.0,1.0,37400.0,35000_39999,3,married_couple,no_65_plus,16.0,3
donor_h0003891,08900,20,2,1,3.0,7.0,78000.0,75000_99999,3,nonfamily_not_living_alone,no_65_plus,20.0,2
donor_h0003892,08900,19,7,1,3.0,1.0,204800.0,200000_plus,3,married_couple,no_65_plus,19.0,7
donor_h0003893,08900,14,3,1,2.0,1.0,35000.0,35000_39999,2,married_couple,has_65_plus,14.0,3
donor_h0003894,08900,20,1,1,1.0,6.0,77600.0,75000_99999,1,nonfamily_not_living_alone,no_65_plus,20.0,1
donor_h0003895,08900,14,3,1,2.0,2.0,34000.0,30000_34999,2,other_male_householder,no_65_plus,14.0,3
donor_h0003896,08900,14,2,1,5.0,1.0,33000.0,30000_34999,4_plus,married_couple,has_65_plus,14.0,2
donor_h0003897,08900,13,2,1,2.0,1.0,169920.0,150000_199999,2,married_couple,has_65_plus,13.0,2
donor_h0003898,08900,5,2,1,3.0,5.0,55970.0,50000_59999,3,nonfamily_living_alone,has_65_plus,5.0,2
donor_h0003899,08900,14,3,1,3.0,1.0,75500.0,75000_99999,3,married_couple,has_65_plus,14.0,3
donor_h0003900,08900,11,2,1,1.0,5.0,70000.0,60000_74999,1,nonfamily_living_alone,no_65_plus,11.0,2
donor_h0003901,08900,6,2,1,2.0,3.0,107300.0,100000_124999,2,other_female_householder,has_65_plus,6.0,2
donor_h0003902,08900,50,5,1,2.0,1.0,104000.0,100000_124999,2,married_couple,no_65_plus,50.0,5
donor_h0003903,08900,28,2,1,1.0,2.0,14400.0,10000_14999,1,other_male_householder,has_65_plus,28.0,2
donor_h0003904,08900,34,2,1,2.0,3.0,31000.0,30000_34999,2,other_female_householder,no_65_plus,34.0,2
donor_h0003905,08900,20,2,1,1.0,3.0,48400.0,45000_49999,1,other_female_householder,has_65_plus,20.0,2
donor_h0003906,08900,28,2,1,5.0,1.0,94570.0,75000_99999,4_plus,married_couple,no_65_plus,28.0,2
donor_h0003907,08900,10,5,1,6.0,1.0,157600.0,150000_199999,4_plus,married_couple,no_65_plus,10.0,5
donor_h0003908,08900,11,5,1,2.0,1.0,283900.0,200000_plus,2,married_couple,no_65_plus,11.0,5
donor_h0003909,08900,41,3,1,2.0,2.0,32900.0,30000_34999,2,other_male_householder,no_65_plus,41.0,3
donor_h0003910,08900,19,3,1,4.0,3.0,59000.0,50000_59999,4_plus,other_female_householder,has_65_plus,19.0,3
donor_h0003911,08900,20,2,1,2.0,1.0,68000.0,60000_74999,2,married_couple,no_65_plus,20.0,2
donor_h0003912,08900,52,1,1,1.0,4.0,61000.0,60000_74999,1,nonfamily_living_alone,no_65_plus,52.0,1
donor_h0003913,08900,4,2,1,1.0,1.0,37980.0,35000_39999,1,married_couple,has_65_plus,4.0,2
donor_h0003914,08900,15,5,1,5.0,1.0,326800.0,200000_plus,4_plus,married_couple,no_65_plus,15.0,5
donor_h0003915,08900,9,2,1,3.0,1.0,85200.0,75000_99999,3,married_couple,no_65_plus,9.0,2
donor_h0003916,08900,15,3,1,1.0,3.0,42200.0,40000_44999,1,other_female_householder,no_65_plus,15.0,3
donor_h0003917,08900,20,1,1,1.0,6.0,40700.0,40000_44999,1,nonfamily_not_living_alone,has_65_plus,20.0,1
donor_h0003918,08900,13,2,1,2.0,1.0,61000.0,60000_74999,2,married_couple,no_65_plus,13.0,2
donor_h0003919,08900,18,2,1,2.0,1.0,82000.0,75000_99999,2,married_couple,no_65_plus,18.0,2
donor_h0003920,08900,14,1,1,0.0,4.0,44200.0,40000_44999,0,nonfamily_living_alone,no_65_plus,14.0,1
donor_h0003921,08900,15,2,1,2.0,1.0,5000.0,lt_10000,2,married_couple,no_65_plus,15.0,2
donor_h0003922,08900,11,1,1,3.0,4.0,25100.0,25000_29999,3,nonfamily_living_alone,has_65_plus,11.0,1
donor_h0003923,08900,9,2,1,2.0,1.0,210000.0,200000_plus,2,married_couple,has_65_plus,9.0,2
donor_h0003924,08900,16,2,1,3.0,1.0,73500.0,60000_74999,3,married_couple,has_65_plus,16.0,2
donor_h0003925,08900,4,2,1,3.0,1.0,40000.0,40000_44999,3,married_couple,no_65_plus,4.0,2
donor_h0003926,08900,22,2,1,2.0,2.0,2700.0,lt_10000,2,other_male_householder,no_65_plus,22.0,2
donor_h0003927,08900,56,1,1,1.0,4.0,20000.0,20000_24999,1,nonfamily_living_alone,no_65_plus,56.0,1
donor_h0003928,08900,16,3,1,1.0,2.0,21100.0,20000_24999,1,other_male_householder,no_65_plus,16.0,3
donor_h0003929,08900,51,1,1,1.0,6.0,0.0,lt_10000,1,nonfamily_not_living_alone,no_65_plus,51.0,1
donor_h0003930,08900,22,1,1,1.0,6.0,63000.0,60000_74999,1,nonfamily_not_living_alone,has_65_plus,22.0,1
donor_h0003931,08900,13,1,1,1.0,6.0,2400.0,lt_10000,1,nonfamily_not_living_alone,has_65_plus,13.0,1
donor_h0003932,08900,13,2,1,1.0,1.0,44600.0,40000_44999,1,married_couple,has_65_plus,13.0,2
donor_h0003933,08900,11,1,1,1.0,4.0,11800.0,10000_14999,1,nonfamily_living_alone,no_65_plus,11.0,1
donor_h0003934,08900,7,1,1,1.0,6.0,14400.0,10000_14999,1,nonfamily_not_living_alone,has_65_plus,7.0,1
donor_h0003935,08900,11,2,1,2.0,1.0,20200.0,20000_24999,2,married_couple,has_65_plus,11.0,2
donor_h0003936,08900,18,3,1,3.0,1.0,377600.0,200000_plus,3,married_couple,has_65_plus,18.0,3
donor_h0003937,08900,10,2,1,2.0,1.0,26000.0,25000_29999,2,married_couple,has_65_plus,10.0,2
donor_h0003938,08900,11,3,1,1.0,1.0,48000.0,45000_49999,1,married_couple,has_65_plus,11.0,3
donor_h0003939,08900,15,4,1,1.0,1.0,41000.0,40000_44999,1,married_couple,no_65_plus,15.0,4
donor_h0003940,08900,14,1,1,1.0,6.0,10500.0,10000_14999,1,nonfamily_not_living_alone,no_65_plus,14.0,1
donor_h0003941,08900,14,2,1,2.0,1.0,73700.0,60000_74999,2,married_couple,has_65_plus,14.0,2
donor_h0003942,08900,8,1,1,1.0,4.0,100.0,lt_10000,1,nonfamily_living_alone,no_65_plus,8.0,1
donor_h0003943,08900,21,2,1,2.0,1.0,29300.0,25000_29999,2,married_couple,has_65_plus,21.0,2
donor_h0003944,08900,16,1,1,1.0,4.0,59400.0,50000_59999,1,nonfamily_living_alone,has_65_plus,16.0,1
donor_h0003945,08900,11,1,1,1.0,6.0,27600.0,25000_29999,1,nonfamily_not_living_alone,has_65_plus,11.0,1
donor_h0003946,08900,10,5,1,3.0,1.0,95400.0,75000_99999,3,married_couple,no_65_plus,10.0,5
donor_h0003947,08900,6,4,1,1.0,1.0,85000.0,75000_99999,1,married_couple,no_65_plus,6.0,4
donor_h0003948,08900,58,4,1,1.0,1.0,25900.0,25000_29999,1,married_couple,no_65_plus,58.0,4
donor_h0003949,08900,15,1,1,1.0,6.0,50700.0,50000_59999,1,nonfamily_not_living_alone,has_65_plus,15.0,1
donor_h0003950,08900,28,2,1,3.0,1.0,115000.0,100000_124999,3,married_couple,no_65_plus,28.0,2
donor_h0003951,08900,10,2,1,2.0,1.0,38200.0,35000_39999,2,married_couple,has_65_plus,10.0,2
donor_h0003952,08900,18,1,1,1.0,6.0,8200.0,lt_10000,1,nonfamily_not_living_alone,has_65_plus,18.0,1
donor_h0003953,08900,11,2,1,0.0,3.0,63200.0,60000_74999,0,other_female_householder,no_65_plus,11.0,2
donor_h0003954,08900,15,2,1,2.0,1.0,240000.0,200000_plus,2,married_couple,no_65_plus,15.0,2
donor_h0003955,08900,24,4,1,2.0,3.0,190000.0,150000_199999,2,other_female_householder,no_65_plus,24.0,4
donor_h0003956,08900,12,1,1,1.0,4.0,1400.0,lt_10000,1,nonfamily_living_alone,no_65_plus,12.0,1
donor_h0003957,08900,14,5,1,5.0,1.0,131000.0,125000_149999,4_plus,married_couple,no_65_plus,14.0,5
donor_h0003958,08900,20,2,1,2.0,1.0,114400.0,100000_124999,2,married_couple,has_65_plus,20.0,2
donor_h0003959,08900,8,4,1,3.0,1.0,100000.0,100000_124999,3,married_couple,no_65_plus,8.0,4
donor_h0003960,08900,45,2,1,0.0,3.0,15700.0,15000_19999,0,other_female_householder,no_65_plus,45.0,2
donor_h0003961,08900,4,3,1,6.0,3.0,64750.0,60000_74999,4_plus,other_female_householder,has_65_plus,4.0,3
donor_h0003962,08900,19,5,1,2.0,3.0,12700.0,10000_14999,2,other_female_householder,no_65_plus,19.0,5
donor_h0003963,08900,13,2,1,3.0,1.0,138200.0,125000_149999,3,married_couple,no_65_plus,13.0,2
donor_h0003964,08900,33,2,1,1.0,3.0,11000.0,10000_14999,1,other_female_householder,no_65_plus,33.0,2
donor_h0003965,08900,35,2,1,2.0,1.0,64500.0,60000_74999,2,married_couple,no_65_plus,35.0,2
donor_h0003966,08900,7,1,1,2.0,6.0,51780.0,50000_59999,2,nonfamily_not_living_alone,has_65_plus,7.0,1
donor_h0003967,08900,31,4,1,6.0,1.0,146000.0,125000_149999,4_plus,married_couple,no_65_plus,31.0,4
donor_h0003968,08900,5,2,1,4.0,1.0,147800.0,125000_149999,4_plus,married_couple,has_65_plus,5.0,2
donor_h0003969,08900,4,1,1,1.0,6.0,15700.0,15000_19999,1,nonfamily_not_living_alone,has_65_plus,4.0,1
donor_h0003970,08900,12,1,1,1.0,6.0,70900.0,60000_74999,1,nonfamily_not_living_alone,no_65_plus,12.0,1
donor_h0003971,08900,11,1,1,1.0,4.0,13000.0,10000_14999,1,nonfamily_living_alone,has_65_plus,11.0,1
donor_h0003972,08900,40,4,1,2.0,1.0,190000.0,150000_199999,2,married_couple,no_65_plus,40.0,4
donor_h0003973,08900,3,2,1,4.0,1.0,58700.0,50000_59999,4_plus,married_couple,has_65_plus,3.0,2
donor_h0003974,08900,26,2,1,2.0,7.0,40300.0,40000_44999,2,nonfamily_not_living_alone,no_65_plus,26.0,2
donor_h0003975,08900,19,1,1,1.0,6.0,74300.0,60000_74999,1,nonfamily_not_living_alone,has_65_plus,19.0,1
donor_h0003976,08900,17,2,1,2.0,1.0,76000.0,75000_99999,2,married_couple,no_65_plus,17.0,2
donor_h0003977,08900,8,4,1,2.0,1.0,61000.0,60000_74999,2,married_couple,no_65_plus,8.0,4
donor_h0003978,08900,9,2,1,2.0,1.0,101000.0,100000_124999,2,married_couple,no_65_plus,9.0,2
donor_h0003979,08900,6,2,1,1.0,5.0,36900.0,35000_39999,1,nonfamily_living_alone,no_65_plus,6.0,2
donor_h0003980,08900,16,1,1,1.0,4.0,11100.0,10000_14999,1,nonfamily_living_alone,has_65_plus,16.0,1
donor_h0003981,08900,15,1,1,1.0,6.0,47200.0,45000_49999,1,nonfamily_not_living_alone,no_65_plus,15.0,1
donor_h0003982,08900,2,2,1,1.0,1.0,43700.0,40000_44999,1,married_couple,has_65_plus,2.0,2
donor_h0003983,08900,15,2,1,2.0,1.0,23300.0,20000_24999,2,married_couple,has_65_plus,15.0,2
donor_h0003984,08900,31,5,1,1.0,1.0,0.0,lt_10000,1,married_couple,no_65_plus,31.0,5
donor_h0003985,08900,10,4,1,5.0,1.0,132000.0,125000_149999,4_plus,married_couple,no_65_plus,10.0,4
donor_h0003986,08900,9,2,1,2.0,1.0,71010.0,60000_74999,2,married_couple,no_65_plus,9.0,2
donor_h0003987,08900,18,5,1,2.0,1.0,120000.0,100000_124999,2,married_couple,no_65_plus,18.0,5
donor_h0003988,08900,12,3,1,3.0,3.0,53600.0,50000_59999,3,other_female_householder,no_65_plus,12.0,3
donor_h0003989,08900,6,1,1,4.0,4.0,60000.0,60000_74999,4_plus,nonfamily_living_alone,no_65_plus,6.0,1
donor_h0003990,08900,14,2,1,2.0,1.0,109500.0,100000_124999,2,married_couple,no_65_plus,14.0,2
donor_h0003991,08900,14,1,1,1.0,6.0,22400.0,20000_24999,1,nonfamily_not_living_alone,has_65_plus,14.0,1
donor_h0003992,08900,28,2,1,2.0,1.0,100000.0,100000_124999,2,married_couple,no_65_plus,28.0,2
donor_h0003993,08900,37,1,1,1.0,4.0,9600.0,lt_10000,1,nonfamily_living_alone,has_65_plus,37.0,1
donor_h0003994,08900,4,1,1,1.0,6.0,25100.0,25000_29999,1,nonfamily_not_living_alone,has_65_plus,4.0,1
donor_h0003995,08900,18,4,1,3.0,3.0,156000.0,150000_199999,3,other_female_householder,has_65_plus,18.0,4
donor_h0003996,08900,12,2,1,3.0,1.0,99600.0,75000_99999,3,married_couple,no_65_plus,12.0,2
donor_h0003997,08900,8,2,1,3.0,1.0,56900.0,50000_59999,3,married_couple,has_65_plus,8.0,2
donor_h0003998,08900,11,1,1,1.0,6.0,17400.0,15000_19999,1,nonfamily_not_living_alone,has_65_plus,11.0,1
donor_h0003999,08900,37,6,1,2.0,1.0,68200.0,60000_74999,2,married_couple,no_65_plus,37.0,6
donor_h0004000,08900,24,5,1,2.0,1.0,43000.0,40000_44999,2,married_couple,no_65_plus,24.0,5
donor_h0004001,08900,16,3,1,1.0,1.0,180000.0,150000_199999,1,married_couple,has_65_plus,16.0,3
donor_h0004002,08900,41,2,1,1.0,3.0,55000.0,50000_59999,1,other_female_householder,no_65_plus,41.0,2
donor_h0004003,08900,9,1,1,0.0,6.0,14300.0,10000_14999,0,nonfamily_not_living_alone,has_65_plus,9.0,1
donor_h0004004,08900,7,1,1,1.0,6.0,69000.0,60000_74999,1,nonfamily_not_living_alone,has_65_plus,7.0,1
donor_h0004005,08900,5,2,1,2.0,1.0,52100.0,50000_59999,2,married_couple,has_65_plus,5.0,2
donor_h0004006,08900,7,2,1,4.0,1.0,64300.0,60000_74999,4_plus,married_couple,has_65_plus,7.0,2
donor_h0004007,08900,6,1,1,2.0,6.0,119500.0,100000_124999,2,nonfamily_not_living_alone,has_65_plus,6.0,1
donor_h0004008,08900,11,1,1,0.0,6.0,10700.0,10000_14999,0,nonfamily_not_living_alone,no_65_plus,11.0,1
donor_h0004009,08900,23,2,1,3.0,1.0,96000.0,75000_99999,3,married_couple,no_65_plus,23.0,2
donor_h0004010,08900,9,5,1,3.0,1.0,42900.0,40000_44999,3,married_couple,has_65_plus,9.0,5
donor_h0004011,08900,15,1,1,1.0,6.0,39200.0,35000_39999,1,nonfamily_not_living_alone,has_65_plus,15.0,1
donor_h0004012,08900,22,4,1,2.0,2.0,69600.0,60000_74999,2,other_male_householder,no_65_plus,22.0,4
donor_h0004013,08900,14,2,1,0.0,1.0,172000.0,150000_199999,0,married_couple,no_65_plus,14.0,2
donor_h0004014,08900,8,1,1,3.0,6.0,51600.0,50000_59999,3,nonfamily_not_living_alone,no_65_plus,8.0,1
donor_h0004015,08900,14,3,1,3.0,1.0,74000.0,60000_74999,3,married_couple,no_65_plus,14.0,3
donor_h0004016,08900,13,1,1,0.0,6.0,31400.0,30000_34999,0,nonfamily_not_living_alone,has_65_plus,13.0,1
donor_h0004017,08900,8,6,1,2.0,1.0,237900.0,200000_plus,2,married_couple,has_65_plus,8.0,6
donor_h0004018,08900,4,4,1,2.0,1.0,60000.0,60000_74999,2,married_couple,no_65_plus,4.0,4
donor_h0004019,08900,13,1,1,1.0,6.0,84000.0,75000_99999,1,nonfamily_not_living_alone,no_65_plus,13.0,1
donor_h0004020,08900,13,2,1,2.0,1.0,87400.0,75000_99999,2,married_couple,no_65_plus,13.0,2
donor_h0004021,08900,14,2,1,1.0,5.0,50000.0,50000_59999,1,nonfamily_living_alone,no_65_plus,14.0,2
donor_h0004022,08900,17,3,1,2.0,1.0,90400.0,75000_99999,2,married_couple,no_65_plus,17.0,3
donor_h0004023,08900,15,1,1,1.0,6.0,95700.0,75000_99999,1,nonfamily_not_living_alone,no_65_plus,15.0,1
donor_h0004024,08900,17,3,1,3.0,1.0,34000.0,30000_34999,3,married_couple,no_65_plus,17.0,3
donor_h0004025,08900,18,2,1,1.0,2.0,114000.0,100000_124999,1,other_male_householder,no_65_plus,18.0,2
donor_h0004026,08900,41,1,1,0.0,6.0,2400.0,lt_10000,0,nonfamily_not_living_alone,no_65_plus,41.0,1
donor_h0004027,08900,8,1,1,2.0,4.0,33100.0,30000_34999,2,nonfamily_living_alone,has_65_plus,8.0,1
donor_h0004028,08900,13,1,1,2.0,4.0,1800.0,lt_10000,2,nonfamily_living_alone,no_65_plus,13.0,1
donor_h0004029,08900,23,4,1,2.0,1.0,58500.0,50000_59999,2,married_couple,no_65_plus,23.0,4
donor_h0004030,08900,13,2,1,1.0,3.0,50000.0,50000_59999,1,other_female_householder,no_65_plus,13.0,2
donor_h0004031,08900,24,2,1,3.0,1.0,173000.0,150000_199999,3,married_couple,no_65_plus,24.0,2
donor_h0004032,08900,14,2,1,2.0,2.0,16700.0,15000_19999,2,other_male_householder,no_65_plus,14.0,2
donor_h0004033,08900,13,2,1,2.0,7.0,122000.0,100000_124999,2,nonfamily_not_living_alone,no_65_plus,13.0,2
donor_h0004034,08900,10,4,1,5.0,1.0,92500.0,75000_99999,4_plus,married_couple,has_65_plus,10.0,4
donor_h0004035,08900,12,1,1,2.0,6.0,77800.0,75000_99999,2,nonfamily_not_living_alone,no_65_plus,12.0,1
donor_h0004036,08900,8,4,1,2.0,1.0,40000.0,40000_44999,2,married_couple,no_65_plus,8.0,4
donor_h0004037,08900,13,3,1,2.0,1.0,98800.0,75000_99999,2,married_couple,no_65_plus,13.0,3
donor_h0004038,08900,11,3,1,3.0,1.0,60000.0,60000_74999,3,married_couple,no_65_plus,11.0,3
donor_h0004039,08900,16,4,1,2.0,1.0,98500.0,75000_99999,2,married_couple,has_65_plus,16.0,4
donor_h0004040,08900,14,1,1,2.0,4.0,11400.0,10000_14999,2,nonfamily_living_alone,has_65_plus,14.0,1
donor_h0004041,08900,14,2,1,2.0,7.0,192000.0,150000_199999,2,nonfamily_not_living_alone,no_65_plus,14.0,2
donor_h0004042,08900,36,2,1,1.0,2.0,75000.0,75000_99999,1,other_male_householder,no_65_plus,36.0,2
donor_h0004043,08900,8,2,1,1.0,1.0,44100.0,40000_44999,1,married_couple,has_65_plus,8.0,2
donor_h0004044,08900,30,4,1,2.0,1.0,62000.0,60000_74999,2,married_couple,no_65_plus,30.0,4
donor_h0004045,08900,2,2,1,2.0,1.0,73500.0,60000_74999,2,married_couple,has_65_plus,2.0,2
donor_h0004046,08900,5,4,1,3.0,1.0,131900.0,125000_149999,3,married_couple,has_65_plus,5.0,4
donor_h0004047,08900,4,2,1,2.0,1.0,63000.0,60000_74999,2,married_couple,no_65_plus,4.0,2
donor_h0004048,08900,36,3,1,0.0,1.0,41400.0,40000_44999,0,married_couple,no_65_plus,36.0,3
donor_h0004049,08900,16,2,1,2.0,1.0,235800.0,200000_plus,2,married_couple,no_65_plus,16.0,2
donor_h0004050,08900,2,2,1,0.0,1.0,32700.0,30000_34999,0,married_couple,has_65_plus,2.0,2
donor_h0004051,08900,13,3,1,3.0,1.0,103040.0,100000_124999,3,married_couple,no_65_plus,13.0,3
donor_h0004052,08900,12,1,1,1.0,6.0,1300.0,lt_10000,1,nonfamily_not_living_alone,has_65_plus,12.0,1
donor_h0004053,08900,4,5,1,3.0,1.0,182200.0,150000_199999,3,married_couple,no_65_plus,4.0,5
donor_h0004054,08900,20,2,1,3.0,1.0,114000.0,100000_124999,3,married_couple,no_65_plus,20.0,2
donor_h0004055,08900,16,4,1,4.0,3.0,76900.0,75000_99999,4_plus,other_female_householder,has_65_plus,16.0,4
donor_h0004056,08900,15,2,1,2.0,1.0,26000.0,25000_29999,2,married_couple,has_65_plus,15.0,2
donor_h0004057,08900,16,1,1,1.0,4.0,23400.0,20000_24999,1,nonfamily_living_alone,has_65_plus,16.0,1
donor_h0004058,08900,25,5,1,3.0,1.0,60000.0,60000_74999,3,married_couple,no_65_plus,25.0,5
donor_h0004059,08900,17,2,1,2.0,1.0,31700.0,30000_34999,2,married_couple,has_65_plus,17.0,2
donor_h0004060,08900,8,2,1,5.0,1.0,201000.0,200000_plus,4_plus,married_couple,has_65_plus,8.0,2
donor_h0004061,08900,11,4,1,3.0,1.0,109900.0,100000_124999,3,married_couple,no_65_plus,11.0,4
donor_h0004062,08900,8,4,1,2.0,1.0,50000.0,50000_59999,2,married_couple,no_65_plus,8.0,4
donor_h0004063,08900,13,2,1,3.0,1.0,51400.0,50000_59999,3,married_couple,has_65_plus,13.0,2
donor_h0004064,08900,3,2,1,1.0,2.0,4200.0,lt_10000,1,other_male_householder,has_65_plus,3.0,2
donor_h0004065,08900,10,1,1,1.0,4.0,33000.0,30000_34999,1,nonfamily_living_alone,has_65_plus,10.0,1
donor_h0004066,08900,7,2,1,2.0,1.0,46700.0,45000_49999,2,married_couple,has_65_plus,7.0,2
donor_h0004067,08900,12,1,1,1.0,4.0,26200.0,25000_29999,1,nonfamily_living_alone,has_65_plus,12.0,1
donor_h0004068,08900,8,1,1,2.0,6.0,23900.0,20000_24999,2,nonfamily_not_living_alone,no_65_plus,8.0,1
donor_h0004069,08900,48,4,1,2.0,1.0,71000.0,60000_74999,2,married_couple,no_65_plus,48.0,4
donor_h0004070,08900,16,5,1,2.0,1.0,118400.0,100000_124999,2,married_couple,no_65_plus,16.0,5
donor_h0004071,08900,34,3,1,3.0,2.0,143800.0,125000_149999,3,other_male_householder,no_65_plus,34.0,3
donor_h0004072,08900,7,3,1,3.0,1.0,172000.0,150000_199999,3,married_couple,no_65_plus,7.0,3
donor_h0004073,08900,7,4,1,2.0,1.0,65000.0,60000_74999,2,married_couple,no_65_plus,7.0,4
donor_h0004074,08900,31,1,1,1.0,4.0,53000.0,50000_59999,1,nonfamily_living_alone,no_65_plus,31.0,1
donor_h0004075,08900,13,2,1,2.0,1.0,44600.0,40000_44999,2,married_couple,has_65_plus,13.0,2
donor_h0004076,08900,12,5,1,2.0,1.0,75000.0,75000_99999,2,married_couple,no_65_plus,12.0,5
donor_h0004077,08900,18,1,1,0.0,4.0,18700.0,15000_19999,0,nonfamily_living_alone,has_65_plus,18.0,1
donor_h0004078,08900,18,1,1,0.0,6.0,9700.0,lt_10000,0,nonfamily_not_living_alone,no_65_plus,18.0,1
donor_h0004079,08900,12,2,1,6.0,1.0,28900.0,25000_29999,4_plus,married_couple,has_65_plus,12.0,2
donor_h0004080,08900,5,2,1,3.0,1.0,70300.0,60000_74999,3,married_couple,has_65_plus,5.0,2
donor_h0004081,08900,18,7,1,5.0,1.0,214600.0,200000_plus,4_plus,married_couple,no_65_plus,18.0,7
donor_h0004082,08900,12,3,1,1.0,1.0,31570.0,30000_34999,1,married_couple,has_65_plus,12.0,3
donor_h0004083,08900,2,1,1,1.0,6.0,14000.0,10000_14999,1,nonfamily_not_living_alone,no_65_plus,2.0,1
donor_h0004084,08900,8,1,1,1.0,6.0,21200.0,20000_24999,1,nonfamily_not_living_alone,has_65_plus,8.0,1
donor_h0004085,08900,7,1,1,1.0,4.0,16900.0,15000_19999,1,nonfamily_living_alone,has_65_plus,7.0,1
donor_h0004086,08900,4,2,1,4.0,1.0,118600.0,100000_124999,4_plus,married_couple,has_65_plus,4.0,2
donor_h0004087,08900,14,2,1,2.0,1.0,38700.0,35000_39999,2,married_couple,has_65_plus,14.0,2
donor_h0004088,08900,3,1,1,1.0,4.0,22000.0,20000_24999,1,nonfamily_living_alone,has_65_plus,3.0,1
donor_h0004089,08900,12,2,1,2.0,5.0,32100.0,30000_34999,2,nonfamily_living_alone,has_65_plus,12.0,2
donor_h0004090,08900,13,2,1,2.0,1.0,235000.0,200000_plus,2,married_couple,no_65_plus,13.0,2
donor_h0004091,08900,18,2,1,3.0,1.0,49000.0,45000_49999,3,married_couple,has_65_plus,18.0,2
donor_h0004092,08900,19,1,1,1.0,6.0,0.0,lt_10000,1,nonfamily_not_living_alone,no_65_plus,19.0,1
donor_h0004093,08900,16,1,1,2.0,6.0,39500.0,35000_39999,2,nonfamily_not_living_alone,no_65_plus,16.0,1
donor_h0004094,08900,7,1,1,2.0,6.0,93400.0,75000_99999,2,nonfamily_not_living_alone,has_65_plus,7.0,1
donor_h0004095,08900,5,2,1,2.0,1.0,49100.0,45000_49999,2,married_couple,has_65_plus,5.0,2
donor_h0004096,08900,12,1,1,1.0,6.0,50000.0,50000_59999,1,nonfamily_not_living_alone,has_65_plus,12.0,1
donor_h0004097,08900,14,2,1,2.0,1.0,3200.0,lt_10000,2,married_couple,no_65_plus,14.0,2
donor_h0004098,08900,14,3,1,5.0,1.0,183000.0,150000_199999,4_plus,married_couple,no_65_plus,14.0,3
donor_h0004099,08900,11,2,1,2.0,1.0,33800.0,30000_34999,2,married_couple,has_65_plus,11.0,2
donor_h0004100,08900,5,2,1,3.0,1.0,57600.0,50000_59999,3,married_couple,has_65_plus,5.0,2
donor_h0004101,08900,8,2,1,3.0,1.0,121200.0,100000_124999,3,married_couple,has_65_plus,8.0,2
donor_h0004102,08900,6,1,1,2.0,6.0,17700.0,15000_19999,2,nonfamily_not_living_alone,no_65_plus,6.0,1
donor_h0004103,08900,18,2,1,3.0,1.0,39000.0,35000_39999,3,married_couple,has_65_plus,18.0,2
donor_h0004104,08900,16,1,1,2.0,6.0,50.0,lt_10000,2,nonfamily_not_living_alone,no_65_plus,16.0,1
donor_h0004105,08900,20,4,1,5.0,1.0,57600.0,50000_59999,4_plus,married_couple,has_65_plus,20.0,4
donor_h0004106,08900,12,2,1,2.0,1.0,36400.0,35000_39999,2,married_couple,has_65_plus,12.0,2
donor_h0004107,08900,12,1,1,2.0,6.0,20000.0,20000_24999,2,nonfamily_not_living_alone,has_65_plus,12.0,1
donor_h0004108,08900,12,1,1,2.0,6.0,105100.0,100000_124999,2,nonfamily_not_living_alone,no_65_plus,12.0,1
donor_h0004109,08900,15,3,1,0.0,3.0,76100.0,75000_99999,0,other_female_householder,has_65_plus,15.0,3
donor_h0004110,08900,25,3,1,1.0,3.0,50440.0,50000_59999,1,other_female_householder,no_65_plus,25.0,3
donor_h0004111,08900,17,2,1,2.0,1.0,117200.0,100000_124999,2,married_couple,has_65_plus,17.0,2
donor_h0004112,08900,14,1,1,2.0,4.0,72000.0,60000_74999,2,nonfamily_living_alone,has_65_plus,14.0,1
donor_h0004113,08900,15,2,1,1.0,1.0,164000.0,150000_199999,1,married_couple,has_65_plus,15.0,2
donor_h0004114,08900,12,2,1,2.0,1.0,128000.0,125000_149999,2,married_couple,no_65_plus,12.0,2
donor_h0004115,08900,7,2,1,1.0,7.0,83800.0,75000_99999,1,nonfamily_not_living_alone,no_65_plus,7.0,2
donor_h0004116,08900,23,5,1,1.0,1.0,62400.0,60000_74999,1,married_couple,no_65_plus,23.0,5
donor_h0004117,08900,13,3,1,3.0,1.0,55700.0,50000_59999,3,married_couple,has_65_plus,13.0,3
donor_h0004118,08900,18,2,1,2.0,7.0,108600.0,100000_124999,2,nonfamily_not_living_alone,has_65_plus,18.0,2
donor_h0004119,08900,24,4,1,4.0,1.0,133500.0,125000_149999,4_plus,married_couple,no_65_plus,24.0,4
donor_h0004120,08900,11,1,1,2.0,4.0,63000.0,60000_74999,2,nonfamily_living_alone,no_65_plus,11.0,1
donor_h0004121,08900,5,1,1,1.0,6.0,19220.0,15000_19999,1,nonfamily_not_living_alone,has_65_plus,5.0,1
donor_h0004122,08900,8,1,1,1.0,6.0,52100.0,50000_59999,1,nonfamily_not_living_alone,has_65_plus,8.0,1
donor_h0004123,08900,11,1,1,1.0,4.0,22000.0,20000_24999,1,nonfamily_living_alone,has_65_plus,11.0,1
donor_h0004124,08900,5,2,1,4.0,1.0,125000.0,125000_149999,4_plus,married_couple,no_65_plus,5.0,2
donor_h0004125,08900,14,3,1,2.0,1.0,38000.0,35000_39999,2,married_couple,has_65_plus,14.0,3
donor_h0004126,08900,16,1,1,2.0,4.0,19100.0,15000_19999,2,nonfamily_living_alone,has_65_plus,16.0,1
donor_h0004127,08900,14,1,1,1.0,6.0,24700.0,20000_24999,1,nonfamily_not_living_alone,has_65_plus,14.0,1
donor_h0004128,08900,34,2,1,2.0,5.0,135000.0,125000_149999,2,nonfamily_living_alone,no_65_plus,34.0,2
donor_h0004129,08900,19,2,1,0.0,7.0,21600.0,20000_24999,0,nonfamily_not_living_alone,has_65_plus,19.0,2
donor_h0004130,08900,16,2,1,4.0,1.0,110500.0,100000_124999,4_plus,married_couple,has_65_plus,16.0,2
donor_h0004131,08900,9,1,1,1.0,6.0,43600.0,40000_44999,1,nonfamily_not_living_alone,no_65_plus,9.0,1
donor_h0004132,08900,81,2,1,1.0,1.0,127000.0,125000_149999,1,married_couple,no_65_plus,81.0,2
donor_h0004133,08900,16,4,1,3.0,3.0,111100.0,100000_124999,3,other_female_householder,no_65_plus,16.0,4
donor_h0004134,08900,4,2,1,3.0,1.0,103740.0,100000_124999,3,married_couple,no_65_plus,4.0,2
donor_h0004135,08900,18,1,1,1.0,4.0,0.0,lt_10000,1,nonfamily_living_alone,no_65_plus,18.0,1
donor_h0004136,08900,16,3,1,3.0,1.0,63000.0,60000_74999,3,married_couple,no_65_plus,16.0,3
donor_h0004137,08900,5,4,1,6.0,1.0,184600.0,150000_199999,4_plus,married_couple,has_65_plus,5.0,4
donor_h0004138,08900,13,2,1,2.0,1.0,245000.0,200000_plus,2,married_couple,no_65_plus,13.0,2
donor_h0004139,08900,8,4,1,3.0,3.0,43270.0,40000_44999,3,other_female_householder,no_65_plus,8.0,4
donor_h0004140,08900,25,3,1,5.0,1.0,128000.0,125000_149999,4_plus,married_couple,has_65_plus,25.0,3
donor_h0004141,08900,3,4,1,3.0,1.0,266800.0,200000_plus,3,married_couple,no_65_plus,3.0,4
donor_h0004142,08900,15,2,1,3.0,3.0,20500.0,20000_24999,3,other_female_householder,no_65_plus,15.0,2
donor_h0004143,08900,19,2,1,3.0,1.0,283000.0,200000_plus,3,married_couple,no_65_plus,19.0,2
donor_h0004144,08900,18,1,1,1.0,6.0,11200.0,10000_14999,1,nonfamily_not_living_alone,has_65_plus,18.0,1
donor_h0004145,08900,41,4,1,1.0,3.0,65600.0,60000_74999,1,other_female_householder,no_65_plus,41.0,4
donor_h0004146,08900,12,1,1,1.0,6.0,7500.0,lt_10000,1,nonfamily_not_living_alone,has_65_plus,12.0,1
donor_h0004147,08900,11,2,1,1.0,1.0,36020.0,35000_39999,1,married_couple,has_65_plus,11.0,2
donor_h0004148,08900,14,3,1,2.0,3.0,64500.0,60000_74999,2,other_female_householder,has_65_plus,14.0,3
donor_h0004149,08900,13,1,1,1.0,6.0,12400.0,10000_14999,1,nonfamily_not_living_alone,no_65_plus,13.0,1
donor_h0004150,08900,20,3,1,4.0,1.0,61200.0,60000_74999,4_plus,married_couple,has_65_plus,20.0,3
donor_h0004151,08900,18,1,1,0.0,4.0,25000.0,25000_29999,0,nonfamily_living_alone,has_65_plus,18.0,1
donor_h0004152,08900,15,6,1,6.0,1.0,201400.0,200000_plus,4_plus,married_couple,no_65_plus,15.0,6
donor_h0004153,08900,20,2,1,1.0,7.0,142800.0,125000_149999,1,nonfamily_not_living_alone,has_65_plus,20.0,2
donor_h0004154,08900,16,2,1,2.0,3.0,31000.0,30000_34999,2,other_female_householder,no_65_plus,16.0,2
donor_h0004155,08900,50,3,1,2.0,3.0,83700.0,75000_99999,2,other_female_householder,no_65_plus,50.0,3
donor_h0004156,08900,60,1,1,1.0,6.0,62600.0,60000_74999,1,nonfamily_not_living_alone,has_65_plus,60.0,1
donor_h0004157,08900,27,4,1,0.0,1.0,114000.0,100000_124999,0,married_couple,no_65_plus,27.0,4
donor_h0004158,08900,13,2,1,1.0,3.0,29100.0,25000_29999,1,other_female_householder,no_65_plus,13.0,2
donor_h0004159,08900,6,2,1,4.0,1.0,194300.0,150000_199999,4_plus,married_couple,no_65_plus,6.0,2
donor_h0004160,08900,11,1,1,1.0,6.0,13300.0,10000_14999,1,nonfamily_not_living_alone,no_65_plus,11.0,1
donor_h0004161,08900,24,3,1,1.0,1.0,32000.0,30000_34999,1,married_couple,no_65_plus,24.0,3
donor_h0004162,08900,11,2,1,3.0,1.0,73600.0,60000_74999,3,married_couple,has_65_plus,11.0,2
donor_h0004163,08900,24,4,1,4.0,1.0,38000.0,35000_39999,4_plus,married_couple,no_65_plus,24.0,4
donor_h0004164,08900,21,3,1,5.0,2.0,23000.0,20000_24999,4_plus,other_male_householder,no_65_plus,21.0,3
donor_h0004165,08900,8,2,1,3.0,1.0,166970.0,150000_199999,3,married_couple,no_65_plus,8.0,2
donor_h0004166,08900,73,1,1,0.0,4.0,29200.0,25000_29999,0,nonfamily_living_alone,no_65_plus,73.0,1
donor_h0004167,08900,64,2,1,2.0,1.0,18200.0,15000_19999,2,married_couple,no_65_plus,64.0,2
donor_h0004168,08900,12,1,1,1.0,6.0,443000.0,200000_plus,1,nonfamily_not_living_alone,no_65_plus,12.0,1
donor_h0004169,08900,8,5,1,2.0,1.0,197200.0,150000_199999,2,married_couple,has_65_plus,8.0,5
donor_h0004170,08900,14,2,1,2.0,7.0,67800.0,60000_74999,2,nonfamily_not_living_alone,has_65_plus,14.0,2
donor_h0004171,08900,71,1,1,0.0,4.0,1000.0,lt_10000,0,nonfamily_living_alone,no_65_plus,71.0,1
donor_h0004172,08900,6,2,1,3.0,1.0,0.0,lt_10000,3,married_couple,no_65_plus,6.0,2
donor_h0004173,08900,16,5,1,1.0,5.0,113000.0,100000_124999,1,nonfamily_living_alone,no_65_plus,16.0,5
donor_h0004174,08900,7,4,1,4.0,1.0,131600.0,125000_149999,4_plus,married_couple,has_65_plus,7.0,4
donor_h0004175,08900,34,1,1,1.0,4.0,32000.0,30000_34999,1,nonfamily_living_alone,no_65_plus,34.0,1
donor_h0004176,08900,13,4,1,2.0,1.0,75000.0,75000_99999,2,married_couple,no_65_plus,13.0,4
donor_h0004177,08900,34,3,1,4.0,1.0,228600.0,200000_plus,4_plus,married_couple,has_65_plus,34.0,3
donor_h0004178,08900,12,5,1,6.0,1.0,289900.0,200000_plus,4_plus,married_couple,no_65_plus,12.0,5
donor_h0004179,08900,4,1,1,1.0,4.0,12700.0,10000_14999,1,nonfamily_living_alone,has_65_plus,4.0,1
donor_h0004180,08900,23,2,1,2.0,1.0,15000.0,15000_19999,2,married_couple,no_65_plus,23.0,2
donor_h0004181,08900,20,1,1,1.0,4.0,25000.0,25000_29999,1,nonfamily_living_alone,has_65_plus,20.0,1
donor_h0004182,08900,9,2,1,4.0,1.0,61000.0,60000_74999,4_plus,married_couple,has_65_plus,9.0,2
donor_h0004183,08900,15,2,1,2.0,1.0,115000.0,100000_124999,2,married_couple,no_65_plus,15.0,2
donor_h0004184,08900,17,2,1,2.0,3.0,15000.0,15000_19999,2,other_female_householder,no_65_plus,17.0,2
donor_h0004185,08900,14,3,1,3.0,1.0,46100.0,45000_49999,3,married_couple,has_65_plus,14.0,3
donor_h0004186,08900,34,2,1,2.0,3.0,116500.0,100000_124999,2,other_female_householder,has_65_plus,34.0,2
donor_h0004187,08900,5,1,1,1.0,4.0,17100.0,15000_19999,1,nonfamily_living_alone,no_65_plus,5.0,1
donor_h0004188,08900,7,1,1,1.0,6.0,25000.0,25000_29999,1,nonfamily_not_living_alone,no_65_plus,7.0,1
donor_h0004189,08900,39,3,1,2.0,1.0,62000.0,60000_74999,2,married_couple,no_65_plus,39.0,3
donor_h0004190,08900,2,1,1,3.0,4.0,20700.0,20000_24999,3,nonfamily_living_alone,has_65_plus,2.0,1
donor_h0004191,08900,8,2,1,1.0,1.0,23200.0,20000_24999,1,married_couple,has_65_plus,8.0,2
donor_h0004192,08900,24,3,1,1.0,3.0,6500.0,lt_10000,1,other_female_householder,no_65_plus,24.0,3
donor_h0004193,08900,4,4,1,1.0,1.0,102200.0,100000_124999,1,married_couple,no_65_plus,4.0,4
donor_h0004194,08900,20,4,1,0.0,7.0,10700.0,10000_14999,0,nonfamily_not_living_alone,no_65_plus,20.0,4
donor_h0004195,08900,76,2,1,2.0,3.0,27000.0,25000_29999,2,other_female_householder,no_65_plus,76.0,2
donor_h0004196,08900,27,4,1,2.0,1.0,160000.0,150000_199999,2,married_couple,no_65_plus,27.0,4
donor_h0004197,08900,9,3,1,1.0,5.0,23700.0,20000_24999,1,nonfamily_living_alone,no_65_plus,9.0,3
donor_h0004198,08900,45,2,1,1.0,3.0,150000.0,150000_199999,1,other_female_householder,no_65_plus,45.0,2
donor_h0004199,08900,17,4,1,2.0,3.0,6200.0,lt_10000,2,other_female_householder,no_65_plus,17.0,4
donor_h0004200,08900,15,1,1,2.0,4.0,35000.0,35000_39999,2,nonfamily_living_alone,no_65_plus,15.0,1
donor_h0004201,08900,19,1,1,2.0,4.0,72000.0,60000_74999,2,nonfamily_living_alone,no_65_plus,19.0,1
donor_h0004202,08900,7,1,1,1.0,4.0,300000.0,200000_plus,1,nonfamily_living_alone,no_65_plus,7.0,1
donor_h0004203,08900,13,4,1,3.0,1.0,28100.0,25000_29999,3,married_couple,no_65_plus,13.0,4
donor_h0004204,08900,18,5,1,2.0,1.0,100000.0,100000_124999,2,married_couple,no_65_plus,18.0,5
donor_h0004205,08900,5,4,1,3.0,1.0,145000.0,125000_149999,3,married_couple,no_65_plus,5.0,4
donor_h0004206,08900,8,2,1,2.0,1.0,91800.0,75000_99999,2,married_couple,has_65_plus,8.0,2
donor_h0004207,08900,8,3,1,2.0,5.0,1000.0,lt_10000,2,nonfamily_living_alone,no_65_plus,8.0,3
donor_h0004208,08900,11,1,1,2.0,4.0,4000.0,lt_10000,2,nonfamily_living_alone,no_65_plus,11.0,1
donor_h0004209,08900,14,1,1,1.0,6.0,65000.0,60000_74999,1,nonfamily_not_living_alone,no_65_plus,14.0,1
donor_h0004210,08900,10,2,1,3.0,1.0,37200.0,35000_39999,3,married_couple,has_65_plus,10.0,2
donor_h0004211,08900,6,2,1,0.0,2.0,26000.0,25000_29999,0,other_male_householder,no_65_plus,6.0,2
donor_h0004212,08900,13,2,1,2.0,1.0,86200.0,75000_99999,2,married_couple,has_65_plus,13.0,2
donor_h0004213,08900,8,1,1,2.0,4.0,72300.0,60000_74999,2,nonfamily_living_alone,has_65_plus,8.0,1
donor_h0004214,08900,12,2,1,2.0,7.0,12000.0,10000_14999,2,nonfamily_not_living_alone,no_65_plus,12.0,2
donor_h0004215,08900,17,1,1,1.0,4.0,16400.0,15000_19999,1,nonfamily_living_alone,has_65_plus,17.0,1
donor_h0004216,08900,12,5,1,4.0,1.0,149000.0,125000_149999,4_plus,married_couple,no_65_plus,12.0,5
donor_h0004217,08900,43,3,1,2.0,1.0,46100.0,45000_49999,2,married_couple,has_65_plus,43.0,3
donor_h0004218,08900,5,4,1,2.0,1.0,175700.0,150000_199999,2,married_couple,no_65_plus,5.0,4
donor_h0004219,08900,9,2,1,2.0,1.0,47400.0,45000_49999,2,married_couple,has_65_plus,9.0,2
donor_h0004220,08900,15,3,1,2.0,7.0,155900.0,150000_199999,2,nonfamily_not_living_alone,no_65_plus,15.0,3
donor_h0004221,08900,27,7,1,2.0,1.0,35700.0,35000_39999,2,married_couple,has_65_plus,27.0,7
donor_h0004222,08900,11,1,1,1.0,4.0,30000.0,30000_34999,1,nonfamily_living_alone,has_65_plus,11.0,1
donor_h0004223,08900,5,2,1,1.0,1.0,122800.0,100000_124999,1,married_couple,has_65_plus,5.0,2
donor_h0004224,08900,9,3,1,2.0,3.0,31900.0,30000_34999,2,other_female_householder,no_65_plus,9.0,3
donor_h0004225,08900,11,2,1,3.0,1.0,147700.0,125000_149999,3,married_couple,has_65_plus,11.0,2
donor_h0004226,08900,9,2,1,1.0,3.0,11000.0,10000_14999,1,other_female_householder,no_65_plus,9.0,2
donor_h0004227,08900,18,3,1,2.0,3.0,102900.0,100000_124999,2,other_female_householder,no_65_plus,18.0,3
donor_h0004228,08900,11,2,1,1.0,3.0,47800.0,45000_49999,1,other_female_householder,has_65_plus,11.0,2
donor_h0004229,08900,16,2,1,2.0,1.0,13640.0,10000_14999,2,married_couple,no_65_plus,16.0,2
donor_h0004230,08900,14,3,1,3.0,2.0,75000.0,75000_99999,3,other_male_householder,no_65_plus,14.0,3
donor_h0004231,08900,8,3,1,3.0,1.0,182000.0,150000_199999,3,married_couple,no_65_plus,8.0,3
donor_h0004232,08900,13,2,1,2.0,1.0,65500.0,60000_74999,2,married_couple,no_65_plus,13.0,2
donor_h0004233,08900,38,3,1,1.0,3.0,7600.0,lt_10000,1,other_female_householder,no_65_plus,38.0,3
donor_h0004234,08900,56,1,1,0.0,6.0,0.0,lt_10000,0,nonfamily_not_living_alone,has_65_plus,56.0,1
donor_h0004235,08900,12,2,1,3.0,1.0,166000.0,150000_199999,3,married_couple,no_65_plus,12.0,2
donor_h0004236,08900,16,1,1,1.0,6.0,116200.0,100000_124999,1,nonfamily_not_living_alone,has_65_plus,16.0,1
donor_h0004237,08900,5,1,1,4.0,6.0,15700.0,15000_19999,4_plus,nonfamily_not_living_alone,has_65_plus,5.0,1
donor_h0004238,08900,13,3,1,2.0,3.0,44000.0,40000_44999,2,other_female_householder,no_65_plus,13.0,3
donor_h0004239,08900,19,2,1,2.0,1.0,30600.0,30000_34999,2,married_couple,no_65_plus,19.0,2
donor_h0004240,08900,8,3,1,2.0,3.0,83800.0,75000_99999,2,other_female_householder,has_65_plus,8.0,3
donor_h0004241,08900,11,2,1,2.0,1.0,409800.0,200000_plus,2,married_couple,no_65_plus,11.0,2
donor_h0004242,08900,23,1,1,1.0,4.0,45000.0,45000_49999,1,nonfamily_living_alone,no_65_plus,23.0,1
donor_h0004243,08900,12,2,1,2.0,1.0,0.0,lt_10000,2,married_couple,no_65_plus,12.0,2
donor_h0004244,08900,8,3,1,3.0,1.0,253000.0,200000_plus,3,married_couple,no_65_plus,8.0,3
donor_h0004245,08900,4,2,1,3.0,1.0,98550.0,75000_99999,3,married_couple,has_65_plus,4.0,2
donor_h0004246,08900,4,1,1,1.0,6.0,87800.0,75000_99999,1,nonfamily_not_living_alone,no_65_plus,4.0,1
donor_h0004247,08900,11,5,1,2.0,1.0,130000.0,125000_149999,2,married_couple,no_65_plus,11.0,5
donor_h0004248,08900,22,3,1,2.0,1.0,71400.0,60000_74999,2,married_couple,no_65_plus,22.0,3
donor_h0004249,08900,5,1,1,0.0,6.0,31800.0,30000_34999,0,nonfamily_not_living_alone,has_65_plus,5.0,1
donor_h0004250,08900,14,2,1,2.0,1.0,188300.0,150000_199999,2,married_couple,no_65_plus,14.0,2
donor_h0004251,08900,11,1,1,0.0,6.0,21200.0,20000_24999,0,nonfamily_not_living_alone,has_65_plus,11.0,1
donor_h0004252,08900,5,5,1,6.0,1.0,155100.0,150000_199999,4_plus,married_couple,no_65_plus,5.0,5
donor_h0004253,08900,22,2,1,2.0,1.0,36000.0,35000_39999,2,married_couple,no_65_plus,22.0,2
donor_h0004254,08900,12,1,1,1.0,6.0,79000.0,75000_99999,1,nonfamily_not_living_alone,no_65_plus,12.0,1
donor_h0004255,08900,8,2,1,1.0,1.0,164000.0,150000_199999,1,married_couple,has_65_plus,8.0,2
donor_h0004256,08900,15,2,1,2.0,1.0,99500.0,75000_99999,2,married_couple,no_65_plus,15.0,2
donor_h0004257,08900,14,4,1,2.0,1.0,28300.0,25000_29999,2,married_couple,no_65_plus,14.0,4
donor_h0004258,08900,25,2,1,1.0,1.0,34500.0,30000_34999,1,married_couple,has_65_plus,25.0,2
donor_h0004259,08900,11,1,1,1.0,4.0,44000.0,40000_44999,1,nonfamily_living_alone,has_65_plus,11.0,1
donor_h0004260,08900,12,2,1,2.0,7.0,21000.0,20000_24999,2,nonfamily_not_living_alone,has_65_plus,12.0,2
donor_h0004261,08900,8,2,1,1.0,7.0,60680.0,60000_74999,1,nonfamily_not_living_alone,no_65_plus,8.0,2
donor_h0004262,08900,27,1,1,0.0,6.0,54000.0,50000_59999,0,nonfamily_not_living_alone,no_65_plus,27.0,1
donor_h0004263,08900,8,3,1,2.0,3.0,69100.0,60000_74999,2,other_female_householder,no_65_plus,8.0,3
donor_h0004264,08900,8,3,1,6.0,1.0,173020.0,150000_199999,4_plus,married_couple,no_65_plus,8.0,3
donor_h0004265,08900,19,4,1,2.0,1.0,42150.0,40000_44999,2,married_couple,no_65_plus,19.0,4
donor_h0004266,08900,22,3,1,1.0,3.0,79000.0,75000_99999,1,other_female_householder,no_65_plus,22.0,3
donor_h0004267,08900,6,1,1,2.0,4.0,7000.0,lt_10000,2,nonfamily_living_alone,no_65_plus,6.0,1
donor_h0004268,08900,7,2,1,2.0,1.0,91000.0,75000_99999,2,married_couple,no_65_plus,7.0,2
donor_h0004269,08900,12,2,1,1.0,1.0,58800.0,50000_59999,1,married_couple,no_65_plus,12.0,2
donor_h0004270,08900,12,3,1,3.0,1.0,101000.0,100000_124999,3,married_couple,no_65_plus,12.0,3
donor_h0004271,08900,11,1,1,1.0,6.0,18000.0,15000_19999,1,nonfamily_not_living_alone,no_65_plus,11.0,1
donor_h0004272,08900,11,3,1,3.0,3.0,42000.0,40000_44999,3,other_female_householder,no_65_plus,11.0,3
donor_h0004273,08900,9,2,1,4.0,2.0,131400.0,125000_149999,4_plus,other_male_householder,has_65_plus,9.0,2
donor_h0004274,08900,5,6,1,3.0,1.0,200000.0,200000_plus,3,married_couple,no_65_plus,5.0,6
donor_h0004275,08900,20,2,1,1.0,1.0,35900.0,35000_39999,1,married_couple,has_65_plus,20.0,2
donor_h0004276,08900,19,1,1,1.0,6.0,18000.0,15000_19999,1,nonfamily_not_living_alone,has_65_plus,19.0,1
donor_h0004277,08900,16,4,1,2.0,1.0,35700.0,35000_39999,2,married_couple,no_65_plus,16.0,4
donor_h0004278,08900,20,2,1,0.0,1.0,70000.0,60000_74999,0,married_couple,no_65_plus,20.0,2
donor_h0004279,08900,20,2,1,3.0,5.0,114000.0,100000_124999,3,nonfamily_living_alone,has_65_plus,20.0,2
donor_h0004280,08900,16,4,1,2.0,1.0,159200.0,150000_199999,2,married_couple,no_65_plus,16.0,4
donor_h0004281,08900,11,1,1,1.0,6.0,6600.0,lt_10000,1,nonfamily_not_living_alone,has_65_plus,11.0,1
donor_h0004282,08900,13,2,1,1.0,3.0,16300.0,15000_19999,1,other_female_householder,no_65_plus,13.0,2
donor_h0004283,08900,19,2,1,2.0,1.0,160000.0,150000_199999,2,married_couple,no_65_plus,19.0,2
donor_h0004284,08900,18,2,1,4.0,1.0,67600.0,60000_74999,4_plus,married_couple,no_65_plus,18.0,2
donor_h0004285,08900,13,3,1,2.0,1.0,178000.0,150000_199999,2,married_couple,no_65_plus,13.0,3
donor_h0004286,08900,22,2,1,4.0,1.0,60300.0,60000_74999,4_plus,married_couple,has_65_plus,22.0,2
donor_h0004287,08900,58,5,1,1.0,1.0,8500.0,lt_10000,1,married_couple,no_65_plus,58.0,5
donor_h0004288,08900,13,2,1,3.0,1.0,112900.0,100000_124999,3,married_couple,has_65_plus,13.0,2
donor_h0004289,08900,8,2,1,1.0,7.0,14400.0,10000_14999,1,nonfamily_not_living_alone,no_65_plus,8.0,2
donor_h0004290,08900,30,7,1,3.0,1.0,164120.0,150000_199999,3,married_couple,no_65_plus,30.0,7
donor_h0004291,08900,20,5,1,4.0,1.0,172000.0,150000_199999,4_plus,married_couple,no_65_plus,20.0,5
donor_h0004292,08900,17,4,1,3.0,1.0,80000.0,75000_99999,3,married_couple,no_65_plus,17.0,4
donor_h0004293,08900,14,4,1,2.0,1.0,61000.0,60000_74999,2,married_couple,no_65_plus,14.0,4
donor_h0004294,08900,16,1,1,1.0,6.0,28000.0,25000_29999,1,nonfamily_not_living_alone,has_65_plus,16.0,1
donor_h0004295,08900,15,5,1,2.0,1.0,81100.0,75000_99999,2,married_couple,no_65_plus,15.0,5
donor_h0004296,08900,11,1,1,1.0,4.0,3100.0,lt_10000,1,nonfamily_living_alone,no_65_plus,11.0,1
donor_h0004297,08900,29,2,1,0.0,3.0,16000.0,15000_19999,0,other_female_householder,has_65_plus,29.0,2
donor_h0004298,08900,12,2,1,3.0,1.0,45100.0,45000_49999,3,married_couple,no_65_plus,12.0,2
donor_h0004299,08900,2,2,1,2.0,1.0,100000.0,100000_124999,2,married_couple,has_65_plus,2.0,2
donor_h0004300,08900,32,3,1,1.0,2.0,34100.0,30000_34999,1,other_male_householder,has_65_plus,32.0,3
donor_h0004301,08900,3,5,1,2.0,1.0,50000.0,50000_59999,2,married_couple,no_65_plus,3.0,5
donor_h0004302,08900,53,3,1,3.0,1.0,63000.0,60000_74999,3,married_couple,no_65_plus,53.0,3
donor_h0004303,08900,8,3,1,4.0,2.0,58000.0,50000_59999,4_plus,other_male_householder,has_65_plus,8.0,3
donor_h0004304,08900,7,1,1,1.0,6.0,20200.0,20000_24999,1,nonfamily_not_living_alone,has_65_plus,7.0,1
donor_h0004305,08900,11,5,1,3.0,1.0,58400.0,50000_59999,3,married_couple,no_65_plus,11.0,5
donor_h0004306,08900,14,2,1,2.0,1.0,358000.0,200000_plus,2,married_couple,no_65_plus,14.0,2
donor_h0004307,08900,13,1,1,3.0,6.0,20000.0,20000_24999,3,nonfamily_not_living_alone,no_65_plus,13.0,1
donor_h0004308,08900,61,4,1,3.0,7.0,117400.0,100000_124999,3,nonfamily_not_living_alone,no_65_plus,61.0,4
donor_h0004309,08900,11,1,1,1.0,6.0,108400.0,100000_124999,1,nonfamily_not_living_alone,has_65_plus,11.0,1
donor_h0004310,08900,11,2,1,2.0,1.0,83900.0,75000_99999,2,married_couple,no_65_plus,11.0,2
donor_h0004311,08900,13,1,1,2.0,4.0,44600.0,40000_44999,2,nonfamily_living_alone,has_65_plus,13.0,1
donor_h0004312,08900,17,3,1,2.0,3.0,60000.0,60000_74999,2,other_female_householder,no_65_plus,17.0,3
donor_h0004313,08900,18,2,1,3.0,7.0,94200.0,75000_99999,3,nonfamily_not_living_alone,has_65_plus,18.0,2
donor_h0004314,08900,27,4,1,0.0,2.0,53000.0,50000_59999,0,other_male_householder,no_65_plus,27.0,4
donor_h0004315,08900,11,1,1,2.0,4.0,60000.0,60000_74999,2,nonfamily_living_alone,no_65_plus,11.0,1
donor_h0004316,08900,15,4,1,3.0,1.0,91700.0,75000_99999,3,married_couple,no_65_plus,15.0,4
donor_h0004317,08900,13,2,1,4.0,7.0,105000.0,100000_124999,4_plus,nonfamily_not_living_alone,no_65_plus,13.0,2
